sample_id,country,original_group_id,date_mean_bp,observed_fraction,dim1,dim2,dim3
Kou01.SG,Greece,Greece_Koufonisi_Cycladic_EBA.SG,4250.0,0.8861277103424072,1.907013352374901,-0.46696099931807145,2.212179871349102
Kou03.SG,Greece,Greece_Koufonisi_Cycladic_EBA.SG,4250.0,0.907782018184662,1.8917620697262398,-0.4892871242587299,2.1770668088464755
cay004.SG,Turkey,Turkey_Southeast_Cayonu_PPN.SG,8396.0,0.0712214708328247,1.4422714069953226,-0.6106790903965708,0.9415242109233538
cay007.SG,Turkey,Turkey_Southeast_Cayonu_PPN.SG,9375.0,0.3812960684299469,1.4347976056562755,-0.5611402636825892,0.9384288916168273
cay008.SG,Turkey,Turkey_Southeast_Cayonu_PPN.SG,8641.0,0.0792489647865295,1.4540424075336114,-0.6068724605185644,0.9485135757887956
cay013.SG,Turkey,Turkey_Southeast_Cayonu_PPN.SG,8591.0,0.1320845782756805,1.4592214249935642,-0.5880408745753269,0.9719000619363632
AV1.AG,Hungary,Hungary_Avar_5.AG,1360.0,0.6938337087631226,1.6830077699655126,0.05630049171621192,-1.112367911673986
AV2.AG,Hungary,Hungary_Avar_5_daughter.or.mother.AV1.AG,1348.0,0.6670691967010498,1.6651217439911412,0.049601599112433455,-1.1080731479164818
CL102.AG,Italy,Italy_North_EarlyMedieval_Langobards_o1.AG,1345.0,0.3576199114322662,-0.08983514574817272,-0.7333901479321827,0.41020641878034886
CL121.AG,Italy,Italy_North_EarlyMedieval_Langobards_o3.AG,1345.0,0.7398089170455933,-0.022692375093593457,-0.7404518535539834,0.3921902891548187
CL145.AG,Italy,Italy_North_EarlyMedieval_Langobards_1_brother.CL146_son.CL151.AG,1345.0,0.7130444049835205,-0.10533171561888624,-0.7328908365574,0.388298314117504
CL146.AG,Italy,Italy_North_EarlyMedieval_Langobards_1.AG,1345.0,0.7226817607879639,-0.12129911231030664,-0.7247208866482453,0.38462750392604694
CL151.AG,Italy,Italy_North_EarlyMedieval_Langobards_1_mother.CL145_mother.CL146.AG,1345.0,0.6262732148170471,-0.10077470703076796,-0.7219883987983875,0.4007986485032954
CL23.AG,Italy,Italy_North_EarlyMedieval_Langobards_2.AG,1345.0,0.736739993095398,-0.04391316478066808,-0.8356825790997284,0.45249543186149005
CL25.AG,Italy,Italy_North_EarlyMedieval_Langobards_3.AG,1345.0,0.5952297449111938,-0.05350900529674417,-0.7903761739535355,0.4381483074695691
CL30.AG,Italy,Italy_North_EarlyMedieval_Langobards_3.AG,1345.0,0.7169454097747803,-0.02289308047100574,-0.7390331370296354,0.42055605575674043
CL31.AG,Italy,Italy_North_EarlyMedieval_Langobards.AG,1345.0,0.694735586643219,0.004816112985788298,-0.64540828207904,0.30765093899258933
CL36.AG,Italy,Italy_North_EarlyMedieval_Langobards_2.AG,1345.0,0.5851089954376221,-0.07100204534153662,-0.721526471851548,0.3639520163174865
CL38.AG,Italy,Italy_North_EarlyMedieval_Langobards_3.AG,1345.0,0.6540215015411377,-0.05223973483977123,-0.7040449229500557,0.34666883214714905
CL47.AG,Italy,Italy_North_EarlyMedieval_Langobards_2.AG,1345.0,0.6682322025299072,-0.05583140361574,-0.7346575054950251,0.4042587878221346
CL49.AG,Italy,Italy_North_EarlyMedieval_Langobards_2.AG,1345.0,0.2650628983974457,-0.08234145545458708,-0.6879337740309988,0.3837472570139867
CL53.AG,Italy,Italy_North_EarlyMedieval_Langobards_2.AG,1345.0,0.2829313278198242,-0.07796373413980394,-0.7063471617027844,0.39732298399485466
CL57.AG,Italy,Italy_North_EarlyMedieval_Langobards_2.AG,1345.0,0.6720991730690002,-0.06873224144278062,-0.723600969654657,0.3446937586707413
CL63.AG,Italy,Italy_North_EarlyMedieval_Langobards_2.AG,1345.0,0.7293264269828796,-0.10879910228567348,-0.6580516492410855,0.37089333790639806
CL83.AG,Italy,Italy_North_EarlyMedieval_Langobards_1_brother.CL84_son.CL87.AG,1345.0,0.6040658354759216,-0.10558649941600018,-0.7246116446083049,0.32420769493484364
CL84.AG,Italy,Italy_North_EarlyMedieval_Langobards_1.AG,1345.0,0.7002967596054077,-0.06399258591690837,-0.7048082502916644,0.4066103986405757
CL87.AG,Italy,Italy_North_EarlyMedieval_Langobards_1_mother.CL83_mother.CL84_daughter.CL102.AG,1345.0,0.7402566075325012,-0.07985374862675738,-0.6317817575017464,0.38023546511485123
CL92.AG,Italy,Italy_North_EarlyMedieval_Langobards_1_son.CL93.AG,1345.0,0.6477766036987305,-0.14982665123950675,-0.5785240105007777,0.43823667017065354
CL93.AG,Italy,Italy_North_EarlyMedieval_Langobards_1.AG,1345.0,0.6753789186477661,-0.11929444630889421,-0.6603817811218762,0.40485323795328104
CL94.AG,Italy,Italy_North_EarlyMedieval_Langobards_2.AG,1345.0,0.7479126453399658,-0.07106973401952413,-0.7721453387857333,0.4153328551761316
CL97.AG,Italy,Italy_North_EarlyMedieval_Langobards_1.AG,1345.0,0.0792221948504448,-0.051890554373011925,-0.7136322514379168,0.3821736156294361
SZ12.AG,Hungary,Hungary_Langobard.AG,1442.0,0.4517722129821777,1.6409965890182725,0.07487528455900548,-1.0575281818878337
SZ13.AG,Hungary,Hungary_Langobard_son.SZ24_father.SZ7_brother.SZ22.AG,1462.0,0.7076778411865234,1.6613295994669548,0.045447929254857765,-1.0116683576687797
SZ14.AG,Hungary,Hungary_Langobard.AG,1442.0,0.3120461702346802,1.6788731294293904,0.07132514589941243,-1.0360079381516416
SZ16.AG,Hungary,Hungary_Langobard.AG,1442.0,0.5609956979751587,1.6150530556534302,0.11645469415228453,-1.0429041626703788
SZ18.AG,Hungary,Hungary_Langobard_o2.AG,1442.0,0.6223511099815369,1.6713145568770829,0.025775891713562385,-1.0640754563526162
SZ19.AG,Hungary,Hungary_Langobard_o1.AG,1456.0,0.6531690955162048,1.6937248653963697,0.0028327518462817384,-1.0951685677231213
SZ22.AG,Hungary,Hungary_Langobard_son.SZ24_brother.SZ22.AG,1442.0,0.5999279618263245,1.6835033055040665,0.0793629302141823,-1.0531358975871565
SZ23.AG,Hungary,Hungary_Langobard.AG,1442.0,0.6186934113502502,1.6463855624987693,0.06658442077111262,-1.022786398933991
SZ24.AG,Hungary,Hungary_Langobard.AG,1442.0,0.3857996761798858,1.6218642177774953,0.11688413264574679,-1.0349820626489104
SZ25.AG,Hungary,Hungary_Langobard.AG,1442.0,0.308965116739273,1.6289094538738524,0.10663056123241209,-1.0821849425725618
SZ27.AG,Hungary,Hungary_Langobard_o2.AG,1467.0,0.7584518790245056,1.6829813861946097,0.0815497385148607,-1.0253868455686852
SZ28.AG,Hungary,Hungary_Langobard_o2.AG,1442.0,0.6555202603340149,1.6866836527045834,0.08075138939899608,-1.0656713097218355
SZ30.AG,Hungary,Hungary_Langobard.AG,1442.0,0.3956179022789001,1.6429533833095005,0.04295924795504684,-1.0792624448734087
SZ31.AG,Hungary,Hungary_Langobard_o1.AG,1442.0,0.1066639199852943,1.706105236606453,0.06591272131069474,-1.0784284091556617
SZ32.AG,Hungary,Hungary_Langobard_o1.AG,1442.0,0.6706295609474182,1.7177489483590311,0.034149329038792926,-0.9794511548425974
SZ37.AG,Hungary,Hungary_Langobard_o1.AG,1430.0,0.4217660427093506,1.658481815419292,0.11048823203083206,-0.993491361084176
SZ38.AG,Hungary,Hungary_Langobard.AG,1442.0,0.6284191608428955,1.6892678467765256,0.03285554105446849,-1.0953271079951725
SZ40.AG,Hungary,Hungary_Langobard_o1.AG,1442.0,0.6284118890762329,1.7339335880765208,0.11678416303436545,-1.0714956590114069
SZ41.AG,Hungary,Hungary_Langobard.AG,1442.0,0.181651771068573,1.6465761521936162,0.09943177707703489,-0.963679034901929
SZ42.AG,Hungary,Hungary_Langobard.AG,1442.0,0.7213305830955505,1.6691271788255755,0.08678165102910325,-1.0791889052915533
SZ7.AG,Hungary,Hungary_Langobard.AG,1442.0,0.6450029611587524,1.6559136100256613,0.13188640555109032,-1.0107889950441653
SZ8.AG,Hungary,Hungary_Langobard_sister.SZ14_sister.SZ6.AG,1442.0,0.1772268414497375,1.626736765291099,0.01858531417690332,-1.0043011134411042
SZ9.AG,Hungary,Hungary_Langobard.AG,1442.0,0.700106143951416,1.6625513148082567,0.11828409098442678,-1.0470593979103648
SZ11.SG,Hungary,Hungary_Langobard.SG,1442.0,0.99854177236557,1.6137647783848732,0.043455434951623906,-1.0193523464577101
SZ15.SG,Hungary,Hungary_Langobard.SG,1442.0,0.9985637068748474,1.5408647014589434,0.04014516177829317,-0.9907092005191599
SZ2.SG,Hungary,Hungary_Langobard.SG,1442.0,0.9955450296401978,1.5115361947737718,0.11565208720687073,-1.0625559423550706
SZ3.SG,Hungary,Hungary_Langobard.SG,1442.0,0.9988759160041808,1.5452156277332587,0.11403906976964161,-0.9740933014903287
SZ4.SG,Hungary,Hungary_Langobard.SG,1442.0,0.9988459348678588,1.6148919674261393,0.08458334875543583,-0.9659441225195756
I1895.AG,Hungary,Hungary_MN_Vinca.AG,7195.0,0.5817238092422485,1.6715831262517618,0.02029192787382973,-1.0385653504443066
I1902.AG,Hungary,Hungary_LN_Lengyel.AG,6550.0,0.1457884013652801,1.662340689602996,0.053974524427752975,-1.0448568509227865
I1905.AG,Hungary,Hungary_LN_Lengyel.AG,6664.0,0.32721146941185,1.670615322862051,0.10666532098313886,-1.072837649293121
I1907.AG,Hungary,Hungary_C_Balaton_Lasinja.AG,6183.0,0.7139722108840942,1.6738778980946947,0.11488806721094322,-1.0591864469559105
I1594.AG,Germany,Germany_Blatterhohle_MN.AG,5140.0,0.0927784219384193,-0.4053810146292416,-0.16494887397924604,0.7895031628632251
I1763.AG,Ukraine,Ukraine_Mesolithic.AG,10081.0,0.7057695388793945,-0.09638029789037447,1.3076035422648764,0.17474692584648113
I1767.AG,UnitedKingdom,England_BellBeaker_highEEF.AG,4045.0,0.618984580039978,-1.5579278447762244,0.06832348265701589,0.5832392671506726
I1770.AG,UnitedKingdom,England_BellBeaker.AG,3950.0,0.4157952964305877,-1.5009793706872292,0.07273019972892497,0.5739117830452503
I1774.AG,UnitedKingdom,England_C_EBA.AG,3698.0,0.0839285552501678,-1.4832116282781365,0.13990489598217407,0.6075137579175824
I1775.AG,UnitedKingdom,Wales_C_EBA.AG,3563.0,0.3501341938972473,-1.5084868416103265,0.10320262975109967,0.6060110183885191
I1819.AG,Ukraine,Ukraine_Mesolithic.AG,10658.0,0.6912530660629272,-0.1071465488268847,1.3219669512876082,0.17873732419839417
I1836.AG,Spain,Spain_EBA.AG,3527.0,0.2469381839036941,-1.133849944934333,-2.423344009055541,-1.3062937333170732
I1838.AG,Spain,Spain_C.AG,5126.0,0.7065205574035645,-1.1450511062932198,-2.3650320346580855,-1.2651755123520236
I1840.AG,Spain,Spain_EBA.AG,3475.0,0.563572347164154,-1.1338692039165068,-2.4082759731728975,-1.2996942245033725
I1843.AG,Spain,Spain_C.AG,4904.0,0.5500096082687378,-1.1110577439185876,-2.384319862028381,-1.2613935521903015
I1887.AG,Hungary,Hungary_MN_Vinca.AG,7150.0,0.3242779970169067,1.7567003837285646,0.04493131303878336,-1.0386293154289576
I1889.AG,Hungary,Hungary_MN_Vinca.AG,6943.0,0.3360118567943573,1.6778439141877,0.04419519413073142,-1.016420509234971
I1890.AG,Hungary,Hungary_LN_Sopot.AG,6875.0,0.0868652611970901,1.7160347360823651,0.06732066961060278,-1.0608227770491945
I1891.AG,Hungary,Hungary_LN_Sopot.AG,6913.0,0.3553368747234344,1.7085715762033622,0.08650125109065393,-1.0508208891140522
I1896.AG,Hungary,Hungary_MN_Vinca.AG,7190.0,0.2096879780292511,1.6949919403751796,0.1247255552296763,-0.9904936900764201
I1899.AG,Hungary,Hungary_LN_Lengyel.AG,6550.0,0.2744415402412414,1.671969085300481,0.03663908438738,-0.9653154206904963
I1900.AG,Hungary,Hungary_LN_Lengyel.AG,6686.0,0.0520959645509719,1.6797120573254982,0.09448907214701155,-0.9790350288288818
I1901.AG,Hungary,Hungary_LN_Lengyel.AG,6550.0,0.4171715974807739,1.6530697738076385,0.1094754153792569,-1.0157034055931398
I1903.AG,Hungary,Hungary_LN_Lengyel_son.I10619.son.I10624.halfbro.I10620.halfbro.I10621.AG,6550.0,0.5004732012748718,1.6392172297639187,0.06611514448797849,-1.069996765635984
I1906.AG,Hungary,Hungary_LN_Lengyel.AG,6550.0,0.3822733461856842,1.6520656944059646,0.08623439208420916,-0.9916607166991771
I1908.AG,Hungary,Hungary_C_Balaton_Lasinja.AG,6050.0,0.4670931994915008,1.6837767377941226,0.0578027430022352,-1.0288280026529248
I1909.AG,Hungary,Hungary_C_Balaton_Lasinja.AG,6086.0,0.4214700162410736,1.638823976176441,0.07054212040473143,-0.9912660453543376
I1972.AG,Spain,Spain_EN.AG,6703.0,0.3159536719322204,-1.1108626543748565,-2.334156450294853,-1.2142218451547107
I1975.AG,Spain,Spain_C.AG,4927.0,0.0911474600434303,-1.1827074671015307,-2.4257204572726203,-1.2633720941627176
I0166.AG,Germany,Germany_N.AG,6400.0,0.1010573282837867,-0.3115611098602096,-0.24427660572283583,0.8046266423305892
I2020.AG,Germany,Germany_EN_LBK_1d.or.2d.rel.I1550.AG,7125.0,0.0556336380541324,-0.33238796910406615,-0.22040628757592315,0.7865489796310134
I2403.AG,Poland,Poland_GlobularAmphora.AG,4667.0,0.2480614632368087,-0.1893812017120473,1.8612062905938347,-0.4960664712207944
I2417.AG,UnitedKingdom,England_BellBeaker_lowEEF.AG,4250.0,0.7018920183181763,-1.4570349966772513,0.21086522524013634,0.5833672883271646
I2428.AG,Bulgaria,Bulgaria_Chalcolithic.AG,6400.0,0.0645118877291679,1.3370767344052,-0.30435088780075625,0.33655872127178893
I2458.AG,UnitedKingdom,England_MBA_highEEF.AG,3331.0,0.6934395432472229,-1.4842355333087534,0.030062587070670634,0.6794889443542074
I2461.AG,UnitedKingdom,England_C_EBA.AG,3975.0,0.6595818400382996,-1.4298304129726578,0.1179990532263736,0.6193215843355382
I2462.AG,UnitedKingdom,England_Thanet_Chalcolithic_EBA_highEEF.AG,3942.0,0.6981580853462219,-1.4371646528636906,0.05946647932671562,0.5991409898800301
I2470.AG,Spain,Spain_MBA.AG,3275.0,0.3494529128074646,-1.1012288005949713,-2.3697372515291515,-1.2462319528602914
I2477.AG,Italy,Italy_North_BellBeaker_2.AG,4015.0,0.6703886985778809,-0.01835807888724373,-0.7220071362342251,0.40328479997546307
I2509.AG,Bulgaria,Bulgaria_Dzhulyunitsa_Chalcolithic.AG,6350.0,0.7321252822875977,1.3095376723147842,-0.3084073461492662,0.3096985280305083
I2510.AG,Bulgaria,Bulgaria_Dzhulyunitsa_EBA_o1.AG,4794.0,0.6958498954772949,1.3367244467949915,-0.32098123206495355,0.28517916594635445
I2519.AG,Bulgaria,Bulgaria_Chalcolithic.AG,6237.0,0.6518568992614746,1.3187047194475112,-0.30929862834815575,0.3325116953602939
I2520.AG,Bulgaria,Bulgaria_Dzhulyunitsa_EBA.AG,5153.0,0.6738030910491943,1.3206792937392768,-0.30522222459294274,0.31793200135535726
I2525.AG,Bulgaria,Bulgaria_Medieval_oEastAsia.AG,1014.0,0.7244579195976257,1.334324475089882,-0.2948240875803817,0.2893231807362935
I2530.AG,NorthMacedonia,NorthMacedonia_Medieval.AG,915.0,0.5797652006149292,1.3475864970877733,-0.6550610440253816,1.3755332311085717
I2532.AG,Romania,Romania_Eneolithic_oEEF.AG,7614.0,0.5997381806373596,1.2845463048554466,0.3719137400915402,0.01985291282179046
I2533.AG,Romania,Romania_Eneolithic_oEEF.AG,7371.0,0.6542778015136719,1.251800174399375,0.3478590373024072,0.006186642542263945
I2534.AG,Romania,Romania_MaguraBuduiasca_Mesolithic.AG,7670.0,0.3632248938083648,1.2137356610180172,0.41516654832650274,-0.006392803790235834
I2566.AG,UnitedKingdom,England_C_EBA.AG,4078.0,0.4140532314777374,-1.4164903155025812,0.13136453258788358,0.5811777619889918
I2567.AG,UnitedKingdom,Scotland_C_EBA.AG,4018.0,0.5018649697303772,-1.4409007064175454,0.14742270647154052,0.5899055521204908
I2568.AG,UnitedKingdom,Scotland_C_EBA_mediumhighEEF.AG,4113.0,0.4856307208538055,-1.4724037067705154,0.09075971933287577,0.5554226754053216
I2573.AG,UnitedKingdom,Scotland_MBA.AG,3361.0,0.5252709984779358,-1.4994894232452507,0.06187793686002256,0.6236232092259357
I2596.AG,UnitedKingdom,England_C_EBA_lowEEF_father.or.son.I2597.AG,4086.0,0.4483294188976288,-1.4949164953611804,0.13513801819196458,0.5775781156234082
I2600.AG,UnitedKingdom,England_C_EBA_daughter.I2457.AG,3970.0,0.4516473114490509,-1.512736969501607,0.11655695909972756,0.5373895529849396
I2601.AG,UnitedKingdom,England_Thanet_Chalcolithic_EBA.AG,3808.0,0.4294666945934295,-1.4335916797494201,0.11765278705813184,0.5929187269978954
I2602.AG,UnitedKingdom,England_Thanet_Chalcolithic_EBA.AG,3762.0,0.5470007061958313,-1.5139731749602519,0.09210932691282478,0.5797564332879012
I2605.AG,UnitedKingdom,England_N.AG,5397.0,0.5235922336578369,-1.5131570530130085,0.017132493480294792,0.613874492569111
I2609.AG,UnitedKingdom,England_C_EBA.AG,3848.0,0.238864466547966,-1.485723554348976,0.12634493111364503,0.5924499703516681
I2610.AG,UnitedKingdom,England_C_EBA.AG,3783.0,0.0694672316312789,-1.483898117615253,0.015890631410540056,0.581533837103458
I2618.AG,UnitedKingdom,England_C_EBA.AG,3993.0,0.5481426119804382,-1.4945641217130874,0.10252881841883604,0.681411739932813
I2630.AG,UnitedKingdom,Scotland_N.AG,4471.0,0.7873890995979309,-1.5075491175094293,-0.030809023200006776,0.563004477515157
I2631.AG,UnitedKingdom,Scotland_N.AG,4957.0,0.737763524055481,-1.5152759061362748,-0.008281203275001979,0.5659755484491226
I2633.AG,UnitedKingdom,Scotland_N.AG,5639.0,0.6187501549720764,-1.5437621057156965,0.11048218127058491,0.6239121722107465
I2635.AG,UnitedKingdom,Scotland_N.AG,5523.0,0.6454757452011108,-1.5095233928602771,0.13134932071305966,0.52943148234363
I2637.AG,UnitedKingdom,Scotland_N.AG,5375.0,0.7142479419708252,-1.522073027852902,0.07791943278360257,0.5873902524707466
I2639.AG,UnitedKingdom,England_MBA.AG,3430.0,0.4963645935058594,-1.4386204033691226,0.04650898701514705,0.5768071688896389
I2650.AG,UnitedKingdom,Scotland_N.AG,5375.0,0.651766836643219,-1.530317121601995,-0.0338045801269879,0.5505163129100707
I2651.AG,UnitedKingdom,Scotland_N.AG,5160.0,0.6575186252593994,-1.565405472214102,0.0698609677856455,0.5888458401888946
I2653.AG,UnitedKingdom,Scotland_MBA.AG,3224.0,0.487479031085968,-1.4202097127327598,0.00868343364091954,0.5864288378847158
I2654.AG,UnitedKingdom,Scotland_MBA.AG,3287.0,0.4455914199352264,-1.5251355384379692,0.0634882976222645,0.6577215039715408
I2655.AG,UnitedKingdom,Scotland_MBA.AG,3311.0,0.7056072950363159,-1.550635413307803,0.054038239739276045,0.6316970917175793
I2659.AG,UnitedKingdom,Scotland_N.AG,5637.0,0.6755038499832153,-1.5421869382644902,-0.0467071155884145,0.5816714919861101
I2660.AG,UnitedKingdom,Scotland_N_mediumlowEEF.AG,5394.0,0.695428192615509,-1.5766245494464382,-0.036618029039111585,0.5694426777534364
I2691.AG,UnitedKingdom,Scotland_N_mediumlowEEF.AG,5613.0,0.6664244532585144,-1.5241020373852667,-0.028533831944060752,0.49609122291873226
I2692.AG,UnitedKingdom,Scotland_EIA.AG,2436.0,0.5501320958137512,-1.6285546282195271,0.045023635070786376,0.5854992564245334
I2693.AG,UnitedKingdom,Scotland_LIA.AG,2060.0,0.2803157866001129,-1.5289861700783338,0.07954358218158233,0.6321681070172689
I2694.AG,UnitedKingdom,Scotland_MIA_LIA.AG,2202.0,0.6620230078697205,-1.4908231675532202,-0.057461653870607775,0.6894813392101743
I2695.AG,UnitedKingdom,Scotland_MIA_LIA.AG,2208.0,0.3886966407299042,-1.4671801512363731,0.11520429407207279,0.6025633660044858
I2696.AG,UnitedKingdom,Scotland_MIA_LIA.AG,2165.0,0.5445278882980347,-1.516279723597462,0.11758205074159722,0.6071957178571585
I2739.AG,Hungary,Hungary_MN_LBK.AG,7077.0,0.6357816457748413,1.6124424141820906,0.012402145163623573,-0.8860192929103916
I2741.AG,Hungary,Hungary_EBA_BellBeaker.AG,4245.0,0.7381017208099365,1.6204608523908415,-0.006160873986213633,-1.08904102240755
I2743.AG,Hungary,Hungary_MN_AVK_Szakalhat.AG,7050.0,0.2198638617992401,1.689597305840184,0.017433363903189135,-1.024164249777077
I2744.AG,Hungary,Hungary_MN_AVK_Szakalhat.AG,7050.0,0.2554709613323211,1.6353217148669459,0.10045522371294982,-0.9787047229810965
I2745.AG,Hungary,Hungary_MN_AVK_Szakalhat.AG,7050.0,0.1718976199626922,1.715491024453944,-0.002021438957936986,-1.0194743259428858
I2746.AG,Hungary,Hungary_LN_Tisza.AG,6700.0,0.090411864221096,1.646827268006342,0.06689703973757692,-1.0048849489127523
I2752.AG,Hungary,Hungary_LateC_Baden.AG,5175.0,0.4447236061096191,1.63256719140039,0.10552199117753917,-0.9934170791305496
I2753.AG,Hungary,Hungary_LateC_Baden.AG,5085.0,0.7356629371643066,1.6791475709579766,0.0804598512693177,-1.0114674004376827
I2754.AG,Hungary,Hungary_LateC_Baden.AG,5140.0,0.2773823142051697,1.6542831408081442,0.016432511566641356,-1.0562658948964498
I2783.AG,Hungary,Hungary_Hunyadihalom_MCHA.AG,6010.0,0.5518498420715332,1.6975492733113546,0.08884876533108295,-0.9757894391202164
I2785.AG,Hungary,Hungary_LateC_Baden.AG,5175.0,0.4965503215789795,1.7041721397105345,0.1464450438713886,-0.9299551934295922
I2787.AG,Hungary,Hungary_EBA_BellBeaker.AG,4254.0,0.5681140422821045,1.452131685699417,0.07091396352722978,-1.0116830522411553
I2788.AG,Hungary,Hungary_LateC_Protoboleraz.AG,5685.0,0.6952975988388062,1.6459495466249727,0.06710625558867778,-1.00964425644485
I2789.AG,Hungary,Hungary_LateC_Protoboleraz.AG,5650.0,0.4820533096790313,1.7059338937856066,0.0750904434957687,-1.0919640181648467
I2790.AG,Hungary,Hungary_LateC_Protoboleraz.AG,5625.0,0.8025113940238953,1.6582610222369198,-0.21135433642401052,-1.0276765765140463
I2791.AG,Hungary,Hungary_LateC_Protoboleraz.AG,5523.0,0.7060477137565613,1.6370983753458668,-0.012764253894583272,-0.9101059464396055
I2793.AG,Hungary,Hungary_EarlyC_Tiszapolgar_Bodrogkeresztur.AG,6273.0,0.7190492153167725,1.6615726264778485,0.05567543402494031,-0.9053921969654335
I2799.AG,UnitedKingdom,Scotland_LIA.AG,2002.0,0.5037262439727783,-1.5204767169544757,0.10950273661446706,0.562945300139237
I2859.AG,UnitedKingdom,Scotland_LBA.AG,2810.0,0.6893625855445862,-1.4834091001279455,0.14476724613851832,0.7396603454938032
I2860.AG,UnitedKingdom,Scotland_LBA.AG,2824.0,0.7067679166793823,-1.4502583375990088,0.08248314763952112,0.6707867824552338
I2861.AG,UnitedKingdom,Scotland_LBA.AG,2843.0,0.5350819230079651,-1.5397385729627995,0.1821073830028986,0.58876470725052
I2932.AG,UnitedKingdom,Scotland_N.AG,4433.0,0.670112133026123,-1.4969304937711065,-0.04883639557449479,0.6094789743876668
I2933.AG,UnitedKingdom,Scotland_N.AG,4877.0,0.6261920928955078,-1.469693290398178,0.003881871910767456,0.5545218087028576
I2934.AG,UnitedKingdom,Scotland_N.AG,5138.0,0.6392025351524353,-1.4916337427033233,-0.09981474491575683,0.5987728658525134
I2935.AG,UnitedKingdom,Scotland_N.AG,5115.0,0.6846870183944702,-1.5501349870430272,-0.0037119629920180017,0.5821750442019666
I2977.AG,UnitedKingdom,Scotland_N.AG,4843.0,0.6649848818778992,-1.6257339851444492,0.0514937809200186,0.5802074643238221
I2978.AG,UnitedKingdom,Scotland_N.AG,5140.0,0.6794259548187256,-1.5771749605084477,0.04187751171795239,0.5236518651237325
I2979.AG,UnitedKingdom,Scotland_N.AG,5104.0,0.6776124835014343,-1.514415720783638,0.004935414766353006,0.5352631688508405
I2980.AG,UnitedKingdom,Scotland_N.AG,5173.0,0.6857438087463379,-1.5098934728561948,0.019466663535475374,0.5698428337769589
I2981.AG,UnitedKingdom,Scotland_C_EBA.AG,3711.0,0.6732037663459778,-1.5155706594685736,0.08401996394466076,0.6169569785534522
I2982.AG,UnitedKingdom,Scotland_MIA.AG,2250.0,0.6901273727416992,-1.4355939645922364,0.16003143663152272,0.6978426885691908
I2983.AG,UnitedKingdom,Scotland_MIA.AG,2257.0,0.6944873929023743,-1.4421099192928624,0.048944603100728845,0.6042968625773444
I2988.AG,UnitedKingdom,Scotland_N.AG,5398.0,0.6801453232765198,-1.4895684529029476,0.062130273702950566,0.5788758079894394
I3005.AG,UnitedKingdom,England_N.AG,5657.0,0.5604726076126099,-1.4885112948049695,0.04104599565269025,0.5008552956516029
I3011.AG,UnitedKingdom,England_EarlyMedieval_Saxon_o.AG,886.0,0.3223323822021484,-1.4711038444766822,0.09942672765207876,0.6095061810615569
I3014.AG,UnitedKingdom,England_MIA.AG,2225.0,0.5978444814682007,-1.5737792312517807,0.15562360439756984,0.6293381496524391
I3025.AG,UnitedKingdom,England_Mesolithic.AG,9257.0,0.0762465596199035,-1.435906377024537,0.08255321580075899,0.5501382630145853
I3033.AG,UnitedKingdom,Wales_N.AG,5533.0,0.0871937274932861,-1.600830141438594,0.09931772809116687,0.5334453040241584
I3035.AG,UnitedKingdom,England_N_o.AG,5700.0,0.5774805545806885,-1.468323229827467,0.08128335334022105,0.604366119575464
I3037.AG,UnitedKingdom,England_EarlyMedieval_Saxon.AG,1263.0,0.5299773812294006,-1.5022696957598678,0.10999790779422162,0.5965214103409668
I3039.AG,UnitedKingdom,England_N_1d.rel.I6761.AG,5525.0,0.1117376685142517,-1.508670944149533,0.14411066832391095,0.6065272251149565
I3040.AG,UnitedKingdom,England_N.AG,5525.0,0.1497137546539306,-1.483937841871574,0.12542346852023042,0.5776432497353611
I3041.AG,UnitedKingdom,Scotland_N_lowEEF.AG,5440.0,0.5714197754859924,-1.5202692138021496,-0.008567002019747612,0.618935809898183
I3044.AG,UnitedKingdom,England_EarlyMedieval_Saxon.AG,856.0,0.6384490728378296,-1.4024637632671635,0.011611060286222274,0.5956641122115509
I3056.AG,UnitedKingdom,England_EarlyMedieval_Saxon_contam.AG,1225.0,0.3477197587490082,-1.5089220974481896,0.12050227076049197,0.5961585966604567
I3068.AG,UnitedKingdom,England_N.AG,5533.0,0.5067700147628784,-1.5593999190088457,0.055488081235512944,0.5421912815488775
I3083.AG,UnitedKingdom,England_MIA.AG,2233.0,0.1692358404397964,-1.509432965239262,0.04910351775859077,0.6222637111600885
I3085.AG,UnitedKingdom,Scotland_N.AG,5149.0,0.6214451789855957,-1.5197937287289736,-0.007108681800309833,0.5631541937435542
I3130.AG,UnitedKingdom,Scotland_LBA.AG,2844.0,0.692742109298706,-1.4728688780831998,0.09670793034377989,0.6712955025087238
I3132.AG,UnitedKingdom,Scotland_C_EBA.AG,3927.0,0.6559720039367676,-1.501652349884998,0.12504161115926288,0.5061850720486971
I3133.AG,UnitedKingdom,Scotland_N.AG,5446.0,0.6786554455757141,-1.5833753892668752,0.10736336032046714,0.5063623379623169
I3134.AG,UnitedKingdom,Scotland_N.AG,5461.0,0.6846505403518677,-1.5341865472713248,-0.015369802670762836,0.5315707656881614
I3135.AG,UnitedKingdom,Scotland_N_lowEEF.AG,5517.0,0.6717609763145447,-1.4501857991111293,-0.009773072301602122,0.6523690866389614
I3136.AG,UnitedKingdom,Scotland_N.AG,5397.0,0.6767576932907104,-1.4988009962110984,-0.027707420082037786,0.5381390123722045
I3137.AG,UnitedKingdom,Scotland_N.AG,5350.0,0.0742919966578483,-1.5227246744723044,0.07884705735600515,0.6261573277003665
I3138.AG,UnitedKingdom,Scotland_N.AG,4998.0,0.6948491334915161,-1.462967117508521,-0.003032336809233622,0.5321529029085668
I3139.AG,UnitedKingdom,Scotland_N_lowEEF.AG,5350.0,0.6766505837440491,-1.3912000082771752,-0.05384399962871908,0.5434241781224574
I3255.AG,UnitedKingdom,England_BellBeaker.AG,3994.0,0.7337578535079956,-1.544386120739371,0.02551798649920013,0.5476432479444032
I3256.AG,UnitedKingdom,England_BellBeaker.AG,4063.0,0.7142974138259888,-1.4336800179174205,0.08017491663465415,0.5598238699222925
I3269.AG,Spain,Spain_C.AG,4850.0,0.5679031610488892,-1.1522762317644337,-2.384048108098677,-1.3035746118583393
I3270.AG,Spain,Spain_C.AG,4850.0,0.239505186676979,-1.1649663676070159,-2.363876496538254,-1.2604049616545567
I3271.AG,Spain,Spain_C.AG,4850.0,0.2758835554122925,-1.1453552647274232,-2.4077927269099817,-1.2941735798551794
I3272.AG,Spain,Spain_C.AG,4959.0,0.1546820700168609,-1.171480428880033,-2.4051460846408896,-1.2676823671749187
I3273.AG,Spain,Spain_MLN.AG,5403.0,0.1130166500806808,-1.144834119780854,-2.3719519632089248,-1.2555940975136028
I3303.AG,Turkey,Turkey_Aegean_Bodrum_Halikarnassos_Ancient2.AG,2217.0,0.3404116630554199,1.407957758121701,-0.6220481427261783,0.9617241967882526
I3308.AG,Turkey,Turkey_Aegean_Bodrum_Halikarnassos_Ancient3.AG,2127.0,0.0576806552708148,1.4620947048397104,-0.5963480494891494,0.9288947982145508
I3311.AG,Turkey,Turkey_Aegean_Bodrum_Halikarnassos_Ancient1.AG,2127.0,0.6359227299690247,1.444464778164811,-0.6005523351493356,0.9506919973860984
I3313.AG,Croatia,Croatia_EIA_mother.I26742.AG,2722.0,0.6800293326377869,0.8170288384632349,-0.07007504751187409,0.6407358574348604
I3322.AG,Spain,Spain_IA.AG,2500.0,0.5309173464775085,-1.1361655815347707,-2.3912624828293594,-1.2591375939559877
I3324.AG,Spain,Spain_IA_o.AG,2223.0,0.2101559340953827,-1.173361849168224,-2.3888372914594496,-1.2457694014465444
I3432.AG,Portugal,Portugal_C.AG,4924.0,0.4804369509220123,-1.1514691393309213,-1.3781942318867344,-0.5090244396462099
I3433.AG,Croatia,Croatia_N_Cardial.AG,7800.0,0.6703351736068726,0.7966849195814837,-0.00423714408550311,0.6012637816150692
I3485.AG,Spain,Spain_EBA.AG,4050.0,0.4015675485134125,-1.1199157825202986,-2.3543407607380074,-1.269704283467765
I3487.AG,Spain,Spain_EBA.AG,3603.0,0.0750981569290161,-1.1425365469357898,-2.364170844375176,-1.2563230490064814
I3488.AG,Spain,Spain_EBA.AG,3575.0,0.070383682847023,-1.1236260468188397,-2.381635254048519,-1.2712245102080997
I3490.AG,Spain,Spain_EBA.AG,3450.0,0.1863946318626403,-1.1395212254282536,-2.377443154239219,-1.2526225064928365
I3491.AG,Spain,Spain_EBA.AG,3450.0,0.0790243074297905,-1.1381237153129256,-2.3548724084912434,-1.300559765101846
I3493.AG,Spain,Spain_MBA.AG,3301.0,0.2522868812084198,-1.123252631580679,-2.3853882778800672,-1.3110046853273942
I3494.AG,Spain,Spain_EBA.AG,3781.0,0.5929710268974304,-1.1358955291734687,-2.3748464660965776,-1.2789893068733194
I3496.AG,Spain,Spain_IA.AG,2200.0,0.1182485520839691,-1.1480444764306683,-2.404009294438293,-1.26606951512769
I3498.AG,Croatia,Croatia_MN_Sopot.AG,7681.0,0.4296442866325378,0.8217768416719039,0.0033453243875268377,0.6082458109466085
I3499.AG,Croatia,Croatia_LateC_EBA_Vucedol.AG,4718.0,0.3597674965858459,0.7927119083834918,-0.021903575581376206,0.6234073174654503
I3528.AG,Hungary,Hungary_EBA_BellBeaker.AG,4364.0,0.192477285861969,1.677022543199275,0.03421110609293612,-1.0446154824162972
I3529.AG,Hungary,Hungary_EBA_BellBeaker.AG,4300.0,0.4837548434734344,1.6514736899346967,0.044093728501074916,-1.1242326913711969
I3535.AG,Hungary,Hungary_MN_AVK.AG,7068.0,0.2109572291374206,1.6421916101214833,0.08740715193797143,-1.0062768346226585
I3537.AG,Hungary,Hungary_MN_AVK_Szatmar_o.AG,7366.0,0.2061365097761154,1.6404318008514167,0.11288078135076234,-0.9323890754122055
I3566.AG,UnitedKingdom,Scotland_LIA.AG,2031.0,0.6784559488296509,-1.4864024126006727,0.17763820076302161,0.5231176366580456
I3567.AG,UnitedKingdom,Scotland_LIA.AG,2037.0,0.7052690982818604,-1.420011047048371,0.010259577805277172,0.6186556099209208
I3568.AG,UnitedKingdom,Scotland_LIA.AG,1912.0,0.6818054914474487,-1.3759091828835845,0.05125481575681833,0.7022363346807645
I3574.AG,Spain,Spain_Visigoth_Granada.AG,1450.0,0.0826025381684303,-1.0994121474651997,-2.3738825825973406,-1.2400952056744374
I3575.AG,Spain,Spain_Visigoth_Granada.AG,1450.0,0.2431507259607315,-1.103078555765708,-2.3349118554094845,-1.2442892980329954
I3576.AG,Spain,Spain_Visigoth_Granada.AG,1468.0,0.6992294192314148,-1.1183857249208589,-2.3529735067470963,-1.2389647836679538
I3577.AG,Spain,Spain_Visigoth_Granada.AG,1450.0,0.0582694597542285,-1.1777319857807198,-2.3806717588237816,-1.2853581651836181
I3578.AG,Spain,Spain_Visigoth_Granada.AG,1450.0,0.1105568259954452,-1.042486742208425,-2.401116650616771,-1.2337113936293
I3579.AG,Spain,Spain_Visigoth_Granada.AG,1450.0,0.0937143415212631,-1.0767240045132844,-2.3869465505925267,-1.2513439015540802
I3581.AG,Spain,Spain_Visigoth_Granada.AG,1450.0,0.4205778837203979,-1.0410756083284767,-2.308507882316238,-1.2306507177451271
I3582.AG,Spain,Spain_Visigoth_Granada.AG,1450.0,0.283844530582428,-1.0775890374209522,-2.3673286385988357,-1.1836041177386736
I3583.AG,Spain,Spain_Visigoth_Granada.AG,1450.0,0.108273796737194,-1.1055683711148983,-2.3815822500224124,-1.2448373609128784
I3585.AG,Spain,Spain_Visigoth_Granada.AG,1195.0,0.6240761280059814,-1.1572912783709555,-2.3864381928748717,-1.2085395438928566
I3588.AG,Germany,Germany_BellBeaker.AG,4175.0,0.3578551113605499,-0.35355350051272044,-0.22700806728836345,0.797625173243397
I3589.AG,Germany,Germany_BellBeaker.AG,4175.0,0.4557397067546844,-0.3867732989427589,-0.25334266515312553,0.6993389435129839
I3590.AG,Germany,Germany_BellBeaker.AG,4186.0,0.3679644763469696,-0.39436187865926964,-0.2186582683051482,0.8245365473938804
I3594.AG,Germany,Germany_BellBeaker.AG,4175.0,0.5275499820709229,-0.3968965065241124,-0.2287612865496002,0.7841079841137918
I3597.AG,Germany,Germany_BellBeaker_1d.rel.I3594.AG,4175.0,0.1029380857944488,-0.38500639090977945,-0.23313956564703345,0.7659659076611627
I3600.AG,Germany,Germany_BellBeaker.AG,4175.0,0.2524133920669555,-0.34085715039626635,-0.1437520940911586,0.7637749453818166
I3601.AG,Germany,Germany_BellBeaker.AG,4175.0,0.5654952526092529,-0.38535903679998207,-0.24041804064645364,0.7731988714474927
I3642.AG,Italy,Italy_Sardinia_LBA.AG,2994.0,0.1042892485857009,-0.07054751766126814,-0.7739497016532019,0.3903658920168056
I3714.AG,Ukraine,Ukraine_N.AG,7200.0,0.1026007011532783,-0.07932874260324209,1.3965223015969823,0.18127757723532423
I3715.AG,Ukraine,Ukraine_N.AG,7526.0,0.3992423415184021,-0.10285732376975702,1.372410858634103,0.1843218124427614
I3716.AG,Ukraine,Ukraine_N.AG,7347.0,0.0821070000529289,-0.1295597095569402,1.3663414720175984,0.21554013865401403
I3717.AG,Ukraine,Ukraine_N.AG,7242.0,0.4251796305179596,-0.11525227210831364,1.3968075171608167,0.17927475264102083
I3719.AG,Ukraine,Ukraine_N_o2.AG,6831.0,0.1654053926467895,-0.0647365285307815,1.38711754619916,0.2064501059678249
I3741.AG,Italy,Italy_Sardinia_LBA.AG,3088.0,0.6028825044631958,-0.08317620896224362,-0.7556355814648329,0.37767678967993307
I3743.AG,Italy,Italy_Sardinia_EBA.AG,3985.0,0.6539736390113831,-0.10418799781538327,-0.7431854343986914,0.3631358814087765
I3756.AG,Spain,Spain_EBA.AG,3860.0,0.5132800936698914,-1.1146354948956105,-2.3722678719283143,-1.290947173605122
I3759.AG,Spain,Spain_IA_Celt.AG,2222.0,0.6290541887283325,-1.136162686873371,-2.345784261581399,-1.2444485563659304
I3775.AG,Spain,Spain_Visigoth_Barcelona.AG,1300.0,0.1008326783776283,-1.0655195618212108,-2.3569030643121835,-1.242790369021274
I3777.AG,Spain,Spain_Visigoth_Barcelona.AG,1300.0,0.2838558852672577,-1.1393134415391228,-2.3445107571511254,-1.2257638812786167
I3808.AG,Spain,Spain_NazariPeriod_Muslim.AG,400.0,0.4989639222621918,-1.0673832012113362,-2.314056593080515,-1.1942008342203783
I3810.AG,Spain,Spain_NazariPeriod_Muslim_African.AG,400.0,0.0895740762352943,-0.9893918401566151,-2.2052404152723266,-1.1050380212317332
I3866.AG,Spain,Spain_Visigoth_Barcelona.AG,1300.0,0.0882302150130271,-1.1375398851517915,-2.3386561813807107,-1.263790055423297
I3874.AG,France,France_EBA_BellBeaker.AG,4065.0,0.55970698595047,-1.046301987999112,-0.8741003723854576,-0.4518519174694362
I3875.AG,France,France_EBA_BellBeaker.AG,3985.0,0.6730350852012634,-0.9717388664871518,-0.7945734390481755,-0.4520795312144199
I3876.AG,Italy,Italy_Sicily_LBA.AG,2928.0,0.6428050398826599,-0.06628646527007477,-0.7422812045121587,0.4531870848860951
I3879.AG,Bulgaria,Bulgaria_MalakPreslavets_N_oHighEEF.AG,7550.0,0.133900448679924,1.2833361178047262,-0.27793662250997764,0.2864447054949095
I3947.AG,Croatia,Croatia_N_Cardial.AG,7834.0,0.6499955654144287,0.7752128355148542,-0.03003734171423122,0.5835412752671011
I3948.AG,Croatia,Croatia_N_Cardial.AG,7863.0,0.6528714895248413,0.7984190556743519,-0.05604368113551741,0.6109686546683224
I3965.AG,Israel,Israel_MLBA.AG,3650.0,0.58199143409729,1.4454347466446877,-1.027602535298768,1.901595194701456
I3966.AG,Israel,Israel_MLBA.AG,3650.0,0.6143260598182678,1.4512069694554255,-1.0118205149241255,1.893801562889276
I3980.AG,Spain,Spain_Roman_oAfrica.AG,1387.0,0.2644951939582824,-1.0761390100672816,-2.309461619910725,-1.1942499166087417
I4054.AG,Spain,Spain_Roman_oAfrica_brother.I3983.AG,1650.0,0.2244364023208618,-1.0973249614840355,-2.413862901108036,-1.2869254407354904
I4068.AG,Netherlands,Netherlands_LNB_BellBeaker.AG,3985.0,0.4020687639713287,-1.2586905148441987,0.13356871650899083,-0.2105646084467689
I4069.AG,Netherlands,Netherlands_LNB_BellBeaker.AG,3966.0,0.6140275597572327,-1.242542843173091,0.1428093171129391,-0.19004409070128153
I4070.AG,Netherlands,Netherlands_EBA.AG,3703.0,0.5935581922531128,-1.2582253742503138,0.13737668244860624,-0.21607191161764439
I4071.AG,Netherlands,Netherlands_EBA.AG,3717.0,0.6617488861083984,-1.2331194484344108,0.10918298019748393,-0.2147150879683489
I4073.AG,Netherlands,Netherlands_LNB_BellBeaker.AG,3992.0,0.6474595069885254,-1.2442366453289118,0.1065032689958745,-0.19800391924111105
I4075.AG,Netherlands,Netherlands_LNB_BellBeaker.AG,3950.0,0.6585316061973572,-1.2810871692947683,0.1321157852042682,-0.2199454294114346
I4076.AG,Netherlands,Netherlands_BellBeaker.AG,3763.0,0.3790170848369598,-1.2521695323924285,0.13511336932059057,-0.22119373359751693
I4088.AG,Romania,Romania_C_Bodrogkeresztur.AG,6191.0,0.6007057428359985,1.287017813897764,0.4157822648546463,0.012111311317766809
I4089.AG,Romania,Romania_C_Bodrogkeresztur.AG,5636.0,0.6670935153961182,1.2556414378957277,0.41253057482968447,-0.00898940177448135
I4109.AG,Italy,Italy_Sicily_MBA_o3.AG,3516.0,0.6725873947143555,-0.056165646205123265,-0.7689327934930311,0.36656886471086936
I4110.AG,Ukraine,Ukraine_Eneolithic_SeredniiStih_oHG.AG,5394.0,0.5000888109207153,-0.0806802634811102,1.4016384623121747,0.16594191366287095
I4111.AG,Ukraine,Ukraine_N.AG,6593.0,0.6258612275123596,-0.07079013196274274,1.3725044865253313,0.18981952951517617
I4114.AG,Ukraine,Ukraine_N.AG,7350.0,0.5055842995643616,-0.08516223857522659,1.3394803130474275,0.17367163565085583
I4167.AG,Croatia,Croatia_N_Starcevoup.POP07.AG,6635.0,0.0509508028626441,0.7628027019273638,6.876954316847818e-05,0.5797007077207682
I4168.AG,Croatia,Croatia_MN_Sopotup.POP14.AG,6588.0,0.1744426041841507,0.7945868430669317,-0.007706880925167345,0.5974362515759715
I4178.AG,Hungary,Hungary_EBA_BellBeaker.AG,4300.0,0.5028941035270691,1.6832604114607406,0.04949756925547025,-1.0454294879544557
I4184.AG,Hungary,Hungary_LN_Sopot.AG,6754.0,0.3704405426979065,1.6444066152985097,0.0943126227834646,-1.0191198785709505
I4186.AG,Hungary,Hungary_MN_AVK_Esztar.AG,7050.0,0.0532273389399051,1.712774120982015,0.09394989447636544,-1.041713438839718
I4188.AG,Hungary,Hungary_MN_AVK.AG,7050.0,0.2487767785787582,1.6370621031921964,0.005819182493161593,-1.024471758316465
I4189.AG,Hungary,Hungary_C_Balaton_Lasinja.AG,6050.0,0.6559395790100098,1.6553352436490245,0.05474092290707123,-0.9885196443667632
I4196.AG,Hungary,Hungary_MN_LBK.AG,7050.0,0.5528173446655273,1.655843505682701,0.1036737791075651,-1.0017773267785668
I4199.AG,Hungary,Hungary_MN_AVK_Tiszadob.AG,7050.0,0.2379180043935775,1.6245472662441023,0.05815140894930753,-1.0019413001038704
I4247.AG,Spain,Spain_C.AG,4302.0,0.1644354164600372,-1.1459014293638583,-2.3310494018135173,-1.2223100156273647
I4251.AG,Poland,Poland_BellBeaker.AG,4219.0,0.0699522197246551,-0.1533765530782656,1.8385945259395464,-0.4992948533614695
I4253.AG,Poland,Poland_BellBeaker.AG,4266.0,0.3865182399749756,-0.18230150625765074,1.8704132039241033,-0.4908850794699866
I4303.AG,France,France_MN_1.AG,6624.0,0.6387953758239746,-1.0188751098405635,-0.8804431221999355,-0.4769250521562642
I4331.AG,Croatia,Croatia_MBA.AG,3519.0,0.6164509057998657,0.794639936878561,-0.014323552940649914,0.609074389952143
I4332.AG,Croatia,Croatia_MBA.AG,3508.0,0.6248311996459961,0.8316544605140642,-0.001406876864579971,0.6438369107551475
I4432.AG,Latvia,Latvia_Mesolithic.AG,7958.0,0.634069561958313,-0.6224204022698966,0.3805363090089436,0.030677665083133163
I4434.AG,Latvia,Latvia_Mesolithic.AG,7441.0,0.633144199848175,-0.6335649099655718,0.39564822662916493,0.022460039547157088
I4435.AG,Latvia,Latvia_MN_o3.AG,5972.0,0.6235141158103943,-0.6123359519883604,0.3777257428817615,0.05870596879364442
I4436.AG,Latvia,Latvia_MN_o2.AG,6109.0,0.6387823820114136,-0.6221233225394205,0.4104720806036849,0.011565743234996878
I4437.AG,Latvia,Latvia_MN.AG,6164.0,0.6269811987876892,-0.6454592105557315,0.3787504619318199,0.029464730973372065
I4438.AG,Latvia,Latvia_Mesolithic.AG,7248.0,0.6438472270965576,-0.6364831652922854,0.3714516237122894,0.02987034286710005
I4439.AG,Latvia,Latvia_Mesolithic.AG,7646.0,0.6442859768867493,-0.646674499000786,0.37586356363081397,0.027679912375094876
I4440.AG,Latvia,Latvia_Mesolithic.AG,7074.0,0.6254386901855469,-0.6453591750352616,0.37952991989631274,0.027937149978506406
I4441.AG,Latvia,Latvia_EN.AG,6718.0,0.6348554491996765,-0.6249606626395606,0.3858319828790004,0.03254191621131938
I4517.AG,Israel,Israel_IA.AG,2951.0,0.3701947927474975,1.4394287536092871,-1.03718520963918,1.9003810334653528
I5207.AG,Austria,Austria_N_LBK.AG,7100.0,0.7823883295059204,0.6257546117422592,-0.6200905912360979,-0.13373729431897285
I5208.AG,Austria,Austria_N_LBK.AG,7100.0,0.7665579915046692,0.5944301799681225,-0.6343393065452253,-0.13924575404205536
I5358.AG,UnitedKingdom,Wales_N.AG,4918.0,0.2127017378807068,-1.4875344354537834,0.05251517806621629,0.6287121062408365
I5359.AG,UnitedKingdom,Wales_N.AG,5600.0,0.4549887180328369,-1.5138996628164993,0.03124563184167295,0.6069195321160279
I5365.AG,UnitedKingdom,England_LIA.AG,1960.0,0.1040759533643722,-1.5559820941868663,0.12582437439673436,0.6048384927957188
I5366.AG,UnitedKingdom,England_N.AG,5516.0,0.4961277842521667,-1.549482856638337,0.10980377428014552,0.5781632603739402
I5367.AG,UnitedKingdom,Scotland_BellBeaker.AG,4312.0,0.6415382623672485,-1.5505191438600268,0.04162493464014255,0.5746454287276364
I5371.AG,UnitedKingdom,Scotland_N.AG,5600.0,0.2883359789848327,-1.4438845520823607,0.1142804199309047,0.6849397393420954
I5373.AG,UnitedKingdom,England_C_EBA_lowEEF.AG,4034.0,0.2026296555995941,-1.4191175139580665,0.12083124390378934,0.651854638562461
I5376.AG,UnitedKingdom,England_BellBeaker_lowEEF.AG,4216.0,0.1261073499917984,-1.4887424901705018,0.1458940753415964,0.6599998834776951
I5379.AG,UnitedKingdom,England_BellBeaker_highEEF.AG,4333.0,0.5954430103302002,-1.5067572946162016,0.18731049387575605,0.53032981946309
I5382.AG,UnitedKingdom,England_BellBeaker.AG,4070.0,0.2773166298866272,-1.4825113216279657,0.0652401057033924,0.628217040169653
I5385.AG,UnitedKingdom,Scotland_BellBeaker.AG,4230.0,0.4696803689002991,-1.5240503025686876,0.15932169771944293,0.5242717948712141
I5387.AG,UnitedKingdom,England_N.AG,4850.0,0.2883619368076324,-1.5036671154385273,0.0590730444337864,0.6441083830223508
I5401.AG,Serbia,Serbia_IronGates_Mesolithic.AG,8838.0,0.4026713371276855,0.34196314154699936,0.11600961278016068,-0.0687806816625164
I5402.AG,Serbia,Serbia_IronGates_Mesolithic.AG,8156.0,0.6991280913352966,0.3087279267948273,0.12275588826989546,-0.10185575581482781
I5405.AG,Serbia,Serbia_IronGates_N.AG,7684.0,0.1807783097028732,0.3312009658221569,0.12731825822373935,-0.07165233378593991
I5407.AG,Serbia,Serbia_IronGates_Mesolithic.AG,8000.0,0.7275819182395935,0.31002872747222293,0.117904056760471,-0.07773602833767354
I5408.AG,Romania,Romania_IronGates_Mesolithic.AG,8704.0,0.4521947503089905,1.2273498191037695,0.412674473700191,-0.023542977582119807
I5409.AG,Serbia,Serbia_IronGates_Mesolithic_o.AG,9500.0,0.506345808506012,0.3632304258331644,0.1430083732462289,-0.07054599153749115
I5411.AG,Romania,Romania_IronGates_Mesolithic.AG,8600.0,0.6106707453727722,1.1802992143872266,0.4034364399507922,-0.024571588263334283
I5427.AG,Greece,Greece_Peloponnese_N.AG,7883.0,0.6597805619239807,1.890687504057618,-0.4787574984805285,2.127564793054723
I5428.AG,Portugal,Portugal_LN_Megalithic.AG,5165.0,0.3503207266330719,-1.1306277094149368,-1.366697094964427,-0.5023506971097027
I5429.AG,Portugal,Portugal_C.AG,4866.0,0.7618386745452881,-1.1281612796172058,-1.374093691292238,-0.5047715765562639
I5436.AG,Romania,Romania_IronGates_Mesolithic.AG,9025.0,0.6288327574729919,1.2305225796873085,0.4255738008214066,-0.005107728651717612
I5440.AG,UnitedKingdom,Wales_MBA_lowEEF.AG,3383.0,0.1564257591962814,-1.4408111547539757,0.0761247650335333,0.6400840995611297
I5441.AG,UnitedKingdom,England_C_EBA.AG,3750.0,0.187208890914917,-1.5505943009539613,0.11100534965291135,0.6166564909830623
I5471.AG,UnitedKingdom,Scotland_C_EBA_mediumhighEEF.AG,4063.0,0.533881664276123,-1.490448389767194,-0.0015864989200101115,0.619666380288737
I5658.AG,Germany,Germany_BellBeaker.AG,4200.0,0.2485107630491256,-0.3406651672016708,-0.17208647749476644,0.7918856457939878
I5659.AG,Germany,Germany_BellBeaker.AG,4200.0,0.098483145236969,-0.39650995214777857,-0.18929710904525104,0.7827462197272368
I5665.AG,Spain,Spain_C_oSteppe.AG,4077.0,0.4160134494304657,-1.187809407645379,-2.38924437057391,-1.2833142957156316
I5666.AG,Czechia,Czechia_BellBeaker.AG,4250.0,0.2457021921873092,-0.38774602424855087,0.0452358872234832,0.2284587020992977
I5686.AG,Slovenia,Slovenia_EIA_son.I22934.brother.I22935.brother.I5684.brother.I5685.AG,2688.0,0.7540910243988037,3.9377453112913283,-0.6223907181717265,0.46411458832380065
I5691.AG,Slovenia,Slovenia_EIA.AG,2605.0,0.6551796197891235,3.9381104412054193,-0.6256127545632195,0.46451308061753943
I5692.AG,Slovenia,Slovenia_EIA.AG,2693.0,0.7510926723480225,3.9415838793531845,-0.6319679005745595,0.4683441004770121
I5693.AG,Slovenia,Slovenia_EIA.AG,2674.0,0.7518168687820435,3.9512754935600873,-0.6264360333091327,0.47860534832378326
I5957.AG,Ukraine,Ukraine_N.AG,7287.0,0.066937655210495,-0.10870003290852812,1.446054104797042,0.19266143129292426
I6181.AG,Romania,Romania_EN_Starcevo_contam.AG,7600.0,0.1085592806339263,1.2445067642179561,0.4165488974622611,-0.015084893747568065
I6184.AG,Romania,Romania_MLBA.AG,3625.0,0.1986856609582901,1.2583161934282932,0.4289589287987708,-0.00019437276185449188
I6185.AG,Romania,Romania_MLBA.AG,3685.0,0.05607321113348,1.2441629758326318,0.42716336682955247,-0.01678323598818864
I6470.AG,Spain,Spain_EBA.AG,3609.0,0.5847440361976624,-1.1329171209445816,-2.3200126410049844,-1.2675255379724628
I6480.AG,Czechia,Czechia_BellBeaker.AG,4150.0,0.3678258061408996,-0.37128794125089065,0.02897741522715908,0.19428392236940775
I6531.AG,Poland,Poland_ChopiceVeseleCulture.AG,4113.0,0.6733465194702148,-0.2059036731268904,1.8299670704433604,-0.510545330811171
I6534.AG,Poland,Poland_BellBeaker.AG,4237.0,0.0621761493384838,-0.15695941167532781,1.844725451627309,-0.5289057317661905
I6537.AG,Poland,Poland_ChopiceVeseleCulture.AG,4130.0,0.4546107649803161,-0.17537625436121732,1.8379751651777407,-0.4955902554633111
I6539.AG,Spain,Spain_C_oSteppe.AG,4200.0,0.3448211848735809,-1.143707714301348,-2.2905803915943963,-1.2195467020795965
I6542.AG,Spain,Spain_C.AG,4100.0,0.1409968882799148,-1.1477843070071188,-2.3551491718188062,-1.2727890886625948
I6543.AG,Spain,Spain_C.AG,4100.0,0.0915399938821792,-1.215736679068256,-2.3596224036699454,-1.309959202072989
I6579.AG,Poland,Poland_EBA.AG,4155.0,0.6756044030189514,-0.18451974541715027,1.845218700017742,-0.519730182015689
I6580.AG,Poland,Poland_BellBeaker.AG,4175.0,0.5606185793876648,-0.17932341173684108,1.8348448908477024,-0.5026001711672226
I6581.AG,Poland,Poland_BellBeaker_father.I6582_father.I6535.AG,4228.0,0.5380997657775879,-0.18044620069735728,1.8292386963428031,-0.5151876574886229
I6582.AG,Poland,Poland_BellBeaker.AG,4171.0,0.6774559617042542,-0.16399275842658992,1.8495248968802265,-0.5211144550475625
I6583.AG,Poland,Poland_BellBeaker.AG,4138.0,0.708359956741333,-0.206553485193728,1.8181308832412153,-0.49033573265202934
I6584.AG,Spain,Spain_C.AG,4200.0,0.1454688608646392,-1.1025080505960005,-2.352264692553883,-1.2568478414982291
I6587.AG,Spain,Spain_C.AG,4200.0,0.1187075898051261,-1.1525871651310238,-2.385859154343693,-1.251613120384097
I6588.AG,Spain,Spain_C_oSteppe.AG,4200.0,0.0951555222272872,-1.1656524591793456,-2.363344502287404,-1.2617354078940886
I6590.AG,Germany,Germany_BellBeaker.AG,4200.0,0.7041377425193787,-0.36835911548893707,-0.18552041883831413,0.805102523059702
I6591.AG,Germany,Germany_BellBeaker.AG,4200.0,0.6978847980499268,-0.38658603069630326,-0.2086785667184226,0.7883571550203267
I6601.AG,Portugal,Portugal_C.AG,4650.0,0.3431228995323181,-1.1570850122918286,-1.365847199931746,-0.4557542685574027
I6604.AG,Spain,Spain_C.AG,3947.0,0.1712252795696258,-1.1476446457211986,-2.4007231728526763,-1.2631144327468455
I6608.AG,Spain,Spain_C.AG,3840.0,0.0983736589550972,-1.1732430232826485,-2.400664071484668,-1.2906960821543554
I6617.AG,Spain,Spain_C.AG,4550.0,0.3222034275531769,-1.1079207093911692,-2.320028315075805,-1.238662132907659
I6618.AG,Spain,Spain_EBA.AG,3735.0,0.4188536405563354,-1.1379474764010165,-2.3463612563660523,-1.2924758296267196
I6623.AG,Spain,Spain_C_oSteppe.AG,4100.0,0.5347105264663696,-1.183669825940189,-2.3849012660554507,-1.2389423036289655
I6624.AG,Germany,Germany_BellBeaker.AG,4200.0,0.5375944972038269,-0.3958958629462085,-0.24185138374738868,0.778906401385559
I6628.AG,Spain,Spain_C.AG,4550.0,0.0994693487882614,-1.107740395301864,-2.414818409662186,-1.2291379283575503
I3321.AG,Spain,Spain_IA.AG,2150.0,0.3221758306026459,-1.152127786171475,-2.378181586060566,-1.235276545787686
I7427.AG,Spain,Spain_Islamic_oAfrica.AG,1000.0,0.0746869668364524,-1.1089743611102327,-2.284377536681485,-1.216608734355142
I0018.AG,Germany,Germany_EN_LBK.AG,7168.0,0.7823494076728821,-0.33429399914788577,-0.19838788916055156,0.7824717089546275
I0025.AG,Germany,Germany_EN_LBK.AG,7125.0,0.7416191101074219,-0.3292662724689097,-0.19376589725045462,0.7412301851846779
I0046.AG,Germany,Germany_EN_LBK.AG,7041.0,0.768983781337738,-0.29998279967411723,-0.2157710892186725,0.7480931170954821
I0048.AG,Germany,Germany_EN_LBK.AG,7057.0,0.3697649538516998,-0.2502584486185794,-0.2028093696260301,0.8223462343602959
I0054.AG,Germany,Germany_EN_LBK.AG,7074.0,0.8531029224395752,-0.3032765157152436,-0.2021123788523592,0.753360525525313
I0056.AG,Germany,Germany_EN_LBK.AG,7059.0,0.3126755356788635,-0.37232588568214636,-0.22459422351669286,0.7436740165734664
I0057.AG,Germany,Germany_EN_LBK.AG,7070.0,0.2141688764095306,-0.32019063435957457,-0.2553790783127031,0.7916629598861308
I0070.AG,Greece,Greece_Crete_HgCharalambos_EMBA.AG,4000.0,0.515179455280304,1.9079759841585644,-0.4744413379909087,2.1901577298185355
I0071.AG,Greece,Greece_Crete_HgCharalambos_EMBA.AG,4000.0,0.808416485786438,1.9094233623342158,-0.487793083543215,2.2126468947884486
I0073.AG,Greece,Greece_Crete_HgCharalambos_EMBA.AG,4000.0,0.5367494225502014,1.9068778291403943,-0.4861268489491603,2.1799864058715746
I0074.AG,Greece,Greece_Crete_HgCharalambos_EMBA.AG,4000.0,0.4255007803440094,1.9044838897128908,-0.5048843588607916,2.1947880046933967
I0100.AG,Germany,Germany_EN_LBK.AG,6944.0,0.8328192830085754,-0.33675542979207496,-0.18991619202431947,0.7358876585851692
I0103.AG,Germany,Germany_CordedWare.AG,4472.0,0.9076773524284364,-0.39393585669787123,-0.1907592991970129,0.7671618482202585
I0104.AG,Germany,Germany_CordedWare.AG,4358.0,0.8190457224845886,-0.37042140404344565,-0.1611354330943878,0.7524641151215123
I0116.AG,Germany,Germany_EBA_Unetice.AG,3978.0,0.5677482485771179,-0.41572836190776735,-0.2234500761401063,0.7773315681629926
I0118.AG,Germany,Germany_LN_Alberstedt.AG,4325.0,0.8918113708496094,-0.36095969479379997,-0.21676563866606868,0.7378381451006754
I0406.AG,Spain,Spain_MLN.AG,5700.0,0.6387264132499695,-1.1455069644590916,-2.368726462316836,-1.2542778191667947
I0408.AG,Spain,Spain_MLN.AG,5686.0,0.7886632084846497,-1.1330178724801523,-2.378221838164001,-1.268577920769818
I0410.AG,Spain,Spain_EN.AG,7106.0,0.4752496480941772,-1.1441347499068766,-2.3607481295907284,-1.2774552765699032
I0412.AG,Spain,Spain_EN.AG,7177.0,0.842078685760498,-1.073175487018128,-2.3745009674513984,-1.2209024036979312
I0413.AG,Spain,Spain_EN.AG,7143.0,0.5864901542663574,-1.1148599515651862,-2.338805386562519,-1.2538634362638859
I0519.AG,UnitedKingdom,England_N.AG,5180.0,0.074984610080719,-1.4540237997303458,0.07957706557120083,0.5475653159099768
I0525.AG,UnitedKingdom,England_EastYorkshire_LIA.AG,1975.0,0.202339306473732,-1.4969195792311205,-0.03088393236497336,0.555754559111974
I0581.AG,Spain,Spain_C.AG,4746.0,0.8644921183586121,-1.1579530592342884,-2.4015686715287403,-1.2519598486203596
I0659.AG,Germany,Germany_EN_LBK.AG,7031.0,0.5097448229789734,-0.3118792058096848,-0.1812642506282167,0.8014919287077873
I0698.AG,Bulgaria,Bulgaria_N.AG,7900.0,0.6192238330841064,1.327232742239325,-0.30725009610425336,0.3019037324716324
I0700.AG,Bulgaria,Bulgaria_MalakPreslavets_N_oLowEEF_1d.rel.I1108.AG,7550.0,0.3123503029346466,1.2941857040739504,-0.27494986824926937,0.3008402573332635
I0704.AG,Bulgaria,Bulgaria_N.AG,7892.0,0.0848782584071159,1.3215703969556118,-0.2900400172875798,0.32027932578703067
I0704_enhanced.AG,Bulgaria,Bulgaria_N.AG,7892.0,0.1089274808764457,1.32224609392801,-0.31038638994364176,0.323822969337913
I0706.AG,Bulgaria,Bulgaria_N_oEEF.AG,7899.0,0.2181250303983688,1.3251350071148262,-0.29235631323138267,0.31362472911183537
I0723_enhanced.AG,Turkey,Turkey_Marmara_Mentese_N.AG,7870.0,0.5978371500968933,1.4280403351384028,-0.5676688569775932,0.8929256724905744
I0724_enhanced.AG,Turkey,Turkey_Marmara_Mentese_N.AG,7950.0,0.2014617919921875,1.4893570810073926,-0.6068841782772986,0.9617673862652066
I0727_enhanced.AG,Turkey,Turkey_Marmara_Mentese_N.AG,7950.0,0.158008873462677,1.4442923377832682,-0.5997425652167336,0.9423586843238922
I0821.AG,Germany,Germany_EN_LBK.AG,6938.0,0.3372608423233032,-0.36512922704086886,-0.1813935234470545,0.7595695679079189
I0839.AG,Portugal,Portugal_C.AG,4264.0,0.0774582251906395,-1.1365182354149448,-1.3706629545487214,-0.4904100447459902
I0854_enhanced.AG,Turkey,Turkey_Marmara_Barcin_N_sister.of.I0736.AG,8104.0,0.6543905138969421,1.4614505164227574,-0.594540102960262,0.9616695894127341
I0861.AG,Israel,Israel_Natufian.AG,12700.0,0.097841627895832,1.4316604767862169,-1.0532084932692996,1.9148804017472165
I10045.AG,Croatia,Croatia_C_Lasinja.AG,6050.0,0.6963778734207153,0.8040966526284468,-0.02152016406849294,0.6139346675858289
I10046.AG,Croatia,Croatia_C_Lasinja.AG,6050.0,0.5848097205162048,0.8082897097610047,0.008039173698874419,0.6141283005297807
I10047.AG,Croatia,Croatia_C_Lasinja.AG,6050.0,0.6518722772598267,0.8024047563952392,-0.010673693538159897,0.5847764835170479
I10048.AG,Croatia,Croatia_C_Lasinja.AG,6050.0,0.683491587638855,0.8352184071279952,0.019992006948619082,0.6534812014174568
I10049.AG,Croatia,Croatia_C_Lasinja.AG,6050.0,0.709831953048706,0.8286102843367302,0.03696595817687551,0.6331119944835514
I10050.AG,Croatia,Croatia_C_Lasinja.AG,6050.0,0.4508784711360931,0.7595961358428641,0.0029773763940794456,0.5998618470266927
I10052.AG,Croatia,Croatia_C_Lasinja.AG,6095.0,0.1446043103933334,0.8361080954517401,-0.010344673090269865,0.6296510244612935
I10053.AG,Croatia,Croatia_C_Lasinja.AG,6050.0,0.540118396282196,0.8532371936064308,-0.01688877481319005,0.6020343749080479
I10054.AG,Croatia,Croatia_C_Lasinja.AG,6050.0,0.7169551253318787,0.8127307196954527,-0.027114546883703943,0.6028062393582162
I10055.AG,Croatia,Croatia_N.AG,7727.0,0.5758998394012451,0.7710514700631459,-0.014134432413029651,0.5423854771439208
I10056.AG,Croatia,Croatia_C_Lasinja.AG,6050.0,0.6078735589981079,0.7606206298616747,0.013389645809304502,0.6416086412631438
I10057.AG,Croatia,Croatia_C_Lasinja.AG,6050.0,0.6479558348655701,0.8227677331962459,-0.02575729867667743,0.6250743705698085
I10058.AG,Croatia,Croatia_C_Lasinja_contam.AG,6050.0,0.0984717905521392,0.7954381756783294,-0.013098617354085683,0.6625313854423645
I10061.AG,Croatia,Croatia_C_Lasinja_father.I10294.AG,6050.0,0.5920748710632324,0.7932860238269414,0.01200831988277108,0.621943669520846
I10062.AG,Croatia,Croatia_C_Lasinja.AG,6050.0,0.6603458523750305,0.8495735929443646,-0.019641137489540838,0.6458781583684281
I10063.AG,Croatia,Croatia_C_Lasinja.AG,6050.0,0.6416493654251099,0.8404512222370192,0.0038513750629234804,0.6203421263080178
I10064.AG,Croatia,Croatia_C_Lasinja.AG,6050.0,0.5510258078575134,0.8019489840140266,-0.04834416794876761,0.6507941902799507
I10065.AG,Croatia,Croatia_C_Lasinja.AG,6050.0,0.657843828201294,0.814873687101521,0.02542146913555006,0.6015347448916561
I10068.AG,Croatia,Croatia_C_Lasinja_father.I10070.I10074.AG,6050.0,0.6827787160873413,0.8442326549568765,-0.005406243452526189,0.6305609506191702
I10069.AG,Croatia,Croatia_C_Lasinja.AG,6050.0,0.6372674107551575,0.8156004526753811,0.0017477663060744256,0.6745376118412851
I10070.AG,Croatia,Croatia_C_Lasinja.AG,6050.0,0.7054410576820374,0.758684103488656,0.02429423247481195,0.670823857221812
I10071.AG,Croatia,Croatia_C_Lasinja.AG,6050.0,0.3344660699367523,0.8171231239022817,-0.032864524831327,0.640644183382567
I10072.AG,Croatia,Croatia_C_Lasinja.AG,6050.0,0.6691665053367615,0.8058199395108253,-0.047954812631548875,0.597465867903749
I10092.AG,Israel,Israel_MLBA.AG,3750.0,0.3909618258476257,1.4475142148668076,-1.0323194854538233,1.923434872190517
I10093.AG,Israel,Israel_MLBA.AG,3750.0,0.5687928795814514,1.4385571262883108,-1.0212756817962092,1.905426564512591
I10097.AG,Israel,Israel_MLBA.AG,3500.0,0.3893762528896332,1.4293307123236014,-1.0259081257208262,1.8895704675244656
I10099.AG,Israel,Israel_MLBA.AG,3500.0,0.4506343305110931,1.4435330531809436,-1.0022500862526813,1.8924472268690575
I10100.AG,Israel,Israel_MLBA_oCaucasus.AG,3548.0,0.2155492305755615,1.4409995068695438,-1.0311946871407098,1.924621567372734
I10101.AG,Israel,Israel_MLBA.AG,3500.0,0.0652758702635765,1.4384558444109112,-1.0305091588676425,1.9464925601753893
I10104.AG,Israel,Israel_MLBA.AG,3825.0,0.0941458046436309,1.4497643833393474,-1.0360925536358865,1.934947708707194
I10106.AG,Israel,Israel_MLBA.AG,3550.0,0.1845487505197525,1.4472580388008882,-1.0053549196342446,1.8981118434518087
I10167.AG,NorthMacedonia,NorthMacedonia_Classical_Hellenistic.AG,2071.0,0.1277642697095871,1.3383002736171379,-0.6619891087452727,1.3631195676879337
I10263.AG,Israel,Israel_MLBA.AG,3500.0,0.0872456356883049,1.437031676421422,-1.0356282550299076,1.9205189233430804
I10264.AG,Israel,Israel_MLBA.AG,3750.0,0.2380542606115341,1.4364922665007906,-1.0221162358703233,1.8959263480338768
I10266.AG,Israel,Israel_MLBA.AG,3462.0,0.1788740307092666,1.4512054615534826,-1.0310626624604708,1.9253030164706197
I10268.AG,Israel,Israel_MLBA.AG,3853.0,0.3793690800666809,1.4276250995479909,-1.0078914996567987,1.889249555117231
I10270.AG,Israel,Israel_MLBA_sister.I10101.AG,3500.0,0.0519191622734069,1.4320014553076064,-1.0313965481645158,1.9383831793430049
I10271.AG,Croatia,Croatia_C_Lasinja.AG,6050.0,0.5429723858833313,0.808717103383761,0.008981089452483727,0.6699599495239403
I10272.AG,Croatia,Croatia_C_Lasinja.AG,6023.0,0.2428303658962249,0.8083582949786714,0.006353308371606531,0.6345935489588659
I10273.AG,Croatia,Croatia_C_Lasinja.AG,6050.0,0.5372287034988403,0.792202425777888,0.021715488515992594,0.650494406984105
I10274.AG,Croatia,Croatia_C_Lasinja.AG,6050.0,0.1221868693828582,0.803880727482972,-0.02407101993639163,0.6298308516375258
I10275.AG,Croatia,Croatia_C_Lasinja.AG,6050.0,0.0827914997935295,0.8395859763705228,-0.0011406586133956781,0.615922798007402
I10277.AG,Spain,Spain_MLN.AG,4900.0,0.3603149354457855,-1.136392350430972,-2.3892222839408794,-1.243200755647448
I10278.AG,Spain,Spain_MLN.AG,4900.0,0.3389542400836944,-1.1408853632149503,-2.3882258855783465,-1.2455732889926105
I10280.AG,Spain,Spain_MLN.AG,4900.0,0.265470027923584,-1.1511402098696608,-2.3715462698236665,-1.287375222171807
I10283.AG,Spain,Spain_MLN.AG,4900.0,0.1133224070072174,-1.1479696697613841,-2.389201208013107,-1.2625097078945906
I10284.AG,Spain,Spain_MLN.AG,4900.0,0.0982455164194107,-1.1249813555291794,-2.4162289658246676,-1.288503845606641
I10285.AG,Spain,Spain_MLN.AG,4900.0,0.25477996468544,-1.1269685794846949,-2.353755932998762,-1.2466738940219142
I10287.AG,Spain,Spain_MLN.AG,4900.0,0.5070076584815979,-1.1610296966056475,-2.3371565123892672,-1.2735778543405225
I10291.AG,Croatia,Croatia_C_Lasinja.AG,6050.0,0.2034139186143875,0.7811441857375311,-0.008476743236369717,0.6168325638065191
I10293.AG,Croatia,Croatia_C_Lasinja.AG,6093.0,0.670687198638916,0.7986478646442554,0.010038728332809024,0.5587936523933631
I10294.AG,Croatia,Croatia_C_Lasinja.AG,6050.0,0.743494987487793,0.7707295784045709,-0.004313696081694581,0.5938868657533068
I10297.AG,Croatia,Croatia_C_Lasinja.AG,6050.0,0.7638670206069946,0.7806109180428815,0.0018224295733102608,0.5879126460836893
I10299.AG,Croatia,Croatia_C_Lasinja.AG,6050.0,0.485673725605011,0.7973823869065736,-0.016102086630364252,0.5933932964280126
I10303.AG,Croatia,Croatia_C_Lasinja.AG,6050.0,0.5875380039215088,0.8378582689292559,-0.052274505637762037,0.6440504513107745
I10342.AG,France,France_EBA.AG,3728.0,0.8001196980476379,-1.0528721548037359,-0.8485907605402491,-0.4605687805047599
I10343.AG,France,France_EBA.AG,3732.0,0.702415943145752,-1.0145769656930488,-0.8786401831754875,-0.48788095620712
I10344.AG,France,France_MBA.AG,3314.0,0.7052609920501709,-0.9803238963340938,-0.8379413080173337,-0.4385347517497193
I10345.AG,France,France_EBA_BellBeaker_oEEF.AG,4299.0,0.6808638572692871,-1.0058655104863854,-0.8714603432559549,-0.4682527509164637
I10347.AG,France,France_EBA.AG,3527.0,0.6883658170700073,-0.9717126923115883,-0.8075623266397421,-0.4248520836212901
I10348.AG,France,France_EBA.AG,3642.0,0.6932514309883118,-0.9555038386706742,-0.8700328870446618,-0.49571589791845994
I10349.AG,Hungary,Hungary_MN_AVK_o.AG,7087.0,0.6576629877090454,1.5970754081980203,0.02379064518271872,-1.014225920534127
I10350.AG,Hungary,Hungary_MN_AVK_o.AG,7204.0,0.6744519472122192,1.7016030755079217,0.12118848289955468,-1.015227122713597
I10351.AG,Hungary,Hungary_MN_AVK.AG,7214.0,0.6789709329605103,1.7261932619322131,0.07863933953670468,-1.0389439734959038
I10352.AG,Hungary,Hungary_MN_AVK.AG,6928.0,0.6974841356277466,1.5916422331976663,0.04236936547665878,-0.9115569154690134
I10353.AG,Hungary,Hungary_MN_AVK.AG,7143.0,0.6979634165763855,1.5989343332261905,0.08477723011714913,-0.8683771052959603
I10355.AG,Hungary,Hungary_MN_AVK.AG,7214.0,0.0715410113334655,1.6732192488159428,0.03633071292075079,-1.0714781779960965
I10359.AG,Israel,Israel_MLBA.AG,3512.0,0.0735280141234397,1.4561293471630914,-1.0181259337031485,1.909589681103008
I10364.AG,Italy,Italy_Sardinia_LBA.AG,2925.0,0.5656169056892395,-0.1355859719345452,-0.7602087357299538,0.3584582279547849
I10365.AG,Italy,Italy_Sardinia_MBA_o.AG,3404.0,0.4831052124500274,-0.02813151962388592,-0.7068756210897995,0.43468615368062385
I10366.AG,Italy,Italy_Sardinia_IA_1.AG,2244.0,0.5799087285995483,-0.07284070216224074,-0.7423217900436162,0.41166541982943133
I10943.AG,Italy,Italy_Sicily_Himera_480BCE_NEurope.AG,2430.0,0.5761447548866272,-0.06518016246285657,-0.6514803838042029,0.39301697408610253
I10945.AG,Italy,Italy_Sicily_Himera_480BCE_Greek.AG,2430.0,0.6071557998657227,-0.013479353123552137,-0.7267094584132628,0.453904765205398
I10946.AG,Italy,Italy_Sicily_Himera_480BCE_Balkan.AG,2430.0,0.5258549451828003,-0.06932021781241984,-0.7254328247738264,0.4382939534409985
I10947.AG,Italy,Italy_Sicily_Himera_480BCE_Sarmatian.AG,2430.0,0.603079617023468,0.03637489040285511,-0.690887567940849,0.33441868538225966
I10948.AG,Italy,Italy_Sicily_Himera_480BCE_Greek.AG,2430.0,0.5389448404312134,-0.019866420786182806,-0.6364697051669513,0.3929079239621171
I10950.AG,Italy,Italy_Sicily_Himera_480BCE_Balkan.AG,2430.0,0.6072044372558594,-0.06825514605754289,-0.6839633096536148,0.35245657985445233
I10951.AG,Italy,Italy_Sicily_Himera_480BCE_Caucasus.AG,2430.0,0.5211818814277649,-0.11304039382415255,-0.679410790919665,0.4083659554784482
I10952.AG,Italy,Italy_Sicily_Himera_480BCE_Greek.AG,2430.0,0.5316002368927002,0.019499655778127335,-0.6879294178418384,0.411488761548908
I1108.AG,Bulgaria,Bulgaria_MalakPreslavets_N_oLowEEF.AG,7550.0,0.2352400124073028,1.3240919195170078,-0.31855732304889783,0.34447245928460996
I1109.AG,Bulgaria,Bulgaria_MalakPreslavets_N_oHighEEF.AG,7550.0,0.2225175201892852,1.3252156754455635,-0.30348809413414596,0.3117204611559901
I1113.AG,Bulgaria,Bulgaria_MalakPreslavets_N.AG,7550.0,0.2061932832002639,1.3227231977279605,-0.3253893626289507,0.30603089978393694
I11158.AG,Czechia,Czechia_EBA_son.I14193_son.I7198.AG,4025.0,0.5974714159965515,-0.38095467171216973,0.09100998376964166,0.19668135985930957
I11159.AG,Czechia,Czechia_EBA_Unetice.AG,3850.0,0.6299130916595459,-0.45144275273804313,0.11074431292361225,0.21862566369958913
I11160.AG,Czechia,Czechia_EBA_Unetice_brother.I14185.AG,3850.0,0.6034721732139587,-0.36095997648138267,0.05635496268559345,0.18481881573815118
I11442.AG,Italy,Italy_Sicily_EBA.AG,4120.0,0.6361895799636841,-0.10018625350096155,-0.6938882992971328,0.40306589479425925
I11443.AG,Italy,Italy_Sicily_EBA_o2.AG,4090.0,0.6403987407684326,-0.08881476733737555,-0.6860368760715199,0.368226868779222
I11446.AG,Serbia,Serbia_EBA_Yamnaya.AG,4942.0,0.1403261721134185,0.36248085949666603,0.15969281064020338,-0.0850218379997191
I1154.AG,Israel,Israel_C.AG,5950.0,0.0933899283409118,1.4512707193175454,-1.0205963430042684,1.9328141728125656
I1160.AG,Israel,Israel_C.AG,5950.0,0.5099329948425293,1.4398548100620172,-1.027281171328243,1.9167082595794103
I1166.AG,Israel,Israel_C_father.or.son.I1169.AG,5950.0,0.5165849924087524,1.439129176610032,-1.0154986771327341,1.9111649663494679
I1169.AG,Israel,Israel_C.AG,5950.0,0.8510599732398987,1.4235523606463552,-1.0301175097111483,1.9019998054819687
I1295.AG,Bulgaria,Bulgaria_MalakPreslavets_N.AG,7550.0,0.1313068121671676,1.3345373538987437,-0.30280412408625995,0.31854627553664605
I1296_enhanced.AG,Bulgaria,Bulgaria_MalakPreslavets_N.AG,7634.0,0.0909106358885765,1.2839670744717286,-0.30166392159146166,0.30711455238234137
I1297.AG,Bulgaria,Bulgaria_MalakPreslavets_N.AG,7550.0,0.1036696285009384,1.2927573547289415,-0.33644388352993226,0.33106731807557566
I1312_d.AG,Spain,Spain_EBA.AG,3650.0,0.111373521387577,-1.1291363347016476,-2.3764208731286716,-1.2485088918567346
I1313_d.AG,Spain,Spain_EBA.AG,3650.0,0.2230017036199569,-1.1302675678837641,-2.3944844348580094,-1.2727543325933544
I1378.AG,Ukraine,Ukraine_N_son.I1732.AG,7300.0,0.1376660317182541,-0.08809270997698103,1.3928393098918985,0.18000462285318836
I1389_enhanced.AG,France,France_BellBeaker_1d.rel.I1390.AG,4361.0,0.1603454351425171,-0.9574911779381664,-0.8477113139836122,-0.45155957456575974
I1391_enhanced.AG,France,France_BellBeaker.AG,4179.0,0.14188252389431,-1.0152055747544335,-0.8475788206129652,-0.4546303889263071
I1392.AG,France,France_BellBeaker_NoSteppe.AG,4516.0,0.5453859567642212,-0.9242259763783113,-0.783634583560077,-0.5361388031548355
I1550.AG,Germany,Germany_EN_LBK.AG,7125.0,0.4733380675315857,-0.2641267855823063,-0.1843649774844175,0.8052328333197382
I1563.AG,Germany,Germany_Blatterhohle_MN.AG,5448.0,0.8007733821868896,-0.38545787829955325,-0.28144208127514775,0.7706954328765855
I1565.AG,Germany,Germany_Blatterhohle_MN_oWHG.AG,5674.0,0.730503261089325,-0.3803254312287447,-0.1827681684693911,0.7568475644740306
I1577.AG,Austria,Austria_Gravettian.AG,30200.0,0.1929306536912918,0.5895901432665045,-0.6249894118403306,-0.13695151558573596
I1579_enhanced.AG,Turkey,Turkey_Marmara_Barcin_N.AG,8072.0,0.8520234823226929,1.4466776578910963,-0.5657323397540566,0.9227613632350007
I1580.AG,Turkey,Turkey_Marmara_Barcin_N.AG,8205.0,0.8294656872749329,1.4312333981540823,-0.5863542805417403,0.8855671231711134
I1581.AG,Turkey,Turkey_Marmara_Barcin_N.AG,8252.0,0.7615994215011597,1.4405212572543566,-0.5779461919485548,0.9241838428027341
I1583.AG,Turkey,Turkey_Marmara_Barcin_N.AG,8273.0,0.8696339726448059,1.4357259988571787,-0.5694858116393317,0.9108558586643664
I1585_enhanced.AG,Turkey,Turkey_Marmara_Barcin_N.AG,8021.0,0.8608270883560181,1.4464565681780863,-0.5930311388844098,0.9519908788185008
I1593.AG,Germany,Germany_Blatterhohle_MN.AG,5527.0,0.4818813800811767,-0.3989449958583428,-0.23852697255738664,0.7544803539171387
I1733.AG,Ukraine,Ukraine_Mesolithic.AG,10200.0,0.2243926078081131,-0.0819525492033987,1.3453135198219273,0.15515548608980823
I1737.AG,Ukraine,Ukraine_Mesolithic.AG,10358.0,0.0682377219200134,-0.08875022929721155,1.38302617786723,0.17870195501951378
I1842.AG,Spain,Spain_C.AG,4850.0,0.3913324475288391,-1.15711551022791,-2.4228193081397174,-1.2752009909698008
I1845.AG,Spain,Spain_C.AG,4825.0,0.3517497479915619,-1.1257657154699783,-2.3810458520853954,-1.2653797942605407
I1846.AG,Spain,Spain_C.AG,4825.0,0.560401201248169,-1.1262722675271022,-2.3605257790432512,-1.281307983425254
I1875.AG,Croatia,Croatia_Mesolithic.AG,9056.0,0.3185059726238251,0.7200241467129619,-0.008995466715053023,0.5811371749859544
I1876.AG,Hungary,Hungary_EN_Starcevo_1.AG,7541.0,0.1818123608827591,1.6988815692305603,0.06818985481319186,-1.0532625716357706
I1877.AG,Hungary,Hungary_EN_Starcevo_2.AG,7567.0,0.6343996524810791,1.489158034422204,0.04936676702678649,-0.8591688929227664
I1878.AG,Hungary,Hungary_EN_Starcevo_1.AG,7687.0,0.5997763276100159,1.6446525703934218,0.05253106914131069,-0.9823780278863244
I1879.AG,Croatia,Croatia_Medieval_contam.AG,396.0,0.1329799443483352,0.813501148434557,0.01566330002934581,0.6138254306358023
I1880.AG,Hungary,Hungary_EN_Starcevo_2.AG,7600.0,0.4646722972393036,1.6191329325168546,0.0982129238929172,-0.9881928821957034
I1882.AG,Hungary,Hungary_MN_LBK.AG,7050.0,0.1510600447654724,1.6578303548431619,0.07918812534355785,-1.0109584169458399
I1883.AG,Hungary,Hungary_MN_LBK_o.AG,7146.0,0.055755291134119,1.640875938610368,0.08462080204889388,-1.0370015742492682
I1893.AG,Hungary,Hungary_LN_Sopot.AG,6895.0,0.0512103289365768,1.698648572615689,0.03751682631860508,-1.0240997458877477
I1904.AG,Hungary,Hungary_MN_LBK.AG,7010.0,0.6803147792816162,1.5347445717119053,-0.042018800484145996,-0.8881034344038641
I1917.AG,Ukraine,Ukraine_Ozera_EBA_Yamnaya.AG,4955.0,0.5187009572982788,-0.08020398299547113,1.3866558059225012,0.18121868980187353
I1926.AG,Ukraine,Ukraine_Eneolithic_Trypillia.AG,5649.0,0.1889071762561798,-0.05377344656800085,1.3732050351980172,0.17806891396011681
I1970.AG,Portugal,Portugal_C.AG,4635.0,0.1783111840486526,-1.1178324869056235,-1.3472508991060288,-0.486378446715416
I1976.AG,Spain,Spain_C.AG,4427.0,0.1192047446966171,-1.135397807001563,-2.3880781670231874,-1.2787038010276446
I1977.AG,Spain,Spain_EBA.AG,3475.0,0.1020629927515983,-1.1607398049847286,-2.3397952257544428,-1.283439558953017
I1978.AG,Spain,Spain_C.AG,4825.0,0.7239882946014404,-1.134426071731279,-2.3839368518732242,-1.2987475324783944
I1979.AG,Italy,Italy_North_BellBeaker_1.AG,4015.0,0.3273760974407196,-0.0826671978265863,-0.7332589026138961,0.4400169042138126
I1981.AG,Spain,Spain_C.AG,4891.0,0.103351704776287,-1.0918965458660412,-2.3673386831375502,-1.273320474003776
I2029.AG,Germany,Germany_EN_LBK.AG,7100.0,0.111669547855854,-0.3606861070071622,-0.2693626617186066,0.7573069674190366
I2030.AG,Germany,Germany_EN_LBK.AG,7125.0,0.2010319381952285,-0.3529145983625133,-0.2720848515045984,0.7558303903765157
I2032.AG,Germany,Germany_EN_LBK.AG,7125.0,0.0991279110312461,-0.3038762772929819,-0.2081733841283481,0.7602042674963798
I2036.AG,Germany,Germany_EN_LBK.AG,7125.0,0.2483461201190948,-0.3299808649276241,-0.22999128373968608,0.7765674101330496
I2037.AG,Germany,Germany_EN_LBK.AG,7050.0,0.0777866914868354,-0.360244934568394,-0.24137946685910291,0.7631620979957376
I2038.AG,Germany,Germany_EN_LBK.AG,7125.0,0.1591086238622665,-0.35458701321250835,-0.2710747743860252,0.7409742831224243
I2062.AG,Israel,Israel_MLBA.AG,3170.0,0.5298354625701904,1.4209016948281243,-1.0126439660358977,1.8681337273488172
I2105.AG,Ukraine,Ukraine_EBA_Yamnaya.AG,4850.0,0.6846545934677124,-0.07449865584888285,1.32043035173603,0.1879172325269579
I2111.AG,Ukraine,Ukraine_Eneolithic_Trypillia.AG,5622.0,0.0534649677574634,-0.07013813607562817,1.3787540214304916,0.18572862409538032
I2163.AG,Bulgaria,Bulgaria_MLBA.AG,3639.0,0.6989196538925171,1.2823354291040792,-0.28740987486213243,0.31627869452244206
I2165.AG,Bulgaria,Bulgaria_EBA_o2.AG,4910.0,0.7258804440498352,1.3267290568464882,-0.29440447757582466,0.334444083317888
I2175.AG,Bulgaria,Bulgaria_EBA.AG,5097.0,0.3614276647567749,1.4136468586182214,-0.3212465902675013,0.3231043357236562
I2176.AG,Bulgaria,Bulgaria_EBA_contam.AG,5146.0,0.5315150618553162,1.3133066730195817,-0.3154176612558475,0.337100276058023
I2176_enhanced.AG,Bulgaria,Bulgaria_EBA_contam.AG,5146.0,0.6627091765403748,1.281213488583158,-0.30614729670923513,0.31720631115868647
I2181.AG,Bulgaria,Bulgaria_Chalcolithic_oSteppe.AG,6458.0,0.0612215772271156,1.295230100466251,-0.3250104230428752,0.3334792954718914
I2181_enhanced.AG,Bulgaria,Bulgaria_Chalcolithic_oSteppe.AG,6458.0,0.0981530621647834,1.3126956563924517,-0.2963762144781282,0.30860651446224685
I2189.AG,Israel,Israel_MLBA_o_brother.I2200.AG,3500.0,0.1158325150609016,1.4376925250427588,-1.0166778095020466,1.922120505548505
I2190.AG,Israel,Israel_MLBA.AG,3351.0,0.2542795538902282,1.445472794648619,-1.0279364417800563,1.932890720329427
I2195.AG,Israel,Israel_MLBA.AG,3372.0,0.1945234984159469,1.422975742534227,-1.0416298960305064,1.906069239454212
I2198.AG,Israel,Israel_LBA_I_1d.rel.I36592_1d.rel.I31087_1d.rel.I31118.AG,3420.0,0.2488757222890854,1.4570069910611343,-1.034853227571164,1.9247191743152794
I2199.AG,Spain,Spain_EN.AG,7069.0,0.2801446616649627,-1.1439153282834718,-2.3727483582646216,-1.2843668865748032
I2200.AG,Israel,Israel_MLBA_o.AG,3500.0,0.5275719165802002,1.451455534397914,-1.0257102690596003,1.92752943926666
I2201.AG,Israel,Israel_IA_o.AG,2889.0,0.4919769763946533,1.4426562330722552,-1.0237279140900235,1.9214450987186364
I2215.AG,Bulgaria,Bulgaria_MalakPreslavets_N.AG,7976.0,0.0740892440080642,1.3347279002501087,-0.3315223616299142,0.30938461087744495
I2215_enhanced.AG,Bulgaria,Bulgaria_MalakPreslavets_N.AG,7976.0,0.108594961464405,1.3626604779637792,-0.29341904639678446,0.32473319072408957
I2216.AG,Bulgaria,Bulgaria_MalakPreslavets_N_oHighEEF.AG,7839.0,0.0548096410930156,1.2966430793414625,-0.29604434260947027,0.2991190604059256
I2216_enhanced.AG,Bulgaria,Bulgaria_MalakPreslavets_N_oHighEEF.AG,7839.0,0.0888668671250343,1.337501576521548,-0.312748012669066,0.31549558021240753
I2318.AG,Greece,Greece_Peloponnese_N.AG,5935.0,0.3579118847846985,1.8971551183259567,-0.46832679764166124,2.171112167454928
I2352.AG,Hungary,Hungary_LN_Lengyel.AG,6550.0,0.0986713021993637,1.7121671613708762,0.06709831363080786,-1.0112763504094378
I2353.AG,Hungary,Hungary_EarlyC_Tiszapolgar.AG,6200.0,0.2304939180612564,1.6778011582061216,0.11083916393051767,-0.9616870519792504
I2354.AG,Hungary,Hungary_EarlyC_Tiszapolgar.AG,6200.0,0.3006050884723663,1.7134432446530146,0.02417548570871776,-1.069396391447721
I2355.AG,Hungary,Hungary_MN_ALBK_Szakalhat.AG,7050.0,0.2347623258829116,1.6793296565349844,0.08436900825888857,-0.9643699378393741
I2356.AG,Hungary,Hungary_EarlyC_Tiszapolgar_contam.AG,6200.0,0.1386919617652893,1.6682017529396813,0.05350759299038613,-0.9842260092182769
I2358.AG,Hungary,Hungary_LN_Tisza.AG,6700.0,0.3147647380828857,1.712570777634736,0.0723471062837468,-1.0582345868969505
I2364.AG,Hungary,Hungary_EBA_BellBeaker.AG,4220.0,0.6497036218643188,1.6581640827987876,0.0624136681934813,-1.1427814963075875
I2365.AG,Hungary,Hungary_EBA_BellBeaker.AG,4299.0,0.7704760432243347,1.5525744940609452,-0.008927927893720426,-1.2175072071246922
I2366.AG,Hungary,Hungary_LateC_Baden.AG,5118.0,0.6756278872489929,1.7272794725928255,0.006618951037649106,-1.0896012622370892
I2367.AG,Hungary,Hungary_LateC_Baden.AG,5085.0,0.7085950970649719,1.6654424280294875,0.027932258633461486,-0.9392569124781609
I2368.AG,Hungary,Hungary_LateC_Baden_contam.AG,5025.0,0.0689060017466545,1.6502676737077575,0.09909123702119901,-1.0312568038012864
I2369.AG,Hungary,Hungary_LateC_Baden.AG,5186.0,0.6415560841560364,1.7041292920716375,0.07104141664627758,-1.0263750845765804
I2370.AG,Hungary,Hungary_LateC_Baden.AG,5122.0,0.7249607443809509,1.7273721405276328,0.02851140475014221,-0.9095770002956161
I2371.AG,Hungary,Hungary_LateC_Baden.AG,5169.0,0.4682294428348541,1.6828591342444743,0.10786954849082815,-1.0052188119765602
I2373.AG,Hungary,Hungary_EN_Koros.AG,7700.0,0.2530573606491089,1.6244524087908079,0.0627784914972662,-0.9884133207572802
I2375.AG,Hungary,Hungary_MN_AVK_Tiszadob.AG,7050.0,0.1043565645813942,1.6893504425638632,0.1272606030990307,-0.9612172147223844
I2376.AG,Hungary,Hungary_MN_AVK_Tiszadob.AG,7050.0,0.3289657235145569,1.6416976360904818,0.07067991598997903,-0.9992156966465706
I2377.AG,Hungary,Hungary_MN_AVK_Tiszadob.AG,7001.0,0.5506292581558228,1.5936643484455224,0.05961251218092412,-1.0228898419390804
I2378.AG,Hungary,Hungary_MN_AVK_Tiszadob.AG,7050.0,0.0901223272085189,1.6822212801424663,0.1002674037918561,-1.0822943010788975
I2379.AG,Hungary,Hungary_MN_AVK_Tiszadob.AG,6984.0,0.5238704085350037,1.6417191223345375,0.0810806904730513,-1.0664058610743432
I2380.AG,Hungary,Hungary_MN_AVK_Szatmar.AG,7350.0,0.633116602897644,1.609743011496927,0.0651483119914633,-0.9408561346639214
I2383.AG,Hungary,Hungary_MN_AVK_contam.AG,7050.0,0.0519134849309921,1.6146883699967864,0.10475193537921755,-1.0675695621674544
I2384.AG,Hungary,Hungary_MN_AVK.AG,7114.0,0.5781115293502808,1.6906210017843857,0.1457470959727906,-0.9333783488619091
I2387.AG,Hungary,Hungary_LN_Tisza.AG,6700.0,0.0587568841874599,1.700855738214552,0.14646318582414447,-1.0218178320468303
I2395.AG,Hungary,Hungary_EarlyC_Tiszapolgar.AG,6200.0,0.1020240634679794,1.645340713682133,0.004531103649329556,-1.079580202667128
I2405.AG,Poland,Poland_GlobularAmphora.AG,5132.0,0.1018683537840843,-0.21266315984678172,1.8150660347023884,-0.5931965261798282
I2413.AG,UnitedKingdom,Scotland_C_EBA_highEEF.AG,3936.0,0.0809967145323753,-1.4761776838687721,0.19061488279808084,0.6272980656749747
I2416.AG,UnitedKingdom,England_BellBeaker_highEEF.AG,4239.0,0.1173694059252739,-1.500007023382992,0.119648514396699,0.6513665856308534
I2418.AG,UnitedKingdom,England_BellBeaker.AG,4237.0,0.5627588629722595,-1.3979766219876126,0.23975226961485507,0.5432541420358563
I2419.AG,UnitedKingdom,England_BellBeaker_mediumEEF.AG,4199.0,0.0729302912950515,-1.510082324984223,0.16385001551065276,0.5730279636537275
I2421.AG,UnitedKingdom,England_C_EBA.AG,3790.0,0.33786341547966,-1.447602026625379,0.10261855277162173,0.5312162182687975
I2423.AG,Bulgaria,Bulgaria_Chalcolithic.AG,6381.0,0.4304934442043304,1.32850099998537,-0.3002644603402879,0.3168013760697733
I2424.AG,Bulgaria,Bulgaria_Chalcolithic.AG,6288.0,0.562176525592804,1.3135395376603554,-0.30576802748031123,0.30640006241049506
I2425.AG,Bulgaria,Bulgaria_Chalcolithic.AG,6475.0,0.1869518011808395,1.3274784129978265,-0.2780223386227206,0.3175006200939255
I2427.AG,Bulgaria,Bulgaria_Chalcolithic.AG,6326.0,0.5682275891304016,1.3241623352411231,-0.2876563920309268,0.31617164409743603
I2430.AG,Bulgaria,Bulgaria_Chalcolithic.AG,6448.0,0.5262913107872009,1.2828665179069478,-0.31346300205809313,0.3047432554550454
I2431.AG,Bulgaria,Bulgaria_Ivanovo_Chalcolithic.AG,6624.0,0.6261239647865295,1.3206449753106346,-0.30523794400090126,0.337533976782145
I2433.AG,Poland,Poland_GlobularAmphora.AG,4950.0,0.4547729790210724,-0.17345249430446608,1.849077867482837,-0.5020285319164483
I2434.AG,Poland,Poland_GlobularAmphora.AG,5050.0,0.0979559794068336,-0.21672297822744488,1.7779742535806327,-0.5541622830917993
I2440.AG,Poland,Poland_GlobularAmphora.AG,4950.0,0.1616398245096206,-0.15206154714745135,1.8428944866284291,-0.5012136321196932
I2441.AG,Poland,Poland_GlobularAmphora.AG,5050.0,0.4361016452312469,-0.17960759888679237,1.8400183417271727,-0.5056869359416177
I2445.AG,UnitedKingdom,England_BellBeaker.AG,4048.0,0.7271715998649597,-1.5111636786632927,0.23952428651738195,0.5428201580845031
I2447.AG,UnitedKingdom,England_BellBeaker.AG,3938.0,0.773243248462677,-1.4362980244610606,0.13141932197314588,0.5957291232748735
I2450.AG,UnitedKingdom,England_BellBeaker.AG,4248.0,0.7706098556518555,-1.4889496186651567,0.08730822837932639,0.617713679104749
I2452.AG,UnitedKingdom,England_BellBeaker.AG,4052.0,0.7733292579650879,-1.487969116843024,0.12849799949023707,0.5748239097024163
I2453.AG,UnitedKingdom,England_BellBeaker.AG,4122.0,0.5201015472412109,-1.547642567285398,0.11958312670359185,0.5765602931124629
I2454.AG,UnitedKingdom,England_BellBeaker_lowEEF.AG,4042.0,0.6988142132759094,-1.441877267155616,0.13407165336315469,0.6328733359429772
I2455.AG,UnitedKingdom,England_BellBeaker.AG,3948.0,0.1063597872853279,-1.4956153134818575,0.07019436219464932,0.6267186128776281
I2457.AG,UnitedKingdom,England_C_EBA.AG,4056.0,0.6102076768875122,-1.4041904778502639,0.15064974377606916,0.5368330206866366
I2459.AG,UnitedKingdom,England_BellBeaker_lowEEF.AG,4231.0,0.4484672844409942,-1.444389369213782,0.14158228759338073,0.5785524540611883
I2463.AG,UnitedKingdom,England_Thanet_Chalcolithic_EBA.AG,3774.0,0.2044122815132141,-1.5051795034231552,0.06162991314389541,0.5522242032483667
I2467.AG,Spain,Spain_C.AG,4327.0,0.1084205955266952,-1.179572218065843,-2.3809957948571907,-1.3163250136836349
I2471.AG,Spain,Spain_EBA.AG,3500.0,0.1731384843587875,-1.1268762799551064,-2.3501885933900923,-1.213125769418587
I2472.AG,Spain,Spain_MBA.AG,3428.0,0.1254982650279998,-1.1140114907989813,-2.3505650779967326,-1.2528864559481911
I2473.AG,Spain,Spain_C.AG,4811.0,0.1318972259759903,-1.1276299977489974,-2.3916106358912397,-1.3058376448681042
I2478.AG,Italy,Italy_North_BellBeaker_3.AG,4006.0,0.5315661430358887,-0.041813102747076565,-0.7368918482596615,0.3634956005561117
I2483.AG,Austria,Austria_Gravettian.AG,30246.0,0.5947171449661255,0.573714302444306,-0.6060517974078399,-0.1107534769334411
I2484.AG,Austria,Austria_Gravettian_twin.I2483.AG,30200.0,0.289220780134201,0.571352743762259,-0.6260232963537702,-0.13851881700173568
I2495.AG,Turkey,Turkey_Mediterranean_Isparta_BA.AG,4355.0,0.861550509929657,1.5196622100610853,-0.5900758618495043,0.9678540786809469
I2499.AG,Turkey,Turkey_Mediterranean_Isparta_BA.AG,4514.0,0.4141116142272949,1.4749284938990177,-0.6043376790878386,0.9618806121230995
I2521.AG,Bulgaria,Bulgaria_Dzhulyunitsa_N.AG,7503.0,0.6792410016059875,1.305820518453953,-0.28981126788093486,0.3062379442792579
I2526.AG,Bulgaria,Bulgaria_Chalcolithic.AG,7293.0,0.3221539556980133,1.3446972610477583,-0.3318692640073918,0.2917392864477898
I2529.AG,Bulgaria,Bulgaria_N.AG,7610.0,0.6318432688713074,1.2985864886776544,-0.30166174271929713,0.2929115175125191
I2597.AG,UnitedKingdom,England_C_EBA.AG,4080.0,0.6991475224494934,-1.4601266871372094,0.20182026089245475,0.608953096312038
I2604.AG,UnitedKingdom,England_C_EBA.AG,4073.0,0.6502453684806824,-1.379718691346509,0.161208380388845,0.6128338619905314
I2606.AG,UnitedKingdom,England_N.AG,5065.0,0.5746792554855347,-1.5224878055146482,-0.026281486111731738,0.5672017418059978
I2634.AG,UnitedKingdom,Scotland_N.AG,5567.0,0.4101213812828064,-1.4818508176039,0.1039063012299276,0.5889755069631931
I2636.AG,UnitedKingdom,Scotland_N.AG,5397.0,0.7241959571838379,-1.5604129695390057,0.04748871931836715,0.5982017918592025
I2657.AG,UnitedKingdom,Scotland_N.AG,5814.0,0.1255680173635482,-1.4623625557808477,0.061848994343650494,0.5774423862586147
I2658.AG,UnitedKingdom,Scotland_N_1d.rel.or_dup.I2657.AG,5800.0,0.0837047100067138,-1.540944201443884,0.05152692134192786,0.597028194436206
I2683.AG,Turkey,Turkey_Mediterranean_Isparta_BA.AG,4479.0,0.8039095997810364,1.451467884226778,-0.5832396674298271,0.9302758201929049
I2786.AG,Hungary,Hungary_EBA_BellBeaker.AG,4270.0,0.6737560629844666,1.6324266290661997,0.02954477661453951,-1.1233956297336207
I2792.AG,Croatia,Croatia_Vucedol.AG,4676.0,0.1636268198490142,0.8408696304788006,-0.02615001315677822,0.6299175543065076
I2794.AG,Hungary,Hungary_EN_Koros.AG,7564.0,0.837979793548584,1.5206920597336948,-0.15933645786519968,-0.7292156319396262
I2796_enhanced.AG,UnitedKingdom,Scotland_N.AG,5571.0,0.0604689493775367,-1.503897200856748,0.0778901990591108,0.6090063646889958
I2824.AG,UnitedKingdom,Scotland_LIA.AG,1908.0,0.110850416123867,-1.5141155696264954,0.116462880602278,0.5829081193603544
I2937.AG,Greece,Greece_Peloponnese_N.AG,7360.0,0.6344766616821289,1.9008734365380966,-0.47539110638906645,2.1852904648603593
I3023.AG,UnitedKingdom,Wales_N.AG,5300.0,0.1062219142913818,-1.4968929184987028,0.03615727708238935,0.6005907569576869
I3082.AG,UnitedKingdom,England_MBA.AG,3386.0,0.5871989727020264,-1.4423137173699656,0.17649495255852352,0.5890167039119044
I3122.AG,Italy,Italy_Sicily_EBA.AG,4073.0,0.7524641156196594,-0.04092048656694946,-0.750442320465889,0.3865856911435343
I3123.AG,Italy,Italy_Sicily_EBA.AG,4121.0,0.7604161500930786,-0.09550115905101526,-0.7634865228290354,0.3989051593678334
I3124.AG,Italy,Italy_Sicily_EBA.AG,3824.0,0.758721113204956,-0.07006016894138771,-0.7232406728988544,0.3790697774782172
I3125.AG,Italy,Italy_Sicily_MBA_o2.AG,3490.0,0.7658061981201172,-0.0909209470249705,-0.7210572225280327,0.43316917747496836
I3137_enhanced.AG,UnitedKingdom,Scotland_N.AG,5350.0,0.2111397087574005,-1.4760734868857233,0.10699241940727222,0.6713013009868318
I3238.AG,Spain,Spain_C_oSteppe.AG,4300.0,0.1819607764482498,-1.1254511646588083,-2.361617146946007,-1.2680741014640096
I3276.AG,Spain,Spain_C.AG,4955.0,0.6160899996757507,-1.1366086194251668,-2.3597760230284743,-1.262169229240669
I3277.AG,Spain,Spain_C.AG,4950.0,0.1002884805202484,-1.1512491457879264,-2.3561561920395633,-1.2649782650501487
I3310.AG,Turkey,Turkey_Aegean_Bodrum_Halikarnassos_Ancient1.AG,2127.0,0.2089702188968658,1.4624452321969759,-0.5939955065175329,0.9522488449095341
I3323.AG,Spain,Spain_IA.AG,2226.0,0.2580873072147369,-1.1129633023623788,-2.365594539098671,-1.2498011463662002
I3326.AG,Spain,Spain_IA_o.AG,2175.0,0.0824306011199951,-1.1128382731676707,-2.309641457828984,-1.2442384187730324
I3327.AG,Spain,Spain_IA.AG,2175.0,0.2105249464511871,-1.1276936378212492,-2.3830260362799667,-1.2563753787657324
I3484.AG,Spain,Spain_EBA.AG,4074.0,0.0606433190405368,-1.0957201683906006,-2.390663720210703,-1.2673683903339992
I3492.AG,Spain,Spain_EBA.AG,3450.0,0.1187254339456558,-1.14514549932595,-2.3577206822612253,-1.2899713619693598
I3584.AG,Spain,Spain_Visigoth_Granada_contam.AG,1400.0,0.0625403001904487,-1.0699583450619234,-2.3797254541047206,-1.2669504423865687
I3593.AG,Germany,Germany_BellBeaker_1d.rel.I3590.AG,4207.0,0.1810881197452545,-0.3714181106702911,-0.19563762479791344,0.7948736292569405
I3596.AG,Germany,Germany_BellBeaker.AG,4175.0,0.0511470697820186,-0.33699877441105563,-0.14579020981188612,0.7414195594089695
I3599.AG,Germany,Germany_BellBeaker_brother.I3588.AG,4175.0,0.0959073454141616,-0.41757515346558133,-0.21387693135854402,0.8670153895595376
I3602.AG,Germany,Germany_BellBeaker.AG,4175.0,0.1754945069551468,-0.4284492374292058,-0.20967965560527943,0.7322175253031841
I3708.AG,Greece,Greece_Peloponnese_N.AG,6500.0,0.7215641736984253,1.901012804375578,-0.4689603346902724,2.149128615683034
I3709.AG,Greece,Greece_Peloponnese_N.AG,5860.0,0.7509896755218506,1.8876231214628867,-0.47701196879004015,2.180829837279352
I3718.AG,Ukraine,Ukraine_N.AG,7217.0,0.4259257614612579,-0.07330755981512786,1.3600125605598077,0.18936785961151922
I3757.AG,Spain,Spain_IA_Celt_o.AG,2300.0,0.1068561300635337,-1.1656397468003927,-2.2932048847794526,-1.2695815672383952
I3758.AG,Spain,Spain_IA_Celt.AG,2226.0,0.733330488204956,-1.1357019945388762,-2.3557588696953977,-1.2606491440959666
I3807.AG,Spain,Spain_NazariPeriod_Muslim.AG,400.0,0.1275704354047775,-1.1384294718949257,-2.333769461285375,-1.2987622372772456
I3832.AG,Israel,Israel_MLBA.AG,3300.0,0.2504247725009918,1.450853485328922,-1.0324265355255444,1.9436117578707348
I3881.AG,NorthMacedonia,NorthMacedonia_N.AG,6700.0,0.0508226603269577,1.3505272568578839,-0.654478519222922,1.3465600353144338
I3916.AG,Turkey,Turkey_Central_Gordion_Ancient.AG,2244.0,0.6004770398139954,1.4371394059563192,-0.6198224204014222,0.93770059587694
I3917.AG,Turkey,Turkey_Central_Gordion_Ancient.AG,2596.0,0.8238842487335205,1.4667834542265423,-0.631071145340786,0.992756529852583
I3920.AG,Greece,Greece_Peloponnese_N.AG,5734.0,0.80226731300354,1.8929321061894353,-0.4972825207930121,2.2083017475539295
I3981.AG,Spain,Spain_Roman_oAfrica.AG,1450.0,0.4494242966175079,-1.1359090703301389,-2.302699007270999,-1.1927623470958195
I3982.AG,Spain,Spain_Roman.AG,1650.0,0.6939058899879456,-1.1119921211537642,-2.364964352205867,-1.2450628399641532
I3983.AG,Spain,Spain_Roman_oAfrica.AG,1550.0,0.5616664290428162,-1.0621104996752377,-2.3325498246907235,-1.1888238918485643
I3997.AG,Spain,Spain_EBA.AG,3642.0,0.8298071622848511,-1.130913714921933,-2.391020410027571,-1.2660176437441542
I4029_enhanced.AG,Turkey,Turkey_Central_Gordion_IA.AG,2603.0,0.8826565742492676,1.4748049449418559,-0.6617492704080825,0.9771730721812468
I4030.AG,Turkey,Turkey_Central_Gordion_Ancient.AG,2127.0,0.6797925233840942,1.4386628022205814,-0.6225323773081425,0.9663391899502823
I4062.AG,Italy,Italy_Sicily_MN.AG,6815.0,0.7781418561935425,0.0047072668236637204,-0.7481074920699528,0.4146151790512499
I4063.AG,Italy,Italy_Sicily_MN.AG,6832.0,0.8821772336959839,-0.0501967479155548,-0.7109326211832788,0.4259456922429538
I4065.AG,Italy,Italy_Sicily_MN.AG,6815.0,0.7638702988624573,0.02858779759614273,-0.6972814845097289,0.411956834960141
I4067_enhanced.AG,Netherlands,Netherlands_BellBeaker.AG,3770.0,0.1197878718376159,-1.2721150215974328,0.13124713735221896,-0.20021212999015947
I4074.AG,Netherlands,Netherlands_LNB_BellBeaker.AG,4030.0,0.6620351672172546,-1.2744120400663952,0.1220702216076183,-0.21677646821462684
I4081.AG,Romania,Romania_IronGates_Mesolithic.AG,9361.0,0.268147200345993,1.2341255207188113,0.40138443378554195,-0.009553741126421789
I4132.AG,Germany,Germany_Lech_BellBeaker_father.or.son.I4132.AG,4200.0,0.2336885333061218,-0.3769163141069601,-0.20738825674677805,0.7962745921206302
I4229.AG,Portugal,Portugal_LN_C.AG,4158.0,0.7403255105018616,-1.1371021137936643,-1.3919390551633628,-0.5034996445204616
I4246.AG,Spain,Spain_BellBeaker_oAfrica.AG,4209.0,0.5912346243858337,-0.970710105601728,-2.21452581330491,-1.1173292392341938
I4249.AG,Germany,Germany_BellBeaker.AG,4186.0,0.094780832529068,-0.39991116287812284,-0.18040660660028288,0.7554357004306538
I4250.AG,Germany,Germany_BellBeaker.AG,4220.0,0.0798361375927925,-0.3676058820895951,-0.26753955462778756,0.7740708162749883
I4304.AG,France,France_MN_1.AG,6637.0,0.706816554069519,-1.016946403709285,-0.8983172754042611,-0.489763763945352
I4305.AG,France,France_MN_1.AG,6680.0,0.6723895072937012,-0.9920479203458661,-0.8692632996227001,-0.5144334381746213
I4308.AG,France,France_MN_1.AG,5450.0,0.052868865430355,-0.961952083021599,-0.850175613350526,-0.4783902252045437
I4329.AG,Spain,Spain_EBA_Mallorca.AG,4333.0,0.2341848760843277,-1.1583404346034019,-2.3847995372080653,-1.2194986446315061
I4420.AG,Spain,Spain_Formentera_MBA.AG,3748.0,0.1388574093580246,-1.1482067053944502,-2.3760697301841534,-1.2619315627884384
I4420_enhanced.AG,Spain,Spain_Formentera_MBA.AG,3748.0,0.6468058228492737,-1.1062733983786566,-2.373164625767517,-1.2475150862562512
I4472.AG,Turkey,Turkey_BlackSea_Samsun_Ancient_A.AG,2127.0,0.670356273651123,1.4862458891015733,-0.5754337547364434,0.9944552669552031
I4473.AG,Turkey,Turkey_BlackSea_Samsun_Ancient_B.AG,2127.0,0.6764113306999207,1.4834201919972179,-0.5627506177296896,0.9366783384605425
I4474.AG,Turkey,Turkey_Southeast_Mardin_Roman_Byzantine.AG,1308.0,0.6676085591316223,1.4164965955444935,-0.5945760591009375,0.9504615330393883
I4475.AG,Turkey,Turkey_Southeast_Mardin_Roman_Byzantine.AG,1228.0,0.7074110507965088,1.432400928445041,-0.6485402579977321,1.021004541015733
I4478.AG,Turkey,Turkey_Southeast_Sirnak_BA_sibling.I4481.AG,4700.0,0.5453478693962097,1.4519329639767138,-0.6104453177542193,0.9407240176375328
I4480.AG,Turkey,Turkey_Southeast_Sirnak_Chalcolithic_C.AG,5193.0,0.3029473423957824,1.45799975049707,-0.5936092827911222,0.944570788245879
I4481.AG,Turkey,Turkey_Southeast_Sirnak_BA.AG,4711.0,0.5767465829849243,1.427257321398701,-0.6049529841144422,0.9691781061598526
I4483.AG,Turkey,Turkey_Southeast_Sirnak_Chalcolithic_A.AG,5176.0,0.5063028335571289,1.452472343173826,-0.5901704498091952,0.9231704939393529
I4518.AG,Israel,Israel_MLBA.AG,3375.0,0.2093035578727722,1.4560290700252252,-1.029082803822598,1.934009216432858
I4519.AG,Israel,Israel_MLBA.AG,3425.0,0.1052000299096107,1.4624188961575555,-1.0324434303904821,1.9157019440969267
I4521.AG,Israel,Israel_IBA.AG,4194.0,0.447827398777008,1.4394618868936053,-1.026304262728301,1.9103178266492906
I4525.AG,Israel,Israel_MLBA.AG,3500.0,0.1708432883024215,1.4415605559593323,-1.0337038930206517,1.9064434893237856
I4529.AG,Turkey,Turkey_BlackSea_Samsun_Ancient_C.AG,1716.0,0.6613855361938477,1.4603731869133603,-0.5831854161925303,0.8967738669276014
I4530.AG,Turkey,Turkey_BlackSea_Samsun_Ancient_A.AG,1648.0,0.6592996120452881,1.4688790330319412,-0.6106325890527398,0.9322036945850624
I4531.AG,Turkey,Turkey_BlackSea_Samsun_Ancient_C.AG,1665.0,0.6642257571220398,1.4745523611141644,-0.5670463109453344,0.9267106461432013
I4532.AG,Turkey,Turkey_Southeast_Mardin_Roman_Byzantine.AG,1222.0,0.72298264503479,1.4504290572669092,-0.6107855271015198,1.0077173742466425
I4533.AG,Turkey,Turkey_Southeast_Mardin_Roman_Byzantine.AG,1116.0,0.6748095750808716,1.4616810310954822,-0.5957903221072647,0.9058225628345997
I4534.AG,Turkey,Turkey_Southeast_Mardin_Roman_Byzantine.AG,1200.0,0.7076292037963867,1.467305976006458,-0.6538524195381249,0.9476509867758859
I4539.AG,Turkey,Turkey_Southeast_Mardin_PostMedieval.AG,437.0,0.6630781888961792,1.4518645179867877,-0.5796642417627139,0.9495937873441571
I4540.AG,Turkey,Turkey_Southeast_Mardin_PostMedieval.AG,410.0,0.7037768363952637,1.4565477621299996,-0.5892087415754921,0.913127768694222
I4550.AG,Latvia,Latvia_Mesolithic.AG,8489.0,0.6591041684150696,-0.6351344360443072,0.3608034190527546,0.04125249764815769
I4551.AG,Latvia,Latvia_Mesolithic.AG,7670.0,0.6028419733047485,-0.6351908465395071,0.3940975041269502,0.024701481512782446
I4552.AG,Latvia,Latvia_Mesolithic.AG,7369.0,0.6364718079566956,-0.656193406579348,0.3707677033504918,0.04910063700625553
I4553.AG,Latvia,Latvia_Mesolithic.AG,7370.0,0.4386182427406311,-0.6280961227758907,0.37045737856570643,0.02626267077260021
I4554.AG,Latvia,Latvia_MN_o3.AG,5946.0,0.6185247302055359,-0.6186738368741864,0.40132544888587407,0.0294701604095332
I4558.AG,Spain,Spain_EBA_oNorthEurope_1d.rel.I4560.AG,3550.0,0.5460858941078186,-1.1648101615472661,-2.383237172285163,-1.2548776997193993
I4559.AG,Spain,Spain_EBA.AG,3550.0,0.3060056865215301,-1.1047955618973608,-2.4131476380549346,-1.2786545844883244
I4560.AG,Spain,Spain_EBA.AG,3550.0,0.7444162964820862,-1.1323769502652443,-2.380626067110133,-1.2558277500440034
I4561.AG,Spain,Spain_EBA.AG,3550.0,0.763067364692688,-1.1576382880707021,-2.389883233685346,-1.2535164046064542
I4562.AG,Spain,Spain_EBA.AG,3614.0,0.6129894852638245,-1.1399189394165463,-2.4020043702152467,-1.2468382683951649
I4563.AG,Spain,Spain_EBA_1d.rel.I4561.AG,3550.0,0.3593116998672485,-1.1971579599020439,-2.3924647943921755,-1.2104211171316899
I4565.AG,Spain,Spain_C.AG,4915.0,0.577446460723877,-1.1111187580405901,-2.3666468410620483,-1.2438446294537981
I4582.AG,Romania,Romania_IronGates_Mesolithic.AG,8618.0,0.7949607968330383,1.1949954526310673,0.4066521994813841,0.009898303819450059
I4595.AG,Latvia,Latvia_Mesolithic.AG,7637.0,0.6694252490997314,-0.6412769398798401,0.3943616445692932,0.032087169609608585
I4596.AG,Latvia,Latvia_Mesolithic.AG,7970.0,0.7004711031913757,-0.6452725574633615,0.3704959941734719,0.03042995650956275
I4607.AG,Romania,Romania_IronGates_Mesolithic.AG,8927.0,0.2748105525970459,1.248716075003277,0.41481345773504935,0.01914487865420013
I4613.AG,Turkey,Turkey_Southeast_Mardin_Roman_Byzantine.AG,1350.0,0.6675841808319092,1.4503365450057748,-0.6199929266365221,0.9944520793576599
I4614.AG,Turkey,Turkey_Southeast_Sirnak_BA.AG,4955.0,0.2920764088630676,1.4280658594127627,-0.581966265558748,0.9770436275898021
I4615.AG,Turkey,Turkey_Southeast_Sirnak_BA.AG,4991.0,0.6484529972076416,1.4486755778821938,-0.5950216243137612,0.9741834304446841
I4619.AG,Turkey,Turkey_Southeast_Sirnak_BA.AG,4635.0,0.4922251403331756,1.4210710354168878,-0.59001517539526,0.9349251010746215
I4626.AG,Latvia,Latvia_Mesolithic.AG,7677.0,0.3253445029258728,-0.630306522876873,0.3745453685667902,0.031139481751780926
I4627.AG,Latvia,Latvia_MN.AG,6071.0,0.5831098556518555,-0.6478810414830312,0.39421044400309707,0.01811339722711602
I4628.AG,Latvia,Latvia_Mesolithic.AG,7033.0,0.609142005443573,-0.6396880236081981,0.35767502961925374,0.03797611624056807
I4629.AG,Latvia,Latvia_LN_CordedWare.AG,4842.0,0.2183261662721634,-0.6328801172671294,0.37386276797137447,0.034066963102793384
I4630.AG,Latvia,Latvia_Mesolithic_oEHG.AG,9218.0,0.6492948532104492,-0.642759414335823,0.37379417705869555,0.04111791765987576
I4632.AG,Latvia,Latvia_Mesolithic.AG,8316.0,0.6704892516136169,-0.6323573047118721,0.39651763779745475,0.022938363647509747
I4655.AG,Romania,Romania_IronGates_Mesolithic.AG,8764.0,0.0510327145457267,1.2110067817680459,0.3990189230869057,-0.014167527957902245
I4660.AG,Serbia,Serbia_IronGates_Mesolithic.AG,9713.0,0.0675872862339019,0.300987433140173,0.11053594510370798,-0.09749060306405226
I4803.AG,Slovakia,Slovakia_Medieval_2.AG,1130.0,0.668697714805603,1.166213379870534,0.10556149825501183,0.3210974299546542
I4870.AG,Serbia,Serbia_IronGates_Mesolithic.AG,8740.0,0.5300090312957764,0.29499778594225945,0.12659826837676078,-0.06354877871584541
I4871.AG,Serbia,Serbia_IronGates_Mesolithic.AG,9750.0,0.4393424987792969,0.332227782272116,0.12260259950423491,-0.09082549252294875
I4872.AG,Serbia,Serbia_IronGates_Mesolithic.AG,9750.0,0.2917292714118957,0.3133633911925841,0.14724205411626545,-0.06953448797225802
I4873.AG,Serbia,Serbia_IronGates_Mesolithic.AG,7867.0,0.6853933930397034,0.3125819577855676,0.12728587044073683,-0.08333441819969896
I4874.AG,Serbia,Serbia_IronGates_Mesolithic.AG,8499.0,0.6835718750953674,0.31572259279803494,0.1432860133580754,-0.06771103211129417
I4875.AG,Serbia,Serbia_IronGates_Mesolithic.AG,8458.0,0.6961686611175537,0.33518406694745695,0.15432391960673777,-0.08006331181923235
I4876.AG,Serbia,Serbia_IronGates_Mesolithic.AG,8455.0,0.6847438216209412,0.30183250265216777,0.12782173535597646,-0.0730260816920388
I4877.AG,Serbia,Serbia_IronGates_Mesolithic.AG,8505.0,0.6977038979530334,0.28627461828918743,0.1157161569178368,-0.06673007011592504
I4878.AG,Serbia,Serbia_IronGates_Mesolithic.AG,7803.0,0.6917340159416199,0.2764595896387366,0.10642776355012981,-0.08391876704759275
I4880.AG,Serbia,Serbia_IronGates_Mesolithic.AG,7813.0,0.7011094093322754,0.27975343120539636,0.1503930490092509,-0.0663181697895589
I4881.AG,Serbia,Serbia_IronGates_Mesolithic.AG,8869.0,0.7135650515556335,0.30341764245157776,0.10169223510236629,-0.07357619285007738
I4882.AG,Serbia,Serbia_IronGates_Mesolithic_brother.I4880.AG,7825.0,0.720166802406311,0.3232328871400999,0.16928857873002207,-0.08476974026796232
I4884.AG,Czechia,Czechia_EBA.AG,3758.0,0.723978579044342,-0.3980560927663817,0.049042283548264884,0.15883763376634474
I4885.AG,Czechia,Czechia_BellBeaker.AG,4170.0,0.6928872466087341,-0.3920772885724132,0.03614638215246845,0.19599075697470664
I4886.AG,Czechia,Czechia_BellBeaker.AG,4088.0,0.7167758941650391,-0.372362260762046,0.051772769527772475,0.17800921794020708
I4887.AG,Czechia,Czechia_BellBeaker_brother.I4888.AG,4071.0,0.6924874186515808,-0.4159008931227452,0.07233707084642632,0.19751721968383254
I4888.AG,Czechia,Czechia_BellBeaker.AG,4038.0,0.7056470513343811,-0.4164463353989031,0.061046704258742784,0.18284652130999712
I4889.AG,Czechia,Czechia_BellBeaker.AG,4131.0,0.7180159687995911,-0.3610634482086751,0.03850161491812915,0.19075550722214146
I4891.AG,Czechia,Czechia_BellBeaker.AG,4131.0,0.712317705154419,-0.38648921178175144,0.022189438846580343,0.173652329322806
I4892.AG,Czechia,Czechia_EBA.AG,3754.0,0.6897534728050232,-0.35456195370651195,0.09340282993532582,0.14907180678650617
I4893.AG,Czechia,Czechia_N.AG,6345.0,0.7088302969932556,-0.3453582217265298,0.06545491122992915,0.19902048232873806
I4894.AG,Czechia,Czechia_N.AG,6371.0,0.6974719762802124,-0.313219579844001,0.04411964619673251,0.24938212261718432
I4895.AG,Czechia,Czechia_BellBeaker.AG,4106.0,0.6901451945304871,-0.4571354251085317,0.038276391915478,0.16694438074507534
I4896.AG,Czechia,Czechia_BellBeaker.AG,4163.0,0.6874485611915588,-0.3706677349548754,0.002360384039244136,0.17488048338386517
I4914.AG,Serbia,Serbia_IronGates_Mesolithic.AG,8088.0,0.6992570161819458,0.3177038904675499,0.1298484585487641,-0.07773292100840033
I4915.AG,Serbia,Serbia_IronGates_Mesolithic.AG,8115.0,0.7082147598266602,0.3491403738165184,0.13319702119738763,-0.07931085953080841
I4916.AG,Serbia,Serbia_IronGates_Mesolithic.AG,8763.0,0.6828532814979553,0.3681751900840869,0.12848547971309926,-0.08373868985681088
I4917.AG,Serbia,Serbia_IronGates_Mesolithic.AG,8058.0,0.6758825778961182,0.3137265875208635,0.15467085632766922,-0.07371598806049415
I4918.AG,Serbia,Serbia_EN_Starcevo.AG,7600.0,0.6984289884567261,0.36791415292561946,0.07142329485975242,-0.09047147746896571
I4945.AG,Czechia,Czechia_BellBeaker.AG,4177.0,0.4510544538497925,-0.3738249955481861,0.0594362485357754,0.21424608189972294
I4946.AG,Czechia,Czechia_BellBeaker.AG,4188.0,0.3202650845050812,-0.3863560011482105,0.03322340857754329,0.1866349890088159
I4949.AG,UnitedKingdom,England_N.AG,5417.0,0.0654834955930709,-1.5150177461497136,0.1068592862571231,0.6147445073966396
I4950.AG,UnitedKingdom,England_BellBeaker.AG,4250.0,0.6608884334564209,-1.411502212106721,0.11107842979202234,0.6380001001777736
I4951.AG,UnitedKingdom,England_BellBeaker.AG,4250.0,0.1546520590782165,-1.464231795145017,0.15900492713951156,0.5940962741154299
I4971.AG,Hungary,Hungary_EN_Koros_oMesolithic.AG,7599.0,0.3377304077148437,1.5414665950196593,0.07337103901503078,-0.934715515433724
I4996.AG,Hungary,Hungary_IA_LaTene.AG,2235.0,0.6249552965164185,1.6237915236540237,0.12534670971732217,-1.0047510304986815
I4998.AG,Hungary,Hungary_IA_LaTene_o.AG,2250.0,0.2597296237945556,1.664710559485052,0.076153033929898,-1.02463511307405
I5014.AG,Germany,Germany_BellBeaker.AG,4200.0,0.0936243161559104,-0.42121509648198346,-0.23307428333841826,0.793493856346341
I4131.AG,Hungary,Hungary_EBA_BellBeaker.AG,4305.0,0.1133864745497703,1.6455159895873772,0.11305005812142672,-1.0825405112905335
I4124.AG,Germany,Germany_Lech_BellBeaker_oEEF.AG,4278.0,0.180037036538124,-0.37454957114852483,-0.17988618280075086,0.769073421770759
I4143.AG,Germany,Germany_BellBeaker.AG,4267.0,0.1009397283196449,-0.3561278790777078,-0.1973533233102309,0.754782862214663
I4144.AG,Germany,Germany_BellBeaker.AG,4411.0,0.0842229574918747,-0.3479281265437331,-0.23224546631811638,0.7028227346951196
I4134.AG,Germany,Germany_BellBeaker.AG,4200.0,0.0567414946854114,-0.3304670163947919,-0.19998603943238413,0.7761711098064433
I5023.AG,Germany,Germany_BellBeaker.AG,4200.0,0.4569278657436371,-0.433310638642653,-0.28168676126368125,0.7640126254203141
I4145.AG,Czechia,Czechia_BellBeaker.AG,4089.0,0.0796560943126678,-0.4139210287299197,0.05083880849214749,0.18497387618360525
I4136.AG,Czechia,Czechia_BellBeaker.AG,4250.0,0.2121632099151611,-0.3704375101698454,0.06904387293437958,0.1626895299713109
I5026.AG,Czechia,Czechia_EarlySlav.AG,1250.0,0.454113632440567,-0.3741601509716397,0.08604733899745508,0.20032092041513283
I4139.AG,Czechia,Czechia_EBA_Starounetice.AG,4150.0,0.593207061290741,-0.4045300076785397,0.0456567907667691,0.1635554767408873
I5042.AG,Czechia,Czechia_EBA_Protounetice.AG,4100.0,0.0608379617333412,-0.40010510302596203,0.09232529726436504,0.19884777890341648
I4141.AG,Czechia,Czechia_EBA_Unetice.AG,4250.0,0.2494969666004181,-0.3496625821215633,0.046562320357255486,0.1874118069494822
I4130.AG,Czechia,Czechia_EBA_Unetice.AG,4250.0,0.1954367011785507,-0.38238774479450666,0.023343739919452308,0.1969883239810287
I5068.AG,Austria,Austria_EN_LBK.AG,7025.0,0.2816028594970703,0.6460261570643787,-0.6185120981869251,-0.14793046434627044
I5069.AG,Austria,Austria_EN_LBK.AG,6961.0,0.7212145924568176,0.6292794197932431,-0.6418095455238769,-0.14364121143332068
I5071.AG,Croatia,Croatia_EN_Impressa.AG,7582.0,0.4320797920227051,0.8227413331224687,-0.0299886958048773,0.6589407718286823
I5072.AG,Croatia,Croatia_EN_Impressa.AG,7545.0,0.5491629242897034,0.797298793030216,-0.06056081555274082,0.6045043315195321
I5073.AG,Croatia,Croatia_MBA.AG,3573.0,0.7053405046463013,0.8169632025218374,-0.011421039849689785,0.6640283196348132
I5074.AG,Croatia,Croatia_MBA.AG,3385.0,0.8429700136184692,0.8101638334085997,0.0016871415109302656,0.614505271663848
I5076.AG,Portugal,Portugal_C.AG,5146.0,0.6908150911331177,-1.1361962409831043,-1.374004630581517,-0.49526998224052604
I5077.AG,Croatia,Croatia_MN_Sopot.AG,7001.0,0.71990966796875,0.832558110567227,-0.00030422120606340866,0.6051561093785743
I5078.AG,Croatia,Croatia_MN_Sopot.AG,6571.0,0.7265859842300415,0.8558494097610859,-0.01176420315257012,0.6422704440656622
I5079.AG,Croatia,Croatia_N_Starcevo.AG,5421.0,0.6962659955024719,0.8362152916608769,-0.02649666164687123,0.6796801305242749
I5080.AG,Croatia,Croatia_MBA.AG,3631.0,0.7152357697486877,0.850344475046533,-0.010240157857584446,0.6649729373662295
I5117.AG,Hungary,Hungary_LateC_Baden.AG,5100.0,0.2910812795162201,1.6415549678120245,0.09538255059187033,-1.01520365045565
I5118.AG,Hungary,Hungary_LateC_Baden.AG,5100.0,0.5868697166442871,1.6357299663150642,-0.05803377091700107,-1.0360437695552092
I5119.AG,Hungary,Hungary_LateC_Baden.AG,5097.0,0.5889321565628052,1.6205170758267722,0.027487089877174693,-1.0467709284879627
I5205.AG,Austria,Austria_N_LBK.AG,7100.0,0.7096194624900818,0.6332738456994703,-0.6514056726842075,-0.12775237244920032
I5206.AG,Austria,Austria_N_LBK.AG,7100.0,0.6926625967025757,0.622011983052554,-0.6432751283982846,-0.15269046955457619
I5232.AG,Serbia,Serbia_IronGates_Mesolithic_o.AG,7901.0,0.705461323261261,0.3052641155763409,0.11797087100860561,-0.076561020317927
I5233.AG,Serbia,Serbia_IronGates_Mesolithic.AG,8001.0,0.7065091729164124,0.3647058050109002,0.14867340927174838,-0.0765861127172839
I5234.AG,Serbia,Serbia_IronGates_Mesolithic.AG,9500.0,0.6102790236473083,0.37919714093814516,0.1720310762586976,-0.09981639443381124
I5235.AG,Serbia,Serbia_IronGates_Mesolithic.AG,10835.0,0.7115464210510254,0.3482221722781425,0.16508889260690934,-0.07777152976767149
I5236.AG,Serbia,Serbia_IronGates_Mesolithic.AG,10038.0,0.713414192199707,0.31432411834680646,0.18083952515460477,-0.0674861779005948
I5237.AG,Serbia,Serbia_IronGates_Mesolithic.AG,9500.0,0.7151911854743958,0.3516307143793634,0.19345819660897243,-0.07305298764061623
I5238.AG,Serbia,Serbia_IronGates_Mesolithic.AG,9993.0,0.7055148482322693,0.3492003664335115,0.13048569949778713,-0.08370773934205744
I5239.AG,Serbia,Serbia_IronGates_Mesolithic.AG,10333.0,0.6934201121330261,0.34650837423025316,0.15114680254817944,-0.07648498262766204
I5240.AG,Serbia,Serbia_IronGates_Mesolithic.AG,10805.0,0.702471911907196,0.3638691160819637,0.16828899275330475,-0.06957176046723466
I5241.AG,Serbia,Serbia_IronGates_Mesolithic_daughter_I5236.AG,11198.0,0.7006008625030518,0.3603275412307511,0.15812651451719215,-0.07414764436655254
I5242.AG,Serbia,Serbia_IronGates_Mesolithic.AG,10530.0,0.7163906693458557,0.3530277164062096,0.15518545006325885,-0.07290721812104771
I5244.AG,Serbia,Serbia_IronGates_Mesolithic.AG,10785.0,0.6929578185081482,0.3625222299452179,0.14714310766093225,-0.0942057195164711
I5287.AG,Slovakia,Slovakia_IA_Vekerzug.AG,2525.0,0.8521345853805542,1.1835329667246475,0.10330779392714928,0.32961627924327264
I5288.AG,Slovakia,Slovakia_IA_Vekerzug.AG,2525.0,0.7304375767707825,1.1801215052113387,0.1287875036241242,0.33061874088220494
I5377.AG,UnitedKingdom,England_C_EBA.AG,3758.0,0.7099527716636658,-1.4750183335375973,0.09946475521852398,0.5703583920806438
I5383.AG,UnitedKingdom,England_LBA_lowEEF.AG,2945.0,0.2547880709171295,-1.4775493238802753,0.10853640847517362,0.5945042232262306
I5471_enhanced.AG,UnitedKingdom,Scotland_C_EBA_mediumhighEEF.AG,4063.0,0.6372771263122559,-1.4372524324806093,-0.06821650010223344,0.6001827929203457
I5502.AG,UnitedKingdom,England_EastYorkshire_LIA.AG,2054.0,0.7225155234336853,-1.4875214813753836,0.14328283766711744,0.6161618678310751
I5503.AG,UnitedKingdom,England_EastYorkshire_MIA_LIA.AG,2065.0,0.7236930727958679,-1.5383596680387621,0.18312415964955714,0.4986752807202047
I5506.AG,UnitedKingdom,England_EastYorkshire_MIA.AG,2202.0,0.7126713395118713,-1.4738852981511357,0.1028966391821613,0.6208581225971541
I5508.AG,UnitedKingdom,England_EastYorkshire_MIA_LIA.AG,2175.0,0.7202438116073608,-1.525270643083233,-0.03951739566067256,0.5986274981919213
I5512.AG,UnitedKingdom,England_BellBeaker.AG,4250.0,0.736334502696991,-1.4709165306423957,0.055278808025674565,0.6121439052567378
I5513.AG,UnitedKingdom,England_BellBeaker.AG,4250.0,0.6927631497383118,-1.4479688531762889,0.15103286331658083,0.49940561328038413
I5514.AG,Czechia,Czechia_BellBeaker.AG,4155.0,0.7294870615005493,-0.4206927027412701,0.058982199366204476,0.18520753317232874
I5515.AG,UnitedKingdom,Scotland_C_EBA_oEEF.AG,3882.0,0.1461866199970245,-1.5833269753420627,0.10464184611161498,0.609432517549525
I5516.AG,UnitedKingdom,Scotland_C_EBA.AG,3641.0,0.2141713052988052,-1.4721445175500059,0.03547338891016955,0.5840557546661365
I5519.AG,Germany,Germany_Lech_BellBeaker.AG,4200.0,0.6177534461021423,-0.4075741255801745,-0.23032606135526,0.7764278498333093
I5520.AG,Germany,Germany_Lech_BellBeaker.AG,4250.0,0.2359066754579544,-0.3926941137139112,-0.22676904275099047,0.7773829702879179
I5521.AG,Germany,Germany_Lech_BellBeaker.AG,4250.0,0.5804148316383362,-0.33782588894174603,-0.21493424693934005,0.8050396697543258
I5523.AG,Germany,Germany_BellBeaker.AG,4250.0,0.4617007374763489,-0.46617209748559846,-0.2198966196332399,0.7259857324693083
I5524.AG,Germany,Germany_BellBeaker.AG,4250.0,0.4967214465141296,-0.3330241617007746,-0.20798252861239036,0.7786743714373275
I5525.AG,Germany,Germany_BellBeaker.AG,4250.0,0.6651965379714966,-0.35823538426535395,-0.20985423242827006,0.8086478703658067
I5529.AG,Germany,Germany_BellBeaker.AG,4250.0,0.3858556151390075,-0.3903427755273657,-0.1726045830612624,0.7661552055945627
I5531.AG,Germany,Germany_BellBeaker.AG,4250.0,0.5279839038848877,-0.3613321805193487,-0.18697185311384604,0.7392880627212322
I5684.AG,Slovenia,Slovenia_EIA_daughter.I22934.sister.I22935.sister.I5685.sister.I5686.AG,2617.0,0.8584662079811096,3.9338391909033397,-0.6254935708776218,0.49803583983481103
I5685.AG,Slovenia,Slovenia_EIA.AG,2597.0,0.8736039400100708,3.9392566128041424,-0.6240052186452394,0.4909961560095493
I5687.AG,Slovenia,Slovenia_EIA.AG,2611.0,0.9016003608703612,3.9441456898811333,-0.6306937773370994,0.4768626109329803
I5723.AG,Croatia,Croatia_EIA.AG,2374.0,0.6070820093154907,0.8434375861176286,-0.024848005725355993,0.6190636075105648
I5724.AG,Croatia,Croatia_EIA.AG,2232.0,0.5852484703063965,0.8190841506546147,-0.009797115780387921,0.6461940908660777
I5725.AG,Croatia,Croatia_EIA.AG,2554.0,0.5407347679138184,0.8155325208609241,-0.008969656840550668,0.6153287340189963
I5726.AG,Croatia,Croatia_EIA.AG,2407.0,0.5320535898208618,0.8086430609980128,0.0065941618886544975,0.6298784340811069
I5727.AG,Croatia,Croatia_EIA.AG,2586.0,0.5253586173057556,0.7917488012926952,-0.0035558655502398637,0.6007840444042795
I5728.AG,Croatia,Croatia_EIA.AG,2224.0,0.5297389626502991,0.8073219139172741,0.008312405724566948,0.6037748713587986
I5729.AG,Croatia,Croatia_EIA.AG,2920.0,0.5570589900016785,0.8285377483021256,-0.0014624815987993442,0.6355737697598005
I5733.AG,Turkey,Turkey_Aegean_Izmir_Yassitepe_EBA.AG,4729.0,0.4822950065135956,1.4424769729848896,-0.6038537810670046,0.9989773804277464
I5735.AG,Turkey,Turkey_Aegean_Izmir_Yassitepe_EBA.AG,4925.0,0.327938973903656,1.457162279355127,-0.6009588591117054,0.9493503300357722
I5740.AG,Turkey,Turkey_BlackSea_Amasya_EBA.AG,4621.0,0.694158136844635,1.4898766357173336,-0.5574692794638212,0.9609900065123255
I5741.AG,Turkey,Turkey_BlackSea_Amasya_EBA.AG,5166.0,0.3040689826011657,1.465964169001848,-0.5892949667211705,0.9135678443642273
I5742.AG,Turkey,Turkey_BlackSea_Amasya_EBA.AG,4942.0,0.6007090210914612,1.4634671648233104,-0.5912090059554662,0.8925861478199894
I5743.AG,Turkey,Turkey_BlackSea_Amasya_EBA.AG,4924.0,0.5880173444747925,1.4520190953179375,-0.5997502981542868,0.9316189174248565
I5748.AG,Netherlands,Netherlands_LNB_BellBeaker.AG,4383.0,0.5396326184272766,-1.2574297715525171,0.12520029683039885,-0.19672942588979125
I5750.AG,Netherlands,Netherlands_LNB_BellBeaker.AG,4050.0,0.5447850227355957,-1.2606077069468007,0.1302818197413349,-0.20151892669556412
I5755.AG,Switzerland,Switzerland_BellBeaker.AG,4175.0,0.1036647632718086,-1.228162750894435,-2.6709225144872186,-1.3665365692748306
I5757.AG,Switzerland,Switzerland_BellBeaker.AG,4175.0,0.0646019130945205,-1.2234480592728854,-2.659770570340457,-1.3584938084379274
I5759.AG,Switzerland,Switzerland_BellBeaker.AG,4175.0,0.1059194058179855,-1.217694478584005,-2.669471258740229,-1.3834902039770525
I5769.AG,Bulgaria,Bulgaria_Dzhulyunitsa_IA.SG,2592.0,0.6012750864028931,1.32893337882253,-0.31823316379085537,0.3318947800998888
I5770.AG,Serbia,Serbia_EN_Starcevo.AG,8061.0,0.1762252300977707,0.3391796721972734,0.11743193505435895,-0.0687328681105225
I5771.AG,Serbia,Serbia_IronGates_Mesolithic.AG,9750.0,0.199488565325737,0.36598084037439527,0.1376877131679123,-0.08005610094901956
I5772.AG,Serbia,Serbia_IronGates_Mesolithic.AG,10223.0,0.3821484446525574,0.3364874014258107,0.10450849951164508,-0.05791645697681207
I5773.AG,Serbia,Serbia_IronGates_Mesolithic.AG,10040.0,0.0612118430435657,0.3186606094869481,0.09406405805582574,-0.05836579354814551
I5833.AG,Germany,Germany_BellBeaker.AG,4200.0,0.5772712826728821,-0.3602680841217139,-0.20899738303414728,0.7992615935936318
I5834.AG,Germany,Germany_BellBeaker.AG,4200.0,0.5173506140708923,-0.36490126450093,-0.14858287317721364,0.8146617223574517
I5835.AG,Germany,Germany_BellBeaker_father.or.son.I1533.AG,4200.0,0.540334939956665,-0.4073164092698333,-0.244455050745064,0.7767895648261964
I5836.AG,Germany,Germany_BellBeaker.AG,4250.0,0.3624081909656524,-0.38057498649594007,-0.184206326813101,0.7613521040369291
I5838.AG,Spain,Spain_C.AG,4550.0,0.6050982475280762,-1.122566200681461,-2.347389850957406,-1.2564383751999004
I5869.AG,Ukraine,Ukraine_N_1d.rel.I5870.AG,7465.0,0.0887938737869262,-0.05645771624777713,1.3464474946184821,0.18918150931691868
I5870.AG,Ukraine,Ukraine_N.AG,7363.0,0.1851578205823898,-0.055493550877595,1.3902350152866163,0.16794757636247912
I5872.AG,Ukraine,Ukraine_N.AG,7374.0,0.0843802914023399,-0.08453299406582038,1.360492043460019,0.19463078606508025
I5875.AG,Ukraine,Ukraine_N.AG,7095.0,0.3835361003875732,-0.08534227953433403,1.3523820237434523,0.19727791832150524
I5876.AG,Ukraine,Ukraine_Mesolithic.AG,8832.0,0.4057491719722748,-0.09504835068947573,1.3356377808495687,0.16639197369665212
I5878.AG,Ukraine,Ukraine_N_father.or.son.I5883.AG,7139.0,0.050165731459856,-0.09015769386455287,1.3729455877617964,0.17447480849258146
I5879.AG,Ukraine,Ukraine_N_1d.rel.ukr113_father.or.son.I3718.AG,7208.0,0.108770951628685,-0.07315900606762726,1.366143318146577,0.20065068896038651
I5881.AG,Ukraine,Ukraine_N.AG,7077.0,0.0618979670107364,-0.040387887436453315,1.3654184594888266,0.169713935677147
I5882.AG,Ukraine,Ukraine_N_oHG.AG,5005.0,0.345924973487854,-0.08927358450752772,1.3726356551080683,0.17676041375844723
I5883.AG,Ukraine,Ukraine_N.AG,7048.0,0.1436059474945068,-0.0991581530309044,1.3506556754627668,0.1809513119945541
I5884.AG,Ukraine,Ukraine_EBA.AG,4735.0,0.5075372457504272,-0.10419538443536812,1.3471126058443588,0.19763639478243472
I5885.AG,Ukraine,Ukraine_Mesolithic.AG,8099.0,0.1426440775394439,-0.08340627451102628,1.3535190588702302,0.19696841157180978
I5886.AG,Ukraine,Ukraine_N.AG,7212.0,0.0711225271224975,-0.06390150145922174,1.3561402532802247,0.18845449760762917
I5888.AG,Ukraine,Ukraine_N_father.or.son.I5875.AG,7349.0,0.0674445480108261,-0.09284865708430673,1.3726933148721185,0.17986947500594944
I5890.AG,Ukraine,Ukraine_N.AG,7092.0,0.2527256309986114,-0.08691138478938576,1.3085089852132645,0.1533578679090857
I5892.AG,Ukraine,Ukraine_N.AG,7069.0,0.1016380190849304,-0.05478046400890622,1.3809280434006481,0.1532418986873148
I5893.AG,Ukraine,Ukraine_N_1d.rel.I5881.AG,7249.0,0.0560513138771057,-0.09271024772484043,1.3676535511848913,0.16260386089146153
I6174.AG,Romania,Romania_EN_Starcevo.AG,7971.0,0.562736988067627,1.255001179524108,0.3914408718213886,-0.0009158385943508139
I6472.AG,Spain,Spain_C_oSteppe.AG,4200.0,0.1629188060760498,-1.106235680987289,-2.372854782792369,-1.294865988560367
I6490.AG,Spain,Spain_Roman_oLocal.AG,1600.0,0.0766301751136779,-1.1787802324748873,-2.4110563969419574,-1.2267605958159837
I6561.AG,Ukraine,Ukraine_MBA.AG,3985.0,0.6264135241508484,-0.06573840906927675,1.337708111923998,0.1875596604711545
I6573.AG,Turkey,Turkey_Central_Gordion_Ancient.AG,2127.0,0.4395371377468109,1.4125192584266322,-0.6019873861750497,0.9033320736448024
I6574.AG,Turkey,Turkey_Central_Gordion_Ancient.AG,1747.0,0.45203498005867,1.4920488483243008,-0.6186233782112056,0.9438864425955836
I6609.AG,Spain,Spain_C.AG,4100.0,0.231394961476326,-1.1285571860185435,-2.3698846451052766,-1.2561003933516774
I6662.AG,Romania,Romania_N.AG,6850.0,0.0548647902905941,1.274009787293288,0.4190267624564488,-0.0029922829605967386
I6663.AG,Romania,Romania_N.AG,6850.0,0.1971301138401031,1.2826247783963405,0.4132691333447424,-0.004190862286155952
I6677.AG,Czechia,Czechia_C_Baalberge.AG,5550.0,0.7393393516540527,-0.37346609138724446,0.07733509898624455,0.20367214243225631
I6679.AG,UnitedKingdom,England_BellBeaker_o.AG,3936.0,0.1607663482427597,-1.511428868681844,0.03388996735068038,0.6037051589375918
I6680.AG,UnitedKingdom,England_BellBeaker_mediumEEF.AG,3671.0,0.7545849084854126,-1.4730076124256744,0.062472668628366514,0.5456102016612029
I6695.AG,Czechia,Czechia_EBA_CordedWare.AG,4575.0,0.6998677253723145,-0.3880238832690206,0.06982635469661659,0.21419089710169698
I6696.AG,Czechia,Czechia_EBA_CordedWare.SG,4575.0,0.7215017080307007,-0.3122202640116863,0.041035885501258036,0.18347176751305966
I6744.AG,UnitedKingdom,England_Mesolithic_o1.AG,10393.0,0.0943080112338066,-1.4812907888681346,0.07466938634538266,0.5596295216153508
I6745.AG,UnitedKingdom,England_Mesolithic.AG,10546.0,0.079000785946846,-1.4935488336365472,0.07841413132348848,0.5901678044835538
I6746.AG,UnitedKingdom,England_N.AG,5526.0,0.5222240090370178,-1.525932792962663,0.1610195984682588,0.6342180648166359
I6747.AG,UnitedKingdom,England_N.AG,5528.0,0.7129178643226624,-1.49635074133036,0.048696918944055985,0.4968108409384792
I6750.AG,UnitedKingdom,England_N.AG,5650.0,0.3578307628631592,-1.5519277933975961,0.07162387405799027,0.6077927791963239
I6751.AG,UnitedKingdom,England_N.AG,5650.0,0.6174630522727966,-1.5224863098189587,0.015768574017363896,0.6135371858610066
I6753.AG,UnitedKingdom,England_N.AG,5305.0,0.6438983082771301,-1.591772653376907,0.1355772362648462,0.41584027457524153
I6754.AG,UnitedKingdom,Wales_Mesolithic.AG,9580.0,0.3030186891555786,-1.4419834271973802,0.03379521875083956,0.5552279865261112
I6755.AG,UnitedKingdom,England_N.AG,5528.0,0.3681129217147827,-1.513974045211603,0.0773097073771099,0.6221007706348792
I6757.AG,UnitedKingdom,England_N.AG,5493.0,0.6967988014221191,-1.51973302850368,0.05375011151608993,0.5302323444499925
I6759.AG,UnitedKingdom,England_N.AG,5527.0,0.6567570567131042,-1.634321711807909,-0.08163065118461432,0.5295926006708678
I6760.AG,UnitedKingdom,England_N.AG,5781.0,0.4685741364955902,-1.5229959300492162,0.08908520486255335,0.6355998141100031
I6761.AG,UnitedKingdom,England_N.AG,5525.0,0.4659245312213897,-1.516908553186482,0.07509476160824878,0.5726583982348219
I6762.AG,UnitedKingdom,England_N.AG,5700.0,0.5159369707107544,-1.5130037545457222,0.03319607720107874,0.6129565514066093
I6764.AG,UnitedKingdom,Scotland_N.AG,5100.0,0.2741787731647491,-1.4570850787006993,0.013766153299690961,0.5778675659775043
I6766.AG,UnitedKingdom,Scotland_N.AG,5100.0,0.5932257175445557,-1.499126992110026,0.07714301279170022,0.6106783302066291
I6767.AG,UnitedKingdom,England_Mesolithic.AG,10280.0,0.6592890620231628,-1.2340173356671411,0.012088355757291726,0.461889102632705
I6769.AG,UnitedKingdom,England_IA.AG,2548.0,0.683173656463623,-1.4954120299092115,0.08651664146628833,0.6556383953728446
I6771.AG,UnitedKingdom,Wales_IA.AG,2042.0,0.1808853596448898,-1.4908063561086986,0.06434115345625789,0.6373601487258039
I6774.AG,UnitedKingdom,England_BellBeaker_lowEEF.AG,4121.0,0.5088251233100891,-1.418798496070681,0.1391032115604989,0.6114927185124556
I6775.AG,UnitedKingdom,England_BellBeaker.AG,4150.0,0.5704076290130615,-1.4412981745512246,0.17346117961257732,0.652506956002832
I6776.AG,UnitedKingdom,England_BellBeaker.AG,4150.0,0.1933896839618683,-1.4438856118063836,0.11063167224844998,0.5921216239619232
I6777.AG,UnitedKingdom,England_C_EBA.AG,4050.0,0.6650716662406921,-1.402949267390787,0.10317284373632044,0.5466757953079397
I6778.AG,UnitedKingdom,England_BellBeaker_o.AG,4150.0,0.4985567927360534,-1.498389920551539,0.1067266947419527,0.5980652208454044
I6923.AG,Israel,Israel_MLBA.AG,3725.0,0.0864192023873329,1.4462269489280637,-1.0380241117780733,1.9170104475749679
I7003.AG,Israel,Israel_MLBA.AG,3725.0,0.1111480593681335,1.4585989482442472,-1.0284382964715366,1.9173040932955507
I7040.AG,Hungary,Hungary_EBA_Protonagyrev.AG,4300.0,0.1253036260604858,1.656854101988552,0.08863346428579605,-1.0722150904185292
I7041.AG,Hungary,Hungary_EBA_Protonagyrev_brother.I7043.AG,4000.0,0.3262755572795868,1.7121933911505647,0.08285543552723325,-1.0591487181870327
I7042.AG,Hungary,Hungary_MN.AG,6086.0,0.665363609790802,1.7451560974173694,-0.04623830777204204,-1.0682363386074039
I7043.AG,Hungary,Hungary_EBA_Protonagyrev.AG,4011.0,0.6793375015258789,1.724913497824854,0.08789633593224833,-1.0941178895867762
I7044.AG,Hungary,Hungary_EBA_BellBeaker.AG,4300.0,0.6654350161552429,1.7147951057931836,-0.06327452299692848,-1.0798916887664571
I7045.AG,Hungary,Hungary_EBA_BellBeaker.AG,4231.0,0.6456160545349121,1.702368066494912,0.08059444687443368,-1.0138486396720032
I7126.AG,Romania,Romania_N_o.AG,7162.0,0.7492013573646545,1.2968319810980435,0.4148812808968427,-0.013976719275581818
I7127.AG,Romania,Romania_C_Bodrogkeresztur.AG,6006.0,0.7671257257461548,1.2813007698795886,0.42507154267871444,-0.008350744552659817
I7128.AG,Romania,Romania_C_Bodrogkeresztur.AG,6046.0,0.7075902819633484,1.2623164625604415,0.40118440784037607,0.009280803333281972
I7129.AG,Romania,Romania_C_Bodrogkeresztur.AG,6090.0,0.7069292664527893,1.2578780134792584,0.4147713203163942,0.014058114779116948
I7130.AG,Romania,Romania_C_Bodrogkeresztur.AG,6078.0,0.765662670135498,1.2670851734045796,0.4290076819076403,0.019233373303283147
I7131.AG,Romania,Romania_C_Bodrogkeresztur.AG,5900.0,0.6495592594146729,1.2674385935154382,0.4426094034633095,-0.005427395863995172
I7132.AG,Romania,Romania_C_Bodrogkeresztur.AG,6086.0,0.7275697588920593,1.2755028532761572,0.4097411340270522,-0.0017988387454252108
I7133.AG,Romania,Romania_C_Bodrogkeresztur.AG,6078.0,0.7646707892417908,1.2745294051660494,0.41772924971179437,0.022883842833941917
I7134.AG,Romania,Romania_C_Bodrogkeresztur_brother.I11906.AG,5569.0,0.7706609964370728,1.2926910525882447,0.41408258340840826,-0.008457351924651966
I7135.AG,Romania,Romania_C_Bodrogkeresztur.AG,5900.0,0.762228786945343,1.2885020804081488,0.39894594501815045,0.028047246373794008
I7136.AG,Romania,Romania_C_Bodrogkeresztur.AG,6074.0,0.7768012285232544,1.2529627176469849,0.3866616609256719,0.012232104052112567
I7137.AG,Romania,Romania_C_Bodrogkeresztur.AG,5972.0,0.7590471506118774,1.2826790247094981,0.4159832057277839,0.008446660272486575
I7152.AG,Romania,Romania_BA_1.AG,4462.0,0.1458289623260498,1.2671233940676399,0.3981046959582236,-0.016194451232748184
I7162.AG,Spain,Spain_EBA_Africa.AG,3760.0,0.3186957538127899,-1.1509038588198501,-2.3815615026823553,-1.2164974804501432
I7182.AG,Israel,Israel_MLBA.AG,3725.0,0.0513587445020675,1.4634227755909743,-1.0224977341262946,1.9389088223307975
I7186.AG,Czechia,Czechia_C_Baalberge.AG,5713.0,0.7414925694465637,-0.39365080133190444,0.00284623519030034,0.19338181683134995
I7187.AG,Czechia,Czechia_C_Baalberge.AG,6044.0,0.7393709421157837,-0.4500447691478628,0.045324899742005764,0.18176235682706446
I7188.AG,Czechia,Czechia_C_Baalberge.AG,5610.0,0.7378170490264893,-0.41756800350348605,-0.020971802688118716,0.17852189047853534
I7189.AG,Czechia,Czechia_C_Baalberge.AG,5526.0,0.7310474514961243,-0.3957348234119927,0.010786114300942484,0.2050961240825493
I7191.AG,Czechia,Czechia_C_Baalberge.AG,5657.0,0.7483441233634949,-0.3745786181218477,-0.006483350447550223,0.16839392513434026
I7192.AG,Czechia,Czechia_C_Baalberge.AG,5552.0,0.7501656413078308,-0.4108827364196303,0.03623285501146133,0.171034139495261
I7193.AG,Czechia,Czechia_C_Baalberge_o1.AG,5621.0,0.7201043367385864,-0.346226419181482,0.02995068057380376,0.16063475003306135
I7194.AG,Czechia,Czechia_C_Baalberge.AG,5527.0,0.7334407567977905,-0.38995458416745205,0.01916314454916199,0.1775997385040526
I7195.AG,Czechia,Czechia_EBA.AG,4250.0,0.5893287658691406,-0.41948110943069933,0.11336965344073446,0.1720560071140825
I7196.AG,Czechia,Czechia_EBA.AG,4250.0,0.6124387979507446,-0.42030033746166046,0.0493409613385591,0.20379854361447425
I7197.AG,Czechia,Czechia_MN.AG,6438.0,0.6271369457244873,-0.22966471551428438,0.013425027123465548,0.2136182375525907
I7198.AG,Czechia,Czechia_EBA.AG,4026.0,0.6559996008872986,-0.3821361237304174,0.10785379139327153,0.17019768235573957
I7199.AG,Czechia,Czechia_EBA.AG,4039.0,0.6693108677864075,-0.3839473053463503,0.007724822963219794,0.14176462946735086
I7200.AG,Czechia,Czechia_EBA.AG,4250.0,0.6297978758811951,-0.38601679358549357,0.020911235096299937,0.2040169253114101
I7201.AG,Czechia,Czechia_EBA.AG,4250.0,0.5921259522438049,-0.34446552997042873,0.045283603049658304,0.19617280359144595
I7202.AG,Czechia,Czechia_EBA.AG,4250.0,0.4699107110500335,-0.4060400952905274,0.0790529377781974,0.1913922067498782
I7203.AG,Czechia,Czechia_EBA.AG,4250.0,0.0652239695191383,-0.41351343316647043,0.05823763337647047,0.1612695583035928
I7205.AG,Czechia,Czechia_BellBeaker.AG,4200.0,0.6546581387519836,-0.4120437656448432,0.05240697235204086,0.2376046773064856
I7207.AG,Czechia,Czechia_EBA_CordedWare.AG,4370.0,0.6700440049171448,-0.3828115765959894,0.03200070899935299,0.13120474289454903
I7208.AG,Czechia,Czechia_EBA_CordedWare.AG,4324.0,0.6886269450187683,-0.35733536968482027,0.07299203420990921,0.2096520346381497
I7209.AG,Czechia,Czechia_EBA_CordedWare.AG,4269.0,0.7358113527297974,-0.39708988333674305,0.07659675966054856,0.19076486224913966
I7210.AG,Czechia,Czechia_BellBeaker_father.or.son.I7212.AG,4071.0,0.6339836120605469,-0.36707630189146534,0.0016355143847567968,0.18581100880589438
I7211.AG,Czechia,Czechia_BellBeaker.AG,4183.0,0.64371258020401,-0.34543589179597045,0.060759247775444974,0.1864828575711506
I7212.AG,Czechia,Czechia_BellBeaker.AG,4247.0,0.6335505247116089,-0.41083451436686935,0.040249869295010274,0.17779665871616887
I7213.AG,Czechia,Czechia_BellBeaker.AG,4231.0,0.6313080191612244,-0.38126827087294146,0.06505962990023578,0.2029932287845943
I7214.AG,Czechia,Czechia_BellBeaker.AG,4200.0,0.6418951153755188,-0.39634121370746783,0.0373550310430797,0.195837665954532
I7217.AG,Italy,Italy_Sicily_Himera_480BCE_Greek.AG,2430.0,0.5973278284072876,0.019114186821154504,-0.6587164864938296,0.37034118925551307
I7218.AG,Italy,Italy_Sicily_Himera_480BCE_Greek.AG,2430.0,0.6565356850624084,-0.04279412536558927,-0.7416591342917763,0.4284888967125036
I7219.AG,Italy,Italy_Sicily_Himera_480BCE_Greek.AG,2430.0,0.7006235718727112,0.012115005347590033,-0.7480763307582211,0.3910680014671199
I7221.AG,Italy,Italy_Sicily_Himera_480BCE_Greek.AG,2430.0,0.7261878252029419,-0.01038015185937281,-0.7292631830140099,0.3572926306608166
I7223.AG,Italy,Italy_Sicily_Himera_409BCE.AG,2359.0,0.7100281715393066,0.018475848809708543,-0.7096713419459411,0.44875227564176046
I7224.AG,Italy,Italy_Sicily_Himera_409BCE.AG,2359.0,0.7173314690589905,-0.05562072770582845,-0.6390902496147536,0.40579316884258704
I7225.AG,Italy,Italy_Sicily_Himera_409BCE.AG,2359.0,0.7099811434745789,-0.008916332679530313,-0.7336978973786703,0.38537562750718796
I7231.AG,NorthMacedonia,NorthMacedonia_BA.AG,3169.0,0.7266151905059814,1.3656017036840944,-0.6783971825818854,1.360528022842963
I7233.AG,NorthMacedonia,NorthMacedonia_IA.AG,2800.0,0.733447253704071,1.3430013277292057,-0.6474973376841411,1.340184734317654
I7249.AG,Czechia,Czechia_BA_BellBeaker.AG,4011.0,0.6612444519996643,-0.3872025780775448,0.03075218804329947,0.19868744694374274
I7250.AG,Czechia,Czechia_BA_BellBeaker.AG,4200.0,0.1378695964813232,-0.34191466470818366,0.03546381325598492,0.20756995737153913
I7251.AG,Czechia,Czechia_BA_BellBeaker.AG,4200.0,0.642123818397522,-0.36624692441734996,0.05172253489492246,0.22536468930922066
I7269.AG,Czechia,Czechia_BA_BellBeaker.AG,4200.0,0.5979418158531189,-0.3054265758645872,0.025294409581575132,0.204204645013283
I7271.AG,Czechia,Czechia_BA_BellBeaker_brother.I7278.AG,4200.0,0.1675018817186355,-0.41549779223787064,0.06649359545961905,0.2066464401936028
I7272.AG,Czechia,Czechia_Eneolithic.AG,5417.0,0.656616747379303,-0.34372385345871326,0.0691017764541234,0.13759551979181767
I7275.AG,Czechia,Czechia_BA_BellBeaker.AG,4200.0,0.6020252704620361,-0.38360641866400186,0.049532926399478976,0.21854400797121695
I7276.AG,Czechia,Czechia_BA_BellBeaker.AG,4200.0,0.649326503276825,-0.4004657720982855,0.03590161020502654,0.23108613144082427
I7278.AG,Czechia,Czechia_BA_BellBeaker.AG,4333.0,0.6747860908508301,-0.38647851932702904,0.013763120938039995,0.1793993962083205
I7279.AG,Czechia,Czechia_EBA_CordedWare.AG,4200.0,0.5438685417175293,-0.3324898897734138,0.022917660491504444,0.18708609350160427
I7280.AG,Czechia,Czechia_EBA_CordedWare.AG,4200.0,0.6625282764434814,-0.4013174943853723,0.07741800356961545,0.1945830041743979
I7281.AG,Czechia,Czechia_BellBeaker.AG,4194.0,0.6371822357177734,-0.3864320989055985,0.0883796316863723,0.12119695413874247
I7282.AG,Czechia,Czechia_BellBeaker.AG,4200.0,0.6662468314170837,-0.40609677342325967,0.03096588946495815,0.1623037479660754
I7283.AG,Czechia,Czechia_BellBeaker_mother.I7282.AG,4200.0,0.6339057087898254,-0.31790145313403984,-0.018761955911464605,0.28394262542100435
I7286.AG,Czechia,Czechia_BellBeaker.AG,4221.0,0.6772693991661072,-0.36686357675548387,0.029712151569261925,0.14557616894306524
I7287.AG,Czechia,Czechia_BellBeaker.AG,4200.0,0.543337345123291,-0.3561109282318791,0.022807823455967956,0.20797805958507518
I7288.AG,Czechia,Czechia_BellBeaker.AG,4200.0,0.0789934918284416,-0.43613023643795,0.031827296460116596,0.20315478403183176
I7289.AG,Czechia,Czechia_BellBeaker_sibling.I7214.AG,4289.0,0.651435136795044,-0.34818737280212786,0.013958000401715204,0.19750942575434846
I7290.AG,Czechia,Czechia_BellBeaker.AG,4200.0,0.6804802417755127,-0.3852741997959021,0.05403446137327096,0.1588654088860634
I7399.AG,Croatia,Croatia_MN_Sopot.AG,7078.0,0.6808987259864807,0.8234014332717006,0.0007810213426745238,0.5948276913715953
I7423.AG,Spain,Spain_NazariPeriod_Muslim_o.AG,400.0,0.0882861763238906,-1.1051430101083655,-2.373290817687806,-1.243155318112591
I7424.AG,Spain,Spain_NazariPeriod_Muslim.AG,400.0,0.4645036160945892,-1.0556748767740058,-2.356015469901285,-1.2226371968128742
I7425.AG,Spain,Spain_NazariPeriod_Muslim.AG,400.0,0.6087883710861206,-1.0944742186156853,-2.3256348033348235,-1.213637927420119
I7457.AG,Spain,Spain_Islamic_Almohade.AG,750.0,0.4259500801563263,-1.1234534341942874,-2.3367222729914414,-1.2424959533633702
I7497.AG,Spain,Spain_Islamic_Zira.AG,900.0,0.0917313918471336,-1.1217572802206148,-2.407887326311153,-1.263947216351384
I7498.AG,Spain,Spain_Islamic_Zira.AG,900.0,0.6342146992683411,-1.1099473476074055,-2.354106595303944,-1.2363793243852743
I7499.AG,Spain,Spain_Islamic_Zira.AG,900.0,0.7235389947891235,-1.0573979302112164,-2.3509506193836116,-1.2155573062793605
I7500.AG,Spain,Spain_Islamic_Emirate.AG,950.0,0.058245126157999,-1.0774166160931293,-2.3828271291699674,-1.2474191970219137
I7547.AG,Spain,Spain_MLN.AG,5950.0,0.0559247955679893,-1.1313762953565079,-2.4023068013453885,-1.2568262555223804
I7549.AG,Spain,Spain_MLN.AG,5950.0,0.2294752746820449,-1.1056485057386125,-2.370288846071684,-1.2800990636373828
I7550.AG,Spain,Spain_MLN.AG,6100.0,0.5509098172187805,-1.1204235294677134,-2.363921774275302,-1.2614598360143905
I7554.AG,UnitedKingdom,Scotland_N.AG,5182.0,0.6707285046577454,-1.6122910144959814,0.03001038815038725,0.6488707886741596
I7568.AG,UnitedKingdom,England_MBA.AG,3400.0,0.6575340032577515,-1.5885448141269782,0.17914032555458945,0.6200467343384897
I7570.AG,UnitedKingdom,England_C_EBA.AG,3569.0,0.6591293215751648,-1.4551221031270773,0.16983776539095763,0.6153133335239142
I7571.AG,UnitedKingdom,England_MBA.AG,3306.0,0.6544424295425415,-1.538895995267603,0.10821205603835249,0.5263163103592019
I7572.AG,UnitedKingdom,England_MBA.AG,3380.0,0.5569746494293213,-1.4372771834050955,0.0558628584920003,0.6399212217861548
I7573.AG,UnitedKingdom,England_C_EBA.AG,3520.0,0.6080374121665955,-1.5031386301972713,0.038150121779925446,0.649019667486694
I7574.AG,UnitedKingdom,England_MBA.AG,3271.0,0.6740423440933228,-1.4609652654413368,0.0307137608114044,0.571018752602942
I7575.AG,UnitedKingdom,England_MBA.AG,3107.0,0.6821428537368774,-1.44251254341221,0.18948017190230787,0.6182747511912309
I7576.AG,UnitedKingdom,England_LBA.AG,3039.0,0.6663368344306946,-1.5764029383992204,0.2221387638573055,0.4875313538949652
I7577.AG,UnitedKingdom,England_MBA.AG,3198.0,0.6614528894424438,-1.4680213561367221,0.03475123450938447,0.645865115922297
I7578.AG,UnitedKingdom,England_MBA.AG,3080.0,0.6632525324821472,-1.4437571559359577,-0.00767878211527112,0.7235340366325408
I7579.AG,UnitedKingdom,England_MBA_sister.I7580.AG,3349.0,0.6558771133422852,-1.5265780317762028,0.1365513830242589,0.4289739357235461
I7580.AG,UnitedKingdom,England_MBA_lowEEF.AG,3087.0,0.6590189933776855,-1.3865880911121355,0.15437092235569258,0.6919745291006946
I7585.AG,Ukraine,Ukraine_Eneolithic_SeredniiStih.AG,5935.0,0.0678046345710754,-0.07041617188583918,1.3741791954033644,0.17783463662761895
I7594.AG,Spain,Spain_MLN.AG,5396.0,0.1526942551136016,-1.1790628977890039,-2.3857773638311985,-1.2471025353690663
I7598.AG,Spain,Spain_MLN.AG,5411.0,0.3304766416549682,-1.104477127913042,-2.4016830553243773,-1.2765824182793712
I7600.AG,Spain,Spain_MLN.AG,5625.0,0.2798153758049011,-1.1187181784314126,-2.3813855528976435,-1.3012715058203466
I7601.AG,Spain,Spain_MLN.AG,5527.0,0.1518556624650955,-1.148248545212688,-2.355441485966888,-1.2465089311469817
I7602.AG,Spain,Spain_MLN.AG,5050.0,0.5293569564819336,-1.1702059494400192,-2.3622310098823354,-1.3120066470462663
I7603.AG,Spain,Spain_MLN.AG,5050.0,0.4799657464027405,-1.1320847897546826,-2.412073516238724,-1.2869211545077972
I7604.AG,Spain,Spain_MLN.AG,5050.0,0.5952345728874207,-1.145273468292128,-2.3533166444442957,-1.2832219103405058
I7605.AG,Spain,Spain_MLN.AG,5050.0,0.3243566751480102,-1.1373629128110891,-2.4016793045952984,-1.307238838409481
I7606.AG,Spain,Spain_MLN.AG,5050.0,0.7046551704406738,-1.1862221499594072,-2.3561672777513842,-1.253871874819003
I7626.AG,UnitedKingdom,England_MBA.AG,3231.0,0.6574277877807617,-1.5660029761507412,0.20099751576663658,0.5437668210807354
I7627.AG,UnitedKingdom,England_MBA.AG,3268.0,0.6660124659538269,-1.516126826001587,0.06660633728092145,0.5222764077489959
I7628.AG,UnitedKingdom,England_LBA.AG,3033.0,0.350897341966629,-1.5888459008793392,0.13885849199307626,0.6226795301391385
I7632.AG,UnitedKingdom,England_MIA.AG,2240.0,0.2152775377035141,-1.4976171450380327,0.02807898259332011,0.6596773421099574
I7635.AG,UnitedKingdom,England_C_EBA.AG,4030.0,0.4188033640384674,-1.4619205024528037,0.08085274743365266,0.566820358143604
I7638.AG,UnitedKingdom,England_C_EBA.AG,3995.0,0.512336015701294,-1.4810670492984201,0.17253642776415376,0.6551468835082966
I7639.AG,UnitedKingdom,England_C_EBA.AG,3797.0,0.0517812855541706,-1.5270923829394054,0.1042074031882924,0.6123654567544368
I7640.AG,UnitedKingdom,England_MBA.AG,3307.0,0.6786489486694336,-1.4969155311674118,0.11588816602596513,0.5736974528342403
I7642.AG,Spain,Spain_MLN.AG,4809.0,0.5304234623908997,-1.1596232559413262,-2.3812287854797938,-1.3042819642758248
I7643.AG,Spain,Spain_MLN.AG,5803.0,0.1318591088056564,-1.154503757736785,-2.325496911354845,-1.2289492758447227
I7644.AG,Spain,Spain_MLN.AG,5521.0,0.2965297102928161,-1.0911466111825574,-2.3558991741365767,-1.2849032410815986
I7646.AG,Spain,Spain_MLN.AG,5613.0,0.1198827624320983,-1.1567744632821653,-2.4007493464201395,-1.2787772503730426
I7673.AG,Spain,Spain_Carolingian.AG,1153.0,0.2591456770896911,-1.1732549891315303,-2.3687188970069055,-1.2681080985638769
I7675.AG,Spain,Spain_Carolingian.AG,1153.0,0.1071229577064514,-1.142677868764906,-2.3734481705563844,-1.2698585223464824
I7676.AG,Spain,Spain_Carolingian.AG,1153.0,0.0616287104785442,-1.0935907800952578,-2.3634560450674393,-1.2430554949324781
I7691.AG,Portugal,Portugal_EBA.AG,3900.0,0.0724769309163093,-1.1497834136539773,-1.3614270121414622,-0.47690305482841006
I7692.AG,Portugal,Portugal_EBA.AG,3900.0,0.0514171384274959,-1.1384335395286818,-1.3594225319725617,-0.48633967604600786
I7796.AG,Italy,Italy_Sicily_EBA.AG,3731.0,0.1407235711812973,-0.07161252076108722,-0.7217738900988842,0.3724705238512928
I7807.AG,Italy,Italy_Sicily_EBA.AG,4038.0,0.1605327725410461,-0.08111587335497251,-0.7216364586341252,0.44058211699994737
I7833.AG,Greece,Greece_Attica_Marathon_Roman.AG,1610.0,0.8058820366859436,1.9133429931772383,-0.46080984024850546,2.2072078696210915
I7869.AG,Serbia,Serbia_MN.AG,6953.0,0.7194846868515015,0.37081642914974855,0.10808070968942539,-0.0768340760253672
I7893.AG,Slovakia,Slovakia_N_LBK.AG,6936.0,0.750853419303894,1.209478327918894,0.10695355246340672,0.31157736971065836
I7894.AG,Slovakia,Slovakia_N_LBK.AG,6975.0,0.768448531627655,1.1785410545659742,0.09656148878659603,0.33271593992858217
I7896.AG,Slovakia,Slovakia_N_LBK.AG,6975.0,0.7662116885185242,1.170190174467323,0.10493884221255055,0.3230448671364699
I7949.AG,Czechia,Czechia_BA_Veterov_2.AG,3022.0,0.7247838973999023,-0.40706452469347704,0.05442545089596809,0.196162060163566
I7950.AG,Czechia,Czechia_N_oWHG.AG,5398.0,0.696829617023468,-0.3448928169462104,0.0270687789530285,0.18650217070013608
I7951.AG,Czechia,Czechia_N_oWHG.AG,7200.0,0.3620213270187378,-0.3032737690018568,0.026104501166814488,0.20237619620323608
I7952.AG,Czechia,Czechia_N.AG,7200.0,0.7351568937301636,-0.2941823952314832,-0.007904921784673793,0.1481621436364062
I7953.AG,Czechia,Czechia_IA.AG,2239.0,0.6832944750785828,-0.4059871351832864,0.06319602717937114,0.22861566946393647
I7958.AG,Czechia,Czechia_EBA_Unetice.AG,3950.0,0.7324286103248596,-0.34136891529637164,0.03819696131256364,0.23391516806433296
I7959.AG,Czechia,Czechia_EBA_Unetice.AG,3950.0,0.7324123978614807,-0.3570107371154188,0.091323068414425,0.16362579507098696
I7960.AG,Czechia,Czechia_EBA_Unetice.AG,3950.0,0.7344626784324646,-0.40450296075646347,0.10225780819853673,0.1741446671110164
I7962.AG,Czechia,Czechia_EBA_Unetice.AG,3950.0,0.7630771398544312,-0.37179909025756785,0.044563951393176524,0.18592187990579553
I7963.AG,Czechia,Czechia_EBA_Unetice.AG,3950.0,0.7478744983673096,-0.3472041906186856,0.052186770251684056,0.1914264059936115
I8048.AG,Spain,Spain_C.AG,4050.0,0.0718889385461807,-1.1180606996675302,-2.395687469345866,-1.2590734057992212
I8104.AG,Serbia,Serbia_EN_Starcevo.AG,7650.0,0.0766772106289863,0.3536791901796353,0.1132845417506616,-0.08488550935829624
I8105.AG,Serbia,Serbia_EN_Starcevo.AG,7650.0,0.0827550068497657,0.32513404408238616,0.14823550621819676,-0.08926242306549455
I8112.AG,NorthMacedonia,NorthMacedonia_IA.AG,2614.0,0.7013097405433655,1.3611053650066829,-0.6667462511541591,1.3514971951400268
I8116.AG,Serbia,Serbia_EN_Starcevo_contam.AG,7650.0,0.6969797015190125,0.48163230655603256,0.09665593721756274,-0.05807593076578473
I8117.AG,Serbia,Serbia_EN_Starcevo.AG,7648.0,0.2322449088096618,0.37690822325667805,0.13484763096535937,-0.09371834952547564
I8131.AG,Spain,Spain_C.AG,4459.0,0.094132013618946,-1.1574303015064282,-2.427044710187452,-1.2947050512599292
I8136.AG,Spain,Spain_EBA.AG,3426.0,0.5012396574020386,-1.1834327430574134,-2.3868680475225816,-1.2442075797947154
I8144.AG,Spain,Spain_EBA.AG,3680.0,0.0932885557413101,-1.1127002552834553,-2.4461334931953407,-1.2854813530466922
I8146.AG,Spain,Spain_NazariPeriod_LateMuslim.AG,550.0,0.1488394737243652,-1.1373452556829238,-2.312964126012857,-1.245875564342603
I8149.AG,Spain,Spain_C.AG,4650.0,0.0671712309122085,-1.1501178572072506,-2.3803384422432163,-1.2772401506802795
I8154.AG,Spain,Spain_C.AG,4650.0,0.079016201198101,-1.1531985976558445,-2.3631633846842264,-1.296333017565237
I8187.AG,Israel,Israel_MLBA.AG,3675.0,0.3644122183322906,1.4506800504916941,-1.0193176909765433,1.915651175011192
I8188.AG,Israel,Israel_MLBA_son.I8187.AG,3675.0,0.1716680973768234,1.4509732595058067,-1.0371934313406943,1.9424422376658168
I8197.AG,Spain,Spain_C.AG,4650.0,0.7197855710983276,-1.1316717680267718,-2.3727611775326007,-1.2480236549853756
I8198.AG,Spain,Spain_C.AG,4650.0,0.5756289958953857,-1.1200340992691087,-2.3657627282407656,-1.266927394700802
I8199.AG,Spain,Spain_C.AG,4650.0,0.7145261168479919,-1.1396433939260948,-2.3827431834798145,-1.2808225541410954
I8202.AG,Spain,Spain_Roman_oLocal.AG,1750.0,0.0979251638054847,-1.152320652999088,-2.3340126839900286,-1.236824428788196
I8203.AG,Spain,Spain_Hellenistic_oLocal.AG,2150.0,0.4541647136211395,-1.1154382424146527,-2.4083430472513094,-1.302341425514158
I8204.AG,Spain,Spain_Hellenistic_oMixed_dup.I41959.AG,2179.0,0.1166208311915397,-1.0802342435825187,-2.2975420101764046,-1.2361003443883614
I8205.AG,Spain,Spain_LateArchaic_Classical_Hellenistic_Greek_Iberian_oAegean.AG,2150.0,0.0622791498899459,-1.078760756717919,-2.3268645595695703,-1.2837933423796186
I8206.AG,Spain,Spain_Hellenistic_oLocal.AG,2103.0,0.3657431006431579,-1.1286195666565249,-2.376316705684683,-1.2677188864551947
I8208.AG,Spain,Spain_LateArchaic_Classical_Hellenistic_Greek_Iberian_oAegean.AG,2226.0,0.3306850790977478,-1.0139819485090418,-2.390330167735652,-1.1689436975029317
I8209.AG,Spain,Spain_Classical_Greek_Iberian.AG,2554.0,0.7362104058265686,-1.1432622568955504,-2.395448037589299,-1.2615310873211532
I8210.AG,Spain,Spain_LateArchaic_Classical_Hellenistic_Greek_Iberian.AG,2375.0,0.0546417608857154,-1.1289187187557062,-2.396073869159432,-1.252445279952626
I8214.AG,Spain,Spain_Classical_Greek_Iberian.AG,2375.0,0.4613333344459533,-1.0816913192791997,-2.375901766309937,-1.2336569471779328
I8215.AG,Spain,Spain_Greek_oAegean.AG,2526.0,0.7117426991462708,-1.0815318625048918,-2.3688758060345627,-1.2446319648921051
I8339.AG,Spain,Spain_Roman_oLocal.AG,1777.0,0.2344817072153091,-1.1284627319360363,-2.404399021139948,-1.254644834965425
I8343.AG,Spain,Spain_Roman_oMixed.AG,1287.0,0.0796844810247421,-1.069756502003744,-2.3316791236397503,-1.2421171806129863
I8364.AG,Spain,Spain_C.AG,4588.0,0.6830365657806396,-1.1569051974715054,-2.3707868316923713,-1.259214826016552
I8365.AG,Spain,Spain_C.AG,4588.0,0.7482337951660156,-1.1468673783555519,-2.3708558795404127,-1.2389484224929392
I8366.AG,Turkey,Turkey_Marmara_Iznik_Basilica_Roman_Byzantine_A.AG,1350.0,0.7048919796943665,1.4584141131696449,-0.5668903748970139,0.8715177428412338
I8367.AG,Turkey,Turkey_Marmara_Iznik_Basilica_Roman_Byzantine_A_brother.I8366.AG,1350.0,0.4498938918113708,1.4293247070367745,-0.6331580714597779,0.9370762335612124
I8371.AG,Turkey,Turkey_Marmara_Iznik_Basilica_Roman_Byzantine_A.AG,1350.0,0.7054945826530457,1.4733294374103245,-0.6334059746882937,0.9446570339111038
I8372.AG,Turkey,Turkey_Marmara_Iznik_Basilica_Roman_Byzantine_B.AG,1565.0,0.745327889919281,1.3978165640444502,-0.6184549757299895,0.9544544540414202
I8471.AG,Albania,Albania_Shkrel_MBA.AG,3745.0,0.1533820033073425,1.9774384178435112,-0.3661353906976105,0.5790688822307123
I8475.AG,Spain,Spain_Roman_oMixed.AG,1800.0,0.4757873713970184,-1.093365861781395,-2.3812673293379842,-1.2389081401365836
I8561.AG,Italy,Italy_Sicily_EBA_o1.AG,4212.0,0.7656301856040955,-0.057597776885623925,-0.7629710332835224,0.4011419556531462
I8566.AG,Spain,Spain_C.AG,5100.0,0.2221882492303848,-1.150386251976539,-2.370453316573134,-1.2491928651564268
I8567.AG,Spain,Spain_MLN.AG,5350.0,0.1370026171207428,-1.122214273542754,-2.431928975038415,-1.272953272718065
I8568.AG,Spain,Spain_MLN.AG,5387.0,0.3629823923110962,-1.1319127323116571,-2.3631760570473053,-1.276132046721974
I8569.AG,Spain,Spain_C.AG,4692.0,0.5149880647659302,-1.1191930278504099,-2.368020728682902,-1.2477148736685955
I8570.AG,Spain,Spain_LBA.AG,3100.0,0.2032330632209777,-1.1369832060109195,-2.419851249610711,-1.2683170970299937
MA826.RISE00.SG,Estonia,Estonia_CordedWare_o1.SG,4442.0,0.5206506252288818,-1.203679971189856,1.6606519767876928,-0.20640088816385174
MA968.MA976.SG,Estonia,Estonia_CordedWare.SG,4652.0,0.4311341345310211,-1.1865748884698644,1.6493467736515162,-0.19841546541467492
I0011.AG,Sweden,Sweden_Mesolithic_HG.AG,7564.0,0.5244105458259583,-0.9117309809175224,2.4620799505847977,-0.5747680944329246
I0012.AG,Sweden,Sweden_Mesolithic_HG.AG,7598.0,0.6579687595367432,-0.8972960958380833,2.3549002212278105,-0.5547417654748124
I0013.AG,Sweden,Sweden_Mesolithic_HG.AG,7722.0,0.2511303722858429,-0.9128500471212834,2.407626760253758,-0.5704830327436886
I0014.AG,Sweden,Sweden_Mesolithic_HG.AG,7686.0,0.6245602965354919,-0.9210706309587441,2.3558542426549742,-0.5668415944684801
I0015.AG,Sweden,Sweden_Mesolithic_HG.AG,7710.0,0.497530847787857,-0.8600796295258082,2.358309657967486,-0.5782999346255945
I0017.AG,Sweden,Sweden_Mesolithic_HG.AG,7624.0,0.7730575203895569,-0.9032069822415851,2.33217685414059,-0.540168001212356
I0022.AG,Germany,Germany_EN_LBK.AG,7125.0,0.3160355985164642,-0.3779581480047443,-0.23523576115350867,0.7500608673968842
I0026.AG,Germany,Germany_EN_LBK.AG,7125.0,0.7597478628158569,-0.32572761676782386,-0.20334648259047128,0.7826232210646832
I0049.AG,Germany,Germany_CordedWare.AG,4295.0,0.4470106959342956,-0.2870076411151787,-0.15973420570249267,0.7300055044093836
I0059.AG,Germany,Germany_BenzigerodeHeimburg_LN.AG,4179.0,0.6228798627853394,-0.3859389083332728,-0.22532341688205498,0.7326176995460583
I0060.AG,Germany,Germany_BellBeaker.AG,4214.0,0.1016258522868156,-0.3646795732788945,-0.20642469862105323,0.7288779914812453
I0061.AG,Russia,Russia_YuzhniyOleniyOstrov_Mesolithic.AG,8450.0,0.8640201091766357,-0.16932320520730404,0.6889543930471189,-0.1881410926062281
I0106.AG,Germany,Germany_CordedWare.AG,4297.0,0.1939509212970733,-0.4080634596540619,-0.19120124372422526,0.7898547783132586
I0108.AG,Germany,Germany_BellBeaker.AG,4399.0,0.6224095225334167,-0.36914462108283974,-0.21978482600923932,0.779234129722769
I0111.AG,Germany,Germany_BellBeaker.AG,4303.0,0.4596585631370544,-0.41934069608762264,-0.21289084570501077,0.8544507161365021
I0112.AG,Germany,Germany_BellBeaker.AG,4224.0,0.8078000545501709,-0.38003884921887765,-0.19198077143521103,0.7779579364880053
I0113.AG,Germany,Germany_BellBeaker.AG,4146.0,0.5014983415603638,-0.33026182293919565,-0.24887327057708009,0.7328685606772838
I0114.AG,Germany,Germany_EBA_Unetice_brother.I0117.AG,4002.0,0.6098127365112305,-0.4165058264715512,-0.21175170759133294,0.7910624840521638
I0115.AG,Germany,Germany_EBA_Unetice.AG,3815.0,0.3069626986980438,-0.33057524809848565,-0.12536812613239032,0.7617313336526892
I0117.AG,Germany,Germany_EBA_Unetice.AG,4092.0,0.7194019556045532,-0.3404424465835375,-0.18352340996390584,0.7924791135618022
I0157.AG,UnitedKingdom,England_EarlyMedieval_Saxon.AG,1227.0,0.8208834528923035,-1.495666070554099,0.07016363562424352,0.6022728386803663
I0159.AG,UnitedKingdom,England_EarlyMedieval_Saxon.AG,1234.0,0.7844394445419312,-1.469668983217122,0.04541103201103833,0.5897875778768298
I0161.AG,UnitedKingdom,England_EarlyMedieval_Saxon.AG,1157.0,0.6389867663383484,-1.5032273805635887,0.004835113273488477,0.5509449945334453
I0164.AG,Germany,Germany_EBA_Unetice.AG,3906.0,0.7096372842788696,-0.3828375596800565,-0.2229770652842244,0.7670469690462635
I0171.AG,Germany,Germany_BenzigerodeHeimburg_LN.AG,4118.0,0.1219289675354957,-0.36764390400992497,-0.17022159324068176,0.7493202443253453
I0174.AG,Hungary,Hungary_EN_Starcevo_1.AG,7558.0,0.1892267167568206,1.672826378308984,0.09973212074144518,-0.9704168946245075
I0176.AG,Hungary,Hungary_MN_LBK.AG,7002.0,0.059923131018877,1.6815712622631722,0.07250907793435661,-1.021938272543452
I0257.AG,Spain,Spain_C.AG,4439.0,0.0934004783630371,-1.1837534111166024,-2.3408094514923605,-1.190091978040552
I0258.AG,Spain,Spain_C.AG,4500.0,0.0551964975893497,-1.0860149529871108,-2.362793298847163,-1.3194174925984803
I0262.AG,Spain,Spain_C.AG,4500.0,0.0810778141021728,-1.137354330926209,-2.4004295420781157,-1.2795703745090155
I0405.AG,Spain,Spain_MLN.AG,5700.0,0.2740401029586792,-1.1358956135510365,-2.4379111162459592,-1.2600311648273248
I0407.AG,Spain,Spain_MLN.AG,5700.0,0.4670996963977813,-1.15850532831248,-2.376352304928952,-1.236678940778993
I0409.AG,Spain,Spain_EN.AG,7210.0,0.4343903958797455,-1.1375669157748967,-2.3939500441349058,-1.2020003931240588
I0411.AG,Spain,Spain_EN_father.or.son.I0410.AG,7107.0,0.0651980116963386,-1.0648593037316583,-2.295966887778459,-1.2488873802705944
I0447.AG,Hungary,Hungary_LN_Tisza.AG,6700.0,0.0586344189941883,1.6693533334730775,0.05021138167623373,-1.0361529485435106
I0449.AG,Hungary,Hungary_LN_Tisza.AG,6700.0,0.8038220405578613,1.6953681074257,-0.1268340989164708,-1.0499802546273251
I0458.AG,Spain,Spain_C_father.or.son.I0460.AG,4270.0,0.1127319857478141,-1.1445047500616254,-2.351562573141439,-1.2638815937858374
I0459.AG,Spain,Spain_C.AG,4350.0,0.4576869904994964,-1.2228608045914195,-2.369157781904159,-1.2118802558743422
I0460.AG,Spain,Spain_C.AG,4287.0,0.2931064069271087,-1.1690406023158915,-2.3880357048229115,-1.2713915568483616
I0461.AG,Spain,Spain_C_oSteppe.AG,4241.0,0.6184566020965576,-1.1482808330198073,-2.4085232937464096,-1.2762712140946952
I0531.AG,UnitedKingdom,England_EarlyMedieval_Saxon.AG,1250.0,0.1633689254522323,-1.4994054536059513,0.12196107315128185,0.5912449521820717
I0550.AG,Germany,Germany_LN_Karsdorf.AG,4469.0,0.1398274004459381,-0.3493121330077714,-0.17823039181138703,0.7870199314709861
I0551.AG,Germany,Germany_MN_Salzmuende.AG,5163.0,0.0884662196040153,-0.3106045558294701,-0.11687336005349834,0.8314570256298177
I0559.AG,Germany,Germany_MN_Baalberge.AG,5530.0,0.1495442390441894,-0.3046955832446807,-0.2978913538479383,0.7730029596262391
I0560.AG,Germany,Germany_MN_Baalberge.AG,5471.0,0.3266607820987701,-0.34109871726476276,-0.1904415620673023,0.7589763296348078
I0633.AG,Serbia,Serbia_EN.AG,7424.0,0.5378953814506531,0.39650897960783177,0.129881605428546,-0.06653416196596511
I0634.AG,Serbia,Serbia_EN.AG,6560.0,0.7489896416664124,0.35307338330874966,0.12136448909530614,-0.0721088280783631
I0644.AG,Israel,Israel_C.AG,5950.0,0.5154309272766113,1.4434022480196056,-1.0285517809431524,1.9127971040253215
I0676.AG,NorthMacedonia,NorthMacedonia_N.AG,7792.0,0.7238147258758545,1.341681452280684,-0.6472689858636218,1.3093717247166818
I0707.AG,Turkey,Turkey_Marmara_Barcin_N.AG,8096.0,0.8399959802627563,1.4363463691557645,-0.5702745524259354,0.9048514152030421
I0708.AG,Turkey,Turkey_Marmara_Barcin_N.AG,8101.0,0.8258242011070251,1.4183466751378007,-0.621092566733047,0.9159679747263574
I0709.AG,Turkey,Turkey_Marmara_Barcin_N.AG,8085.0,0.831267774105072,1.437317105235002,-0.5631080577541759,0.903514297441158
I0736.AG,Turkey,Turkey_Marmara_Barcin_N.AG,8300.0,0.6797511577606201,1.4604799849353312,-0.5785665828597696,0.9268420594561703
I0739.AG,Romania,Romania_N.AG,6722.0,0.4804791212081909,1.262688150014968,0.4346772047590522,0.0039554799178118305
I0744.AG,Turkey,Turkey_Marmara_Barcin_N.AG,8270.0,0.7465776801109314,1.4106936028388157,-0.5694850878665875,0.9069271329650893
I0745.AG,Turkey,Turkey_Marmara_Barcin_N.AG,8243.0,0.8390990495681763,1.4428891905372363,-0.6037775667524605,0.9121187152984768
I0746.AG,Turkey,Turkey_Marmara_Barcin_N.AG,7928.0,0.8454963564872742,1.4592577956670472,-0.572137636051918,0.9033315207112989
I0769.AG,UnitedKingdom,England_EarlyMedieval_Saxon.AG,1449.0,0.7345972657203674,-1.4544592399441918,0.055005227576899504,0.5059753135756275
I0773.AG,UnitedKingdom,England_EarlyMedieval_Saxon.AG,1479.0,0.7160159945487976,-1.491281069849443,0.1568465065707843,0.5626269653586382
I0774.AG,UnitedKingdom,England_EarlyMedieval_Saxon.AG,1469.0,0.8874788880348206,-1.4743039410490681,0.09798649373687088,0.4974215538710144
I0777.AG,UnitedKingdom,England_EarlyMedieval_Saxon.AG,1465.0,0.8831958770751953,-1.5031405332662358,0.06874524382133029,0.6189858774044923
I0781.AG,Bulgaria,Bulgaria_Chalcolithic.AG,6404.0,0.4005829691886902,1.2748088857055284,-0.3137627744666488,0.27618632921323444
I0785.AG,Bulgaria,Bulgaria_Chalcolithic.AG,6353.0,0.0666051357984542,1.3140257506914892,-0.3066851462977793,0.3071088381072912
I0791.AG,UnitedKingdom,England_EarlyMedieval_Saxon.AG,1175.0,0.3155603408813476,-1.5060772910508053,0.07446882419990651,0.5489204526246909
I0795.AG,Germany,Germany_EN_LBK.AG,7071.0,0.0911936834454536,-0.34208557125149935,-0.2159446753513429,0.8024905423963672
I0797.AG,Germany,Germany_EN_LBK.AG,7125.0,0.0814135745167732,-0.34180234204965815,-0.22182292548129323,0.7146060192609505
I0803.AG,Germany,Germany_EBA_Unetice.AG,3977.0,0.1896151900291443,-0.33123354929621707,-0.1617359668246218,0.7592576114386241
I0804.AG,Germany,Germany_EBA_Unetice.AG,4010.0,0.0528623796999454,-0.40191692911006305,-0.27154237819430976,0.7274577084531939
I0805.AG,Germany,Germany_BellBeaker_contam.AG,4252.0,0.1958454549312591,-0.37111632782971654,-0.2023536445027185,0.7898071386951588
I0806.AG,Germany,Germany_BellBeaker.AG,4217.0,0.121315024793148,-0.3658415371706475,-0.1916179065084754,0.7534316896368811
I0807.AG,Germany,Germany_MN_Baalberge.AG,5799.0,0.0795125439763069,-0.34491429982266103,-0.2518406564837864,0.7763260277990013
I0823.AG,Spain,Spain_C.AG,4500.0,0.0529670007526874,-1.1548126995140635,-2.39573133732625,-1.246115569467006
I0826.AG,Spain,Spain_C.AG,4522.0,0.0980078876018524,-1.1585469775631452,-2.4058679906930713,-1.2966366729098584
I0840.AG,Portugal,Portugal_C.AG,4243.0,0.1173183098435401,-1.1213033267668253,-1.3628282877511357,-0.5054280315710659
I0843.AG,Spain,Spain_Mesolithic_brother.I0585.AG,7858.0,0.865922749042511,-1.1127586363473454,-2.252657475297137,-1.1899631610296808
I0867.AG,Israel,Israel_PPNB.AG,8700.0,0.6417710185050964,1.4399185143117725,-1.0196093346005375,1.9099919546294475
I0963.AG,Russia,Russia_HG.AG,6950.0,0.0591121092438697,-0.1552353310418617,0.754578977009234,-0.28071900906072217
I1096.AG,Turkey,Turkey_Marmara_Barcin_N.AG,8300.0,0.6457880139350891,1.461379946102785,-0.5853689852406426,0.9026874174365282
I1097.AG,Turkey,Turkey_Marmara_Barcin_N.AG,8282.0,0.6429769992828369,1.4093574772638655,-0.5819539524450776,0.8979991613152869
I1098.AG,Turkey,Turkey_Marmara_Barcin_N.AG,8282.0,0.6694625020027161,1.3902700317645467,-0.6121180832228672,0.9478898496411616
I1099.AG,Turkey,Turkey_Marmara_Barcin_N.AG,8300.0,0.4665092825889587,1.4383761827426105,-0.5680576966864909,0.8592691400148265
I1100.AG,Turkey,Turkey_Marmara_Barcin_N.AG,8300.0,0.2571083903312683,1.4412054008845965,-0.6191580410625054,0.9812035710537064
I1101.AG,Turkey,Turkey_Marmara_Barcin_N.AG,8300.0,0.5673111081123352,1.4609297177955811,-0.5741195017241851,0.9362105831205665
I1102.AG,Turkey,Turkey_Marmara_Barcin_N.AG,8300.0,0.3557140231132507,1.4290347226113076,-0.5719752658074065,0.9195312271658332
I1103.AG,Turkey,Turkey_Marmara_Barcin_N.AG,8300.0,0.5199815630912781,1.434356847447825,-0.5857245304859471,0.9086326733332646
I1131.AG,Serbia,Serbia_EN.AG,6482.0,0.6606305241584778,0.34774607018729053,0.12853473554085126,-0.07112915650741786
I1152.AG,Israel,Israel_C.AG,5950.0,0.5131170749664307,1.4421106717551728,-1.0260504265129202,1.8966228452046607
I1155.AG,Israel,Israel_C.AG,5950.0,0.0797128677368164,1.43584099678433,-1.0087376887590116,1.9224356844133823
I1164.AG,Israel,Israel_C.AG,5950.0,0.2733012437820434,1.4398208576468408,-1.0145511382483785,1.8757164254606535
I1165.AG,Israel,Israel_C.AG,5950.0,0.3876041769981384,1.4435276537265442,-1.0170037886382952,1.8897800047346525
I1168.AG,Israel,Israel_C.AG,5950.0,0.4717233180999756,1.4382932321641526,-1.0183494208816657,1.896780920139994
I1170.AG,Israel,Israel_C.AG,5950.0,0.4015026688575744,1.4349319606298951,-1.01635692886956,1.9298774099624738
I1171.AG,Israel,Israel_C.AG,5950.0,0.193538099527359,1.4361396396512356,-1.0131662044871297,1.9042249041519446
I1172.AG,Israel,Israel_C.AG,5950.0,0.1052146255970001,1.4218199394708844,-1.0145220498880632,1.947105755926935
I1177.AG,Israel,Israel_C.AG,5950.0,0.0780340507626533,1.4556417444699816,-1.0310049194754503,1.9260708783384128
I1178.AG,Israel,Israel_C.AG,5950.0,0.6129351258277893,1.4426731725826838,-1.017543790914446,1.9046243088948798
I1179.AG,Israel,Israel_C.AG,5950.0,0.3476638197898865,1.4353328390820879,-1.0300140784210186,1.925140432287176
I1180.AG,Israel,Israel_C_1d.rel.I1179.AG,5950.0,0.077305756509304,1.4477200420767424,-1.0238152428954264,1.8971314146408291
I1181.AG,Israel,Israel_C.AG,5950.0,0.0809123665094375,1.4488564220805116,-1.0169367165493413,1.9195289488498886
I1182.AG,Israel,Israel_C.AG,5950.0,0.3667860627174377,1.4514168772211398,-1.0405660123792213,1.932247589193827
I1184.AG,Israel,Israel_C.AG,5950.0,0.2837447822093963,1.4409486004421688,-1.0271915948965504,1.9014596417428207
I1187.AG,Israel,Israel_C.AG,5950.0,0.1065219938755035,1.4373453168922008,-1.0391449187006563,1.9162799048141073
I1271.AG,Spain,Spain_C.AG,4550.0,0.2037326395511627,-1.1072947330931244,-2.313736615311126,-1.337988149785323
I1272.AG,Spain,Spain_C.AG,4595.0,0.5010247230529785,-1.1275201356530449,-2.390601733614655,-1.2683550994203343
I1274.AG,Spain,Spain_C_brother.I1277.AG,4550.0,0.1332313567399978,-1.0870624192224205,-2.387318712030256,-1.2418306530634062
I1276.AG,Spain,Spain_C.AG,4550.0,0.0997548252344131,-1.1065533578250437,-2.3726388026658625,-1.321273518055366
I1277.AG,Spain,Spain_C.AG,4403.0,0.47305828332901,-1.1507636569697446,-2.357120904861054,-1.2560910864580443
I1280.AG,Spain,Spain_C.AG,4550.0,0.177234947681427,-1.149990889560831,-2.4089042111791152,-1.3179374239067971
I1281.AG,Spain,Spain_C.AG,4653.0,0.5390819311141968,-1.1318594977455703,-2.3402861898077507,-1.203040372903738
I1282.AG,Spain,Spain_C.AG,4550.0,0.0586206316947937,-1.093176575356438,-2.3654910136637994,-1.2498416043727147
I1284.AG,Spain,Spain_C.AG,4550.0,0.1066112071275711,-1.16997920081714,-2.3319232806727865,-1.2084387497168108
I1298.AG,Bulgaria,Bulgaria_N.AG,7883.0,0.0847630947828292,1.3040677454147,-0.31201717582234645,0.29915577037398217
I1300.AG,Spain,Spain_C.AG,4550.0,0.6676036715507507,-1.1388303182145454,-2.4045957854378948,-1.244971684898084
I1302.AG,Spain,Spain_C_father.or.son.I1314.AG,4550.0,0.0610626153647899,-1.186945893740467,-2.390338645015955,-1.2685728748249199
I1303.AG,Spain,Spain_C.AG,4550.0,0.3922140300273895,-1.17053107053717,-2.382380556177588,-1.296214846626066
I1310.AG,Spain,Spain_EBA.AG,3650.0,0.3627001643180847,-1.1843629926419215,-2.3914189864348856,-1.2488730002700197
I1314.AG,Spain,Spain_C.AG,4550.0,0.1893483698368072,-1.1206264907084185,-2.3889007902988975,-1.2911185504372293
I1381.AG,France,France_BellBeaker.AG,4250.0,0.5894657969474792,-0.984532823640307,-0.752557760198392,-0.42762086932619986
I1382.AG,France,France_BellBeaker.AG,4195.0,0.5183749198913574,-0.9903059744747913,-0.8729186344815626,-0.43938964520343193
I1388.AG,France,France_BellBeaker_LowSteppe.AG,4198.0,0.3236454129219055,-1.020607587964259,-0.861822353253726,-0.47353248861863617
I1389.AG,France,France_BellBeaker_1d.rel.I1390.AG,4361.0,0.0846406295895576,-1.0105674381338503,-0.7897796833887306,-0.4629402543919717
I1390.AG,France,France_BellBeaker.AG,4331.0,0.3870559334754944,-1.0062497892351212,-0.7937179296480655,-0.4376044280113154
I1391.AG,France,France_BellBeaker.AG,4179.0,0.0764412060379982,-0.9897582091586572,-0.8526480380777843,-0.48496028807516817
I1495.AG,Hungary,Hungary_LN_Lengyel.AG,6367.0,0.703943133354187,1.6124695683939785,0.14970945596604074,-0.9589761006666175
I1496.AG,Hungary,Hungary_MN_LBK.AG,7040.0,0.6893763542175293,1.5709625999758545,0.08447533773692804,-0.8899369643395962
I1497.AG,Hungary,Hungary_LateC_Baden.AG,5019.0,0.695500373840332,1.7343587374001128,0.06670687177875799,-1.0306507836831875
I1498.AG,Hungary,Hungary_MN_AVK.AG,7094.0,0.691763162612915,1.671962613624767,0.028912817417910953,-1.0110034406793962
I1499.AG,Hungary,Hungary_MN_AVK_Bukk.AG,7077.0,0.6991418600082397,1.7263819878194395,-0.011377523951061855,-1.016024755493008
I1500.AG,Hungary,Hungary_MN_AVK.AG,7058.0,0.7045262455940247,1.664936775846899,0.1156807542059296,-0.9318317483132115
I1502.AG,Hungary,Hungary_EBA_Mako.AG,4026.0,0.6795240640640259,1.6131191770083213,0.09851930004986943,-0.9709519317806163
I1504.AG,Hungary,Hungary_LBA_EIA_Piliny_Kyjatice.AG,2858.0,0.5847845673561096,1.6607264165297575,0.040878684189120204,-1.0180135498345027
I1505.AG,Hungary,Hungary_MN_AVK.AG,7057.0,0.6587116122245789,1.5893879015827836,0.08216047229503046,-1.0357858880896516
I1506.AG,Hungary,Hungary_MN_AVK.AG,7146.0,0.6047267913818359,1.6254696888196398,0.08791166607360601,-1.0521884673022832
I1507.AG,Hungary,Hungary_EN_Koros_oMesolithic.AG,7661.0,0.6799108982086182,1.4506817452970682,0.09110423326432981,-0.9224901591544562
I1508.AG,Hungary,Hungary_EN_Koros_o.AG,7591.0,0.4907150268554687,1.6155144243329,-0.003523366325768102,-0.9199857154706589
I1532.AG,Germany,Germany_CordedWare.AG,4225.0,0.4004532098770141,-0.3641426279677011,-0.13218574400508465,0.763209811120612
I1536.AG,Germany,Germany_CordedWare.AG,4225.0,0.0991019532084465,-0.35989505962779006,-0.1994490021919544,0.7811810162650379
I1538.AG,Germany,Germany_CordedWare.AG,4225.0,0.1173556149005889,-0.4187930555796198,-0.19060721330753638,0.7643298087237991
I1539.AG,Germany,Germany_CordedWare.AG,4420.0,0.1215713024139404,-0.3709803274805486,-0.20987105755359445,0.8020033348894224
I1540.AG,Germany,Germany_CordedWare_o.AG,4225.0,0.2459909170866012,-0.37517875941312095,-0.18226288844271712,0.7475107200662748
I1541.AG,Germany,Germany_CordedWare_father.or.son.I1538_father.or.son.I1540.AG,4225.0,0.2397022545337677,-0.37188948826645685,-0.15401788067246497,0.7167645223062036
I1542.AG,Germany,Germany_CordedWare.AG,4225.0,0.0660171434283256,-0.3797996211643965,-0.24089837841222458,0.7810682995229035
I1544.AG,Germany,Germany_CordedWare.AG,4225.0,0.1009673029184341,-0.3636275608490098,-0.14225312148370325,0.6678758378662107
I1546.AG,Germany,Germany_BellBeaker.AG,4225.0,0.1318096369504928,-0.43983996547449095,-0.18713745940213597,0.7442347338720633
I1549.AG,Germany,Germany_BellBeaker.AG,4225.0,0.6698136925697327,-0.39104864360672065,-0.197341288443958,0.7196582028254773
I1732.AG,Ukraine,Ukraine_N.AG,7218.0,0.6309390068054199,-0.08655969658440542,1.3654916590937343,0.19265958431131794
I1734.AG,Ukraine,Ukraine_Mesolithic.AG,8100.0,0.6518698334693909,-0.08134178163751409,1.3618119692619257,0.19059399534454927
I1736.AG,Ukraine,Ukraine_Mesolithic.AG,8110.0,0.5633176565170288,-0.0927548079263227,1.3474961354578183,0.1695059275490581
I1738.AG,Ukraine,Ukraine_N.AG,7348.0,0.6199439764022827,-0.06339341503785448,1.3539506785969808,0.19115354037449184
I0047.AG,Germany,Germany_EBA_Unetice.AG,3923.0,0.6831339001655579,-0.3762255254357521,-0.1904638872655222,0.7855691331398812
I0099.AG,Germany,Germany_LBA_Halberstadt.AG,3024.0,0.809198260307312,-0.3330319805715433,-0.19528817686731245,0.7905492919729017
I0723.AG,Turkey,Turkey_Marmara_Mentese_N.AG,7870.0,0.3615014553070068,1.4490153673506996,-0.585973435310832,0.9114193500747683
I0854.AG,Turkey,Turkey_Marmara_Barcin_N_sister.of.I0736.AG,8104.0,0.6040877103805542,1.4503136869524882,-0.5922873493109195,0.9412885510328485
I1579.AG,Turkey,Turkey_Marmara_Barcin_N.AG,8072.0,0.6988466382026672,1.4441828999696091,-0.5518669095395103,0.9296223545643109
I1585.AG,Turkey,Turkey_Marmara_Barcin_N.AG,8021.0,0.7024516463279724,1.420051444527473,-0.5740908162404954,0.8804910077053111
ORD006.SG,Italy,Italy_Ordona_Daunian.SG,2576.0,0.107487104833126,-0.07206719759299006,-0.6924229588859476,0.358434360208058
ORD009.SG,Italy,Italy_Ordona_Daunian.SG,2497.0,0.6133252382278442,-0.0637480858488414,-0.6346074958088851,0.4057236979072137
ORD010.SG,Italy,Italy_Ordona_Medieval.SG,870.0,0.5914138555526733,-0.09284537583321777,-0.6876534808574347,0.41910787405398203
ORD011.SG,Italy,Italy_Ordona_Daunian_possible.SG,1750.0,0.0909974202513694,-0.04701325327892079,-0.7010013012401703,0.39704422026659597
ORD014.SG,Italy,Italy_Ordona_Daunian.SG,2507.0,0.1060280799865722,-0.05110617580290035,-0.7294862685406993,0.4054382026301911
SAL003.SG,Italy,Italy_Salapia_Daunian.SG,2289.0,0.1057401672005653,-0.10721219483515608,-0.6938710349662447,0.38796050344467475
SGR002.SG,Italy,Italy_SanGiovanni_IA.SG,2541.0,0.0895813778042793,-0.07495958928955405,-0.7425976761462574,0.4046811732862886
SGR003.SG,Italy,Italy_SanGiovanni_IA.SG,2225.0,0.0504244491457939,-0.058493178536168255,-0.7366895576529293,0.3922550597170233
ADN001.AG,Germany,Germany_Anderten_Medieval_Saxon_father.ADN005.ADN003.ADN009.AG,1150.0,0.6756401062011719,-0.34725494878219176,-0.21556175416303022,0.7618707750779727
ADN002.AG,Germany,Germany_Anderten_Medieval_Saxon.AG,1150.0,0.6628770232200623,-0.3865236855061272,-0.19407265552934952,0.769073558455335
ADN003.AG,Germany,Germany_Anderten_Medieval_Saxon_daughter.ADN001.sister.ADN005.ADN009.AG,1150.0,0.654595673084259,-0.38302937447203367,-0.202990845394305,0.7750825679053248
ADN004.AG,Germany,Germany_Anderten_Medieval_Saxon.AG,1150.0,0.2115809023380279,-0.4029284276998616,-0.19584272653919102,0.7417607066531048
ADN005.AG,Germany,Germany_Anderten_Medieval_Saxon.AG,1150.0,0.7183314561843872,-0.382758388094163,-0.21688294149011783,0.7831440150268947
ADN006.AG,Germany,Germany_Anderten_Medieval_Saxon.AG,1150.0,0.7161781787872314,-0.35035555831364784,-0.2313462213929463,0.7838011062497525
ADN007.AG,Germany,Germany_Anderten_Medieval_Saxon.AG,1150.0,0.7030518054962158,-0.3782982726162705,-0.20293040732883225,0.7717045089903108
ADN008.AG,Germany,Germany_Anderten_Medieval_Saxon.AG,1150.0,0.736941933631897,-0.31108923809865474,-0.2228136338619196,0.8321059520320402
ADN011.AG,Germany,Germany_Anderten_Medieval_Saxon.AG,1150.0,0.64869225025177,-0.35368024245634805,-0.23884833109073153,0.786065615950395
ADN013.AG,Germany,Germany_Anderten_Medieval_Saxon_father.ADN011.AG,1150.0,0.6430345773696899,-0.33545063244265755,-0.19514314574063776,0.7825335602542267
ADN014.AG,Germany,Germany_Anderten_Medieval_Saxon.AG,1150.0,0.7070915102958679,-0.373870774883625,-0.22243004995864757,0.7839189156907059
ADN015.AG,Germany,Germany_Anderten_Medieval_Saxon.AG,1150.0,0.7340822815895081,-0.3336582623182396,-0.21463938864434776,0.7779926272976256
DRU001.A.AG,Germany,Germany_Drantum_Medieval_Saxon.AG,1200.0,0.5333163738250732,-0.34284297472547254,-0.21400548422966514,0.7721772880857325
DRU002.A.AG,Germany,Germany_Drantum_Medieval_Saxon.AG,1200.0,0.4013250470161438,-0.3536239847054033,-0.22870222743173377,0.7880360831539552
DRU003.A.AG,Germany,Germany_Drantum_Medieval_Saxon.AG,1200.0,0.5828892588615417,-0.344949280247303,-0.16520265677986015,0.7458639162335355
DRU004.A.AG,Germany,Germany_Drantum_Medieval_Saxon.AG,1200.0,0.4404470920562744,-0.4358869794588702,-0.16188127622478513,0.8082393811524646
DRU005.A.AG,Germany,Germany_Drantum_Medieval_Saxon.AG,1200.0,0.2225175201892852,-0.3199751896248657,-0.2065239801499626,0.7978672507802482
DRU006.A.AG,Germany,Germany_Drantum_Medieval_Saxon.AG,1200.0,0.6745695471763611,-0.36512152234759954,-0.18743415679295555,0.8366565835204132
DRU007.A.AG,Germany,Germany_Drantum_Medieval_Saxon.AG,1200.0,0.4469263553619385,-0.3170952516293614,-0.16358759192142316,0.8287998277867192
DRU009.A.AG,Germany,Germany_Drantum_Medieval_Saxon.AG,1200.0,0.3377434015274048,-0.41842376622881167,-0.16648038942861845,0.8264834424863997
DRU011.A.AG,Germany,Germany_Drantum_Medieval_Saxon.AG,1200.0,0.372944176197052,-0.3616497087791793,-0.22090909561686717,0.7656438908048465
DRU012.A.AG,Germany,Germany_Drantum_Medieval_Saxon.AG,1200.0,0.4060695171356201,-0.41901471921904865,-0.19164414672646893,0.8241008367750802
DRU013.A.AG,Germany,Germany_Drantum_Medieval_Saxon.AG,1200.0,0.6218344569206238,-0.37356260825269366,-0.212176650352319,0.7690816048632992
DRU014.A.AG,Germany,Germany_Drantum_Medieval_Saxon_father.DRU006.A.AG,1200.0,0.6342512369155884,-0.34746949950417444,-0.2392377765504952,0.7407142324249133
DRU015.A.AG,Germany,Germany_Drantum_Medieval_Saxon.AG,1200.0,0.5720572471618652,-0.40272214858440397,-0.2082570213989156,0.782794458091068
DRU016.A.AG,Germany,Germany_Drantum_Medieval_Saxon.AG,1200.0,0.5690159201622009,-0.35556196558741965,-0.21242125863709818,0.7340863348993457
DRU017.A.AG,Germany,Germany_Drantum_Medieval_Saxon.AG,1200.0,0.6689394116401672,-0.36859255338085734,-0.20988434181961693,0.7546569354257509
DRU018.A.AG,Germany,Germany_Drantum_Medieval_Saxon.AG,1200.0,0.6691226959228516,-0.39494443985365046,-0.21520296224080576,0.7667900800342249
DUN002.A.AG,Germany,Germany_Dunum_Medieval_Saxon.AG,1050.0,0.4614468812942505,-0.3625141872086006,-0.27558923848309935,0.7889709638295254
DUN005.A.AG,Germany,Germany_Dunum_Medieval_Saxon.AG,1050.0,0.2849329113960266,-0.4044434653078517,-0.18953547264937812,0.7451754014978985
DUN006.A.AG,Germany,Germany_Dunum_Medieval_Saxon.AG,1050.0,0.356476366519928,-0.5032438939637119,-0.23264029489101257,0.8378136114476475
DUN007.A.AG,Germany,Germany_Dunum_Medieval_Saxon.AG,1050.0,0.5128048062324524,-0.3422934028969858,-0.23392790832319094,0.7961073950785625
DUN009.A.AG,Germany,Germany_Dunum_Medieval_Saxon.AG,1050.0,0.181144893169403,-0.45901901045932875,-0.16742518784625618,0.7877296641442548
DUN010.A.AG,Germany,Germany_Dunum_Medieval_Saxon.AG,1050.0,0.39543217420578,-0.3811252730897581,-0.22655296384935822,0.8014715424823085
DUN011.A.AG,Germany,Germany_Dunum_Medieval_Saxon.AG,1050.0,0.6629118919372559,-0.3542743851894513,-0.248880789957654,0.7795570584647579
DUN012.A.AG,Germany,Germany_Dunum_Medieval_Saxon.AG,1050.0,0.1346036046743393,-0.3607911627851357,-0.24345405804044032,0.7759808420503326
DUN013.A.AG,Germany,Germany_Dunum_Medieval_Saxon.AG,1050.0,0.260049968957901,-0.37745838560965195,-0.21423380376710627,0.7656206169745832
EAS006.AG,UnitedKingdom,England_Saxon.AG,1200.0,0.6098013520240784,-1.427379129815938,0.04228592446761265,0.560626096458969
GRO001.A.AG,Netherlands,Netherlands_Groningen_Medieval_Saxon_oAfrica2.AG,900.0,0.5947650074958801,-1.248448369889759,0.14426641114560101,-0.2060120941360481
GRO002.A.AG,Netherlands,Netherlands_Groningen_Medieval_Saxon.AG,1000.0,0.6443573832511902,-1.286185188126579,0.11709651574625524,-0.2177654943312657
GRO004.A.AG,Netherlands,Netherlands_Groningen_Medieval_Saxon.AG,950.0,0.1571694761514663,-1.2543261964255907,0.11025374564989036,-0.195242698433177
GRO005.A.AG,Netherlands,Netherlands_Groningen_Medieval_Saxon_oAfrica1.AG,900.0,0.6502478122711182,-1.2839900189176174,0.11207334705298021,-0.21721890470358646
GRO006.A.AG,Netherlands,Netherlands_Groningen_Medieval_Saxon_oAfrica1.AG,950.0,0.2527564465999603,-1.2519636681585908,0.11731316146533162,-0.20385137235591833
GRO014.A.AG,Netherlands,Netherlands_Groningen_Medieval_Saxon.AG,1075.0,0.780616283416748,-1.2539941483018633,0.14298816401005068,-0.20238349352100873
GRO015.A.AG,Netherlands,Netherlands_Groningen_Medieval_Saxon.AG,950.0,0.7084726691246033,-1.265129717515634,0.13707401467514901,-0.21175918614012817
GRO016.A.AG,Netherlands,Netherlands_Groningen_Medieval_Saxon_1d.rel.GRO015.A.AG,950.0,0.7013583779335022,-1.2775681534083867,0.13983751947149997,-0.2168079874410373
GRO017.A.AG,Netherlands,Netherlands_Groningen_Medieval_Saxon.AG,1050.0,0.6964598298072815,-1.223505982657706,0.14210017796303617,-0.18113844664303327
GRO019.A.AG,Netherlands,Netherlands_Groningen_Medieval_Saxon.AG,1000.0,0.3106812238693237,-1.2769182084944848,0.13912031657576907,-0.21327890875739153
HAD018.AG,UnitedKingdom,England_Saxon.AG,1200.0,0.6802483201026917,-1.4407060870889203,0.08861765174892619,0.6894064412773545
HID003.AG,Germany,Germany_EarlyMedieval_Saxon.AG,1550.0,0.2024917751550674,-0.4012251144640834,-0.15723039270843925,0.8545153365252977
HID004.AG,Germany,Germany_EarlyMedieval_Saxon.AG,1550.0,0.6555542945861816,-0.3843809375179527,-0.18735286049808209,0.8088683072544205
IND001.A.AG,Germany,Germany_AltInden_EarlyMedieval_Saxon.AG,1350.0,0.4401908218860626,-0.35450585002876517,-0.17526211237463216,0.8344044956999543
IND002.A.AG,Germany,Germany_AltInden_EarlyMedieval_Saxon.AG,1350.0,0.8154171705245972,-0.35185139017373823,-0.17831567482510816,0.7840935236706565
IND003.A.AG,Germany,Germany_AltInden_EarlyMedieval_Saxon.AG,1350.0,0.5834707617759705,-0.37293059819338126,-0.24444285350064662,0.7984344380023669
IND004.A.AG,Germany,Germany_AltInden_EarlyMedieval_Saxon.AG,1350.0,0.4857507646083832,-0.4118754806295924,-0.23184566381318786,0.8211534954975762
IND005.A.AG,Germany,Germany_AltInden_EarlyMedieval_Saxon.AG,1350.0,0.6937485933303833,-0.36175752715419446,-0.24062580866745575,0.7939740108613486
IND006.A.AG,Germany,Germany_AltInden_EarlyMedieval_Saxon.AG,1350.0,0.4240888059139251,-0.3995101152959207,-0.2595611249310971,0.7678789899925562
IND007.A.AG,Germany,Germany_AltInden_EarlyMedieval_Saxon.AG,1350.0,0.7046551704406738,-0.3704512990304769,-0.22684923348306588,0.757242678123307
IND008.A.AG,Germany,Germany_AltInden_EarlyMedieval_Saxon_father.or.son.IND001.A.AG,1350.0,0.5830822587013245,-0.35886614209926904,-0.17522217118423214,0.7587043021785267
IND009.A.AG,Germany,Germany_AltInden_EarlyMedieval_Saxon_oLevant.AG,1350.0,0.6277646422386169,-0.33875207866543133,-0.18717193991469316,0.7733191960658319
IND010.A.AG,Germany,Germany_AltInden_EarlyMedieval_Saxon.AG,1350.0,0.575021505355835,-0.31691362430967984,-0.21436720452431202,0.785086484597468
IND011.A.AG,Germany,Germany_AltInden_EarlyMedieval_Saxon.AG,1350.0,0.1971349865198135,-0.3556494569772761,-0.25310292418231156,0.6917376837344829
IND012.A.AG,Germany,Germany_AltInden_EarlyMedieval_Saxon.AG,1350.0,0.7423879504203796,-0.35440866600600907,-0.220456471940472,0.8024280429640532
IND013.A.AG,Germany,Germany_AltInden_EarlyMedieval_Saxon.AG,1350.0,0.7324756383895874,-0.400531715679141,-0.14254334568568722,0.793346510864888
IND014.A.AG,Germany,Germany_AltInden_EarlyMedieval_Saxon.AG,1350.0,0.5160853862762451,-0.4006643652631725,-0.2538414858217678,0.7727747483107632
IND015.A.AG,Germany,Germany_AltInden_EarlyMedieval_Saxon.AG,1350.0,0.1689771264791488,-0.3359898379230654,-0.2445155275743313,0.8383114080859116
IND016.A.AG,Germany,Germany_AltInden_EarlyMedieval_Saxon.AG,1350.0,0.1038707643747329,-0.3783010700877941,-0.17112972066025026,0.7903080490434301
IND017.A.AG,Germany,Germany_AltInden_EarlyMedieval_Saxon.AG,1350.0,0.54686039686203,-0.4074056365893322,-0.20963232067299298,0.8225562331731349
ISS001.AG,Germany,Germany_Issendorf_EarlyMedieval_Saxon.AG,1550.0,0.1094076037406921,-0.3734093087457118,-0.2121898840684859,0.8183746663381813
ISS002.AG,Germany,Germany_Issendorf_EarlyMedieval_Saxon.AG,1550.0,0.268226683139801,-0.37091342001559563,-0.145996208430696,0.7787195838311493
KIL001.B.AG,Ireland,Ireland_Kilteasheen_EarlyMedieval_AngloSaxon_Norman.AG,950.0,0.7590463161468506,-1.5961524186077685,-0.04839461269845615,0.592091565098649
KIL002.B.AG,Ireland,Ireland_Kilteasheen_EarlyMedieval_AngloSaxon_Norman.AG,950.0,0.1251479089260101,-1.5765724423726313,-0.0546901007013888,0.5732602356927983
KIL003.B.AG,Ireland,Ireland_Kilteasheen_EarlyMedieval_AngloSaxon_Norman.AG,950.0,0.7073794007301331,-1.6143715708051154,-0.05013696316623351,0.5788531590545125
KIL004.B.AG,Ireland,Ireland_Kilteasheen_EarlyMedieval_AngloSaxon_Norman.AG,950.0,0.7637040615081787,-1.619215586678563,-0.04250702881895262,0.5687392018659356
KIL006.B.AG,Ireland,Ireland_Kilteasheen_EarlyMedieval_AngloSaxon_Norman.AG,950.0,0.8062866926193237,-1.5589638577557725,-0.040328963848910986,0.5592085818501632
KIL007.B.AG,Ireland,Ireland_Kilteasheen_EarlyMedieval_AngloSaxon_Norman.AG,950.0,0.0664956495165824,-1.5996197438324313,-0.05494084434345557,0.5726804285784443
KIL008.B.AG,Ireland,Ireland_Kilteasheen_EarlyMedieval_AngloSaxon_Norman.AG,950.0,0.2052524983882904,-1.6012896344391716,-0.026745269521336004,0.5706542654753863
KIL009.B.AG,Ireland,Ireland_Kilteasheen_EarlyMedieval_AngloSaxon_Norman.AG,950.0,0.6369624733924866,-1.590272294718362,-0.08353866473768788,0.5949202422041878
KIL012.A.AG,Ireland,Ireland_Kilteasheen_EarlyMedieval_AngloSaxon_Norman.AG,950.0,0.6834421157836914,-1.591009005599371,-0.06318933595315772,0.5825691264466002
KIL013.B.AG,Ireland,Ireland_Kilteasheen_EarlyMedieval_AngloSaxon_Norman.AG,950.0,0.7457480430603027,-1.6208722022674553,-0.04905076169320431,0.5726405416854143
KIL014.B.AG,Ireland,Ireland_Kilteasheen_EarlyMedieval_AngloSaxon_Norman.AG,950.0,0.4051003456115722,-1.617824602911256,-0.06290774511567102,0.5652616408140945
KIL015.B.AG,Ireland,Ireland_Kilteasheen_EarlyMedieval_AngloSaxon_Norman.AG,950.0,0.1593673378229141,-1.613013074655318,-0.07615586325003007,0.5941742324565508
KIL016.B.AG,Ireland,Ireland_Kilteasheen_EarlyMedieval_AngloSaxon_Norman.AG,950.0,0.734413206577301,-1.6232841226151635,-0.0773683160187907,0.588190269592716
KIL021.A.AG,Ireland,Ireland_Kilteasheen_EarlyMedieval_AngloSaxon_Norman.AG,950.0,0.162239983677864,-1.605726064761401,-0.04568754708213262,0.5662580146404149
KIL022.B.AG,Ireland,Ireland_Kilteasheen_EarlyMedieval_AngloSaxon_Norman.AG,950.0,0.6774064898490906,-1.6035653377032029,-0.03188786171173966,0.6068953397907088
KIL023.B.AG,Ireland,Ireland_Kilteasheen_EarlyMedieval_AngloSaxon_Norman.AG,950.0,0.7935528755187988,-1.6227447133060928,-0.03778499594426667,0.5659929338552293
KIL025.B.AG,Ireland,Ireland_Kilteasheen_EarlyMedieval_AngloSaxon_Norman.AG,950.0,0.8157545924186707,-1.5947461677903025,-0.1025569188071568,0.5666964391264844
KIL026.B.AG,Ireland,Ireland_Kilteasheen_EarlyMedieval_AngloSaxon_Norman.AG,950.0,0.499602198600769,-1.6128528527534636,-0.04823115745465509,0.5732081428888203
KIL027.B.AG,Ireland,Ireland_Kilteasheen_EarlyMedieval_AngloSaxon_Norman.AG,950.0,0.7719472646713257,-1.553002228552039,-0.04306634264023387,0.5682159524375098
KIL028.B.AG,Ireland,Ireland_Kilteasheen_EarlyMedieval_AngloSaxon_Norman.AG,950.0,0.567817211151123,-1.6246800166054964,-0.062373478945462725,0.587235724591047
KIL030.A.AG,Ireland,Ireland_Kilteasheen_EarlyMedieval_AngloSaxon_Norman_oSteppe.AG,950.0,0.0764225497841835,-1.6174664762212412,-0.046386818318443136,0.5754151996954153
KIL031.B.AG,Ireland,Ireland_Kilteasheen_EarlyMedieval_AngloSaxon_Norman.AG,950.0,0.0713528543710708,-1.6173768342531363,-0.05500494414058452,0.5714617565655891
KIL032.B.AG,Ireland,Ireland_Kilteasheen_EarlyMedieval_AngloSaxon_Norman.AG,950.0,0.4394787549972534,-1.629210252682769,-0.05061304792401998,0.5855552355474788
KIL033.B.AG,Ireland,Ireland_Kilteasheen_EarlyMedieval_AngloSaxon_Norman.AG,950.0,0.8007458448410034,-1.5770837736456256,-0.0699781910463876,0.5708120246583309
KIL034.A.AG,Ireland,Ireland_Kilteasheen_EarlyMedieval_AngloSaxon_Norman.AG,950.0,0.6151703000068665,-1.6034631620901862,-0.058405701457452885,0.5731778561582781
KIL035.B.AG,Ireland,Ireland_Kilteasheen_EarlyMedieval_AngloSaxon_Norman.AG,950.0,0.6392146944999695,-1.6229904036173168,-0.03198606676194883,0.5624253415304911
KIL037.A.AG,Ireland,Ireland_Kilteasheen_EarlyMedieval_AngloSaxon_Norman.AG,950.0,0.8288655281066895,-1.567587353669905,-0.03966565419226301,0.5592918511045485
KIL038.A.AG,Ireland,Ireland_Kilteasheen_EarlyMedieval_AngloSaxon_Norman.AG,950.0,0.0758499726653099,-1.4990305662467633,-0.07481800592325163,0.5472881175081639
KIL041.B.AG,Ireland,Ireland_Kilteasheen_EarlyMedieval_AngloSaxon_Norman.AG,950.0,0.570112407207489,-1.6264480448499818,-0.05118697798717386,0.5903086947855096
KIL042.A.AG,Ireland,Ireland_Kilteasheen_EarlyMedieval_AngloSaxon_Norman.AG,950.0,0.7219688892364502,-1.5948033020096406,-0.05192703059271585,0.553988323035031
KIL043.B.AG,Ireland,Ireland_Kilteasheen_EarlyMedieval_AngloSaxon_Norman.AG,950.0,0.6771250367164612,-1.6075421238070646,-0.06365982337174562,0.5626490418436643
KIL044.B.AG,Ireland,Ireland_Kilteasheen_EarlyMedieval_AngloSaxon_Norman.AG,950.0,0.7857873439788818,-1.6324235619308063,-0.08521866168969867,0.5800761138949847
KIL047.B.AG,Ireland,Ireland_Kilteasheen_EarlyMedieval_AngloSaxon_Norman.AG,950.0,0.7236776947975159,-1.5663367856920474,-0.037587383165453445,0.576269339068573
KPN001.A.AG,Denmark,Denmark_Zealand_Medieval_Saxon.AG,900.0,0.5888080596923828,-0.9129082636584029,0.8583454445401243,-0.16485876006679334
KPN002.A.AG,Denmark,Denmark_Zealand_Medieval_Saxon.AG,900.0,0.4765667617321014,-0.8789804635105374,0.8630061162786781,-0.1411790332378484
KPN003.A.AG,Denmark,Denmark_Zealand_Medieval_Saxon.AG,900.0,0.7522483468055725,-0.8910737407780966,0.8531041856586045,-0.1457939962335933
KPN004.A.AG,Denmark,Denmark_Zealand_Medieval_Saxon.AG,900.0,0.562954306602478,-0.8980626224888045,0.8395821405954627,-0.17392981897044693
KPN005.A.AG,Denmark,Denmark_Zealand_Medieval_Saxon.AG,900.0,0.4230944812297821,-0.8700330868687651,0.8130547362093324,-0.1653228484714446
KPN006.A.AG,Denmark,Denmark_Zealand_Medieval_Saxon.AG,900.0,0.5215970873832703,-0.8762828274925573,0.845857227801013,-0.15913268217326212
KPN007.A.AG,Denmark,Denmark_Zealand_Medieval_Saxon.AG,900.0,0.532180905342102,-0.932275374231752,0.8313696950943926,-0.14237743524165944
KPN008.A.AG,Denmark,Denmark_Zealand_Medieval_Saxon.AG,900.0,0.5321022272109985,-0.9583445732821941,0.8589240596989555,-0.19078396735291708
KPN009.A.AG,Denmark,Denmark_Zealand_Medieval_Saxon.AG,900.0,0.4342152178287506,-0.9095751527658282,0.8432661142556307,-0.1496699291595728
KPN011.A.AG,Denmark,Denmark_Zealand_Medieval_Saxon.AG,900.0,0.7183403372764587,-0.9340476141213294,0.8678406795398491,-0.15406348370284703
KPN012.A.AG,Denmark,Denmark_Zealand_Medieval_Saxon.AG,900.0,0.7502743005752563,-0.8760334769865873,0.7671588263718789,-0.18524293465479355
KPN013.A.AG,Denmark,Denmark_Zealand_Medieval_Saxon.AG,900.0,0.5545578002929688,-0.916596269851025,0.8745230649287117,-0.15464048927488594
KPN014.A.AG,Denmark,Denmark_Zealand_Medieval_Saxon.AG,900.0,0.6578511595726013,-0.9352532742399609,0.8487444901389872,-0.17689353177267705
KPN015.A.AG,Denmark,Denmark_Zealand_Medieval_Saxon.AG,900.0,0.4509457647800445,-0.922038285976093,0.8158498028371899,-0.12201823938529624
LAK001.AG,UnitedKingdom,England_Saxon.AG,1200.0,0.753337562084198,-1.5013369061404653,0.06241225535255149,0.5980494436758078
LAK002.AG,UnitedKingdom,England_Saxon.AG,1200.0,0.7712619304656982,-1.4956547355991832,0.06816503373583715,0.5936911546513495
LAK003.AG,UnitedKingdom,England_Saxon.AG,1200.0,0.6289106607437134,-1.5132017830055213,0.15914838876904808,0.570963295499747
LAK004.AG,UnitedKingdom,England_Saxon.AG,1200.0,0.63802570104599,-1.4299989970970344,0.08408684964911929,0.5513216220627801
LAK005.AG,UnitedKingdom,England_Saxon.AG,1200.0,0.6715719699859619,-1.4324880648033667,0.22831646397771407,0.7193453457853785
LAK006.AG,UnitedKingdom,England_Saxon.AG,1200.0,0.7224830389022827,-1.4912390335211725,0.12588800660681576,0.5816281391789255
LAK007.AG,UnitedKingdom,England_Saxon.AG,1200.0,0.7607032656669617,-1.545346584197178,0.06847027690874488,0.6305522628416936
LAK008.AG,UnitedKingdom,England_Saxon.AG,1200.0,0.581848680973053,-1.5040924909862672,0.1819036013270063,0.6411692287111085
LAK009.AG,UnitedKingdom,England_Saxon.AG,1200.0,0.7151773571968079,-1.6133307715589642,0.070491757785778,0.588692554543461
LAK010.AG,UnitedKingdom,England_Saxon.AG,1200.0,0.6772012710571289,-1.5193251000941714,0.19286367966709353,0.6426328856207283
LAK011.AG,UnitedKingdom,England_Saxon.AG,1200.0,0.7337335348129272,-1.5217474513878586,0.07045718898233974,0.6515582317857176
LAK012.AG,UnitedKingdom,England_Saxon.AG,1200.0,0.7444901466369629,-1.494805022020887,0.06263562552468367,0.5709257448119617
LAK013.AG,UnitedKingdom,England_Saxon.AG,1200.0,0.652921736240387,-1.5877733359980988,0.03571691543076909,0.6212791943909806
LAK014.AG,UnitedKingdom,England_Saxon.AG,1200.0,0.5850043892860413,-1.429832989286161,0.12378689765396737,0.633164194135668
LAK015.AG,UnitedKingdom,England_Saxon.AG,1200.0,0.7490293979644775,-1.4841530416315718,0.140778486579759,0.6009150343057805
LBU006.AG,Germany,Germany_Liebenau_EarlyMedieval_Saxon.AG,1550.0,0.1658952534198761,-0.3838463659919305,-0.2200507495769649,0.7814547395328665
SED007.AG,UnitedKingdom,England_Norfolk_EarlyMedieval_AngloSaxon.AG,1200.0,0.0679003372788429,-1.4520311554273497,0.09095061822477112,0.5705971593589962
SED012.AG,UnitedKingdom,England_Saxon.AG,1200.0,0.1783914715051651,-1.4951674483361888,0.07674103846468372,0.5864181389305196
SED019.AG,UnitedKingdom,England_Saxon.AG,1200.0,0.3711745142936706,-1.5489312710370329,0.14217617804480523,0.47853299643926356
SRS001.A.AG,Germany,Germany_Schortens_EarlyMedieval_Saxon.AG,1150.0,0.1304617226123809,-0.3797281720473932,-0.23984363492926852,0.7450530772905638
SRS003.A.AG,Germany,Germany_Schortens_EarlyMedieval_Saxon.AG,1150.0,0.4656414687633514,-0.3154339736768481,-0.20088772406489933,0.8425551626546562
SRS004.A.AG,Germany,Germany_Schortens_EarlyMedieval_Saxon.AG,1150.0,0.6259422898292542,-0.3976287913020954,-0.19702551433540602,0.7943255509460436
SWG006.A.AG,Germany,Germany_Schleswig_LateMedieval_Saxon.AG,850.0,0.7440927028656006,-0.34497847358556893,-0.22869244074167494,0.7820260262980204
SWG007.A.AG,Germany,Germany_Schleswig_LateMedieval_Saxon.AG,850.0,0.6802799105644226,-0.33058259565961984,-0.23493599656256867,0.7855316992073383
SWG008.A.AG,Germany,Germany_Schleswig_LateMedieval_Saxon.AG,800.0,0.7588306069374084,-0.34111739028357374,-0.24757367523400572,0.7772199214120691
SWG009.A.AG,Germany,Germany_Schleswig_LateMedieval_Saxon.AG,850.0,0.1848966777324676,-0.3542247667593881,-0.13304446945092183,0.7688691461659288
SWG010.A.AG,Germany,Germany_Schleswig_LateMedieval_Saxon.AG,850.0,0.555145800113678,-0.3922442164040323,-0.23122768795481796,0.8125534654874221
ZET001.A.AG,Germany,Germany_Zetel_EarlyMedieval_Saxon.AG,1200.0,0.0782530307769775,-0.3518148622399604,-0.2249723358557867,0.7845443826324979
GRO007.A.AG,Netherlands,Netherlands_Groningen_Medieval_Saxon.AG,950.0,0.7397018671035767,-1.2623566652087082,0.13571667923474004,-0.1951859986270784
GRO008.A.AG,Netherlands,Netherlands_Groningen_Medieval_Saxon.AG,925.0,0.6509104371070862,-1.2413595960114132,0.13652028849673611,-0.20380061867303725
GRO010.A.AG,Netherlands,Netherlands_Groningen_Medieval_Saxon.AG,950.0,0.7739164233207703,-1.2661335032981926,0.119350765436311,-0.21173857846341726
GRO012.A.AG,Netherlands,Netherlands_Groningen_Medieval_Saxon.AG,1050.0,0.7288974523544312,-1.2631478264529412,0.1612602308026764,-0.19693058382423126
GRO013.A.AG,Netherlands,Netherlands_Groningen_Medieval_Saxon.AG,1075.0,0.761247456073761,-1.2693250116388208,0.11234240507641938,-0.18995299471935614
GRO020.A.AG,Netherlands,Netherlands_Groningen_Medieval_Saxon.AG,950.0,0.1572586894035339,-1.2675007147404176,0.12853356326227067,-0.2020877618914486
GRO021.A.AG,Netherlands,Netherlands_Groningen_Medieval_Saxon.AG,1100.0,0.633955180644989,-1.264896395625905,0.13709152258296153,-0.21338100881261943
GRO023.A.AG,Netherlands,Netherlands_Groningen_Medieval_Saxon.AG,1200.0,0.7949551343917847,-1.247385384017394,0.11576315956941743,-0.20539358594349774
GRO024.A.AG,Netherlands,Netherlands_Groningen_Medieval_Saxon.AG,900.0,0.807985782623291,-1.2651687125053726,0.12805851505106589,-0.214758855817269
HAD009.AG,UnitedKingdom,England_Saxon.AG,1200.0,0.6501399278640747,-1.3767084974985724,0.036556601131029196,0.639369043730405
HAD011.AG,UnitedKingdom,England_Saxon.AG,1200.0,0.7320571541786194,-1.4634167575535606,0.12021899571988988,0.6657322366810429
HAD012.AG,UnitedKingdom,England_Saxon.AG,1200.0,0.7564924359321594,-1.573671305454437,0.08888518290352032,0.665929386132782
HAD014.AG,UnitedKingdom,England_Saxon.AG,1200.0,0.766386091709137,-1.4821908442550447,0.16820568030232202,0.5690015971312734
HAD016.AG,UnitedKingdom,England_Saxon.AG,1200.0,0.6366591453552246,-1.4832474380965943,0.09552446152010458,0.6055637563393924
HAD017.AG,UnitedKingdom,England_Saxon.AG,1200.0,0.7407756447792053,-1.5315950052814025,0.08150860367137527,0.6260475742594565
MDM001.A.AG,Netherlands,Netherlands_Friesland_Medieval_Saxon.AG,1400.0,0.8276879191398621,-1.2502859298341331,0.13843948660644254,-0.19861385843867654
MDM003.A.AG,Netherlands,Netherlands_Friesland_Medieval_Saxon.AG,1500.0,0.6891297698020935,-1.2868778584551261,0.13959041357570365,-0.22843988631859677
MDM004.A.AG,Netherlands,Netherlands_Friesland_Medieval_Saxon.AG,1350.0,0.6531099081039429,-1.2526180804102756,0.13511691823251715,-0.19499342439598452
MDM007.A.AG,Netherlands,Netherlands_Friesland_Medieval_Saxon.AG,1425.0,0.7758855819702148,-1.2618552691578235,0.12877454777748923,-0.20988970037902846
OAI008.AG,UnitedKingdom,England_Saxon.AG,1200.0,0.7547681927680969,-1.464278478879509,0.12337692714601096,0.5570131179218497
OAI009.AG,UnitedKingdom,England_Saxon.AG,1200.0,0.7271764278411865,-1.5164575843566332,0.14601833687302404,0.6443739367654441
OAI010.AG,UnitedKingdom,England_Saxon.AG,1200.0,0.6892400979995728,-1.4870895233503802,0.18851244587115842,0.5354920076465258
OAI011.AG,UnitedKingdom,England_Saxon.AG,1200.0,0.7533797025680542,-1.457798364161004,0.05199390711365647,0.5835140118831422
OAI012.AG,UnitedKingdom,England_Saxon.AG,1200.0,0.7094247937202454,-1.4537652666535277,0.14405439834148517,0.5281141759890672
OAI013.AG,UnitedKingdom,England_Saxon.AG,1200.0,0.7106502652168274,-1.578525705689964,0.175554955529196,0.6318935622616347
OAI015.AG,UnitedKingdom,England_Saxon.AG,1200.0,0.665132462978363,-1.415699511021474,0.01125489594777007,0.5145056512205441
OAI016.AG,UnitedKingdom,England_Saxon.AG,1400.0,0.6287240982055664,-1.5785310067692204,0.12610249564446613,0.583888375870728
OAI017.AG,UnitedKingdom,England_Saxon.AG,1200.0,0.3348488509654999,-1.5185112704249917,0.05731005110978132,0.6232528471771411
POH003.AG,UnitedKingdom,England_Saxon.AG,1200.0,0.617298424243927,-1.5054336573817348,0.24089702944236938,0.5481451395425493
POH004.AG,UnitedKingdom,England_Saxon.AG,1200.0,0.650424599647522,-1.4663336026336447,0.06714166280863494,0.6453151955343365
POH005.AG,UnitedKingdom,England_Saxon.AG,1200.0,0.5612179040908813,-1.5282455845203429,0.07999024742805723,0.5693231488079729
POH007.AG,UnitedKingdom,England_Saxon.AG,1200.0,0.5237738490104675,-1.558823580588466,0.05560327038666766,0.6471952250671569
POH008.AG,UnitedKingdom,England_Saxon.AG,1200.0,0.6498463749885559,-1.4036834631910786,0.06933841126748592,0.6842540169052844
POH009.AG,UnitedKingdom,England_Saxon.AG,1200.0,0.6234792470932007,-1.4860209204260069,0.09469021689649586,0.7453571404192163
SED004.AG,UnitedKingdom,England_Saxon.AG,1200.0,0.6118118762969971,-1.582316129566551,0.1748085841708954,0.6291415883218693
SED006.AG,UnitedKingdom,England_Saxon.AG,1200.0,0.2197203040122985,-1.4882294556606868,0.14908973647209336,0.6261461218202099
SED013.AG,UnitedKingdom,England_Saxon.AG,1200.0,0.5983002781867981,-1.5015016861808494,0.16427159337994898,0.6879442841446395
SED014.AG,UnitedKingdom,England_Saxon.AG,1200.0,0.4949753284454345,-1.4543728567554361,0.14527579286477388,0.5813595471536886
SED015.AG,UnitedKingdom,England_Saxon.AG,1200.0,0.2070732414722442,-1.4266028432771332,0.0899604647424449,0.59502643583484
SED018.AG,UnitedKingdom,England_Saxon.AG,1200.0,0.4763088524341583,-1.4793720904619123,0.08543094479630076,0.6193171528534104
SED020.AG,UnitedKingdom,England_Saxon.AG,1200.0,0.6690951585769653,-1.4066089092734102,0.1819701123786702,0.4913349726514483
SED021.AG,UnitedKingdom,England_Saxon.AG,1200.0,0.2404443472623825,-1.509688660879882,0.0932822155597704,0.6343552010070432
SWG001.A.AG,Germany,Germany_Schleswig_LateMedieval_Saxon.AG,800.0,0.7601249814033508,-0.3999471040344274,-0.21043875872600099,0.8122982643909231
SWG002.A.AG,Germany,Germany_Schleswig_LateMedieval_Saxon.AG,775.0,0.8113645315170288,-0.400972635535779,-0.19128520375988314,0.7945824518052846
SWG003.A.AG,Germany,Germany_Schleswig_LateMedieval_Saxon.AG,800.0,0.532339870929718,-0.34585230216634216,-0.226568221355658,0.7985254215568042
SWG004.A.AG,Germany,Germany_Schleswig_LateMedieval_Saxon.AG,850.0,0.6769214868545532,-0.3214745764587123,-0.18421651638931869,0.7923736247350716
SWG005.A.AG,Germany,Germany_Schleswig_LateMedieval_Saxon.AG,850.0,0.6302326321601868,-0.3576426012574244,-0.15196751924976468,0.8338533620775641
SWG011.A.AG,Germany,Germany_Schleswig_LateMedieval_Saxon.AG,850.0,0.4931634962558746,-0.4004030870779212,-0.188977558190737,0.7744879988832405
SWG012.A.AG,Germany,Germany_Schleswig_LateMedieval_Saxon.AG,850.0,0.6637318730354309,-0.3116988067833976,-0.1790158108871012,0.7909097499156769
SWG013.A.AG,Germany,Germany_Schleswig_LateMedieval_Saxon.AG,775.0,0.6605753302574158,-0.372630140666682,-0.20542913615159822,0.7736513339587379
SWG014.A.AG,Germany,Germany_Schleswig_LateMedieval_Saxon.AG,850.0,0.0776325985789299,-0.3384680184182044,-0.16279729145462424,0.7882531911145358
SWG015.A.AG,Germany,Germany_Schleswig_LateMedieval_Saxon.AG,850.0,0.4923297762870788,-0.37329903291715977,-0.17032547231416692,0.7932656932219491
MDM002.SG,Netherlands,Netherlands_Friesland_Medieval_Saxon_oEastMed.SG,1458.0,0.7551777362823486,-1.2781524813590974,0.1451093541898167,-0.20330866544011342
MDM006.SG,Netherlands,Netherlands_Friesland_Medieval_Saxon_oEastMed.SG,1483.0,0.4396060705184936,-1.2520677617640485,0.11862098988367294,-0.21053552419040153
R1014_oEEF.SG,Italy,Italy_C.SG,7074.0,0.5144179463386536,-0.07845431540449142,-0.7819971794679773,0.4041875336368726
R1015.SG,Italy,Italy_IA_Republic.SG,2800.0,0.5866758823394775,-0.005606533155158525,-0.7122563242693182,0.40368476739442233
R1016.SG,Italy,Italy_IA_Republic.SG,2750.0,0.3654835820198059,-0.04704825887271622,-0.75853124205825,0.4063240213547042
R1021.SG,Italy,Italy_IA_Republic.SG,2600.0,0.4856007099151611,-0.05171030250019791,-0.7917477304102024,0.4362702778373827
R104.SG,Italy,Italy_LateAntiquity_oSardiniaLike.SG,1319.0,0.6202254295349121,-0.07503102519971144,-0.7180713977214473,0.4063902764778408
R105.SG,Italy,Italy_LateAntiquity_oCentralEuropean.SG,1450.0,0.7353563904762268,-0.08533635367196953,-0.7894502615989575,0.429209961544403
R106.SG,Italy,Italy_LateAntiquity_o2CentralEuropean.SG,1450.0,0.696324348449707,-0.08382406018043868,-0.6536675991495942,0.46090758105431184
R107.SG,Italy,Italy_LateAntiquity.SG,1450.0,0.8104351162910461,-0.10674527673900233,-0.7329682104209873,0.375672885728864
R108.SG,Italy,Italy_LateAntiquity_oCentralEuropean.SG,1450.0,0.7172300815582275,-0.06336484909425459,-0.6801346770339027,0.4040525121930171
R109.SG,Italy,Italy_LateAntiquity_oCentralEuropean.SG,1450.0,0.4417179822921753,-0.05189595352104779,-0.7044390854978216,0.41284924539527335
R10.SG,Italy,Italy_South_N.SG,7628.0,0.7699707746505737,0.019563763352932948,-0.6400015263143023,0.3853231837643825
R110.SG,Italy,Italy_LateAntiquity_oCentralEuropean.SG,1450.0,0.5559771060943604,-0.11891986738859478,-0.7558543517357881,0.3842291909260808
R111.SG,Italy,Italy_Imperial_o2.SG,1850.0,0.4920921325683594,-0.08797580763424202,-0.7047981188551862,0.4541342891193955
R113.SG,Italy,Italy_Imperial.SG,1850.0,0.5107050538063049,-0.058497658196929585,-0.7260886402843085,0.3939623575759108
R114.SG,Italy,Italy_Imperial.SG,1850.0,0.7328171133995056,-0.1426290740109858,-0.6756104546655093,0.36687233300470606
R115.SG,Italy,Italy_Imperial.SG,1850.0,0.7219510078430176,-0.08845865672981071,-0.7204593635233009,0.4631727383888843
R116.SG,Italy,Italy_Imperial_oCentralEuropean.SG,1850.0,0.6997696161270142,-0.07187489226376391,-0.6987066264454079,0.41711156260212456
R117.SG,Italy,Italy_LateAntiquity.SG,1450.0,0.6669905185699463,-0.08415335996685282,-0.7171524945835378,0.4413969124065865
R118.SG,Italy,Italy_LateAntiquity.SG,1450.0,0.5302085280418396,-0.036803914896223026,-0.7166747590385595,0.45386743632773413
R11.SG,Italy,Italy_Epigravettian.SG,11868.0,0.6551017761230469,-0.19219433115436285,-0.58157516716008,0.29427383360251425
R120.SG,Italy,Italy_LateAntiquity_o.SG,1450.0,0.4560000598430633,-0.05886259694562656,-0.7345925422087467,0.39873577548787104
R1219.SG,Italy,Italy_Medieval_EarlyModern_oCentralEuropean.SG,508.0,0.8283399939537048,0.0061239291030194395,-0.6798673964879657,0.3741625393389691
R121.SG,Italy,Italy_LateAntiquity.SG,1450.0,0.507411539554596,-0.04944603854457032,-0.7214517453636139,0.4339926233016374
R1220.SG,Italy,Italy_Medieval_EarlyModern_oCentralEuropean.SG,465.0,0.6794113516807556,-0.11083521862206674,-0.7246627835491514,0.429688386254679
R1221.SG,Italy,Italy_Medieval_EarlyModern_oCentralEuropean.SG,465.0,0.7680632472038269,-0.07952031637423994,-0.7251726707101189,0.426501291364355
R1224.SG,Italy,Italy_Medieval_EarlyModern_oCentralEuropean.SG,465.0,0.6984703540802002,-0.056993037809281,-0.702167508847161,0.3685242886737081
R122.SG,Italy,Italy_LateAntiquity.SG,1450.0,0.7910581827163696,-0.028547155349165087,-0.7069031828070659,0.3984455415808796
R123.SG,Italy,Italy_Imperial.SG,1780.0,0.5390551686286926,-0.0547406657593862,-0.7398511006598065,0.4526614656164948
R125.SG,Italy,Italy_Imperial.SG,1750.0,0.5425238609313965,-0.04288718110269547,-0.7911141651227768,0.46487694484950143
R126.SG,Italy,Italy_Imperial.SG,1650.0,0.6933616995811462,-0.03774599444554743,-0.6677475038394333,0.42329560227688934
R1283.SG,Italy,Italy_Medieval_EarlyModern.SG,1095.0,0.703639805316925,-0.01626491630736205,-0.699851502313705,0.32494350451874354
R1285.SG,Italy,Italy_Medieval_EarlyModern.SG,935.0,0.6824299693107605,-0.025428945527724765,-0.6648364532121763,0.3732447185753729
R1286.SG,Italy,Italy_Medieval_EarlyModern_oCentralEuropean.SG,520.0,0.7068068385124207,-0.07721366273268393,-0.6846952032701595,0.5223767995286546
R1287.SG,Italy,Italy_Medieval_EarlyModern.SG,525.0,0.7286557555198669,-0.07000308442670691,-0.7349580116567976,0.3617697476388767
R1288.SG,Italy,Italy_Medieval_EarlyModern_oCentralEuropean.SG,525.0,0.7211043238639832,-0.12774252621676765,-0.7117727726401244,0.358332505682344
R1289.SG,Italy,Italy_Medieval_EarlyModern_oIberian.SG,525.0,0.5876304507255554,-0.06692594986811397,-0.7113455541668411,0.4238077906792076
R128.SG,Italy,Italy_Imperial.SG,1750.0,0.6583353281021118,-0.05254924873993748,-0.7286828775022021,0.44157434993200245
R1290.SG,Italy,Italy_Medieval_EarlyModern.SG,602.0,0.7110103368759155,-0.072627628257185,-0.7523102864410753,0.401336183703715
R130.SG,Italy,Italy_LateAntiquity.SG,1550.0,0.7908772826194763,-0.04727658613462664,-0.7366136811238088,0.3755810118388753
R131.SG,Italy,Italy_Imperial.SG,1850.0,0.4897888302803039,-0.07629560001720273,-0.7263817128622496,0.38480644708901063
R132.SG,Italy,Italy_Imperial_oAfrica.SG,1670.0,0.8168567419052124,-0.04355786952170642,-0.8089510822974753,0.3471609550198975
R133.SG,Italy,Italy_LateAntiquity.SG,1550.0,0.8269937038421631,-0.04694213612421317,-0.739365691767992,0.41046616228899285
R134.SG,Italy,Italy_LateAntiquity.SG,1550.0,0.7305381298065186,-0.06733659084919674,-0.6796358816299566,0.4383876660044753
R136.SG,Italy,Italy_LateAntiquity.SG,1550.0,0.874295711517334,-0.06938023047345133,-0.7343151096974886,0.4061724053091815
R137.SG,Italy,Italy_LateAntiquity.SG,1550.0,0.7730883359909058,-0.06999090812730832,-0.7023273192717567,0.42427230905983765
R1543.SG,Italy,Italy_Imperial.SG,1750.0,0.677560567855835,-0.06129927028512954,-0.6876133994206541,0.4133263102443858
R1544.SG,Italy,Italy_Imperial.SG,1750.0,0.6493856906890869,-0.047341835571371144,-0.7376223660533434,0.4653821556144189
R1545.SG,Italy,Italy_Imperial.SG,1750.0,0.8193814754486084,-0.04884101210824409,-0.7396619629440502,0.4019313019074529
R1547.SG,Italy,Italy_Imperial_oLevant.SG,1814.0,0.5818859934806824,-0.017393674999545077,-0.7140351079353555,0.4547363223562962
R1548.SG,Italy,Italy_Imperial.SG,1814.0,0.632192850112915,-0.05929103918649908,-0.7116881144749704,0.415879195297243
R1549.SG,Italy,Italy_Imperial.SG,1814.0,0.6872271299362183,-0.09174300962077721,-0.7022031860790175,0.38452212535967156
R1550.SG,Italy,Italy_Imperial_oLevant.SG,1814.0,0.6294175386428833,-0.06613092992013435,-0.7612027418264878,0.42961808710051486
R1551.SG,Italy,Italy_Imperial_oAnatoliaCaucasus.SG,1797.0,0.6077656745910645,-0.013231157853424708,-0.7724027893063972,0.40011464865466734
R15.SG,Italy,Italy_Epigravettian.SG,9086.0,0.9560986161231996,-0.1763097639537178,-0.5429447461318282,0.31273257609176636
R16.SG,Italy,Italy_Central_N.SG,7202.0,0.4428104162216186,-0.09512743692708289,-0.6777153197678644,0.42863647074161093
R17.SG,Italy,Italy_Central_N.SG,7216.0,0.4643908739089966,-0.034763014478196075,-0.7050846172622448,0.437223528020261
R18.SG,Italy,Italy_Central_N.SG,7271.0,0.4919266998767853,-0.01399598557692741,-0.7019623900436297,0.41375862615237563
R19.SG,Italy,Italy_Central_N.SG,7146.0,0.4313450157642364,-0.04641238089096562,-0.765831343796311,0.4096885895869525
R22.SG,Italy,Italy_Sardinia_C_BA.SG,3868.0,0.5717393159866333,-0.0962881585116427,-0.758330351483805,0.39118547627314915
R24.SG,Italy,Italy_Sardinia_N_o.SG,5396.0,0.4551128149032593,-0.12197374633777562,-0.7308973599451039,0.35471728490523796
R25.SG,Italy,Italy_Sardinia_EBA_Nuragic_mother.SUC003.SG,4081.0,0.461648017168045,-0.09907350004284182,-0.7126046162460381,0.45276802878778133
R26.SG,Italy,Italy_Sardinia_EBA.SG,4347.0,0.4382776319980621,-0.06936824272486806,-0.686071904569631,0.400147091267737
R27.SG,Italy,Italy_Sardinia_C_BA.SG,4150.0,0.542080283164978,-0.13077553318023863,-0.7310431918341037,0.3771335021966394
R28.SG,Italy,Italy_Sardinia_EBA.SG,4185.0,0.5565626621246338,-0.08238999068518015,-0.7031301330676658,0.39725063791137233
R29.SG,Italy,Italy_Sardinia_C_BA.SG,4150.0,0.4647420644760132,-0.1187374794771991,-0.7124658467715221,0.3878714652671151
R2.SG,Italy,Italy_South_N.SG,7981.0,0.9535714387893676,-0.013461317522691653,-0.7158512646092812,0.397866401096299
R30.SG,Italy,Italy_LateAntiquity.SG,1450.0,0.8005633354187012,-0.03935335150906476,-0.7175625603852653,0.4016606604235875
R31.SG,Italy,Italy_LateAntiquity_o3CentralEuropean.SG,1538.0,0.888455331325531,-0.1084353979942961,-0.6922448301825641,0.411909280558487
R32.SG,Italy,Italy_LateAntiquity.SG,1450.0,0.548100471496582,-0.06720029240840754,-0.7469786076178997,0.4353197049834034
R33.SG,Italy,Italy_LateAntiquity_oCentralEuropean.SG,1450.0,0.8255168199539185,-0.05005883626355451,-0.6674086421166595,0.4122949098940548
R34.SG,Italy,Italy_LateAntiquity.SG,1450.0,0.717470109462738,-0.09579144524650215,-0.7330261377665979,0.40991061339371543
R35.SG,Italy,Italy_LateAntiquity.SG,1450.0,0.5195006132125854,-0.07919424726200107,-0.738146831975014,0.40837389830741766
R36.SG,Italy,Italy_LateAntiquity.SG,1450.0,0.7619798183441162,-0.09380570692947528,-0.7303630687827054,0.43731500133646944
R38.SG,Italy,Italy_Imperial.SG,1750.0,0.730140745639801,-0.037967120056345914,-0.6786377654089326,0.48536015535300003
R39.SG,Italy,Italy_Imperial.SG,1798.0,0.8376870155334473,-0.07439976281827057,-0.7422400640452081,0.42765107100052374
R3.SG,Italy,Italy_South_N.SG,7716.0,0.9579509496688844,0.0105080119459656,-0.7225160432818638,0.41175132382685586
R40.SG,Italy,Italy_Imperial.SG,1750.0,0.6884347796440125,-0.04755962320608536,-0.6891651587118734,0.4709313492863545
R41.SG,Italy,Italy_Imperial.SG,1750.0,0.7286654710769653,-0.10709385551977357,-0.6601474581443764,0.36961741957061806
R42.SG,Italy,Italy_Imperial_oLevant.SG,1863.0,0.956783890724182,-0.0713605089466425,-0.7369932061331155,0.45888960920381416
R435.SG,Italy,Italy_IA_Republic.SG,2350.0,0.6915604472160339,-0.11599894704148196,-0.7134629639177248,0.40772608593822024
R436.SG,Italy,Italy_Imperial.SG,1850.0,0.8013224601745605,-0.054023875694950894,-0.7170274125615117,0.39927361567248426
R437.SG,Italy,Italy_IA_Republic_oEasternMediterranean.SG,2250.0,0.7952187061309814,-0.04689317993884875,-0.7331819953466596,0.4203230444481359
R43.SG,Italy,Italy_Imperial.SG,1750.0,0.8100936412811279,-0.06129216162448229,-0.7483784183766208,0.39689242026373406
R44.SG,Italy,Italy_Imperial.SG,1750.0,0.6994938254356384,0.004896925917504221,-0.75693234485715,0.449728897542334
R45.SG,Italy,Italy_Imperial_o1.SG,1750.0,0.7039406895637512,-0.0594835970343869,-0.727110832439887,0.37675149172196704
R473.SG,Italy,Italy_IA_Republic.SG,2600.0,0.9061980843544006,-0.06668592046724055,-0.7957277635484625,0.41386347276884644
R474.SG,Italy,Italy_IA_Republic.SG,2600.0,0.7580755352973938,-0.07264773678103632,-0.732410400523362,0.4306944948053031
R475.SG,Italy,Italy_IA_Republic_oEasternMediterranean_o.SG,2600.0,0.7431876063346863,-0.11523346494456164,-0.7104642745874522,0.37984161667737765
R47.SG,Italy,Italy_Imperial.SG,1655.0,0.7289476990699768,-0.09183713794015184,-0.7005658865012812,0.41544142299092796
R49.SG,Italy,Italy_Imperial.SG,1750.0,0.7507714629173279,-0.06167611733400209,-0.8114545822458009,0.40146920588805135
R4.SG,Italy,Italy_South_C.SG,4841.0,0.9707862138748168,-0.13804197671294202,-0.7509971454750233,0.4080224279216042
R50.SG,Italy,Italy_Imperial.SG,1699.0,0.785958468914032,-0.09617628963596705,-0.7789520388226588,0.41150753480148905
R51.SG,Italy,Italy_Imperial.SG,1750.0,0.6724454760551453,-0.03206904579953887,-0.715873909008036,0.4550120947330285
R52.SG,Italy,Italy_Medieval_EarlyModern.SG,595.0,0.5507703423500061,-0.032945628290733255,-0.7161339380567723,0.4271445040568523
R53.SG,Italy,Italy_Medieval_EarlyModern.SG,595.0,0.7703779339790344,-0.041609189316548806,-0.7250027039490772,0.38828697035385307
R54.SG,Italy,Italy_Medieval_EarlyModern.SG,595.0,0.6142376661300659,-0.04911159376779719,-0.6443878494903987,0.4524070603137382
R55.SG,Italy,Italy_Medieval_EarlyModern_oCentralEuropean.SG,595.0,0.806152880191803,-0.09289952593674877,-0.7296587562674539,0.38176807824310216
R56.SG,Italy,Italy_Medieval_EarlyModern.SG,595.0,0.6388026475906372,-0.05670743163702193,-0.7362372819781036,0.4192020466915444
R57.SG,Italy,Italy_Medieval_EarlyModern.SG,595.0,0.7350457906723022,-0.0758897922743746,-0.7812527837163642,0.47008975173703105
R58.SG,Italy,Italy_Medieval_EarlyModern.SG,850.0,0.8240188956260681,-0.06788210239055567,-0.7203918548927539,0.4137491529915911
R59.SG,Italy,Italy_Medieval_EarlyModern.SG,1045.0,0.7980102300643921,0.001983909642674023,-0.6803395375912353,0.43317200372118925
R5.SG,Italy,Italy_South_C.SG,4832.0,0.811317503452301,-0.08353141174467274,-0.8117826924150835,0.40744546891983907
R60.SG,Italy,Italy_Medieval_oAegean.SG,1045.0,0.8669292330741882,-0.05657998200093184,-0.6975779553206658,0.387293224215771
R61.SG,Italy,Italy_Medieval_EarlyModern_oCentralEuropean.SG,595.0,0.8090701103210449,-0.07569150572960805,-0.7159435406612726,0.4495579353261368
R62.SG,Italy,Italy_Medieval_EarlyModern_oCentralEuropean.SG,735.0,0.8397283554077148,-0.07123493208289304,-0.7430174675133583,0.4543668483124316
R63.SG,Italy,Italy_Medieval_EarlyModern_oIberian.SG,960.0,0.8904569745063782,-0.07986615819937126,-0.7493343153267926,0.39876644900145347
R64.SG,Italy,Italy_Medieval_EarlyModern.SG,840.0,0.8854213356971741,-0.040723102722206715,-0.7201830462718379,0.40441957631748077
R65.SG,Italy,Italy_Medieval_EarlyModern.SG,840.0,0.8832201957702637,-0.03827735299832905,-0.7566231479861011,0.4152373075000291
R66.SG,Italy,Italy_Imperial.SG,1750.0,0.4851498007774353,-0.0668436231666023,-0.7932207213289418,0.42358073600798635
R67.SG,Italy,Italy_Imperial_oAnatoliaCaucasus.SG,1750.0,0.8375832438468933,-0.09819098147283875,-0.7551911648972657,0.42901770339272427
R68.SG,Italy,Italy_Imperial_oAnatoliaCaucasus.SG,1750.0,0.7777671217918396,-0.07503171456844596,-0.717020164789168,0.4529644380027305
R69.SG,Italy,Italy_Imperial.SG,1750.0,0.8269742727279663,-0.07258391993584974,-0.7460402478554771,0.41338482286707934
R6.SG,Italy,Italy_South_N_oWHG.SG,7202.0,0.4523683190345764,-0.11675843138051167,-0.7392107507544834,0.3754727391803682
R70.SG,Italy,Italy_Imperial_oLevant.SG,1750.0,0.7150759696960449,-0.024242666583900632,-0.7150996545287772,0.43973228219990584
R71.SG,Italy,Italy_Imperial.SG,1750.0,0.609921395778656,-0.029054326315108115,-0.7072204144899265,0.40774227030125343
R72.SG,Italy,Italy_Imperial.SG,1750.0,0.5947504043579102,0.011574304640588909,-0.6673545731933147,0.4640192912922522
R73.SG,Italy,Italy_Imperial.SG,1750.0,0.6662760376930237,-0.042485396466827856,-0.6926726123034984,0.46906742363440823
R75.SG,Italy,Italy_Imperial.SG,1850.0,0.4824644923210144,-0.011891669693849034,-0.7855293288166073,0.4696402501428636
R76.SG,Italy,Italy_Imperial.SG,1850.0,0.5355182886123657,-0.04629685521653482,-0.7010825222407476,0.3616561723961245
R78.SG,Italy,Italy_Imperial.SG,1850.0,0.7197823524475098,0.008811982070500627,-0.7271359277276168,0.48221819824840056
R7.SG,Italy,Italy_Epigravettian.SG,10706.0,0.9586265683174132,-0.20585401856116925,-0.5762577827858534,0.33701262722718334
R80.SG,Italy,Italy_Imperial_o1.SG,1840.0,0.8682349920272827,-0.1058985456100088,-0.7446675277476116,0.38669487123486707
R81.SG,Italy,Italy_Imperial.SG,1850.0,0.4390699863433838,-0.012943195378265849,-0.7719487503822737,0.42194030784973424
R835.SG,Italy,Italy_Imperial.SG,1814.0,0.4888399541378021,-0.02218036318068599,-0.6957100710942115,0.40855558019658017
R836.SG,Italy,Italy_Imperial.SG,1814.0,0.4800233244895935,-0.03649459672555968,-0.7357727550206822,0.4057379807081489
R850.SG,Italy,Italy_IA_Republic_oEasternMediterranean.SG,2600.0,0.5351881980895996,-0.055602866639334066,-0.7021882302235638,0.4373959404371598
R851.SG,Italy,Italy_IA_Republic.SG,2600.0,0.5528627634048462,-0.08190020521171362,-0.7192589497430619,0.3895742487546811
R8.SG,Italy,Italy_South_N.SG,7708.0,0.4524356126785278,-0.04309530912446406,-0.7098643555145333,0.39434525136873755
R969.SG,Italy,Italy_Medieval_EarlyModern.SG,300.0,0.9279099106788636,-0.07947318099273482,-0.7995573636747595,0.4154705011852425
R970.SG,Italy,Italy_Medieval_EarlyModern_o.SG,300.0,0.5137845277786255,-0.05377488488799159,-0.6781747368442,0.3885566217896646
R973.SG,Italy,Italy_Medieval_EarlyModern.SG,300.0,0.7110476493835449,-0.06503304106590252,-0.7177902926818392,0.4265303608969101
R9.SG,Italy,Italy_South_N.SG,7481.0,0.975821852684021,-0.01512139704464336,-0.7002545764493862,0.38773950380335714
R10467.SG,Slovenia,Slovenia_Emona_Roman.SG,1628.0,0.6587570309638977,3.9333700316108953,-0.6229482702148367,0.4654716301372974
R10469.SG,Slovenia,Slovenia_Emona_Roman.SG,1650.0,0.4261698722839355,3.932612036500869,-0.6303133716666544,0.4776413223545506
R10471.SG,Slovenia,Slovenia_Emona_Roman.SG,1655.0,0.395693302154541,3.9457770739914335,-0.6251039544521478,0.4754527572980727
R10473.SG,Slovenia,Slovenia_Emona_Roman.SG,1639.0,0.4119875431060791,3.9605789921096375,-0.614417749309394,0.44894765394890673
R10474.SG,Slovenia,Slovenia_Emona_Roman_oEurope.SG,1609.0,0.4682359397411346,3.904012451105035,-0.6148824717388626,0.4914515654613263
R10477.SG,Slovenia,Slovenia_Emona_Roman.SG,1659.0,0.5492724180221558,3.932848569528193,-0.6107303982902476,0.44835912921018634
R10478.SG,Slovenia,Slovenia_Emona_Roman.SG,1622.0,0.5242434740066528,3.930540211587812,-0.6161230047830442,0.4671705462878605
R10487.SG,Portugal,Portugal_Conimbriga_Roman.SG,1587.0,0.6467061042785645,-1.1330047345428018,-1.3717117345632852,-0.49407787408480586
R10488.SG,Portugal,Portugal_Conimbriga_Roman.SG,1600.0,0.5641651749610901,-1.0947890997146672,-1.3791715265868838,-0.4766000863515055
R10491.SG,Portugal,Portugal_MonteDaNora_LateRoman.SG,1119.0,0.8067255020141602,-1.061149158234924,-1.3375280884278344,-0.46158051776696263
R10494.SG,Portugal,Portugal_MonteDaNora_LateRoman.SG,1178.0,0.84357750415802,-1.1281637163478562,-1.3700915163039311,-0.46361857179933774
R10496.SG,Portugal,Portugal_MonteDaNora_LateRoman.SG,1116.0,0.8292897343635559,-1.1307765387870705,-1.360081045826941,-0.47091018777682997
R10499.SG,Portugal,Portugal_Miroico_LateRoman_oAfrica.SG,1609.0,0.799986720085144,-1.139310506573331,-1.3691100907967322,-0.5020935814182476
R10500.SG,Portugal,Portugal_Miroico_LateRoman.SG,1525.0,0.5229572057723999,-1.1239778548610084,-1.3634989660757864,-0.49097126941431457
R10501.SG,Portugal,Portugal_Miroico_LateRoman.SG,1525.0,0.6307460069656372,-1.1342016286339693,-1.360976402473085,-0.4957468543062982
R10502.SG,Portugal,Portugal_Miroico_LateRoman.SG,1525.0,0.7040095925331116,-1.1364374186044193,-1.3679690040468213,-0.4903070021188322
R10503.SG,Portugal,Portugal_Miroico_LateRoman_oAfrica.SG,1401.0,0.8714409470558167,-1.1472406909601351,-1.361013719251489,-0.47142843382462607
R10506.SG,Portugal,Portugal_Miroico_LateRoman.SG,1525.0,0.7577900886535645,-1.112650521028675,-1.3711071837432036,-0.4886241653304233
R10507.SG,Portugal,Portugal_Miroico_LateRoman.SG,1525.0,0.4972818493843078,-1.1288098721324837,-1.3664885738102397,-0.4754434526792237
R10508.SG,Portugal,Portugal_Miroico_LateRoman.SG,1587.0,0.6536881327629089,-1.1358447247352523,-1.3718364520225348,-0.49053299011848656
R10618.SG,Poland,Poland_Weklice_WielbarkCulture_Roman.SG,1789.0,0.563877284526825,-0.17953199420336935,1.8714521943972529,-0.5120111760602051
R10620.SG,Poland,Poland_Weklice_WielbarkCulture_Roman.SG,1941.0,0.4191058874130249,-0.19126542267545865,1.8777348296422263,-0.516487963539729
R10625.SG,Poland,Poland_Weklice_WielbarkCulture_Roman.SG,1875.0,0.5767595171928406,-0.17288187870757293,1.8618730706898894,-0.5217758843866603
R10626.SG,Poland,Poland_Weklice_WielbarkCulture_Roman.SG,1875.0,0.5240049958229065,-0.2021095440190772,1.8485472578738926,-0.5043511567898802
R10631.SG,Poland,Poland_Weklice_WielbarkCulture_Roman.SG,1875.0,0.4614996016025543,-0.19374904368486207,1.8383471588514135,-0.5111188094389936
R10633.SG,Poland,Poland_Weklice_WielbarkCulture_Roman.SG,1875.0,0.6277735829353333,-0.1734420226322351,1.8477335689104946,-0.49899163598643215
R10634.SG,Poland,Poland_Weklice_WielbarkCulture_Roman.SG,1875.0,0.6121573448181152,-0.17560293027348112,1.8561728713448353,-0.5200848975854948
R10636.SG,Poland,Poland_Weklice_WielbarkCulture_Roman.SG,1875.0,0.5841528177261353,-0.22340029308988688,1.8743887523934486,-0.5102118636418348
R10654.SG,Austria,Austria_Klosterneuburg_Roman_oLevant.SG,1603.0,0.8571417927742004,0.6270852799368066,-0.6309472317506021,-0.1539374977646107
R10656.SG,Austria,Austria_Klosterneuburg_Roman.SG,1725.0,0.5073409676551819,0.6124841979801443,-0.6429175582310971,-0.1529590987432484
R10657.SG,Austria,Austria_Klosterneuburg_Roman.SG,1863.0,0.6306121945381165,0.5956992746920163,-0.6388370323570985,-0.14505185641304705
R10658.SG,Austria,Austria_Klosterneuburg_Roman_oLevant.SG,1725.0,0.5334258675575256,0.6165695627015786,-0.6482814671541547,-0.14158722056547612
R10659.SG,Austria,Austria_Klosterneuburg_Roman.SG,1863.0,0.718824565410614,0.6197964141686869,-0.6424293334877458,-0.16657504743326318
R10660.SG,Austria,Austria_Klosterneuburg_Roman_oLevant.SG,1725.0,0.8545652031898499,0.6088946326272656,-0.6496883274791821,-0.14590248177658977
R10665.SG,Austria,Austria_Ovilava_Roman.SG,1235.0,0.8511913418769836,0.6447241391098255,-0.6481664871054472,-0.14072061094074367
R10666.SG,Austria,Austria_Ovilava_Roman.SG,1241.0,0.8489156365394592,0.6196308818150136,-0.6405068828424199,-0.1454639853603477
R10667.SG,Austria,Austria_Ovilava_Roman_oAfrica.SG,1780.0,0.8380917310714722,0.5742609772720384,-0.6700665300540839,-0.13538344768449204
R10668.SG,Austria,Austria_Ovilava_Roman_oLevant.SG,1735.0,0.8514833450317383,0.6350252491563659,-0.6584594705302877,-0.11086603303773315
R10670.SG,Austria,Austria_Ovilava_Roman.SG,1681.0,0.8802810907363892,0.6155750342029447,-0.6740691108838995,-0.14242397077312882
R10830.SG,Lithuania,Lithuania_Marvele_Roman.SG,1512.0,0.537390947341919,-0.5448963435685754,0.2822707946198906,0.11455612730269056
R10832.SG,Lithuania,Lithuania_Marvele_Roman.SG,1475.0,0.4602546691894531,-0.5373440135255381,0.268802497006811,0.11459157563011092
R10836.SG,Lithuania,Lithuania_Marvele_Roman.SG,1475.0,0.4791190326213836,-0.5443901432059535,0.25785439990635006,0.12283894771396092
R10838.SG,Lithuania,Lithuania_Marvele_Roman.SG,1475.0,0.5490006804466248,-0.5469161150936349,0.2946352818128023,0.10876636039895544
R10840.SG,Lithuania,Lithuania_Bailuliai_BarrowCulture.SG,1581.0,0.5114293098449707,-0.5418431438711823,0.26358628828897085,0.11021820291987985
R11109.SG,Italy,Italy_RomanImperial.SG,1750.0,0.5146539211273193,-0.07857604077503098,-0.7312329174278174,0.38749196763877897
R11111.SG,Italy,Italy_RomanImperial.SG,1750.0,0.6686490774154663,-0.03814375962532779,-0.7143442795313684,0.44435397880411276
R11112.SG,Italy,Italy_RomanImperial.SG,1750.0,0.6364020705223083,-0.04542774322176186,-0.6752766646506944,0.37186794172057963
R11113.SG,Italy,Italy_RomanImperial.SG,1750.0,0.6607124209403992,-0.035455008176342395,-0.730071800625634,0.4443248725100823
R11116.SG,Italy,Italy_RomanImperial.SG,1750.0,0.6057851910591125,-0.03736867741318091,-0.7916350013978339,0.40892721283109396
R11117.SG,Italy,Italy_RomanImperial.SG,1750.0,0.5698966383934021,-0.008740987914665734,-0.7240126353656449,0.40354061498737576
R11118.SG,Italy,Italy_RomanImperial_oEurope.SG,1750.0,0.7821937203407288,-0.17651077958870057,-0.7479330962427158,0.41533209708552565
R11119.SG,Italy,Italy_RomanImperial.SG,1750.0,0.5919807553291321,-0.08747905934183564,-0.7069915986297083,0.3773275169763174
R11120.SG,Italy,Italy_RomanImperial.SG,1750.0,0.6468033790588379,0.0014568822108380183,-0.7045975117268247,0.48287216146350415
R11121.SG,Italy,Italy_RomanImperial_oEurope.SG,1750.0,0.5929142832756042,-0.06045216627640681,-0.7157753326423186,0.4059015184056908
R11391.SG,Poland,Poland_Weklice_WielbarkCulture_Roman.SG,1875.0,0.3899723589420318,-0.22112344010330673,1.8659246023099336,-0.5149529561506735
R11550.SG,France,France_Sarrebourg_LateAntiquity_oLevant.SG,1609.0,0.7296662926673889,-0.9936196126075827,-0.8486161015350856,-0.4630633978206103
R11552.SG,France,France_Sarrebourg_LateAntiquity.SG,1675.0,0.5812104344367981,-0.9642289024206364,-0.7619174004652512,-0.435218531912994
R11554.SG,France,France_Sarrebourg_LateAntiquity.SG,1675.0,0.6182992458343506,-1.039420131264954,-0.7841926236059371,-0.4882293556989811
R11556.SG,France,France_Sarrebourg_LateAntiquity_oLevant.SG,1668.0,0.3448114395141601,-0.9653155974327909,-0.8486132679417504,-0.46904087316825194
R11557.SG,France,France_Sarrebourg_LateAntiquity.SG,1587.0,0.7011783123016357,-0.9929494227181307,-0.8312354264057722,-0.451471902875678
R11558.SG,France,France_Sarrebourg_LateAntiquity_oLevant.SG,1609.0,0.5816978216171265,-0.936605507226169,-0.837377467108293,-0.48333531167447746
R11559.SG,France,France_Sarrebourg_LateAntiquity_oLevant.SG,1675.0,0.7244530320167542,-0.9828487714165252,-0.832390099154563,-0.502139235032728
R11560.SG,France,France_Sarrebourg_LateAntiquity.SG,1598.0,0.548966646194458,-0.9852305568645332,-0.8183697701941655,-0.4609131080691271
R11561.SG,France,France_Sarrebourg_LateAntiquity.SG,1675.0,0.6351498365402222,-1.0150143525388011,-0.8378417060159531,-0.4893664888906135
R11563.SG,France,France_Sarrebourg_LateAntiquity_oLevant.SG,1742.0,0.6216244101524353,-0.9765312842323266,-0.8225148292550091,-0.4402799483345542
R11828.SG,Italy,Italy_Sardinia_SantImbenia_Phoenician.SG,2993.0,0.5957309603691101,-0.10163490858451099,-0.7280978037110263,0.42133788302249153
R11829.SG,Italy,Italy_Sardinia_SantImbenia_Phoenician.SG,2907.0,0.60929936170578,-0.13335310115488636,-0.6781195755891223,0.3492621781487963
R11832.SG,Italy,Italy_Sardinia_SantImbenia_RomanImperial.SG,1653.0,0.6176909804344177,-0.09371016817504814,-0.6948234596528494,0.3916058941646561
R11833.SG,Italy,Italy_Sardinia_SantImbenia_RomanImperial.SG,1639.0,0.6278344392776489,-0.10551036620776193,-0.734585865493884,0.4140701065674362
R11834.SG,Italy,Italy_Sardinia_SantImbenia_RomanImperial.SG,1763.0,0.6584869623184204,-0.08433809525320514,-0.7767373352431401,0.4431247717471039
R11835.SG,Italy,Italy_Sardinia_SantImbenia_RomanImperial.SG,2738.0,0.6414360404014587,-0.1797127452676407,-0.74644268323039,0.35498704850390955
R11836.SG,Italy,Italy_Sardinia_SantImbenia_RomanImperial.SG,1825.0,0.6113163232803345,-0.10612420274485194,-0.7209001120844541,0.47045072188829745
R11866.SG,Germany,Germany_Hassleben_Germanic.SG,1500.0,0.2353008389472961,-0.4527857061573553,-0.2541946975926775,0.8522595618007603
R11867.SG,Germany,Germany_Hassleben_Germanic_elite_1.SG,1500.0,0.3408836722373962,-0.4024377118243862,-0.16656413672007642,0.7799090224785185
R11868.SG,Germany,Germany_Hassleben_Germanic.SG,1500.0,0.5701667666435242,-0.3463374533325912,-0.2814058698219407,0.7921127360640663
R11872.SG,Germany,Germany_Hassleben_Germanic.SG,1500.0,0.4661021530628204,-0.36961864373838804,-0.192447068206578,0.7399863125578929
R11873.SG,Germany,Germany_Hassleben_Germanic.SG,1500.0,0.4551063179969787,-0.3776006618476528,-0.21788839363468218,0.7598445820568261
R11875.SG,Germany,Germany_Hassleben_Germanic_oNorthernEurope.SG,1500.0,0.5364744663238525,-0.33917412640326783,-0.19822442482626398,0.8177076721607932
R11877.SG,Germany,Germany_Hassleben_Germanic_elite_2.SG,1500.0,0.1425134986639022,-0.31890836093241093,-0.18857832558088583,0.772015491294961
R12229.SG,Lebanon,Lebanon_EjJaouze_Phoenician.SG,1465.0,0.76739501953125,0.6597159750652689,-0.3976633151370192,1.3817257044151003
R12233.SG,Lebanon,Lebanon_EjJaouze_Phoenician.SG,1463.0,0.3278359472751617,0.639777958931826,-0.3727810550896946,1.351441742667424
R1223.SG,Italy,Italy_PalazzoDellaCancelleria_Medieval_oEurope.SG,465.0,0.4702270030975342,-0.08792135311446278,-0.7084012710844129,0.37600676301285485
R12245.SG,Lebanon,Lebanon_EjJaouze_Phoenician.SG,1330.0,0.3378098905086517,0.6254393392112884,-0.36015879924341615,1.36034775769067
R12246.SG,Lebanon,Lebanon_EjJaouze_Phoenician.SG,1360.0,0.333351731300354,0.6530637937920427,-0.38228692168971296,1.3473954241816068
R1225.SG,Italy,Italy_PalazzoDellaCancelleria_Medieval_oAegean.SG,465.0,0.5251672267913818,-0.03906160780648668,-0.7072069846998335,0.4289467386692121
R1291.SG,Italy,Italy_PalazzoDellaCancelleria_Roman_Medieval_possible.SG,1000.0,0.5201737284660339,-0.0685768344149794,-0.7803341372887547,0.415340609752523
R1292.SG,Italy,Italy_PalazzoDellaCancelleria_Roman_Medieval_possible.SG,1000.0,0.4348048269748688,-0.06529208753937518,-0.7076996121024869,0.4080553221685438
R1294.SG,Italy,Italy_PalazzoDellaCancelleria_Roman_Medieval_possible.SG,1000.0,0.4497284293174743,-0.08898950734255684,-0.6863108352800961,0.39681749375898706
R1554.SG,Italy,Italy_Bivio_Roman.SG,1777.0,0.5140781402587891,-0.07858697407400997,-0.6832317465388721,0.4044852125341977
R1555.SG,Italy,Italy_Bivio_Roman.SG,1798.0,0.4990620613098144,-0.08231171675919675,-0.740404232417217,0.42405572519361495
R1556.SG,Italy,Italy_Bivio_Roman.SG,1825.0,0.5078713893890381,-0.08554432889441038,-0.7274363219419733,0.37997957045360403
R1557.SG,Italy,Italy_Bivio_Roman.SG,1825.0,0.4856745302677154,-0.09038539651708118,-0.7616742174570938,0.382793422123302
R1874.SG,France,France_LesMarmousets_ProtoMerovingien_possible.SG,1622.0,0.6008127927780151,-1.0206527905678058,-0.7763491459220982,-0.4900395113563541
R2040.SG,Croatia,Croatia_SisakPogorelec_Roman.SG,1625.0,0.4543350338935852,0.8392815861885236,-0.01824084415131194,0.6540888208067236
R2041.SG,Croatia,Croatia_SisakPogorelec_Roman.SG,1647.0,0.4895552694797516,0.8341887501911688,-0.04293704033891784,0.6082564750514942
R2042.SG,Croatia,Croatia_SisakPogorelec_Roman.SG,1628.0,0.4446481764316559,0.8102276137986518,-0.03951339516036545,0.6551973872877235
R2045.SG,Croatia,Croatia_Sipar_Roman.SG,1371.0,0.4162624478340149,0.8297786914148113,-0.0029454071643626573,0.6363384206349977
R2050.SG,Croatia,Croatia_MirineFulfinum_Roman.SG,1475.0,0.5800214409828186,0.8000085700219333,-0.000767920405893908,0.6387505867380886
R2051.SG,Croatia,Croatia_MirineFulfinum_Roman.SG,1475.0,0.4783315360546112,0.786940630968452,-0.010059404354101048,0.61115017949041
R2053.SG,Croatia,Croatia_MirineFulfinum_Roman.SG,1512.0,0.6412106156349182,0.8342954871922202,0.02234621693203073,0.587883840471249
R2055.SG,France,France_Metz_GalloRoman.SG,1461.0,0.5647742748260498,-0.8960461850398316,-0.7837610279168036,-0.4873303584822042
R2057.SG,France,France_Metz_GalloRoman.SG,1502.0,0.4408550560474396,-0.9897197619126239,-0.8064853900537036,-0.47046234567410045
R2058.SG,France,France_Metz_GalloRoman.SG,1475.0,0.4417228400707245,-0.9949063480713332,-0.8326249148348469,-0.416752539837285
R2065.SG,France,France_Metz_Medieval.SG,613.0,0.5936595797538757,-1.050759710388031,-0.8482543395315606,-0.49008538268902707
R2066.SG,France,France_Metz_Medieval.SG,604.0,0.5047084093093872,-1.0397751656173984,-0.7376868806601466,-0.48399622204112386
R2200.SG,Slovakia,Slovakia_BytcaHrabove_Puchov_LaTene_Roman.SG,1960.0,0.6656572222709656,1.1508151785260226,0.1385866426412102,0.3086786234454215
R2201.SG,Slovakia,Slovakia_BytcaHrabove_Puchov_LaTene_Roman.SG,1970.0,0.5020409226417542,1.1851556376242631,0.11459231912396457,0.33058102986623494
R2202.SG,Slovakia,Slovakia_Mikusovce_LaTene_Roman.SG,1925.0,0.5179734230041504,1.182507856706203,0.11334364398118742,0.3269700652712168
R2204.SG,Slovakia,Slovakia_Zohor_Germanic_Roman.SG,1800.0,0.6419826745986938,1.1579200838270418,0.13325981035744594,0.32263592514043843
R2206.SG,Slovakia,Slovakia_TesarkeMlynany_Germanic_MigrationPeriod.SG,1500.0,0.5758600831031799,1.1630179754618257,0.12210615084786886,0.32323002420234653
R2207.SG,Slovakia,Slovakia_TesarkeMlynany_Germanic_MigrationPeriod.SG,1500.0,0.4935463070869446,1.1725309268919795,0.10078026552182048,0.32057044514003635
R2208.SG,Slovakia,Slovakia_TesarkeMlynany_Germanic_MigrationPeriod.SG,1650.0,0.5381954908370972,1.1573186715005448,0.10886434402805353,0.3210082798771425
R2209.SG,Slovakia,Slovakia_TesarkeMlynany_Germanic_MigrationPeriod.SG,1550.0,0.6837868094444275,1.1737847237261645,0.11758198270927282,0.2928300306305999
R2210.SG,Slovakia,Slovakia_TesarkeMlynany_Germanic_MigrationPeriod.SG,1550.0,0.5586608052253723,1.1725704388367293,0.11229590157960513,0.3345005437179105
R2211.SG,Slovakia,Slovakia_TesarkeMlynany_Germanic_MigrationPeriod.SG,1550.0,0.6763724088668823,1.1957469238300469,0.13147745162431465,0.34731825222418145
R3359.SG,Syria,Syria_TellMasaikh_Medieval.SG,1209.0,0.5488806962966919,0.8438688065767914,-1.0741356794928707,1.5716025861495688
R3361.SG,Syria,Syria_TellMasaikh_Medieval_oAfrica.SG,728.0,0.6455098390579224,0.835473276628448,-1.083607095381119,1.5698642927989572
R3473.SG,Lebanon,Lebanon_Chhim_Phoenician.SG,1279.0,0.5390713810920715,0.631259627524557,-0.3682831424581049,1.349770551705545
R3476.SG,Lebanon,Lebanon_Chhim_Phoenician.SG,1431.0,0.6153535842895508,0.6470935459009384,-0.3644209954187617,1.3563315453959137
R3477.SG,Lebanon,Lebanon_Chhim_Phoenician.SG,1450.0,0.4877815544605255,0.6519529557665812,-0.3498507143394033,1.3813683983424374
R3478.SG,Montenegro,Montenegro_Doclea_Roman.SG,1133.0,0.6102595925331116,2.521010091891468,3.174102885117561,0.4512931060567909
R3481.SG,Montenegro,Montenegro_Doclea_Roman_oAegean.SG,1699.0,0.5570427775382996,2.5388215358241566,3.1828093069052286,0.45430660748487167
R3482.SG,Montenegro,Montenegro_Doclea_Roman.SG,864.0,0.6693059802055359,2.5311234742720474,3.2014970970865257,0.4460097858319229
R3542.SG,Croatia,Croatia_BeliManastir_Roman.SG,1616.0,0.5594158172607422,0.8303835745351507,0.014745948446732821,0.6486854165382058
R3543.SG,Croatia,Croatia_Tilurium_Roman.SG,1438.0,0.5942297577857971,0.8542448625363207,0.033062485147847986,0.6046285255080581
R3544.SG,Croatia,Croatia_Tilurium_Roman.SG,1374.0,0.6000252962112427,0.7862454351022877,-0.017249261409005314,0.615293792977135
R3545.SG,Croatia,Croatia_Tilurium_Roman_oCaucasus.SG,1466.0,0.550958514213562,0.8235412138586834,0.007861320936665086,0.5868835412386529
R3547.SG,Croatia,Croatia_Roman.SG,1381.0,0.5608002543449402,0.8222936583976611,-2.2394053667765838e-05,0.67194208824554
R3655.SG,Croatia,Croatia_Mursa_Roman.SG,1729.0,0.4385022819042206,0.8409665251648231,-0.00794697879425006,0.616922987645847
R3656.SG,Croatia,Croatia_Mursa_Roman.SG,1668.0,0.4837548434734344,0.7612762141590474,0.022682799026363457,0.5910405478437262
R3657.SG,Croatia,Croatia_Mursa_Roman.SG,1668.0,0.433963805437088,0.7987781088754942,0.051396798619684124,0.6459943741166795
R3659.SG,Croatia,Croatia_Scitarjevo_Roman.SG,1639.0,0.43280890583992,0.7915669878670359,-0.012199133185536504,0.6211210171201507
R3660.SG,Croatia,Croatia_Scitarjevo_Roman_oNorthEurope.SG,1456.0,0.4830881655216217,0.8179108260226194,-0.004166409853330066,0.6080867179358246
R3662.SG,Croatia,Croatia_Sipar_Roman.SG,1360.0,0.4762220680713653,0.7850916610366557,0.011033943541026279,0.6066073727467534
R3663.SG,Croatia,Croatia_Sipar_Roman.SG,1180.0,0.4073395729064941,0.8106875114141768,-0.009506862136462131,0.6332096900211379
R3664.SG,Croatia,Croatia_Sipar_Roman.SG,1218.0,0.5477930903434753,0.8007185271932398,0.006955330067477261,0.6273155600660257
R3665.SG,Croatia,Croatia_Roman.SG,1780.0,0.3763990998268127,0.8151438811453814,0.012394945644398804,0.6261480105141378
R3670.SG,Croatia,Croatia_Roman.SG,1785.0,0.3563036322593689,0.8124517380103234,-0.007555821049751299,0.6608259161438147
R3685.SG,Croatia,Croatia_LateAntiquity.SG,1450.0,0.5526754260063171,0.8260380354230136,0.015085862211830623,0.6187465248980376
R3742.SG,Croatia,Croatia_Roman_oLevant.SG,1773.0,0.4605320394039154,0.807224595650687,-0.0107277010548934,0.6416265334912724
R3743.SG,Croatia,Croatia_Roman.SG,1798.0,0.5317956805229187,0.8387562520068984,0.004714916564634868,0.6311220372127351
R3744.SG,Croatia,Croatia_Roman.SG,1800.0,0.4701815843582153,0.8077019467118877,-0.01577290330085878,0.6949385768919758
R3745.SG,Croatia,Croatia_Zadar_Roman.SG,1880.0,0.576204776763916,0.8445546117665148,-0.039420484675717696,0.622725242055995
R3746.SG,Croatia,Croatia_Zadar_Roman.SG,1773.0,0.625756561756134,0.8572924849318709,0.009995365869819663,0.6649120047353551
R3747.SG,Croatia,Croatia_Zadar_Roman.SG,1775.0,0.6472559571266174,0.7953028786690161,0.011589972793957157,0.643744557137251
R3906.SG,Serbia,Serbia_Sirmium_Ottoman.SG,391.0,0.4554023444652557,0.36912751850873593,0.14042026740475655,-0.1077395559964531
R3918.SG,Serbia,Serbia_Sirmium_LateRoman.SG,904.0,0.4564031362533569,0.3197223326594756,0.14053231650114512,-0.09674872000502371
R3931.SG,Serbia,Serbia_Roman_elite_1.SG,1769.0,0.6478617787361145,0.34740516091392226,0.12351535130973722,-0.07548274397807933
R6681.SG,Serbia,Serbia_Beska_Severi_ValentinianValens_possible.SG,1609.0,0.6287614107131958,0.3696360184536615,0.14657101669200384,-0.0718390165515711
R6688.SG,Serbia,Serbia_Beska_Severi_ValentinianValens_possible.SG,1625.0,0.4980247616767883,0.34160517464281953,0.14683211915960517,-0.10307735416409108
R6693.SG,Serbia,Serbia_SvilosKrussevlje_Roman.SG,1675.0,0.4030427932739258,0.3430251558041823,0.10137988940432076,-0.08755486451226432
R6701.SG,Serbia,Serbia_SvilosKrussevlje_Roman.SG,1661.0,0.6048581600189209,0.36881788623132006,0.11898553190006966,-0.08318120173983751
R6730.SG,Serbia,Serbia_Sirmium_Roman.SG,1547.0,0.6433054804801941,0.33834777553242196,0.11694805281279051,-0.07722009235890995
R6737.SG,Serbia,Serbia_Sirmium_Ottoman.SG,388.0,0.5969442129135132,0.3693853103453524,0.1345366952644183,-0.0692420125888156
R6750.SG,Serbia,Serbia_Roman_elite_2.SG,1795.0,0.631891131401062,0.3387751004362691,0.10661174672173769,-0.05821683858304698
R6756.SG,Serbia,Serbia_Roman_elite_3.SG,1769.0,0.5222329497337341,0.3446503635353401,0.13002217647127462,-0.08003035316635175
R6759.SG,Serbia,Serbia_Roman.SG,1789.0,0.6087129712104797,0.30942677356406345,0.1656292008299405,-0.09526145104344538
R6764.SG,Serbia,Serbia_Naissus_LateAntiquity.SG,1616.0,0.6173819899559021,0.30099060697895413,0.08668034464515327,-0.07566901484440566
R6769.SG,Serbia,Serbia_Naissus_LateAntiquity_oLevant.SG,1863.0,0.5453551411628723,0.33989543207330697,0.12512709555736914,-0.06665748512662438
R9662.SG,Serbia,Serbia_Sirmium_Ottoman.SG,404.0,0.4523561298847198,0.3884197672411652,0.1627571873087266,-0.09345180586564515
R9669.SG,Serbia,Serbia_Roman_elite_3.SG,1732.0,0.4598256349563598,0.34474856847267976,0.155788020920482,-0.08093068588728834
R9673.SG,Serbia,Serbia_Roman_elite_1.SG,1800.0,0.656804084777832,0.31662735384846796,0.14272438223663603,-0.08206147659130111
R9674.SG,Serbia,Serbia_Roman_elite_1.SG,1836.0,0.6507125496864319,0.3194815261308226,0.13767814677572007,-0.09768796065226733
R9818.SG,Lebanon,Lebanon_Chhim_Phoenician.SG,1340.0,0.539454996585846,0.6447765601897015,-0.3681563771399991,1.3429953540328974
R9823.SG,Lebanon,Lebanon_Chhim_Phoenician.SG,1327.0,0.6587878465652466,0.6389445050686074,-0.3759620915881958,1.3537771325822185
R9918.SG,Montenegro,Montenegro_Doclea_Roman.SG,892.0,0.5546308159828186,2.504313004797768,3.158100570307925,0.44764406038348403
R9919.SG,Montenegro,Montenegro_Doclea_Roman.SG,960.0,0.6437410116195679,2.5223407271494733,3.1633051195096376,0.44810540936689974
R9920.SG,Montenegro,Montenegro_Doclea_Roman.SG,850.0,0.5191023945808411,2.533637929809869,3.1965345447176685,0.4483282041822444
AITI_65adult.AG.SG,Germany,Germany_Lech_EBA_possible.contam.AG.SG,3728.0,0.4437690377235412,-0.3634352538790974,-0.19424656408646562,0.8086530298532372
AITI_66.AG.SG,Germany,Germany_Lech_EBA_possible.contam.AG.SG,3761.0,0.612575888633728,-0.3546367911314109,-0.2000306697387238,0.8391634811907689
AITI_77A.AG.SG,Germany,Germany_Lech_EBA_sister.AITI_77B_possible.contam.AG.SG,3828.0,0.215647354722023,-0.4283880368868723,-0.23869316568588086,0.8259195622384041
AITI_77B.AG.SG,Germany,Germany_Lech_EBA_possible.contam.AG.SG,3743.0,0.2616257965564728,-0.40436403293671425,-0.23799522824116184,0.8252084330942153
AITI_87.AG.SG,Germany,Germany_Lech_EBA_mother.AITI_119.mother.AITI_120.mother.AITI_86_possible.contam.AG.SG,3692.0,0.1861788928508758,-0.3253708009635228,-0.22560348497469837,0.7681436816331549
AITI_92.AG.SG,Germany,Germany_Lech_EBA_possible.contam.AG.SG,3761.0,0.4021482467651367,-0.3741988515947097,-0.2072621605109026,0.7918104511825116
AITI_95.AG.SG,Germany,Germany_Lech_EBA_possible.contam.AG.SG,3671.0,0.5330908894538879,-0.348552818261762,-0.22876983430589026,0.7810310803117086
ALT_3.AG,Germany,Germany_Tauber_CordedWare_possible.contam.AG,4425.0,0.0899812057614326,-0.3763837570357233,-0.2601850472123165,0.7845137259168355
ALT_4.AG,Germany,Germany_Tauber_CordedWare_contam.AG,4453.0,0.1714158803224563,-0.3737180165888088,-0.17371080437680245,0.7926864610926053
AMP_1.AG.SG,Germany,Germany_Lech_BellBeaker_contam.AG.SG,4356.0,0.6541561484336853,-0.35170013074097334,-0.2214508702919958,0.7771581673922386
HUGO_168.AG,Germany,Germany_Lech_BellBeaker_possible.contam.AG,4167.0,0.7970686554908752,-0.3318351929012332,-0.25698284496839774,0.7165454679586561
HUGO_171.AG,Germany,Germany_Lech_BellBeaker_possible.contam.AG,4203.0,0.1920523196458816,-0.3824927070660725,-0.2703994957623032,0.713474065971458
HUGO_180Sk1.AG,Germany,Germany_Lech_BellBeaker_contam.AG,4289.0,0.579177975654602,-0.4163816268850828,-0.21049128026168457,0.757943886965133
HUGO_180Sk2.AG.SG,Germany,Germany_Lech_BellBeaker_sister.HUGO_180Sk1_contam.AG.SG,4307.0,0.2332603186368942,-0.387581903330622,-0.19761413003625375,0.7553361539256793
HUGO_190.AG,Germany,Germany_Lech_BellBeaker_possible.contam.AG,4103.0,0.6253827214241028,-0.3796387667787586,-0.1748004919002977,0.7838494138769772
OBKR_117.AG.SG,Germany,Germany_Lech_EBA_contam.AG.SG,3883.0,0.475535124540329,-0.38404674873431244,-0.1502396781159718,0.7844331657279254
OBKR_2.AG,Germany,Germany_Lech_EBA_possible.contam.AG,3906.0,0.3064136505126953,-0.38039940183555415,-0.22488343495118185,0.7773009973156171
OBKR_50.AG,Germany,Germany_Lech_EBA_possible.contam.AG,3935.0,0.5821122527122498,-0.42754979098244145,-0.22235596715830935,0.7414242498532535
OBKR_66.AG,Germany,Germany_Lech_EBA_possible.contam.AG,3918.0,0.2970495820045471,-0.37861211058550626,-0.19100035159212642,0.8267880871727936
OBKR_67.AG.SG,Germany,Germany_Lech_EBA.AG.SG,3906.0,0.2861624360084533,-0.36834306059243327,-0.23351784637713766,0.8223745558641007
OBKR_73.AG,Germany,Germany_Lech_EBA_possible.contam.AG,3911.0,0.0875205695629119,-0.3651734206991815,-0.18062716023158953,0.823250069808474
OBKR_81.AG,Germany,Germany_Lech_EBA_possible.contam.AG,3910.0,0.0526247508823871,-0.3392684919785985,-0.19869604276196037,0.7755543747989202
OBKR_86.AG.SG,Germany,Germany_Lech_EBA_brother.OBKR_80_contam.AG.SG,3926.0,0.3928450047969818,-0.38459197984923954,-0.2359874420394718,0.8430296702685408
OBKR_93.AG,Germany,Germany_Lech_EBA_possible.contam.AG,3933.0,0.1865227669477462,-0.3415049622424176,-0.2632894384888658,0.793943892494489
OBKR_96.AG,Germany,Germany_Lech_EBA_possible.contam.AG,3863.0,0.0882869884371757,-0.4174130464558403,-0.17849464644770585,0.8063371728063982
OBKR_9A.AG,Germany,Germany_Lech_EBA_possible.contam.AG,3902.0,0.4951805174350738,-0.37404655577018137,-0.20574854970577686,0.7974481990263925
OTTM_142.AG.SG,Germany,Germany_Lech_MBA_possible.contam.AG.SG,3527.0,0.240935817360878,-0.3629322534446713,-0.19955700327070197,0.7706317820193942
OTTM_151ind2.AG.SG,Germany,Germany_Lech_MBA_possible.contam.AG.SG,3507.0,0.5164852142333984,-0.32481655301631124,-0.22867583574362477,0.7824873555014826
POST_12.AG,Germany,Germany_Lech_MBA_possible.contam.AG,4036.0,0.0685905143618583,-0.36962993449330594,-0.24484305394294104,0.7556985731899752
POST_32.AG,Germany,Germany_Lech_EBA_possible.contam.AG,3930.0,0.0818620696663856,-0.42958194274934053,-0.27381981489394736,0.801539563039929
POST_35.AG,Germany,Germany_Lech_EBA_possible.contam.AG,3932.0,0.7038660645484924,-0.3501841590986211,-0.2375523186089924,0.7927747101257804
POST_99.AG,Germany,Germany_Lech_EBA_possible.contam.AG,3962.0,0.8446674942970276,-0.39473256195910916,-0.23282425950197608,0.7793624862253496
UNTA58_147.AG,Germany,Germany_Lech_EBA_possible.contam.AG,3922.0,0.1475702226161956,-0.3972866703321937,-0.2054806140612405,0.7874674822581331
UNTA58_152.AG,Germany,Germany_Lech_EBA_possible.contam.AG,3848.0,0.0597674138844013,-0.35813990314039207,-0.22278895733837764,0.8222150084656352
UNTA58_68Sk2.AG,Germany,Germany_Lech_BellBeaker_possible.contam.AG,4347.0,0.6840438842773438,-0.39707612170850154,-0.24646989216283302,0.7389733028287394
UNTA85_1336.AG,Germany,Germany_Lech_BellBeaker_possible.contam.AG,4334.0,0.1038472428917884,-0.29531205566152513,-0.21288207280095062,0.7924947678452442
WEHR_1192SkB.AG,Germany,Germany_Lech_EBA.AG,3785.0,0.2117528319358825,-0.39271740653999976,-0.20618272628685608,0.7535698705326749
WEHR_1193.AG,Germany,Germany_Lech_EBA_possible.contam.AG,3823.0,0.058468971401453,-0.39236230337226324,-0.22414017805936545,0.7900077478751689
WEHR_1414.AG.SG,Germany,Germany_Lech_EBA_possible.contam.AG.SG,3908.0,0.1488094627857208,-0.3456615172107598,-0.2117767205212406,0.7932785340530858
WEHR_1415adult.AG,Germany,Germany_Lech_EBA_mother.WEHR_1415child_possible.contam.AG,3872.0,0.7466799020767212,-0.3730520110903704,-0.22442417454727406,0.7966316883389949
WEHR_1474.AG.SG,Germany,Germany_Lech_EBA_brother.WEHR_1564.son.WEHR_1586_contam.AG.SG,3924.0,0.4203361868858337,-0.30574230458485396,-0.2294454399196299,0.7736809401354162
WEHR_1564.AG.SG,Germany,Germany_Lech_EBA_brother.WEHR_1474.son.WEHR_1586_contam.AG.SG,3899.0,0.2589721381664276,-0.3385638648993564,-0.2670208847492773,0.7768554846612367
WEHR_1586.AG,Germany,Germany_Lech_EBA_possible.contam.AG,3835.0,0.8139030337333679,-0.35976589143529164,-0.19970090222096634,0.8139599241367159
BLS001.AG,Czechia,Czechia_N_GlobularAmphora_mother.or.daughter.BLS002.AG,4675.0,0.5356756448745728,-0.4130562083224445,0.0725963368590338,0.15556604191501675
BLS002.AG,Czechia,Czechia_N_GlobularAmphora.AG,4692.0,0.6205254793167114,-0.31972641462860346,0.057328749660726784,0.2198615070751727
BNL001.AG,Czechia,Czechia_EBA_Unetice_sister.BNL003.AG,4020.0,0.1569269746541977,-0.38096701248328024,0.05751070783202167,0.2133560262671866
BNL002.AG,Czechia,Czechia_EBA_Unetice.AG,3995.0,0.5598027110099792,-0.403281865419829,-0.008623435897799875,0.17579261755029288
BNL003.AG,Czechia,Czechia_EBA_Unetice.AG,3995.0,0.6097592115402222,-0.416098061163217,0.06712182538493892,0.1803378769030093
BNL004.AG,Czechia,Czechia_EBA_Unetice.AG,3995.0,0.6283591389656067,-0.4317007235387867,0.007508345915138026,0.19300519480093806
BNL005.AG,Czechia,Czechia_EBA_Unetice.AG,4084.0,0.6385123133659363,-0.35839347151438494,0.07100750543032082,0.18477246541934136
BNL006.AG,Czechia,Czechia_EBA_Unetice.AG,4070.0,0.4989509582519531,-0.3268945272475655,0.12456113022616175,0.1739174746440632
BNL007.AG,Czechia,Czechia_EBA_Unetice_father.or.son.BNL006.AG,4070.0,0.280501514673233,-0.4029953062582924,0.03749905676185295,0.1868849551078739
BNL008.AG,Czechia,Czechia_EBA_Unetice.AG,3926.0,0.6272585988044739,-0.34562927396128,0.051595595784271454,0.16996125932209646
BNL009.AG,Czechia,Czechia_EBA_Unetice.AG,3975.0,0.1870183050632476,-0.3897332111337396,0.04370525004485079,0.19380854256059962
BNL010.AG,Czechia,Czechia_EBA_Unetice.AG,3772.0,0.2017148286104202,-0.38136058081147317,0.08870540243490596,0.20563383099629745
BRZ001.AG,Czechia,Czechia_N_Jordanow_Michelsberg.AG,5820.0,0.0534998401999473,-0.3979799468356969,0.02531534790358821,0.19240100617611516
BRZ002.AG,Czechia,Czechia_N_TRB.AG,5521.0,0.5344793796539307,-0.3339641458124414,-0.023926773651925744,0.16686319816543355
BUT002.AG,Czechia,Czechia_EBA_CordedWare.AG,4350.0,0.2075760811567306,-0.38457543844965203,0.058654107399142175,0.16516786373942946
BUT003.AG,Czechia,Czechia_EBA_CordedWare.AG,4335.0,0.3660391271114349,-0.3616649833962588,0.057163075671529895,0.19532677362493067
CAH005.AG,Czechia,Czechia_EBA_CordedWare.AG,4349.0,0.5753045678138733,-0.36098682958662287,0.045928967504312836,0.19700290220460448
CAH010.AG,Czechia,Czechia_EBA_CordedWare.AG,4275.0,0.6616783738136292,-0.4118506621463177,0.03554681455290567,0.2169484503552157
CHL001.AG,Czechia,Czechia_EBA_Unetice.AG,3905.0,0.61451256275177,-0.3776194300531897,0.06659368796233626,0.1717632552274877
CHL002.AG,Czechia,Czechia_EBA_Unetice.AG,4000.0,0.3583879470825195,-0.4065445486104969,0.03362846568598224,0.21324913453903238
CHL003.AG,Czechia,Czechia_EBA_Unetice.AG,3937.0,0.5160050988197327,-0.4239744984380589,0.009159135575318248,0.19874483668296963
CHL005.AG,Czechia,Czechia_EBA_Unetice.AG,4000.0,0.1671125888824463,-0.4339360360339351,0.05848987486043466,0.19811663615836222
CHL006.AG,Czechia,Czechia_EBA_Unetice.AG,3897.0,0.356620728969574,-0.40619394645006146,0.0356785857992707,0.17150860989417618
CHL007.AG,Czechia,Czechia_EBA_Unetice.AG,4000.0,0.1686332523822784,-0.38728073804768454,0.05962927043240086,0.20264776858830613
CHL008.AG,Czechia,Czechia_EBA_Unetice.AG,3960.0,0.3222317993640899,-0.3645783939688011,-0.004596461794399073,0.19289450676479164
DRO001.AG,Czechia,Czechia_EBA_CordedWare.AG,4697.0,0.5681805610656738,-0.3552516549736087,0.07893665835027328,0.20088393339233904
HOL001.AG,Czechia,Czechia_N_TRB.AG,5613.0,0.740333616733551,-0.3513993688277875,0.03701705432320679,0.1973837309948117
HOL002.AG,Czechia,Czechia_N_Baden.AG,5140.0,0.6465908885002136,-0.386551466286649,-0.009056929875924243,0.13561778447361222
HOL004.AG,Czechia,Czechia_N_Baden.AG,5154.0,0.4588005244731903,-0.3852175528470189,0.005550067040054534,0.17316679121466944
HOP001.AG,Czechia,Czechia_BellBeaker.AG,4240.0,0.8105024099349976,-0.39098729999139836,0.068913333637899,0.17223209159333028
HOP002.AG,Czechia,Czechia_BellBeaker.AG,4177.0,0.1090613007545471,-0.3607381692876112,0.04612265498251383,0.17583372086299998
HOP003.AG,Czechia,Czechia_BellBeaker.AG,4250.0,0.710874080657959,-0.3369777156176146,0.00485698750047047,0.1636643579909062
HOP004.AG,Czechia,Czechia_BellBeaker_oAnatolia2.AG,4222.0,0.6754989624023438,-0.42207621027664705,-0.021535379760677358,0.18676064887051042
KNE001.AG,Czechia,Czechia_EBA_Unetice.AG,4017.0,0.4839875996112823,-0.33991021482256817,0.060515067098442205,0.20754621886842692
KNE002.AG,Czechia,Czechia_EBA_Unetice.AG,4043.0,0.4898642599582672,-0.39200101946250215,0.06387500006608021,0.16328888293511293
KNE003.AG,Czechia,Czechia_EBA_Unetice.AG,3971.0,0.6638502478599548,-0.3786275570412015,0.009640601978635569,0.18204164421052582
KNE004.AG,Czechia,Czechia_EBA_Unetice_mother.KNE001.KNE005.AG,4042.0,0.2806499302387237,-0.3730875625217015,0.015636292444780053,0.17996783983836911
KNE005.AG,Czechia,Czechia_EBA_Unetice_sister.KNE001.daughter.KNE004.AG,4072.0,0.1703753322362899,-0.3845423339049113,-0.0006818646166030001,0.17706014824632313
KNE006.AG,Czechia,Czechia_EBA_Unetice.AG,4065.0,0.134961262345314,-0.389410627630084,0.03748520874350654,0.1964728901344037
KNE007.AG,Czechia,Czechia_EBA_Unetice.AG,3977.0,0.4369686245918274,-0.3810468170443725,0.04511698961757615,0.201750087434719
KO1001.AG,Czechia,Czechia_N_Rivnac_mother.or.daughter.KO1016.AG,4761.0,0.2582470774650574,-0.3767979953742947,0.04977735581903709,0.2029826471744426
KO1002.AG,Czechia,Czechia_EBA_CordedWare.AG,4533.0,0.8426310420036316,-0.39258426772446503,0.0616175832776227,0.1866344854307924
KO1003.AG,Czechia,Czechia_BellBeaker.AG,4160.0,0.7359841465950012,-0.4270174548637799,0.09326059992918749,0.21050975463818858
KO1004.AG,Czechia,Czechia_BellBeaker.AG,4166.0,0.7010948061943054,-0.38239253397163475,0.003987139307644662,0.19344314651436825
KO1005.AG,Czechia,Czechia_BellBeaker.AG,4331.0,0.577907919883728,-0.375729526253257,0.005744058508103351,0.1909973387166137
KO1006.AG,Czechia,Czechia_EBA_Unetice.AG,3868.0,0.6254427433013916,-0.3556113446656674,0.06816292177814127,0.15196482619620713
KO1007.AG,Czechia,Czechia_EBA_Unetice.AG,3737.0,0.5202662348747253,-0.3809606217595956,0.07593985367699145,0.1687183109819963
KO1008.AG,Czechia,Czechia_EBA_Unetice.AG,3805.0,0.3944427073001861,-0.3713959381999406,0.052515481343069076,0.19349474525598603
KO1009.AG,Czechia,Czechia_EBA_Unetice.AG,3894.0,0.5326699614524841,-0.37334393767635643,0.039905960235913814,0.20884601909868344
KO1010.AG,Czechia,Czechia_EBA_Unetice.AG,3906.0,0.3915116786956787,-0.31728949113461935,0.01709082220518276,0.16677932086827907
KO1011.AG,Czechia,Czechia_EBA_Unetice.AG,3993.0,0.3923170268535614,-0.3865110676301387,0.06865493653745192,0.1568059090231195
KO1013.AG,Czechia,Czechia_EBA_Unetice.AG,3914.0,0.5120813846588135,-0.4460423965492367,0.06886125735590055,0.17253834746822644
KO1014.AG,Czechia,Czechia_EBA_Unetice.AG,3915.0,0.4388161301612854,-0.32972252503396954,0.04694866216342625,0.20412479375683415
KO1015.AG,Czechia,Czechia_EBA_Unetice.AG,3774.0,0.4275307655334472,-0.39147239279105944,0.04210762765220075,0.19217791533990752
KO1016.AG,Czechia,Czechia_N_Rivnac.AG,4750.0,0.4946939051151275,-0.389399162293875,0.0621626983510442,0.18072462107433784
KO7001.AG,Czechia,Czechia_EBA_Unetice.AG,3985.0,0.4813623130321502,-0.38107537144026216,0.059629366648617246,0.1759164533102023
KO7002.AG,Czechia,Czechia_EBA_Unetice.AG,4000.0,0.404397189617157,-0.3997912238813791,0.08041152641862735,0.15988889107782137
KO7003.AG,Czechia,Czechia_EBA_Unetice.AG,4124.0,0.0813227444887161,-0.3411563773008123,0.08024172952730271,0.20910556919554443
KOB001.AG,Czechia,Czechia_N_TRB_1d.rel.KOB002.KOB007.AG,5650.0,0.0965950861573219,-0.4093152144028818,0.04347164107845138,0.20165040628647035
KOB002.AG,Czechia,Czechia_N_TRB.AG,5630.0,0.5716184377670288,-0.3805986311694597,0.0056478713575045005,0.17996231752696146
KOB003.AG,Czechia,Czechia_N_TRB.AG,5600.0,0.2405043542385101,-0.3476248958155628,0.04279489460836214,0.19716709522733428
KOB004.AG,Czechia,Czechia_N_TRB.AG,5600.0,0.2524182498455047,-0.36485775587321084,-0.009465113479027143,0.17086192664185879
KOB005.AG,Czechia,Czechia_N_TRB.AG,5704.0,0.052941046655178,-0.3972816144330949,0.030379925823815178,0.18078515270009496
KOB007.AG,Czechia,Czechia_N_TRB_1d.rel.KOB002.KOB001.AG,5632.0,0.1760362684726715,-0.4067093915339103,0.0904737696985691,0.20348756487573513
KON001.AG,Czechia,Czechia_EBA_CordedWare.AG,4697.0,0.3624819815158844,-0.3876603037998791,0.036249798971958125,0.16448144665181091
KON003.AG,Czechia,Czechia_EBA_CordedWare.AG,4650.0,0.0757786035537719,-0.4294490394804577,0.07131293724483263,0.21409748260747619
KON004.AG,Czechia,Czechia_EBA_CordedWare.AG,4398.0,0.6620814204216003,-0.45563645489188087,0.12156232679606659,0.20054538699850954
KOP001.AG,Czechia,Czechia_BellBeaker_oAnatolia2.AG,4250.0,0.3884833455085754,-0.3986256614702325,0.02999392046283076,0.17130634213762985
KOP002.AG,Czechia,Czechia_BellBeaker.AG,4250.0,0.4813444912433624,-0.3954834500215943,0.031020803904751964,0.21899903881539762
KOP003.AG,Czechia,Czechia_BellBeaker.AG,4342.0,0.4535483419895172,-0.3826593729245511,0.030825453242224885,0.18906024472059071
MIB001.AG,Czechia,Czechia_EBA_Unetice.AG,3779.0,0.4182470142841339,-0.38007041807878894,0.010147066628629445,0.20163652550417313
MIB002.AG,Czechia,Czechia_EBA_Unetice_daughter.MIB062.AG,3765.0,0.589958906173706,-0.35011724233354974,0.04329192590974556,0.19404889275712497
MIB003.AG,Czechia,Czechia_EBA_Unetice_sister.MIB064.daughter.MIB008.AG,3810.0,0.1978065073490142,-0.3962157342624609,0.07687733103582534,0.19415384520658854
MIB004.AG,Czechia,Czechia_EBA_Unetice.AG,3769.0,0.4178195893764496,-0.3977936814127792,0.08360131678023801,0.2319650868797312
MIB005.AG,Czechia,Czechia_EBA_Unetice.AG,3767.0,0.33881476521492,-0.3738674996339944,0.05384770340022993,0.16034173162921145
MIB024.AG,Czechia,Czechia_EBA_Unetice_mother.or.daughter.MIB019.AG,3875.0,0.1883159428834915,-0.3558210758202093,0.042338641242856245,0.17936906031040561
MIB028.AG,Czechia,Czechia_EBA_Unetice.AG,3855.0,0.6715939044952393,-0.39365511695037575,0.07295024433347484,0.19543014566370878
MIB034.AG,Czechia,Czechia_EBA_Unetice.AG,3659.0,0.6966001391410828,-0.4374405660230683,0.11068249106962431,0.22750647388482026
MIG010.AG,Czechia,Czechia_EBA_Unetice.AG,3992.0,0.2681131362915039,-0.40766334008700217,0.11106869344002297,0.14383056412689363
MIG011.AG,Czechia,Czechia_EBA_Unetice.AG,3990.0,0.3815118074417114,-0.39791696854654174,0.061574235561829525,0.14839659779920183
MIG012.AG,Czechia,Czechia_EBA_Unetice_contam.AG,3800.0,0.2706289291381836,-0.3328380051092847,0.050955277465896516,0.17102545115364504
MIS001.AG,Czechia,Czechia_EBA_Unetice.AG,3908.0,0.7430083751678467,-0.35739045567646016,0.04375956314938019,0.2199917165819426
MIS002.AG,Czechia,Czechia_EBA_Unetice.AG,3883.0,0.7374561429023743,-0.326137142408949,0.10175535308016187,0.1749463564347515
MIS004.AG,Czechia,Czechia_EBA_Unetice.AG,3833.0,0.2383227050304412,-0.3842966450877642,0.05933763343137764,0.1797889891347868
MIS006.AG,Czechia,Czechia_EBA_Unetice.AG,4235.0,0.1056379750370979,-0.3635528981710429,0.0698697032245176,0.1867955509166886
NER001.AG,Czechia,Czechia_N_Jordanow.AG,6076.0,0.4973791837692261,-0.3862760425122193,0.041161875476191115,0.21012985273020712
OBR001.AG,Czechia,Czechia_EBA_CordedWare.AG,4545.0,0.151625320315361,-0.403544557965489,0.08908659515393448,0.18769487548284197
OBR002.AG,Czechia,Czechia_EBA_CordedWare_1d.rel.OBR001.AG,4382.0,0.0791824609041214,-0.39357992875744635,0.05079990629513835,0.1988939287660945
OBR003.AG,Czechia,Czechia_EBA_CordedWare.AG,4835.0,0.3645768463611603,-0.3941821310104424,0.12864911714835178,0.17762875909620937
OBR004.AG,Czechia,Czechia_EBA_CordedWare.AG,4512.0,0.3599313199520111,-0.36120146996806607,0.031240357923205522,0.24842220472321566
OHR001.AG,Czechia,Czechia_EBA_CordedWare_2_dup.I13467.AG,4289.0,0.2666971087455749,-0.4008746928927512,0.01992890890511306,0.18000658732758237
OHR002.AG,Czechia,Czechia_EBA_CordedWare.AG,4477.0,0.6586224436759949,-0.3815278866729837,0.07550579096652392,0.20651271397526627
PDA001.AG,Czechia,Czechia_EBA_Unetice_sister.PDA002.AG,4017.0,0.4860751628875732,-0.4104660299408269,0.04209585507470405,0.17916003235764336
PDA002.AG,Czechia,Czechia_EBA_Unetice.AG,4057.0,0.6106853485107422,-0.47138435803673484,0.036652195157999556,0.13451366765650385
PDA003.AG,Czechia,Czechia_EBA_Unetice_sister.PDA002.AG,4131.0,0.5109800100326538,-0.3715809919755661,0.041025720446130794,0.15906844016974578
PDA004.AG,Czechia,Czechia_EBA_Unetice_sister.PDA002.AG,4053.0,0.5422586798667908,-0.35104937800197966,0.015063477203079087,0.1330596895951917
PDA005.AG,Czechia,Czechia_EBA_Unetice_father.or.son.PDA002.AG,4164.0,0.567570686340332,-0.35671060731385656,0.06241718969969336,0.18951804112510867
PMI001.AG,Czechia,Czechia_EBA_Unetice.AG,4096.0,0.5885363817214966,-0.391756411811354,0.06179304588033305,0.15860123156931868
PMI002.AG,Czechia,Czechia_EBA_Unetice_o.AG,4171.0,0.0600407309830188,-0.4123954250907759,0.05313332657719492,0.15852405040098563
PMI003.AG,Czechia,Czechia_EBA_Unetice.AG,4005.0,0.3414067924022674,-0.35422445219575205,0.06876891320671484,0.2110489185737674
PMI004.AG,Czechia,Czechia_EBA_Unetice.AG,4013.0,0.3936008810997009,-0.4062323443973256,0.0789784365386383,0.224760247507556
PMI006.AG,Czechia,Czechia_EBA_Unetice.AG,4104.0,0.3111727237701416,-0.40307612429255313,0.04575951457531571,0.18887695783212236
PMI009.AG,Czechia,Czechia_EBA_Unetice.AG,3849.0,0.1228616386651992,-0.35771333272574724,0.0189111036513948,0.18361941095678666
PMI010.AG,Czechia,Czechia_EBA_Unetice.AG,3902.0,0.3829043209552765,-0.37721995923281343,0.05719920858833698,0.25210774618059073
PMI012.AG,Czechia,Czechia_EBA_Unetice.AG,3657.0,0.2698179185390472,-0.3820496939316986,0.061516425825629585,0.20728438571818436
PNL001.AG,Czechia,Czechia_EBA_CordedWare.AG,4843.0,0.5325085520744324,-0.3906970157946701,0.07277317527393058,0.17759738712383172
PNL002.AG,Czechia,Czechia_EBA_CordedWare.AG,4653.0,0.7137102484703064,-0.39946531961850723,0.04952262999762389,0.18286112989820225
PRE001.AG,Czechia,Czechia_N_GlobularAmphora.AG,4625.0,0.6791112422943115,-0.3798821909878266,0.08408797019539542,0.10443564734303717
PRU001.AG,Czechia,Czechia_BellBeaker_oAnatolia1.AG,4331.0,0.4351876378059387,-0.36658152844301917,0.06627597089251751,0.14483204111047202
PRU002.AG,Czechia,Czechia_BellBeaker.AG,4470.0,0.5549446940422058,-0.3877504252852133,0.007433524677038258,0.16754554655586734
PRU003.AG,Czechia,Czechia_BellBeaker.AG,4427.0,0.5028300881385803,-0.356704679797711,0.06430688860716093,0.20384159259284232
PRU004.AG,Czechia,Czechia_BellBeaker_oSteppe.AG,4264.0,0.5126174688339233,-0.4033381334138297,0.09855258720205601,0.2185261734507238
PRU005.AG,Czechia,Czechia_BellBeaker.AG,4350.0,0.2917114496231079,-0.3436719937410303,0.0760789853205868,0.18852770137969027
RDV001.AG,Czechia,Czechia_EBA_CordedWare.AG,4592.0,0.6667918562889099,-0.4143470503694705,0.10834349514204952,0.17365545335037286
ROU001.AG,Czechia,Czechia_EBA_Unetice.AG,4000.0,0.5286959409713745,-0.3578810981833134,0.0554317827452986,0.18240033989352689
ROU002.AG,Czechia,Czechia_EBA_Unetice_mother.or.daughter.ROU003.mother.or.daughter.ROU004.AG,3997.0,0.3611089289188385,-0.3923861532796621,0.06178760664526967,0.19600667013152698
ROU003.AG,Czechia,Czechia_EBA_Unetice.AG,3995.0,0.4328802824020386,-0.37874897472366387,0.05389776932705625,0.1929911559033028
ROU004.AG,Czechia,Czechia_EBA_Unetice.AG,3995.0,0.4982510209083557,-0.39871734372838985,0.029972981781036977,0.2039784429048948
ROU005.AG,Czechia,Czechia_EBA_Unetice_father.or.son.ROU007.AG,4000.0,0.3747413754463196,-0.3749425810761388,0.05373595058834865,0.1785513555141208
ROU006.AG,Czechia,Czechia_EBA_Unetice.AG,4000.0,0.550121545791626,-0.40665155703271366,0.07302063628666866,0.1926940231315922
ROU007.AG,Czechia,Czechia_EBA_Unetice.AG,4000.0,0.5465027689933777,-0.3701015440473376,0.07183170416008267,0.18685068053545498
STD001.AG,Czechia,Czechia_EBA_CordedWare.AG,4500.0,0.5183400511741638,-0.4078852747022357,0.03532684485178602,0.19552222363868882
STD002.AG,Czechia,Czechia_EBA_CordedWare.AG,4720.0,0.5600467920303345,-0.38034969297592225,0.06932496545222307,0.14360369950950783
STD003.AG,Czechia,Czechia_EBA_CordedWare_o1.AG,4877.0,0.3145782053470611,-0.4088071112849143,0.0527164377228151,0.19360215502256486
TIS001.AG,Czechia,Czechia_BellBeaker.AG,4326.0,0.0703098848462104,-0.35997890986586545,0.0471467109851182,0.2205840722680646
TIS002.AG,Czechia,Czechia_BellBeaker_oSteppe.AG,4470.0,0.6890332698822021,-0.3781414946027178,0.023473803280154505,0.19092675839435108
TOU001.AG,Czechia,Czechia_N_Rivnac.AG,4712.0,0.6914914846420288,-0.3746171862530495,-0.019577070452886473,0.15852112639275823
TRM003.AG,Czechia,Czechia_EBA_CordedWare.AG,4620.0,0.6700610518455505,-0.3164743036037226,0.09289415951633155,0.22411793784434816
TRM006.AG,Czechia,Czechia_EBA_CordedWare.AG,4644.0,0.7086040377616882,-0.33385465910248957,0.07967346927841788,0.19232669815912512
TUC001.AG,Czechia,Czechia_N_Rivnac_sister.TUC004.AG,4940.0,0.452532947063446,-0.3049731153912839,0.07845832098927344,0.2137375164570379
TUC002.AG,Czechia,Czechia_N_Rivnac_oAnatolia.AG,4932.0,0.4515816271305084,-0.3285187206989968,0.0743725237589292,0.1333397121506709
TUC003.AG,Czechia,Czechia_N_Rivnac_oWHG.AG,4940.0,0.4690721035003662,-0.4184084268744624,0.07537846012933881,0.21376147287776917
TUC004.AG,Czechia,Czechia_N_Rivnac.AG,4940.0,0.4950847923755646,-0.34326008022871274,0.05790509391258365,0.23196613898735588
TUC005.AG,Czechia,Czechia_N_Rivnac.AG,4940.0,0.4510398507118225,-0.4082692060403867,0.02978830011542207,0.19592199848395855
TUC006.AG,Czechia,Czechia_N_Rivnac.AG,4879.0,0.4660664498806,-0.34148772364614866,0.04381095217961084,0.16585061652072067
TUC007.AG,Czechia,Czechia_N_Jordanow.AG,6080.0,0.694922924041748,-0.33389020532394814,0.06404419017693518,0.18791206425120777
VLI004.AG,Czechia,Czechia_N_Jordanow.AG,6141.0,0.5682470798492432,-0.3353766764752676,0.05827934597934425,0.23657646544591987
VLI006.AG,Czechia,Czechia_N_TRB.AG,5661.0,0.0682790875434875,-0.3409509668642896,0.04809702740352338,0.16540550575041646
VLI007.AG,Czechia,Czechia_EBA_CordedWare.AG,4739.0,0.6953965425491333,-0.4324056206464108,0.08108774872053987,0.2226962619466147
VLI008.AG,Czechia,Czechia_EBA_CordedWare_o1.AG,4759.0,0.63707035779953,-0.34772469670309253,0.020927453990474475,0.21131444436777821
VLI009.AG,Czechia,Czechia_EBA_CordedWare_o2.AG,4585.0,0.3850210905075073,-0.39761784995970584,0.02498967839943101,0.16284069123249392
VLI010.AG,Czechia,Czechia_EBA_CordedWare.AG,4483.0,0.5489277243614197,-0.43147770515807515,0.08881895762953587,0.21315446322363987
VLI011.AG,Czechia,Czechia_EBA_CordedWare.AG,4718.0,0.585066020488739,-0.4094397082527515,0.05234071488340312,0.20808375060561554
VLI015.AG,Czechia,Czechia_EBA_CordedWare_father.or.son.VLI011.AG,4725.0,0.0779253765940666,-0.4179813978696916,0.05947859088608165,0.18006218962830023
VLI016.AG,Czechia,Czechia_EBA_CordedWare.AG,4345.0,0.5879272818565369,-0.4265013360031907,0.07923155473224623,0.15445438097555256
VLI017.AG,Czechia,Czechia_EBA_CordedWare.AG,4336.0,0.5816783905029297,-0.37606340288636964,0.1097184191385998,0.1650181794124528
VLI019.AG,Czechia,Czechia_EBA_CordedWare.AG,4500.0,0.3773415088653564,-0.3966990946152717,0.06312670272373931,0.1868221826191498
VLI020.AG,Czechia,Czechia_EBA_CordedWare.AG,4446.0,0.5450161695480347,-0.40911537003760845,0.060116779456846875,0.22876431905218317
VLI022.AG,Czechia,Czechia_BellBeaker.AG,4265.0,0.2312579005956649,-0.4133144191726768,0.03906443159437304,0.21188694287016577
VLI024.AG,Czechia,Czechia_BellBeaker.AG,4150.0,0.5682511329650879,-0.39325004377639394,0.08562108585989364,0.19138459759644838
VLI025.AG,Czechia,Czechia_BellBeaker_oAnatolia2.AG,4150.0,0.0679952278733253,-0.3648831368782706,0.028418679527694477,0.22498875847141683
VLI026.AG,Czechia,Czechia_BellBeaker.AG,4150.0,0.506963849067688,-0.4412061418167229,0.03981594291562377,0.15063878454648186
VLI028.AG,Czechia,Czechia_BellBeaker.AG,4150.0,0.0785093083977699,-0.41252791163725455,0.036211494023063756,0.18975761549770578
VLI029.AG,Czechia,Czechia_BellBeaker.AG,4150.0,0.5974316596984863,-0.3634113652126837,0.030433091393418297,0.1371734804627057
VLI030.AG,Czechia,Czechia_BellBeaker.AG,4150.0,0.150557205080986,-0.3790866410092409,0.034934807730252995,0.19819817355394667
VLI031.AG,Czechia,Czechia_N_GlobularAmphora.AG,4510.0,0.3252147436141968,-0.3716045403829941,0.017288173622157187,0.22570813838436962
VLI032.AG,Czechia,Czechia_N_GlobularAmphora.AG,4682.0,0.2818356454372406,-0.38301237189436277,0.04510705737601548,0.19189496821040278
VLI033.AG,Czechia,Czechia_N_GlobularAmphora_father.or.son.VLI032.AG,4682.0,0.1083313822746276,-0.37013847549223816,0.019568132695948807,0.1847815024231184
VLI039.AG,Czechia,Czechia_EBA_Unetice.AG,4000.0,0.5587224364280701,-0.37889636667095217,0.028404303807959004,0.20695561012162733
VLI042.AG,Czechia,Czechia_EBA_Unetice.AG,3774.0,0.1904067546129226,-0.3947037847080219,0.037944021628338154,0.18721510781374337
VLI045.AG,Czechia,Czechia_EBA_Unetice.AG,3943.0,0.5501888394355774,-0.3615840425325425,0.062331470480460414,0.19357459802424348
VLI046.AG,Czechia,Czechia_EBA_Unetice.AG,3809.0,0.1030865013599395,-0.4031358141992088,0.0857846389811499,0.19148192763334024
VLI047.AG,Czechia,Czechia_EBA_Unetice.AG,3800.0,0.4270133376121521,-0.3896895406564744,0.06721266591555333,0.1465721792462748
VLI050.AG,Czechia,Czechia_EBA_Unetice.AG,3796.0,0.5963708162307739,-0.32300515587774925,-0.018146246073238833,0.12074113962772824
VLI051.AG,Czechia,Czechia_EBA_Unetice_o.AG,3721.0,0.391008049249649,-0.34378634522238904,0.04450639677271471,0.20922492972789536
VLI058.AG,Czechia,Czechia_EBA_Unetice.AG,4066.0,0.3960209786891937,-0.4269450376284191,0.053769241643353186,0.14972371138670773
VLI060.AG,Czechia,Czechia_EBA_Unetice.AG,3930.0,0.3722174763679504,-0.39608442621551115,0.07205233844519351,0.20584001107351654
VLI061.AG,Czechia,Czechia_EBA_Unetice.AG,4000.0,0.5907382965087891,-0.34004466487102314,-0.028259532054963763,0.1690128066344736
VLI064.AG,Czechia,Czechia_EBA_Unetice_mother.or.daughter.VLI058.AG,4018.0,0.273848682641983,-0.3561101534788652,0.07335148049097251,0.180725164632508
VLI065.AG,Czechia,Czechia_EBA_Unetice.AG,3936.0,0.3343079090118408,-0.43534457834266915,0.08530181856052149,0.16067191905186703
VLI067.AG,Czechia,Czechia_EBA_CordedWare.AG,4718.0,0.6063163876533508,-0.43897983675024227,0.08537414364738578,0.17554504309563493
VLI070.AG,Czechia,Czechia_EBA_CordedWare.AG,4351.0,0.2794698774814605,-0.3993331911424908,0.07531786569841423,0.19801012101485918
VLI071.AG,Czechia,Czechia_EBA_CordedWare.AG,4715.0,0.6629419326782227,-0.42684111785853074,0.06636081567992633,0.20481407563702303
VLI076.AG,Czechia,Czechia_EBA_CordedWare.AG,4906.0,0.6340281963348389,-0.41846672673056834,0.09062680457466456,0.1519377676904143
VLI079.AG,Czechia,Czechia_EBA_CordedWare_o3.AG,4623.0,0.4712634682655334,-0.3913170830034746,0.043333577644022576,0.20319817850720198
VLI081.AG,Czechia,Czechia_EBA_CordedWare.AG,4650.0,0.1210717186331749,-0.3798329924645251,0.04593891115631261,0.17718876784290474
VLI085.AG,Czechia,Czechia_EBA_CordedWare.AG,4653.0,0.29871866106987,-0.3479818964604501,0.035148581068105936,0.19274472713668725
VLI088.AG,Czechia,Czechia_EBA_CordedWare.AG,4736.0,0.2068940103054046,-0.3856275177334053,0.028042430019234607,0.1983087833433904
VLI090.AG,Czechia,Czechia_EBA_CordedWare.AG,4768.0,0.3022912144660949,-0.38177789953962804,0.08148450842795145,0.1807395358399046
VLI092.AG,Czechia,Czechia_EBA_CordedWare.AG,4719.0,0.6468950510025024,-0.3681570699782951,0.04183323001853511,0.18320476149420445
VPR001.AG,Czechia,Czechia_N_Rivnac.AG,4756.0,0.6285772919654846,-0.43097782069578944,0.08026112176700492,0.18288555211784924
ZEL001.AG,Czechia,Czechia_EBA_CordedWare.AG,4350.0,0.3004080355167389,-0.3938214670212429,0.056785256153920015,0.21401838038099624
SB379D2_lib.AG.SG,UnitedKingdom,England_N.AG.SG,5533.0,0.511902928352356,-1.5456682187255422,0.03363702511772167,0.5711529813228012
SB415A_lib.AG.SG,UnitedKingdom,Wales_N.AG.SG,5300.0,0.106955885887146,-1.4740126027663796,0.04490934033545747,0.569999703718804
I3025.AG.SG,UnitedKingdom,England_Mesolithic.AG.SG,9257.0,0.0870023295283317,-1.4813829556636091,0.05028417142969402,0.5690374480740275
SB568A_lib.AG.SG,UnitedKingdom,Wales_N.AG.SG,4776.0,0.0977183505892753,-1.4964203535508986,0.08766433422420543,0.6007633630244194
SB570A_lib.AG.SG,UnitedKingdom,Wales_N.AG.SG,4918.0,0.2144292145967483,-1.5750369551504142,0.13278210285077702,0.5614716734948443
SB573A_lib.AG.SG,UnitedKingdom,Wales_N.AG.SG,5600.0,0.4630372822284698,-1.512397781425811,0.04444212566453749,0.5660334704530862
SB577A_lib.AG.SG,UnitedKingdom,Wales_N.AG.SG,5200.0,0.1402523666620254,-1.5176060437532009,0.09997068138608917,0.5547956990003065
SB603A_lib.AG.SG,UnitedKingdom,England_N.AG.SG,5516.0,0.5038178563117981,-1.6716230327126869,0.06812951715999228,0.6080928416439648
I3025_enhanced.AG.SG,UnitedKingdom,England_Mesolithic.AG.SG,9257.0,0.0906470566987991,-1.4360339066723398,0.024050174081986057,0.5249374397034423
I3033.AG.SG,UnitedKingdom,Wales_N.AG.SG,5533.0,0.0985318049788475,-1.493125813041018,0.10322340191910964,0.6041561124633121
I3039.AG.SG,UnitedKingdom,England_N_1d.rel.I6761.AG.SG,5525.0,0.1146549135446548,-1.4654199437278066,0.11083345074344737,0.5906059974322642
I3040.AG.SG,UnitedKingdom,England_N.AG.SG,5525.0,0.1577428579330444,-1.5367158428477956,0.11283117553511142,0.6461506912606235
I3041.AG.SG,UnitedKingdom,Scotland_N_lowEEF.AG.SG,5440.0,0.5759874582290649,-1.4800444818448713,-0.01959430430357757,0.5316749068801969
I5387.AG.SG,UnitedKingdom,England_N.AG.SG,4850.0,0.3378569483757019,-1.5241636915857109,0.0704695626641305,0.6704730233277529
I6746.AG.SG,UnitedKingdom,England_N.AG.SG,5526.0,0.7843842506408691,-1.5341728988626366,0.047224276144048734,0.6115387130158499
I6747.AG.SG,UnitedKingdom,England_N.AG.SG,5528.0,0.997519075870514,-1.500841619167734,0.040441213559706646,0.5968794774327624
I6750.AG.SG,UnitedKingdom,England_N.AG.SG,5650.0,0.4047483801841736,-1.5728791135508815,0.027761164377508866,0.6364304644289175
I6751.AG.SG,UnitedKingdom,England_N.AG.SG,5650.0,0.8210976123809814,-1.5164090806462989,0.05721219143288266,0.6060831056452247
I6753.AG.SG,UnitedKingdom,England_N.AG.SG,5305.0,0.7976720333099365,-1.5048279760493317,0.10470497959270274,0.6599519290842033
I6755.AG.SG,UnitedKingdom,England_N.AG.SG,5528.0,0.4349702596664428,-1.5009799495443976,0.05774023224929551,0.5516320396211868
I6757.AG.SG,UnitedKingdom,England_N.AG.SG,5493.0,0.730705201625824,-1.5493679937394518,0.003607575113704194,0.6512522588774536
I6759.AG.SG,UnitedKingdom,England_N.AG.SG,5527.0,0.6958693861961365,-1.5404886971247767,-0.005253975481423645,0.5863319932130076
I6760.AG.SG,UnitedKingdom,England_N.AG.SG,5781.0,0.6437766551971436,-1.633941690462343,0.12742039443605857,0.5904977876772138
I6761.AG.SG,UnitedKingdom,England_N.AG.SG,5525.0,0.4771450161933899,-1.5318879742271947,0.044605151441832976,0.6339676743386494
I6762.AG.SG,UnitedKingdom,England_N.AG.SG,5700.0,0.5422530174255371,-1.573131279282034,0.1282366963032067,0.6706146030598519
I6764.AG.SG,UnitedKingdom,Scotland_N.AG.SG,5100.0,0.3023106753826141,-1.4597235918837037,0.11008530060452243,0.607735496125925
I6766.AG.SG,UnitedKingdom,Scotland_N.AG.SG,5100.0,0.6452153921127319,-1.5639088906455054,0.08724130106312097,0.5780681513283346
I6767.AG.SG,UnitedKingdom,England_Mesolithic.AG.SG,10280.0,0.9510637521743774,-1.2857797473528632,0.048333569468970994,0.43147472012921023
SB604.SG,UnitedKingdom,England_Medieval_Jewish.SG,768.0,0.9197534918785096,-1.3701772086303399,0.06020674568247231,0.6232748659743281
SB605.SG,UnitedKingdom,England_Medieval_Jewish.SG,768.0,0.832061767578125,-1.4009658413411576,0.12584650541115072,0.5903683194688191
SB606.SG,UnitedKingdom,England_Medieval_Jewish.SG,768.0,0.1103289276361465,-1.5152852561906447,0.1457623664055751,0.6097080460511076
SB671.SG,UnitedKingdom,England_Medieval_Jewish.SG,784.0,0.130349799990654,-1.4936398015440848,0.17626936304863713,0.6144517722193606
SB676.SG,UnitedKingdom,England_Medieval_Jewish.SG,768.0,0.8319312334060669,-1.3411031991128735,0.06462286815817597,0.6121193866460872
SB696.SG,UnitedKingdom,England_Medieval_Jewish.SG,768.0,0.1857677102088928,-1.4702110987266288,0.07697427890348758,0.623223371260285
ATT26.SG,France,France_HautsDeFrance_IA2.SG,2200.0,0.1178195178508758,-1.0317116356172824,-0.8204036926685061,-0.517789752081248
BERG02-2.SG,France,France_GrandEst_MN.SG,5867.0,0.3196722269058227,-0.9784861112297022,-0.8190827581945276,-0.48972441333832556
BERG157-2.SG,France,France_GrandEst_MN.SG,6050.0,0.3187654912471771,-0.9982798106841558,-0.8474060429426956,-0.4739889369841115
BERG157-7.SG,France,France_GrandEst_MN.SG,6112.0,0.253337949514389,-0.966578213304745,-0.8111610595679813,-0.4399181519391606
BES1248.SG,France,France_Occitanie_IA2.SG,2450.0,0.1411639600992202,-0.9825531466036587,-0.7972148116611236,-0.47834731024889493
BFM265.SG,France,France_HautsDeFrance_IA2.SG,2175.0,0.1906078904867172,-1.0110449340070382,-0.8485816237416939,-0.4962189089034216
BIS130.SG,France,France_GrandEst_EBA.SG,3850.0,0.1379896253347396,-0.9550930128270794,-0.7935271026033867,-0.4863561351346868
BIS385.SG,France,France_GrandEst_EBA.SG,3850.0,0.1755650639533996,-0.9794490048339209,-0.8992650371945514,-0.4663299753513659
BLP10.SG,France,France_HautsDeFrance_MN.SG,6065.0,0.1867320090532302,-1.0017517748193105,-0.882337965757219,-0.43066857438369155
BUCH2.SG,France,France_GrandEst_MN.SG,6250.0,0.3280087113380432,-0.9759494436504027,-0.8376727333363123,-0.4978334436447699
CBV95.SG,France,France_HautsDeFrance_LN.SG,4447.0,0.1551605761051178,-0.9690465651762649,-0.809658867157669,-0.5074364790297863
COL11.SG,France,France_GrandEst_IA2.SG,2290.0,0.1254771798849105,-1.000915501085031,-0.8500031729927308,-0.4632240958030362
COL153A.SG,France,France_GrandEst_IA2.SG,2290.0,0.1343838274478912,-0.9643864653073007,-0.8081928081965261,-0.47493796306478714
COL153i.SG,France,France_GrandEst_IA2.SG,2290.0,0.0971409082412719,-1.0103237494254862,-0.8633999519096469,-0.4728872270436399
CRE20D.SG,France,France_Occitanie_MN.SG,6250.0,0.2465310543775558,-0.9992334573216964,-0.8884056723490527,-0.4827236504360791
ERS1164.SG,France,France_GrandEst_IA2.SG,2200.0,0.1777231842279434,-0.95978999100979,-0.8189314041402472,-0.4558951285584403
ERS86.SG,France,France_GrandEst_IA2.SG,2200.0,0.1665708273649215,-0.9584368039747835,-0.8019780518434496,-0.47422459039947734
ERS88.SG,France,France_GrandEst_IA2.SG,2200.0,0.120030365884304,-0.9944834472061218,-0.800075273553839,-0.4173254811014763
Es97-1.SG,France,France_HautsDeFrance_MN.SG,6500.0,0.2754050493240356,-1.009689598432412,-0.8476757297945924,-0.463289570426252
EUG11.SG,France,France_Occitanie_EBA.SG,3882.0,0.1537323594093322,-1.0184725787590114,-0.8454511518050293,-0.45648973399569764
Jeb8.SG,France,France_GrandEst_IA1.SG,2450.0,0.1227659434080123,-0.9686921782757905,-0.7738071194731175,-0.44868037501864044
MDV248.SG,France,France_HautsDeFrance_EN.SG,6963.0,0.1335387378931045,-0.938514781638429,-0.8329937809005552,-0.483326985602123
Mor6.SG,France,France_GrandEst_EN_o.SG,7019.0,0.1628531068563461,-0.9514302066579328,-0.7991727914392813,-0.4953654183434839
NIED.SG,France,France_GrandEst_LBA.SG,2825.0,0.1227205246686935,-0.9768806957466611,-0.7923003622958014,-0.4361112380605341
NOR2B6.SG,France,France_GrandEst_IA1.SG,2700.0,0.1948406100273132,-0.9932454421892294,-0.8548679503332206,-0.4706568541922612
NOR3-15.SG,France,France_GrandEst_IA1.SG,2700.0,0.1139947399497032,-0.9459284343353543,-0.7957247359392197,-0.47292518210603074
NOR3-6.SG,France,France_GrandEst_IA1.SG,2500.0,0.1491922587156295,-0.9615300223809512,-0.8447714718919456,-0.4721076996597235
NOR4.SG,France,France_GrandEst_IA1.SG,2500.0,0.1053614169359207,-1.007471348474368,-0.8393584136583411,-0.45785224404691316
OBE3626-1.SG,France,France_GrandEst_EBA.SG,3774.0,0.2534936666488647,-0.9616175196600539,-0.8641060446011493,-0.49411255775192153
OBE3722.SG,France,France_GrandEst_EBA.SG,3750.0,0.1794182211160659,-0.9660386169745354,-0.8099139008249396,-0.4312519686757199
PECH5.SG,France,France_Occitanie_IA2.SG,2400.0,0.0539061613380909,-1.0271841615061168,-0.851994723258571,-0.48892169666162466
PECH8.SG,France,France_Occitanie_IA2.SG,2400.0,0.1432126015424728,-0.8597173361541427,-0.8536815445447059,-0.4416884799512217
PEI10.SG,France,France_Occitanie_LN.SG,4736.0,0.0536969192326068,-0.9895198449149453,-0.8262983409394369,-0.46103903819712094
PEI2.SG,France,France_Occitanie_LN.SG,4750.0,0.2326009571552276,-0.9708340840922275,-0.832560177644357,-0.46097862407923895
PER503.SG,France,France_Mesolithic.SG,9050.0,0.2997438013553619,-0.9361049010062753,-0.771536339834675,-0.35805548453322456
PER3023.SG,France,France_Mesolithic.SG,9050.0,0.1675027012825012,-0.9625590879166562,-0.771779181856182,-0.34152346975017306
PER3123.SG,France,France_Mesolithic_1d.rel.PER503.SG,9050.0,0.1388403922319412,-0.9445614920572756,-0.7941174237288734,-0.4342654465167025
PEY163.SG,France,France_Occitanie_IA2.SG,2250.0,0.1191366165876388,-0.9837840886386368,-0.8620576951304902,-0.4477423526341803
PEY53.SG,France,France_Occitanie_IA2.SG,2250.0,0.1328023374080658,-1.001538660396995,-0.8927323109809279,-0.5031873710782244
PIR3037AB.SG,France,France_Occitanie_EBA.SG,3995.0,0.0584194958209991,-0.9946570439539378,-0.882238440450899,-0.4647695960951345
PIR3116B.SG,France,France_Occitanie_EBA.SG,4170.0,0.1015731394290924,-0.9490504843200894,-0.857565722417344,-0.46930675321551113
Pir4.SG,France,France_Occitanie_MN.SG,6293.0,0.0768823996186256,-0.9655389213002499,-0.8230778614746728,-0.4563611335384062
Pir6.SG,France,France_Occitanie_MBA.SG,3584.0,0.0734371840953826,-0.9818727952561647,-0.858747554148813,-0.4676647502797139
PSS4170.SG,France,France_GrandEst_EBA.SG,4030.0,0.3613806068897247,-0.9694920905723143,-0.7834945238425384,-0.4359313810623305
PSS4693.SG,France,France_GrandEst_MN.SG,5396.0,0.5527167916297913,-0.9575416749226675,-0.7711898839045089,-0.49235865382431715
PT2.SG,France,France_Occitanie_IA2.SG,2375.0,0.1200441494584083,-0.9625391529738845,-0.87435437080323,-0.473890989755327
QUIN234.SG,France,France_Occitanie_EMBA.SG,3600.0,0.1304033249616623,-0.9348994818847879,-0.8628340390914319,-0.43681428231669495
QUIN58.SG,France,France_Occitanie_EMBA.SG,3600.0,0.1123053878545761,-0.9821539279738742,-0.8104427177386768,-0.4501577707798175
RIX15.SG,France,France_GrandEst_EBA.SG,3600.0,0.1658149659633636,-0.9503038299967559,-0.8301016691489156,-0.49509009030048956
RIX2.SG,France,France_GrandEst_EBA_o.SG,3600.0,0.1804993152618408,-0.9672506261296503,-0.8509352401329792,-0.4789384243854187
RIX4.SG,France,France_GrandEst_EBA.SG,3664.0,0.195993885397911,-0.9455773681569004,-0.8546581741769115,-0.44977274224463987
ROS102.SG,France,France_GrandEst_MN.SG,6600.0,0.1585036069154739,-0.9275325772581442,-0.7855202137497559,-0.5188471027224293
ROS45.SG,France,France_GrandEst_MN.SG,6644.0,0.2586436569690704,-0.925831115390328,-0.8654214651598131,-0.5140352853999514
ROS78.SG,France,France_GrandEst_MN.SG,6600.0,0.3876617550849914,-0.9157261232935248,-0.7909885763644839,-0.4494104024471708
ROS82.SG,France,France_GrandEst_MN.SG,6619.0,0.1019348502159118,-0.9547635341088292,-0.8256211992294905,-0.4577419484660547
Schw72-15.SG,France,France_GrandEst_EN.SG,7025.0,0.2274509668350219,-0.9306626894981209,-0.8168653261498772,-0.4544037955062276
Schw432.SG,France,France_GrandEst_EN.SG,7031.0,0.1536528766155243,-0.9905139048175238,-0.945571900897207,-0.45156152473775657
WET370.SG,France,France_GrandEst_MN.SG,5494.0,0.1762503683567047,-1.0188261009460637,-0.8071571041995241,-0.46515041764947185
WEZ15.SG,Germany,Germany_Tollense_BA.SG,3200.0,0.1713193655014038,-0.3607238360913261,-0.25072022707773517,0.7403777685026808
WEZ35.SG,Germany,Germany_Tollense_BA.SG,3200.0,0.0603245869278907,-0.4169333991195139,-0.1977320394170265,0.7919779883159527
WEZ40.SG,Germany,Germany_Tollense_BA.SG,3200.0,0.0651607066392898,-0.36390761340152533,-0.19132445238810583,0.7176276791035479
WEZ54.SG,Germany,Germany_Tollense_BA.SG,3200.0,0.0551632456481456,-0.3192620240122461,-0.19289061377151404,0.805221786808242
WEZ56.SG,Germany,Germany_Tollense_BA_o2.SG,3200.0,0.081819087266922,-0.3995365483782883,-0.18525228942566105,0.79139879411391
WEZ59.SG,Germany,Germany_Tollense_BA.SG,3200.0,0.081674724817276,-0.36673789602994294,-0.24939701251117363,0.729985692032478
WEZ61.SG,Germany,Germany_Tollense_BA.SG,3200.0,0.0839901939034462,-0.3706016096625738,-0.22055448635031058,0.7682351150338965
WEZ64.SG,Germany,Germany_Tollense_BA.SG,3200.0,0.0932982861995697,-0.29193244787013023,-0.2119997300056561,0.7714855248777498
ANN1.SG,Ireland,Ireland_MN.SG,5405.0,0.7568849921226501,-1.5844207073940548,-0.0717236385418126,0.5533240825999699
ANN2.SG,Ireland,Ireland_MN.SG,5521.0,0.3788897693157196,-1.6246311761519134,-0.035301930762295056,0.5805562242208578
ARD2.SG,Ireland,Ireland_MN.SG,5401.0,0.8714157938957214,-1.590074238025429,-0.07271943979545668,0.5807379460078773
ASH1.SG,Ireland,Ireland_MN.SG,5501.0,0.6256884336471558,-1.6024371552115502,-0.0592818232392697,0.5924336886170829
ASH3.SG,Ireland,Ireland_EN_MN.SG,5609.0,0.7782658934593201,-1.6054468334088006,-0.08440398137889547,0.5620860627129651
BG72.SG,Ireland,Ireland_MN.SG,5467.0,0.7723957300186157,-1.6243752929725566,-0.04977118196132278,0.5707314923851792
CAK530.SG,Ireland,Ireland_LN.SG,4711.0,0.6751234531402588,-1.6101574299118124,-0.07749997994481159,0.5778788729209547
CAK531.SG,Ireland,Ireland_LN.SG,4701.0,0.6378927230834961,-1.6081998497046757,-0.07236009200204899,0.5760404554081091
CAK532.SG,Ireland,Ireland_LN.SG,4892.0,0.8959767818450928,-1.6122741580988704,-0.04058258967549659,0.6095331260433616
CAK533.SG,Ireland,Ireland_LN.SG,4926.0,0.8322880864143372,-1.6206406444333796,-0.04856238887723452,0.5848071047356789
CAK68.SG,Ireland,Ireland_LN.SG,4503.0,0.820529043674469,-1.6689714290185096,-0.06449873845168118,0.5866716515943765
CH448.SG,Ireland,Ireland_MN.SG,5517.0,0.7847719192504883,-1.5888807075342135,-0.06032940974432511,0.5506244618402989
GNM1007.SG,Ireland,Ireland_MN.SG,5288.0,0.5985338091850281,-1.6131134118953288,-0.06022295361533622,0.585833647213143
GNM1076.SG,Ireland,Ireland_MN.SG,5135.0,0.6944476366043091,-1.6257091860180257,-0.07157664040352722,0.5809116529607828
KGH6.SG,Ireland,Ireland_Mesolithic.SG,6658.0,0.6883585453033447,-1.453629398935707,-0.06279897900849243,0.48424235735414123
MB6.SG,Ireland,Ireland_MN.SG,5192.0,0.72725510597229,-1.5663736320530508,-0.07447289906944433,0.5646460094397865
NG10.SG,Ireland,Ireland_MN.SG,5151.0,0.9994209408760072,-1.6091439883990377,-0.06562378036395285,0.5859227601684532
NGZ1.SG,Ireland,Ireland_MN.SG,5024.0,0.4622262716293335,-1.6057238743328728,-0.06314990261356222,0.5838152910172727
PB1327.SG,Ireland,Ireland_MN.SG,5407.0,0.5806548595428467,-1.5468612869820966,-0.04979061150852887,0.5490090414361418
PB1794.SG,Ireland,Ireland_MN.SG,5486.0,0.4692975580692291,-1.612713252568526,-0.04795163471613119,0.5716510391443893
PB186.SG,Ireland,Ireland_MN.SG,5393.0,0.8611149787902832,-1.586486580380841,-0.04380472959519827,0.5602212644578278
PB2031.SG,Ireland,Ireland_MN.SG,5431.0,0.6889441013336182,-1.6022889384460322,-0.06792729767792044,0.5700892076827792
PB357.SG,Ireland,Ireland_EN_MN.SG,5545.0,0.8817911744117737,-1.6264699753101397,-0.07657973755500411,0.5723160676355893
PB443.SG,Ireland,Ireland_MN.SG,5474.0,0.9150884747505188,-1.5921330292662448,-0.05977935224714424,0.5663682415181022
PB581.SG,Ireland,Ireland_MN.SG,5413.0,0.8592066764831543,-1.6014729207000689,-0.06888563839233038,0.5676979678555109
PB672.SG,Ireland,Ireland_MN.SG,5442.0,0.9150454998016356,-1.607770435442616,-0.05148201957115822,0.5875943839468771
PB675.SG,Ireland,Ireland_MN.SG,5171.0,0.9994290471076964,-1.692084353426143,-0.044713472608133964,0.6606057816695855
PB754.SG,Ireland,Ireland_MN.SG,5375.0,0.4224261939525604,-1.5412259867493903,-0.04609157454913218,0.5653883957792335
PB768.SG,Ireland,Ireland_MN.SG,5475.0,0.6976609230041504,-1.576134267636925,-0.07401130908974808,0.5705404380315452
PN02.SG,Ireland,Ireland_EN_MN.SG,5546.0,0.746553361415863,-1.5000475120249492,-0.05445041720067582,0.5664074048000559
PN03.SG,Ireland,Ireland_MN.SG,5460.0,0.7418275475502014,-1.6041918813565934,-0.06663299628364878,0.5881627039092514
PN04.SG,Ireland,Ireland_EN.SG,5742.0,0.7493084073066711,-1.6110904138624351,-0.06106292288541529,0.5658976689582176
PN05.SG,Ireland,Ireland_EN.SG,5729.0,0.6911224722862244,-1.6130389583882123,-0.04346693508671003,0.581934797648546
PN06.SG,Ireland,Ireland_MN.SG,5459.0,0.7374488115310669,-1.6096692392321046,-0.05792909357318194,0.5777625291551729
PN07.SG,Ireland,Ireland_MN.SG,5410.0,0.7498290538787842,-1.6131053920520098,-0.05757667985038101,0.5723245456295193
PN107.SG,Ireland,Ireland_EN.SG,5705.0,0.799787163734436,-1.6263543006773975,-0.04136314432422066,0.5856534421005475
PN10_PN113.SG,Ireland,Ireland_EN.SG,5746.0,0.8894472122192383,-1.5893038068087975,-0.08252277415188836,0.54719244722711
PN112.SG,Ireland,Ireland_EN_MN.SG,5558.0,0.6232326626777649,-1.6190648697652863,-0.054572281035516874,0.5741913355536976
PN12.SG,Ireland,Ireland_MN.SG,5383.0,0.6210388541221619,-1.5974628960795738,-0.05702919498439823,0.5867083804193385
PN13.SG,Ireland,Ireland_EN_MN.SG,5572.0,0.5578886866569519,-1.560752211885892,-0.09669366617200267,0.5398562790022569
PN16.SG,Ireland,Ireland_MN.SG,5442.0,0.4596342444419861,-1.622747442799568,-0.06929836541112186,0.5785776145126827
SRA62.SG,Ireland,Ireland_Mesolithic.SG,6001.0,0.9991378784179688,-1.3387109337628003,-0.06046940634285162,0.4349111491078118
DER002.SG,Germany,Germany_Saxony_LBK_N.SG,7100.0,0.8826849460601807,-0.31484031843988747,-0.20834039518936937,0.7526901929208372
DER002.AG,Germany,Germany_Saxony_LBK_N.AG,7100.0,0.6306754350662231,-0.20802458059206697,-0.2705125029211231,0.7302629393783652
DER003.AG,Germany,Germany_Saxony_LBK_N.AG,7100.0,0.4008684456348419,-0.2660493173650224,-0.21144391896487444,0.7252185518700003
DER004.AG,Germany,Germany_Saxony_LBK_N.AG,7100.0,0.1681336760520935,-0.33816536941697684,-0.1891342825950289,0.7861867924886666
DER005.AG,Germany,Germany_Saxony_LBK_N.AG,7053.0,0.3655890226364136,-0.3832817662141602,-0.22450805555414657,0.7703982898908937
DER006.AG,Germany,Germany_Saxony_LBK_N.AG,7100.0,0.3850673139095306,-0.28244825099246246,-0.23274009137514995,0.7423370647402601
DER007.AG,Germany,Germany_Saxony_LBK_N.AG,7100.0,0.5578359961509705,-0.2823055144442667,-0.1914543338145177,0.7382167694262931
DER009.SG,Germany,Germany_Saxony_LBK_N.SG,7028.0,0.8805316686630249,-0.3558594070712741,-0.254566752979915,0.7408073111602492
DER009.AG,Germany,Germany_Saxony_LBK_N.AG,7028.0,0.6662784814834595,-0.3096750888624701,-0.1964225545858121,0.7691838373697714
DER010.AG,Germany,Germany_Saxony_LBK_N.AG,6966.0,0.4755067527294159,-0.3171288404077452,-0.2525566297461224,0.7364293868730387
DER011.AG,Germany,Germany_Saxony_LBK_N_son.DER022.AG,7100.0,0.3508040904998779,-0.23851619151182574,-0.28549116595710355,0.7324086650156637
DER012.AG,Germany,Germany_Saxony_LBK_N.AG,7100.0,0.4732683300971985,-0.336835287808067,-0.20586988743548185,0.7851553350307234
DER013.AG,Germany,Germany_Saxony_LBK_N.AG,7100.0,0.5988233685493469,-0.35300095867539855,-0.27204679318526565,0.7405033814102255
DER014.AG,Germany,Germany_Saxony_LBK_N_brother.DER015.AG,6854.0,0.3653570413589477,-0.3545677964251023,-0.19445049871888723,0.8023979702940511
DER015.AG,Germany,Germany_Saxony_LBK_N.AG,7100.0,0.4467657804489136,-0.3174049083708139,-0.23428800420688856,0.7535364234360432
DER017.AG,Germany,Germany_Saxony_LBK_N.AG,7100.0,0.1664775609970092,-0.3461266366686663,-0.235254738710152,0.7390119474797937
DER018.AG,Germany,Germany_Saxony_LBK_N.AG,7100.0,0.3547959327697754,-0.27316852978753736,-0.23626847910995943,0.7834359288086385
DER019.AG,Germany,Germany_Saxony_LBK_N_1d.rel.DER018.AG,7100.0,0.1939071267843246,-0.29241823479419604,-0.2367745762650385,0.8112835271164411
DER020.AG,Germany,Germany_Saxony_LBK_N.AG,6985.0,0.0878660678863525,-0.23457619870857765,-0.20029548576181178,0.7732354083374805
DER021.AG,Germany,Germany_Saxony_LBK_N.AG,7100.0,0.3647390604019165,-0.24463513043537005,-0.19331382312968715,0.8337958038143499
DER022.AG,Germany,Germany_Saxony_LBK_N.AG,7058.0,0.5166304111480713,-0.2614689470735343,-0.22476584409605288,0.7466663811687673
DER023.AG,Germany,Germany_Saxony_LBK_N.AG,7100.0,0.611291229724884,-0.29161832826923134,-0.21255691761526166,0.752592221120019
DER024.AG,Germany,Germany_Saxony_LBK_N.AG,7047.0,0.4755570292472839,-0.2604287640041081,-0.21918958303121142,0.6983125902095166
DER026.AG,Germany,Germany_Saxony_LBK_N.AG,7100.0,0.3358666896820068,-0.30777561008126686,-0.22218007577114876,0.7618469294675027
DER028.AG,Germany,Germany_Saxony_LBK_N.AG,7100.0,0.602429986000061,-0.3208847336606333,-0.215814600745319,0.7693209892138753
DER029.AG,Germany,Germany_Saxony_LBK_N.AG,7100.0,0.3142359554767608,-0.34423319075727593,-0.2126394592071824,0.7752862715058702
DER030.AG,Germany,Germany_Saxony_LBK_N.AG,7100.0,0.2318402230739593,-0.3256646714481125,-0.23769265763795258,0.7506705436091823
DER031.AG,Germany,Germany_Saxony_LBK_N.AG,7047.0,0.1846663355827331,-0.3384054765591113,-0.2538163366472502,0.6996943456583178
DER032.AG,Germany,Germany_Saxony_LBK_N.AG,7172.0,0.544405460357666,-0.3226476915043949,-0.21546853641975833,0.744612085461596
DER033.AG,Germany,Germany_Saxony_LBK_N.AG,7100.0,0.5932264924049377,-0.3015087906180492,-0.21474883648693452,0.7364639524905295
DER034.AG,Germany,Germany_Saxony_LBK_N.AG,7100.0,0.4730428755283355,-0.3115763831678646,-0.16850501248878794,0.7909067651057364
DER035.AG,Germany,Germany_Saxony_LBK_N.AG,7100.0,0.3307945728302002,-0.29513092496993476,-0.17259138112642616,0.7810147438161675
DER036.AG,Germany,Germany_Saxony_LBK_N.AG,7100.0,0.5844123363494873,-0.3496249064883146,-0.2585868591963319,0.7527217779934177
DER037.AG,Germany,Germany_Saxony_LBK_N.AG,7053.0,0.1214812844991684,-0.27802335630849934,-0.1875349213568197,0.7513331197164603
ajv28.SG,Sweden,Sweden_Gotland_Ajvide_PittedWare_BattleAxe.SG,4829.0,0.6451570391654968,-0.9114464061545866,2.421218367690536,-0.5883702473767353
ajv36.SG,Sweden,Sweden_Gotland_Ajvide_PittedWare_BattleAxe.SG,4924.0,0.5071552395820618,-0.9472143572226166,2.47721958960084,-0.5866438628795828
hem001.SG,Sweden,Sweden_Gotland_Hemmor_PittedWare_BattleAxe_minus.SG,4929.0,0.1416027247905731,-0.904482085439898,2.3999438854578132,-0.5987086927389708
hem004.SG,Sweden,Sweden_Gotland_Hemmor_PittedWare_BattleAxe_minus.SG,5145.0,0.5074253082275391,-0.9293816331694059,2.4497893522058916,-0.600864297270408
hem005.SG,Sweden,Sweden_Gotland_Hemmor_PittedWare_BattleAxe_minus.SG,5178.0,0.8792737722396851,-0.897062091738529,2.4198954890549924,-0.5807545167047837
vbj001.SG,Sweden,Sweden_Gotland_Vasterbjers_PittedWare_BattleAxe_minus.SG,4675.0,0.943806767463684,-0.8308084361342697,2.2822557263089043,-0.5085147685458379
vbj002.SG,Sweden,Sweden_Gotland_Vasterbjers_PittedWare_BattleAxe_minus.SG,4780.0,0.1061708182096481,-0.9193572441959228,2.4600348100394176,-0.5802256643739055
vbj004.SG,Sweden,Sweden_Gotland_Vasterbjers_PittedWare_BattleAxe_minus.SG,4702.0,0.974264681339264,-0.8117221449689594,2.342081476531145,-0.5210258521087372
vbj006_nonUDG.SG,Sweden,Sweden_Gotland_Vasterbjers_PittedWare_BattleAxe.SG,4898.0,0.9415991306304932,-0.8745555538168733,2.375898694024855,-0.5245519588089774
vbj007.SG,Sweden,Sweden_Gotland_Vasterbjers_PittedWare_BattleAxe_minus.SG,4469.0,0.1169095560908317,-0.9481467769856099,2.465729408842296,-0.5675428626690361
vbj008.SG,Sweden,Sweden_Gotland_Vasterbjers_PittedWare_BattleAxe.SG,4663.0,0.5677328705787659,-0.9176162148773397,2.4393416488634934,-0.5540026816899198
vbj012.SG,Sweden,Sweden_Gotland_Vasterbjers_PittedWare_BattleAxe.SG,4933.0,0.8187707662582397,-0.9279230385649624,2.4232807146593283,-0.5834356853305229
vbj013.SG,Sweden,Sweden_Gotland_Vasterbjers_PittedWare_BattleAxe.SG,4778.0,0.9284030199050904,-0.8812210965814113,2.3521230780011058,-0.5347055113404395
vbj014.SG,Sweden,Sweden_Gotland_Vasterbjers_PittedWare_BattleAxe_minus.SG,4802.0,0.0532678887248039,-0.9385687877209987,2.449848123303174,-0.5911090024575939
vbj018.SG,Sweden,Sweden_Gotland_Vasterbjers_PittedWare_BattleAxe.SG,4868.0,0.7728272080421448,-0.9016253611083898,2.4065603072290953,-0.5991588329900542
vbj017.SG,Sweden,Sweden_Gotland_Vasterbjers_PittedWare_BattleAxe.SG,4864.0,0.0646797716617584,-0.8797684152213162,2.38586496653627,-0.5948757004740617
DA136.SG,Russia,Russia_Sarmatian.SG,2300.0,0.3169179856777191,-0.1009817445691511,0.690716189814141,-0.28382609966581734
MA2195.SG,Turkey,Turkey_Central_Kalehoyuk_Ottoman_A.SG,450.0,0.5651927590370178,1.4584339150340324,-0.5374192145388257,0.8058008257676981
MA2196.SG,Turkey,Turkey_Central_Kalehoyuk_Ottoman_B.SG,450.0,0.2281484454870224,1.4579480026247913,-0.6050562747341183,0.9247931924534151
MA2197.SG,Turkey,Turkey_Central_Kalehoyuk_IA.SG,2133.0,0.1066558063030242,1.4476017865340844,-0.6150749268348165,0.9525578828135275
MA2198.SG,Turkey,Turkey_Central_Kalehoyuk_IA.SG,2133.0,0.4067775309085846,1.4528077454454167,-0.5793337705284675,0.9057363989084422
MA2200.SG,Turkey,Turkey_Central_Kalehoyuk_OldHittitePeriod.SG,3575.0,0.8752560019493103,1.430504476563349,-0.5967364432517891,0.9740413108512131
MA2203.SG,Turkey,Turkey_Central_Kalehoyuk_OldHittitePeriod.SG,3575.0,0.2783782482147217,1.4440182896061033,-0.5914117769346762,0.9452454055078547
MA2205.SG,Turkey,Turkey_Central_Kalehoyuk_AssyrianColonyPeriod.SG,3825.0,0.5459707379341125,1.4341060149624412,-0.5995693154504828,0.9341991917919678
MA2206.SG,Turkey,Turkey_Central_Kalehoyuk_AssyrianColonyPeriod.SG,3825.0,0.3494302034378052,1.4489909497788014,-0.5867144470628634,0.9636852463236876
MA2208.SG,Turkey,Turkey_Central_Kalehoyuk_AssyrianColonyPeriod.SG,3825.0,0.1025317683815956,1.4465185568870753,-0.5955745564863548,0.9344309473357836
MA2210.SG,Turkey,Turkey_Central_Ovaoren_EBA_II.SG,4575.0,0.5849176049232483,1.4579872251843882,-0.6190332541109569,0.9851751794491336
MA2212.SG,Turkey,Turkey_Central_Ovaoren_EBA_II.SG,4575.0,0.596972644329071,1.4539398902560194,-0.5885531976561182,0.9438782075409923
MA2213.SG,Turkey,Turkey_Central_Ovaoren_EBA_II.SG,4575.0,0.6816748976707458,1.4229828108472253,-0.5263064944231592,0.8903549019327379
Falkenstein.AG,Germany,Germany_Mesolithic.AG,9161.0,0.1390301585197448,-0.37786485351218696,-0.2228546366900247,0.7455968143964313
Iboussieres25-1.AG,France,France_Mesolithic.AG,11675.0,0.0595946684479713,-0.9673677200600798,-0.8264087139977627,-0.44590192366766024
Iboussieres31-2.AG,France,France_Mesolithic.AG,11675.0,0.0607365854084491,-0.990522079847075,-0.7794953341290934,-0.4581121384597038
Rochedane.AG,France,France_Mesolithic.AG,13027.0,0.1264325678348541,-0.961653936930391,-0.8540567202442887,-0.4210940817762757
DA111.SG,Czechia,Czechia_IA_Hallstatt.SG,2752.0,0.562419056892395,-0.3893890206942032,0.03471869765609505,0.17321276328435906
DA112.SG,Czechia,Czechia_IA_Hallstatt.SG,2507.0,0.3309210836887359,-0.36499451778984465,0.04458316864413982,0.1949507474718507
DA119.SG,Slovakia,Slovakia_Poprad.SG,1600.0,0.5375223159790039,1.134011067133104,0.13286492358007274,0.3236365476628455
DA134.SG,Russia,Russia_Sarmatian.SG,2300.0,0.3715232610702514,-0.09503479832309213,0.7336016985481354,-0.29684047386711304
DA139.SG,Russia,Russia_Sarmatian.SG,2300.0,0.5487638711929321,-0.14206945193280268,0.7326417671825692,-0.2734880071306135
DA141.SG,Russia,Russia_Sarmatian.SG,2300.0,0.3620683550834656,-0.1066798761028938,0.6699810139333404,-0.2630731152782043
DA142.SG,Russia,Russia_Medieval_Nomad.SG,1000.0,0.7010745406150818,-0.00170435434073409,0.698043016785611,-0.3328690448678099
DA143.SG,Russia,Russia_Sarmatian.SG,2300.0,0.4573422968387604,-0.02696733258313931,0.689836145065453,-0.26233178640732074
DA145.SG,Russia,Russia_Sarmatian.SG,2300.0,0.149601012468338,-0.1188961242075963,0.7364611340930568,-0.2789832236878892
DA146.SG,Russia,Russia_Alan.SG,1300.0,0.2225799709558487,-0.13067068631577364,0.746734737322041,-0.2698087702324899
DA160.SG,Russia,Russia_Alan.SG,1300.0,0.3884833455085754,-0.1067114500071166,0.7480986811706669,-0.29233568799661475
DA161.SG,Russia,Russia_Alan_o.SG,1300.0,0.1236321106553077,-0.03562926356904366,0.6930818469035682,-0.3209773156903179
DA162.SG,Russia,Russia_Alan.SG,1300.0,0.8706704378128052,-0.061460265002796347,0.7142523090992543,-0.30581190609575976
DA164.SG,Russia,Russia_Alan.SG,850.0,0.6702589392662048,-0.1242294643930681,0.685039138487796,-0.2554009241664415
DA171.SG,Lithuania,Lithuania_LateAntiquity.SG,1600.0,0.1275607049465179,-0.5426041271536612,0.26952472006811434,0.11626107537791974
DA190.SG,Russia,Russia_SaltovoMayaki.SG,1263.0,0.0835644081234932,-0.10849530633599384,0.7122221718695385,-0.2613250491521654
DA191.SG,Hungary,Hungary_IA_Scythian.SG,2472.0,0.5372830629348755,1.5734290016627432,0.16288480060684504,-1.0293472351028123
DA194.SG,Hungary,Hungary_IA_Scythian.SG,2328.0,0.5237860679626465,1.7214595293263832,0.1005030814986682,-1.097024361199167
DA195.SG,Hungary,Hungary_IA_Scythian_oAegean.SG,2572.0,0.576678454875946,1.6224442422300427,0.17074349973575134,-1.0772191659034862
DA197.SG,Hungary,Hungary_IA_Scythian.SG,2426.0,0.3756845891475677,1.6797583147513127,0.07844335684451054,-0.9998083808387106
DA198.SG,Hungary,Hungary_IA_Scythian_oAegean.SG,2441.0,0.4817986488342285,1.6457829967235793,0.03218426473322023,-0.9919573463184975
DA199.SG,Hungary,Hungary_Medieval.SG,703.0,0.3875644505023956,1.6782993639765944,0.08606891950830718,-1.0531110107861426
DA243.SG,Russia,Russia_Alan.SG,1050.0,0.9541375637054444,-0.03947825561029787,0.6250848017053883,-0.27088730645624387
CAM001.AG,Italy,Italy_Tuscany_Siena_Etruscan.AG,2597.0,0.7662887573242188,-0.06575766971054332,-0.7520914314215899,0.3905426337803807
CAM002.AG,Italy,Italy_Tuscany_Siena_Etruscan.AG,2589.0,0.6501553654670715,-0.12653845740031774,-0.6988607929589035,0.39305447705092766
CAM003.AG,Italy,Italy_Tuscany_Siena_Etruscan.AG,2594.0,0.506273627281189,-0.07210122315162162,-0.7427377832463172,0.4339795180637849
CSN001.AG,Italy,Italy_Tuscany_Grosseto_Etruscan.AG,2350.0,0.618381142616272,-0.004411100119655839,-0.7281838721010171,0.3972807245234199
CSN003.AG,Italy,Italy_Tuscany_Grosseto_Etruscan.AG,2231.0,0.3898377418518066,-0.06901510460460314,-0.724818817233475,0.3521515706675568
CSN004.AG,Italy,Italy_Tuscany_Grosseto_Etruscan.AG,2350.0,0.394154816865921,-0.10051640737230415,-0.7217437366219117,0.38652085804691305
CSN005.AG,Italy,Italy_Tuscany_Grosseto_Etruscan.AG,2350.0,0.0729092061519622,-0.10082937222186364,-0.729684002650019,0.3961846693736639
CSN006.AG,Italy,Italy_Tuscany_Grosseto_Etruscan.AG,2396.0,0.530823290348053,-0.13413644853968076,-0.7351695054877815,0.3862181498621152
CSN008.AG,Italy,Italy_Tuscany_Grosseto_Etruscan.AG,2350.0,0.1921334117650985,-0.09807862898483642,-0.7139954570363163,0.4145448189950689
CSN009.AG,Italy,Italy_Tuscany_Grosseto_Etruscan.AG,2300.0,0.2223999202251434,-0.053007984872833556,-0.739665798739166,0.40025257494614574
CSN010.AG.SG,Italy,Italy_Tuscany_Etruscan.AG.SG,2263.0,0.166376993060112,-0.03648167250875911,-0.729686437528198,0.3920932468643678
CSN013.AG,Italy,Italy_Tuscany_Grosseto_Etruscan.AG,2350.0,0.5640362501144409,-0.061589707419628006,-0.6950138871129566,0.4104063335768467
ETR003.AG,Italy,Italy_Tuscany_Siena_EarlyMedieval.AG,877.0,0.2245458960533142,-0.09280891787745195,-0.7027754362197798,0.43548156014956685
ETR005.AG,Italy,Italy_Tuscany_Siena_Etruscan.AG,2737.0,0.1214269399642944,-0.058031119721212984,-0.7187045461169008,0.4075215711583002
ETR007.AG,Italy,Italy_Tuscany_Siena_EarlyMedieval.AG,1088.0,0.4625693261623382,-0.047102171037229495,-0.7350133237299485,0.40504380364882236
ETR010.AG,Italy,Italy_Tuscany_Siena_EarlyMedieval.AG,1000.0,0.5650556683540344,-0.08050205223701036,-0.7314937153769923,0.4092537974234886
ETR013.AG,Italy,Italy_Tuscany_Siena_EarlyMedieval.AG,982.0,0.5497452020645142,-0.04695562066366093,-0.7131978583913735,0.4063710240525845
ETR014.AG,Italy,Italy_Tuscany_Siena_EarlyMedieval.AG,944.0,0.3001249730587005,-0.04483352495531317,-0.6907260867386179,0.4154498784727856
MAG001.AG,Italy,Italy_Tuscany_Grosseto_Etruscan.AG,2617.0,0.4701329171657562,-0.013821603965589254,-0.7349085752429507,0.4244710579891294
MAS001.AG,Italy,Italy_Tuscany_Grosseto_Etruscan_oLevant.AG,2136.0,0.358416348695755,-0.0605417574129338,-0.7112259824949229,0.3750265305134629
MAS002.AG,Italy,Italy_Tuscany_Grosseto_Imperial.AG,1638.0,0.3015256226062774,-0.016619859989017067,-0.7321199514828258,0.4109303766892737
MAS004.AG,Italy,Italy_Tuscany_Grosseto_Etruscan.AG,2675.0,0.0985455960035324,-0.059014165191103314,-0.69963951300277,0.4073649546602664
POP001.AG,Italy,Italy_Tuscany_Grosseto_EarlyMedieval.AG,1089.0,0.6886123418807983,-0.09392051623925189,-0.7191313253531265,0.4784763942764356
PRZ001.AG,Italy,Italy_Tuscany_Siena_Etruscan.AG,2610.0,0.5958217978477478,-0.10599664209319007,-0.6539306921745486,0.45573787452819325
PRZ002.AG,Italy,Italy_Tuscany_Siena_Etruscan.AG,2579.0,0.618727445602417,-0.07006424031134677,-0.746830109231259,0.43100048907968636
TAQ001.AG,Italy,Italy_Lazio_Viterbo_Etruscan_sister.TAQ024.TAQ017.AG,2175.0,0.6833926439285278,-0.05769861469288202,-0.6923265630724459,0.3845034332038127
TAQ002.AG,Italy,Italy_Lazio_Viterbo_Etruscan.AG,1960.0,0.7032431960105896,-0.11346002273349043,-0.7373808497820005,0.4085221300731691
TAQ003.AG,Italy,Italy_Lazio_Viterbo_EarlyMedieval.AG,1109.0,0.6065986156463623,-0.1273128758599115,-0.7125033239419768,0.47990732893756216
TAQ004.AG,Italy,Italy_Lazio_Viterbo_Etruscan.AG,2151.0,0.6565843224525452,-0.025775978391525615,-0.7041882603069932,0.45615125310595167
TAQ005.AG,Italy,Italy_Lazio_Viterbo_Etruscan_father.TAQ018.TAQ015.AG,2143.0,0.6960453987121582,-0.023392558419297372,-0.7212379990730111,0.4709401999899317
TAQ006.AG,Italy,Italy_Lazio_Viterbo_Etruscan.AG,2151.0,0.270803302526474,-0.045175717691807046,-0.7385890068238612,0.4051771150809564
TAQ007.AG,Italy,Italy_Lazio_Viterbo_Etruscan.AG,2240.0,0.6007211804389954,0.0052174945344386605,-0.7301498326307732,0.4430700200464089
TAQ008.AG,Italy,Italy_Lazio_Viterbo_Etruscan.AG,2151.0,0.4187985062599182,-0.09453820138105243,-0.6955339766237483,0.37299551049913837
TAQ009.AG,Italy,Italy_Lazio_Viterbo_EarlyMedieval.AG,972.0,0.7271229028701782,-0.12155383974514619,-0.7272748383062397,0.34410989974633654
TAQ010.AG,Italy,Italy_Lazio_Viterbo_Etruscan.AG,2151.0,0.5317575931549072,-0.0537532555555208,-0.6909347280576448,0.37929356333964453
TAQ011.AG,Italy,Italy_Lazio_Viterbo_EarlyMedieval.AG,991.0,0.6508511900901794,-0.07042103422162121,-0.7478387197005403,0.46127576630969563
TAQ012.AG,Italy,Italy_Lazio_Viterbo_Etruscan.AG,2151.0,0.5405101180076599,-0.07371221386461263,-0.7338730269307029,0.4174598475315358
TAQ013.AG,Italy,Italy_Lazio_Viterbo_Etruscan.AG,2151.0,0.3863552212715149,-0.04402085423470733,-0.707577686724521,0.4258331980501073
TAQ015.AG,Italy,Italy_Lazio_Viterbo_Etruscan.AG,2096.0,0.7199202179908752,-0.03179428738905159,-0.7203377586031433,0.41377984399029005
TAQ016.AG,Italy,Italy_Lazio_Viterbo_Etruscan.AG,2151.0,0.7016835808753967,-0.07399918584326513,-0.7800060737795231,0.4040355419401254
TAQ017.AG,Italy,Italy_Lazio_Viterbo_Etruscan_brother.TAQ024.TAQ001.AG,2175.0,0.6748428344726562,0.008742640343470963,-0.6583968545349683,0.4007352517368281
TAQ018.AG,Italy,Italy_Lazio_Viterbo_Etruscan_son.TAQ005.brother.TAQ015.AG,2143.0,0.7068076133728027,-0.05720837787078206,-0.651704137869488,0.3796127582832202
TAQ019.AG,Italy,Italy_Lazio_Viterbo_Etruscan.AG,2173.0,0.7471267580986023,-0.09343950881811973,-0.7090388804668105,0.3653181670477088
TAQ020.AG,Italy,Italy_Lazio_Viterbo_Imperial.AG,1754.0,0.0868798643350601,-0.050461564210034955,-0.7560138505060517,0.37672987982738726
TAQ021.AG,Italy,Italy_Lazio_Viterbo_Imperial.AG,1564.0,0.2774431407451629,-0.07320627735745965,-0.6810603610401764,0.41041860649038797
TAQ022.AG,Italy,Italy_Lazio_Viterbo_EarlyMedieval.AG,859.0,0.5158640146255493,-0.10327536243007764,-0.7124854161440787,0.41417727837375307
TAQ023.AG,Italy,Italy_Lazio_Viterbo_Etruscan.AG,2265.0,0.6543734669685364,-0.05705696909953694,-0.7041158884122151,0.3887775268499674
TAQ024.AG,Italy,Italy_Lazio_Viterbo_Etruscan.AG,2167.0,0.710612952709198,0.056517584948243306,-0.7806284259434793,0.357947876465551
VEN001.AG,Italy,Italy_Basilicata_Venosa.AG,1225.0,0.5148964524269104,-0.06841708634855642,-0.7759202805559011,0.45845055163950765
VEN005.AG,Italy,Italy_Basilicata_Venosa.AG,1250.0,0.1851497143507003,-0.05019202784337448,-0.7307465526351613,0.4106666093005686
VEN006.AG,Italy,Italy_Basilicata_Venosa.AG,1250.0,0.3921864628791809,-0.08551161364602353,-0.7241084449883642,0.3859218259970784
VEN008.AG,Italy,Italy_Basilicata_Venosa.AG,1250.0,0.0697527080774307,-0.07584167941895872,-0.6965366317307861,0.4030368346440614
VEN009.AG,Italy,Italy_Basilicata_Venosa.AG,1250.0,0.0842862129211425,-0.05915672661820136,-0.7237771610224699,0.40580203027957523
VEN010.AG,Italy,Italy_Basilicata_Venosa.AG,1250.0,0.0898254960775375,-0.1385437711887844,-0.7016628472295269,0.37055715799157707
VEN012.AG,Italy,Italy_Basilicata_Venosa.AG,1250.0,0.1612586379051208,-0.0568664261139774,-0.6637072123871489,0.40379743710921956
VEN013.AG,Italy,Italy_Basilicata_Venosa.AG,1250.0,0.4684403240680694,-0.11147835727297896,-0.7511469773438472,0.3652033591174911
VEN015.AG,Italy,Italy_Basilicata_Venosa.AG,1250.0,0.7307473421096802,0.08895199666848194,-0.7313707993043232,0.42181578994898034
VEN016.AG,Italy,Italy_Basilicata_Venosa.AG,1250.0,0.3522485196590423,-0.052066183586325004,-0.7744754846569509,0.40535934091386433
VEN018.AG,Italy,Italy_Basilicata_Venosa.AG,1250.0,0.0531713776290416,-0.034222520062698436,-0.7183998890130642,0.3898264276034486
VET001.AG,Italy,Italy_Tuscany_Grosseto_Etruscan.AG,2500.0,0.1513414680957794,-0.09000286254855633,-0.717019848657542,0.39136504914208936
VET002.AG,Italy,Italy_Tuscany_Grosseto_Etruscan.AG,2614.0,0.5306829810142517,-0.11602879638519982,-0.6787762993292326,0.3969464169172251
VET003_4.AG,Italy,Italy_Tuscany_Grosseto_Etruscan.AG,2705.0,0.7889227271080017,-0.1107586870500711,-0.7668706703841691,0.3915542352592535
VET005.AG,Italy,Italy_Tuscany_Grosseto_Etruscan_oSteppe.AG,2226.0,0.5669980645179749,-0.06220536034322474,-0.7088631533555223,0.4365258410354212
VET006_9.AG,Italy,Italy_Tuscany_Grosseto_Etruscan_oEastMed.AG,2225.0,0.6116148233413696,-0.0880011864737121,-0.7642554571239262,0.37258071180080116
VET007.AG,Italy,Italy_Tuscany_Grosseto_Etruscan.AG,2721.0,0.6409680843353271,-0.1023766509246948,-0.7047425780323191,0.3737218412971625
VET008.AG,Italy,Italy_Tuscany_Grosseto_Etruscan_oEastMed.AG,2229.0,0.6441359519958496,-0.11275110757708429,-0.7581062638584429,0.44994387747362824
VET010.AG,Italy,Italy_Tuscany_Grosseto_Etruscan.AG,2603.0,0.3417271375656128,-0.09046883370255811,-0.7567060056579951,0.3804799581324309
VEU001.AG,Italy,Italy_Tuscany_Grosseto_Etruscan.AG,2615.0,0.2035404294729232,-0.08969272110391198,-0.7580357010619343,0.3763683664649531
VOL001.AG,Italy,Italy_Tuscany_Pisa_Etruscan.AG,2072.0,0.7562742829322815,-0.06744507667208069,-0.7857629416214542,0.41008668982370755
KFH2_KFH002.A0101.AG,Israel,Israel_Middle_Late_PPNB.AG,9591.0,0.1110685765743255,1.4267383483701812,-1.0255629988762345,1.9134583218962042
ZBC_IPB001.B-C0101_Luk2-Pinarbasi.AG,Turkey,Turkey_Central_Pinarbasi_Epipaleolithic.AG,15411.0,0.7569952607154846,1.469940168908507,-0.5925616523429084,0.9528551348247967
ZHAG_BON004.A0101_Luk10.AG,Turkey,Turkey_Central_Boncuklu_PPN.AG,9900.0,0.6923032999038696,1.477235476555494,-0.6011763282749069,0.9520132618966123
ZHAJ_BON034.A0101_Luk9.AG,Turkey,Turkey_Central_Boncuklu_PPN.AG,9900.0,0.4563350081443786,1.5272408673042224,-0.5803441029203732,0.9296490244620456
ZHJ_BON024.A0101_Luk84.AG,Turkey,Turkey_Central_Boncuklu_PPN.AG,10190.0,0.4966411590576172,1.4346440424804359,-0.596786935250944,0.9617393435113293
ZKO_BON001.A0101_Luk7.AG,Turkey,Turkey_Central_Boncuklu_PPN.AG,9900.0,0.5407655835151672,1.4427043301028262,-0.5768040779339743,0.95936227614779
ZMOJ_BON014.A0101_Luk21.AG,Turkey,Turkey_Central_Boncuklu_PPN.AG,9900.0,0.4926225543022156,1.4796856649611656,-0.5988950485124146,0.9220099887428597
ASH008.AG,Israel,Israel_Ashkelon_IA2.AG,3095.0,0.3349275290966034,1.4486460608704734,-1.0314395072619342,1.9486024247946094
ASH029.AG,Israel,Israel_Ashkelon_LBA.AG,3513.0,0.0942277163267135,1.4382570041471257,-1.0262459682449077,1.9049277712435302
ASH033.AG,Israel,Israel_Ashkelon_LBA.AG,3639.0,0.0839528888463974,1.448902084755648,-1.0360246913070486,1.9039802143505726
ASH034.AG,Israel,Israel_Ashkelon_LBA.AG,3550.0,0.2551222145557403,1.4476429285418404,-1.0369493907889207,1.9281092460684806
ASH066.AG,Israel,Israel_Ashkelon_IA1.AG,3184.0,0.1343505680561065,1.4395405583034744,-1.0259010471621566,1.9279905894246976
ASH067.AG,Israel,Israel_Ashkelon_IA1.AG,3206.0,0.1280351430177688,1.4269356813960068,-1.0136561133587203,1.8883578320920862
ASH068.AG,Israel,Israel_Ashkelon_IA1_o.AG,3167.0,0.1880199164152145,1.4535296557448505,-1.0111800285361885,1.9077908352927875
ASH087.AG,Israel,Israel_Ashkelon_IA2.AG,3100.0,0.1536050289869308,1.4346003044100517,-1.0328790879891248,1.9054288872700806
ASH135.AG,Israel,Israel_Ashkelon_IA2.AG,3100.0,0.0691987872123718,1.4318114680998164,-1.02764980313712,1.9215142837535628
ASH2-3.AG,Israel,Israel_Ashkelon_IA1.AG,3213.0,0.0597219988703727,1.4564675575443544,-1.0371936476873311,1.9398387430618331
N18.SG,Poland,Poland_TRB.SG,5459.0,0.8795381784439087,-0.20859290409161646,1.8984046074085907,-0.561168805693578
N19.SG,Poland,Poland_TRB_o.SG,5490.0,0.8787239193916321,-0.1589808021389894,1.8406426437380334,-0.47864682481264076
N20.SG,Poland,Poland_TRB.SG,5467.0,0.6546062231063843,-0.1467590515011017,1.8670790784094375,-0.5053949357070756
N22.SG,Poland,Poland_BKG_o2.SG,6263.0,0.8559577465057373,-0.24307601471915338,1.632427540511258,-0.41262315302306635
N25.SG,Poland,Poland_BKG.SG,6250.0,0.9184744954109192,-0.1931406405179957,1.8432557203440483,-0.5113631618540795
N26.SG,Poland,Poland_BKG.SG,6177.0,0.9109774231910706,-0.1300948358115645,1.7872967145874832,-0.5113069069711605
N27.SG,Poland,Poland_BKG.SG,6250.0,0.8779947757720947,-0.13066789192480704,1.8576049303696243,-0.5002225160413736
N28.SG,Poland,Poland_BKG.SG,6074.0,0.864393949508667,-0.13645045454605534,1.845741776081811,-0.5142745436828215
N31.SG,Poland,Poland_BKG.SG,6130.0,0.8572447896003723,-0.1624502073566577,1.8260178493262542,-0.5085542552545048
N36.SG,Poland,Poland_BKG.SG,6250.0,0.8668440580368042,-0.11914334826315298,1.8583573015864072,-0.5191238349274366
N38.SG,Poland,Poland_GlobularAmphora.SG,4959.0,0.8896759152412415,-0.19131706087028513,1.9019287661689412,-0.5128889721727478
N42.SG,Poland,Poland_BKG_o1.SG,6049.0,0.5508319735527039,-0.20268985553660618,1.8013154701146785,-0.5128984625161884
N44.SG,Poland,Poland_CordedWare_3.SG,4400.0,0.8660703301429749,-0.18063909909961195,1.847112384496632,-0.49831751858217116
N45.SG,Poland,Poland_CordedWare_3.SG,4375.0,0.8967821002006531,-0.16014337485339716,1.8367235662093007,-0.4883568872076297
N47.SG,Poland,Poland_CordedWare_1.SG,4375.0,0.910769820213318,-0.24678573660300343,1.9001488978878411,-0.526393679265337
N49.SG,Poland,Poland_CordedWare_1.SG,4375.0,0.8805178999900818,-0.20071499766294862,1.8811078660472145,-0.48595923163294796
ATT27.SG,France,France_Oise_IA.SG,2220.0,0.1467113494873047,-0.98452784500847,-0.9183797947456684,-0.4577842244419258
ATT3.SG,France,France_Oise_IA.SG,2220.0,0.2431758642196655,-1.007416616758708,-0.8619676409571325,-0.503175009536834
ATT52-2.SG,France,France_Oise_IA.SG,2220.0,0.1704913079738617,-1.0012093563618245,-0.8305943359003254,-0.46758977552183056
BES1096B.SG,France,France_Aude_IA.SG,2413.0,0.0978440642356872,-1.0187592067103364,-0.8148763457853052,-0.47117122266795364
BES1154.SG,France,France_Aude_IA.SG,2443.0,0.0918141156435012,-0.970480130674382,-0.8275148766139588,-0.45487419118913297
BES1249.SG,France,France_Aude_IA.SG,2000.0,0.0708265006542205,-0.9659955442897569,-0.802048120321813,-0.4378998151527175
BFT228.SG,France,France_Aisne_IA.SG,2275.0,0.1120036840438842,-1.0668234958063596,-0.7869688460001855,-0.5041434913201944
BLH447.SG,France,France_Aisne_IA.SG,2275.0,0.0986072346568107,-0.9907345910323546,-0.818242188135053,-0.45682969153537223
BPV1445.SG,France,France_Aube_BA.SG,5575.0,0.1538937538862228,-0.9480796090137973,-0.8354433894574937,-0.3751194420792588
BPV1455.SG,France,France_Aube_BA.SG,5575.0,0.1105600669980049,-0.9763145081926051,-0.8644810400718074,-0.46952652624265023
BUCH48-1.SG,France,France_Aube_IA.SG,2313.0,0.2109807431697845,-0.9800389269927352,-0.7977599955744631,-0.4776018353615307
BUCH48-2.SG,France,France_Aube_IA.SG,2313.0,0.1086168587207794,-0.9840862172803743,-0.843493513430464,-0.44953878564280436
BUCH82.SG,France,France_Aube_IA.SG,2425.0,0.088517315685749,-0.9880642083493925,-0.8414450950436763,-0.4640066745595455
CHF106.SG,France,France_Marne_IA.SG,2388.0,0.1455613225698471,-1.0228345403083268,-0.8361586682482064,-0.5150297435424266
CLR23.SG,France,France_Aude_IA.SG,2300.0,0.2138201296329498,-0.9974205928919312,-0.8341626608169094,-0.48233242260608367
CLR24.SG,France,France_Aude_IA.SG,2300.0,0.2419293224811554,-1.0124389704287124,-0.8253167589347677,-0.449634982588896
CLR31.SG,France,France_Aude_IA.SG,2300.0,0.2786475121974945,-0.9875305865139278,-0.8391793984726612,-0.46179764352755376
CLR35.SG,France,France_Aude_IA.SG,2300.0,0.3400012850761413,-1.0477461472579226,-0.8674914952104644,-0.47655360834315824
CLR44.SG,France,France_Aude_IA.SG,2300.0,0.2491847276687622,-0.9999313748251375,-0.8382076910703569,-0.45876478139565136
COL239.SG,France,France_HautRhin_IA.SG,2515.0,0.1911901980638504,-0.9729501969209469,-0.8204878145332711,-0.45665060842797417
COL330.SG,France,France_HautRhin_IA.SG,2625.0,0.1358501464128494,-1.0146473407693875,-0.8408225615669268,-0.4610104557898971
CROI1-4.SG,France,France_HautRhin_IA.SG,2663.0,0.0771816670894622,-0.9548119487974894,-0.8169176185723321,-0.46764732447152757
CROI11.SG,France,France_HautRhin_IA.SG,2625.0,0.1137384623289108,-0.9818686375798924,-0.8678300935583074,-0.4661907469279105
ERS83-2.SG,France,France_BasRhin_IA.SG,2200.0,0.198741614818573,-0.9897268235971635,-0.8107027453062138,-0.46139803333484825
GDF1231.SG,France,France_Aube_IA.SG,2350.0,0.5162224769592285,-1.054617517872299,-0.8165759541558133,-0.48072015200414664
GDF1264.SG,France,France_Aube_IA.SG,2350.0,0.4408031404018402,-1.0560980984344301,-0.8497693190184444,-0.48853471667636794
GDF1341.SG,France,France_Aube_IA.SG,2350.0,0.2241330742835998,-0.9848173607546247,-0.8458810139808504,-0.46236211752057516
GDF1348.SG,France,France_Aube_IA.SG,2350.0,0.3447822630405426,-0.9551096563427267,-0.8302803118605118,-0.47558618998785307
GDF1349-A.SG,France,France_Aube_IA.SG,2350.0,0.6818224787712097,-0.9644652748295761,-0.824813861497553,-0.46657656768859984
GLN141.SG,France,France_Yonne_IA.SG,2150.0,0.1413683444261551,-1.005671143782844,-0.8281289473638851,-0.49920116085645594
GLN29-A.SG,France,France_Yonne_IA.SG,2150.0,0.0869236588478088,-0.9675740913485157,-0.8668080673067184,-0.46556159934037966
GLN32.SG,France,France_Yonne_IA.SG,2150.0,0.0626027435064315,-1.008476269414793,-0.9007570344198405,-0.5097971918995706
ISL6950.SG,France,France_BasRhin_IA.SG,2140.0,0.6095426678657532,-0.9718556651455432,-0.8158783694585897,-0.45058123456381055
PAL170.SG,France,France_PasDeCalais_IA.SG,2500.0,0.1150839477777481,-0.987976457697909,-0.8293094952861316,-0.4827318745578397
PECH3.SG,France,France_Aude_IA.SG,3250.0,0.2443510293960571,-0.9910807202151782,-0.8332136465673415,-0.43754534764036673
PECH9.SG,France,France_Aude_IA.SG,2400.0,0.1459749341011047,-1.018874114291607,-0.8797108237351692,-0.48185630614978525
PEY73.SG,France,France_Herault_IA.SG,2125.0,0.113076664507389,-0.981855035421472,-0.8094983403491911,-0.48262418490636466
PT7.SG,France,France_Gard_IA.SG,2363.0,0.1536447703838348,-0.982518693301761,-0.8645443083708891,-0.5045689794744412
SCPG2.SG,France,France_HautRhin_IA.SG,2176.0,0.1036088019609451,-0.9570438995950132,-0.8278230873657972,-0.43691419664231607
UN129.SG,France,France_Manche_IA.SG,2050.0,0.1399271488189697,-0.9980652484967736,-0.7972169637694964,-0.4488974743736616
UN85.SG,France,France_Manche_IA.SG,2050.0,0.1635619401931762,-0.9870262490362255,-0.8598389547239571,-0.48069187870656926
VAS75.SG,France,France_Aisne_IA.SG,2350.0,0.164015308022499,-0.9809004022326842,-0.8500689025489185,-0.4832627054859001
VAS79-2.SG,France,France_Aisne_IA.SG,2350.0,0.1666722148656845,-0.9621117926414116,-0.8120619584256038,-0.48113307928659776
WET429.SG,France,France_HautRhin_IA.SG,2176.0,0.1277504712343216,-0.9955636671051882,-0.8404976016132285,-0.4915242602717952
TOR.6.WGC.SG,Spain,Spain_EN.WGC.SG,6900.0,0.1988470554351806,-1.1247182316995932,-2.3878316917719142,-1.245072419206302
TOR.7.WGC.SG,Spain,Spain_EN_1d.or.2d.rel.TOR.6.WGC.SG,6900.0,0.0562954321503639,-1.174925837194973,-2.329670148171231,-1.2822620732169172
TOR.8.WGC.SG,Spain,Spain_EN.WGC.SG,6900.0,0.1021059826016426,-1.142643054443454,-2.3603043325260726,-1.239402113619964
Aes10.AG,Switzerland,Switzerland_LN.AG,4833.0,0.3092603385448456,-1.212349078404393,-2.661180188443642,-1.3638492169830108
Aes11.AG,Switzerland,Switzerland_LN_daughter.Aes17.AG,4885.0,0.4561371207237243,-1.222596420656687,-2.6864931851261753,-1.3714209802146742
Aes12.AG,Switzerland,Switzerland_LN_father.or.son.Aes24.1d.rel.Aes19.1d.rel.Aes3.AG,4864.0,0.3875774145126343,-1.2059309193618126,-2.6900373104821,-1.3795804164906857
Aes13.AG,Switzerland,Switzerland_LN.AG,4902.0,0.4547016024589538,-1.225976432650447,-2.6709810018807305,-1.3517800615395983
Aes14.AG,Switzerland,Switzerland_LN.AG,4897.0,0.4000087678432464,-1.2468153694241229,-2.664872444563355,-1.359248577569339
Aes15.AG,Switzerland,Switzerland_LN_1d.rel.Aes14.AG,4899.0,0.2953115701675415,-1.213175672819558,-2.657904337807318,-1.3580580968235214
Aes16.AG,Switzerland,Switzerland_LN.AG,4942.0,0.1478573232889175,-1.2347269985051372,-2.6650605060480723,-1.3818735015218144
Aes17.AG,Switzerland,Switzerland_LN.AG,4878.0,0.4715830385684967,-1.2181652811846442,-2.691741773495288,-1.3489262851335488
Aes18.AG,Switzerland,Switzerland_LN.AG,4838.0,0.521123468875885,-1.2303431572151804,-2.6915859828227697,-1.3806337486112816
Aes19.AG,Switzerland,Switzerland_LN_1d.rel.Aes12.1d.rel.Aes3.AG,4825.0,0.4678255617618561,-1.238175688939308,-2.686683809488278,-1.3626998761378668
Aes1.AG,Switzerland,Switzerland_LN.AG,4939.0,0.3965935409069061,-1.221576965766341,-2.6669008392737155,-1.3615510536672777
Aes20.AG,Switzerland,Switzerland_LN.AG,4842.0,0.4532742202281952,-1.2454295852760915,-2.7062335794894063,-1.3596385146194774
Aes21.AG,Switzerland,Switzerland_LN.AG,4825.0,0.455579936504364,-1.2081553505203124,-2.6602749288636005,-1.352001483896712
Aes22.AG,Switzerland,Switzerland_LN.AG,4740.0,0.3913121819496155,-1.2355685539092767,-2.6572447529542456,-1.3837943340738703
Aes23.AG,Switzerland,Switzerland_LN.AG,4722.0,0.5001398921012878,-1.2347688420090548,-2.7018213701865608,-1.385184555325208
Aes24.AG,Switzerland,Switzerland_LN.AG,4839.0,0.4744386374950409,-1.2326228009601634,-2.6908118599788233,-1.3648334306403367
Aes25.AG,Switzerland,Switzerland_LN_oSteppe.AG,4635.0,0.5469269156455994,-1.2141490269991722,-2.6294314955847637,-1.338390532014464
Aes2.AG,Switzerland,Switzerland_LN.AG,4885.0,0.2864032983779907,-1.2290195000200586,-2.6666798502419957,-1.3767546158732604
Aes3.AG,Switzerland,Switzerland_LN.AG,4919.0,0.4762139618396759,-1.223608629230966,-2.667852606752899,-1.3644614911800497
Aes4.AG,Switzerland,Switzerland_LN.AG,4970.0,0.4377618134021759,-1.2295702913651496,-2.683316734292283,-1.3876103709085692
Aes5.AG,Switzerland,Switzerland_LN.AG,4906.0,0.39769247174263,-1.2386461575220074,-2.67101005993092,-1.3716536464539801
Aes8.AG,Switzerland,Switzerland_LN.AG,4851.0,0.4087483286857605,-1.2298410833780395,-2.6813896103968924,-1.3965603997398006
Aes9.AG,Switzerland,Switzerland_LN.AG,4848.0,0.3155432939529419,-1.2328025284205977,-2.6471230933899497,-1.3919672961779606
MX150.AG,Switzerland,Switzerland_LN.AG,5164.0,0.1611418575048446,-1.2127007432736259,-2.6552256200469198,-1.3189609224053331
MX182.AG,Switzerland,Switzerland_LN.AG,5158.0,0.30073082447052,-1.2196872762788507,-2.671607630524032,-1.3514807538013676
MX183.AG,Switzerland,Switzerland_LN_brother.MX211.AG,5160.0,0.4049089550971985,-1.2367554008678936,-2.686999944683529,-1.3498053592180694
MX184.AG,Switzerland,Switzerland_LN.AG,4950.0,0.352622389793396,-1.2106967984461174,-2.657180653585563,-1.3988328137342096
MX187.AG,Switzerland,Switzerland_LN_father.or.son.MX212.MX150.AG,5055.0,0.3862497806549072,-1.2203583077716664,-2.687982986175757,-1.3697410947485014
MX188.AG,Switzerland,Switzerland_EBA_2.AG,4399.0,0.5560582280158997,-1.2257999771075383,-2.6506837171307738,-1.3585945656110785
MX189.AG,Switzerland,Switzerland_EBA_2.AG,4058.0,0.4364268779754638,-1.209523711996617,-2.6218651004971023,-1.3226414365113988
MX190.AG,Switzerland,Switzerland_EBA_2_brother.MX188.AG,4530.0,0.4309151768684387,-1.2652087843037054,-2.6504020520267377,-1.4019771575583235
MX191.AG,Switzerland,Switzerland_EBA_2.AG,4523.0,0.5222207903862,-1.2031216196075805,-2.6178899824567528,-1.363369844122448
MX192.AG,Switzerland,Switzerland_EBA_2_1d.rel.MX195.MX197.AG,4470.0,0.4270863234996795,-1.1885100682534386,-2.664488348555065,-1.3635143807794023
MX193.AG,Switzerland,Switzerland_EBA_1.AG,4087.0,0.4510301053524017,-1.2311452148605715,-2.693434076377534,-1.3743771397497773
MX195.AG,Switzerland,Switzerland_EBA_2_1d.rel.MX192.MX197.AG,4225.0,0.4487925171852112,-1.2151886407870365,-2.6097750188194766,-1.3673616866404035
MX196.AG,Switzerland,Switzerland_EBA_2.AG,4495.0,0.4922040700912475,-1.22509298054871,-2.642527295541648,-1.3504801067720738
MX197.AG,Switzerland,Switzerland_EBA_2.AG,4351.0,0.4764629304409027,-1.2402466712275155,-2.6369257075237846,-1.3817445590487325
MX198.AG,Switzerland,Switzerland_EBA_2.AG,4509.0,0.4753842949867248,-1.1938080382918517,-2.611418064092688,-1.3768191977592468
MX199.AG,Switzerland,Switzerland_EBA_2.AG,4235.0,0.5184406042098999,-1.2131543011454478,-2.619848542343299,-1.358364477345813
MX203.AG,Switzerland,Switzerland_LN.AG,4950.0,0.1233368963003158,-1.2352927791348216,-2.690685467070205,-1.388486141555991
MX204.AG,Switzerland,Switzerland_LN.AG,4950.0,0.286738246679306,-1.216030644242921,-2.6819208495287814,-1.3454572068133248
MX209.AG,Switzerland,Switzerland_LN.AG,4950.0,0.2861445844173431,-1.2363766436183914,-2.701921860868039,-1.3751999119042477
MX210.AG,Switzerland,Switzerland_LN.AG,4950.0,0.5521158576011658,-1.2382687000902495,-2.662404866390069,-1.3608033869004688
MX211.AG,Switzerland,Switzerland_LN.AG,4992.0,0.428465873003006,-1.2345650074783103,-2.693252296039296,-1.3602292879988944
MX212.AG,Switzerland,Switzerland_LN.AG,5165.0,0.2933448255062103,-1.226109788401913,-2.6565154841826124,-1.3559985787240618
MX213.AG,Switzerland,Switzerland_LN.AG,5125.0,0.3489452302455902,-1.2413276652055198,-2.678576288670289,-1.3640583166263134
MX251.AG,Germany,Germany_SouthernGermany_Singen_EBA_o.AG,4039.0,0.0922171920537948,-0.41265839702620327,-0.3098077885874938,0.7325785497363889
MX252.AG,Germany,Germany_SouthernGermany_Singen_EBA.AG,3808.0,0.3561592698097229,-0.40673461564252555,-0.30394771342122745,0.718579367789022
MX254.AG,Germany,Germany_SouthernGermany_Singen_EBA.AG,3900.0,0.5290244221687317,-0.36503430940682635,-0.18448368066313067,0.7892796954642436
MX257.AG,Germany,Germany_SouthernGermany_Singen_EBA.AG,3742.0,0.3464051187038421,-0.3888045871394069,-0.24789676078493122,0.7495350055802082
MX258.AG,Germany,Germany_SouthernGermany_Singen_EBA.AG,3917.0,0.1633121520280838,-0.40135469237347393,-0.24712203330247764,0.7899704361302079
MX259.AG,Germany,Germany_SouthernGermany_Anselfingen_EBA.AG,4246.0,0.2463015466928482,-0.33892580581931925,-0.21260362625597415,0.7801829220819392
MX265.AG,Germany,Germany_SouthernGermany_Singen_IA.AG,2569.0,0.3818069994449615,-0.4227167919035883,-0.2176197362805251,0.7455047595022427
MX270.AG,Germany,Germany_SouthernGermany_Singen_EBA.AG,3900.0,0.2557272315025329,-0.4011697884883096,-0.2276455217084979,0.7687060456936535
MX275.AG,Germany,Germany_SouthernGermany_Singen_EBA_brother.MX270.father.MX286.AG,4002.0,0.3540846705436706,-0.3955766672906462,-0.25184743203131466,0.749172370558519
MX277.AG,Germany,Germany_SouthernGermany_Singen_EBA.AG,3791.0,0.3362105786800384,-0.37527931883359733,-0.21141919817633717,0.76424426214935
MX279.AG,Germany,Germany_SouthernGermany_Singen_EBA.AG,3758.0,0.289011538028717,-0.37965189255031373,-0.2121701335250819,0.8398200614562233
MX280.AG,Germany,Germany_SouthernGermany_Singen_EBA.AG,3931.0,0.4970442354679107,-0.371372775604011,-0.172963816855458,0.7554046736911866
MX283.AG,Germany,Germany_SouthernGermany_Singen_EBA_brother.MX254.son.MX286_contam.AG,3946.0,0.5499722957611084,-0.3191453203274173,-0.2134208785903502,0.7938642430051974
MX283_d.AG,Germany,Germany_SouthernGermany_Singen_EBA_brother.MX254.son.MX286.AG,3946.0,0.0555809214711189,-0.4058744262951123,-0.26394630989963247,0.7681754134894264
MX286.AG,Germany,Germany_SouthernGermany_Singen_EBA_son.MX275.father.MX254.MX283_contam.AG,3913.0,0.440207839012146,-0.3788840957287466,-0.23862694884561078,0.7335283255972503
MX288.AG,Germany,Germany_SouthernGermany_Singen_EBA.AG,4051.0,0.5222264528274536,-0.3379188976095224,-0.19906724937411052,0.7235592706573636
MX299.AG,Switzerland,Switzerland_LN_contam_o.AG,4757.0,0.0609539411962032,-1.2331365881242655,-2.6796926400719516,-1.379199244209521
RA42.AG,Switzerland,Switzerland_LN.AG,5165.0,0.1318136900663375,-1.227190907116096,-2.6535616134646336,-1.358717003624962
RA44.AG,Switzerland,Switzerland_LN.AG,4828.0,0.1659552603960037,-1.2282484548723493,-2.629621781085347,-1.3398570080029455
RA45.AG,Switzerland,Switzerland_LN.AG,4975.0,0.1667962968349456,-1.2354464026389373,-2.6992984290712583,-1.4012511296272856
RA54.AG,Switzerland,Switzerland_EBA_1.AG,4498.0,0.1075333356857299,-1.2374881489019576,-2.6836776472764985,-1.3834873170875432
RA57.AG,Switzerland,Switzerland_LN.AG,4806.0,0.3330702781677246,-1.2353005194687325,-2.67128729810483,-1.3676231413305133
RA58.AG,Switzerland,Switzerland_LN.AG,4865.0,0.2844560444355011,-1.2353902007505706,-2.67280044911283,-1.3812606566700065
RA59.Furtwangler.AG,Switzerland,Switzerland_LN.AG,4830.0,0.2359042465686798,-1.224137390967995,-2.6938052847234846,-1.3892711520342198
RA61.AG,Switzerland,Switzerland_LN.AG,4804.0,0.4435468316078186,-1.2302647489928917,-2.675063962502435,-1.3695748017255827
RA62.AG,Switzerland,Switzerland_LN.AG,4853.0,0.4599651396274566,-1.213283411045023,-2.676706937626615,-1.3605374218719506
RA63.AG,Switzerland,Switzerland_EBA_2_father.or.son.RA64.AG,3970.0,0.3724843263626098,-1.2059301680637264,-2.6361296781630097,-1.3468092225629154
RA64.AG,Switzerland,Switzerland_EBA_2.AG,4099.0,0.4104417264461517,-1.2196746528614557,-2.645621347466632,-1.3459528031331547
TU876_SX10.AG,Switzerland,Switzerland_EBA_1.AG,4550.0,0.3426281809806824,-1.2327532473907128,-2.68113410425072,-1.37662096617633
TU877_SX11.AG,Switzerland,Switzerland_LN.AG,6355.0,0.6139278411865234,-1.2199133958451156,-2.662884077137382,-1.3586429806770939
TU904_SX17.AG,Switzerland,Switzerland_EBA_1.AG,4344.0,0.1653867363929748,-1.2158334719343624,-2.6659690850186344,-1.3744804599115275
TU905_SX18.AG,Switzerland,Switzerland_EBA_2.AG,2032.0,0.515495777130127,-1.23381290096658,-2.684173989069428,-1.3767451851726191
TU907_SX20.AG,Switzerland,Switzerland_EBA_2.AG,3576.0,0.5400307774543762,-1.229291971427113,-2.6702421519546946,-1.3720279171889371
TU908_SX21.AG,Switzerland,Switzerland_EBA_1.AG,4327.0,0.4936695694923401,-1.1953152386302468,-2.6608090978016983,-1.3409048704175017
TU910_SX22.AG,Switzerland,Switzerland_EBA_1.AG,4949.0,0.4628045260906219,-1.1974782232631331,-2.641255276088733,-1.366531184647626
TU911_SX23.AG,Switzerland,Switzerland_EBA_2.AG,3762.0,0.4555020928382873,-1.2331257534236173,-2.6572100404087426,-1.3821672677709165
TU914_SX26.AG,Switzerland,Switzerland_EBA_1.AG,4322.0,0.4081368148326874,-1.194633596801713,-2.64291839424187,-1.3384680979710877
TU915_SX29.AG,France,France_Alsace_Lingolsheim_MN.AG,6600.0,0.2931015193462372,-0.958774363094911,-0.84538249817211,-0.47750414656806306
TU916_SX30.AG,France,France_Alsace_Lingolsheim_MN.AG,6662.0,0.3772661089897156,-0.9454582536156697,-0.841323415896394,-0.4745366978696893
TU918_SX32.AG,France,France_Alsace_Lingolsheim_EBA.AG,4289.0,0.3180826008319855,-0.9552113182912616,-0.8276775816390219,-0.454143131911195
TU919_SX33.AG,France,France_Alsace_Lingolsheim_MN_o.AG,6625.0,0.4811417162418365,-0.9327704414073098,-0.8056825952047185,-0.45972129785679255
TU874_SX8.AG,Switzerland,Switzerland_EBA_1_1d.rel.TU876(SX10).AG,4573.0,0.1876663118600845,-1.227388631218164,-2.669928915540358,-1.363856902281656
TU875_SX9.AG,Switzerland,Switzerland_LN.AG,6338.0,0.4319362342357635,-1.221903988247987,-2.693465723389467,-1.3548919822079326
VERT015.SG,Ukraine,Ukraine_Eneolithic_Trypillia.SG,5589.0,0.843594491481781,-0.054716640715375985,1.3698598865050653,0.19965726057835234
VERT030.SG,Ukraine,Ukraine_Eneolithic_Trypillia.SG,5600.0,0.7520869374275208,-0.05871152518176199,1.3657973577850178,0.16287254958137604
VERT035.SG,Ukraine,Ukraine_Eneolithic_Trypillia.SG,5671.0,0.5953124761581421,-0.0746704906597449,1.3992625768560976,0.18334942827994616
VERT100B.SG,Ukraine,Ukraine_Eneolithic_Trypillia.SG,5646.0,0.8303781151771545,-0.07436875974663543,1.3734519590181191,0.1906174956696443
VERT103B.SG,Ukraine,Ukraine_Eneolithic_Trypillia.SG,5600.0,0.5218144655227661,-0.07281368843060898,1.3840556293439328,0.19412274311281533
VERT104B.SG,Ukraine,Ukraine_Eneolithic_Trypillia.SG,5642.0,0.8972882032394409,0.019117737769710416,1.349978419011431,0.2394329408075455
VERT105B.SG,Ukraine,Ukraine_Eneolithic_Trypillia.SG,5600.0,0.5646160840988159,-0.047545289642508995,1.3697661886388188,0.21556348499895014
VERT106C.SG,Ukraine,Ukraine_Eneolithic_Trypillia.SG,5669.0,0.2207365185022354,-0.03698658690933378,1.3452694953140194,0.19820367548678938
VERT111.SG,Ukraine,Ukraine_Eneolithic_Trypillia.SG,5600.0,0.3808994591236114,-0.06385314426586129,1.3956928868495064,0.18810372598329692
VERT113B.SG,Ukraine,Ukraine_MBA_CordedWare.SG,3823.0,0.6848111152648926,-0.09025430321917223,1.3791192332517672,0.1750155676049321
VERT114.SG,Ukraine,Ukraine_LBA_EIA.SG,2843.0,0.2265588492155075,-0.029037842936950612,1.3800823480702016,0.18814354888917445
VERT115.SG,Ukraine,Ukraine_Eneolithic_Trypillia.SG,5600.0,0.2654027044773102,-0.055045055588994196,1.3606985744230728,0.2235435214489556
VERT117.SG,Ukraine,Ukraine_Eneolithic_Trypillia.SG,5600.0,0.3612030148506164,-0.06838664972947009,1.3728081620201835,0.19300661812023162
VERT118.SG,Ukraine,Ukraine_Eneolithic_Trypillia.SG,5600.0,0.4423449039459228,-0.054862529646185605,1.373879521193729,0.19582303203785026
Hum1.SG,Norway,Norway_Mesolithic.SG,9364.0,0.3184070289134979,-0.6111210693209439,1.580611785378649,-0.9985282881236083
Hum2.SG,Norway,Norway_Mesolithic.SG,9364.0,0.9170130491256714,-0.587735026132076,1.552724456172579,-0.9716267249760662
SBj.SG,Sweden,Sweden_Mesolithic.SG,8771.0,0.2536939978599548,-0.9213939920909319,2.409810669376099,-0.6042407934624553
SF11.SG,Sweden,Sweden_Mesolithic_o.SG,8892.0,0.0946218743920326,-0.9511113361296024,2.43901292154874,-0.5627606358195122
SF12.SG,Sweden,Sweden_Mesolithic.SG,8895.0,0.9754657745361328,-0.7824617366691475,2.2490886294270203,-0.4698022856330573
SF9.SG,Sweden,Sweden_Mesolithic.SG,9144.0,0.6315975785255432,-0.9276912903551903,2.428745059227625,-0.5796044090327839
Steigen.SG,Norway,Norway_N_oMesolithic.SG,5857.0,0.6345480680465698,-0.5972666952886726,1.5766859539073705,-0.9868995396271093
ILK001.AG,Ukraine,Ukraine_EBA_GlobularAmphorae.AG,4773.0,0.7504786849021912,-0.08659801423455864,1.3971964687646699,0.18115188858294837
ILK002.AG,Ukraine,Ukraine_EBA_GlobularAmphorae.AG,4734.0,0.7708142399787903,-0.07736356669331107,1.3694667407365375,0.1680704368729912
ILK003.AG,Ukraine,Ukraine_EBA_GlobularAmphorae.AG,4781.0,0.728367805480957,-0.08465418403085233,1.3831347368705371,0.17725501808162133
COV20126.SG,Spain,Spain_BA.SG,3632.0,0.1384486556053161,-1.1025984827554365,-2.4026316441554005,-1.278736229419904
LD1174.SG,Spain,Spain_C.SG,4466.0,0.888396143913269,-1.107525769687246,-2.3769551402906655,-1.2826325769224083
LD270.SG,Portugal,Portugal_MN.SG,4380.0,0.8489991426467896,-1.1413909063866403,-1.335725045188967,-0.4834655798604975
LU339.SG,Portugal,Portugal_MN.SG,4849.0,0.9708161950111388,-1.1323700919833684,-1.3638038380961355,-0.4763230645637937
Canes.SG,Spain,Spain_Mesolithic.SG,7089.0,0.6527530550956726,-1.1135839539126746,-2.2439377209837956,-1.1847321804427442
Chan.SG,Spain,Spain_Mesolithic.SG,9109.0,0.8540931940078735,-1.1022508922660819,-2.228733126701776,-1.195981123411581
M95.SG,Romania,Romania_IronGates_Mesolithic.SG,8814.0,0.5639948844909668,1.1958484404187193,0.4143506168115201,-0.009456664988275893
M96.SG,Romania,Romania_IronGates_Mesolithic.SG,8825.0,0.8334429860115051,1.195044353728565,0.4708070066063203,0.010023529421446258
QED-12.SG,Lebanon,Lebanon_Roman.SG,1525.0,0.3030292391777038,0.6321219524261136,-0.3787641493063636,1.363527365814461
QED-2.SG,Lebanon,Lebanon_Roman.SG,1610.0,0.7385348081588745,0.6524595854865668,-0.36486229290869326,1.3637373633622565
QED-4.SG,Lebanon,Lebanon_Roman.SG,1406.0,0.5903595685958862,0.6233658436122311,-0.3811536289637777,1.3836357570550555
QED-7.SG,Lebanon,Lebanon_Roman.SG,1627.0,0.7820104360580444,0.6452717266632417,-0.38771266475167104,1.3774465206490054
SI-38.SG,Lebanon,Lebanon_Medieval.SG,800.0,0.4197984933853149,0.6332723318355495,-0.3587726680028875,1.3479823460481968
SI-39.SG,Lebanon,Lebanon_Medieval_o2.SG,702.0,0.4626098871231079,0.6238627877075645,-0.34400199082281685,1.3625804468548914
SI-40.SG,Lebanon,Lebanon_Medieval_o5.SG,800.0,0.3323760628700256,0.6393669945037669,-0.36137329175565414,1.3744694366900239
SI-42.SG,Lebanon,Lebanon_Medieval.SG,725.0,0.4819576144218445,0.63898950181657,-0.36663186148952026,1.3527451106307427
SI-44.SG,Lebanon,Lebanon_Medieval_o3.SG,800.0,0.3789522051811218,0.6420084082013856,-0.3649132902115159,1.3689848576129604
SI-45.SG,Lebanon,Lebanon_Medieval.SG,698.0,0.9587984681129456,0.6306233071206997,-0.3504652969568921,1.343162145625347
SI-47.SG,Lebanon,Lebanon_Medieval_o2.SG,800.0,0.3439793288707733,0.5934695141343911,-0.3174609014287276,1.3542097338717027
SFI-11.SG,Lebanon,Lebanon_ERoman.SG,1984.0,0.1056550070643425,0.6273676381983279,-0.365094230076677,1.3646505416270893
SFI-12.SG,Lebanon,Lebanon_Hellenistic.SG,2123.0,0.0864954367280006,0.6446272415584113,-0.3807022640398642,1.3914509344460706
SFI-15.SG,Lebanon,Lebanon_ERoman.SG,2027.0,0.7642393112182617,0.6353705834715647,-0.37103412535334296,1.3571493116372195
SFI-20.SG,Lebanon,Lebanon_Hellenistic.SG,2043.0,0.5723792314529419,0.629988684549573,-0.37515688338156244,1.3419012565925696
SFI-24.SG,Lebanon,Lebanon_ERoman.SG,1946.0,0.9272051453590392,0.6513148031055614,-0.37617296148311763,1.3544139578247452
SFI-33.SG,Lebanon,Lebanon_ERoman.SG,1804.0,0.9221022129058838,0.6273237127729251,-0.37722849031359523,1.363315748893169
SFI-34.SG,Lebanon,Lebanon_IA3.SG,2385.0,0.8015876412391663,0.6331857152746905,-0.36624806276131233,1.3419055058267442
SFI-35.SG,Lebanon,Lebanon_IA3.SG,2385.0,0.285764217376709,0.6392126307685965,-0.3771943112016436,1.3706662066275053
SFI-36.SG,Lebanon,Lebanon_IA3.SG,2385.0,0.5193367600440979,0.6367554841225004,-0.36630597388155745,1.3687561831536776
SFI-39.SG,Lebanon,Lebanon_IA3.SG,2385.0,0.4948293268680572,0.6362090407020616,-0.36821531645375033,1.346513498940945
SFI-42.SG,Lebanon,Lebanon_IA3.SG,2415.0,0.3856358230113983,0.6355160512572824,-0.3830346491176401,1.360472664358928
SFI-43.SG,Lebanon,Lebanon_IA3_o1_1d.rel.SFI44.SG,2487.0,0.3831419348716736,0.6335903428841604,-0.36524248287828914,1.3290922751881278
SFI-44.SG,Lebanon,Lebanon_IA3_o2.SG,2385.0,0.7851579785346985,0.6283543848858766,-0.3759061172062281,1.3416294201764625
SFI-45.SG,Lebanon,Lebanon_IA3.SG,2385.0,0.4241147637367248,0.654881797795924,-0.36048911841280973,1.3729164480940175
SFI-47.SG,Lebanon,Lebanon_IA3.SG,2385.0,0.6343063712120056,0.6477233633554388,-0.3724086320725612,1.3745686011567055
SFI-50.SG,Lebanon,Lebanon_IA3.SG,2385.0,0.616937518119812,0.6437908421044733,-0.3698412787681448,1.3543318836375595
SFI-55.SG,Lebanon,Lebanon_IA2.SG,2720.0,0.3548648655414581,0.6425617407617955,-0.3582089611370637,1.33501180113393
SFI-56.SG,Lebanon,Lebanon_IA2.SG,2720.0,0.5087472796440125,0.6547740246106308,-0.3701910232707927,1.3621968782457337
SFI-5.SG,Lebanon,Lebanon_Hellenistic.SG,2159.0,0.114426203072071,0.6536648318739984,-0.37703041960674877,1.3858513981562426
ERS1790729.SG,Lebanon,Lebanon_MBA.SG,3750.0,0.2224915772676468,0.6209577905863731,-0.35972326794569454,1.3572904484926256
ERS1790730.SG,Lebanon,Lebanon_MBA.SG,3650.0,0.6452340483665466,0.643522849428034,-0.3794062940780197,1.3575716005573448
ERS1790731.SG,Lebanon,Lebanon_MBA.SG,3750.0,0.6808581948280334,0.6416218460620472,-0.380753962015997,1.3763888121963819
ERS1790732.SG,Lebanon,Lebanon_MBA.SG,3650.0,0.690059244632721,0.6285594497935343,-0.36563016329135484,1.3667376160109974
KH150189_KH150632_KH150636.SG,Germany,Germany_Wartberg_LN.SG,5163.0,0.9598973989486694,-0.36811374485595283,-0.23433719821786228,0.7524977176066737
KH150190.SG,Germany,Germany_Wartberg_LN.SG,5100.0,0.4756697714328766,-0.3566832663125895,-0.29046777656281547,0.8118199764792772
KH150193_KH150286.SG,Germany,Germany_Wartberg_LN.SG,5100.0,0.5265394449234009,-0.3778212451020961,-0.26214583191842,0.7573309015941185
KH150195_KH150196_KH150616.SG,Germany,Germany_Wartberg_LN.SG,5164.0,0.6731534600257874,-0.3909459671047047,-0.2628320610789706,0.7354989464680595
KH150197.SG,Germany,Germany_Wartberg_LN_1d.rel.KH150639.KH150198.SG,5100.0,0.2548132240772247,-0.3949649965854162,-0.23685274119911437,0.7632933679348096
KH150198.SG,Germany,Germany_Wartberg_LN_1d.rel.KH150639.KH150197.SG,5100.0,0.2041243612766266,-0.4160376095524016,-0.20826205718305402,0.7875091231238611
KH150200.SG,Germany,Germany_Wartberg_LN.SG,5100.0,0.4779779314994812,-0.40352724000278095,-0.19512715338648992,0.7639852526079043
KH150204_KH150634.SG,Germany,Germany_Wartberg_LN.SG,5164.0,0.9955474734306335,-0.42016477428141097,-0.2510192062833555,0.7657614935602393
KH150208_KH150210.SG,Germany,Germany_Wartberg_LN.SG,5100.0,0.4195827543735504,-0.3707029022087143,-0.27103139771039086,0.7893091436337788
KH150287.SG,Germany,Germany_Wartberg_LN.SG,5164.0,0.2616339027881622,-0.39720067478165544,-0.207204304930121,0.7397753774785182
KH150289.SG,Germany,Germany_Wartberg_LN.SG,5164.0,0.2700190544128418,-0.3571405249067026,-0.23048436922608959,0.7581168816288086
KH150418.SG,Germany,Germany_Wartberg_LN_1d.rel.KH150613_KH180043.SG,5100.0,0.3633392453193664,-0.3966848856829438,-0.20011033079806476,0.8033173767927964
KH150419.SG,Germany,Germany_Wartberg_LN.SG,5100.0,0.1106046736240387,-0.38635451428104856,-0.18194017166329088,0.7825989598744916
KH150422.SG,Germany,Germany_Wartberg_LN.SG,5180.0,0.2821559906005859,-0.34407698458941804,-0.23050883196969607,0.735464023320957
KH150610.SG,Germany,Germany_Wartberg_LN.SG,5174.0,0.9625559449195862,-0.43993022855523756,-0.2935935295894585,0.7272025066319425
KH150612.SG,Germany,Germany_Wartberg_LN.SG,5100.0,0.9899214506149292,-0.3349584251892029,-0.21540452357009665,0.7991476922161126
KH150613_KH180043.SG,Germany,Germany_Wartberg_LN.SG,5164.0,0.94115149974823,-0.40362752601321317,-0.2130504422086836,0.7917404439598198
KH150614_KH150615.SG,Germany,Germany_Wartberg_LN.SG,5143.0,0.9947794675827026,-0.44808156007157285,-0.22184191520922134,0.7304629710429634
KH150618.SG,Germany,Germany_Wartberg_LN.SG,5150.0,0.6686855554580688,-0.41359379991684125,-0.27388036187101367,0.7301328134918114
KH150619.SG,Germany,Germany_Wartberg_LN.SG,5128.0,0.9516777396202089,-0.27138222163971193,-0.2186237673809275,0.7835357900305365
KH150621.SG,Germany,Germany_Wartberg_LN_1d.rel.KH150618.SG,5100.0,0.1114019080996513,-0.3438337993636236,-0.23202949932099035,0.765372684092559
KH150622.SG,Germany,Germany_Wartberg_LN.SG,4995.0,0.9740456938743592,-0.3673854808405362,-0.1721900370744672,0.729713417908985
KH150625.SG,Germany,Germany_Wartberg_LN.SG,5163.0,0.2086612284183502,-0.4056672043877062,-0.15643277890789659,0.7589268746861493
KH150626.SG,Germany,Germany_Wartberg_LN.SG,5100.0,0.6186398863792419,-0.36960080959626057,-0.2754713916778235,0.7562205090790729
KH150627.SG,Germany,Germany_Wartberg_LN.SG,5139.0,0.9520751237869264,-0.3557294163409548,-0.2307312100674388,0.7392148499146932
KH150628.SG,Germany,Germany_Wartberg_LN.SG,5108.0,0.3646717369556427,-0.38948535783952737,-0.23259042195822582,0.7108893250648238
KH150629.SG,Germany,Germany_Wartberg_LN.SG,5100.0,0.9893261194229126,-0.3562682536761731,-0.24311799276182744,0.7521665754340959
KH150630.SG,Germany,Germany_Wartberg_LN.SG,5230.0,0.9901209473609924,-0.39296650929555993,-0.22835581120800863,0.7956098900418425
KH150633.SG,Germany,Germany_Wartberg_LN.SG,5159.0,0.878666341304779,-0.3690847362913936,-0.2049261785848203,0.7737385908403205
KH150635.SG,Germany,Germany_Wartberg_LN.SG,5034.0,0.9735517501831056,-0.35322420254647746,-0.29598740900152065,0.801530671581674
KH150637.SG,Germany,Germany_Wartberg_LN.SG,5057.0,0.939983606338501,-0.3717596285371393,-0.17964145559519898,0.7904744486635725
KH150639.SG,Germany,Germany_Wartberg_LN.SG,5100.0,0.5059849619865417,-0.43743106725439224,-0.22462090517829245,0.8030021029403562
KH150640.SG,Germany,Germany_Wartberg_LN.SG,5140.0,0.7149989604949951,-0.3697155078744356,-0.192538837171388,0.7559994778430811
KH150641.SG,Germany,Germany_Wartberg_LN.SG,5152.0,0.8878105878829956,-0.4036783813687614,-0.21726098944548908,0.8063670452083475
KH180044.SG,Germany,Germany_Wartberg_LN.SG,5100.0,0.0823681503534317,-0.4225687295390565,-0.2572816471539192,0.7809496977306936
KH180045.SG,Germany,Germany_Wartberg_LN.SG,5100.0,0.0979632809758186,-0.3548512421634997,-0.28339438155491137,0.7634185009683122
ALA118.AG,Turkey,Turkey_Hatay_Alalakh_MLBA.AG,3550.0,0.2488570660352707,1.49509939430207,-0.6215825444754073,0.9357412512591698
ALA120.AG,Turkey,Turkey_Hatay_Alalakh_MLBA.AG,3550.0,0.7627754211425781,1.4332922316556307,-0.6275704992888007,0.976156407355621
ALA123.AG,Turkey,Turkey_Hatay_Alalakh_MLBA.AG,3550.0,0.5897066593170166,1.463146625656013,-0.5990669638080195,0.9639115404735275
ALA124.AG,Turkey,Turkey_Hatay_Alalakh_MLBA.AG,3550.0,0.3679969310760498,1.4387582593584076,-0.5939653220397095,0.9966679776712949
ALA128.AG,Turkey,Turkey_Hatay_Alalakh_MLBA.AG,3550.0,0.2033011764287948,1.4533830381469495,-0.5888058087622742,0.9373642391328931
ALA130.AG,Turkey,Turkey_Hatay_Alalakh_MLBA.AG,3550.0,0.6874436736106873,1.4687906432408184,-0.6197939226797291,0.9057678610769804
ALA131.AG,Turkey,Turkey_Hatay_Alalakh_MLBA.AG,3550.0,0.4886623322963714,1.475116278355801,-0.6030095718364904,0.9638664035746938
ALA135.AG,Turkey,Turkey_Hatay_Alalakh_MLBA.AG,3550.0,0.6937996745109558,1.4146121319285565,-0.6010594336160711,1.006703284850446
ALA136.AG,Turkey,Turkey_Hatay_Alalakh_MLBA.AG,3550.0,0.158257856965065,1.4616387942514548,-0.6044092125769309,0.9657372538837139
ALA138.AG,Turkey,Turkey_Hatay_Alalakh_MLBA.AG,3550.0,0.253019243478775,1.4402235768017986,-0.6254610394815118,0.9795242414966803
MJ-06.SG,Ukraine,Ukraine_EBA_Yamnaya_o.SG,4620.0,0.1308972388505935,-0.03911792501484736,1.3990701927444158,0.21764134234930435
MJ-08.SG,Ukraine,Ukraine_EIA_LateSrubna_o.SG,2587.0,0.1075811833143234,-0.06424051244191774,1.3757744023739953,0.18744048979906303
MJ-09.SG,Ukraine,Ukraine_EBA_Catacomb.SG,4286.0,0.1547039598226547,-0.06817149415416757,1.3832552558138567,0.18825125494292844
MJ-12.SG,Ukraine,Ukraine_Danube_EIA_Cimmerian.SG,2847.0,0.2147195488214492,-0.053655873682025755,1.3923779245418781,0.21108834841151447
MJ-13.SG,Ukraine,Ukraine_EIA_Scythian_o1.SG,2495.0,0.2055274397134781,-0.07977142016714826,1.3625798116787293,0.19030335189967715
MJ-14.SG,Ukraine,Ukraine_EIA_Scythian_o1.SG,2593.0,0.1137603595852851,-0.06395617595813968,1.4079342744793126,0.1943810996939885
MJ-16.SG,Ukraine,Ukraine_EIA_Scythian_o1.SG,2544.0,0.2185516357421875,-0.03130687976660036,1.4081473573831806,0.19345733482634705
MJ-19.SG,Ukraine,Ukraine_MigrationPeriod_Chernyakhiv.SG,1537.0,0.1686137914657592,-0.07140174485852724,1.4041008065660665,0.18009940281988765
MJ-31.SG,Ukraine,Ukraine_EIA_Cimmerian_o1.SG,3136.0,0.1782584637403488,-0.07898413814600624,1.3834153905300022,0.18934762873213504
MJ-33.SG,Ukraine,Ukraine_EIA_Scythian_o1.SG,2553.0,0.0779375433921814,-0.05573189696084915,1.3466769166131052,0.1720016618245999
MJ-34.SG,Ukraine,Ukraine_IA_Scythian.SG,2231.0,0.3928750157356262,-0.0925620078646573,1.3929823396794254,0.18511477032846393
MJ-35.SG,Ukraine,Ukraine_EIA_Scythian.SG,2515.0,0.1355484426021576,-0.09725673231195589,1.3658622282415045,0.1784263637918129
MJ-37.SG,Ukraine,Ukraine_MigrationPeriod_Chernyakhiv_o.SG,1624.0,0.1289183497428894,-0.10775628378286851,1.4107365815664523,0.17541930463764646
MJ-38.SG,Russia,Russia_Sarmatian.SG,2016.0,0.0859747603535652,-0.126423924725457,0.7219614293547095,-0.27205406244859776
MJ-46.SG,Ukraine,Ukraine_EIA_Scythian.SG,2220.0,0.1506302058696746,-0.04955522768547966,1.4037255438071692,0.18074723300757245
MJ-47.SG,Ukraine,Ukraine_EIA_Scythian.SG,2429.0,0.0746147856116294,-0.010777882768623629,1.377618118341358,0.19100493013609507
Syltholm1.SG,Denmark,Denmark_Syltholm_LM_EN.SG,5746.0,0.8970465064048767,-0.8493921011858487,0.8063709672904837,-0.13047688183803757
HUN001.AG,Hungary,Hungary_Hun_oEastAsian.AG,1566.0,0.1156678795814514,1.6425964385316003,0.05419381211111968,-0.9930296398012177
BOG019.SG,Turkey,Turkey_Central_Bogazkoy-Hattusa_RomanImperial.SG,1725.0,0.2867333889007568,1.4675624841841415,-0.6365455539150516,0.9788353022284683
BOG020.SG,Turkey,Turkey_Central_Bogazkoy-Hattusa_RomanImperial.SG,1790.0,0.8838925361633301,1.4339222776964269,-0.5967546493265535,0.9402074382191993
BOG024.SG,Turkey,Turkey_Central_Bogazkoy-Hattusa_RomanImperial.SG,1790.0,0.3907460868358612,1.4487706220626193,-0.5768502987501419,0.948704695410565
BOG028.SG,Turkey,Turkey_Central_Bogazkoy-Hattusa_Modern.SG,500.0,0.7017395496368408,1.4326103733567728,-0.5656776735904602,0.9550611828519446
CTG025.SG,Turkey,Turkey_Aegean_Aydin_BA.SG,3834.0,0.0728370249271392,1.451696320093689,-0.6209716320455348,0.9534161264606843
G23.SG,Greece,Greece_Theopetra_EBA.SG,4185.0,0.3238903284072876,1.9436844524671675,-0.4776001813528228,2.2046187614713992
G31.SG,Greece,Greece_Perachora_EBA.SG,4400.0,0.2009402960538864,1.9015903437872497,-0.44278266176684405,2.202518658426089
G37.SG,Greece,Greece_Sarakenos_EBA.SG,4350.0,0.2240933328866958,1.8974546359998723,-0.42501669234163203,2.178244857664706
G62.SG,Greece,Greece_Perachora_EBA.SG,4400.0,0.502634584903717,1.901803549559021,-0.4658382194690017,2.16837025888162
G65.SG,Greece,Greece_Perachora_EBA.SG,4400.0,0.2566282749176025,1.9097599133894785,-0.47601838551655434,2.1904862730177923
G66.SG,Greece,Greece_Perachora_EBA.SG,4400.0,0.1191139072179794,1.8942187543927238,-0.48013305797896916,2.172702477728447
G76a.SG,Greece,Greece_Perachora_EBA.SG,4403.0,0.5200083255767822,1.885707353865811,-0.47191911261908265,2.1629871753730567
Gordion001.SG,Turkey,Turkey_Central_Gordion_IA.SG,2603.0,0.9947429299354552,1.4615938899595209,-0.6116872596496161,0.9718528560237584
Gordion002.SG,Turkey,Turkey_Central_Gordion_IA.SG,2127.0,0.0716513097286224,1.465456093832071,-0.5975435210735062,0.9542877193994566
mus005.SG,Turkey,Turkey_Central_Musular_PPN.SG,9225.0,0.8883223533630371,1.4486362399814616,-0.5872216153169315,0.9557504714595534
mus006.SG,Turkey,Turkey_Central_Musular_PPN.SG,9046.0,0.1262825280427932,1.4342495302507794,-0.5639476029977415,0.945578139186983
ulu117.SG,Turkey,Turkey_Aegean_Izmir_Ulucak_EBA.SG,5450.0,0.2854990065097809,1.44683022517297,-0.5862770031159653,0.9118453354834529
cim357.SG,Moldova,Moldova_Cimmerian.SG,2808.0,0.2268564850091934,0.6542612372043606,0.465961871152777,-0.5792555089874949
cim358.SG,Moldova,Moldova_Cimmerian.SG,2822.0,0.0855173468589782,0.6984019150915765,0.44924324205863675,-0.5855122313670448
cim359.SG,Moldova,Moldova_Cimmerian.SG,2875.0,0.4274139702320099,0.7415824062775267,0.42743082559223583,-0.609655582628809
scy009.SG,Ukraine,Ukraine_EIA_Scythian.SG,2568.0,0.8093385696411133,-0.08749003790640375,1.3837299448963336,0.17865006564151611
scy010.SG,Ukraine,Ukraine_EIA_Scythian.SG,2606.0,0.347065269947052,-0.06988276859760346,1.3865118197371165,0.17033760170128184
scy011.SG,Ukraine,Ukraine_LIA_Scythian.SG,2176.0,0.0768142789602279,-0.018670510700094237,1.3795688089353833,0.18433956311137337
scy192.SG,Moldova,Moldova_Glinoe_Scythian.SG,2225.0,0.3731015026569366,0.6799119168668029,0.4629794740127681,-0.5801754541641997
scy197.SG,Moldova,Moldova_Glinoe_Scythian.SG,2225.0,0.2656695544719696,0.6686917545635207,0.45526110412393495,-0.5751604155606754
scy300.SG,Moldova,Moldova_Glinoe_Scythian.SG,2250.0,0.3132610917091369,0.6867688165580034,0.44858109177278904,-0.5811566826099688
scy301.SG,Moldova,Moldova_Glinoe_Scythian.SG,2237.0,0.6208101511001587,0.6683630925570745,0.45838779750255015,-0.5826405161415682
scy303.SG,Moldova,Moldova_Glinoe_Scythian_o2.SG,2231.0,0.5687150359153748,0.6582986200136822,0.46244198677173665,-0.5802542516365461
scy304.SG,Moldova,Moldova_Glinoe_Scythian.SG,2213.0,0.0723236501216888,0.668784097788972,0.4589559528164203,-0.5730161922958708
scy305.SG,Moldova,Moldova_Glinoe_Scythian.SG,2254.0,0.1654451340436935,0.6918207528410631,0.45862192687748327,-0.5760893112886623
scy311.SG,Moldova,Moldova_Glinoe_Scythian.SG,2235.0,0.2530849277973175,0.681422986769999,0.46292712300838607,-0.5731614399111296
vik_84001.SG,Sweden,Sweden_Viking.SG,964.0,0.957360565662384,-0.9180324599575581,2.453271012555029,-0.5218200021022216
vik_84005.SG,Sweden,Sweden_Viking.SG,900.0,0.6290136575698853,-0.9437519913701324,2.4866557123361477,-0.5960849742316211
vik_84035.SG,Sweden,Sweden_Viking_fail.due.to.high.heterozygosity.SG,1061.0,0.1758254021406173,-0.9066949231902539,2.4155332943904027,-0.5729526422505918
vik_97002.SG,Sweden,Sweden_Viking.SG,900.0,0.0889658108353614,-0.928237934595197,2.465995800109271,-0.5867449257564016
vik_97026.SG,Sweden,Sweden_Viking.SG,900.0,0.0746042430400848,-0.9360529091429497,2.495277317002919,-0.5681810488335529
vik_grt035.SG,Sweden,Sweden_Viking.SG,994.0,0.8979783654212952,-0.9700431811379066,2.470462085799404,-0.5769158621711737
vik_grt036.SG,Sweden,Sweden_Viking.SG,870.0,0.8232897520065308,-0.9190692237914467,2.4694690520254796,-0.5857004076035464
vik_gtm021.SG,Sweden,Sweden_Viking.SG,900.0,0.3253688216209411,-0.9036048939099129,2.4241596856217473,-0.5990779075709856
vik_gtm127.SG,Sweden,Sweden_Viking.SG,900.0,0.0561202503740787,-0.8987831296538558,2.466068175175177,-0.6002855530785202
vik_KAL006.SG,Sweden,Sweden_Viking_o1.SG,900.0,0.6545429825782776,-0.9325162486495157,2.467264130644506,-0.5833599681047504
vik_kal009.SG,Sweden,Sweden_Viking_o1.SG,900.0,0.1420787870883941,-0.9187866513991124,2.471895791319186,-0.5790070582796585
vik_kls001.SG,Sweden,Sweden_Viking.SG,900.0,0.1165575683116912,-0.896101856403507,2.469003820340499,-0.6242691731882414
vik_nuf002.SG,Sweden,Sweden_Viking.SG,900.0,0.1464120745658874,-0.9114371142868958,2.482558461756853,-0.5979255062123164
vik_stg020.SG,Sweden,Sweden_Viking_o1.SG,900.0,0.14756940305233,-0.9105548391531196,2.48365917349362,-0.6126287188873238
vik_stg021.SG,Sweden,Sweden_Viking.SG,919.0,0.9199424386024476,-0.8990567438935673,2.379688183852799,-0.6827909234100829
vik_stg026.SG,Sweden,Sweden_Viking.SG,1018.0,0.4318948686122894,-0.9016689939902655,2.412801374872616,-0.5717261093460922
vik_urm035.SG,Sweden,Sweden_Viking.SG,863.0,0.2190528362989425,-0.9271330974578534,2.4286614467178693,-0.5823410502556999
vik_urm045.SG,Sweden,Sweden_Viking.SG,900.0,0.0827850177884101,-0.9179351679134887,2.4640427417865305,-0.5897889985547372
vik_urm160.SG,Sweden,Sweden_Viking.SG,798.0,0.7192122340202332,-0.9129439683583147,2.4268438649888804,-0.5739673651304149
kum6.SG,Turkey,Turkey_Marmara_Kumtepe_N.SG,5615.0,0.0989632681012153,1.4621764234858947,-0.617422292084592,0.9507974718911759
CHV001.A0101.AG,Russia,Russia_Chalmny_Varre.AG,150.0,0.6148759126663208,-0.04815087981325325,0.6883541694824606,-0.2822455125476651
CHV002.A0101.AG,Russia,Russia_Chalmny_Varre.AG,150.0,0.3424310982227325,-0.049920922558508954,0.6864449429467345,-0.32446518234570276
Ukraine_HG1.SG,Ukraine,Ukraine_Mesolithic.SG,10658.0,0.1419036090373993,-0.10348923829994192,1.3828840547559222,0.17222022877325688
Ukraine_N1.SG,Ukraine,Ukraine_N_son.I1732.SG,7300.0,0.1366246789693832,-0.0686381357510093,1.3993076425736117,0.1824403490160968
Latvia_HG2.SG,Latvia,Latvia_Mesolithic.SG,7677.0,0.9579095840454102,-0.6365141373348907,0.3883725977041975,0.03321511274352723
Latvia_MN1.SG,Latvia,Latvia_MN_o1.SG,6071.0,0.1358112245798111,-0.6311645479879948,0.3876647726318261,0.032157996602216944
Latvia_HG3.SG,Latvia,Latvia_Mesolithic.SG,7033.0,0.5470453500747681,-0.6413243376207105,0.38019132081552987,0.027968389863857225
Latvia_LN1.SG,Latvia,Latvia_LN_CordedWare.SG,4842.0,0.1830605119466781,-0.6504177570875316,0.38507759307942885,0.026948369051022047
Latvia_MN2.SG,Latvia,Latvia_MN_Comb_Ware.SG,5997.0,0.6546978950500488,-0.6198866838366893,0.44405363463466596,-0.0014606162042689979
Latvia_HG1.SG,Latvia,Latvia_Mesolithic.SG,8316.0,0.6535932421684265,-0.6345528804996947,0.39583546148328774,0.030347874693556792
pcw040.SG,Poland,Poland_Southeast_CordedWare.SG,4400.0,0.8678075671195984,-0.2340707702289748,1.8153336979061563,-0.5212572825359705
pcw041.SG,Poland,Poland_Southeast_CordedWare_father.or.son.pcw040.SG,4400.0,0.2325644642114639,-0.14899801439266475,1.8070402316967222,-0.5127649917059917
pcw061.SG,Poland,Poland_Southeast_CordedWare.SG,4321.0,0.4193889200687408,-0.1566384737305133,1.82401963605118,-0.5037331202564833
pcw070.SG,Poland,Poland_Southeast_CordedWare.SG,4321.0,0.4864304065704345,-0.19951563747253367,1.843950738939945,-0.5145052418194536
pcw191.SG,Poland,Poland_Southeast_CordedWare_MC.SG,4237.0,0.0801540613174438,-0.15827463026457414,1.8647800609917566,-0.4860346413322853
pcw211.SG,Poland,Poland_Southeast_CordedWare.SG,4300.0,0.4897572100162506,-0.17937587205493952,1.831647655361315,-0.5098351503817451
pcw212.SG,Poland,Poland_Southeast_CordedWare.SG,4460.0,0.0835392624139785,-0.20880192979559717,1.848976857624144,-0.5339816181492023
pcw250.SG,Poland,Poland_Southeast_CordedWare.SG,4300.0,0.0722547098994255,-0.1809983914493841,1.864117247045422,-0.49696340913342807
pcw260.SG,Poland,Poland_Southeast_BellBeaker.SG,4237.0,0.7486693263053894,-0.18514904196268725,1.8665201110462173,-0.5163771742230494
pcw270.SG,Poland,Poland_Southeast_BellBeaker.SG,4250.0,0.0768637508153915,-0.16156639647395984,1.8739768184379073,-0.47622106343853426
pcw280.SG,Poland,Poland_Southeast_BellBeaker.SG,4250.0,0.3126852810382843,-0.15658975287646532,1.8511595704917516,-0.5144147306026392
pcw350.SG,Poland,Poland_Southeast_CordedWare.SG,4293.0,0.1678911745548248,-0.16918644283935882,1.9099082954075075,-0.5382598116596183
pcw361.SG,Poland,Poland_Southeast_CordedWare.SG,4300.0,0.9026344418525696,-0.22687847161552846,1.7886322563276975,-0.4701438171839441
pcw362.SG,Poland,Poland_Southeast_CordedWare.SG,4305.0,0.9728299975395204,-0.23848444291664872,1.8049603733974178,-0.48102222540520884
pcw430.SG,Poland,Poland_Southeast_CordedWare.SG,4300.0,0.1069818437099456,-0.17834634739799968,1.8514895279915966,-0.5391193793738481
ajv54.SG,Sweden,Sweden_PWC.SG,4849.0,0.5081260204315186,-0.8772756143395796,2.436382962418823,-0.5523248474701844
ber1M.SG,Sweden,Sweden_BAC.SG,4483.0,0.931956112384796,-0.9635432911375263,2.383850608746978,-0.6498287887936156
ber2F.SG,Sweden,Sweden_BAC.SG,4492.0,0.2574538886547088,-0.9024165130995726,2.5006507977293126,-0.5266290373710597
EKA1.SG,Estonia,Estonia_CordedWare.SG,4195.0,0.8445190787315369,-1.1494410380029012,1.6344153939999517,-0.189540081062726
oll007.SG,Sweden,Sweden_BAC.SG,4617.0,0.6905831694602966,-0.9641186531497506,2.4837478609711865,-0.5808488605766488
oll009.SG,Sweden,Sweden_Late_N.SG,3787.0,0.5297673344612122,-0.8981608969847796,2.407802496743157,-0.5793245424037079
oll010.SG,Sweden,Sweden_Late_N.SG,3704.0,0.1722706854343414,-0.9484643050861425,2.4802776273147593,-0.5934996308891403
poz44.SG,Poland,Poland_CordedWare.SG,4663.0,0.0885903090238571,-0.13843255540691934,1.8488105668556487,-0.44515678964219274
poz81.SG,Poland,Poland_CordedWare.SG,4702.0,0.7892730832099915,-0.2205696312246211,1.7591639926295486,-0.48348411170598193
ros005_renamed.SG,Sweden,Sweden_FBC.SG,4955.0,0.4887491166591644,-0.9350769863148524,2.4768179606108696,-0.6013464630155917
ros3.SG,Sweden,Sweden_FBC.SG,5084.0,0.3018524646759033,-0.9321033361009291,2.4864188584226063,-0.5920656753131655
AMC001.AG,Italy,Italy_Sardinia_Roman_o.AG,1772.0,0.1332475841045379,-0.08970758628438688,-0.7252176474955804,0.39805062710815453
AMC005.AG,Italy,Italy_Sardinia_Roman.AG,1775.0,0.1145154163241386,-0.07709516182758624,-0.7278149159015502,0.4236821834638683
AMC014.AG,Italy,Italy_Sardinia_Roman.AG,1745.0,0.3168328404426574,-0.055852811079285664,-0.6696663390734063,0.4080424897095177
COR001.AG,Italy,Italy_Sardinia_EarlyMedieval_o_1d.rel.COR002.AG,1017.0,0.6422016620635986,-0.08706798675343771,-0.7392368596834663,0.3702688837168753
COR002.AG,Italy,Italy_Sardinia_EarlyMedieval_o.AG,1106.0,0.7212024331092834,-0.09779053366052866,-0.7475266425945588,0.47489080883375234
FIL004.AG,Italy,Italy_Sardinia_C.AG,5155.0,0.1060734987258911,-0.04007477403705688,-0.7503279011653521,0.41073217184153155
S1249.AG,Italy,Italy_Sardinia_EBA.AG,3650.0,0.1086063161492347,-0.09613280275476098,-0.6774876348040576,0.42544882035084763
S1252.AG,Italy,Italy_Sardinia_EBA.AG,3650.0,0.3465291857719421,-0.0758960538064697,-0.6882977140427413,0.3588871088656592
ISB001.AG,Italy,Italy_Sardinia_EBA.AG,3735.0,0.6743554472923279,-0.11325608752617303,-0.7588485513063856,0.3500040952605397
ISC001.AG,Italy,Italy_Sardinia_EBA_Nuragic.AG,4175.0,0.7079690098762512,-0.07934562542933157,-0.740140924786195,0.3708510558143502
LON001.AG,Italy,Italy_Sardinia_EBA.AG,3775.0,0.6393890380859375,-0.10973238193955498,-0.7141318956425464,0.34427597829401424
LON003.AG,Italy,Italy_Sardinia_N.AG,6274.0,0.3375398218631744,-0.06587313680279121,-0.7582974625866151,0.38720595860998247
MA110.AG,Italy,Italy_Sardinia_BA_Nuragic_o.AG,3097.0,0.8445993661880493,-0.13151708423964725,-0.7637482233806703,0.37762939277645124
MA112_renamed.AG,Italy,Italy_Sardinia_BA_Nuragic_o.AG,3111.0,0.1273733526468277,-0.08698620174386924,-0.6854931776501734,0.4076124673580747
MA138.AG,Italy,Italy_Sardinia_BA_Nuragic_o.AG,3096.0,0.0691103860735893,-0.05726499110326594,-0.7516061787336017,0.41535303279893804
MA79.AG,Italy,Italy_Sardinia_N_o.AG,6045.0,0.4743705093860626,-0.11074038630343279,-0.69857461665146,0.3916755722887429
MA82.AG,Italy,Italy_Sardinia_BA_Nuragic_o.AG,3427.0,0.5294923782348633,-0.09599076952577688,-0.865529654642469,0.3943773905265746
MA85.AG,Italy,Italy_Sardinia_EBA_o.AG,3881.0,0.147262841463089,-0.11453892813308143,-0.7403394496543338,0.38653150700866135
MA88.AG,Italy,Italy_Sardinia_EBA_o.AG,4177.0,0.5896150469779968,-0.09448205328965063,-0.7240603835404056,0.4121802501068169
MSR002.AG,Italy,Italy_Sardinia_IA_Punic_2.AG,2674.0,0.3133130073547363,-0.049255613223570895,-0.7283594093069519,0.39015145915736726
MSR003.AG,Italy,Italy_Sardinia_IA_Punic_2.AG,2500.0,0.3990501463413238,0.011799350784411881,-0.7045919715905474,0.4056648452395293
NOE002.AG,Italy,Italy_Sardinia_N.AG,6132.0,0.0564608797430992,-0.07869856790725513,-0.7380434329088456,0.4183580475921111
ORC001.AG,Italy,Italy_Sardinia_BA_Nuragic.AG,3163.0,0.6692476272583008,-0.1171930919852474,-0.7686886132688112,0.3896955174830872
ORC002.AG,Italy,Italy_Sardinia_IA_Punic_2.AG,2249.0,0.7706041932106018,-0.15680528368154792,-0.7420985633534184,0.3951542474670041
ORC003.AG,Italy,Italy_Sardinia_BA_Nuragic.AG,3181.0,0.7144766449928284,-0.12518375311051969,-0.7582216113497933,0.3544157994686779
ORC004.AG,Italy,Italy_Sardinia_BA_Nuragic.AG,3226.0,0.424285888671875,-0.10341628503508364,-0.7442985656862116,0.35399261636355567
ORC005.AG,Italy,Italy_Sardinia_BA_Nuragic.AG,3140.0,0.6876926422119141,-0.10218827516382586,-0.7663987512350091,0.39072485400266393
ORC006.AG,Italy,Italy_Sardinia_BA_Nuragic.AG,3123.0,0.6638518571853638,-0.0909960674087116,-0.7259067194995534,0.36231548860325924
ORC007.AG,Italy,Italy_Sardinia_BA_Nuragic.AG,3173.0,0.7123428583145142,-0.08873772263187413,-0.7890229811272162,0.35080455584173126
ORC008.AG,Italy,Italy_Sardinia_BA_Nuragic.AG,3023.0,0.6940291523933411,-0.10539907214204461,-0.7624033459461456,0.34973910273815034
ORC009.AG,Italy,Italy_Sardinia_BA_Nuragic.AG,3062.0,0.7017030715942383,-0.09699604329686726,-0.853847023032204,0.45974658795826323
PJU002.AG,Italy,Italy_Sardinia_EBA.AG,4145.0,0.1272663027048111,-0.09196719113680392,-0.7810684945207766,0.38029512115036296
SEC001.AG,Italy,Italy_Sardinia_LateC.AG,4237.0,0.714582085609436,-0.08983970284542016,-0.7303596983329677,0.38773471708404494
SEC002.AG,Italy,Italy_Sardinia_LateC.AG,4352.0,0.7771742939949036,-0.1280780662771081,-0.7639180355919388,0.3487985076771055
SEC004.AG,Italy,Italy_Sardinia_LateC.AG,4337.0,0.5361646413803101,-0.11777074146141836,-0.7805219293572564,0.3829460240962985
SEC005.AG,Italy,Italy_Sardinia_LateC.AG,4348.0,0.6972805857658386,-0.10935346499260037,-0.7932969602847137,0.3306369584214412
SEC006.AG,Italy,Italy_Sardinia_LateC.AG,4331.0,0.6697674989700317,-0.08376472508944398,-0.7455887852871372,0.3724386515420037
SID005.AG,Italy,Italy_Sardinia_N.AG,6095.0,0.1046314984560012,-0.07497168932527834,-0.72530116035974,0.41445335997596955
SID006.AG,Italy,Italy_Sardinia_C.AG,4663.0,0.1015625968575477,-0.10608429524577587,-0.7727799303058658,0.381298666335379
SNN001.AG,Italy,Italy_Sardinia_Medieval_o1.AG,603.0,0.1080264374613761,-0.043310034821893086,-0.7778155811367261,0.39279996931465466
SNN002.AG,Italy,Italy_Sardinia_Medieval_o2.AG,604.0,0.1179079189896583,-0.05439319062784021,-0.697896424345314,0.36840661606794245
SNN003.AG,Italy,Italy_Sardinia_Medieval.AG,481.0,0.3485032320022583,-0.04818295381727833,-0.6858322397384021,0.3961810835178181
SNN004.AG,Italy,Italy_Sardinia_Medieval.AG,674.0,0.1934302449226379,-0.09337660747252866,-0.6823060916376091,0.373332793903852
SUA002.AG,Italy,Italy_Sardinia_EBA.AG,4076.0,0.5902217030525208,-0.09145368112609775,-0.7597038396040438,0.3718641394704633
SUA003.AG,Italy,Italy_Sardinia_BA_Nuragic.AG,3112.0,0.1650193482637405,-0.12788345250096497,-0.7246858580685759,0.3505704548045788
SUA006.AG,Italy,Italy_Sardinia_BA_Nuragic.AG,3128.0,0.2872540652751922,-0.09001800011445457,-0.7174783986766314,0.3862338662105176
SUA007.AG,Italy,Italy_Sardinia_EBA.AG,3904.0,0.1932761520147323,-0.0608076666377237,-0.7304003104994304,0.3979861694327635
SUC001.AG,Italy,Italy_Sardinia_EBA.AG,4020.0,0.6391546726226807,-0.13902650847925416,-0.7311934674871124,0.33152540295585525
SUC002.AG,Italy,Italy_Sardinia_EBA_Nuragic_mother.SUC003.AG,4081.0,0.5966149568557739,-0.12612641988756643,-0.8116659568432406,0.3777185502417359
SUC003.AG,Italy,Italy_Sardinia_EBA.AG,3963.0,0.6284369826316833,-0.14956680824247962,-0.7171315945525533,0.3892611456990598
SUC004.AG,Italy,Italy_Sardinia_EBA.AG,4185.0,0.6631025075912476,-0.11913907029663981,-0.7267796619347596,0.39555415680016165
SUC005.AG,Italy,Italy_Sardinia_EBA.AG,4146.0,0.670602023601532,-0.08912745844082695,-0.7306634377382057,0.37464843168283574
SUC006.AG,Italy,Italy_Sardinia_EBA.AG,4347.0,0.5290082097053528,-0.033943512838932384,-0.7257653666509413,0.41612715874871
SUC007.AG,Italy,Italy_Sardinia_EBA.AG,4321.0,0.6087859869003296,-0.2224854274881717,-0.7388520286694343,0.33879912407693596
SUC008.AG,Italy,Italy_Sardinia_N.AG,5817.0,0.6697439551353455,-0.13199871347466965,-0.7823972249726847,0.38461268444414337
SUC009.AG,Italy,Italy_Sardinia_EBA.AG,3667.0,0.6489501595497131,-0.07597119909073369,-0.7163139680658157,0.4201068894740529
VIL006.AG,Italy,Italy_Sardinia_IA_Punic_1.AG,2622.0,0.4040525257587433,-0.0575757724673964,-0.7673426562133848,0.44959432837987906
VIL007.AG,Italy,Italy_Sardinia_IA_Punic_1.AG,2409.0,0.3853852450847626,-0.05168112125468936,-0.765042949661792,0.386820642565661
VIL009.AG,Italy,Italy_Sardinia_IA_Punic_1.AG,2400.0,0.0696464702486991,-0.032114652292485515,-0.7313795513624122,0.4189869813745776
VIL010.AG,Italy,Italy_Sardinia_IA_Punic_1.AG,2741.0,0.1506310105323791,-0.02058179583714314,-0.7111183031535884,0.39532885221734965
VIL011.AG,Italy,Italy_Sardinia_IA_Punic_1.AG,2754.0,0.3119788765907287,-0.08234571120566107,-0.7338432826234998,0.34517409610332395
VK108.SG,Sweden,Sweden_Viking.SG,950.0,0.5819095373153687,-0.9345934007196374,2.45544859254865,-0.5675266211749772
VK113.SG,Norway,Norway_Medieval_o.SG,750.0,0.1272590011358261,-0.5999027610688599,1.5732728349364211,-1.013222668670867
VK114.SG,Norway,Norway_Medieval.SG,750.0,0.1776874959468841,-0.5953282009646899,1.567693108032453,-0.9856906591908284
VK117.SG,Norway,Norway_Medieval.SG,750.0,0.2486867606639862,-0.5916846280129469,1.5953022173101201,-0.9901785773410426
VK118.SG,Norway,Norway_Medieval.SG,750.0,0.970844566822052,-0.6005834717412822,1.593391936427027,-1.0413838937054032
VK124.SG,Norway,Norway_Medieval.SG,750.0,0.193103402853012,-0.5963292272871691,1.5754243086312323,-1.0063987377921386
VK134.SG,Denmark,Denmark_Viking_o2.SG,1000.0,0.4898585677146911,-0.9055673947451154,0.8879996005181684,-0.15901714642588924
VK138.SG,Denmark,Denmark_Viking.SG,1000.0,0.31153604388237,-0.9144373561288073,0.8687837131315729,-0.1635911493422557
VK139.SG,Denmark,Denmark_Viking.SG,1000.0,0.4394795596599579,-0.8999405119518792,0.8701525706545615,-0.14920378577536525
VK141.SG,Denmark,Denmark_Viking.SG,1000.0,0.848268449306488,-0.8820992569118307,0.8404487991864527,-0.14898813555584495
VK143.SG,UnitedKingdom,England_Viking.SG,1010.0,0.6392170786857605,-1.4621808199928699,0.14233744245902621,0.557422251010742
VK144.SG,UnitedKingdom,England_Viking.SG,1010.0,0.149817556142807,-1.4622787521218648,0.10920430135763383,0.6118498559009452
VK145.SG,UnitedKingdom,England_Viking.SG,1010.0,0.6604309678077698,-1.3694958952848555,0.17086279669925575,0.5550581544970756
VK146.SG,UnitedKingdom,England_Viking.SG,1010.0,0.6834834814071655,-1.5703750257767406,0.08709726070495868,0.6983332140912055
VK147.SG,UnitedKingdom,England_Viking.SG,1010.0,0.5570566058158875,-1.447603164607978,0.1271955674233253,0.5806839506724978
VK14.SG,Russia,Russia_Viking.SG,900.0,0.1618068963289261,-0.14514326381424825,0.7412373722012382,-0.26538181780739156
VK150.SG,UnitedKingdom,England_Viking_o.SG,1010.0,0.6447182893753052,-1.5480459293213746,0.2626284159056125,0.5739645166604743
VK151.SG,UnitedKingdom,England_Viking.SG,1010.0,0.669765055179596,-1.4785348460361518,0.24246864789127365,0.5477692392780326
VK153.SG,Poland,Poland_Viking_father.or.son.VK156.SG,950.0,0.0695183277130127,-0.22216835633718962,1.8192170667245888,-0.5503558591424587
VK154.SG,Poland,Poland_Viking.SG,950.0,0.9240170121192932,-0.22599752344469123,1.8871682652549437,-0.5312002351303323
VK155.SG,Poland,Poland_Viking_1d.rel.VK157.SG,950.0,0.2568594217300415,-0.20442639717005445,1.903507713587029,-0.5134790495369155
VK156.SG,Poland,Poland_Viking.SG,950.0,0.6197923421859741,-0.18915797518673338,1.8677801363667434,-0.5118935912607386
VK157.SG,Poland,Poland_Viking.SG,950.0,0.5494678616523743,-0.16814404344300005,1.870371798134209,-0.4971624012576734
VK159.SG,Russia,Russia_Viking.SG,950.0,0.3241952955722809,-0.1041889479133496,0.7071479058321595,-0.25567347076897373
VK15.SG,Russia,Russia_Viking.SG,900.0,0.7322437167167664,-0.08717049272952314,0.7757463338654419,-0.316487473836408
VK160.SG,Russia,Russia_Viking_o.SG,850.0,0.8244803547859192,-0.15109751831082788,0.7087743708115728,-0.26149482803278146
VK165.SG,UnitedKingdom,England_Viking.SG,1010.0,0.6565640568733215,-1.502984753628754,0.20096666199422603,0.5047159977139161
VK166.SG,UnitedKingdom,England_Viking.SG,1010.0,0.9593734741210938,-1.5146683169851123,0.14778618262208804,0.6184646382692136
VK167.SG,UnitedKingdom,England_Viking.SG,1010.0,0.5849824547767639,-1.4811081940784285,0.16939373798164112,0.5585505254763335
VK168.SG,UnitedKingdom,England_Viking.SG,1010.0,0.692398190498352,-1.4234457495899118,0.22940428492976467,0.5509172944709015
VK16.SG,Russia,Russia_Viking.SG,900.0,0.2189409136772155,-0.1251432335987519,0.6980741320059703,-0.26580199953960176
VK170.SG,UnitedKingdom,IsleOfMan_Viking.SG,1050.0,0.7178034782409668,-1.4140798320147183,0.1854908476828135,0.6367991666025359
VK171.SG,UnitedKingdom,England_Viking.SG,945.0,0.0994085222482681,-1.540382108554053,0.10657942004246736,0.5796842240561793
VK172.SG,UnitedKingdom,England_Viking.SG,1010.0,0.6889659762382507,-1.4809890742943612,0.20435862519206835,0.5192909928851391
VK173.SG,UnitedKingdom,England_Viking.SG,1010.0,0.6995554566383362,-1.4209380646376495,0.1995982386699584,0.5062158271742291
VK174.SG,UnitedKingdom,England_Viking.SG,1010.0,0.6018062829971313,-1.4886210206424968,0.13093486159982606,0.5518670570173394
VK175.SG,UnitedKingdom,England_Viking.SG,1010.0,0.5741764307022095,-1.4351312304427557,0.08468811780599671,0.560341425140029
VK176.SG,UnitedKingdom,England_Viking.SG,1010.0,0.8976799249649048,-1.5086533664718982,0.16553224791148774,0.5678373269944126
VK177.SG,UnitedKingdom,England_Viking.SG,1010.0,0.6367937922477722,-1.428050117291624,0.041087036492044135,0.7686009331165145
VK178.SG,UnitedKingdom,England_Viking_o.SG,1010.0,0.5408353209495544,-1.4900432542251847,0.13892174997839662,0.5850722916680835
VK17.SG,Russia,Russia_Viking.SG,900.0,0.4346020817756653,-0.10082082283952652,0.7523765394621282,-0.24507567304056416
VK18.SG,Russia,Russia_Viking_o.SG,900.0,0.5771804451942444,-0.12866471165424978,0.7051072048213057,-0.27112967107811564
VK19.SG,Russia,Russia_Viking.SG,900.0,0.4709625840187073,-0.11437918009715646,0.7045122172991239,-0.29299545518345615
VK201.SG,UnitedKingdom,Scotland_Viking_o.SG,1460.0,0.7691208720207214,-1.511523874823756,0.2738728797215317,0.5993344737200658
VK202.SG,UnitedKingdom,Scotland_Viking.SG,1000.0,0.6690172553062439,-1.4860823590043895,0.1864299743148559,0.5463533610377683
VK203.SG,UnitedKingdom,Scotland_Viking.SG,1589.0,0.7407894134521484,-1.536715471504566,0.13257711613307466,0.6177022064723037
VK204.SG,UnitedKingdom,Scotland_Viking.SG,1000.0,0.6651276350021362,-1.4959832412761696,0.10406004708287254,0.5333936941754719
VK205.SG,UnitedKingdom,Scotland_Viking_o.SG,1020.0,0.721771776676178,-1.5466834230133806,0.1796921030519412,0.6110804037494744
VK207.SG,UnitedKingdom,Scotland_Viking.SG,930.0,0.5168566703796387,-1.4944661937397294,0.0713288451567639,0.5888490789411426
VK208.SG,UnitedKingdom,Scotland_Viking.SG,1112.0,0.0644964799284935,-1.503826720563753,0.08288645773927106,0.5596028969000328
VK20.SG,Russia,Russia_Viking.SG,900.0,0.412218689918518,-0.09847714163796438,0.7495578286050607,-0.29670640740248844
VK211.SG,Poland,Poland_Medieval_2.SG,800.0,0.0957678481936454,-0.1703072127832498,1.9254042603867714,-0.6196347816941009
VK212.SG,Poland,Poland_Viking.SG,908.0,0.2986310720443725,-0.19705270276214232,1.8507520323771545,-0.5021353565980543
VK213.SG,Denmark,Denmark_IA.SG,1561.0,0.1168381869792938,-0.9264199677010957,0.8889861706744933,-0.20799738219939976
VK214.SG,Denmark,Denmark_LN_BA.SG,3838.0,0.127491757273674,-0.9166676462400885,0.8515382379829535,-0.1552112992579555
VK215.SG,Denmark,Denmark_Viking.SG,1100.0,0.0714007094502449,-0.9184099360527498,0.8717784404948953,-0.16968050066673881
VK217.SG,Sweden,Sweden_Viking.SG,950.0,0.1359831541776657,-0.9223783601583159,2.4593323172780575,-0.5979277494828038
VK218.SG,Russia,Russia_Viking.SG,900.0,0.4742731750011444,-0.08624520854681114,0.6889630762207982,-0.2742484534656613
VK219.SG,Russia,Russia_Viking.SG,950.0,0.8052915930747986,-0.14783048706160673,0.7265161991316542,-0.27456229957788825
VK21.SG,Russia,Russia_Viking_o.SG,900.0,0.168899267911911,-0.10242212799735638,0.715161958596764,-0.2912239914564938
VK220.SG,Russia,Russia_Viking.SG,900.0,0.8518198728561401,-0.0980946721425838,0.7054027218586142,-0.31112381815359647
VK221.SG,Russia,Russia_Viking.SG,1050.0,0.8755438923835754,-0.05121633944917566,0.6952646338458067,-0.3267065110923606
VK223.SG,Russia,Russia_Viking.SG,950.0,0.292743057012558,-0.17909144794523052,0.754736215529754,-0.27230670652153033
VK224.SG,Russia,Russia_Viking.SG,950.0,0.1982939392328262,-0.11339771696113432,0.7171170086808742,-0.27451761512996514
VK22.SG,Russia,Russia_Viking.SG,900.0,0.1280497461557388,-0.10330616342644726,0.7035427658368989,-0.3366022596984711
VK232.SG,Sweden,Sweden_Viking.SG,975.0,0.2711966633796692,-0.9000222200925191,2.423829130249469,-0.5443354409279627
VK234.SG,Denmark,Faroes_EarlyModern_1d.rel.VK236.VK25.SG,350.0,0.5320308804512024,-0.9284578331365789,0.8967558804526861,-0.13363934697473515
VK236.SG,Denmark,Faroes_EarlyModern_1d.rel.VK234.VK25.SG,350.0,0.7733122110366821,-0.8986022412790958,0.8787157272120361,-0.17620273072265555
VK237.SG,Denmark,Faroes_EarlyModern.SG,350.0,0.8308809399604797,-0.9239566752699688,0.8614150040488491,-0.15382511061051474
VK238.SG,Denmark,Faroes_EarlyModern.SG,350.0,0.7636837363243103,-0.9197308494677718,0.8453316967394922,-0.1646365784894044
VK23.SG,Russia,Russia_Viking.SG,900.0,0.3013853132724762,-0.10184972370884025,0.6792934944682191,-0.2731454068008899
VK240.SG,Denmark,Faroes_EarlyModern.SG,350.0,0.5398240089416504,-0.9237981627197873,0.8583995044810199,-0.13127371899547427
VK241.SG,Denmark,Faroes_EarlyModern.SG,350.0,0.5345028638839722,-0.8915952600382007,0.8529170537928576,-0.18174988040602677
VK242.SG,Denmark,Faroes_EarlyModern.SG,350.0,0.467906653881073,-0.9001430115318192,0.8448865808681222,-0.17182952517982913
VK244.SG,Denmark,Faroes_EarlyModern.SG,350.0,0.4551460444927215,-0.9210415040023301,0.8778255151643536,-0.1311757291040387
VK245.SG,Denmark,Faroes_EarlyModern_o1.SG,350.0,0.6645153164863586,-0.9201908379885846,0.8655765323144013,-0.149208105161437
VK248.SG,Denmark,Faroes_EarlyModern.SG,350.0,0.0806674361228942,-0.9176959436606849,0.8806682723278467,-0.1701504417574214
VK24.SG,Denmark,Faroes_Viking.SG,900.0,0.1824043989181518,-0.9387537923598452,0.892961364759794,-0.139209390563312
VK254.SG,Russia,Russia_Viking.SG,950.0,0.4253791272640228,-0.1310740434309902,0.7801152273843974,-0.304921299503552
VK255.SG,Russia,Russia_Viking.SG,950.0,0.0741403400897979,-0.14259397160527,0.7143147010320972,-0.26055384737725157
VK256.SG,UnitedKingdom,England_Viking.SG,953.0,0.7386466860771179,-1.4905517827774677,0.10276284337758448,0.5496736794011752
VK257.SG,UnitedKingdom,England_Viking.SG,953.0,0.6283737421035767,-1.5259905787198562,0.16772568668004326,0.546728537953192
VK258.SG,UnitedKingdom,England_Viking.SG,953.0,0.6351408958435059,-1.429685058235449,0.2101269688364867,0.591972669732743
VK259.SG,UnitedKingdom,England_Viking.SG,953.0,0.691618800163269,-1.482545576363281,0.21738262633555486,0.4774155929105361
VK25.SG,Denmark,Faroes_EarlyModern.SG,350.0,0.8723955154418945,-0.9322036280404837,0.864168369809415,-0.1925635220920713
VK260.SG,UnitedKingdom,England_Viking.SG,953.0,0.5900529623031616,-1.4426943007293132,0.10042092292916092,0.5564100618311862
VK261.SG,UnitedKingdom,England_Viking.SG,953.0,0.6461148262023926,-1.476569522250989,0.11212412755396531,0.51116863637518
VK262.SG,UnitedKingdom,England_Viking.SG,953.0,0.6957493424415588,-1.5511958471069145,0.114015290182708,0.5245237182699406
VK263.SG,UnitedKingdom,England_Viking.SG,953.0,0.737171471118927,-1.450598905562616,0.15797362607403134,0.6019629262364103
VK265.SG,Sweden,Sweden_Viking.SG,1000.0,0.663282573223114,-0.9192639890705265,2.456704933999316,-0.5876689924954742
VK266.SG,Sweden,Sweden_Viking.SG,1000.0,0.5128023624420166,-0.9387539465735979,2.475579864393671,-0.6230745212025945
VK268.SG,Sweden,Sweden_Viking.SG,1000.0,0.1492003798484802,-0.9180723824876426,2.5132287161593045,-0.584478236216625
VK269.SG,Sweden,Sweden_Viking.SG,1000.0,0.0700471103191375,-0.9667771231200472,2.4651363698417548,-0.6485705246503611
VK272.SG,Russia,Russia_Viking.SG,950.0,0.1956159472465515,-0.12763581800248439,0.7311646052805526,-0.2986361583289198
VK273.SG,Russia,Russia_Viking.SG,950.0,0.6568649411201477,-0.13767844712579724,0.7423709072477864,-0.26952203628210547
VK274.SG,Denmark,Denmark_Viking.SG,1000.0,0.8300471901893616,-0.9611582533715362,0.8998356833230887,-0.17628767963417033
VK275.SG,Denmark,Denmark_Viking.SG,1000.0,0.3742547631263733,-0.912661471980577,0.8550312730554918,-0.15131384715877372
VK276.SG,Denmark,Denmark_Viking.SG,1000.0,0.1085860431194305,-0.9042871661864276,0.8156698878344825,-0.15553026478812532
VK278.SG,Denmark,Denmark_Viking.SG,1000.0,0.487001359462738,-0.93552751157109,0.9074257456821426,-0.15569323226956616
VK279.SG,Denmark,Denmark_Viking.SG,1000.0,0.9127576351165771,-0.9477999895683127,0.8769945976703079,-0.1605381451623111
VK27.SG,Denmark,Faroes_EarlyModern.SG,350.0,0.2503525912761688,-0.9306044952313155,0.8625307819252895,-0.18279054600764816
VK280.SG,Denmark,Denmark_Viking.SG,1000.0,0.2922069728374481,-0.8819076582235837,0.8531441449994717,-0.14725822169598654
VK281.SG,Denmark,Denmark_Viking.SG,1000.0,0.8848828077316284,-0.8958467878450107,0.8617842427929615,-0.16313717373903963
VK282.SG,Denmark,Denmark_Viking.SG,1000.0,0.375267744064331,-0.9042627855897353,0.8560034295300366,-0.17864803953121114
VK284.SG,Denmark,Denmark_Viking.SG,1000.0,0.67787766456604,-0.9021000599087804,0.8838007238732114,-0.14982792036675224
VK285.SG,Denmark,Denmark_Viking.SG,1000.0,0.4866858720779419,-0.9028393259367631,0.8752253585724472,-0.1507543870833329
VK286.SG,Denmark,Denmark_Viking.SG,1000.0,0.5721107721328735,-0.9475632723708018,0.8704853968458506,-0.1666282732269831
VK287.SG,Denmark,Denmark_Viking.SG,1000.0,0.4018968045711517,-0.929228819239024,0.8634576589283494,-0.16867021626495224
VK288.SG,Denmark,Denmark_Viking.SG,1000.0,0.570243775844574,-0.9267876521089152,0.8692056350240684,-0.1679487278725126
VK289.SG,Denmark,Denmark_Viking.SG,1100.0,0.5593598484992981,-0.9044369899375223,0.8709911816990472,-0.17125523399865764
VK290.SG,Denmark,Denmark_Viking.SG,1000.0,0.7731759548187256,-0.9541318300457879,0.8530155143949041,-0.17777988140104942
VK291.SG,Denmark,Denmark_Viking.SG,1100.0,0.6908231973648071,-0.9237660190591606,0.8537779573458041,-0.15174380390328948
VK292.SG,Denmark,Denmark_Viking.SG,1000.0,0.0944580435752868,-0.9141261075857835,0.8648720407077052,-0.1643065723419084
VK294.SG,Denmark,Denmark_Viking.SG,1075.0,0.6728169322013855,-0.936167318830448,0.8549766221561064,-0.14886868069968542
VK295.SG,Denmark,Denmark_Viking.SG,1000.0,0.4586885869503021,-0.9424060879759986,0.850597310272164,-0.14214003735132819
VK296.SG,Denmark,Denmark_EarlyViking.SG,1230.0,0.3710090517997741,-0.8895048815886687,0.8897538140784442,-0.1659307641338026
VK297.SG,Denmark,Denmark_EarlyViking.SG,1200.0,0.5003759264945984,-0.9114853164242211,0.8670266879789607,-0.19491679832358833
VK298.SG,Denmark,Denmark_Viking.SG,1050.0,0.3424927294254303,-0.9346899340417819,0.8565813851747964,-0.12780366693817136
VK29.SG,Sweden,Sweden_Viking.SG,900.0,0.8830863833427429,-0.8945230516573892,2.5004045366203385,-0.565981193675248
VK300.SG,Denmark,Denmark_Viking.SG,1075.0,0.402953565120697,-0.9098812451842816,0.8463462748678284,-0.16943284213832724
VK301.SG,Denmark,Denmark_Viking.SG,1185.0,0.5360406041145325,-0.9145781134453782,0.8620318218509876,-0.17310280653212592
VK303.SG,Sweden,Sweden_Viking.SG,900.0,0.9086586833000184,-0.9449930442940447,2.4679736527018985,-0.6228251625068218
VK306.SG,Sweden,Sweden_Viking.SG,900.0,0.6800349950790405,-0.9704307906843301,2.426873828606784,-0.5829371864534604
VK308.SG,Sweden,Sweden_Viking.SG,900.0,0.7922025322914124,-0.9191790437221578,2.415783648611805,-0.5095802144027675
VK309.SG,Sweden,Sweden_Viking.SG,900.0,0.2753312289714813,-0.9049869126277749,2.434871615835696,-0.5792225376863053
VK30.SG,Sweden,Sweden_Viking.SG,900.0,0.4777954518795013,-0.8818611184082222,2.448922638011837,-0.593068643190876
VK312.SG,Denmark,Denmark_Viking.SG,1075.0,0.3107209801673889,-0.9322529413353894,0.9164893702125654,-0.15893656427096642
VK313.SG,Denmark,Denmark_Viking.SG,1075.0,0.2872775793075561,-0.9196557044334949,0.8574662369078233,-0.17820974731583028
VK314.SG,Denmark,Denmark_Viking.SG,1075.0,0.2629177570343017,-0.9035956037116641,0.8340582630692285,-0.13421235239274967
VK315.SG,Denmark,Denmark_Viking.SG,1075.0,0.4466157257556915,-0.8819268711812742,0.8614797518233024,-0.1685044836165186
VK316.SG,Denmark,Denmark_Viking.SG,1000.0,0.7780858874320984,-0.8950529488903065,0.8447684878772755,-0.14179191712721487
VK317.SG,Denmark,Denmark_Viking_o1.SG,1000.0,0.7212178707122803,-0.9108183971067444,0.8809074190750795,-0.18191203215670287
VK319.SG,Denmark,Denmark_Viking.SG,1150.0,0.4361713826656341,-0.9109800322700401,0.8787435384667787,-0.1754694452942773
VK31.SG,Sweden,Sweden_Viking.SG,900.0,0.3224767446517944,-0.9190457918713466,2.458694158869908,-0.6145681917968312
VK320.SG,Denmark,Denmark_Viking.SG,1000.0,0.757856547832489,-0.8910693134109055,0.8544584417173354,-0.12406766164753015
VK322.SG,Denmark,Denmark_Viking.SG,934.0,0.6992999911308289,-0.8865253094762648,0.883556184626308,-0.1757141146682709
VK323.SG,Denmark,Denmark_Viking.SG,1000.0,0.7370611429214478,-0.8939474027100167,0.8720963651700968,-0.14746229135899422
VK324.SG,Denmark,Denmark_Viking.SG,935.0,0.7382614612579346,-0.9056580492642785,0.8379454759246491,-0.15367731242048868
VK325.SG,Denmark,Denmark_Viking.SG,1145.0,0.4548792243003845,-0.9268366168151644,0.8961433500008912,-0.17733490065065205
VK326.SG,Denmark,Denmark_Viking.SG,1026.0,0.7354139685630798,-0.9075404784224295,0.8533086159618584,-0.18306518869188987
VK327.SG,Denmark,Denmark_Viking.SG,979.0,0.6873082518577576,-0.8977856619462943,0.8716989883096777,-0.17244903031104541
VK328.SG,Denmark,Denmark_Viking.SG,1104.0,0.7001321315765381,-0.9026714243843682,0.8438776832399268,-0.16837990656478732
VK329.SG,Denmark,Denmark_Viking.SG,1183.0,0.7008969187736511,-0.9532004795880975,0.8748203946177717,-0.15409728978430406
VK330.SG,Denmark,Denmark_Viking.SG,896.0,0.6402673721313477,-0.9109029657391389,0.8432246411463376,-0.1411032711807929
VK332.SG,Sweden,Sweden_Viking.SG,1085.0,0.7617340683937073,-0.915831965797347,2.45379772131377,-0.5840754129866228
VK333.SG,Sweden,Sweden_Viking.SG,1052.0,0.6868346333503723,-0.9255107002177398,2.419082241766155,-0.5450942379183813
VK334.SG,Sweden,Sweden_Viking.SG,893.0,0.4203459322452545,-0.924116994976026,2.4509658499782523,-0.571909346235123
VK335.SG,Sweden,Sweden_Viking.SG,1000.0,0.6530377268791199,-0.9359534891541003,2.48972631498801,-0.6059111424318319
VK336.SG,Sweden,Sweden_Viking.SG,1091.0,0.7023794651031494,-0.924107305496016,2.4791683447150947,-0.5716804319689345
VK337.SG,Sweden,Sweden_Viking.SG,1069.0,0.8774692416191101,-0.9029068506187887,2.41756643591767,-0.5689608154425642
VK338.SG,Denmark,Denmark_Viking.SG,1000.0,0.4397812485694885,-0.9335184033439938,0.7853814365290991,-0.17121789223661216
VK33.SG,Sweden,Sweden_Viking_1d.rel.VK406.SG,900.0,0.6290485262870789,-0.9416664715934193,2.4777857327599224,-0.5923521933910237
VK340.SG,Denmark,Denmark_Viking.SG,1075.0,0.4852211475372314,-0.900581086408676,0.9285002083177261,-0.1837233501698678
VK342.SG,Sweden,Sweden_Viking.SG,1000.0,0.7470424175262451,-0.9057667380046185,2.4361525034360736,-0.5777585380077993
VK345.SG,Sweden,Sweden_Viking.SG,1000.0,0.6601009368896484,-0.9193538284595553,2.4545155967862584,-0.5922474503730024
VK346.SG,Sweden,Sweden_Viking.SG,1000.0,0.7072415351867676,-0.9147797148134911,2.4845078540284184,-0.5838721189036912
VK349.SG,Sweden,Sweden_Viking.SG,1110.0,0.7030615210533142,-0.9214369936599315,2.4500592621494564,-0.5761372972712665
VK34.SG,Sweden,Sweden_Viking.SG,900.0,0.7115407586097717,-0.9140332611242966,2.4609933994383972,-0.6223121101143234
VK350.SG,Sweden,Sweden_Viking.SG,1134.0,0.7902268767356873,-0.9012364028933035,2.5207737461886013,-0.5811977272115584
VK352.SG,Sweden,Sweden_Viking.SG,1000.0,0.677384614944458,-0.9065679856159513,2.420835399170785,-0.6035024419179421
VK353.SG,Sweden,Sweden_Viking.SG,893.0,0.7131870985031128,-0.9514043395682842,2.439788688446443,-0.6067148458629216
VK354.SG,Sweden,Sweden_Viking.SG,939.0,0.4928739666938782,-0.9356563097898066,2.4543945105937954,-0.5731040326629282
VK355.SG,Sweden,Sweden_Viking.SG,1097.0,0.6744875907897949,-0.9207176242922418,2.431421761000896,-0.5884690810266257
VK357.SG,Sweden,Sweden_Viking.SG,887.0,0.7414990663528442,-0.9097507211858601,2.4484966036173095,-0.5900142537085952
VK358.SG,Sweden,Sweden_Viking.SG,1092.0,0.6260550618171692,-0.9299627523561306,2.437925785856016,-0.589147221396262
VK35.SG,Sweden,Sweden_Viking.SG,900.0,0.7062163949012756,-0.925187597417071,2.5007447569136687,-0.6067974948951794
VK361.SG,Denmark,Denmark_Viking.SG,1000.0,0.7355826497077942,-0.9027572964081612,0.8626798119395347,-0.1477944051985268
VK362.SG,Denmark,Denmark_Viking.SG,1000.0,0.4999103844165802,-0.9232789492066877,0.8394043793265221,-0.1509916074135848
VK363.SG,Denmark,Denmark_Viking.SG,1000.0,0.7561306953430176,-0.8909927024424562,0.8373659228641385,-0.1362788001000368
VK364.SG,Denmark,Denmark_Viking.SG,1000.0,0.8035446405410767,-0.8831248519218524,0.8808778204675054,-0.15837977016638885
VK365.SG,Denmark,Denmark_Viking.SG,1000.0,0.566604733467102,-0.9261842776480732,0.8706505054147996,-0.14799775729257655
VK366.SG,Denmark,Denmark_Viking.SG,1000.0,0.5229734182357788,-0.9355038431694735,0.9009783415948701,-0.18738098644481838
VK367.SG,Denmark,Denmark_Viking.SG,1000.0,0.6805670261383057,-0.9310309785780532,0.8544786862657988,-0.1304047433440344
VK368.SG,Denmark,Denmark_Viking.SG,1000.0,0.7264724969863892,-0.9062383063602413,0.8492575544443197,-0.15410054270176804
VK369.SG,Denmark,Denmark_Viking.SG,1075.0,0.6960015892982483,-0.9276752419524291,0.8969372565997475,-0.162087326286343
VK370.SG,Denmark,Denmark_Viking.SG,1000.0,0.7453157305717468,-0.9493681280405787,0.9207160930970164,-0.18117046829627445
VK371.SG,Denmark,Denmark_Viking.SG,1065.0,0.4900670051574707,-0.8995328907892829,0.8473228731972124,-0.17207862252105155
VK372.SG,Denmark,Denmark_Viking.SG,1000.0,0.7473546266555786,-0.9484940573313233,0.8807034966489455,-0.17516684654235387
VK373.SG,Denmark,Denmark_Viking.SG,1000.0,0.6941792368888855,-0.9127095344772819,0.8489654054174123,-0.16448047817083142
VK379.SG,Sweden,Sweden_EarlyViking.SG,1200.0,0.0724688246846199,-0.8979226589170244,2.4793954135448475,-0.5915022701916616
VK380.SG,Sweden,Sweden_Viking.SG,1000.0,0.1072259545326232,-0.9059372881013792,2.4389759443258834,-0.5895567381372214
VK382.SG,Sweden,Sweden_EarlyViking.SG,1200.0,0.0615881569683551,-0.903293948249428,2.418926952569595,-0.5831716454769702
VK384.SG,Denmark,Denmark_Viking.SG,1075.0,0.7174352407455444,-0.9057130198831573,0.8444418732466691,-0.16393926844825185
VK385.SG,Denmark,Denmark_Viking.SG,1075.0,0.8038877248764038,-0.9443586502914894,0.8959011891878406,-0.1704123892194627
VK386.SG,Norway,Norway_Viking.SG,1000.0,0.7410911321640015,-0.6076875073050109,1.5764643573383945,-1.0014078350697775
VK387.SG,Norway,Norway_Viking.SG,950.0,0.6629273295402527,-0.6078525432897721,1.588676883515854,-0.9930705448770534
VK388.SG,Norway,Norway_Viking.SG,800.0,0.6482186317443848,-0.5997999855759604,1.557873292744662,-1.0054012494463886
VK389.SG,Norway,Norway_Viking.SG,1000.0,0.6675233840942383,-0.6065308343731846,1.56813024477263,-1.0355926217888622
VK390.SG,Norway,Norway_IA.SG,1450.0,0.775782585144043,-0.5807546632477616,1.5658103896978812,-0.9675632645391373
VK391.SG,Norway,Norway_IA.SG,1450.0,0.3561000525951385,-0.60813620579437,1.566212999091962,-1.0082329248543167
VK392.SG,Norway,Norway_Viking.SG,1100.0,0.656499981880188,-0.6255068350140144,1.5799459659523258,-1.0166428530515388
VK393.SG,Norway,Norway_Viking.SG,1000.0,0.7097216248512268,-0.5908542032906335,1.579907623644336,-0.9851960520802426
VK395.SG,Sweden,Sweden_Viking.SG,900.0,0.7769894003868103,-0.9474555287953977,2.453021002172466,-0.6244477107970747
VK396.SG,Sweden,Sweden_Viking.SG,900.0,0.7038449645042419,-0.9806564580224841,2.475491717334656,-0.6159126129205982
VK397.SG,Sweden,Sweden_Viking.SG,900.0,0.7566919326782227,-0.9321924767604794,2.4350965034581087,-0.584732462438052
VK398.SG,Sweden,Sweden_Viking.SG,900.0,0.7314140200614929,-0.9307077252020045,2.4673983655634553,-0.5994279574109155
VK399.SG,Sweden,Sweden_Viking.SG,900.0,0.8303326964378357,-0.9381204235758215,2.4529677381947077,-0.5561186221359374
VK39.SG,Sweden,Sweden_Viking.SG,900.0,0.1642594188451767,-0.9337539278803147,2.4775815327262025,-0.6107081342295568
VK400.SG,Sweden,Sweden_Viking.SG,900.0,0.6664357781410217,-0.8865735611302599,2.400155424248848,-0.550214861340944
VK401.SG,Sweden,Sweden_Viking.SG,900.0,0.7352631092071533,-0.9322534524476666,2.468617810525275,-0.5979350657139417
VK402.SG,Sweden,Sweden_Viking.SG,900.0,0.7808863520622253,-0.9435222623808875,2.4648093307614576,-0.5741634847313777
VK403.SG,Sweden,Sweden_Viking.SG,900.0,0.77852463722229,-0.956572427098438,2.486518308628745,-0.6775777204388845
VK404.SG,Sweden,Sweden_Viking.SG,900.0,0.7660430073738098,-0.9084666002798454,2.454359358297071,-0.5664974494285546
VK405.SG,Sweden,Sweden_Viking.SG,900.0,0.6522315740585327,-0.9106709869963235,2.448011395088363,-0.6039530211656876
VK406.SG,Sweden,Sweden_Viking.SG,900.0,0.7378883957862854,-0.9107232841205617,2.4917630175798338,-0.5979235851627075
VK407.SG,Sweden,Sweden_Viking.SG,900.0,0.2124211192131042,-0.9174070903335882,2.465660917982411,-0.606106881831935
VK408.SG,Russia,Russia_Viking.SG,900.0,0.1738586723804474,-0.11279559631134392,0.7225900398702869,-0.3032639817132772
VK409.SG,Russia,Russia_Viking.SG,900.0,0.1662877798080444,-0.14707354699147387,0.745779097441173,-0.2863500994481441
VK40.SG,Sweden,Sweden_Viking.SG,900.0,0.7990742921829224,-0.8883520695474219,2.4367026222976556,-0.5808099193256286
VK410.SG,Russia,Russia_Viking.SG,850.0,0.1358736753463745,-0.16086754140218115,0.7070244462096313,-0.2333600030128181
VK414.SG,Norway,Norway_Viking.SG,950.0,0.7209542989730835,-0.6072891494811277,1.598667108617447,-1.0064788570617094
VK415.SG,Norway,Norway_Viking.SG,1050.0,0.7000412940979004,-0.5902037100973491,1.569994092643726,-0.9921124723469199
VK417.SG,Norway,Norway_Viking.SG,1100.0,0.6902101039886475,-0.6032053750632265,1.5839640603136542,-1.00855897647368
VK418.SG,Norway,Norway_IA.SG,1600.0,0.6250931620597839,-0.5964088377170272,1.5744696396031423,-1.0098745442493908
VK419.SG,Norway,Norway_Viking.SG,1200.0,0.7141238451004028,-0.6109923228266655,1.571538522207723,-1.0121499086969754
VK420.SG,Norway,Norway_Viking.SG,1050.0,0.7974376678466797,-0.6060162207249166,1.5722576559238222,-1.0215721242538318
VK422.SG,Norway,Norway_Viking.SG,1000.0,0.6814956665039062,-0.6025521733747138,1.5723368979848336,-0.9968751924723741
VK424.SG,Sweden,Sweden_Viking.SG,900.0,0.1313246488571167,-0.9476265017111308,2.5047299231344113,-0.5658666916388455
VK425.SG,Sweden,Sweden_Viking.SG,900.0,0.1158333271741867,-0.9176681940793204,2.4343677615872936,-0.5746817386308328
VK426.SG,Sweden,Sweden_Viking.SG,900.0,0.1151991114020347,-0.8793459789658765,2.4449722160709677,-0.5515238921193997
VK427.SG,Sweden,Sweden_Viking.SG,900.0,0.1074660196900367,-0.9206960553884653,2.4546061973303313,-0.5860316681919974
VK428.SG,Sweden,Sweden_Viking.SG,975.0,0.1682853251695633,-0.9206150309257201,2.485745652246429,-0.5847085695842617
VK429.SG,Sweden,Sweden_Viking.SG,975.0,0.9149181842803956,-0.9064043834055779,2.535295455604891,-0.5854217229118903
VK42.SG,Sweden,Sweden_Viking.SG,900.0,0.9976139664649964,-0.8359232211148794,2.5177595932221863,-0.5845291411466746
VK430.SG,Sweden,Sweden_Viking.SG,975.0,0.1917992681264877,-0.9507988827929343,2.5073149834417556,-0.559503686176275
VK431.SG,Sweden,Sweden_Viking.SG,975.0,0.234552264213562,-0.907171534028161,2.42598038314418,-0.6108146735795033
VK432.SG,Sweden,Sweden_Viking.SG,975.0,0.2788202464580536,-0.9359195712045754,2.426665974276927,-0.578358744237061
VK433.SG,Sweden,Sweden_Viking.SG,975.0,0.8726963996887207,-0.9315399319383677,2.4033547539551656,-0.5479543790984086
VK434.SG,Sweden,Sweden_Viking.SG,975.0,0.2397922873497009,-0.9513785870777919,2.425827301872478,-0.5817115021207815
VK435.SG,Sweden,Sweden_Viking.SG,975.0,0.0602913349866867,-0.9173252776335056,2.5132439320776143,-0.6139114325363415
VK438.SG,Sweden,Sweden_Viking.SG,975.0,0.2040002793073654,-0.9172990940672342,2.42219249583103,-0.5760515580231677
VK439.SG,Sweden,Sweden_Viking.SG,975.0,0.1628490537405014,-0.8850357571445796,2.413969750699666,-0.6304026119090625
VK440.SG,Sweden,Sweden_Viking.SG,975.0,0.0729100182652473,-0.94525851790368,2.4902636875046857,-0.5624652431091132
VK442.SG,Sweden,Sweden_Viking.SG,1097.0,0.7049366235733032,-0.8671692545883769,2.363222813437229,-0.5536904262465877
VK443.SG,Sweden,Sweden_Viking.SG,1000.0,0.8984463214874268,-0.9292469827786721,2.466610746337136,-0.5619055357717428
VK444.SG,Sweden,Sweden_Viking.SG,1097.0,0.5757570862770081,-0.9202874144108253,2.4826968418646764,-0.5793012247816104
VK445.SG,Denmark,Denmark_Viking.SG,1000.0,0.7561241984367371,-0.9039341316833341,0.8702492551657655,-0.15615122693486982
VK446.SG,Denmark,Denmark_Viking.SG,1000.0,0.8028755784034729,-0.8899085352377775,0.8604387772210155,-0.13963897697199454
VK448.SG,Norway,Norway_Viking.SG,1050.0,0.8882461190223694,-0.6033427323346392,1.5812445118093659,-1.0038995926968954
VK449.SG,UnitedKingdom,England_Viking.SG,953.0,0.770584762096405,-1.4744046241181241,0.1541618228992895,0.5851145259217528
VK44.SG,Denmark,Faroes_EarlyModern_o2.SG,350.0,0.3765256404876709,-0.904888861232223,0.8259665740083538,-0.15355252832668345
VK450.SG,Sweden,Sweden_Viking.SG,975.0,0.1177830249071121,-0.9097229857743214,2.484391928889771,-0.611918455125101
VK452.SG,Sweden,Sweden_Viking.SG,975.0,0.2169928401708603,-0.8886443804008981,2.4139514544970733,-0.5654449957528215
VK453.SG,Sweden,Sweden_Viking.SG,975.0,0.1571062058210373,-0.9777803214382711,2.4949628151711907,-0.5870628693986457
VK454.SG,Sweden,Sweden_Viking.SG,975.0,0.2263958305120468,-0.9324847434631933,2.5097123198881137,-0.59039354643787
VK455.SG,Sweden,Sweden_Viking.SG,975.0,0.8038698434829712,-0.9359538484886091,2.430621073589722,-0.5643914131509761
VK456.SG,Sweden,Sweden_Viking.SG,975.0,0.7618062496185303,-0.9182419964180774,2.461637318358887,-0.562761469028589
VK457.SG,Sweden,Sweden_Viking.SG,975.0,0.1776729077100753,-0.917297297734845,2.4198642437024125,-0.5402302677150949
VK458.SG,Sweden,Sweden_Viking.SG,975.0,0.1706932485103607,-0.9059457524211973,2.399895850611697,-0.5851905975828325
VK459.SG,Sweden,Sweden_Viking.SG,975.0,0.1796185374259948,-0.924540288756685,2.4871604952716293,-0.5918986579888064
VK45.SG,Denmark,Faroes_EarlyModern_brother.VK245.SG,350.0,0.1269378364086151,-0.9255493504506486,0.8884026440584372,-0.1608242547351881
VK460.SG,Sweden,Sweden_Viking.SG,975.0,0.2658747434616089,-0.93966381362082,2.4949927180196436,-0.5575738458855671
VK461.SG,Sweden,Sweden_Viking.SG,975.0,0.2591635286808014,-0.9046359130001866,2.416813570446174,-0.5935101593433416
VK462.SG,Sweden,Sweden_Viking.SG,975.0,0.0897111371159553,-0.9136485419947118,2.484686879958199,-0.6132959851363842
VK463.SG,Sweden,Sweden_Viking.SG,975.0,0.2517240345478058,-0.9088280744489727,2.4764541529434516,-0.5905297541585427
VK464.SG,Sweden,Sweden_Viking.SG,975.0,0.0858231037855148,-0.9275739076039995,2.4543023289962544,-0.5809017656402206
VK466.SG,Russia,Russia_Viking_o.SG,950.0,0.1273157745599746,-0.16460739256720616,0.7248396455585432,-0.24301265754592194
VK468.SG,Sweden,Sweden_Viking.SG,975.0,0.9404653310775756,-0.942019454645107,2.4016607686884037,-0.4671222789038872
VK469.SG,Sweden,Sweden_Viking.SG,975.0,0.2188217043876648,-0.8976083062174423,2.4247786675410263,-0.6217978417357694
VK46.SG,Denmark,Faroes_EarlyModern.SG,350.0,0.981293797492981,-0.90295928501222,0.8603445848201525,-0.156652718584743
VK471.SG,Sweden,Sweden_Viking.SG,975.0,0.208322212100029,-0.9588158611372679,2.447123400164359,-0.5276305362621987
VK472.SG,Sweden,Sweden_Viking.SG,975.0,0.0656878724694252,-0.9302682069741421,2.3866882030267065,-0.5897291170140542
VK473.SG,Sweden,Sweden_Viking.SG,975.0,0.7695896029472351,-0.9045949940058776,2.4961661079428685,-0.598978912450528
VK474.SG,Sweden,Sweden_Viking.SG,975.0,0.806367814540863,-0.873468720067785,2.474832661854716,-0.6268669934922679
VK475.SG,Sweden,Sweden_Viking.SG,975.0,0.9843050837516784,-0.827806758542538,2.532371447174339,-0.681943383239613
VK476.SG,Sweden,Sweden_Viking.SG,975.0,0.1181601509451866,-0.9345790567314481,2.4295221689741697,-0.5951023420053145
VK477.SG,Sweden,Sweden_Viking.SG,975.0,0.7113874554634094,-0.9513992648821836,2.4692342587204408,-0.5682329785336969
VK478.SG,Sweden,Sweden_Viking.SG,975.0,0.7949900031089783,-0.8954233601121973,2.472786941611955,-0.5869637633709317
VK479.SG,Sweden,Sweden_Viking.SG,975.0,0.8577395081520081,-0.9030799258062802,2.460134802744901,-0.594809025348052
VK480.SG,Estonia,Estonia_EarlyViking.SG,1200.0,0.598027765750885,-1.1787084175538511,1.669522711611741,-0.22173752073132189
VK481.SG,Estonia,Estonia_EarlyViking.SG,1200.0,0.7756771445274353,-1.2146573835449526,1.6587322314591415,-0.19654602097122562
VK482.SG,Estonia,Estonia_EarlyViking.SG,1200.0,0.6750253438949585,-1.2016255169696923,1.6597423879152322,-0.20269492231960679
VK483.SG,Estonia,Estonia_EarlyViking.SG,1191.0,0.834384560585022,-1.2017095475009179,1.6411453364762272,-0.22778512486851255
VK484.SG,Estonia,Estonia_EarlyViking.SG,1200.0,0.7159892320632935,-1.1857280752734867,1.6509311486783673,-0.20815448435945652
VK485.SG,Estonia,Estonia_EarlyViking_brother.VK490.VK483.VK497.SG,1244.0,0.5467817187309265,-1.2050491048110616,1.6592736902820537,-0.20149111007254192
VK486.SG,Estonia,Estonia_EarlyViking.SG,1200.0,0.8385434746742249,-1.197721145645038,1.6611468926914215,-0.2283231944952805
VK487.SG,Estonia,Estonia_EarlyViking.SG,1200.0,0.8600071668624878,-1.1931747434679612,1.656070052690449,-0.21608499716068139
VK488.SG,Estonia,Estonia_EarlyViking.SG,1200.0,0.6068135499954224,-1.20073318027176,1.6463057091741788,-0.2020289316690902
VK489.SG,Estonia,Estonia_EarlyViking.SG,1200.0,0.8075170516967773,-1.220576289764037,1.6642561470777537,-0.2030744510991172
VK48.SG,Sweden,Sweden_Viking.SG,975.0,0.423066109418869,-0.9507848782841364,2.4332428526231613,-0.5937594255653996
VK490.SG,Estonia,Estonia_EarlyViking_brother.VK485.VK483.VK497.SG,1227.0,0.6460142731666565,-1.211415855789901,1.6583475569132182,-0.19205574631070407
VK491.SG,Estonia,Estonia_EarlyViking.SG,1200.0,0.7674785256385803,-1.2015672677263887,1.6548724186812114,-0.21319526018666377
VK492.SG,Estonia,Estonia_EarlyViking.SG,1200.0,0.6530303955078125,-1.1886873410564343,1.6470384268192144,-0.2092122002585843
VK493.SG,Estonia,Estonia_EarlyViking.SG,1200.0,0.8500989079475403,-1.2049609788269864,1.6564542171968377,-0.14949917278117442
VK494.SG,Poland,Poland_Viking.SG,950.0,0.1654224246740341,-0.15298796546543791,1.8750503526724156,-0.518698586222261
VK495.SG,Estonia,Estonia_EarlyViking.SG,1200.0,0.6945847272872925,-1.192344902951601,1.6443919351388483,-0.20263229239946273
VK496.SG,Estonia,Estonia_EarlyViking.SG,1200.0,0.8662698864936829,-1.214120387156298,1.6723802073190377,-0.21508325657421146
VK497.SG,Estonia,Estonia_EarlyViking_brother.VK490.VK483.VK485.SG,1200.0,0.7699189186096191,-1.1921401564876608,1.6417666875223011,-0.1987403033764556
VK498.SG,Estonia,Estonia_EarlyViking.SG,1200.0,0.7250377535820007,-1.1873609133631209,1.6405458415230534,-0.18986597958978263
VK504.SG,Estonia,Estonia_EarlyViking.SG,1200.0,0.575654923915863,-1.2056290828225085,1.6434491476977193,-0.2119122609718245
VK505.SG,Estonia,Estonia_EarlyViking.SG,1200.0,0.6706830859184265,-1.1701111421621562,1.642478520229548,-0.19674144891919726
VK506.SG,Estonia,Estonia_EarlyViking.SG,1237.0,0.7206509709358215,-1.1888425251344161,1.6674370040734698,-0.20698349746622471
VK507.SG,Estonia,Estonia_EarlyViking.SG,1121.0,0.5832890868186951,-1.1744680232779723,1.6462692451192151,-0.1980761412724829
VK508.SG,Estonia,Estonia_EarlyViking.SG,1200.0,0.8366464972496033,-1.1718309784067342,1.6440574548003615,-0.20241380130170408
VK509.SG,Estonia,Estonia_EarlyViking.SG,1200.0,0.7452719211578369,-1.1840631917598812,1.652931805104048,-0.19102371898294526
VK50.SG,Sweden,Sweden_Viking.SG,975.0,0.9427281022071838,-0.9407383240501114,2.434722572544726,-0.5248533931191414
VK510.SG,Estonia,Estonia_EarlyViking.SG,1200.0,0.7939551472663879,-1.1739279436350938,1.6386998165384141,-0.19353339845846068
VK511.SG,Estonia,Estonia_EarlyViking.SG,1200.0,0.8278087973594666,-1.19138617243009,1.6391875537320422,-0.17644831472855935
VK512.SG,Estonia,Estonia_EarlyViking.SG,1200.0,0.8447972536087036,-1.198589054572833,1.6478266574950096,-0.21116253016446807
VK514.SG,Norway,Norway_Viking.SG,1200.0,0.660785436630249,-0.5950756127290242,1.5714006601234196,-0.9890197222915039
VK515.SG,Norway,Norway_Viking.SG,1000.0,0.5100984573364258,-0.6054750618432,1.582028521469691,-0.9955218920890846
VK516.SG,Norway,Norway_Viking.SG,1000.0,0.7794029712677002,-0.6069961002288092,1.5683128320965518,-0.9865115257032097
VK517.SG,Sweden,Sweden_Viking_1d.rel.VK527.SG,900.0,0.6740610003471375,-0.9189163910730526,2.4365830324401676,-0.5592350762678614
VK518.SG,Norway,Norway_Viking_o1.SG,1100.0,0.3811898231506347,-0.5688545048564533,1.5628495688010986,-1.0190927253211128
VK519.SG,Norway,Norway_Viking_o2.SG,1200.0,0.2161737084388733,-0.5593892508013912,1.548544048035762,-1.0077196825994703
VK51.SG,Sweden,Sweden_Viking.SG,975.0,0.4621638357639313,-0.9155337747702933,2.4558512955922343,-0.5987316714378403
VK521.SG,Denmark,Denmark_IA.SG,1650.0,0.9843383431434632,-0.9361218894002742,0.8713440268493846,-0.18349201656430225
VK523.SG,Norway,Norway_IA.SG,1450.0,0.6220412850379944,-0.6022922409346136,1.5770852936925008,-0.9699088953053572
VK524.SG,Norway,Norway_Viking.SG,1000.0,0.8086029887199402,-0.6048558718881083,1.5682433172905563,-0.9925399152395266
VK525.SG,Norway,Norway_Viking.SG,1100.0,0.679709792137146,-0.5971191071640458,1.5899521201631572,-1.0040897479125022
VK526.SG,Norway,Norway_Viking.SG,1100.0,0.8616145849227905,-0.6206270414294464,1.5907950470252001,-1.0262155229493475
VK527.SG,Sweden,Sweden_Viking.SG,900.0,0.6839935779571533,-0.8952257650476796,2.4262991787618073,-0.6167213503142005
VK529.SG,Norway,Norway_Viking.SG,1150.0,0.8549820780754089,-0.6044242318163269,1.5939049662544156,-1.0133940670527237
VK530.SG,Norway,Norway_Viking.SG,1000.0,0.6406745314598083,-0.591827950864868,1.5754421543503077,-0.9739127735032862
VK532.SG,Denmark,Denmark_IA.SG,1850.0,0.9723612070083618,-0.8948613871319827,0.8584240518408256,-0.14305324165708364
VK535.SG,Italy,Italy_Medieval.SG,700.0,0.7082301378250122,-0.044597831207210496,-0.7075532527044843,0.45260389762410935
VK536.SG,Italy,Italy_Medieval.SG,800.0,0.63422691822052,-0.05511717338375503,-0.7294211800923192,0.41581773929155136
VK537.SG,Italy,Italy_Medieval_o2.SG,800.0,0.7380960583686829,-0.055072119363879936,-0.7340077323386477,0.45204583696807144
VK538.SG,Italy,Italy_Medieval_o1.SG,800.0,0.7010412812232971,-0.043269470004677596,-0.7276433766329348,0.43308657479200774
VK539.SG,Ukraine,Ukraine_Medieval_Rus_Viking.SG,900.0,0.8177294135093689,-0.085578341971396,1.415850218885407,0.17990419853250164
VK53.SG,Sweden,Sweden_Viking.SG,975.0,0.5201753973960876,-0.9195108118217111,2.4894197403341485,-0.6139864643594428
VK540.SG,Ukraine,Ukraine_Medieval_Rus_Viking_1d.rel.VK539.SG,900.0,0.6110543608665466,-0.07657160481733492,1.373677308992068,0.16634447841909633
VK542.SG,Ukraine,Ukraine_Medieval_Rus_Viking_o.SG,900.0,0.6998295783996582,-0.05531828447445173,1.395404398863654,0.17990718546719245
VK543.SG,Ireland,Ireland_Viking.SG,1100.0,0.6358091831207275,-1.537157464841122,-0.0368667765436351,0.5572101081405302
VK544.SG,Ireland,Ireland_Viking.SG,1100.0,0.7730672955513,-1.5309316697295576,-0.046531345625629314,0.5540964217184217
VK545.SG,Ireland,Ireland_Viking.SG,1185.0,0.83076012134552,-1.550951493333963,-0.05941426339640923,0.5956645712407141
VK546.SG,Ireland,Ireland_Viking.SG,1100.0,0.1047061160206794,-1.6043627860626881,-0.04115449079191486,0.5850333988761338
VK547.SG,Norway,Norway_Viking.SG,1050.0,0.9876676201820374,-0.6015883862586765,1.5805689221078867,-0.987810250065139
VK548.SG,Norway,Norway_Viking.SG,1100.0,0.9480410814285278,-0.5973077345291298,1.5654971581613182,-0.9991533816389073
VK549.SG,Estonia,Estonia_EarlyViking.SG,1200.0,0.8212646842002869,-1.2274476194418327,1.6792963694642222,-0.2082330359244121
VK550.SG,Estonia,Estonia_EarlyViking.SG,1200.0,0.84001225233078,-1.2126158587062834,1.6722960578205914,-0.20225433472255153
VK551.SG,Estonia,Estonia_EarlyViking.SG,1200.0,0.9014714360237122,-1.1956132965654076,1.6645973972671584,-0.1975313050757481
VK552.SG,Estonia,Estonia_EarlyViking.SG,1200.0,0.7583034634590149,-1.2091066790633016,1.6693961052736532,-0.19291829519903014
VK553.SG,Estonia,Estonia_EarlyViking.SG,1200.0,0.7324294447898865,-1.1957904201768537,1.6768703355837655,-0.20579199562759623
VK554.SG,Estonia,Estonia_EarlyViking.SG,1120.0,0.6264329552650452,-1.1923959599555654,1.6572138799674268,-0.20518232842666445
VK555.SG,Estonia,Estonia_EarlyViking.SG,1200.0,0.6760982871055603,-1.1873752545192804,1.6589271202989184,-0.20989441618034926
VK56.SG,Sweden,Sweden_Viking.SG,975.0,0.6506030559539795,-0.9373345423324392,2.4045488442192333,-0.613759211295811
VK579.SG,Sweden,Sweden_IA_1.SG,1650.0,0.1210717186331749,-0.9579608930451634,2.442968473640119,-0.6195697648227185
VK57.SG,Sweden,Sweden_Viking.SG,975.0,0.1955437660217285,-0.9323981516362966,2.4621438645597498,-0.5977288762670985
VK582.SG,Denmark,Denmark_IA.SG,1900.0,0.1082770451903343,-0.958175351913255,0.8418332858724056,-0.1447250781012226
VK58.SG,Sweden,Sweden_Viking.SG,975.0,0.9497904777526855,-1.0485930311499267,2.4455319258536647,-0.4963816130582184
VK60.SG,Sweden,Sweden_Viking.SG,975.0,0.5743799805641174,-0.9073882102412192,2.4214472321155527,-0.5875321114379578
VK63.SG,Sweden,Sweden_Viking.SG,975.0,0.1849461495876312,-0.9138738058684495,2.417413810202507,-0.6060142126573795
VK64.SG,Sweden,Sweden_Viking.SG,975.0,0.611061692237854,-0.8974680695008362,2.4352075270622446,-0.564396779500173
VK65.SG,Denmark,Denmark_EarlyViking.SG,1100.0,0.4078805446624756,-0.9282813475631841,0.85790580991995,-0.15361873231372516
VK69.SG,Denmark,Denmark_EarlyViking.SG,1100.0,0.5352417230606079,-0.9070284896324535,0.8477494779149601,-0.1599693787245757
VK70.SG,Denmark,Denmark_EarlyViking.SG,1100.0,0.9847916960716248,-0.955783114832016,0.9189993012286838,-0.17200303206216797
VK71.SG,Denmark,Denmark_EarlyViking.SG,1100.0,0.1726786345243454,-0.9036219572116096,0.856140944181465,-0.16719623132272646
VK84.SG,Denmark,Denmark_Viking.SG,1075.0,0.6795727014541626,-0.9107580083804526,0.8794739879712414,-0.17134624377585259
VK87.SG,Denmark,Denmark_Viking.SG,1075.0,0.9476947784423828,-0.9376073638030835,0.8520590463321379,-0.1467439141554374
VK90.SG,Denmark,Denmark_Viking.SG,1075.0,0.2809370160102844,-0.9080404150776481,0.8713914119773943,-0.14571031219780162
VK92.SG,Denmark,Denmark_Viking.SG,1075.0,0.2966797649860382,-0.9152708391061715,0.8428182146408126,-0.1437517593505112
VK94.SG,Denmark,Denmark_Viking.SG,1000.0,0.1340464353561401,-0.9307139866436173,0.8004112445993612,-0.15985201101337404
ACG-19.SG,Hungary,Hungary_EarlyAvar.SG,1286.0,0.8265444040298462,1.6454499672634109,0.11437921595293714,-0.9485278884813902
AGY-49.SG,Hungary,Hungary_Conqueror_Elite.SG,1005.0,0.8774611353874207,1.8451147257895102,0.03448482483080095,-1.164600742797618
AGY-75.SG,Hungary,Hungary_Conqueror_Elite.SG,1000.0,0.5546843409538269,1.6900097058374637,0.11294899804675552,-1.0680358670251653
AGY-87.SG,Hungary,Hungary_Conqueror_Elite.SG,1000.0,0.8596276044845581,1.6007565723467803,-0.04370911998204847,-1.317369837186016
AGY-92.SG,Hungary,Hungary_Conqueror_Elite.SG,1009.0,0.857609748840332,1.5520289271666519,0.16648719179357954,-0.9593579011317255
ALT-224.SG,Hungary,Hungary_MidAvar.SG,1250.0,0.7380124926567078,1.7189156885429984,0.09164419742544104,-0.9808272071655043
ALT-369.SG,Hungary,Hungary_LateEarlyAvar.SG,1150.0,0.936344563961029,1.9012024174825386,0.01780950750368825,-1.0734902287312071
ALT-412.SG,Hungary,Hungary_LateEarlyAvar.SG,1150.0,0.7171871066093445,1.6801539386662372,0.05833604226391311,-1.0268600625511894
ALT-414.SG,Hungary,Hungary_LateEarlyAvar.SG,1150.0,0.6072725653648376,1.7032560231510234,0.07082412726530989,-1.0422123065436661
ALT-442.SG,Hungary,Hungary_MidLateEarlyAvar.SG,1250.0,0.8051350712776184,1.6491939702506502,-0.023160232530167038,-1.2506434708481602
ALT-596.SG,Hungary,Hungary_LateEarlyAvar.SG,1150.0,0.9438667893409728,1.8285593128404485,0.1554192029561686,-1.1019000468464215
ALT-77.SG,Hungary,Hungary_EarlyMidAvar.SG,1314.0,0.8021870255470276,1.8314804123794024,0.025951545892226938,-1.2301651505010107
AN-286.SG,Hungary,Hungary_EarlyAvar.SG,1305.0,0.7390919923782349,1.639350422563909,-0.022624311173732443,-1.156388101737204
AN-376.SG,Hungary,Hungary_EarlyAvar.SG,1305.0,0.7901092767715454,1.4722300768662744,0.21873872829481955,-0.8086932269225845
Anapa-10.SG,Russia,Russia_Caucasus_Medieval.SG,1015.0,0.7239623665809631,-0.1640231721228608,0.7461607868499696,-0.272342367874738
Anapa-11.SG,Russia,Russia_Caucasus_Medieval.SG,1020.0,0.8455920815467834,-0.0386687537109459,0.6883136382010578,-0.30578959883405454
Anapa-9.SG,Russia,Russia_Caucasus_Medieval.SG,857.0,0.6931248903274536,-0.1270472078131069,0.7381952422835941,-0.2971675886667574
ANY-4027.SG,Hungary,Hungary_Starcevo_EN.SG,6450.0,0.5174787044525146,1.6620010847924176,0.06991042741641613,-1.0001537764521562
ARK-11.SG,Hungary,Hungary_LateEarlyAvar.SG,1150.0,0.9089036583900452,1.5568407221163196,0.1046898586129469,-1.0492560160567272
ARK-14.SG,Hungary,Hungary_LateEarlyAvar.SG,1156.0,0.8070068955421448,1.7094145718893208,0.09337515488380241,-1.2045784378472113
ARK-16.SG,Hungary,Hungary_LateEarlyAvar.SG,1150.0,0.949655830860138,1.7493684450071627,0.13465508241658422,-1.0344159319411608
ARK-17.SG,Hungary,Hungary_LateEarlyAvar.SG,1200.0,0.9450711607933044,1.7897118228203452,0.15070821648434884,-0.9931988694400464
ARK-19.SG,Hungary,Hungary_LateEarlyAvar.SG,1150.0,0.9455715417861938,1.7677309077647,0.20111513855885563,-0.9604972055280232
ARK-20.SG,Hungary,Hungary_LateEarlyAvar.SG,1150.0,0.9015014171600342,1.62124761418359,0.07657238351294782,-1.0665608931794766
ARK-21.SG,Hungary,Hungary_LateEarlyAvar.SG,1069.0,0.7146493792533875,1.67224765572064,0.13283465556956395,-1.0026878419425607
ARK-24.SG,Hungary,Hungary_LateEarlyAvar.SG,1224.0,0.9842483401298524,1.6844220583376768,0.10005545374086049,-1.0431556632678904
ARK-29.SG,Hungary,Hungary_LateEarlyAvar.SG,1220.0,0.9305059909820556,1.5897876539223368,0.1487268200435727,-0.87704341018987
ARK-36.SG,Hungary,Hungary_LateEarlyAvar.SG,1226.0,0.8249004483222961,1.5652662739686387,0.12523730698525312,-0.943574409935349
ARK-38.SG,Hungary,Hungary_LateEarlyAvar.SG,1232.0,0.8450551629066467,1.8757663908385673,0.16330417280377224,-1.1134294599513013
ARK-41.SG,Hungary,Hungary_MidLateEarlyAvar.SG,1244.0,0.8922330737113953,1.6470420913328345,0.14612660597703186,-1.0250020214014093
ARK-43.SG,Hungary,Hungary_LateEarlyAvar.SG,1205.0,0.7822277545928955,1.8015701475038908,0.10891304392041923,-1.0738438565615804
ARK-48.SG,Hungary,Hungary_LateEarlyAvar.SG,1150.0,0.7847062349319458,1.6849596416306103,0.23026873407277595,-0.9468054737842949
ARK-49.SG,Hungary,Hungary_LateEarlyAvar.SG,1090.0,0.6336405277252197,1.7290265307088322,0.051714699242373964,-1.0703826074382594
ARK-50.SG,Hungary,Hungary_LateEarlyAvar.SG,1217.0,0.8004506230354309,1.5494322412283978,0.09710499881301536,-0.9064907704512231
ARK-6.SG,Hungary,Hungary_LateEarlyAvar.SG,1200.0,0.9261524677276612,1.669590747364453,0.04340051224592109,-0.9650282733768807
ASZK-1.SG,Hungary,Hungary_Hun_oEastAsian.SG,1525.0,0.7690802812576294,1.5022288839022508,0.11117749030874027,-0.961354157291974
BK-2.SG,Hungary,Hungary_Conqueror_Elite.SG,975.0,0.9083123803138732,1.6193407288129293,-0.01834933347911794,-1.0759716318592725
CSB-3.SG,Hungary,Hungary_Hun.SG,1550.0,0.6604293584823608,1.7083372574233286,0.1201481758272848,-1.1612646593089317
CSB-9.SG,Hungary,Hungary_EarlyAvar.SG,1350.0,0.7000656127929688,1.5691023428826383,0.11633787377010964,-1.0475380721981524
CSPF-114.SG,Hungary,Hungary_EarlyAvar.SG,1357.0,0.8770824074745178,1.510447965477644,0.11875557628043477,-0.8104841824910065
CSPF-182.SG,Hungary,Hungary_MidAvar_oEastAsiaHigh.SG,1265.0,0.6647318601608276,1.6573383338813392,0.07981338646048164,-1.0092378575068883
CSPF-213.SG,Hungary,Hungary_LateEarlyAvar.SG,1250.0,0.8766209483146667,1.5227042886895672,0.10927572758858309,-0.8355948601957367
CSPF-37.SG,Hungary,Hungary_MiddlEarlyAvar.SG,1300.0,0.8543235063552856,1.5014644192163276,0.24193650387438106,-0.8442392404177712
CSU-11.SG,Hungary,Hungary_Conqueror_Elite.SG,1000.0,0.8489026427268982,1.794998592588621,0.19936774109045594,-1.040681254658504
DK-701.SG,Hungary,Hungary_EarlyAvar_Elite.SG,1305.0,0.7540642023086548,1.736933119976488,0.11822322360792344,-1.1316492495969577
FGD-4.SG,Hungary,Hungary_EarlyAvar_Elite.SG,1365.0,0.7565240859985352,1.5910188107453758,0.18580798054701483,-0.9268018045059576
FU-193.SG,Hungary,Hungary_EarlyAvar.SG,1227.0,0.91217041015625,1.5238899940143433,0.03710677957306591,-0.9795973196151531
FU-215.SG,Hungary,Hungary_EarlyAvar.SG,1227.0,0.926864504814148,1.528080312189836,0.13326754834678647,-0.8730232099591685
HC-168.SG,Hungary,Hungary_EarlyAvar.SG,1285.0,0.7617705464363098,1.6723309783053488,0.12896411124708687,-1.0500087820572115
HGO-26.SG,Hungary,Hungary_LN_Tisza.SG,6700.0,0.5402116775512695,1.6057219925377857,0.09052032707810301,-0.9735804974285663
HH-10.SG,Hungary,Hungary_LateEarlyAvar.SG,1231.0,0.7394545078277588,1.7238832992792275,0.033896574666221126,-1.0181107560984919
HH-102.SG,Hungary,Hungary_MidAvar.SG,1288.0,0.8522124290466309,1.824757217584061,0.10777455887848413,-1.047338351317965
HH-22.SG,Hungary,Hungary_LateEarlyAvar.SG,1250.0,0.9348644614219666,1.814447680033823,0.0566778436041645,-1.0806852155058473
HMSZ-157.SG,Hungary,Hungary_Conqueror_Commoner.SG,950.0,0.6900932788848877,1.6675830795667779,0.17527694453181591,-1.0770208871644442
HMSZ-229.SG,Hungary,Hungary_Conqueror_Commoner.SG,950.0,0.8334551453590393,1.7072174609284259,-0.1153735399503037,-1.330827331941697
HMSZ-231.SG,Hungary,Hungary_Conqueror_Commoner.SG,950.0,0.8831042051315308,1.7133417501449937,0.18294702216595976,-0.8169050364382133
HMSZ-245.SG,Hungary,Hungary_Conqueror_Commoner.SG,950.0,0.8325564861297607,1.696083494038365,0.05939059623948769,-1.3330498466228908
HMSZ-43.SG,Hungary,Hungary_Conqueror_Commoner.SG,1022.0,0.6849943995475769,1.7445927075684324,0.13786702505158885,-1.0728718854373978
HMSZ-5.SG,Hungary,Hungary_Conqueror_Commoner.SG,1016.0,0.6666588187217712,1.6843924929642557,0.13440835919422472,-1.0024568467787125
HMSZ-50.SG,Hungary,Hungary_Conqueror_Commoner.SG,1021.0,0.4339329898357391,1.6784494318576373,0.07521902083793013,-1.0534447128013424
HMSZ-86.SG,Hungary,Hungary_Conqueror_Commoner.SG,950.0,0.7165123224258423,1.6772054078305645,0.10769981828131873,-0.953963002497853
HMSZ-88.SG,Hungary,Hungary_Conqueror_Commoner.SG,950.0,0.824077308177948,1.541794999184592,0.07298796772946836,-1.0209582375772919
IBE-106.SG,Hungary,Hungary_EarlyArpadian.SG,900.0,0.6568600535392761,1.651338640486556,0.13111056848827968,-1.000808344164125
IBE-107.SG,Hungary,Hungary_EarlyArpadian.SG,900.0,0.7435428500175476,1.7577721261321586,0.12822733325880728,-1.1137405707467658
IBE-116.SG,Hungary,Hungary_EarlyArpadian.SG,900.0,0.8591555953025818,1.7319094590360598,0.2489361969520063,-1.191091185551442
IBE-154.SG,Hungary,Hungary_Conqueror_Commoner.SG,1000.0,0.7021921277046204,1.7120454700160201,0.15861842973022147,-1.0730254223367628
IBE-161.SG,Hungary,Hungary_Conqueror_Commoner.SG,1000.0,0.9778704643249512,1.72923682432819,0.08657395478285705,-1.1061542675677962
IBE-176.SG,Hungary,Hungary_Conqueror_Commoner.SG,944.0,0.7705652713775635,1.73469861374564,-0.11740542854223292,-1.2250760204241447
IBE-206.SG,Hungary,Hungary_Conqueror_Commoner.SG,1000.0,0.641244649887085,1.77929451929969,0.10286728115223535,-1.0460658358504344
IBE-90.SG,Hungary,Hungary_EarlyArpadian.SG,900.0,0.6108435392379761,1.7708237464299035,0.07220608009351524,-1.1285156710797022
JHT-130.SG,Hungary,Hungary_LateEarlyAvar.SG,1150.0,0.6834242343902588,1.6657066676761465,-0.036722881619117846,-1.118169460535518
JHT-154.SG,Hungary,Hungary_MidLateEarlyAvar.SG,1250.0,0.7530310153961182,1.6388471479798492,0.0008175257362780841,-1.0878776031959376
JHT-30.SG,Hungary,Hungary_LateEarlyAvar.SG,1121.0,0.7556846737861633,1.6768774175174543,-0.021167769130600325,-1.0090140212800918
K1-1.SG,Hungary,Hungary_Conqueror_Elite.SG,1025.0,0.6932019591331482,1.6669042330835881,0.10791560648629671,-1.1324375231948394
K1-10.SG,Hungary,Hungary_Conqueror_Elite.SG,1025.0,0.8811245560646057,1.701612030801439,0.1881622558497729,-0.907090317081094
K1-3286.SG,Hungary,Hungary_Conqueror_Elite.SG,1025.0,0.8447672724723816,1.7420738128339817,0.1441407779896376,-0.7720517530557421
K2-16.SG,Hungary,Hungary_Conqueror_Elite.SG,1025.0,0.7386816143989563,1.6485836636208615,0.13455551472798924,-0.973439631101747
K2-18.SG,Hungary,Hungary_Conqueror_Elite.SG,970.0,0.6764640808105469,1.7039164144803738,0.13627880886440372,-1.0106678715534605
K2-26.SG,Hungary,Hungary_Conqueror_Elite.SG,970.0,0.1640339493751526,1.7349742903627425,0.13870974197169975,-1.0422784487323349
K2-29.SG,Hungary,Hungary_Conqueror_Elite.SG,970.0,0.8804610967636108,1.677206372697362,0.12112837316207409,-0.9193533573186548
K2-33.SG,Hungary,Hungary_Conqueror_Elite_oEurope.SG,970.0,0.8936977982521057,1.7100109490732593,0.03931283852322088,-1.0383277698268718
K2-52.SG,Hungary,Hungary_Conqueror_Elite.SG,1025.0,0.6578357219696045,1.6299626950771025,0.05307718364817756,-1.0465127601709316
K2-61.SG,Hungary,Hungary_Conqueror_Elite.SG,1025.0,0.7665417790412903,1.6341363222383198,0.05964338864202119,-1.0229578660676517
K3-12.SG,Hungary,Hungary_Conqueror_Elite.SG,970.0,0.8600906729698181,1.495232938716708,0.12922078272880594,-0.9997519357801526
K3-13.SG,Hungary,Hungary_Conqueror_Elite.SG,970.0,0.7451364994049072,1.7016889790897538,0.20802678153980614,-1.0409781249011554
K3-6.SG,Hungary,Hungary_Conqueror_Elite.SG,970.0,0.3510287404060364,1.6904673115040922,0.11671449162964716,-1.0666665393313042
KD-16.SG,Hungary,Hungary_MidAvar_oEastAsiaMedium.SG,1200.0,0.9068022966384888,1.6119313187690125,-0.014269543088806083,-0.9116296993671001
KD-29.SG,Hungary,Hungary_MidLateEarlyAvar_twin.OBH52.SG,1241.0,0.8777466416358948,1.800417221303664,0.1331772480951878,-1.1467495506898158
KDA-188.SG,Hungary,Hungary_MidAvar.SG,1244.0,0.9272870421409608,1.6707845876065972,0.06615336577478684,-0.978977263024583
KDA-485.SG,Hungary,Hungary_MidAvar.SG,1270.0,0.9038785696029664,1.6389326688173278,0.06880398299813667,-1.273472344139794
KDA-517.SG,Hungary,Hungary_MidAvar.SG,1270.0,0.7940338253974915,1.606845262812147,0.19436732141481614,-1.2038927995195454
KDA-520.SG,Hungary,Hungary_MidAvar.SG,1270.0,0.8085526823997498,1.7860324549596007,0.06548312102538632,-1.0084655688670714
KeF1-10936.SG,Hungary,Hungary_Conqueror_Elite.SG,970.0,0.9097341299057008,1.4597821838081533,0.02461912861317232,-0.9960360685174287
KeF2-1045.SG,Hungary,Hungary_Conqueror_Elite.SG,970.0,0.2020838409662246,1.6933712824693528,0.031165623700152436,-1.0374089018458064
KFP-30a.SG,Hungary,Hungary_EarlyAvar.SG,1305.0,0.7609911561012268,1.5509598551031596,0.17135863595507136,-0.8860598321251985
KFP-31.SG,Hungary,Hungary_EarlyAvar.SG,1300.0,0.6343931555747986,1.620447240077966,0.12951133359351202,-0.9954888250276099
KFP-6.SG,Hungary,Hungary_EarlyAvar_Elite.SG,1305.0,0.709963321685791,1.6486958656175728,0.10598920920380772,-0.9946223361863008
KFP-7.SG,Hungary,Hungary_EarlyAvar_Elite.SG,1367.0,0.6609435677528381,1.6319795661984542,0.15355879943788917,-0.9220426305816367
KH-500.SG,Hungary,Hungary_Conqueror_Elite.SG,975.0,0.5288249254226685,1.7200046714628932,0.03759373822368219,-1.0367160307372894
KH-596.SG,Hungary,Hungary_Conqueror_Elite.SG,975.0,0.8314957022666931,1.6937726217838418,-0.13584866501729392,-1.315918914839788
KK1-245.SG,Hungary,Hungary_MidLateEarlyAvar.SG,1243.0,0.7915050387382507,1.7059562688852985,0.19649626603144407,-0.9553461907581553
KK1-251.SG,Hungary,Hungary_LateEarlyAvar.SG,1243.0,0.931265950202942,1.776025306313248,0.017475039167992423,-0.9988937554120793
KK1-252.SG,Hungary,Hungary_LateEarlyAvar.SG,1270.0,0.7638532519340515,1.7034590334783823,0.010293456219573012,-1.1402594914749484
KK1-368.SG,Hungary,Hungary_LateEarlyAvar.SG,1230.0,0.8722786903381348,1.7685217333183338,-0.04221874868843147,-1.0545656317899075
KK2-429.SG,Hungary,Hungary_MidLateEarlyAvar.SG,1175.0,0.5590614080429077,1.6428946717940718,0.10424511843741495,-1.0358214262755807
KK2-441.SG,Hungary,Hungary_LateEarlyAvar.SG,1175.0,0.7109981775283813,1.6249028134270127,0.07547568252549001,-1.088783113901878
KK2-445.SG,Hungary,Hungary_LateEarlyAvar.SG,1175.0,0.821204662322998,1.5484207841240423,0.30431530290453057,-0.9573974589312582
KK1-541.SG,Hungary,Hungary_LateEarlyAvar.SG,1270.0,0.8037604093551636,1.6325224361884505,-0.06590136257896247,-1.1558095176505843
KK2-670.SG,Hungary,Hungary_LateEarlyAvar.SG,1175.0,0.93158221244812,1.607347848807864,0.11879936088066732,-0.8936217684648273
KMT-2785.SG,Hungary,Hungary_Hun.SG,1509.0,0.8737620711326599,1.57175000494347,0.13084903319406624,-0.9666681289228886
KPM-14.SG,Hungary,Hungary_EarlyMidAvar.SG,1310.0,0.8188397288322449,1.7896304782095276,0.08272351134707025,-0.9698823952609773
KPM-23.SG,Hungary,Hungary_MidAvar.SG,1228.0,0.5080814361572266,1.7065815110811247,0.10409123763777,-1.0486438232961486
KPM-27.SG,Hungary,Hungary_MidLateEarlyAvar.SG,1250.0,0.86231529712677,1.602402174032083,0.04966239692717235,-1.2083610825674436
KV-3367.SG,Hungary,Hungary_MidAvar_Elite.SG,1265.0,0.3526118397712707,1.6236701713020454,0.11803217553603357,-1.0272622252315216
KV-3369.SG,Hungary,Hungary_EarlyAvar_Elite.SG,1417.0,0.515192449092865,1.6262012674280126,0.09706007804562986,-0.9965240722772398
KV-3450.SG,Hungary,Hungary_LateEarlyAvar_Elite.SG,1260.0,0.6193584203720093,1.6383387463099008,0.05347760451780303,-1.0539545981733238
KV-3456.SG,Hungary,Hungary_MidLateEarlyAvar_Elite.SG,1137.0,0.542557954788208,1.6456960861138756,0.04507716359288138,-0.9876932151903796
LB-1432.SG,Hungary,Hungary_Conqueror_Elite.SG,1025.0,0.7620260119438171,1.6537874196070852,0.17083528151871386,-0.903637407244418
MH-106.SG,Hungary,Hungary_EarlyArpadian.SG,900.0,0.581691324710846,1.5417966840199566,0.08287788752324206,-1.0718975737336274
MH-107.SG,Hungary,Hungary_EarlyArpadian.SG,900.0,0.9316665530204772,1.7331541899544063,-0.004173557115710824,-0.9700522061836139
MH1-14.SG,Hungary,Hungary_Conqueror_Elite.SG,1000.0,0.7165828943252563,1.653005319124346,0.1257508370038344,-1.0470406597396722
MH1-23.SG,Hungary,Hungary_Conqueror_Elite.SG,1000.0,0.2975378334522247,1.661820168503443,0.11632607049297498,-1.0308077645661442
MH-137.SG,Hungary,Hungary_EarlyArpadian.SG,900.0,0.1686867922544479,1.5675102558704004,0.12595245178166714,-0.9764760291672834
MH1-4.SG,Hungary,Hungary_Conqueror_Elite.SG,1000.0,0.7555127143859863,1.6939595653031798,0.04053397791508769,-1.1125475515684697
MH-153.SG,Hungary,Hungary_EarlyArpadian.SG,900.0,0.8867311477661133,1.732454079410769,0.2017326102502888,-1.1119639018367153
MH1-9.SG,Hungary,Hungary_Conqueror_Elite.SG,1000.0,0.5810587406158447,1.7144885609412461,0.03377827107190873,-1.0852234306769795
MH-88.SG,Hungary,Hungary_EarlyArpadian.SG,900.0,0.7862780094146729,1.8265705843472853,0.17673636577483923,-0.9522771018958679
MM-131.SG,Hungary,Hungary_EarlyAvar.SG,1325.0,0.7494997978210449,1.8592778539031596,0.15979528330585718,-1.146900273458274
MM-151.SG,Hungary,Hungary_EarlyAvar.SG,1325.0,0.5852785110473633,1.574844556999728,0.1524276966076846,-1.0149338302437856
MM-240.SG,Hungary,Hungary_EarlyAvar.SG,1410.0,0.8344064354896545,1.6944167234459655,-0.15422414018875624,-1.1345828887939633
MM-245.SG,Hungary,Hungary_EarlyAvar.SG,1391.0,0.7639781832695007,1.5706129947326595,0.15752659715054362,-0.8284884494683195
MM-61.SG,Hungary,Hungary_EarlyAvar.SG,1333.0,0.8301793932914734,1.5679366174341745,0.1350637885649183,-1.0372305413625973
MM-80.SG,Hungary,Hungary_EarlyAvar.SG,1328.0,0.8301980495452881,1.509738560166366,0.0955534062539358,-0.9985416853982491
MM-83.SG,Hungary,Hungary_EarlyAvar.SG,1325.0,0.9528844952583312,1.7105851017082416,0.1663028234555055,-0.9951228997517955
MS-43.SG,Hungary,Hungary_EarlyAvar.SG,1305.0,0.7201967835426331,1.6784982166915736,0.021659555709398357,-1.0494992040595141
MS-45.SG,Hungary,Hungary_EarlyAvar.SG,1322.0,0.6156439781188965,1.7371655884866266,0.05973925059714193,-1.0056842701608273
MS-50.SG,Hungary,Hungary_MidAvar.SG,1270.0,0.6587562561035156,1.6587206483797305,0.07617737322610482,-1.099439457468495
MSG-1.SG,Romania,Romania_Hun_oEastAsian_identical.to.data.from.ASZK1.SG,1476.0,0.7690802812576294,1.295863547585261,0.3612952298564308,-0.1741474417582128
MT-17.SG,Hungary,Hungary_MidAvar.SG,1265.0,0.896911084651947,1.6729334740949502,0.2120999782282583,-1.1211782665210328
MT-23.SG,Hungary,Hungary_MidAvar_oEastAsiaMedium.SG,1265.0,0.5300374031066895,1.648302920619842,-0.04164387897120118,-1.0585292130914954
MT-29.SG,Hungary,Hungary_EarlyAvar.SG,1290.0,0.5505375862121582,1.7178587479082228,-0.0037542954575631275,-1.000894723697777
MT-74.SG,Hungary,Hungary_MidAvar_oEastAsiaHigh.SG,1286.0,0.8230910897254944,1.5171240209476051,0.15021082187499585,-0.9034436806860494
NK-2.SG,Hungary,Hungary_Conqueror_Elite.SG,1000.0,0.9329179525375366,1.7181905770803674,0.154651263465383,-1.1293398221342201
NTH-1.SG,Hungary,Hungary_Conqueror_Commoner.SG,975.0,0.7114142179489136,1.6749300868749526,0.11907093016816551,-1.1009554986388639
NTH-19.SG,Hungary,Hungary_Conqueror_Commoner.SG,975.0,0.6065086126327515,1.631470929504726,0.022181812925215472,-1.0553460838939444
NTH-2.SG,Hungary,Hungary_Conqueror_Commoner.SG,1008.0,0.6869935393333435,1.6279156158668475,0.029254496466732945,-1.0979239196218826
NTH-20.SG,Hungary,Hungary_Conqueror_Commoner.SG,975.0,0.6418439745903015,1.6669401042920116,0.1253802896593029,-1.0271239819383546
OBH-37.SG,Hungary,Hungary_LateEarlyAvar.SG,1228.0,0.8549123406410217,1.6953029457658448,0.21770428904261657,-1.0356865123094339
OBH-52.SG,Hungary,Hungary_MidLateEarlyAvar.SG,1200.0,0.8797579407691956,1.9447674360246092,0.06299751630455458,-1.1120120256210955
OBT-106.SG,Hungary,Hungary_LateEarlyAvar.SG,1250.0,0.4948115050792694,1.6287461468899194,0.0890858182776289,-1.1078901666041798
OBT-108.SG,Hungary,Hungary_LateEarlyAvar.SG,1250.0,0.9145832061767578,1.6836878645690643,-0.10773621910489635,-1.1053001418321933
OBT-3.SG,Hungary,Hungary_LateEarlyAvar.SG,1200.0,0.914493203163147,1.6302633497241563,0.044775451435412034,-1.1091272983433837
OBT-51.SG,Hungary,Hungary_LateEarlyAvar.SG,1230.0,0.9170852303504944,1.5478505516912744,0.07920668981199012,-0.9445774867459636
OBT-56.SG,Hungary,Hungary_LateEarlyAvar.SG,1200.0,0.8425888419151306,1.799496363717798,0.11055773633874415,-1.2144021558213316
PLE-115.SG,Hungary,Hungary_EarlyArpadian.SG,925.0,0.7054151296615601,1.6744154821653237,0.036079114758524725,-1.0716315637418405
PLE-195.SG,Hungary,Hungary_Conqueror_Commoner.SG,975.0,0.3215375542640686,1.680972151638178,0.09378480271307106,-1.0400013128368308
PLE-200.SG,Hungary,Hungary_Conqueror_Commoner.SG,1007.0,0.708045244216919,1.6811558411794394,0.08203796329863526,-1.0207767277384292
PLE-216.SG,Hungary,Hungary_Conqueror_Commoner_oEastAsia.SG,975.0,0.9110050201416016,1.560151810442201,0.053730122243111314,-1.0381809798413595
PLE-23.SG,Hungary,Hungary_Conqueror_Commoner.SG,975.0,0.9116724729537964,1.7335307778873428,-0.0034111089732254676,-1.2046001631753844
PLE-28.SG,Hungary,Hungary_Conqueror_Commoner.SG,975.0,0.5885428786277771,1.6628605519602293,0.15556538601893347,-1.052368566491371
PLE-327.SG,Hungary,Hungary_EarlyArpadian.SG,900.0,0.7266703844070435,1.6561664785489247,0.21897184199587816,-1.0860553224107803
PLE-38.SG,Hungary,Hungary_Conqueror_Commoner.SG,1003.0,0.9165856242179872,1.6091311726558295,-0.0014163981423621816,-1.0566943818306782
PLE-384.SG,Hungary,Hungary_EarlyArpadian.SG,870.0,0.856583833694458,1.7096762888618435,0.19964030103099173,-1.1084472018602083
PLE-418.SG,Hungary,Hungary_EarlyArpadian.SG,870.0,0.8846370577812195,1.841126674145871,0.16513673493028383,-0.9279724042129818
PLE-441.SG,Hungary,Hungary_EarlyArpadian.SG,900.0,0.9759159088134766,1.6749926923501686,0.022637916723565212,-1.0801202372354919
PLE-57.SG,Hungary,Hungary_Conqueror_Commoner.SG,975.0,0.9010480642318726,1.6591864183733143,0.085214128000028,-1.1836905064491223
PLE-95.SG,Hungary,Hungary_EarlyArpadian.SG,925.0,0.7869649529457092,1.6695320376827458,0.23652662670549696,-0.9289256327578109
PV-116.SG,Hungary,Hungary_MidAvar.SG,1191.0,0.9464336633682252,1.8249985679583343,0.1664636264588606,-0.9247946907474012
PV-12.SG,Hungary,Hungary_LateEarlyAvar.SG,1200.0,0.907014787197113,1.6241295752888152,0.11796890647954644,-1.1396104675337824
PV-125.SG,Hungary,Hungary_MidAvar.SG,1417.0,0.7451551556587219,1.7324849931076807,0.1485067588994804,-1.0244630171785818
PV-200.SG,Hungary,Hungary_LateEarlyAvar.SG,1223.0,0.9379065632820128,1.701510165770728,0.13209745697470196,-1.0837305521077394
PV-205.SG,Hungary,Hungary_LateEarlyAvar.SG,1226.0,0.9720278978347778,1.6183709295533182,0.09115711283155326,-1.0696581353841237
SE-114.SG,Hungary,Hungary_Conqueror_Elite.SG,970.0,0.9201257228851318,1.7200468442846317,0.04770233086036875,-1.1165364454776596
SE-16.SG,Hungary,Hungary_Conqueror_Elite.SG,1015.0,0.8757904171943665,1.5912549422592845,0.0557231375899898,-0.9008846280778421
SE-23.SG,Hungary,Hungary_Conqueror_Elite.SG,970.0,0.9608917236328124,1.7250772320110965,0.10443523497718386,-1.0248508783519836
SE-64.SG,Hungary,Hungary_Conqueror_Elite.SG,970.0,0.7603885531425476,1.6698048774261065,0.17613297086126378,-1.1664766624095502
SEI-1.SG,Hungary,Hungary_Hun.SG,1513.0,0.6942887306213379,1.691241759596883,0.143305223436424,-1.0877091705602526
SEI-5.SG,Hungary,Hungary_Hun.SG,1513.0,0.7040663957595825,1.7444629445585786,0.06166595887140395,-1.0817660319075948
SEI-6.SG,Hungary,Hungary_Hun.SG,1513.0,0.7448210120201111,1.745650698349206,0.1313906644930952,-1.084296794798835
SEO-3.SG,Hungary,Hungary_Conqueror_Elite.SG,1000.0,0.5586988925933838,1.674658581773927,0.07839240511014832,-1.1254663897471915
SEO-4.SG,Hungary,Hungary_Conqueror_Elite.SG,1000.0,0.7216022610664368,1.7579816814154916,0.08675127566256782,-1.0417557473008376
SH-103.SG,Hungary,Hungary_Conqueror_Commoner.SG,1000.0,0.7241796851158142,1.6825122508120616,0.06100500149810258,-1.052623445033754
SH-106.SG,Hungary,Hungary_Conqueror_Commoner.SG,1000.0,0.8557922840118408,1.6997111216846053,0.15434443042843846,-1.2324364477058656
SH-12.SG,Hungary,Hungary_Conqueror_Commoner.SG,1000.0,0.6109967827796936,1.7234783521264723,0.026480200560614918,-1.1028450550723423
SH-143.SG,Hungary,Hungary_Conqueror_Commoner.SG,1000.0,0.7678807973861694,1.642257163111435,0.2108306676848757,-1.0701282472269733
SH-175.SG,Hungary,Hungary_Conqueror_Commoner.SG,1000.0,0.7978309988975525,1.5633617919341147,0.02198244490837579,-1.1977858627098503
SH-182.SG,Hungary,Hungary_Conqueror_Commoner.SG,1000.0,0.7037217020988464,1.6864953847863298,0.10536383891450489,-1.1222792673868984
SH-251.SG,Hungary,Hungary_Conqueror_Commoner.SG,975.0,0.7067257165908813,1.6278845750325195,0.011821253355977918,-1.0001718028538953
SH-41.SG,Hungary,Hungary_Conqueror_Commoner.SG,975.0,0.8160797953605652,1.8479315582828713,0.24718478342885974,-1.224795804409192
SH-81.SG,Hungary,Hungary_Conqueror_Commoner.SG,975.0,0.5295856595039368,1.6657445261469446,0.10242766319176072,-1.1271633820753284
SH-98.SG,Hungary,Hungary_Conqueror_Commoner.SG,1000.0,0.7892852425575256,1.6781055911576928,0.09412949193606712,-1.1214232365439116
SO-5.SG,Hungary,Hungary_Conqueror_Elite.SG,1000.0,0.8739907741546631,1.5853278401390603,0.055180427735700706,-0.9818314014031309
SP-10.SG,Hungary,Hungary_Conqueror_Elite.SG,970.0,0.737129271030426,1.6298667306777461,-0.021474663875771818,-1.0130285025850738
SP-2.SG,Hungary,Hungary_Conqueror_Elite.SG,970.0,0.5154146552085876,1.7156431915164272,0.0650351764923266,-1.0614964654104413
SP-9.SG,Hungary,Hungary_Conqueror_Elite.SG,970.0,0.8576697707176208,1.5706740027009984,0.2378753553596945,-1.0478688545371657
SSD-144.SG,Hungary,Hungary_MidAvar.SG,1265.0,0.8760434985160828,1.830120787251177,-0.07618136921701482,-1.0276957533443636
SSD-151.SG,Hungary,Hungary_MidAvar.SG,1265.0,0.7203240990638733,1.6652794925962608,0.10819733730252622,-1.122587408752988
SSD-17.SG,Hungary,Hungary_EarlyAvar.SG,1305.0,0.6656183004379272,1.7266027903567576,0.059996032666678245,-1.042094624843494
SSD-198.SG,Hungary,Hungary_MidAvar.SG,1265.0,0.5278427600860596,1.7040376163829427,0.025912263948998596,-0.9709101124581363
SSD-35.SG,Hungary,Hungary_MidAvar_oEastAsiaHigh.SG,1259.0,0.5494703054428101,1.6702636095721934,0.09086913609700173,-1.0644954328504408
SSD-58.SG,Hungary,Hungary_EarlyAvar.SG,1305.0,0.6461602449417114,1.6915051840076207,0.021301312067270272,-1.0090840073183018
SZA-154.SG,Hungary,Hungary_Conqueror_Commoner.SG,1011.0,0.8803978562355042,1.6691642339555606,0.15606728406508716,-0.9326129675384404
SZA-20.SG,Hungary,Hungary_Conqueror_Commoner.SG,1000.0,0.8073418736457825,1.65413147359902,0.011388071266144774,-1.1221528317794058
SZA-29.SG,Hungary,Hungary_Conqueror_Commoner.SG,1000.0,0.8605408072471619,1.632919235809759,0.12123537646806186,-1.2215678299048391
SZA-44.SG,Hungary,Hungary_Conqueror_Commoner.SG,1000.0,0.9149489998817444,1.7788415827719373,-0.07841146997291001,-1.2504105398806764
SZA-52.SG,Hungary,Hungary_Conqueror_Commoner.SG,1000.0,0.9312999844551086,1.617773643700401,0.1251565261582424,-0.8916215117311542
SZA-7.SG,Hungary,Hungary_Conqueror_Commoner.SG,1000.0,0.912242591381073,1.5993926846425932,-0.021193086456769945,-1.2655901265096108
SZAK-1.SG,Hungary,Hungary_Conqueror_Elite.SG,1000.0,0.2475651055574417,1.6937889246553721,0.04500084503678072,-1.0249984883792083
SZAK-4.SG,Hungary,Hungary_Conqueror_Elite.SG,1000.0,0.6937801837921143,1.6854166893398708,0.09248770413128395,-1.1344296017046236
SZAK-6.SG,Hungary,Hungary_Conqueror_Elite.SG,1000.0,0.5789103507995605,1.6796679600806421,0.1053771372048344,-1.1187180495206062
SZAK-7.SG,Hungary,Hungary_Conqueror_Elite.SG,1000.0,0.5833588242530823,1.6721143911770702,0.03166223315565576,-0.9694507287663701
SZF-181.SG,Hungary,Hungary_EarlyAvar.SG,1267.0,0.8724652528762817,1.8218098971146695,0.026151585414081625,-1.1217745661254976
SZF-371.SG,Hungary,Hungary_EarlyAvar.SG,1288.0,0.8128746151924133,1.851307829286555,0.24137897280469045,-1.1099467638376848
SZF-43.SG,Hungary,Hungary_EarlyAvar.SG,1300.0,0.7354058623313904,1.6371188496475864,0.060311397371039674,-1.1195677727114313
SZK-102.SG,Hungary,Hungary_EarlyAvar.SG,1300.0,0.8451322317123413,1.8030849624390473,0.10880501872484238,-1.014002737554897
SZK-130.SG,Hungary,Hungary_LateEarlyAvar.SG,1200.0,0.8721692562103271,1.7805981633701398,-0.07977047837477463,-1.0406496368158993
SZK-180.SG,Hungary,Hungary_MidAvar.SG,1275.0,0.9210365414619446,1.6977142759873702,-0.08611472073447783,-1.131410461172428
SZK-213.SG,Hungary,Hungary_EarlyAvar.SG,1300.0,0.8401193022727966,1.6631400178311422,0.08199169614494825,-0.9775030256149394
SZK-83.SG,Hungary,Hungary_MidAvar.SG,1275.0,0.5135688185691833,1.7232384568164256,0.026242369075563238,-1.1037636114621179
SZKT-265.SG,Hungary,Hungary_LateEarlyAvar.SG,1200.0,0.537765622138977,1.720810309220057,0.09844154471058049,-1.029147249412045
SZKT-311.SG,Hungary,Hungary_LateEarlyAvar.SG,1263.0,0.942758083343506,1.826106960470886,0.23997048137037896,-0.9946379638595665
SZKT-62.SG,Hungary,Hungary_LateEarlyAvar.SG,1200.0,0.8827400803565979,1.8067375263755978,0.2022635934174898,-0.9440668478015117
SZKT-70.SG,Hungary,Hungary_LateEarlyAvar.SG,1200.0,0.9634845852851868,1.7565457106058682,-0.00676653063581233,-1.0709708548234276
SZKT-89.SG,Hungary,Hungary_LateEarlyAvar.SG,1227.0,0.927759051322937,1.7678387104401756,0.08743817768868722,-0.9838531652719728
SZLA-646.SG,Hungary,Hungary_Hun.SG,1597.0,0.7013729810714722,1.597648599287632,0.0900201184244182,-1.025141708883414
SZM-24.SG,Hungary,Hungary_MidAvar.SG,1270.0,0.826474666595459,1.538892931070521,-0.04052317933337484,-1.24521126045119
SZM-255.SG,Hungary,Hungary_MidAvar.SG,1240.0,0.9326763153076172,1.7140096109266727,0.0528846785007418,-1.0215080082779997
SZM-259.SG,Hungary,Hungary_MidAvar.SG,1300.0,0.658360481262207,1.7478510569102257,0.05060570072977521,-1.0728170273347641
SZM-332.SG,Hungary,Hungary_LateEarlyAvar.SG,1225.0,0.835208535194397,1.7345652183437008,0.020765511374568647,-1.172134184270143
SZM-38.SG,Hungary,Hungary_MidAvar.SG,1300.0,0.8694993257522583,1.716295835188741,-0.06576256843629147,-1.142650555163165
SZOD1-127.SG,Hungary,Hungary_EarlyAvar.SG,1325.0,0.7521412968635559,1.6485480955506564,0.025714390274222537,-1.009152210843305
SZOD1-187.SG,Hungary,Hungary_EarlyAvar.SG,1300.0,0.8475880026817322,1.7102741912181767,0.07811390467508221,-0.8013314793763492
SZOD1-554.SG,Hungary,Hungary_EarlyAvar.SG,1288.0,0.763643205165863,1.6485435718670836,0.16861760519863483,-0.9493890584103815
SZOD1-76.SG,Hungary,Hungary_EarlyAvar.SG,1325.0,0.7814751267433167,1.6907362852641337,0.1351966032581904,-1.1039008568992144
SZOD1-829.SG,Hungary,Hungary_EarlyAvar.SG,1288.0,0.8114334344863892,1.8547875222764794,0.016817874143584863,-1.1108860916755852
SZOD-376.SG,Hungary,Hungary_Conqueror_Commoner.SG,875.0,0.6364198923110962,1.674378968241036,0.025654451834633392,-1.017339810541105
SZOD-394.SG,Hungary,Hungary_Conqueror_Commoner.SG,1000.0,0.8698026537895203,1.6204740363680312,-0.06603510621342527,-1.23958677783255
SZOD-426.SG,Hungary,Hungary_Conqueror_Commoner.SG,900.0,0.8418264985084534,1.8059475692368683,0.23682813102023942,-0.8855510760047816
SZOD-566.SG,Hungary,Hungary_Conqueror_Commoner.SG,1000.0,0.8724782466888428,1.6597839015581022,0.07795369291542631,-1.0428468758587355
SZRV-147.SG,Hungary,Hungary_MidAvar_oEastAsiaMedium.SG,1275.0,0.9665753841400146,1.644980267489139,0.0495695003737743,-1.0204773088539982
SZRV-168.SG,Hungary,Hungary_LateEarlyAvar.SG,1263.0,0.9637911319732666,1.6908254466718102,0.029742120596520462,-0.9958414017300533
SZRV-212.SG,Hungary,Hungary_LateEarlyAvar.SG,1200.0,0.8830377459526062,1.6439610371597857,0.1820700485680185,-0.9273291824550709
SZRV-266.SG,Hungary,Hungary_LateEarlyAvar.SG,1162.0,0.7868368029594421,1.605372446966435,0.13261375954739651,-0.7540983322628722
SZRV-277.SG,Hungary,Hungary_LateEarlyAvar.SG,1200.0,0.8854351043701172,1.7799675222011382,0.22841068137622839,-1.0029594504517545
SZRV-316.SG,Hungary,Hungary_LateEarlyAvar.SG,1200.0,0.8443771600723267,1.7830675151303395,0.2055612886714126,-1.0307066129979146
SZRV-54.SG,Hungary,Hungary_EarlyAvar.SG,1300.0,0.8016671538352966,1.5924288925143728,0.10007830824740765,-0.9652676904766556
SZRV-67.SG,Hungary,Hungary_LateEarlyAvar.SG,1200.0,0.8617087006568909,1.5522880005342585,0.17554668625254344,-1.1912936670235943
TCS-18.SG,Hungary,Hungary_Conqueror_Elite.SG,963.0,0.6446647644042969,1.6512603254865088,0.03700121392676821,-1.1310724279977593
TCS-2.SG,Hungary,Hungary_Conqueror_Elite.SG,1150.0,0.6837705969810486,1.6835540461523248,0.11468018269030263,-1.082458351568015
TCS-5.SG,Hungary,Hungary_Conqueror_Elite.SG,970.0,0.7025238275527954,1.6258117364435631,0.1343000736319507,-1.064958543156156
TMH-1273.SG,Hungary,Hungary_LateEarlyAvar.SG,1263.0,0.7359054684638977,1.6781065788144571,0.05947415665720015,-1.0834864833213944
TMH-199.SG,Hungary,Hungary_LateEarlyAvar.SG,1223.0,0.6818451881408691,1.6367805822614518,0.14249430466257174,-1.1131262615952062
TMH-388.SG,Hungary,Hungary_MidAvar.SG,1275.0,0.9043716192245485,1.602319725962958,0.03969728571260867,-1.3107707905893804
TMH-509.SG,Hungary,Hungary_LateEarlyAvar.SG,1150.0,0.8743557333946228,1.782488532221341,0.1352548606660833,-1.0927980254681766
TMH-756.SG,Hungary,Hungary_MidAvar.SG,1250.0,0.8072745203971863,1.7549421381506678,-0.04967742402307194,-1.1303179905380452
TMH-798.SG,Hungary,Hungary_LateEarlyAvar.SG,1150.0,0.913917362689972,1.7025211386379224,0.04927898605964771,-1.1811610872404152
TTSZ-43.SG,Hungary,Hungary_LateEarlyAvar.SG,1132.0,0.7515841126441956,1.5962285893137564,0.1384030311590998,-1.011396457555395
VM-33.SG,Hungary,Hungary_LN_Tisza.SG,6700.0,0.7029131054878235,1.6495177251055744,0.14355219337869338,-1.0736086881903015
VPB-118.SG,Hungary,Hungary_EarlyArpadian.SG,950.0,0.5314412713050842,1.6783196637438116,0.039827534291246,-1.0767780375862026
VPB-167.SG,Hungary,Hungary_Conqueror_Elite.SG,1038.0,0.5768519639968872,1.6752701145832973,0.07905055456467905,-1.00142629332433
VPB-279.SG,Hungary,Hungary_Carolingian.SG,1100.0,0.0787623524665832,1.6253699584981063,0.12955340017589587,-1.0466444338499632
VPB-307.SG,Hungary,Hungary_LateEarlyAvar_Elite.SG,1150.0,0.7710810899734497,1.6539335049403872,0.12145774102723621,-0.9942726905669247
VPB-31.SG,Hungary,Hungary_LateEarlyAvar.SG,1150.0,0.7917369604110718,1.559058764795301,0.16177839738480168,-0.9521671236347351
VPB-310.SG,Hungary,Hungary_Conqueror_Elite.SG,1008.0,0.6483897566795349,1.6666600779660221,0.05397335466416428,-0.9621746387201298
VPB-588.SG,Hungary,Hungary_Conqueror_Commoner.SG,950.0,0.7501105070114136,1.637465538981568,0.018218824772086115,-1.0797171130670022
VPB-600.SG,Hungary,Hungary_EarlyArpadian.SG,950.0,0.6425414681434631,1.6516827416457198,0.08688451993255718,-1.0837490320189629
VZ-12673.SG,Hungary,Hungary_Hun_oEastAsian.SG,1500.0,0.8278266191482544,1.4824959632104449,0.18842475896030603,-1.033470810253126
CabecoArruda117B.SG,Portugal,Portugal_C.SG,5050.0,0.3182772696018219,-1.138728559095062,-1.370698974088096,-0.4926446364734698
CabecoArruda122A.SG,Portugal,Portugal_C.SG,5050.0,0.8021975159645081,-1.1478187626215193,-1.3681530199809953,-0.4924916064390626
CovaMoura364.SG,Portugal,Portugal_LN_C.SG,4850.0,0.5497168302536011,-1.1208784209158456,-1.3598080109667154,-0.47934049740516665
CovaMoura9B.SG,Portugal,Portugal_LN_C.SG,4750.0,0.9047374129295348,-1.1330632780658505,-1.3739811902426668,-0.5186492434793787
DolmenAnsiao96B.SG,Portugal,Portugal_LN_C.SG,5450.0,0.8243635892868042,-1.1446867269536565,-1.3851003283506507,-0.5105348451663018
LugarCanto41.SG,Portugal,Portugal_MN.SG,5950.0,0.6352438926696777,-1.121548843955368,-1.3680427548366807,-0.48362029114766275
LugarCanto42.SG,Portugal,Portugal_MN.SG,5950.0,0.9207485914230348,-1.126676024346643,-1.3657467568705886,-0.4825836264801989
LugarCanto44.SG,Portugal,Portugal_MN.SG,5950.0,0.8422725200653076,-1.1210755099536331,-1.3674177996531838,-0.48462520596130265
LugarCanto45.SG,Portugal,Portugal_MN.SG,5950.0,0.0719319283962249,-1.128963655098701,-1.3451349889047421,-0.4834043196902975
MonteGato104.SG,Portugal,Portugal_MBA.SG,3546.0,0.6025856733322144,-1.1436853095841086,-1.355522205562294,-0.494695288149779
TV32032extra.SG,Portugal,Portugal_MBA.SG,3550.0,0.5351452231407166,-1.1228794099732993,-1.3533681668261066,-0.5015701484809127
TV3831.SG,Portugal,Portugal_MBA.SG,3550.0,0.5900683999061584,-1.1288166732906308,-1.3497782537549843,-0.4892431744309035
ValeOuro10207.SG,Portugal,Portugal_MBA.SG,3550.0,0.2100853770971298,-1.1337736775774196,-1.3504975119785703,-0.5328125560608523
Popovo2.AG,Russia,Russia_Popovo_Mesolithic.AG,8200.0,0.0562102757394313,-0.08859608924835803,0.7058660358042047,-0.30026960695461
Donkalnis6.AG,Lithuania,Lithuania_EMN_Narva.AG,6569.0,0.797157883644104,-0.5414560013411455,0.23787238241885456,0.1336844985430035
Donkalnis7.AG,Lithuania,Lithuania_EMN_Narva.AG,7110.0,0.3893924951553345,-0.5419989392827941,0.24175468991795973,0.12235233327081294
Gyvakarai1_10bp.AG,Lithuania,Lithuania_LN.AG,4495.0,0.956306219100952,-0.5421896585206878,0.26705815803805943,0.11787536280577934
Kivisaare3.AG,Estonia,Estonia_EMN_Narva.AG,6594.0,0.148709699511528,-1.1902631093459688,1.5893761961852162,-0.1828988813933564
Kivutkalns153.AG,Latvia,Latvia_BA.AG,2633.0,0.2079507708549499,-0.6643553742897906,0.38256893551727716,0.025477508368331774
Kivutkalns164.AG,Latvia,Latvia_BA.AG,2423.0,0.0801605507731437,-0.6363610751977525,0.40206161883657515,0.02477905795135261
Kivutkalns194.AG,Latvia,Latvia_BA.AG,2298.0,0.1113840639591217,-0.639319906796981,0.3902506932910373,0.021920820163349588
Kivutkalns19.AG,Latvia,Latvia_BA.AG,2433.0,0.7782764434814453,-0.637884302676499,0.3803910139054366,0.0390444813466494
Kivutkalns207.AG,Latvia,Latvia_BA.AG,2600.0,0.7813453674316406,-0.6323366733338524,0.3856151195675499,0.027438489559348713
Kivutkalns209.AG,Latvia,Latvia_BA.AG,2616.0,0.6957063674926758,-0.6245485588194749,0.3908421932709009,0.024102704960931403
Kivutkalns215.AG,Latvia,Latvia_BA.AG,2559.0,0.723457932472229,-0.6416240707612856,0.37404342200343826,0.039017791137113615
Kivutkalns222.AG,Latvia,Latvia_BA.AG,2473.0,0.5488190054893494,-0.631984971241732,0.3944732414821091,0.02799651366715595
Kivutkalns25.AG,Latvia,Latvia_BA.AG,2637.0,0.585223376750946,-0.6316423524511275,0.39661214365563624,0.020564195711215302
Kivutkalns42.AG,Latvia,Latvia_BA.AG,2697.0,0.4982972741127014,-0.624940347602189,0.39434616044185783,0.02960010320055047
Kretuonas1.AG,Lithuania,Lithuania_EMN_Narva.AG,6123.0,0.2511636018753052,-0.5480312497737417,0.24781482276402142,0.13599358771158418
Kretuonas2.AG,Lithuania,Lithuania_EMN_Narva.AG,6150.0,0.5423333048820496,-0.5494415306083846,0.22176537776693764,0.11748186478414974
Kretuonas4.AG,Lithuania,Lithuania_EMN_Narva.AG,6150.0,0.8484857678413391,-0.563575418907169,0.2685646508737683,0.10219898922381246
Kretuonas5.AG,Lithuania,Lithuania_EMN_Narva_twin.Kretuonas2.AG,6150.0,0.1622764766216278,-0.5379139494896139,0.26474413932280466,0.10570367891576651
Kunila2.AG,Estonia,Estonia_CordedWare.AG,4416.0,0.3109683394432068,-1.2169073680163545,1.6291620545726437,-0.1796951675514786
Kvarlov5164.AG,Sweden,Sweden_MN_TRB.AG,5746.0,0.3097980320453644,-0.9052615011329045,2.453386841687811,-0.5849750423899793
Olsund.AG,Sweden,Sweden_LNBA.AG,4306.0,0.5826767683029175,-0.8937810192821164,2.410085698331149,-0.5869665016522141
Plinkaigalis241.AG,Lithuania,Lithuania_LN.AG,4528.0,0.156081885099411,-0.5412907623559515,0.26828271329759446,0.11376225491432188
Plinkaigalis242.AG,Lithuania,Lithuania_LN.AG,4842.0,0.7336865067481995,-0.5541205196624233,0.2636688041554923,0.12413624196677597
Spiginas1.AG,Lithuania,Lithuania_EMN_Narva.AG,6263.0,0.8372206687927246,-0.5614322380551694,0.240335493429534,0.12490715883625693
Spiginas2.AG,Lithuania,Lithuania_LN_o.AG,3880.0,0.7531850934028625,-0.5242179805283099,0.2592966550028159,0.11652264492522026
Spiginas4.AG,Lithuania,Lithuania_Mesolithic.AG,8276.0,0.5653727650642395,-0.5250045479791429,0.23317516379249428,0.12035853234927579
Tamula1.AG,Estonia,Estonia_MN_CCC_1.AG,5407.0,0.1352670192718505,-1.186197818873709,1.6188365150565742,-0.19289448303213777
Tamula3.AG,Estonia,Estonia_MN_CCC_2.AG,5666.0,0.1289086192846298,-1.1797867580184442,1.6151563009191918,-0.19961878762340468
Turlojiske1932.AG,Lithuania,Lithuania_BA.AG,3036.0,0.0696943178772926,-0.5383171378380394,0.2511502280506108,0.1177743680547851
Turlojiske1.AG,Lithuania,Lithuania_BA.AG,2819.0,0.1070953831076622,-0.5560005509850711,0.25210030083457236,0.12248375472507832
Turlojiske3.AG,Lithuania,Lithuania_BA.AG,2846.0,0.3979779481887817,-0.5401977024593597,0.24447710437933323,0.12113190162166658
Turlojiske5.AG,Lithuania,Lithuania_BA.AG,3300.0,0.0500408336520195,-0.5482134298677839,0.26946822277227606,0.11791754670663285
UzOO77.AG,Russia,Russia_YuzhniyOleniyOstrov_Mesolithic.AG,7200.0,0.4483780860900879,-0.1932921606876206,0.6578578493396173,-0.2335650009239964
Veibri4.AG,Estonia,Estonia_EMN_Narva.AG,6760.0,0.4588491916656494,-1.183982463481859,1.6149878790413532,-0.18056714230078735
AITI_119.AG,Germany,Germany_Lech_EBA.AG,3747.0,0.453521579504013,-0.32887309884430777,-0.2528430011733443,0.7970655508173156
AITI_120.AG.SG,Germany,Germany_Lech_EBA.AG.SG,3662.0,0.4308592081069946,-0.44274304354726124,-0.22053609552579947,0.749399183108689
AITI_2.AG,Germany,Germany_Lech_EBA.AG,3753.0,0.6418229341506958,-0.3537207879382196,-0.2282114036962124,0.7743686005077515
AITI_40.AG.SG,Germany,Germany_Lech_EBA.AG.SG,3746.0,0.1692220568656921,-0.35221496788749573,-0.228688945320384,0.8120203491074557
AITI_43.AG,Germany,Germany_Lech_EBA.AG,3760.0,0.7386816143989563,-0.3858569562954586,-0.2148671650392895,0.7908583809619955
AITI_50.AG.SG,Germany,Germany_Lech_EBA.AG.SG,3773.0,0.2708576619625091,-0.3624470294796712,-0.13902701212043078,0.7879473194151643
AITI_70.AG.SG,Germany,Germany_Lech_EBA.AG.SG,3901.0,0.3153348863124847,-0.42856019996072386,-0.19793418013956923,0.7423747618024226
AITI_72.AG.SG,Germany,Germany_Lech_EBA.AG.SG,3776.0,0.6001777648925781,-0.39235139662587265,-0.20736530809611084,0.7893921117320681
AITI_78.AG.SG,Germany,Germany_Lech_EBA.AG.SG,3748.0,0.5648505091667175,-0.39773043660106777,-0.21367486990288606,0.754817898670772
AITI_98.AG.SG,Germany,Germany_Lech_EBA.AG.SG,3605.0,0.2786726355552673,-0.39931109772559775,-0.21108628536987348,0.8057231023424459
OBKR_80.AG,Germany,Germany_Lech_EBA.AG,4000.0,0.6189432144165039,-0.3744203042068397,-0.22661759472969414,0.731908856409863
OTTM_156.AG.SG,Germany,Germany_Lech_MBA.AG.SG,3448.0,0.114328883588314,-0.31551225280661377,-0.23012432953456602,0.8235322217285039
POST_28.AG,Germany,Germany_Lech_EBA.AG,3917.0,0.4068440496921539,-0.3525140357096133,-0.23260061784858374,0.7354775253142662
POST_44.AG,Germany,Germany_Lech_EBA_contam.AG,4023.0,0.7361593246459961,-0.35947705900138344,-0.2655869840420444,0.7670933581548747
POST_47.AG,Germany,Germany_Lech_EBA.AG,3997.0,0.0511673428118228,-0.40976341065867644,-0.3392230118447101,0.8228553919461855
POST_50.AG,Germany,Germany_Lech_EBA_contam.AG,4045.0,0.6592039465904236,-0.3224565479477108,-0.19963494558425143,0.777586388425627
POST_6.AG,Germany,Germany_Lech_EBA.AG,3873.0,0.8098536133766174,-0.3724345041365817,-0.20886420954281643,0.7498381409179588
UNTA58_153.AG,Germany,Germany_Lech_EBA.AG,3839.0,0.1664905399084091,-0.3819676102147283,-0.18902175091917137,0.8218405423144719
UNTA58_68Sk1.AG,Germany,Germany_Lech_BellBeaker_oEEF.AG,4250.0,0.4742642641067505,-0.2999187022502287,-0.19980954148827587,0.8057410928685865
UNTA85_1343.AG,Germany,Germany_Lech_BellBeaker.AG,4208.0,0.6838622093200684,-0.36634077292335987,-0.22716224104982796,0.7775990047827127
UNTA85_1412.AG,Germany,Germany_Lech_EBA.AG,3910.0,0.2549535036087036,-0.4480221337465349,-0.24939437872168882,0.8240201117044591
WEHR_1192SkA.AG,Germany,Germany_Lech_BellBeaker.AG,4193.0,0.8105194568634033,-0.4512176439899094,-0.22428441742620242,0.7983364242551971
WEHR_1415child.AG,Germany,Germany_Lech_EBA_contam.AG,3902.0,0.4474973082542419,-0.36645451511186194,-0.21971843089145737,0.8094652431141326
R10337.SG,Italy,Italy_TarquiniaMonterozzi_IA_oLevant.SG,2028.0,0.6497166156768799,0.031128897518799055,-0.7300559740478872,0.4165226433508986
R10338.SG,Italy,Italy_TarquiniaMonterozzi_IA.SG,2328.0,0.6718882918357849,-0.04218226902855523,-0.8078397790208076,0.4631407410525084
R10339.SG,Italy,Italy_TarquiniaMonterozzi_IA.SG,2054.0,0.4683949053287506,-0.07239597844323897,-0.6858422289857674,0.41859353523823767
R10340.SG,Italy,Italy_TarquiniaMonterozzi_IA.SG,2328.0,0.634154736995697,-0.0845122453607753,-0.6888959111210802,0.4263729956499131
R10341.SG,Italy,Italy_TarquiniaMonterozzi_IA_oLevant.SG,2054.0,0.634415864944458,-0.017914263175238025,-0.6996025354946852,0.3952564891725049
R10342.SG,Italy,Italy_TarquiniaMonterozzi_IA.SG,2044.0,0.6989309787750244,-0.12868269804164248,-0.7142498752162719,0.4211151238385867
R10343.SG,Italy,Italy_TarquiniaMonterozzi_IA.SG,2328.0,0.6775086522102356,-0.07226342552947879,-0.7027673285856654,0.39811616696458585
R10344.SG,Italy,Italy_TarquiniaMonterozzi_IA.SG,2592.0,0.4417650103569031,-0.16857919714108874,-0.7261855224266821,0.4649536556103693
R10359.SG,Italy,Italy_TarquiniaMonterozzi_IA.SG,2224.0,0.6753456592559814,-0.10006100574734322,-0.7272765841162986,0.3978021267864088
R10361.SG,Italy,Italy_TarquiniaMonterozzi_IA.SG,2328.0,0.8263862729072571,-0.11444448504432994,-0.6653512864196435,0.34941953739042925
R10363.SG,Italy,Italy_TarquiniaMonterozzi_IA.SG,2253.0,0.6754065155982971,-0.11639650696738814,-0.7011017910125389,0.33369052625646195
R11102.SG,Italy,Italy_PianSultano_BA.SG,3787.0,0.5101097822189331,-0.08838312979038267,-0.7687257621257959,0.4316549591929238
R11104.SG,Italy,Italy_PianSultano_BA.SG,3719.0,0.6944290399551392,-0.08882083959579447,-0.6391225161183096,0.3705346139214504
R11105.SG,Italy,Italy_PianSultano_BA.SG,3610.0,0.6945433616638184,-0.16101369594047227,-0.71050897069542,0.43605103390995353
R11107.SG,Italy,Italy_PianSultano_BA.SG,3719.0,0.4936793148517608,-0.07988419995231788,-0.7296413054519791,0.3671317574527909
BOL001_antiquity1240k.AG,Russia,Russia_Davydovskoye_Antiquity.AG,1656.0,0.3820478916168213,-0.10218247526121549,0.7456215134405715,-0.28473884470232547
BOL002_antiquity1240k.AG,Russia,Russia_Davydovskoye_Antiquity.AG,1762.0,0.7173995971679688,-0.10407650873237272,0.6767463569084138,-0.2900380830943605
BOL003_antiquity1240k.AG,Russia,Russia_Davydovskoye_Antiquity.AG,1658.0,0.0961693003773689,-0.10454589890570912,0.6814166235329365,-0.25861327620525054
BOL004.AG,Russia,Russia_Davydovskoye_Antiquity.AG,1687.0,0.5561295747756958,-0.09212087601015163,0.6890481370698175,-0.2808731943767526
BOL005.AG,Russia,Russia_Davydovskoye_Antiquity.AG,1731.0,0.4749471545219421,-0.07899641521325193,0.7189713345719447,-0.30151413577621616
BOL006.AG,Russia,Russia_Davydovskoye_Antiquity.AG,1758.0,0.6632955074310303,-0.053834530564050055,0.6770786969696696,-0.29640465178162045
BOL007.AG,Russia,Russia_Davydovskoye_Antiquity.AG,1577.0,0.7327335476875305,-0.06272504412367623,0.6701648375041477,-0.3010028007086119
BOL008.AG,Russia,Russia_Davydovskoye_Antiquity.AG,1661.0,0.7531996965408325,-0.025163991381252502,0.6996278466099773,-0.3345028131959102
BOL009.AG,Russia,Russia_Davydovskoye_Antiquity.AG,1655.0,0.720140814781189,-0.05919378554930756,0.668700942103674,-0.2904271464416437
GOS001.AG,Russia,Russia_Gorokhovets_Medieval.AG,793.0,0.4666325449943542,-0.13480216772143616,0.7088850096317866,-0.27089370733960233
GOS002.AG,Russia,Russia_Gorokhovets_Medieval.AG,839.0,0.3285902142524719,-0.161734130235282,0.7256203560958148,-0.24939215758296351
GOS003.AG,Russia,Russia_Gorokhovets_Medieval.AG,860.0,0.1778926849365234,-0.16088014524826372,0.7060699020280208,-0.24227418115517654
KBL002.AG,Russia,Russia_Kibol_Modern.AG,163.0,0.7725830674171448,-0.10151722701150885,0.751413467091833,-0.28197592927816834
KBL003.AG,Russia,Russia_Kibol_Modern.AG,222.0,0.2537451088428497,-0.10494375875162505,0.705221724234237,-0.26671602022017443
KED001.AG,Russia,Russia_Kideksha_Modern.AG,203.0,0.7139827609062195,-0.1555850584600957,0.752642407234737,-0.29179487334485305
KED002.AG,Russia,Russia_Kideksha_Modern.AG,178.0,0.5080344080924988,-0.14069841944801478,0.7414521856661973,-0.3006510134113947
KED003.AG,Russia,Russia_Kideksha_Modern.AG,316.0,0.7611971497535706,-0.12888978587061328,0.7021759309315307,-0.26983822066472984
KED004.AG,Russia,Russia_Kideksha_Medieval.AG,536.0,0.6542931795120239,-0.09413773367457774,0.7565470880764635,-0.2995306611733361
KRS001.AG,Russia,Russia_Krasnoe_Medieval.AG,521.0,0.7734087109565735,-0.14167404327620528,0.7028899199803045,-0.25946202548275066
SHE001.AG,Russia,Russia_Shekshovo9_EarlyMedieval.AG,1020.0,0.0822197347879409,-0.1663108422978681,0.7218649266100895,-0.23380847262201002
SHE002.AG,Russia,Russia_Shekshovo9_EarlyMedieval.AG,940.0,0.0520148612558841,-0.11456802794056024,0.6955518540875124,-0.2664754826687046
SHE003.AG,Russia,Russia_Shekshovo9_EarlyMedieval.AG,1109.0,0.6225343942642212,-0.09104299466179926,0.7227971046320765,-0.31026434261174074
SHE004.AG,Russia,Russia_Shekshovo9_EarlyMedieval.AG,1014.0,0.6997817754745483,-0.08332756327955099,0.737486772845753,-0.27792045423076084
SHE005.AG,Russia,Russia_Shekshovo9_HighMedieval.AG,904.0,0.124808095395565,-0.09943124952109418,0.708524628301022,-0.2531257823006056
SHE006.AG,Russia,Russia_Shekshovo9_HighMedieval.AG,938.0,0.5144333243370056,-0.12404358566955745,0.714568313199653,-0.2745949400922573
SHE007.AG,Russia,Russia_Shekshovo9_HighMedieval.AG,825.0,0.1780005544424057,-0.08875067405117316,0.6889281235811072,-0.2730057426024684
SHE008.AG,Russia,Russia_Shekshovo9_HighMedieval.AG,602.0,0.2516461610794067,-0.14445099323889224,0.7143809072820045,-0.2619570486617596
SHE009.AG,Russia,Russia_Shekshovo9_HighMedieval.AG,604.0,0.5276821851730347,-0.09409835855154398,0.7302043995434601,-0.28332350533432776
SHK001.AG,Russia,Russia_Shekshovo2_Medieval.AG,743.0,0.4649659097194671,0.08200709820656765,0.6648420361424721,-0.3522503366771173
SHK002.AG,Russia,Russia_Shekshovo2_Medieval.AG,771.0,0.2708698213100433,0.004579056715797785,0.64876681532926,-0.32272961244551607
DLV005.AG,Czechia,Czechia_Gravettian.AG,31015.0,0.6383217573165894,-0.2918008140912652,-0.04340942111195597,0.14809498176206842
KVH002.AG,Russia,Russia_Mesolithic_Veretye.AG,8330.0,0.3900583386421203,-0.15857338665146167,0.651934008157209,-0.22837353376637648
MN2001.AG,Russia,Russia_Minino_Mesolithic.AG,10550.0,0.2718105912208557,-0.16716714493744292,0.7078045212255656,-0.3001349490222494
MN2002.AG,Russia,Russia_Minino_Mesolithic.AG,10657.0,0.5652008652687073,-0.13603622080440783,0.7060926700353449,-0.24985082118929072
UOO015.AG,Russia,Russia_YuzhniyOleniyOstrov_Mesolithic.AG,8125.0,0.146396666765213,-0.12671095265346194,0.6713096443230147,-0.2566060758452411
UOO025.AG,Russia,Russia_YuzhniyOleniyOstrov_Mesolithic.AG,8125.0,0.2066304236650467,-0.1228548296025755,0.7172792614133808,-0.28815076212490337
UOO029.AG,Russia,Russia_YuzhniyOleniyOstrov_Mesolithic.AG,8125.0,0.0613107904791832,-0.09128254939162574,0.7015085166084736,-0.2874364901399704
UOO037.AG,Russia,Russia_YuzhniyOleniyOstrov_Mesolithic.AG,8125.0,0.6335253715515137,-0.20078193254809032,0.6944657286521021,-0.239267605368304
UOO047.AG,Russia,Russia_YuzhniyOleniyOstrov_Mesolithic.AG,8220.0,0.4068448543548584,-0.16017314816804332,0.6819143216629073,-0.24731303244222766
UOO053.AG,Russia,Russia_YuzhniyOleniyOstrov_Mesolithic.AG,8125.0,0.2898225784301758,-0.15574380147239517,0.7072174388709513,-0.2618635141267208
VO1004.AG,Ukraine,Ukraine_N.AG,7458.0,0.2950715124607086,-0.11220526372722937,1.402040399071821,0.17077409490394982
AAT001.AG,Belgium,Belgium_Mesolithic.AG,10835.0,0.8645975589752197,-0.053313438751375695,-0.157681691964767,-0.14385346166206406
DOG004.AG,Netherlands,Netherlands_Doggerland_Mesolithic_contam.AG,10067.0,0.0792797803878784,-1.2487729899292084,0.11203490819715752,-0.1952211208696336
BDB001.AG,Germany,Germany_Mesolithic.AG,8600.0,0.6839570999145508,-0.3748336543570906,-0.19027277254284725,0.6908861568358419
BOT005.AG,Germany,Germany_Mesolithic.AG,7548.0,0.0735085532069206,-0.4116942017860238,-0.2000318712803614,0.7414028707382396
FLR001.AG,France,France_MN.AG,6414.0,0.4377285540103912,-1.0080198903529647,-0.849652792318386,-0.493952956509034
FLR002.AG,France,France_MN.AG,5972.0,0.4406717419624328,-0.9815079919524866,-0.8371127880478175,-0.4484414553801407
FLR003.AG,France,France_MN.AG,6376.0,0.5851843953132629,-1.0338411861391676,-0.8554593877358857,-0.4595498674560498
FLR004.AG,France,France_MN.AG,6512.0,0.6180429458618164,-0.9984798001450872,-0.8625748896659348,-0.49783946576173116
FLR005.AG,France,France_MN.AG,6301.0,0.518063485622406,-0.9592597525711997,-0.8222204641703321,-0.4238236095556042
FLR007.AG,France,France_MN.AG,6326.0,0.6251848340034485,-0.9898632236251667,-0.8467126272479922,-0.4658235367922223
FLR010.AG,France,France_MN.AG,6345.0,0.2671739757061004,-1.0102250499364174,-0.8523942185764614,-0.48214154672009374
FLR013.AG,France,France_MN.AG,6356.0,0.310821533203125,-1.0375557861668765,-0.7811631184617981,-0.41467652688719703
FLR014.AG,France,France_MN.AG,6426.0,0.3198165893554687,-1.0038605093675455,-0.8132057391928358,-0.46023702893957563
GRG003.AG,France,France_MN.AG,6450.0,0.6219212412834167,-1.0375968421952775,-0.8926800434192925,-0.46593942539214067
GRG008.AG,France,France_MN.AG,6450.0,0.5588351488113403,-0.9855135140194413,-0.8831994958879213,-0.463802918567328
GRG015.AG,France,France_MN_1d.rel.GLN215A.AG,6450.0,0.6549931168556213,-1.0064841968896467,-0.8626677756568594,-0.4597568016418764
GRG016.AG,France,France_MN_1d.rel.GLN319_brother.GLN260.GLN241.AG,6407.0,0.5498449802398682,-1.001258043145613,-0.8303333681350755,-0.44969986693517394
GRG018.AG,France,France_MN.AG,6593.0,0.3151548206806183,-0.9739098850999685,-0.8288508922653801,-0.47843812454691537
GRG019.AG,France,France_MN_1d.rel.GLN226.AG,6450.0,0.6370176076889038,-0.9965145587813462,-0.8548148566091912,-0.47951921563763983
GRG021.AG,France,France_MN_1d.rel.GLN268A.GLN267.GLN269.AG,6450.0,0.5952410697937012,-1.045386480490074,-0.8804880465060717,-0.44951433019833276
GRG022.AG,France,France_MN.AG,6450.0,0.5737149715423584,-1.0744244326809145,-0.873819598658418,-0.47547913132647773
GRG023.AG,France,France_MN_father.or.son.GLN322_1d.rel.GLN270B.AG,6450.0,0.3230322897434234,-1.0003072136807247,-0.8553229093086865,-0.458973045478821
GRG025.AG,France,France_MN.AG,6450.0,0.5799509286880493,-0.9886044107762265,-0.8472033720639007,-0.46762937492000556
GRG027.AG,France,France_MN_father.or.son.GLN266_father.GLN262.AG,6690.0,0.635960042476654,-1.0097582377841774,-0.8220078238094234,-0.45955500495750845
GRG028.AG,France,France_MN.AG,6671.0,0.5151227116584778,-0.9710782405415862,-0.8440462040821228,-0.4827823802281161
GRG032.AG,France,France_MN_1d.rel.GLN285B.AG,6088.0,0.6172611117362976,-0.9328550324357529,-0.8663751618992509,-0.518272494535573
GRG035.AG,France,France_MN_father.or.son.GLN250_1d.rel.GLN261.AG,6450.0,0.4940994083881378,-0.9729910257728641,-0.8255431949932832,-0.47738071036968
GRG041.AG,France,France_MN_father.or.son.GLN275_1d.rel.GLN325.AG,6450.0,0.4779195487499237,-0.9916153675263075,-0.8601948103972469,-0.4762932988423544
GRG043.AG,France,France_MN_father.or.son.GLN305_1d.rel.GLN300.GLN298.AG,6450.0,0.5772145390510559,-0.9810325855831351,-0.861978686489611,-0.4663829459186018
GRG047.AG,France,France_MN_1d.rel.GLN310B.AG,6450.0,0.3955789506435394,-0.9989282279809711,-0.8211182890832319,-0.488671753900973
GRG049.AG,France,France_MN.AG,6571.0,0.0720592588186264,-1.0185127970882948,-0.8558335593864742,-0.454111316830199
GRG050.AG,France,France_MN.AG,6450.0,0.3502761125564575,-1.0160757039254924,-0.869032135637487,-0.5481317977385232
GRG052.AG,France,France_MN_father.or.son.GLN302.AG,6450.0,0.5071763396263123,-0.9760807491913558,-0.8280654606953481,-0.45129858827716296
GRG056.AG,France,France_MN.AG,6450.0,0.3909034132957458,-0.9938467708462422,-0.8101462019800629,-0.476387127738919
GRG057.AG,France,France_MN_1d.rel.GLN202.GLN255.GLN224.GLN213.GLN212.AG,6615.0,0.4493010342121124,-1.0047520705251693,-0.7681336154508811,-0.45701900218066654
HBS002.AG,Germany,Germany_EN_LBK.AG,6975.0,0.0541421696543693,-0.38407046704109976,-0.19592508361335417,0.6779073780736153
HBS004.AG,Germany,Germany_EN_LBK.AG,6975.0,0.0917792469263076,-0.33287128672010013,-0.20135544810988557,0.8206202617985214
HBS005.AG,Germany,Germany_EN_LBK.AG,6975.0,0.0622840151190757,-0.2653449626210712,-0.16402237665861763,0.748927181548034
HBS006.AG,Germany,Germany_EN_LBK.AG,6975.0,0.2215921431779861,-0.2864424823284698,-0.20626329719475106,0.7970902093097675
HBS007.AG,Germany,Germany_EN_LBK.AG,6975.0,0.1139996126294136,-0.3284862064749403,-0.2504177755254996,0.7688795116337115
HBS008.AG,Germany,Germany_EN_LBK.AG,6975.0,0.0988748669624328,-0.339539271976652,-0.1636649835132612,0.7029882238815693
HBS009.AG,Germany,Germany_EN_LBK.AG,6975.0,0.2226310670375824,-0.29591721352572414,-0.2304646977488955,0.798771000888402
LBR001.AG,France,France_EN_MN.AG,6740.0,0.5814740061759949,-0.996854203907785,-0.9029027460301942,-0.4816796994578026
LBR002.AG,France,France_EN_MN.AG,6991.0,0.5539454817771912,-0.9888014945151364,-0.8499472071306771,-0.4492326798904866
LBR003.AG,France,France_EN_MN.AG,6680.0,0.5601968765258789,-1.0431045975101096,-0.9098711680452397,-0.5447434309057123
LBR004.AG,France,France_EN_MN.AG,6797.0,0.5433340668678284,-1.031462352275871,-0.8568435576473497,-0.49146556791895907
LBR005.AG,France,France_EN_MN_o.AG,7051.0,0.6593069434165955,-0.9736358270449237,-0.8382887398395524,-0.4997451991396477
OBN001.AG,France,France_MN_o.AG,6609.0,0.2119612693786621,-0.9485631402534792,-0.7990556940112835,-0.4433551574944696
OBN002.AG,France,France_MN.AG,6700.0,0.354396104812622,-1.0041715968452716,-0.8063077900631014,-0.4448854826210578
OBN003.AG,France,France_MN_o.AG,6544.0,0.5065494179725647,-0.9842817194607804,-0.7981655499862392,-0.4572508950130633
OBN004.AG,France,France_MN.AG,6528.0,0.430883526802063,-0.9249608972514949,-0.8122262277549552,-0.45423869063703387
OBN005.AG,France,France_MN.AG,6888.0,0.3735629618167877,-0.9785773758352615,-0.8896968751498536,-0.49345144226539733
OBN006.AG,France,France_MN.AG,7026.0,0.4500690698623657,-0.9170242626090376,-0.7978123096042237,-0.46437408896429766
OBN007.AG,France,France_MN.AG,6377.0,0.4669934511184692,-0.9514766398806813,-0.8220092190908734,-0.46537043622786045
OBN008.AG,France,France_MN.AG,6543.0,0.7046349048614502,-0.9987146955373635,-0.8276145820306512,-0.4754205792040883
OBN009.AG,France,France_MN.AG,6398.0,0.5657223463058472,-0.8899909029607389,-0.8136361098300449,-0.4222462428010459
OBN010.AG,France,France_MN.AG,6700.0,0.525482714176178,-0.9759275576494724,-0.79265787539905,-0.45649113576055506
OBN011.AG,France,France_MN.AG,6549.0,0.4734589159488678,-0.9535168983672179,-0.8073591484710735,-0.5069926111173144
PEN001_real1.AG,France,France_EN_o.AG,7361.0,0.7860833406448364,-0.9690672784410104,-0.8312704860264948,-0.46658924484072517
PEN001_real2.AG,France,France_EN.AG,7359.0,0.585917592048645,-0.9728777544179321,-0.8105608756917925,-0.4443285962383458
PEN003.AG,France,France_EN.AG,7363.0,0.5747936367988586,-0.9560964257461143,-0.7611411293513223,-0.4929186112851254
PRI001.AG,France,France_MN.AG,6218.0,0.4944522082805633,-1.024169255856354,-0.8280787205682243,-0.478807431898417
PRI006.AG,France,France_MN.AG,6150.0,0.3214483559131622,-0.9158454515191975,-0.8494085241811542,-0.4417521670305899
SCH001.AG,Germany,Germany_EN_LBK.AG,7050.0,0.0537374690175056,-0.21904611729936144,-0.30660478874550967,0.7398069717636178
SCH007.AG,Germany,Germany_EN_LBK.AG,7050.0,0.1028553619980812,-0.34561493553032446,-0.24246598302052003,0.7634930613603643
SCH009.AG,Germany,Germany_EN_LBK.AG,7050.0,0.2002955377101898,-0.3095479048794586,-0.18795379262811154,0.7598523347417945
SCH010.AG,Germany,Germany_EN_LBK.AG,7050.0,0.2444515973329544,-0.308221001929154,-0.19654642936026057,0.8061057684496548
SCH014.AG,Germany,Germany_EN_LBK.AG,7050.0,0.2812914252281189,-0.33532699648944664,-0.19781477612618106,0.7836433619488546
SCH016.AG,Germany,Germany_EN_LBK.AG,7091.0,0.2404678612947464,-0.339795335147403,-0.20999800323994441,0.744864362186483
SMH004.AG,Germany,Germany_EN_LBK.AG,7116.0,0.2501417398452759,-0.27084623364954025,-0.21155091396845974,0.8261286495141884
TGM009.AG,Germany,Germany_LN_oWHG.AG,5208.0,0.5817254185676575,-0.45476950364388746,-0.20426813690149845,0.708407061073504
XN164.AG,Germany,Germany_EN_LBK.AG,7110.0,0.3144038319587707,-0.32708095314851593,-0.2283030470490044,0.7564297360990261
XN165.AG,Germany,Germany_EN_LBK.AG,7099.0,0.3778338134288788,-0.2927198097888403,-0.2140914565236558,0.7522427395486201
XN166.AG,Germany,Germany_EN_LBK.AG,7100.0,0.2784544825553894,-0.3017030943435834,-0.26192395448143635,0.7846687229894992
XN167.AG,Germany,Germany_EN_LBK.AG,7176.0,0.3533393442630768,-0.26404012195041193,-0.1772215865589545,0.8015962361889893
XN168.AG,Germany,Germany_EN_LBK.AG,7093.0,0.2310429811477661,-0.3698308021474067,-0.25727179854257015,0.7793260988308796
XN169.AG,Germany,Germany_EN_LBK.AG,7081.0,0.3200753033161163,-0.28650879062235957,-0.24231105368271474,0.7642798634191357
XN170.AG,Germany,Germany_EN_LBK.AG,7024.0,0.2776831984519958,-0.33298260408288366,-0.19323745786779448,0.7878413937835108
XN171.AG,Germany,Germany_EN_LBK.AG,7106.0,0.3912018835544586,-0.31201421777116123,-0.25716622822633256,0.7271621621639859
XN172.AG,Germany,Germany_EN_LBK.AG,7101.0,0.3433232307434082,-0.24279066141152775,-0.20860674138750146,0.8087797586178425
XN173.AG,Germany,Germany_EN_LBK.AG,7060.0,0.1292062550783157,-0.3425472341597418,-0.28954780943720565,0.7424143020005582
XN174.AG,Germany,Germany_EN_LBK.AG,6800.0,0.2059726864099502,-0.3702054796194888,-0.2147164733038385,0.7873240308130323
XN175.AG,Germany,Germany_EN_LBK.AG,7092.0,0.3025045096874237,-0.2717142764904182,-0.23310230325322082,0.7318977551777222
XN180.AG,Germany,Germany_EN_LBK.AG,7068.0,0.1619253009557724,-0.3523937729248253,-0.19363914929532292,0.7232270564525882
XN182.AG,Germany,Germany_EN_LBK.AG,7069.0,0.104755587875843,-0.35982630330146814,-0.2199538072638642,0.7389087016623095
XN183.AG,Germany,Germany_EN_LBK.AG,7152.0,0.1020832732319831,-0.26813646546580217,-0.16915818114562534,0.7787867269282408
XN188.AG,Germany,Germany_EN_LBK.AG,7130.0,0.2041730284690857,-0.32755179245284166,-0.21673213238655567,0.7325787858554226
XN205.AG,Germany,Germany_EN_LBK.AG,7100.0,0.0636416673660278,-0.35577584174591026,-0.22678037033527867,0.7404987500251213
XN207.AG,Germany,Germany_EN_LBK.AG,7100.0,0.1366400867700576,-0.3335419726318313,-0.239795071576218,0.7426885827962295
XN211.AG,Germany,Germany_EN_LBK.AG,7068.0,0.0574357286095619,-0.3463504820698188,-0.19974961600763333,0.7686545529441373
XN225.AG,Germany,Germany_EN_LBK.AG,7100.0,0.1098269000649452,-0.38495505883778053,-0.24683557900462422,0.7013954360741733
FLR008.AG,France,France_Calvados_N_Norman_father.or.son.FLR002.AG,6183.0,0.1547355949878692,-1.0130675182247846,-0.8623337026262813,-0.4979271779185391
FLR009.AG,France,France_Calvados_N_Norman.AG,5806.0,0.1027118116617202,-1.0034497647653644,-0.8476027613513812,-0.46568046462920293
FLR015.AG,France,France_Calvados_N_Norman_father.or.son.FLR007.AG,6315.0,0.1104075983166694,-0.9317257789179816,-0.8248899726303027,-0.4722944987186078
A1801.AG,Hungary,Hungary_DanubeTisza_EarlyAvar.AG,1300.0,0.8611668944358826,1.4599168842469643,0.15910688191560327,-0.8749894192093758
A1802.AG,Hungary,Hungary_DanubeTisza_EarlyAvar.AG,1300.0,0.6716076731681824,1.57429206524764,0.13534918287050549,-0.9382321650021619
A1804.AG,Hungary,Hungary_Transtisza_EarlyAvar.AG,1300.0,0.901213526725769,1.5376056831923997,0.15375994508227384,-0.998099639391992
A1805.AG,Hungary,Hungary_Transtisza_EarlyAvar_daughter.A1817.AG,1300.0,0.5269628167152405,1.6259330332572497,0.04999102811691877,-1.0641070360086644
A1806.AG,Hungary,Hungary_Transtisza_EarlyAvar.AG,1300.0,0.7342039346694946,1.5373808947066103,0.1390337926946407,-0.9388615575699224
A1807.AG,Hungary,Hungary_Transtisza_EarlyAvar.AG,1300.0,0.9150958061218262,1.5464866126661976,0.19579981709873379,-1.0014308181924596
A1808.AG,Hungary,Hungary_DanubeTisza_EarlyAvar.AG,1330.0,0.0824289768934249,1.6919741508207642,0.09494143094561273,-1.0317086452589532
A1809.AG,Hungary,Hungary_DanubeTisza_LateEarlyAvar.AG,1175.0,0.7905172109603882,1.6465835813543381,0.03943195219694891,-0.9575633682720883
A181013.AG,Hungary,Hungary_DanubeTisza_LSarmation_EHun.AG,1500.0,0.2070845961570739,1.7006698530559805,0.12977257563713698,-1.1200878950174673
A181014.AG,Hungary,Hungary_DanubeTisza_LSarmation_EHun.AG,1500.0,0.8821585774421692,1.8273089745287343,0.061733363958269546,-1.0160679561008255
A181015.AG,Hungary,Hungary_DanubeTisza_LSarmation_EHun.AG,1500.0,0.8979994654655457,1.6489576254495395,0.12670425236841082,-1.1282447320647886
A181016.AG,Hungary,Hungary_DanubeTisza_LSarmation_EHun.AG,1500.0,0.2205653935670852,1.6341228004169188,0.07136594898348378,-1.0351169809154852
A181017.AG,Hungary,Hungary_DanubeTisza_LSarmation_EHun.AG,1500.0,0.3197411596775055,1.6624959568516688,0.1070826549919589,-0.9932058336431033
A181018.AG,Hungary,Hungary_DanubeTisza_LSarmation_EHun_oWest.AG,1500.0,0.8920003175735474,1.639126114530994,0.22060966191495357,-1.1339743036668593
A181019.AG,Hungary,Hungary_DanubeTisza_LSarmation_EHun.AG,1500.0,0.6814372539520264,1.5194103920686592,0.1699623277573766,-1.1372723050219915
A181020.AG,Hungary,Hungary_DanubeTisza_LSarmation_EHun.AG,1500.0,0.4694435596466064,1.6596977415710874,0.07095073588568139,-0.9863600588935709
A181021.AG,Hungary,Hungary_Transtisza_LSarmation_EHun.AG,1550.0,0.9034276008605956,1.6587338677573864,0.045108745746096864,-1.2640164752565195
A181022.AG,Hungary,Hungary_Transtisza_LSarmation_EHun.AG,1550.0,0.8416439890861511,1.8145585009507568,0.04829391931874497,-1.317570956570881
A181023.AG,Hungary,Hungary_Transtisza_LSarmation_EHun.AG,1550.0,0.8982573747634888,1.5847098512282507,0.18995989876754096,-1.1814845588059515
A181024.AG,Hungary,Hungary_Transtisza_LSarmation_EHun.AG,1550.0,0.903409779071808,1.7140141886622018,0.003899846724424437,-1.1912114798090498
A181025.AG,Hungary,Hungary_Transtisza_LSarmation_EHun.AG,1550.0,0.9058542251586914,1.61014720859307,0.026685531631513017,-1.1503832437474155
A181026.AG,Hungary,Hungary_Transtisza_LSarmation_EHun.AG,1550.0,0.8996401429176331,1.6644974850485295,0.043184203404014035,-1.2163427613476807
A181027.AG,Hungary,Hungary_Transtisza_LSarmation_EHun_oEast.AG,1550.0,0.8806168437004089,1.8413581993635417,0.11524906292407067,-0.8981551847498835
A181028.AG,Hungary,Hungary_Transtisza_LSarmation_EHun.AG,1550.0,0.8890579342842102,1.79554835391594,0.23541296075003662,-1.188394804813191
A181029.AG,Hungary,Hungary_NorthTransdanubia_Hun.AG,1500.0,0.8593875169754028,1.4551425413064927,0.1372709573079167,-1.0215355085889066
A1810.AG,Hungary,Hungary_DanubeTisza_LateEarlyAvar.AG,1200.0,0.8256717324256897,1.6082946280150556,0.10447734093340878,-0.9377392146451452
A1811.AG,Hungary,Hungary_DanubeTisza_MiddleLateAvar.AG,1200.0,0.7815221548080444,1.5228993527662444,0.12226274883579132,-0.906359074451432
A1812.AG,Hungary,Hungary_DanubeTisza_MiddleAvar.AG,1300.0,0.7835740447044373,1.567386024607508,0.13364097696019694,-0.8499116011334511
A1813.AG,Hungary,Hungary_DanubeTisza_LateEarlyAvar.AG,1250.0,0.7573950886726379,1.7806535941260984,-0.017332863303170788,-1.1158511369103299
A1814.AG,Hungary,Hungary_DanubeTisza_LateEarlyAvar.AG,1175.0,0.8970676064491272,1.6778126722366016,-0.023575050052791018,-0.9493796892508127
A1815.AG,Hungary,Hungary_DanubeTisza_LateEarlyAvar.AG,1200.0,0.8050247430801392,1.7335218402527108,-0.06355259938134088,-1.083365180381752
A1816.AG,Hungary,Hungary_DanubeTisza_EarlyAvar.AG,1300.0,0.8377405405044556,1.502940119245426,0.14631422801390845,-0.797031608954604
A1817.AG,Hungary,Hungary_DanubeTisza_EarlyAvar_o.AG,1300.0,0.823081374168396,1.6699121447959215,0.21944981151623338,-0.9176314405574225
A1818.AG,Hungary,Hungary_DanubeTisza_EarlyAvar.AG,1300.0,0.810207188129425,1.5511820236903622,0.2354620139477555,-0.8166481349472476
A1819.AG,Hungary,Hungary_DanubeTisza_EarlyAvar.AG,1300.0,0.9121185541152954,1.5299235265072106,0.09970701200072478,-0.8348835797095769
A1820.AG,Hungary,Hungary_DanubeTisza_EarlyAvar.AG,1300.0,0.1110280230641365,1.628074931978141,0.12455186286314879,-0.9570202940524574
A1821.AG,Hungary,Hungary_DanubeTisza_EarlyAvar.AG,1300.0,0.607481837272644,1.5652596011800373,0.15037168601219553,-0.9147296271760521
A1822.AG,Hungary,Hungary_DanubeTisza_EarlyAvar.AG,1300.0,0.8650752305984497,1.4373670586356657,0.14310771335029077,-0.885687191098876
A1823.AG,Hungary,Hungary_DanubeTisza_EarlyAvar.AG,1300.0,0.7554510831832886,1.5791404802582005,0.12449050373580627,-0.8915402428401068
A1824.AG,Hungary,Hungary_SouthTransdanubia_EarlyAvar_1.AG,1325.0,0.8317795395851135,1.6343975156356265,0.036694702769669234,-1.1431678136262013
A1825.AG,Hungary,Hungary_SouthTransdanubia_EarlyAvar_2.AG,1325.0,0.2692704796791076,1.670906270739959,0.052481335049826223,-1.0711823841458268
s19_0LS03_1.SG,Estonia,Estonia_Medieval.SG,740.0,0.0694477707147598,-1.1959594990048028,1.6487105075180182,-0.2031269123433303
s19_0LS10_1.SG,Estonia,Estonia_IA.SG,2609.0,0.2697992622852325,-1.1893090233827823,1.667383881391519,-0.2225901782164178
s19_0LS11_1.SG,Estonia,Estonia_BA.SG,2918.0,0.1905770599842071,-1.1995015177177677,1.6488962567770136,-0.20314898702618303
s19_IIa_1.SG,Estonia,Estonia_Medieval.SG,685.0,0.4976711571216583,-1.20038450454252,1.654756008182471,-0.1947953858127298
s19_IIf_1.SG,Estonia,Estonia_Medieval.SG,575.0,0.1974853426218032,-1.206268348959073,1.6441765602184164,-0.19392114666571358
s19_IIg_1.SG,Estonia,Estonia_Medieval.SG,740.0,0.0965780541300773,-1.209392613874078,1.6541577318438048,-0.20345161772273132
s19_IVLS09KT_1.SG,Estonia,Estonia_Medieval.SG,365.0,0.2884130179882049,-1.197046024322816,1.643002373202694,-0.1886300629598299
s19_V10_2.SG,Estonia,Estonia_IA.SG,2573.0,0.3222074806690216,-1.19613879275844,1.6496458667393834,-0.20629142973644107
s19_V11_1.SG,Estonia,Estonia_IA.SG,2229.0,0.2406008690595626,-1.2141201961155392,1.6715793915080923,-0.2018852206491572
s19_V12_1.SG,Estonia,Estonia_IA.SG,2104.0,0.2156757414340973,-1.2176758958494875,1.6786057743081302,-0.20927662557759333
s19_V14_2.SG,Estonia,Estonia_BA.SG,3130.0,0.3649888634681701,-1.190866424543013,1.650712482895938,-0.21166994731528851
s19_V16_1.SG,Estonia,Estonia_BA.SG,2434.0,0.2057950794696808,-1.1563942143204344,1.6202295528267274,-0.18470019893891262
s19_V9_2.SG,Estonia,Estonia_BA.SG,3072.0,0.3725159466266632,-1.182896413064106,1.668246531028346,-0.21250533938724234
s19_VII15_1.SG,Russia,Russia_IA_Ingria.SG,1911.0,0.2168411910533905,-0.1341953375097463,0.7017476486129132,-0.2800320874834547
s19_VII4_1.SG,Estonia,Estonia_IA.SG,2493.0,0.2975791692733764,-1.199887684697176,1.6469330366754866,-0.20139777704461712
s19_VIII5_2.SG,Russia,Russia_IA_Ingria.SG,1763.0,0.3377028405666351,-0.17726192387620368,0.7186093196861997,-0.2746222837823485
s19_VIII7_1.SG,Russia,Russia_IA_Ingria.SG,1813.0,0.0553043633699417,-0.1255116895980965,0.7210904351869961,-0.2789449300994014
s19_VIII9_1.SG,Russia,Russia_IA_Ingria.SG,1813.0,0.2479933351278305,-0.08677060379237182,0.7135838666543179,-0.31858682785604775
s19_X04_1.SG,Estonia,Estonia_IA.SG,2345.0,0.2211412191390991,-1.2006268805082436,1.6506265815244814,-0.2040006779107136
s19_X08_1.SG,Estonia,Estonia_BA.SG,2819.0,0.2516599595546722,-1.1808186352611458,1.6605064221139036,-0.20669555053181637
s19_X10_1.SG,Estonia,Estonia_BA.SG,3075.0,0.2024552822113037,-1.1959808263731995,1.6475252002309546,-0.20348139648976293
s19_X11_1.SG,Estonia,Estonia_BA.SG,2906.0,0.2028583586215973,-1.211649926179999,1.6749367618707864,-0.2056612319612564
s19_X14_1.SG,Estonia,Estonia_BA.SG,2580.0,0.275263100862503,-1.174804505364558,1.6538856339828278,-0.20618414199483528
s19_X15_2.SG,Estonia,Estonia_BA.SG,3037.0,0.274648368358612,-1.2153605850044624,1.640744382733622,-0.20320651422487676
s19_X17_2.SG,Estonia,Estonia_BA.SG,2819.0,0.3152172863483429,-1.1995060883003938,1.6538868800206294,-0.20432948583006016
s19_X20_1.SG,Estonia,Estonia_BA.SG,2787.0,0.0772668272256851,-1.2111408408749513,1.664244003977341,-0.18943634413790048
MA969.SG,Estonia,Estonia_CordedWare_o2.SG,4652.0,0.5361459851264954,-1.2025702883439475,1.6480165807088483,-0.20295942742388026
MA971.SG,Estonia,Estonia_CordedWare.SG,4400.0,0.3808313310146332,-1.1606174729404348,1.6352776898202028,-0.19825504784251874
MA973.SG,Estonia,Estonia_CordedWare.SG,4416.0,0.7289590835571289,-1.1736155721942951,1.6371267923823885,-0.1940369259707908
MA975.SG,Estonia,Estonia_N_CombCeramic.SG,5488.0,0.0895797535777092,-1.170839580773319,1.627368477894789,-0.19734076540523482
BER001.SG,Russia,Russia_Yaroslavl_Lyalovo_Volosovo_N.SG,6283.0,0.1195234730839729,-0.12886183794123326,0.7148648787450338,-0.2697549954324248
BOL001.SG,Russia,Russia_Tver_Fatyanovo_BA.SG,4478.0,0.1116265580058097,-0.10836434458234015,0.671950535024311,-0.2722175959779461
BOL002.SG,Russia,Russia_Tver_Fatyanovo_BA.SG,4306.0,0.111084796488285,-0.1324270399145606,0.6782488187973594,-0.2594058630762538
BOL003.SG,Russia,Russia_Tver_Fatyanovo_BA.SG,4414.0,0.6764859557151794,-0.11481971305735113,0.7258576472222864,-0.2934208165537299
GOL001.SG,Russia,Russia_Yaroslavl_Fatyanovo_BA.SG,4441.0,0.1174148172140121,-0.14680970587842995,0.7396806601042241,-0.2718591684481531
HAL001.SG,Russia,Russia_Yaroslavl_Fatyanovo_BA.SG,4504.0,0.7460545897483826,-0.11299553883314081,0.714035982949076,-0.27873528547320137
HAN002.SG,Russia,Russia_Moscow_Fatyanovo_BA.SG,4605.0,0.7220410704612732,-0.1304998190458059,0.7193761727366916,-0.2683683619021295
HAN004.SG,Russia,Russia_Moscow_Fatyanovo_BA.SG,4511.0,0.7135188579559326,-0.18037576898122878,0.7129452325104582,-0.2736105421599678
IVA001.SG,Russia,Russia_Moscow_Fatyanovo_BA.SG,4624.0,0.7151570916175842,-0.13307837045614831,0.7114014786497638,-0.25861641733435947
KAR001.SG,Russia,Russia_Mesolithic_Veretye.SG,8321.0,0.1704248040914535,-0.19045084158238512,0.7102127146306485,-0.25245658821848194
MIL001.SG,Russia,Russia_Ivanovo_Fatyanovo_BA.SG,4494.0,0.1518994569778442,-0.15062217077505613,0.7006537341709245,-0.25945129662802013
MIL002.SG,Russia,Russia_Ivanovo_Fatyanovo_BA.SG,4127.0,0.1053516864776611,-0.1393978797791917,0.7417968517475536,-0.27335839699117304
NAU001.SG,Russia,Russia_Yaroslavl_Fatyanovo_BA.SG,4526.0,0.77638840675354,-0.14754352289146136,0.7288085598430118,-0.27263758161953766
NAU002.SG,Russia,Russia_Yaroslavl_Fatyanovo_BA.SG,4516.0,0.6756765842437744,-0.13839669579176286,0.7115567735820424,-0.25896059009283223
NIK002.SG,Russia,Russia_Yaroslavl_Fatyanovo_BA.SG,4637.0,0.1249037906527519,-0.14966282671439932,0.7014204505128292,-0.2375720039474752
NIK003.SG,Russia,Russia_Yaroslavl_Fatyanovo_BA.SG,4430.0,0.1158203557133674,-0.1416083910504123,0.7057986802467104,-0.27584143350038015
NIK004.SG,Russia,Russia_Yaroslavl_Fatyanovo_BA.SG,4552.0,0.1692853271961212,-0.14554137902802905,0.7646778548861267,-0.3047553834243347
NIK005.SG,Russia,Russia_Yaroslavl_Fatyanovo_BA.SG,4646.0,0.1002690121531486,-0.13143136396247893,0.7317014743154922,-0.27095441557403793
NIK007.SG,Russia,Russia_Yaroslavl_Fatyanovo_BA.SG,4540.0,0.1195153668522834,-0.1425468630872431,0.7460002492765135,-0.2655487757602257
NIK008AB.SG,Russia,Russia_Yaroslavl_Fatyanovo_BA.SG,4508.0,0.734589159488678,-0.12935601497637914,0.7319289773112301,-0.2597478674809743
PES001.SG,Russia,Russia_Mesolithic_Veretye.SG,12711.0,0.9777107238769532,-0.14975748127648297,0.7283883263538659,-0.24872959985105955
SOP002.SG,Estonia,Estonia_IdaViru_CordedWare_Neolithic_dup.NEO306.SG,4620.0,0.1111204847693443,-1.1993881570201579,1.6530009969668515,-0.19590686475507907
TIM006.SG,Russia,Russia_Ivanovo_Fatyanovo_BA.SG,4502.0,0.1157416850328445,-0.12150284867556632,0.7559362449265823,-0.3035727203469612
TIM008.SG,Russia,Russia_Ivanovo_Fatyanovo_BA.SG,4473.0,0.1059396788477897,-0.19429660573813332,0.7583808274340446,-0.2771267337369077
VOD001.SG,Russia,Russia_Yaroslavl_Fatyanovo_BA.SG,4383.0,0.2122483700513839,-0.1486931671067003,0.7013634947874515,-0.29004014744043516
VORONKOVO003.SG,Russia,Russia_Yaroslavl_Fatyanovo_BA.SG,4465.0,0.1075925379991531,-0.10824412278531967,0.740331299116077,-0.30817738243679055
VOR004.SG,Russia,Russia_Yaroslavl_Fatyanovo_BA.SG,4698.0,0.7322307229042053,-0.09528241481953073,0.7197422225492317,-0.25964478435020244
VOR005.SG,Russia,Russia_Yaroslavl_Fatyanovo_BA.SG,4481.0,0.1081334874033927,-0.13152606204870704,0.7428141053228808,-0.2555452896193444
ans003.SG,Sweden,Sweden_Ansarve_Megalithic.SG,5282.0,0.120625652372837,-0.9190078744400035,2.4451845990183183,-0.5829013110262894
ans005.SG,Sweden,Sweden_Ansarve_Megalithic.SG,5367.0,0.1085268333554267,-0.8788124565505374,2.536397708109928,-0.6278435790597796
ans008.SG,Sweden,Sweden_Ansarve_Megalithic.SG,5154.0,0.4044142365455627,-0.9096307843342611,2.456569415406021,-0.590037903932224
ans014.SG,Sweden,Sweden_Ansarve_Megalithic.SG,5111.0,0.8959491848945618,-0.9984476892470128,2.512120980599937,-0.6279254731639023
ans016.SG,Sweden,Sweden_Ansarve_Megalithic.SG,4705.0,0.2068940103054046,-0.9156900521920758,2.442897633039991,-0.5955378885975116
ans017.SG,Sweden,Sweden_Ansarve_Megalithic.SG,5053.0,0.9901355504989624,-0.9253193161439072,2.5061887493082007,-0.6737692417910971
bal004.SG,UnitedKingdom,Scotland_Megalithic.SG,5186.0,0.7390822172164917,-1.512170081230262,0.11205508424074709,0.5931481630330951
kol6.SG,Czechia,Czechia_MN.SG,6775.0,0.6912335753440857,-0.2898429075282307,0.06348146747108109,0.17081090568732554
lai001.SG,UnitedKingdom,Scotland_Megalithic.SG,5178.0,0.1589448004961013,-1.480559136050581,0.11699619619414309,0.6464556870064265
mid001.SG,UnitedKingdom,Scotland_Megalithic.SG,5173.0,0.2138030976057052,-1.5668144346588488,0.10157613287236324,0.6150103970667665
mid002.SG,UnitedKingdom,Scotland_Megalithic.SG,5410.0,0.219999298453331,-1.5194705766502936,0.031087476720815622,0.589055976744516
prs002.SG,Ireland,Ireland_Megalithic.SG,5665.0,0.9693068861961364,-1.54378710997454,-0.0668392429353368,0.5560676750214326
prs003.WGC.SG,Ireland,Ireland_Megalithic.WGC.SG,5643.0,0.1267326474189758,-1.580986436203069,-0.07683618700663124,0.5666574824250887
prs006.WGC.SG,Ireland,Ireland_Megalithic.WGC.SG,5480.0,0.1646633148193359,-1.5742141908568044,-0.03374491953178915,0.5836025467498813
prs010.WGC.SG,Ireland,Ireland_Megalithic.WGC.SG,5522.0,0.1330375224351883,-1.6350652530196086,-0.039243788341712604,0.5939524748966265
prs012.WGC.SG,Ireland,Ireland_Megalithic.WGC.SG,5650.0,0.1710995733737945,-1.6183374347501027,-0.07399275908056181,0.5858934449814525
prs016.SG,Ireland,Ireland_Megalithic.SG,5539.0,0.9964241981506348,-1.647634430352128,-0.08884927138333767,0.5887628264449374
prs017.WGC.SG,Ireland,Ireland_Megalithic_father.prs002ALL_DATA.WGC.SG,5657.0,0.1424356400966644,-1.6086765500967726,-0.055025521993116375,0.5920229452867651
prs018.WGC.SG,Ireland,Ireland_Megalithic.WGC.SG,5643.0,0.0723933950066566,-1.5828548049902171,-0.05175047968832659,0.56235333740849
BRC001.SG,Italy,Italy_Broion_CA.SG,5061.0,0.1670582592487335,-0.06050445926849329,-0.7223647702363011,0.4202554323107255
BRC003.SG,Italy,Italy_Broion_BA.SG,3447.0,0.7227709889411926,-0.06534793959216004,-0.8221977814249812,0.43639161235694923
BRC007.SG,Italy,Italy_Broion_BA.SG,3491.0,0.1791886985301971,-0.06445337485892176,-0.7335198678556833,0.3972062037979584
BRC010.SG,Italy,Italy_Broion_EBA.SG,3804.0,0.3102003037929535,-0.05193111198160999,-0.714087724306837,0.4206104498138109
BRC022.SG,Italy,Italy_Broion_CA.SG,5152.0,0.1349782943725586,-0.10720006401235001,-0.7088425758816963,0.40230326848710746
BRC030.SG,Italy,Italy_Broion_EBA.SG,3772.0,0.0944012776017189,-0.010629459034626268,-0.6733043237732008,0.3637355038514576
GCP003.SG,Italy,Italy_ReginaMargherita_BA.SG,3497.0,0.1251689940690994,-0.07274715107981175,-0.6691688540146111,0.3770725405386362
LSC002.SG,Italy,Italy_LaSassa_CA.SG,4619.0,0.6774510741233826,-0.06669164330389495,-0.6615231861892665,0.4459978774787835
LSC005.SG,Italy,Italy_LaSassa_CA.SG,4633.0,0.1180019974708557,-0.08589011160894305,-0.7465866107242605,0.3614565396451719
LSC011.SG,Italy,Italy_LaSassa_CA_1d.rel.LSC002.SG,4586.0,0.0613691844046115,-0.11826611583313613,-0.7407317181533539,0.36611607133269475
TRPTN_611.SG,UnitedKingdom,England_Trumpington_N.SG,5418.0,0.8577736020088196,-1.513676324448006,0.1089759995150045,0.5615677423113339
TRPTN_613.SG,UnitedKingdom,England_Trumpington_N_brother.TRPTN_611.SG,5639.0,0.7564559578895569,-1.4927696222858213,0.05709164250926246,0.575114402529652
RISE1159.SG,Poland,Poland_Koszyce_GlobularAmphora.SG,4724.0,0.9250981211662292,-0.1644466707275651,1.8553709114419787,-0.5283990378362227
RISE1160.SG,Poland,Poland_Koszyce_GlobularAmphora_son.RISE1159.son.RISE1168.SG,4721.0,0.8597508668899536,-0.20037917103384106,1.8824142387128746,-0.5182159926673358
RISE1161.SG,Poland,Poland_Koszyce_GlobularAmphora.SG,4785.0,0.7086389064788818,-0.17531205428985044,1.8602690955142982,-0.5040462550568611
RISE1163.SG,Poland,Poland_Koszyce_GlobularAmphora.SG,4736.0,0.9763822555541992,-0.1759153132500016,1.8251702386707496,-0.5080737402910712
RISE1164.SG,Poland,Poland_Koszyce_GlobularAmphora_son.RISE1170.brother.RISE1164.SG,4463.0,0.6634163856506348,-0.19867833669855128,1.8620073691195942,-0.5143521897600634
RISE1165.SG,Poland,Poland_Koszyce_GlobularAmphora.SG,4754.0,0.879562497138977,-0.16905845421775723,1.9599725983644551,-0.5162028865532655
RISE1166.SG,Poland,Poland_Koszyce_GlobularAmphora.SG,4904.0,0.9311548471450806,-0.1676823773657769,1.855518180805909,-0.49245353087192617
RISE1169.SG,Poland,Poland_Koszyce_GlobularAmphora_brother.RISE1168.brother.RISE1173.brother.RISE1163.SG,4747.0,0.6309958100318909,-0.19494834075153278,1.8145413561435488,-0.5251769856555426
RISE1170.SG,Poland,Poland_Koszyce_GlobularAmphora.SG,4754.0,0.9528990983963012,-0.17656107406950644,1.9320015334857277,-0.5353737011714297
RISE1241.SG,Poland,Poland_Sandomierz_GlobularAmphora.SG,4773.0,0.5664514303207397,-0.20133129683516152,1.8903611375714917,-0.4957994783785191
RISE1243.SG,Poland,Poland_Ksiaznice_GlobularAmphora_mother.or.daughter.RISE1249.SG,4725.0,0.2107779830694198,-0.20649909677507589,1.8610455151460692,-0.4890155242027258
RISE1246.SG,Poland,Poland_Ksiaznice_GlobularAmphora.SG,4721.0,0.3735491931438446,-0.16127646588131053,1.8970763809183315,-0.5180826513612184
RISE1247.SG,Poland,Poland_Ksiaznice_GlobularAmphora_mother.or.daughter.RISE1248.SG,4725.0,0.5250163674354553,-0.1836054639014523,1.8704315635947246,-0.5159300824189216
RISE1248.SG,Poland,Poland_Ksiaznice_GlobularAmphora.SG,4725.0,0.5476714372634888,-0.1749639761095611,1.8616779555213567,-0.5142895714016833
RISE1249.SG,Poland,Poland_Ksiaznice_GlobularAmphora.SG,4737.0,0.6424806714057922,-0.20266036604806997,1.8809678140518697,-0.530933716776989
RISE1250.SG,Poland,Poland_Sandomierz_GlobularAmphora.SG,4750.0,0.3778938353061676,-0.18017454670670027,1.8595902016660304,-0.5053094705207739
RISE1252.SG,Poland,Poland_Mierzanowice_GlobularAmphora.SG,4725.0,0.3372859954833984,-0.15698254458093283,1.8254707062676692,-0.5289186413382292
RISE1254.SG,Poland,Poland_Wilczyce_GlobularAmphora.SG,4725.0,0.3474359214305877,-0.19011029268787893,1.861250352387484,-0.5260709341617729
f1R.SG,Italy,Italy_Pompeii_Roman.SG,1871.0,0.3352819383144378,-0.03616020224201437,-0.731290588088031,0.423310284493493
1H04.SG,France,France_MontAime_MLN.SG,4851.0,0.3925506174564361,-1.0071456472495404,-0.841440923650831,-0.46384687342910746
1H06.SG,France,France_MontAime_MLN_daughter.2H11.SG,5115.0,0.5422019362449646,-0.9903201122254833,-0.7546170311731725,-0.39839038323054093
1H07.SG,France,France_MontAime_MLN.SG,5166.0,0.2261087298393249,-1.01278408331855,-0.8114478885623003,-0.4084015325995008
1H13.SG,France,France_MontAime_MLN.SG,4950.0,0.5715049505233765,-0.9786201262772195,-0.790000129877804,-0.41677543372532405
1H14.SG,France,France_MontAime_MLN.SG,5160.0,0.4399020969867706,-0.9749785465339773,-0.8197413705909351,-0.45105444961161695
2H07.SG,France,France_MontAime_MLN.SG,5184.0,0.348485380411148,-0.9970798755422933,-0.8460436136388947,-0.47461866926429097
2H10.SG,France,France_MontAime_MLN.SG,5165.0,0.9982514381408693,-1.0032497778875638,-0.8982243531374392,-0.5012868115729057
2H17.SG,France,France_MontAime_MLN_father.or.son.2H10.SG,5157.0,0.6903374195098877,-0.9916138018275895,-0.7949185903303517,-0.4458966589568372
2HC51961131.SG,France,France_MontAime_MLN.SG,5161.0,0.4616009593009949,-1.0182463205819465,-0.8549456483656878,-0.47982899136480833
GBVPK.SG,France,France_LaClape_LN_EMBA_BellBeakerPossible.SG,4336.0,0.6067389249801636,-1.0256685076692758,-0.8546746658669233,-0.4650927588603381
GBVPL.SG,France,France_LaClape_LN_EMBA_BellBeakerPossible_oNeolithic.SG,4474.0,0.5620394945144653,-0.9559662010293354,-0.8801975362355612,-0.5064326891670934
GBVPO.SG,France,France_LaClape_LN_EMBA_BellBeakerPossible.SG,3598.0,0.7284172773361206,-1.0243962539251288,-0.8555573625109696,-0.47175286695579655
MAS15.SG,France,France_MasRouge_LN_Ferrieres.SG,4950.0,0.15523761510849,-1.0312934113489691,-0.7867307775147389,-0.45165854081787743
ROUQCC.SG,France,France_LaClape_LN_EMBA.SG,5346.0,0.3038540482521057,-1.067526581677501,-0.9132329129364918,-0.4838230132405275
ROUQEE.SG,France,France_LaClape_LN_EMBA.SG,5047.0,0.631355881690979,-1.0130388651194493,-0.8605668813146448,-0.48137698607356255
ROUQFF.SG,France,France_LaClape_LN_EMBA.SG,5166.0,0.4689163863658905,-0.9963100302971385,-0.8203741166573619,-0.4569098612100206
ROUQHH.SG,France,France_LaClape_LN_EMBA.SG,5163.0,0.4565142393112182,-0.9891689236223337,-0.8890417850068573,-0.46170871218977616
ROUQV.SG,France,France_LaClape_LN_EMBA.SG,5159.0,0.6138313412666321,-1.001768662190825,-0.837362064876197,-0.4511058558118408
ROUQW.SG,France,France_LaClape_LN_EMBA.SG,5165.0,0.372541069984436,-1.0100849202717632,-0.904446600653268,-0.458621000376203
TORTC.SG,France,France_LaClape_LN_EBA_Veraza.SG,4476.0,0.1792300641536712,-1.0245003337923928,-0.8572810650269462,-0.47654147760274984
TORTD.SG,France,France_LaClape_LN_EBA_Veraza.SG,4973.0,0.160136193037033,-1.0528379853545347,-0.8843159421919154,-0.5015495466345868
TORTE.SG,France,France_LaClape_LN_EBA_Veraza.SG,4574.0,0.6071768999099731,-0.9597030921761106,-0.8573071124911796,-0.4498367654185608
TORTF.SG,France,France_LaClape_LN_EBA_Veraza_oSteppe.SG,3861.0,0.6571812033653259,-0.9843802354316719,-0.8355303400907775,-0.45860750179486537
MS060.SG,Spain,Spain_Segorbe_Medieval_Islamic.SG,800.0,0.0810551047325134,-1.1704416853307542,-2.397569385009368,-1.247929602035398
ALA001_d.AG,Turkey,Turkey_Hatay_Alalakh_MLBA.AG,3378.0,0.1106127798557281,1.471994133275104,-0.6190464047680656,0.9845782200881815
ALA002.AG,Turkey,Turkey_Hatay_Alalakh_MLBA.AG,3388.0,0.6094915270805359,1.4414270831363416,-0.6011535652547628,0.9527940034204765
ALA004.AG,Turkey,Turkey_Hatay_Alalakh_MLBA.AG,3773.0,0.5902979373931885,1.4665642763353226,-0.6162529355680522,0.9559354384111378
ALA008.AG,Turkey,Turkey_Hatay_Alalakh_MLBA.AG,3752.0,0.6130275726318359,1.4589383802561045,-0.575999526116922,0.92248847122252
ALA009.AG,Turkey,Turkey_Hatay_Alalakh_MLBA_contam.AG,3699.0,0.0930046960711479,1.4533152235637354,-0.5951687120548794,0.9420496129124775
ALA011.AG,Turkey,Turkey_Hatay_Alalakh_MLBA_brother.ALA123.AG,3620.0,0.5920546054840088,1.4679320450039648,-0.6101336817901326,0.9422124092726087
ALA013.AG,Turkey,Turkey_Hatay_Alalakh_MLBA.AG,3734.0,0.7822828888893127,1.4593903949439397,-0.6016109116809105,0.95004549659942
ALA014_d.AG,Turkey,Turkey_Hatay_Alalakh_MLBA.AG,3629.0,0.0713536664843559,1.427786429345324,-0.5724300561132494,0.9058488729056619
ALA016.AG,Turkey,Turkey_Hatay_Alalakh_MLBA.AG,3503.0,0.3078499436378479,1.426219553150922,-0.6104559927672845,0.9603569237900965
ALA017.AG,Turkey,Turkey_Hatay_Alalakh_MLBA.AG,3478.0,0.4597275257110595,1.4260256676853518,-0.6474986281071857,0.9326357579787459
ALA018.AG,Turkey,Turkey_Hatay_Alalakh_MLBA.AG,3382.0,0.5840149521827698,1.4753709631559562,-0.5757352512154936,0.9729736866089351
ALA019.AG,Turkey,Turkey_Hatay_Alalakh_MLBA_o.AG,3514.0,0.6247630715370178,1.4518180457477434,-0.5870629949838837,0.9279168774246701
ALA020.AG,Turkey,Turkey_Hatay_Alalakh_MLBA.AG,3395.0,0.5654879808425903,1.4749070313475994,-0.6231660294435154,0.967314293697861
ALA023.AG,Turkey,Turkey_Hatay_Alalakh_MLBA.AG,3785.0,0.1234058365225792,1.451043463725799,-0.6068625827362046,0.9591893905609612
ALA024.AG,Turkey,Turkey_Hatay_Alalakh_MLBA.AG,3889.0,0.0599693581461906,1.4718648415169862,-0.5782863118517932,0.9319843232153944
ALA025.AG,Turkey,Turkey_Hatay_Alalakh_MLBA.AG,3711.0,0.5897886157035828,1.4639563115191427,-0.6141930971399193,0.9966352737229439
ALA026.AG,Turkey,Turkey_Hatay_Alalakh_MLBA.AG,3627.0,0.7831223011016846,1.4718900134712274,-0.6012689153920766,0.966216974844036
ALA028.AG,Turkey,Turkey_Hatay_Alalakh_MLBA.AG,3705.0,0.7205974459648132,1.3951713027762007,-0.6007162668790788,0.9542452555969994
ALA029.AG,Turkey,Turkey_Hatay_Alalakh_MLBA.AG,3743.0,0.569708526134491,1.4544501841388655,-0.6107536218937369,0.9508266908240517
ALA030.AG,Turkey,Turkey_Hatay_Alalakh_MLBA.AG,3467.0,0.6250947713851929,1.4704962910356605,-0.5928520256238957,0.9583509829433041
ALA034.AG,Turkey,Turkey_Hatay_Alalakh_MLBA.AG,3697.0,0.686322033405304,1.4093363708353392,-0.5934360457339062,0.9563417948226794
ALA035.AG,Turkey,Turkey_Hatay_Alalakh_MLBA.AG,3820.0,0.1954026371240615,1.4394559590714497,-0.6252484315268739,0.972434199031997
ALA037.AG,Turkey,Turkey_Hatay_Alalakh_MLBA.AG,3754.0,0.1959371119737625,1.4260664599623523,-0.5879805901690957,0.973364970198807
ALA038.AG,Turkey,Turkey_Hatay_Alalakh_MLBA_daughter.ALA001.AG,3473.0,0.0520302690565586,1.458389478820339,-0.6047710373457629,0.9497348486249708
ALA039.AG,Turkey,Turkey_Hatay_Alalakh_MLBA.AG,3337.0,0.641807496547699,1.4137924774727313,-0.6309707542533595,0.9824821492712194
ALA084.AG,Turkey,Turkey_Hatay_Alalakh_MLBA.AG,3844.0,0.1010508388280868,1.486102209033712,-0.6080994440692389,0.9402747258569378
ALA095.AG,Turkey,Turkey_Hatay_Alalakh_MLBA.AG,3780.0,0.4913216531276703,1.4721551816860798,-0.651983050613323,0.9904302936157408
ART001.AG,Turkey,Turkey_East_Arslantepe_EBA.AG,4342.0,0.6778663396835327,1.4412101438564655,-0.6130664159138717,0.9620253047020397
ART004.AG,Turkey,Turkey_East_Arslantepe_Chalcolithic.AG,5632.0,0.0865343660116195,1.450780969025001,-0.5950043996471415,0.9360366795831798
ART005.AG,Turkey,Turkey_East_Arslantepe_Chalcolithic.AG,5650.0,0.4089778363704681,1.4506103733809523,-0.602999670703945,0.9573363178961102
ART009.AG,Turkey,Turkey_East_Arslantepe_EBA.AG,4553.0,0.848832905292511,1.4502684981130698,-0.6562040437089608,0.9727883105789132
ART010.AG,Turkey,Turkey_East_Arslantepe_EBA.AG,4625.0,0.6675752997398376,1.4579400431027814,-0.6071306110833806,0.9106832454328817
ART011.AG,Turkey,Turkey_East_Arslantepe_EBA.AG,4640.0,0.5540014505386353,1.4267598463770303,-0.6453135235685693,0.9310676043881003
ART012.AG,Turkey,Turkey_East_Arslantepe_Chalcolithic.AG,5159.0,0.7533367276191711,1.4639773389489081,-0.6319541451705781,0.9603674248820165
ART014.AG,Turkey,Turkey_East_Arslantepe_Chalcolithic.AG,5255.0,0.6578916907310486,1.4255358739407622,-0.6067408401015787,0.9299603091651247
ART015.AG,Turkey,Turkey_East_Arslantepe_Chalcolithic.AG,5212.0,0.8720411062240601,1.438331805790328,-0.6340749027646382,0.98032927524239
ART017.AG,Turkey,Turkey_East_Arslantepe_Chalcolithic.AG,5166.0,0.633406937122345,1.4503690175593047,-0.6151520983304043,0.978657166588332
ART018.AG,Turkey,Turkey_East_Arslantepe_Chalcolithic.AG,5260.0,0.7312242388725281,1.4348181387264,-0.6074015382330651,0.9316037581629153
ART019.AG,Turkey,Turkey_East_Arslantepe_Chalcolithic.AG,5393.0,0.393903374671936,1.469935551271595,-0.6298189625200561,0.9406009599363441
ART020_d.AG,Turkey,Turkey_East_Arslantepe_Chalcolithic.AG,5177.0,0.24850994348526,1.4766914962808597,-0.6050692021225814,0.975452896362248
ART022.AG,Turkey,Turkey_East_Arslantepe_Chalcolithic.AG,5413.0,0.6976187825202942,1.4477192042763436,-0.6922824954317497,1.0291328642798132
ART023.AG,Turkey,Turkey_East_Arslantepe_Chalcolithic.AG,5227.0,0.3098840117454529,1.4386829255600335,-0.5911599005969548,0.9378022728253171
ART024.AG,Turkey,Turkey_East_Arslantepe_Chalcolithic_brother.ART014.AG,5384.0,0.6198312640190125,1.4461918254021289,-0.6212232982665022,0.9672812257621352
ART026.AG,Turkey,Turkey_East_Arslantepe_Chalcolithic.AG,5163.0,0.7073404788970947,1.4022307780728387,-0.6169857766378664,0.9809006339343593
ART027_d.AG,Turkey,Turkey_East_Arslantepe_Chalcolithic.AG,5190.0,0.1280359625816345,1.4467392654706859,-0.6196639343203681,0.9590358092489605
ART032.AG,Turkey,Turkey_East_Arslantepe_Chalcolithic.AG,5254.0,0.7572669386863708,1.4754217048775062,-0.5974805529852754,0.963554093555476
ART038.AG,Turkey,Turkey_East_Arslantepe_Chalcolithic.AG,5175.0,0.2783417403697967,1.4731250411450705,-0.6184452875436894,0.9853848457669391
ART039.AG,Turkey,Turkey_East_Arslantepe_Chalcolithic.AG,5638.0,0.0843113586306572,1.472834387412225,-0.5905074813010647,0.9374649305592387
ART042.AG,Turkey,Turkey_East_Arslantepe_Chalcolithic.AG,5767.0,0.8131147027015686,1.4466455791099153,-0.6194364095899065,0.9989106569163221
CBT001.AG,Turkey,Turkey_Central_CamlibelTarlasi_Chalcolithic.AG,5446.0,0.5247308611869812,1.4528143082109537,-0.6053052870202156,0.9466757048994918
CBT002.AG,Turkey,Turkey_Central_CamlibelTarlasi_Chalcolithic_1d.rel.CBT016.CBT017.AG,5529.0,0.2564936578273773,1.4543206361544065,-0.6385954792935525,0.9797266417043033
CBT003.AG,Turkey,Turkey_Central_CamlibelTarlasi_Chalcolithic.AG,5450.0,0.0555833540856838,1.4516048473039906,-0.6115004589592931,0.9685789516058069
CBT004.AG,Turkey,Turkey_Central_CamlibelTarlasi_Chalcolithic.AG,5526.0,0.5305013060569763,1.4569204003068421,-0.6064992661671441,0.9709648186987601
CBT005.AG,Turkey,Turkey_Central_CamlibelTarlasi_Chalcolithic.AG,5415.0,0.4426628053188324,1.4617039482213452,-0.5854632239824502,0.9637967817521517
CBT010.AG,Turkey,Turkey_Central_CamlibelTarlasi_Chalcolithic.AG,5480.0,0.4569505751132965,1.4716784909305953,-0.5875881141599577,0.9684548612894137
CBT011.AG,Turkey,Turkey_Central_CamlibelTarlasi_Chalcolithic.AG,5480.0,0.5763945579528809,1.4650727701812587,-0.5983132770858646,1.0044152888161781
CBT013.AG,Turkey,Turkey_Central_CamlibelTarlasi_Chalcolithic_1d.rel.CBT004.AG,5526.0,0.4569748938083648,1.482328577104361,-0.577579670505964,0.9687320181112196
CBT014.AG,Turkey,Turkey_Central_CamlibelTarlasi_Chalcolithic.AG,5518.0,0.6107543110847473,1.4597299941092328,-0.5970720349075044,0.9710960289281125
CBT015.AG,Turkey,Turkey_Central_CamlibelTarlasi_Chalcolithic.AG,5525.0,0.5482066869735718,1.450482827453961,-0.5723548176779527,0.9446901542932818
CBT016.AG,Turkey,Turkey_Central_CamlibelTarlasi_Chalcolithic.AG,5538.0,0.6142684817314148,1.4588513240115533,-0.6001849413117093,0.9741325842061638
CBT017.AG,Turkey,Turkey_Central_CamlibelTarlasi_Chalcolithic_1d.rel.CBT016.CBT002.AG,5480.0,0.5893425345420837,1.4346204274781162,-0.5838964736013733,0.9425175148922014
CBT018.AG,Turkey,Turkey_Central_Buyukkaya_Chalcolithic.AG,7516.0,0.5207138657569885,1.457980206838345,-0.6167996269071838,0.9570025321810607
ETM001.AG,Syria,Syria_Ebla_EMBA.AG,3800.0,0.096307173371315,0.8491003848384018,-1.0785890734852526,1.5784896316573787
ETM004.AG,Syria,Syria_Ebla_EMBA.AG,3850.0,0.0601899586617946,0.8418780738887447,-1.0663958127905109,1.5671256656893695
ETM005.AG,Syria,Syria_Ebla_EMBA.AG,3850.0,0.1416416466236114,0.854699886475513,-1.08919942242414,1.5675599229756514
ETM006.AG,Syria,Syria_Ebla_EMBA.AG,3850.0,0.2362919151782989,0.8468367921783311,-1.0629238582858107,1.5673317107285263
ETM012.AG,Syria,Syria_Ebla_EMBA.AG,4470.0,0.6178985834121704,0.8483688603811491,-1.075166308472044,1.5735538214593972
ETM014.AG,Syria,Syria_Ebla_EMBA.AG,3850.0,0.5330673456192017,0.8451485147313439,-1.092924771754005,1.575597128188516
ETM016.AG,Syria,Syria_Ebla_EMBA.AG,3914.0,0.3552914559841156,0.8385661025506348,-1.075416848834758,1.55491299862659
ETM018.AG,Syria,Syria_Ebla_EMBA.AG,4004.0,0.0632134452462196,0.829345538063132,-1.0652149240709068,1.553955089149166
ETM023.AG,Syria,Syria_Ebla_EMBA.AG,4275.0,0.5963311195373535,0.8369525562554223,-1.076547264506781,1.576061329542358
ETM026.AG,Syria,Syria_Ebla_EMBA.AG,3850.0,0.2747967839241028,0.8502237096736749,-1.0667842513344368,1.569862698296048
IKI002.AG,Turkey,Turkey_BlackSea_Ikiztepe_Chalcolithic.AG,5165.0,0.0646603107452392,1.4299983516829287,-0.5943880165562566,0.9656027739542229
IKI009.AG,Turkey,Turkey_BlackSea_Ikiztepe_Chalcolithic.AG,5206.0,0.0710308849811554,1.492241397083467,-0.6065256841325091,0.9853013209019326
IKI012.AG,Turkey,Turkey_BlackSea_Ikiztepe_Chalcolithic.AG,5218.0,0.1032762825489044,1.4545603521486885,-0.5651469646033283,0.9033019611796085
IKI016.AG,Turkey,Turkey_BlackSea_Ikiztepe_Chalcolithic.AG,5396.0,0.1661117970943451,1.4608237093283234,-0.6162849363840001,0.9670770331916448
IKI017.AG,Turkey,Turkey_BlackSea_Ikiztepe_Chalcolithic.AG,5284.0,0.0517829097807407,1.450666311324341,-0.5748079423962608,0.926955168319932
IKI024.AG,Turkey,Turkey_BlackSea_Ikiztepe_Chalcolithic.AG,5821.0,0.0961733609437942,1.4410160289520686,-0.6113948486784094,0.9397776522286038
IKI034.AG,Turkey,Turkey_BlackSea_Ikiztepe_Chalcolithic.AG,5392.0,0.1225064098834991,1.4570699024019336,-0.589434123082893,0.906903952090066
IKI036.AG,Turkey,Turkey_BlackSea_Ikiztepe_Chalcolithic.AG,5405.0,0.0587066002190113,1.4523638903204663,-0.5875533726627671,0.9331898264886419
IKI037.AG,Turkey,Turkey_BlackSea_Ikiztepe_Chalcolithic.AG,5496.0,0.0888774096965789,1.470487038701499,-0.5976258980264789,0.9643516315099462
KRD001.AG,Turkey,Turkey_Hatay_TellKurdu_Chalcolithic.AG,7629.0,0.2060781121253967,1.4821204690872778,-0.5813026623743812,0.9637172998002506
KRD002.AG,Turkey,Turkey_Hatay_TellKurdu_Chalcolithic.AG,6889.0,0.1518086194992065,1.4438732748745124,-0.6186217511473815,0.9468374021400349
KRD003.AG,Turkey,Turkey_Hatay_TellKurdu_Chalcolithic.AG,7602.0,0.3581373393535614,1.455942651875427,-0.6174515969009609,0.953052981309239
KRD004.AG,Turkey,Turkey_Hatay_TellKurdu_Chalcolithic.AG,7620.0,0.0605411306023597,1.463002404040289,-0.6196307288280009,0.9339662948231188
KRD006.AG,Turkey,Turkey_Hatay_TellKurdu_Chalcolithic.AG,7550.0,0.2204088717699051,1.4253843405419662,-0.6068209867270202,0.9432081471689753
TIT021.AG,Turkey,Turkey_Southeast_Titris_Hoyuk_EBA.AG,4182.0,0.0875805839896202,1.4660301522547334,-0.584173272233585,0.9349481540074498
AID001.AG,Greece,Greece_Aidonia_LBA.AG,3250.0,0.633144199848175,1.916651980583595,-0.4881643134958428,2.1840667148545205
AID007.AG,Greece,Greece_Aidonia_LBA.AG,3250.0,0.6463070511817932,1.9267541614714925,-0.4649792262737445,2.1864253493073535
AID009.AG,Greece,Greece_Aidonia_LBA.AG,3250.0,0.0795530974864959,1.9379939466490559,-0.47842324287478505,2.22744207049849
AID014.AG,Greece,Greece_Aidonia_LBA.rel.of.AID012andAID017.AG,3200.0,0.0873786434531211,1.9298138863574743,-0.48413675476840184,2.2310975004355647
AID017.AG,Greece,Greece_Aidonia_LBA.AG,3425.0,0.1408525258302688,1.9544142376111024,-0.49736716063242414,2.2375245386349083
APO004.AG,Greece,Greece_Crete_Aposelemis_N.AG,7935.0,0.2446543574333191,1.915140304348127,-0.4910231758299574,2.1785798513628083
APO022.AG,Greece,Greece_Crete_Aposelemis_LBA.AG,3504.0,0.1281754523515701,1.935976339399104,-0.4859283175674603,2.1956896065347955
APO023.AG,Greece,Greece_Crete_Aposelemis_LBA.AG,3504.0,0.1857855468988418,1.9146325490332223,-0.47782365812991107,2.2143872543758434
APO025.AG,Greece,Greece_Crete_Aposelemis_LBA.AG,3526.0,0.2094730585813522,1.9338509699855633,-0.49199645162544264,2.205620080647422
APO028.AG,Greece,Greece_Crete_Aposelemis_N.AG,7956.0,0.0502281822264194,1.9098935743032983,-0.4781017752785652,2.1948397489481764
APO029.AG,Greece,Greece_Crete_Aposelemis_N.AG,7935.0,0.1657168269157409,1.9022731254956173,-0.4824606326724057,2.1942657522491675
APO043.AG,Greece,Greece_Crete_Aposelemis_N.AG,7851.0,0.129563108086586,1.8959588521222852,-0.47212774627938486,2.185764103334767
APO044.AG,Greece,Greece_Crete_Aposelemis_N.AG,7946.0,0.1109307035803794,1.920098682872576,-0.4884792843182838,2.1895893228442294
GLI002.AG,Greece,Greece_GlykaNera_LBA.AG,3312.0,0.0504033602774143,1.9524418580758724,-0.47929800670429423,2.2288040817290034
GLI003.AG,Greece,Greece_GlykaNera_LBA.AG,3318.0,0.7906867265701294,1.9217881390559846,-0.48553885544339676,2.2061809805438295
HGC001.AG,Greece,Greece_Crete_HgCharalambos_EMBA.AG,4074.0,0.8433544635772705,1.9006378827325305,-0.48532216450949006,2.187596768775856
HGC002.AG,Greece,Greece_Crete_HgCharalambos_EMBA.rel.of.HGC026andI0074.AG,4150.0,0.1429206281900406,1.9536291986090728,-0.4985733078362368,2.2287690496229087
HGC003.AG,Greece,Greece_Crete_HgCharalambos_EMBA.AG,3971.0,0.4251585304737091,1.8941117469138287,-0.48735053546812,2.1781478486320345
HGC005.AG,Greece,Greece_Crete_HgCharalambos_EMBA.AG,4118.0,0.3153892159461975,1.9431938983140127,-0.4772576478152855,2.220009021305678
HGC006-035.AG,Greece,Greece_Crete_HgCharalambos_EMBA.AG,4129.0,0.8514305949211121,1.9177769802840186,-0.479274209356528,2.235120740709152
HGC008.AG,Greece,Greece_Crete_HgCharalambos_EMBA.AG,4177.0,0.6157599091529846,1.9253891402324415,-0.47465964651474396,2.2155372686311265
HGC009.AG,Greece,Greece_Crete_HgCharalambos_EMBA.AG,3933.0,0.6386761665344238,1.918401871859909,-0.5009288646938292,2.232760299917658
HGC010.AG,Greece,Greece_Crete_HgCharalambos_EMBA.AG,4050.0,0.0986526533961296,1.9085902262140657,-0.48149539311449346,2.188882145845576
HGC011.AG,Greece,Greece_Crete_HgCharalambos_EMBA.AG,4050.0,0.7305121421813965,1.915908655964045,-0.4768837215988561,2.2317109251928944
HGC013.AG,Greece,Greece_Crete_HgCharalambos_EMBA.rel.of.HGC024.AG,4050.0,0.5121438503265381,1.9271960191036634,-0.4765919630372192,2.2118906385959742
HGC015.AG,Greece,Greece_Crete_HgCharalambos_EMBA.AG,4050.0,0.2618869245052337,1.987510727194443,-0.4815412399422533,2.2307797391463877
HGC017-023-029.AG,Greece,Greece_Crete_HgCharalambos_EMBA.AG,4050.0,0.7457852959632874,1.9371857589237833,-0.489351762694848,2.2101357330405023
HGC018.AG,Greece,Greece_Crete_HgCharalambos_EMBA.AG,4050.0,0.5315134525299072,1.9221045492141011,-0.4830471789291653,2.1961306273890613
HGC020.AG,Greece,Greece_Crete_HgCharalambos_EMBA.AG,4050.0,0.2545236647129059,1.9059261041721527,-0.4801865226877262,2.2009320529533833
HGC024.AG,Greece,Greece_Crete_HgCharalambos_EMBA.AG,4050.0,0.5227649807929993,1.923584845833315,-0.49646206179560415,2.186168185837537
HGC025.AG,Greece,Greece_Crete_HgCharalambos_EMBA.AG,4050.0,0.468613862991333,1.9274377435218721,-0.4984652066671225,2.199633571669869
HGC027.AG,Greece,Greece_Crete_HgCharalambos_EMBA.AG,4050.0,0.3269625008106231,1.9077019890547608,-0.4924807903239558,2.199012962272582
HGC031.AG,Greece,Greece_Crete_HgCharalambos_EMBA.AG,4050.0,0.3978481888771057,1.953881665186558,-0.5063055020364341,2.1921796430259057
HGC032.AG,Greece,Greece_Crete_HgCharalambos_EMBA.AG,4050.0,0.2378515005111694,1.9259277748686028,-0.45666863946290737,2.2199132079259214
HGC033.AG,Greece,Greece_Crete_HgCharalambos_EMBA.rel.of.HGC033.AG,4050.0,0.6183211207389832,1.9137635983939507,-0.48459664338174474,2.208351733112006
HGC036.AG,Greece,Greece_Crete_HgCharalambos_EMBA.AG,4050.0,0.1795163601636886,1.9673224123221151,-0.4690104120047822,2.2010719898830335
HGC037.AG,Greece,Greece_Crete_HgCharalambos_EMBA.AG,4050.0,0.1129314973950386,1.9355097982045846,-0.4772035606103232,2.2298642991425006
HGC040.AG,Greece,Greece_Crete_HgCharalambos_EMBA.AG,4106.0,0.2324971407651901,1.9550779525673625,-0.5045247864066841,2.1985690775054745
HGC041-052.AG,Greece,Greece_Crete_HgCharalambos_EMBA.AG,4050.0,0.0810259133577346,1.9322918344337827,-0.4764886597075743,2.167978444335248
HGC053-057.AG,Greece,Greece_Crete_HgCharalambos_EMBA.AG,4050.0,0.0722101032733917,1.9192415207232119,-0.4935831907791152,2.2252314311632713
HGC055-065.AG,Greece,Greece_Crete_HgCharalambos_EMBA.AG,4050.0,0.3172837495803833,1.9266859144597963,-0.4807250641316304,2.2139718302616886
HGC063.AG,Greece,Greece_Crete_HgCharalambos_EMBA.rel.of.HGC024.AG,4050.0,0.1323757320642471,1.9545328974128735,-0.5052931898131388,2.1715056645826283
KUK001.AG,Greece,Greece_Koukounaries_LBA.AG,3113.0,0.5108981132507324,1.9523759648023282,-0.5024263437577787,2.223795482052051
KUK002.AG,Greece,Greece_Koukounaries_LBA.AG,3113.0,0.2974461615085602,1.9442154079236067,-0.5102851274705511,2.1749822724383674
KUK005.AG,Greece,Greece_Koukounaries_LBA.AG,3113.0,0.8830726146697998,1.913421555190497,-0.47719585711184165,2.184615697021297
KUK006.AG,Greece,Greece_Koukounaries_LBA.AG,3113.0,0.8409457206726074,1.9263933130786615,-0.5008799635102661,2.21349161750858
LAZ017.AG,Greece,Greece_Lazarides_EBA.AG,4716.0,0.3546369671821594,1.9238025188678822,-0.49259101448801,2.1949260487648936
LAZ018.AG,Greece,Greece_Lazarides_LBA.AG,3307.0,0.4344933927059173,1.920947055683179,-0.4806901108022873,2.223570266961803
LAZ019.AG,Greece,Greece_Lazarides_LBA.AG,3261.0,0.1887725442647934,1.9276758044397624,-0.4546856841282786,2.177388807728424
LAZ020.AG,Greece,Greece_Lazarides_LBA.AG,3274.0,0.8198040127754211,1.9246013676020084,-0.47312048070429186,2.193415545342942
LAZ021.AG,Greece,Greece_Lazarides_LBA.AG,3523.0,0.1470503509044647,1.9383836249120645,-0.4544956041216296,2.2316321082077297
MYG001.AG,Greece,Greece_Mygdalia_LBA.rel.AG,3478.0,0.5040498375892639,1.952608950668648,-0.49350874408872536,2.237099235066036
MYG002.AG,Greece,Greece_Mygdalia_LBA.rel.AG,3526.0,0.3569889366626739,1.905906140754107,-0.48063263572582976,2.193448055415574
MYG003.AG,Greece,Greece_Mygdalia_LBA.AG,3441.0,0.7689140439033508,1.9042463638645286,-0.4863988325668602,2.1952508568137277
MYG004.AG,Greece,Greece_Mygdalia_LBA.AG,3462.0,0.7913947105407715,1.9090926926626663,-0.4845180830789099,2.1978435625147275
MYG005.AG,Greece,Greece_Mygdalia_LBA.rel.AG,3416.0,0.6023683547973633,1.931182298225621,-0.4941947073970484,2.210927347433024
MYG006.AG,Greece,Greece_Mygdalia_LBA.rel.AG,3478.0,0.7577033042907715,1.9076986413706882,-0.4904392742572378,2.207534773441755
MYG008.AG,Greece,Greece_Mygdalia_LBA.rel.AG,3473.0,0.7147516012191772,1.928299178633452,-0.4725315626083508,2.209061968745849
NST004.AG,Greece,Greece_NeaStyra_EBA.AG,4454.0,0.1206434965133667,1.9512242370255426,-0.4875621588791839,2.2655156428678667
NST005.AG,Greece,Greece_NeaStyra_EBA.AG,4324.0,0.2814414799213409,1.8857892740526916,-0.4796681273572592,2.193144738697425
NST010.AG,Greece,Greece_NeaStyra_EBA.AG,4581.0,0.1330594271421432,1.9171422027428295,-0.4843715512758509,2.221764126150251
NST012.AG,Greece,Greece_NeaStyra_EBA.AG,4367.0,0.1545620411634445,1.9224095694460301,-0.48818393210876604,2.2203102649630244
TIR001.AG,Greece,Greece_Tiryns_LBA.AG,3271.0,0.1026234105229377,1.9129376105044242,-0.4863798274571854,2.200835978266663
TIR002.AG,Greece,Greece_Tiryns_LBA.AG,3261.0,0.6197817921638489,1.918827126221764,-0.46761425494660863,2.1804510700889947
TIR008.AG,Greece,Greece_Tiryns_IA.AG,2851.0,0.3260890245437622,1.8933768323120441,-0.48216771216288706,2.188099305425106
TIR010.AG,Greece,Greece_Tiryns_LBA.AG,3325.0,0.4072398245334625,1.8900967355330636,-0.4545398067479063,2.195437327011646
XAN013.AG,Greece,Greece_Crete_Chania_LBA.AG,3225.0,0.3251960873603821,1.9184623051927743,-0.48959629450139674,2.1678339200842376
XAN014.AG,Greece,Greece_Crete_Chania_LBA.AG,3225.0,0.2885054647922516,1.9052107931995768,-0.4761404903162523,2.2160168192045124
XAN015.AG,Greece,Greece_Crete_Chania_LBA.AG,3225.0,0.2275628894567489,1.9245246655926274,-0.5335735696740287,2.1973429146753145
XAN016.AG,Greece,Greece_Crete_Chania_LBA.rel.of.XAN017.AG,3200.0,0.1575903892517089,1.9294754539298629,-0.47515520947363604,2.2255055948976077
XAN017.AG,Greece,Greece_Crete_Chania_LBA.AG,3200.0,0.3263826072216034,1.9155923171997964,-0.46779397670524603,2.134837399047359
XAN018.AG,Greece,Greece_Crete_Chania_LBA.AG,3200.0,0.1415548771619796,1.9338777604701776,-0.48251813462362886,2.1958562644023645
XAN021.AG,Greece,Greece_Crete_Chania_LBA.AG,3175.0,0.4184497594833374,1.9034067390523637,-0.45377374500635037,2.229805878984115
XAN022.AG,Greece,Greece_Crete_Chania_LBA.AG,3175.0,0.2136270999908447,1.9416392288038318,-0.48152919069216565,2.244091760954879
XAN023.AG,Greece,Greece_Crete_Chania_LBA.AG,3175.0,0.3882124423980713,1.9199431703515968,-0.4725108369758268,2.2057265449977805
XAN025.AG,Greece,Greece_Crete_Chania_LBA.AG,3175.0,0.5161178112030029,1.9194425722888504,-0.4743035285968772,2.224972918910707
XAN026.AG,Greece,Greece_Crete_Chania_LBA.AG,3175.0,0.1590810418128967,1.931095209594572,-0.4686350956111547,2.22821452890133
XAN027.AG,Greece,Greece_Crete_Chania_LBA.AG,3175.0,0.2311013787984848,1.9049141619365622,-0.4679757223111485,2.18476183078016
XAN028.AG,Greece,Greece_Crete_Chania_LBA.AG,3225.0,0.1952444911003112,1.9218641528245295,-0.47177523563416623,2.1982720364173733
XAN029.AG,Greece,Greece_Crete_Chania_LBA.AG,3225.0,0.4385866224765777,1.9125469978436025,-0.47583693524897747,2.2083197240911954
XAN030.AG,Greece,Greece_Crete_Chania_LBA.AG,3225.0,0.3906860649585724,1.9276331519415464,-0.49305236385530676,2.2191071485420872
XAN031.AG,Greece,Greece_Crete_Chania_LBA.AG,3225.0,0.3312819898128509,1.9236833990836963,-0.49093816151516306,2.215806222739677
XAN034.AG,Greece,Greece_Crete_Chania_LBA.AG,3225.0,0.4667241871356964,1.8955875437056116,-0.4819492109408357,2.169980781269303
XAN035.AG,Greece,Greece_Crete_Chania_LBA.AG,3525.0,0.1413391381502151,1.9347188879764114,-0.4719215843012849,2.1999405956482168
XAN036.AG,Greece,Greece_Crete_Chania_LBA.AG,3225.0,0.42509526014328,1.9251354869220931,-0.5033237174284105,2.1816816537327974
XAN040.AG,Greece,Greece_Crete_Chania_LBA.AG,3250.0,0.0750543624162674,1.905382428550314,-0.5028538942413041,2.1936845298497807
XAN053.AG,Greece,Greece_Crete_Chania_LBA.AG,3250.0,0.4159120917320251,1.9427064912072056,-0.4816502314526765,2.2551761957500367
syr005.SG,Syria,Syria_TellQarassa_Umayyad.SG,1233.0,0.1561208218336105,0.8435857754492441,-1.0617821821778612,1.5800485249033664
syr013.SG,Syria,Syria_TellQarassa_Umayyad.SG,1235.0,0.9661471247673036,0.8401271687639149,-1.0503677825131623,1.5445460725699376
NIEcap9.AG,Germany,Germany_EarlyMedieval_Alemanic_brother.NIEcap12b_father.NIEcap1_father.NIEcap3a.AG,1345.0,0.171075239777565,-0.3405834596662929,-0.15555739710121336,0.822346306713094
NIEcap1.AG,Germany,Germany_EarlyMedieval_Alemanic.AG,1345.0,0.4709488153457641,-0.3544646453581948,-0.23348349233755267,0.8138618025769705
NIEcap3a.AG,Germany,Germany_EarlyMedieval_Alemanic_son.NIEcap9_brother.NIEcap1_3d.or.3dplus.NIEcap3c.AG,1345.0,0.4005270004272461,-0.3742600923543275,-0.21249358884964617,0.8151827874254031
NIEcap3c.AG,Germany,Germany_EarlyMedieval_Alemanic_SEurope.AG,1345.0,0.2087025791406631,-0.390057494887552,-0.2875888770854116,0.7952888116374512
NIEcap6.AG,Germany,Germany_EarlyMedieval_Alemanic_son.NIEcap1.AG,1345.0,0.2791714370250702,-0.3381821788782546,-0.21573684687608463,0.7928791031879904
NIEcap3b.AG,Germany,Germany_EarlyMedieval_Alemanic_SEurope.AG,1345.0,0.565767765045166,-0.31010444423644695,-0.22171652570276118,0.7688321473765013
NIEcap12b.AG,Germany,Germany_EarlyMedieval_Alemanic_brother.NIEcap9.AG,1345.0,0.1138495728373527,-0.3910125138569624,-0.20130148002823703,0.7609505105951012
NIEcap12c.AG,Germany,Germany_EarlyMedieval_Alemanic.AG,1345.0,0.2525650560855865,-0.34524658533000785,-0.22410040077689863,0.7725316906735727
atp005.SG,Spain,Spain_EN.SG,7069.0,0.0799204856157302,-1.126629007270347,-2.3939214725689784,-1.2426585406274804
atp016.SG,Spain,Spain_C.SG,4971.0,0.9739710688591005,-1.141560787659373,-2.366959193168989,-1.2524352555004
c40331.SG,Spain,Spain_LN.SG,5630.0,0.24709552526474,-1.1080267414856588,-2.336127090535722,-1.254104373278754
esp005.SG,Spain,Spain_BA.SG,3400.0,0.8493543863296509,-1.159817222928446,-2.314999260779632,-1.2793922466048224
mur.SG,Spain,Spain_EN.SG,7127.0,0.912903606891632,-1.1322010316336633,-2.3569812437800994,-1.2542575852127689
pir001.SG,Spain,Spain_BA.SG,3725.0,0.1801481395959854,-1.1280803389468124,-2.307027248345521,-1.2538093373771744
por002.SG,Spain,Spain_C.SG,5111.0,0.5181697010993958,-1.1137041125864826,-2.384188897303806,-1.2250552388331812
por004.SG,Spain,Spain_C.SG,4955.0,0.099328227341175,-1.1421803709645901,-2.3518197443189055,-1.2658139916959599
san216.SG,Spain,Spain_LN.SG,5657.0,0.1797604709863662,-1.1743235327760069,-2.3327106323341544,-1.2581739828240044
AED106.SG,Germany,Germany_EarlyMedieval.SG,1455.0,0.1406416594982147,-0.38754992410713734,-0.1696913461528209,0.7732436091434398
AED1108.SG,Germany,Germany_EarlyMedieval_o2.SG,1469.0,0.1424786299467086,-0.3093552938391459,-0.22813270650937528,0.7698316337920881
AED1119.SG,Germany,Germany_EarlyMedieval.SG,1430.0,0.0813495069742202,-0.35163786021325016,-0.20706572987956262,0.800382361561725
AED1135b.SG,Germany,Germany_EarlyMedieval_o3.SG,1445.0,0.1321770399808883,-0.2911498265047517,-0.1520278272253369,0.7945535812338933
AED204.SG,Germany,Germany_EarlyMedieval.SG,1455.0,0.1212347298860549,-0.3466354451550704,-0.19603532811535399,0.8033166092808491
AED249.SG,Germany,Germany_EarlyMedieval_o3.SG,1455.0,0.1452993601560592,-0.41064484171382215,-0.1019738517909845,0.7591970577088321
AED432b.SG,Germany,Germany_EarlyMedieval.SG,1445.0,0.0952998846769332,-0.41467674909430485,-0.1894343268920549,0.7684898830399163
AED513.SG,Germany,Germany_EarlyMedieval_o3.SG,1525.0,0.1262955069541931,-0.34090589612869016,-0.18777221112049902,0.820021618115695
AED92b.SG,Germany,Germany_EarlyMedieval.SG,1455.0,0.0929819867014885,-0.44976428000605584,-0.21392472277108707,0.7470589678940064
AEHIb.SG,Germany,Germany_EarlyMedieval_o1.SG,1503.0,0.1000776141881942,-0.36595906929627536,-0.1768451984849634,0.7574617585517504
Alh10.SG,Germany,Germany_EarlyMedieval.SG,1477.0,0.9468310475349426,-0.33053562216880067,-0.07972667525287974,0.8230256686436711
Alh1.SG,Germany,Germany_EarlyMedieval.SG,1500.0,0.9619736075401306,-0.37940310427944335,-0.16735943411407003,0.7793013390836288
Alh2.SG,Germany,Germany_EarlyMedieval.SG,1529.0,0.064231276512146,-0.411886603287408,-0.19113986827417243,0.7766325608476654
Alh3a.SG,Germany,Germany_EarlyMedieval.SG,1491.0,0.3427117168903351,-0.3418796835937356,-0.1724594375727537,0.7921548109313621
BIM33.SG,Germany,Germany_EarlyMedieval.SG,1475.0,0.1362143009901046,-0.37392670686498236,-0.20816343990946465,0.770424595020778
BIM37b.SG,Germany,Germany_EarlyMedieval.SG,1350.0,0.1079137027263641,-0.37219536991014474,-0.21614659601507152,0.7902954545628841
Ker1.SG,Ukraine,Crimea_Pantikapaion.SG,1604.0,0.3885230720043182,-0.06016373754177231,1.4020970263571777,0.19056960014445556
NW255a.SG,Germany,Germany_EarlyMedieval_oSteppe.SG,1467.0,0.1545222997665405,-0.37119752991561544,-0.18902252998623703,0.7877241238933509
NW54.SG,Germany,Germany_EarlyMedieval_o1.SG,1482.0,0.1777523905038833,-0.36010620889407235,-0.21012279731679712,0.7517637486954494
STR220c.SG,Germany,Germany_EarlyMedieval.SG,1445.0,0.3976227343082428,-0.42206358611249994,-0.22965469063356586,0.767128206379839
STR228.SG,Germany,Germany_EarlyMedieval_o3.SG,1471.0,0.1971325576305389,-0.3705492776711286,-0.15824838274406333,0.8015111597978658
STR241.SG,Germany,Germany_EarlyMedieval.SG,1455.0,0.0762806236743927,-0.34973118192086056,-0.19751891199424942,0.7716652700843093
STR248b.SG,Germany,Germany_EarlyMedieval_o3.SG,1405.0,0.1061886623501777,-0.3639930435379148,-0.18085842539579317,0.7750369974989949
STR266b.SG,Germany,Germany_EarlyMedieval.SG,1430.0,0.0503944419324398,-0.41596374061841973,-0.20579568944942794,0.7134256235526616
STR300b.SG,Germany,Germany_EarlyMedieval_o1.SG,1430.0,0.32862588763237,-0.3570537031236886,-0.22032117901258272,0.8093804818490822
STR310.SG,Germany,Germany_EarlyMedieval_o1.SG,1430.0,0.5236230492591858,-0.38744710309275804,-0.15675685339505085,0.8163749144500806
STR316b.SG,Germany,Germany_EarlyMedieval.SG,1455.0,0.1624954491853714,-0.36390847487534494,-0.1890464437147093,0.7430876472327996
STR328c.SG,Germany,Germany_EarlyMedieval_o2.SG,1497.0,0.2188225090503692,-0.32439541198886845,-0.21964971388249033,0.720869940574472
STR355c.SG,Germany,Germany_EarlyMedieval.SG,1430.0,0.4652375876903534,-0.46142221509035275,-0.17221595943621554,0.8243852951863275
STR360c.SG,Germany,Germany_EarlyMedieval_o4.SG,1430.0,0.0559604801237583,-0.3759677876133294,-0.1418982356888785,0.75331023741064
STR393b.SG,Germany,Germany_EarlyMedieval.SG,1455.0,0.0846901014447212,-0.3713682163654513,-0.16664486910473902,0.7783016436737006
STR480.SG,Germany,Germany_EarlyMedieval.SG,1430.0,0.157823160290718,-0.3547070459303722,-0.20520789317996524,0.7574544373423223
STR486.SG,Germany,Germany_EarlyMedieval.SG,1455.0,0.2821551859378814,-0.3943311234243826,-0.2123664900403829,0.7502247656444714
STR502b.SG,Germany,Germany_EarlyMedieval_o1.SG,1364.0,0.0614478513598442,-0.307730580957218,-0.271220495984755,0.7984077368276192
STR535.SG,Germany,Germany_EarlyMedieval_o1.SG,1483.0,0.1310205161571502,-0.3775251796704471,-0.18825972810155076,0.7639423394238773
Vim2b.SG,Serbia,Serbia_Medieval_Gepidian.SG,1400.0,0.3789822161197662,0.4148273689680933,0.11321278708537323,-0.11319051669255047
ALM001_merged.AG,Spain,Spain_Almoloya_Argar_Early.AG,3821.0,0.401544839143753,-1.0911109557796588,-2.378243371735576,-1.2500332355710178
ALM002_merged.AG,Spain,Spain_Almoloya_Argar_Early.AG,3800.0,0.4443870484828949,-1.1112734808242577,-2.3803185568566665,-1.3270551582630803
ALM003.AG,Spain,Spain_Almoloya_Argar_Late.AG,3825.0,0.4871108531951904,-1.1429591373753158,-2.369671414698489,-1.2668997953350687
ALM004.AG,Spain,Spain_Almoloya_Argar_Early.AG,3825.0,0.2525147795677185,-1.201562939653059,-2.411035109012085,-1.2814279923229708
ALM006.AG,Spain,Spain_Almoloya_Argar_Early.AG,3780.0,0.655083954334259,-1.1384515805884077,-2.3965005749595756,-1.2631884338187727
ALM007.AG,Spain,Spain_Almoloya_Argar_Early.AG,3825.0,0.418917715549469,-1.1160705584534913,-2.373633442887713,-1.2837205829838156
ALM008.AG,Spain,Spain_Almoloya_Argar_Early.AG,3825.0,0.603053629398346,-1.132482087077164,-2.40265086787479,-1.320436552313429
ALM014.AG,Spain,Spain_Almoloya_Argar_Early.AG,3825.0,0.1399020105600357,-1.1658886756586144,-2.3917783821962586,-1.2278669043324497
ALM015_merged.AG,Spain,Spain_Almoloya_Argar_Early.AG,3773.0,0.5698772072792053,-1.1490347559357375,-2.385376645940073,-1.2789151262474348
ALM016_merged.AG,Spain,Spain_Almoloya_Argar_Early.AG,3803.0,0.7086040377616882,-1.1254208354955118,-2.380565564079043,-1.2629008153212866
ALM017.AG,Spain,Spain_Almoloya_Argar_Early.AG,3752.0,0.6658681035041809,-1.1141902924534934,-2.392424245042514,-1.2696592823107569
ALM018.AG,Spain,Spain_Almoloya_Argar_Early.AG,3825.0,0.2520857453346252,-1.1207177141163296,-2.3872067375860317,-1.2539438276996346
ALM019_merged.AG,Spain,Spain_Almoloya_Argar_Early.AG,3946.0,0.7094604969024658,-1.12310106371427,-2.405265360393483,-1.275080880267794
ALM020.AG,Spain,Spain_Almoloya_Argar_Early.AG,3825.0,0.5346618294715881,-1.1005654643084801,-2.3947082898902003,-1.32548281815994
ALM021.AG,Spain,Spain_Almoloya_Argar_Early.AG,3825.0,0.5942962765693665,-1.1501334133433643,-2.401007453885064,-1.252754451509189
ALM024.AG,Spain,Spain_Almoloya_Argar_Early.AG,3825.0,0.1162720918655395,-1.1161905326316026,-2.364997173753142,-1.2847789881426526
ALM025.AG,Spain,Spain_Almoloya_Argar_Early.AG,3825.0,0.3358601927757263,-1.1409531250819054,-2.385117971417547,-1.2179496611258496
ALM026.AG,Spain,Spain_Almoloya_Argar_Early.AG,3825.0,0.4212080538272857,-1.1446320309782585,-2.3826032481175674,-1.2994559754561876
ALM027.AG,Spain,Spain_Almoloya_Argar_Early.AG,3825.0,0.1126849427819252,-1.1640581880248917,-2.3690938044096534,-1.2878392027484464
ALM028_merged.AG,Spain,Spain_Almoloya_Argar_Early.AG,3825.0,0.5264356732368469,-1.173132566962393,-2.342673089894991,-1.2333498155981981
ALM029.AG,Spain,Spain_Almoloya_Argar_Late.AG,3825.0,0.3269422054290771,-1.2007149003532855,-2.3963524275393207,-1.3046190918686331
ALM030.AG,Spain,Spain_Almoloya_Argar_Late_daughter.ALM039.ALM038.AG,3825.0,0.0782643780112266,-1.183505845306966,-2.397946180781498,-1.2986632523815196
ALM031.AG,Spain,Spain_Almoloya_Argar_Late_daughter.ALM039.AG,3600.0,0.2322497814893722,-1.1169798529990644,-2.405985404804471,-1.2698741029032186
ALM032.AG,Spain,Spain_Almoloya_Argar_Late.AG,3600.0,0.3903073072433471,-1.1730466305793332,-2.3987692391277835,-1.2468134369937673
ALM034.AG,Spain,Spain_Almoloya_Argar_Early_father.or.son.ALM049.1d.rel.ALM048.MMI003.AG,3822.0,0.5754140615463257,-1.1368091052006735,-2.41955820476098,-1.2652706348327
ALM035.AG,Spain,Spain_Almoloya_Argar.AG,3725.0,0.5739834308624268,-1.1443261157396574,-2.3632496716710296,-1.285053241093663
ALM036.AG,Spain,Spain_Almoloya_Argar_Late.AG,3825.0,0.5379399657249451,-1.1299174564972734,-2.3710322348192845,-1.2537218320077177
ALM038_merged.AG,Spain,Spain_Almoloya_Argar_Late.AG,3598.0,0.3229349553585052,-1.1321354142366737,-2.398757665053572,-1.2631917545618496
ALM039.AG,Spain,Spain_Almoloya_Argar_Late.AG,3580.0,0.5518571138381958,-1.09720736844625,-2.442110143459649,-1.3321420082419824
ALM040.AG,Spain,Spain_Almoloya_Argar_Early.AG,3842.0,0.2587385475635528,-1.101384420222179,-2.414710979745062,-1.257514691078449
ALM041.AG,Spain,Spain_Almoloya_Argar_Early.AG,3814.0,0.6448999047279358,-1.1489894574057775,-2.376154239585559,-1.2584053924226268
ALM042.AG,Spain,Spain_Almoloya_Argar_Early.AG,3825.0,0.5909816026687622,-1.1383006251795649,-2.4148946211307774,-1.2614882044486901
ALM043.AG,Spain,Spain_Almoloya_Argar_Early.AG,3754.0,0.2706102728843689,-1.1660019322469442,-2.4071096308585935,-1.2588343831691626
ALM044.AG,Spain,Spain_Almoloya_Argar_Early.AG,3775.0,0.0666448771953582,-1.1238840606080784,-2.369869193210521,-1.2476748688589774
ALM046.AG,Spain,Spain_Almoloya_Argar_Early.AG,3763.0,0.1094092279672622,-1.1302679169169483,-2.4225235767607782,-1.2789652696729075
ALM047.AG,Spain,Spain_Almoloya_Argar.AG,3725.0,0.3473361730575561,-1.1251251660933572,-2.392858419493272,-1.3103895013972129
ALM048.AG,Spain,Spain_Almoloya_Argar_Early.AG,3825.0,0.1022397950291633,-1.176063020170967,-2.398188977321397,-1.2815254725699503
ALM049.AG,Spain,Spain_Almoloya_Argar_Early.AG,3825.0,0.0807396173477172,-1.1649310869992948,-2.4374373471129043,-1.2828987256317037
ALM050.AG,Spain,Spain_Almoloya_Argar_Early.AG,3825.0,0.6275408267974854,-1.12912366771217,-2.360675835552837,-1.2267541556071806
ALM051.AG,Spain,Spain_Almoloya_Argar_Late.AG,3825.0,0.5049022436141968,-1.1366998702991575,-2.3805221737205082,-1.260133663988185
ALM052.AG,Spain,Spain_Almoloya_Argar_son.ALM015.ALM016.AG,3765.0,0.1642683446407318,-1.1039331030114354,-2.405134824709987,-1.2521121090475957
ALM053.AG,Spain,Spain_Almoloya_Argar.AG,3600.0,0.4451064169406891,-1.1010357806662683,-2.407434216410859,-1.2564202989004025
ALM055.AG,Spain,Spain_Almoloya_Argar_Late.AG,3825.0,0.2794423103332519,-1.0978316621901019,-2.411903646353681,-1.2624147522788456
ALM056_merged.AG,Spain,Spain_Almoloya_Argar.AG,3725.0,0.139883354306221,-1.1323523836317915,-2.360026039363888,-1.2683134689955973
ALM057.AG,Spain,Spain_Almoloya_Argar_Late.AG,3696.0,0.3075555562973022,-1.1337807842638679,-2.4183795991047465,-1.2681504133482222
ALM058.AG,Spain,Spain_Almoloya_Argar_Late_son.ALM064.ALM086.AG,3825.0,0.4904733300209045,-1.1159400597362972,-2.352590232930968,-1.2895780696484314
ALM060.AG,Spain,Spain_Almoloya_Argar_daughter.ALM017.AG,3713.0,0.6710156202316284,-1.1364805579755806,-2.3882248927182617,-1.289317280851152
ALM062.AG,Spain,Spain_Almoloya_Argar.AG,3825.0,0.1843808591365814,-1.1102414560528304,-2.41773312650971,-1.2890673291485777
ALM063.AG,Spain,Spain_Almoloya_Argar_Late.AG,3600.0,0.5181575417518616,-1.1723271460693125,-2.4074948232196993,-1.2910053546359477
ALM064.AG,Spain,Spain_Almoloya_Argar_Late.AG,3825.0,0.6143787503242493,-1.1261509610091276,-2.4079576063823747,-1.253674426848759
ALM067.AG,Spain,Spain_Almoloya_Argar_Late.AG,3600.0,0.519795835018158,-1.16746475512095,-2.40733900556509,-1.3147410881271941
ALM068.AG,Spain,Spain_Almoloya_Argar_Late.AG,3600.0,0.5911518931388855,-1.1665593177702047,-2.4314522546379767,-1.2602055409096222
ALM069.AG,Spain,Spain_Almoloya_Argar.AG,3600.0,0.4406458139419555,-1.1425745760510542,-2.3432002227919853,-1.2454515138278737
ALM070.AG,Spain,Spain_Almoloya_Argar.AG,3600.0,0.1035933941602706,-1.138375546869784,-2.417753749139523,-1.2807194629450644
ALM071.AG,Spain,Spain_Almoloya_Argar.AG,3825.0,0.2900658845901489,-1.0815742878159724,-2.3470882660717867,-1.2290364965387652
ALM075.AG,Spain,Spain_Almoloya_Argar.AG,3825.0,0.3015093803405761,-1.1346188270159439,-2.380162573638932,-1.2699485342343995
ALM076.AG,Spain,Spain_Almoloya_Argar_Late.AG,3825.0,0.5962938070297241,-1.1220359481186242,-2.412450661989468,-1.2886378777113885
ALM077.AG,Spain,Spain_Almoloya_Argar_mother.or.daughter.ALM068.AG,3825.0,0.1584606170654297,-1.1490757527614572,-2.3498448043686455,-1.2702678805999499
ALM078.AG,Spain,Spain_Almoloya_Argar_Late.AG,3600.0,0.304498016834259,-1.1697839686762228,-2.449046475624809,-1.2674522637112686
ALM079.AG,Spain,Spain_Almoloya_Argar.AG,3825.0,0.0842553973197937,-1.1840163944747708,-2.406071988606755,-1.2658230864454454
ALM080.AG,Spain,Spain_Almoloya_Argar_Late_brother.ALM081.AG,3600.0,0.6599816679954529,-1.1588148543216974,-2.3651950430843964,-1.2530613133481827
ALM081.AG,Spain,Spain_Almoloya_Argar_Late.AG,3825.0,0.694534420967102,-1.1318688983950616,-2.3880912891152453,-1.2841876260135319
ALM084.AG,Spain,Spain_Almoloya_Argar.AG,3600.0,0.5873798727989197,-1.1331797899012046,-2.386373893635602,-1.2534765400314345
ALM086.AG,Spain,Spain_Almoloya_Argar_Late.AG,3788.0,0.5494597554206848,-1.1052753339168804,-2.3834930742732006,-1.2681359893266364
ALM087.AG,Spain,Spain_Almoloya_Argar_Late.AG,3825.0,0.2345133423805236,-1.2022893589005377,-2.3824591119191547,-1.2702675837541169
ALM088.AG,Spain,Spain_Almoloya_Argar.AG,3600.0,0.4469539225101471,-1.173770740633329,-2.405299436016904,-1.2704564595903702
BAS002.AG,Spain,Spain_Bastida_Argar_Late.AG,3515.0,0.5345223546028137,-1.0938745285961993,-2.381801347583226,-1.287873904368257
BAS003.AG,Spain,Spain_Bastida_Argar.AG,3914.0,0.0552605688571929,-1.121105389803548,-2.3451613015528032,-1.2577248551458753
BAS018.AG,Spain,Spain_Bastida_Argar_Late.AG,3670.0,0.2150723487138748,-1.141026731014017,-2.4086057880663034,-1.3086014019149714
BAS022.AG,Spain,Spain_Bastida_Argar.AG,3600.0,0.6201791763305664,-1.1373676480576647,-2.398694719127688,-1.3226481293806527
BAS023.AG,Spain,Spain_Bastida_Argar.AG,3961.0,0.5236197710037231,-1.1203227276684826,-2.39956605652336,-1.253822092873773
BAS024.AG,Spain,Spain_Bastida_Argar.AG,4029.0,0.6129156947135925,-1.1551595765470506,-2.350884951412899,-1.2490526088908183
BAS025.AG,Spain,Spain_Bastida_Argar.AG,3981.0,0.5066094398498535,-1.1417228267829225,-2.407892157718503,-1.2632030060917285
BAS026.AG,Spain,Spain_Bastida_Argar_Late.AG,3825.0,0.1142258867621421,-1.1629986677292428,-2.3614194236901835,-1.3113311799037335
BAS027.AG,Spain,Spain_Bastida_Argar.AG,3825.0,0.4177766144275665,-1.173075009060923,-2.3388751960583494,-1.283483173818237
CBR004.AG,Spain,Spain_SE_CabezoRedondo_BA.AG,3448.0,0.6170607805252075,-1.1383562780340284,-2.3833800631889255,-1.286037579192902
CDM001.AG,Spain,Spain_SE_Iberia_CA.AG,4337.0,0.3189763724803924,-1.1344039418739449,-2.367867360886228,-1.28347664247586
CDM002.AG,Spain,Spain_SE_Iberia_CA.AG,4435.0,0.3611373007297516,-1.128957159513972,-2.346005830135641,-1.2841780851812843
CDM003.AG,Spain,Spain_SE_Iberia_CA.AG,4750.0,0.302211731672287,-1.1048568639568708,-2.4052175181401445,-1.2537038848806137
CDM004.AG,Spain,Spain_SE_Iberia_CA.AG,4750.0,0.0839918181300163,-1.1739054574997185,-2.361841959544958,-1.284510564509112
CDM005.AG,Spain,Spain_SE_Iberia_CA.AG,4750.0,0.1131796687841415,-1.1069687074504544,-2.327892036082719,-1.2821236783929675
CDM006.AG,Spain,Spain_SE_Iberia_CA.AG,4239.0,0.3223193883895874,-1.1310290682391044,-2.348829538969701,-1.2235840865041139
CDP001.AG,Spain,Spain_SE_Iberia_CA.AG,4750.0,0.5793653726577759,-1.169640309600729,-2.3912788871272066,-1.2698245132292798
CDP002.AG,Spain,Spain_SE_Iberia_CA.AG,4750.0,0.3583733439445495,-1.130959829220255,-2.352607690609169,-1.2535508222678513
CDP003.AG,Spain,Spain_SE_Iberia_CA_father.CDP011.AG,4750.0,0.090444304049015,-1.094686957369412,-2.3528246843328353,-1.2553742636517071
CDP006.AG,Spain,Spain_SE_Iberia_CA.AG,4750.0,0.2022476643323898,-1.092908238697188,-2.344141349265155,-1.2605315444532101
CDP009.AG,Spain,Spain_SE_Iberia_CA_father.or.son.CDP006.AG,4750.0,0.0711241513490676,-1.1021862048083508,-2.37487007279964,-1.2725954440939182
CDP011.AG,Spain,Spain_SE_Iberia_CA.AG,4750.0,0.4204959869384765,-1.1410980657118812,-2.3973555659320334,-1.2583215397820877
CLL001.AG,Spain,Spain_SE_Iberia_CA.AG,4750.0,0.3900291323661804,-1.1321834748203543,-2.3696404466339485,-1.2596680078276796
CLL002.AG,Spain,Spain_SE_Iberia_CA.AG,4750.0,0.4087953567504883,-1.1872726511153686,-2.4179598384387537,-1.2868044634556088
CLL003.AG,Spain,Spain_SE_Iberia_CA.AG,4750.0,0.2532446980476379,-1.128222387571766,-2.3567998442489664,-1.268848802765114
CLL004.AG,Spain,Spain_SE_Iberia_CA.AG,4750.0,0.5638326406478882,-1.1280258361613948,-2.345370997751279,-1.203017711322251
CLL005.AG,Spain,Spain_SE_Iberia_CA.AG,4750.0,0.1747921556234359,-1.1489735274232893,-2.4058084574341376,-1.2220600330277442
CLL006.AG,Spain,Spain_SE_Iberia_CA.AG,4750.0,0.434867262840271,-1.183969258053471,-2.386223090729628,-1.260553924006764
CLL008.AG,Spain,Spain_SE_Iberia_CA.AG,4750.0,0.3394749164581299,-1.1235271462799432,-2.370823059009437,-1.3108862962956254
CLL009.AG,Spain,Spain_SE_Iberia_CA.AG,4750.0,0.3954743444919586,-1.116167582867625,-2.3710882568988016,-1.2720119008351372
CLL010.AG,Spain,Spain_SE_Iberia_CA.AG,4750.0,0.3311100602149963,-1.1891837569815433,-2.358888793667803,-1.274594614927954
CLL011.AG,Spain,Spain_SE_Iberia_CA.AG,4750.0,0.2829402387142181,-1.1335131949490025,-2.409640881309138,-1.2027260149733314
CMO001.AG,Spain,Spain_SE_Iberia_BA_Argar.AG,3729.0,0.3007535338401794,-1.1796861000341028,-2.3435910548783254,-1.3058164648189723
CMO002.AG,Spain,Spain_SE_Iberia_BA_Argar.AG,3764.0,0.1988000124692917,-1.1740698637077147,-2.3813352903134275,-1.285072892959742
CMO003.AG,Spain,Spain_SE_Iberia_BA_Argar.AG,3600.0,0.1103621795773506,-1.0689989803408573,-2.3674597698704227,-1.211014037872217
EFA006.AG,Spain,Spain_Aritgues_LBA.AG,3050.0,0.1557372063398361,-1.1222704262794088,-2.3849061644889527,-1.2718710521699346
EFA007.AG,Spain,Spain_Aritgues_LBA_father.or.son.EFA006.AG,3050.0,0.116537295281887,-1.1447105819984793,-2.3311389337062836,-1.1942243179444183
EFA009.AG,Spain,Spain_Aritgues_LBA.AG,3050.0,0.0733779743313789,-1.1211592129774937,-2.4094752112932536,-1.2834890510762824
EFA010.AG,Spain,Spain_Aritgues_LBA.AG,3050.0,0.2351410686969757,-1.141352051542102,-2.352651999348244,-1.2736885382547027
EFA011.AG,Spain,Spain_Aritgues_LBA.AG,3050.0,0.2980333566665649,-1.1635433214191502,-2.4199701554912374,-1.2583802184077284
LHO001.AG,Spain,Spain_LaHorna_BA_1d.LHO001_brother.LHO002.AG,3461.0,0.6171954274177551,-1.1332259939648435,-2.3805867968607357,-1.2589959494968246
LHO002.AG,Spain,Spain_LaHorna_BA_1d.LHO001.AG,3500.0,0.6327183842658997,-1.0979846373375555,-2.3987265365410066,-1.2690589464001212
LHO003.AG,Spain,Spain_SE_Iberia_BA_Valencian.AG,3524.0,0.5801430940628052,-1.1496451506702683,-2.3998557250055934,-1.2729001322377365
LOT001.AG,Spain,Spain_SE_Iberia_BA_Argar.AG,3849.0,0.0914661884307861,-1.128165278501902,-2.3555097048108973,-1.2243425339160157
MDP001.AG,Spain,Spain_MolinosPapel_Early_Argar_father.or.son.MDP003.AG,4155.0,0.104899950325489,-1.1483735596884301,-2.4063238373758544,-1.2889204707789281
MDP002.AG,Spain,Spain_MolinosPapel_Early_Argar.AG,4050.0,0.3252942264080047,-1.0898055758552159,-2.3722240489171873,-1.2700082802609172
MDP003.AG,Spain,Spain_MolinosPapel_Early_Argar.AG,4040.0,0.1610031723976135,-1.113910520044206,-2.366685245044061,-1.3013214575369407
MIV001.AG,Spain,Spain_NE_Iberia_BA.AG,4050.0,0.1771222203969955,-1.1845170621879846,-2.430144935055984,-1.2668510947539435
MMI004.AG,Spain,Spain_SE_Iberia_BA_Argar.AG,3450.0,0.0617373846471309,-1.2030948091574105,-2.4023919667555833,-1.3077003225472281
VLBA013.AG,Spain,Spain_SW_Iberia_CA.AG,4350.0,0.3178287744522095,-1.1550641561147132,-2.3875856421719974,-1.2387998504823168
VLBA014.AG,Spain,Spain_SW_Iberia_CA.AG,3600.0,0.206819400191307,-1.1582223108853045,-2.3355144296313566,-1.2841355509588581
VLBA015.AG,Spain,Spain_SW_Iberia_CA.AG,4750.0,0.1660201400518417,-1.1116267268182463,-2.380133634064897,-1.267888839545129
VLBA016.AG,Spain,Spain_SW_Iberia_CA.AG,4750.0,0.2959522604942322,-1.1424962679234978,-2.3062833052714673,-1.247899398268292
VLBA017.AG,Spain,Spain_SW_Iberia_CA.AG,4750.0,0.2416568249464035,-1.1364245363258456,-2.406806240180057,-1.2592334878839484
VLBA019.AG,Spain,Spain_SW_Iberia_CA.AG,4750.0,0.2159831225872039,-1.1491041183062323,-2.376371166194685,-1.2895047514584723
VLBA020.AG,Spain,Spain_SW_Iberia_CA.AG,4750.0,0.2284988015890121,-1.1594687993814614,-2.4026502754761743,-1.2910335574125003
VLBA021.AG,Spain,Spain_SW_Iberia_CA.AG,4750.0,0.3861540853977203,-1.1473845072346476,-2.3949357288821984,-1.2739153777822172
VLBA033.AG,Spain,Spain_SW_Iberia_CA.AG,4750.0,0.2889604568481445,-1.1354202888039715,-2.3789441310186183,-1.2648990263810467
PLZ001.AG,Spain,Spain_SE_Iberia_BA_Valencian.AG,4750.0,0.6344580054283142,-1.149738858260118,-2.398373257301089,-1.3009571377944549
PUC001.AG,Spain,Spain_SE_Iberia_BA_Valencian.AG,3741.0,0.6252424120903015,-1.1304540711799829,-2.410857862203554,-1.1926771340958406
PUC002.AG,Spain,Spain_SE_Iberia_BA_Valencian.AG,3610.0,0.6408659219741821,-1.0995771874052163,-2.4194268937675254,-1.2585694325959984
PUC003.AG,Spain,Spain_SE_Iberia_BA_Valencian.AG,3761.0,0.5947601795196533,-1.1377082820936488,-2.4231453817024646,-1.2170550218724923
PUC004.AG,Spain,Spain_SE_Iberia_BA_Valencian.AG,3644.0,0.6014081239700317,-1.1654709823732339,-2.3666292558322044,-1.286312361635096
ZAP002.AG,Spain,Spain_Zapateria_Argar.AG,3825.0,0.5287105441093445,-1.1197527787352175,-2.357923826414211,-1.2154690753167876
BAL051_merged.AG,Spain,Spain_Azilian.AG,13015.0,0.2860999703407287,-1.0858483656891116,-2.261607730275536,-1.1536498832505808
CHA001_merged.AG,Spain,Spain_EN.AG,7127.0,0.2903172969818115,-1.092480773524165,-2.2934271886860658,-1.2722686340066927
CHA002_merged.AG,Spain,Spain_EN.AG,7127.0,0.1231479346752166,-1.0596610249210852,-2.467438941972634,-1.2517021616923536
CHA003_merged.AG,Spain,Spain_EN.AG,7075.0,0.3237678706645965,-1.1690035817032534,-2.3670407370450257,-1.1798241532515112
CHA004.A0102.AG,Spain,Spain_EN.AG,6420.0,0.056718785315752,-1.1175013271012142,-2.352593135793325,-1.2404373943303888
CMS001_merged.AG,Portugal,Portugal_Mesolithic.AG,8067.0,0.1534379571676254,-1.1209020715005353,-1.3465022742680144,-0.5039416025948519
ELT002_merged.AG,Spain,Spain_MLN.AG,5753.0,0.7002683877944946,-1.1313949682663547,-2.362930858014775,-1.241922369767675
ELT006_merged.AG,Spain,Spain_MLN.AG,5809.0,0.6034818887710571,-1.0758753683255446,-2.364662963033558,-1.2588835251228887
FUC003_merged.AG,Spain,Spain_EN.AG,7019.0,0.3758581578731537,-1.1007375963066393,-2.299915119767479,-1.2442742583068662
MLZ005003.AG,Spain,Spain_Solutrean.AG,22889.0,0.1821756958961486,-1.1165049357597412,-2.232350689585342,-1.1852208016290724
AY2001.AG,Russia,Russia_Steppe_Maikop_o2.AG,5397.0,0.7060971856117249,-0.11962134160760952,0.6897694947800966,-0.259386724050304
AY2003.AG,Russia,Russia_Steppe_Maikop.AG,5452.0,0.6479282975196838,-0.13760183657906855,0.6178357960179014,-0.23787137127286567
BU2001.AG,Russia,Russia_North_Caucasus.AG,4675.0,0.2750230431556701,-0.1462249902114631,0.7055890187269477,-0.2741245789190991
GW1001.AG,Russia,Russia_North_Caucasus.AG,4718.0,0.4655555188655853,-0.1552707424466028,0.6738814082652429,-0.24966939883468037
I1722.AG,Russia,Russia_Caucasus_Eneolithic_sibling.I2055_sibling.I2056.AG,6408.0,0.1745261400938034,-0.12258095521776932,0.6752042614542604,-0.24287872998618726
I1723.AG,Russia,Russia_North_Caucasus.AG,4696.0,0.0695840194821357,-0.10002033302687292,0.728854482666434,-0.29366842989838876
I2051.AG,Russia,Russia_Caucasus_LBA_Dolmen.AG,3275.0,0.0781370475888252,-0.11481160338804616,0.7343328365994234,-0.29795189840315023
I2055.AG,Russia,Russia_Caucasus_Eneolithic_sibling.I2056_sibling.I1722.AG,6508.0,0.1705602407455444,-0.1387746218824972,0.6995862427468371,-0.24551338399089379
I2056.AG,Russia,Russia_Caucasus_Eneolithic.AG,6466.0,0.6395228505134583,-0.016532683071260865,0.7277939799044957,-0.2784998939802812
I6266.AG,Russia,Russia_Caucasus_Maikop_Novosvobodnaya.AG,5385.0,0.467408686876297,-0.06571829572996214,0.5803838558631638,-0.21561808797940424
I6267.AG,Russia,Russia_Caucasus_Maikop_Novosvobodnaya.AG,5410.0,0.1731060445308685,-0.1360132719845703,0.7245960217465841,-0.24845811699265005
I6268.AG,Russia,Russia_Caucasus_Maikop_Novosvobodnaya.AG,5550.0,0.3197914361953735,-0.11879312300360603,0.6964310541939852,-0.264709143093464
I6272.AG,Russia,Russia_Caucasus_Maikop_Novosvobodnaya.AG,5040.0,0.4117336869239807,-0.0991693635648295,0.7229869431050261,-0.27155010258005724
IV3002.AG,Russia,Russia_Steppe_Maikop_o.AG,5201.0,0.2156278938055038,-0.13553683574661057,0.7174660259674055,-0.26842269330869123
KBD001.AG,Russia,Russia_North_Caucasus_MBA.AG,4030.0,0.7916420698165894,-0.12965016666042098,0.6888358349829132,-0.28827372569829757
KBD002.AG,Russia,Russia_North_Caucasus_MBA_rel.KBD001.AG,4035.0,0.666257381439209,-0.13017511072524734,0.7127275221472905,-0.2639478491387632
KDC001.AG,Russia,Russia_North_Caucasus_MBA.AG,3838.0,0.6291863918304443,-0.05347642528667337,0.7180210471558248,-0.28084684703807095
KDC002.AG,Russia,Russia_North_Caucasus_MBA.AG,3750.0,0.576695442199707,-0.12012238080289643,0.6883551255707668,-0.25885488774603277
LYG001.AG,Russia,Russia_North_Caucasus.AG,4670.0,0.48764368891716,-0.1743509115028923,0.6921809947712947,-0.2330612378970764
MK3003.AG,Russia,Russia_Steppe_Catacomb.AG,4477.0,0.4052122831344604,-0.0746504892149511,0.6642436104680982,-0.2893765743730115
MK5001.AG,Russia,Russia_Caucasus_LateMaikop_rel.MK5004.AG,5150.0,0.6304143071174622,-0.10545060832590902,0.7040294996377764,-0.2594409192337737
MK5004.AG,Russia,Russia_Caucasus_LateMaikop.AG,5150.0,0.6968742609024048,-0.1604654098700115,0.7140159421083038,-0.27604555018848453
MK5009.AG,Russia,Russia_North_Caucasus.AG,4705.0,0.3822652399539947,-0.13476308067918993,0.714781428590079,-0.2804190791424536
NV3001.AG,Russia,Russia_Steppe_Lola.AG,3945.0,0.6927623748779297,-0.11550483386841495,0.6318193470268915,-0.23105764030407325
OSS001.AG,Russia,Russia_Caucasus_Maikop.AG,5582.0,0.3571065366268158,-0.1181195786112106,0.7322600439732023,-0.27390580137703047
PG2001.AG,Russia,Russia_Steppe_Eneolithic.AG,6850.0,0.7539555430412292,-0.11652912594235103,0.6988020237752532,-0.28840543026835497
PG2002.AG,Russia,Russia_NorthCaucasus_EBA.AG,4361.0,0.2545115053653717,-0.10052895941913825,0.7104914767109168,-0.26012391628514014
PG2004.AG,Russia,Russia_Steppe_Eneolithic.AG,6088.0,0.7433968782424927,-0.21166262730456933,0.6738564135139191,-0.20663629827661154
RK1001.AG,Russia,Russia_Caucasus_EBA_Yamnaya.AG,4717.0,0.5381459593772888,-0.13344989375726715,0.6716831659045365,-0.2427176976713058
RK1003.AG,Russia,Russia_North_Caucasus.AG,4764.0,0.1570145636796951,-0.10461331012449164,0.7034651839688453,-0.2863593183513319
RK1007.AG,Russia,Russia_Caucasus_EBA_Yamnaya.AG,5105.0,0.1697832942008972,-0.15504176048743606,0.697066783358519,-0.24405725441973325
RK4001.AG,Russia,Russia_Steppe_Catacomb.AG,4238.0,0.4798011183738708,-0.14161720785201046,0.678736145828989,-0.24630971472258256
RK4002.AG,Russia,Russia_Steppe_Catacomb.AG,4510.0,0.5510874390602112,-0.13325352569035903,0.6723680598978317,-0.2410635192783937
SA6001.AG,Russia,Russia_Steppe_Maikop.AG,5397.0,0.6465211510658264,-0.15184444006637618,0.6447792458225614,-0.2462749525222774
SA6002.AG,Russia,Russia_LateMaikop.AG,5126.0,0.6306073069572449,-0.07980859179469511,0.7008384244395546,-0.29033775139741547
SA6003.AG,Russia,Russia_Steppe_Catacomb.AG,4318.0,0.3461682796478271,-0.18299922823418258,0.6998006813253527,-0.248339279703129
SA6004.AG,Russia,Russia_Steppe_Maikop.AG,5159.0,0.6668989062309265,-0.16736445244315673,0.7159042302986582,-0.25110794571025485
SA6010.AG,Russia,Russia_EBA_Yamnaya_o.AG,4728.0,0.3303736448287964,-0.10058255231088144,0.7156645796195586,-0.2697932512200965
SA6013.AG,Russia,Russia_Steppe_Maikop_o.AG,5167.0,0.3683132231235504,-0.1275492572617824,0.7182668673802242,-0.26717393244637266
SIJ002.AG,Russia,Russia_LateMaikop_1d.rel.I11132.I11133.AG,5164.0,0.6162457466125488,-0.09084840142730646,0.6913433808436195,-0.2875266708225892
SIJ003.AG,Russia,Russia_LateMaikop_1d.rel.I11131.I11133.AG,5164.0,0.6498203873634338,-0.04204304738122257,0.7011593522096747,-0.2759328365459614
VJ1001.AG,Russia,Russia_Steppe_Eneolithic.AG,6230.0,0.7001288533210754,-0.16732264954205286,0.6980158783018617,-0.2593465295548177
ZO2002.AG,Russia,Russia_Caucasus_EBA_Yamnaya.AG,4850.0,0.4569781422615051,-0.16980554233403167,0.6818719310142097,-0.24402416000870988
UZZ5054.AG,Italy,Italy_Epigravettian.AG,10661.0,0.7056957483291626,-0.24416083643998948,-0.5495152844719576,0.27776606096227036
UZZ4446.AG,Italy,Italy_Epigravettian.AG,8488.0,0.4247432947158813,-0.17555486476026763,-0.6975726736072304,0.3645413859133051
UZZ026.AG,Italy,Italy_Epigravettian.AG,10666.0,0.0599823370575904,-0.1309779972382005,-0.6930819742854483,0.38871165054459467
UZZ033.AG,Italy,Italy_Sicily_N_Stentinello.AG,7245.0,0.3216219246387481,-0.0695188430491564,-0.7290265680584063,0.4124318279519578
UZZ034.AG,Italy,Italy_Sicily_N_Stentinello.AG,7265.0,0.298522412776947,-0.09086979986692946,-0.7012432243246532,0.40871909197268574
UZZ057.AG,Italy,Italy_Sicily_EBA.AG,4043.0,0.1968576163053512,-0.08593136252084092,-0.7199534945296987,0.4156487794504181
UZZ069.AG,Italy,Italy_Epigravettian.AG,8628.0,0.6157518029212952,-0.18318640462795582,-0.6644298625430498,0.38782948493007835
UZZ071.AG,Italy,Italy_Sicily_Mesolithic.AG,7884.0,0.4786770343780517,-0.12400724277812994,-0.6677940412960958,0.37318345564265276
UZZ074.AG,Italy,Italy_Sicily_N_Stentinello.AG,7217.0,0.1633016020059585,-0.05835710663686658,-0.734587734277122,0.41275309808862715
UZZ075.AG,Italy,Italy_Sicily_N_Stentinello.AG,7217.0,0.7498307228088379,-0.028492250520787885,-0.7196709598488557,0.41497807687261873
UZZ077.AG,Italy,Italy_Sicily_EN.AG,7367.0,0.1377276629209518,-0.04545371775553762,-0.6936014986653907,0.3913973315534608
UZZ079.AG,Italy,Italy_Epigravettian.AG,8580.0,0.7696074843406677,-0.08817614828822143,-0.6112967217917871,0.31367765943735915
UZZ080.AG,Italy,Italy_Epigravettian.AG,8580.0,0.8602269291877747,-0.09751229226646478,-0.6399723137968675,0.3539989283658977
UZZ081.AG,Italy,Italy_Epigravettian.AG,8578.0,0.2679152488708496,-0.11493243636131224,-0.7201245774773244,0.4006846268725081
UZZ082.AG,Italy,Italy_Epigravettian.AG,8580.0,0.7593536972999573,-0.14130290042161361,-0.5650735519108276,0.31139804959628636
UZZ088.AG,Italy,Italy_Sicily_Mesolithic.AG,7875.0,0.5324469208717346,-0.12017945203286541,-0.6722396308995219,0.3614704729532919
UZZ096.AG,Italy,Italy_Epigravettian.AG,10250.0,0.0560918673872947,-0.0970104393399342,-0.6603831666717007,0.3496150503031999
MS10614.SG,Spain,Ibiza_Punic.SG,2217.0,0.2916035652160644,-1.0957350284585843,-2.352965075782675,-1.2215476396471636
MOK10B.SG,Serbia,Serbia_Mokrin_EBA_Maros_1d.rel.MOK24A.SG,3900.0,0.6472015976905823,0.2971039975192753,0.11276614237388756,-0.08174782466208065
MOK12.SG,Serbia,Serbia_Mokrin_EBA_Maros.SG,3900.0,0.4960872232913971,0.3097539021309718,0.1248026578249243,-0.07997990947710613
MOK13.SG,Serbia,Serbia_Mokrin_EBA_Maros.SG,3900.0,0.7012131810188293,0.354434459459197,0.11293505848595016,-0.08341136144632935
MOK14.SG,Serbia,Serbia_Mokrin_EBA_Maros_1d.rel.MOK32.SG,3900.0,0.6037876605987549,0.3461035096980976,0.12912119186182824,-0.0928612212324084
MOK15.SG,Serbia,Serbia_Mokrin_EBA_Maros.SG,3900.0,0.7497544884681702,0.30519313011548443,0.13060391505827643,-0.09130823644034393
MOK16A.SG,Serbia,Serbia_Mokrin_EBA_Maros_1d.rel.MOK15.SG,3900.0,0.7399589419364929,0.3480712265758235,0.14160837455122977,-0.07434090996082372
MOK17A.SG,Serbia,Serbia_Mokrin_EBA_Maros_oAegean.SG,3900.0,0.5107083320617676,0.31158309417849117,0.11792855029207448,-0.09518153134204312
MOK18A.SG,Serbia,Serbia_Mokrin_EBA_Maros_1d.rel.MOK12.SG,3900.0,0.2927325069904327,0.3523559932943239,0.1151409947782135,-0.09723717634482062
MOK19A.SG,Serbia,Serbia_Mokrin_EBA_Maros.SG,3900.0,0.6137859225273132,0.3552726457932423,0.14001329529698286,-0.08207854756137421
MOK20.SG,Serbia,Serbia_Mokrin_EBA_Maros.SG,3900.0,0.5274088978767395,0.30205272287170953,0.11030427092002466,-0.07897243360395369
MOK21A.SG,Serbia,Serbia_Mokrin_EBA_Maros.SG,3900.0,0.3478941321372986,0.257060456845785,0.11552647515489813,-0.10897040506021638
MOK22.SG,Serbia,Serbia_Mokrin_EBA_Maros.SG,3900.0,0.5975557565689087,0.3181714126890863,0.13250113831375132,-0.07144689379135412
MOK23.SG,Serbia,Serbia_Mokrin_EBA_Maros_1d.rel.MOK28A.SG,3900.0,0.6207655668258667,0.32047176075292017,0.1524071402422361,-0.09065075032627792
MOK24A.SG,Serbia,Serbia_Mokrin_EBA_Maros.SG,3900.0,0.6785557270050049,0.3398047868011746,0.1306557017597136,-0.09673529977918692
MOK25A.SG,Serbia,Serbia_Mokrin_EBA_Maros.SG,3900.0,0.7247093319892883,0.343259066166978,0.13346049872109472,-0.08680795780249423
MOK26A.SG,Serbia,Serbia_Mokrin_EBA_Maros.SG,3900.0,0.6851047277450562,0.40385300839379024,0.14013208267751986,-0.09293705828675489
MOK27.SG,Serbia,Serbia_Mokrin_EBA_Maros.SG,3900.0,0.515971839427948,0.3591398910748701,0.11920503356723713,-0.08154042943280947
MOK28A.SG,Serbia,Serbia_Mokrin_EBA_Maros.SG,3900.0,0.6716166138648987,0.3273129137633267,0.1275848213903479,-0.07700284026038091
MOK29A.SG,Serbia,Serbia_Mokrin_EBA_Maros.SG,3900.0,0.8093385696411133,0.33940214009585407,0.12875791138500706,-0.0712587036787132
MOK30.SG,Serbia,Serbia_Mokrin_EBA_Maros.SG,3900.0,0.616777777671814,0.33100285722860384,0.13771156823331346,-0.07485157969374165
MOK31.SG,Serbia,Serbia_Mokrin_EBA_Maros_oAegean.SG,3900.0,0.6055256724357605,0.34622734996165866,0.1163864607518085,-0.0641765609954145
MOK32.SG,Serbia,Serbia_Mokrin_EBA_Maros.SG,3900.0,0.6209423542022705,0.32823958518336227,0.1158716323990443,-0.06602162650878009
MOK33.SG,Serbia,Serbia_Mokrin_EBA_Maros.SG,3900.0,0.6439372301101685,0.33592418528565876,0.14876720495960272,-0.08034000715862707
MOK9B.SG,Serbia,Serbia_Mokrin_EBA_Maros.SG,3900.0,0.6486946940422058,0.3248111110727482,0.12099634030074208,-0.08945036071273264
Goyet.SG,Belgium,Goyet_Neanderthal.SG,42436.0,0.8120490312576294,0.14136156865875757,-0.15878840486683296,-0.07403870201663905
Mezmaiskaya2.SG,Russia,Mezmaiskaya2_Neanderthal.SG,43449.0,0.5851941704750061,0.0730979396521273,0.3796900894091478,-0.14759990534481143
Spy.SG,Belgium,Spy_Neanderthal.SG,40922.0,0.3637333810329437,0.14518905161625134,-0.14140482039274796,-0.1185714137171296
VindijaG1.SG,Croatia,VindijaG1_Neanderthal.SG,50000.0,0.4513569474220276,0.6345628815701648,-0.03712241712816144,0.42340731361747797
RISE109.SG,Poland,Poland_EBA_Unetice.SG,3821.0,0.1714604794979095,-0.18600892678176695,1.8832187478244549,-0.5135616746457903
RISE150.SG,Poland,Poland_EBA_Unetice.SG,3744.0,0.5218314528465271,-0.177384657892139,1.874525263003924,-0.5146113569610203
RISE154.SG,Poland,Poland_EBA_Unetice.SG,3786.0,0.1369766592979431,-0.21216781017329808,1.892944167360004,-0.5113234552632457
RISE174.SG,Sweden,Sweden_IA.SG,1405.0,0.5276367664337158,-0.9279560088954293,2.4604089739983017,-0.6077138848500729
RISE175.SG,Sweden,Sweden_BA.SG,3233.0,0.0907678976655006,-0.9294682220403755,2.389257244735258,-0.5935373546792885
RISE240.SG,Russia,Russia_Remontnoye_EBA_Yamnaya.SG,4705.0,0.1753574311733245,-0.09228486671438199,0.6623237049654829,-0.2578370340609392
RISE247.SG,Hungary,Hungary_MBA_Vatya.SG,3607.0,0.1933329105377197,1.6931297747047551,0.0577861193832679,-1.047583669774869
RISE276.SG,Denmark,Denmark_LBA.SG,2612.0,0.0735199078917503,-0.9481750941328639,0.8891839427352681,-0.15966551330847592
RISE373.SG,Hungary,Hungary_Maros_EBA.SG,3751.0,0.2080772817134857,1.613556496035841,0.09708927529846216,-0.9997795373621895
RISE374.SG,Hungary,Hungary_Maros_EBA.SG,3643.0,0.1120961382985115,1.5814781314252713,0.14237919413880148,-0.9872533680064499
RISE431.SG,Poland,Poland_CordedWare_ProtoUnetice.SG,4125.0,0.0918944105505943,-0.1690731033531649,1.8887259382234103,-0.48560737368313805
RISE434.SG,Germany,Germany_CordedWare.SG,4703.0,0.0881750658154487,-0.27383124725663716,-0.1571157065807426,0.7556541296967554
RISE446.SG,Germany,Germany_CordedWare.SG,4486.0,0.1494112461805343,-0.4010117949561519,-0.19601691404412525,0.7854947948693127
RISE471.SG,Germany,Germany_BA.SG,3543.0,0.0882204845547676,-0.3288654921216369,-0.19349642644187187,0.6774740480469335
RISE479.SG,Hungary,Hungary_MBA_Vatya_o2.SG,3700.0,0.7161708474159241,1.608411291486396,0.04039247554451386,-1.0244605660093682
RISE47.SG,Denmark,Denmark_BA.SG,3380.0,0.0806220173835754,-0.9256127088978701,0.8738889409294109,-0.15003618913465802
RISE480.SG,Hungary,Hungary_MBA_Vatya.SG,3550.0,0.1274658143520355,1.658071360882366,0.14241506268232157,-1.0341244075936402
RISE483.SG,Hungary,Hungary_MBA_Vatya.SG,3700.0,0.1031951829791069,1.6729778009690062,0.0820376998782253,-1.0646566259806205
RISE484.SG,Hungary,Hungary_MBA_Vatya.SG,3700.0,0.128246009349823,1.6641066422691657,0.07019450290343518,-1.0719840560577463
RISE486.SG,Italy,Italy_North_Remedello_EBA.SG,3902.0,0.1530105471611023,-0.030682510943410273,-0.7215704419749808,0.41505376925419635
RISE487.SG,Italy,Italy_North_Remedello_C.SG,5207.0,0.1838261187076568,-0.06526553471641439,-0.7098063388271648,0.41377792021308824
RISE489.SG,Italy,Italy_North_Remedello_C.SG,4702.0,0.3873438537120819,-0.08975768788376537,-0.7049457145557745,0.3845706455173647
RISE546.SG,Russia,Russia_Remontnoye_EBA_Yamnaya.SG,4700.0,0.1382215768098831,-0.07957504965969527,0.7099889877522608,-0.3168382401673105
RISE547.SG,Russia,Russia_Remontnoye_EBA_Yamnaya.SG,4713.0,0.5122087001800537,-0.12067361018390435,0.6982898496093299,-0.27216962594617106
RISE548.SG,Russia,Russia_BA_Steppe_NorthCaucasus.SG,4600.0,0.596916675567627,-0.14193006340714018,0.7103196406770996,-0.2689039187657732
RISE550.SG,Russia,Russia_Kalmykia_EBA_Yamnaya.SG,4916.0,0.3837250769138336,-0.14670739923708584,0.6466950073002798,-0.2301741527478079
RISE552.SG,Russia,Russia_Kalmykia_EBA_Yamnaya.SG,4382.0,0.7816981673240662,-0.1097615058093348,0.6625754944145399,-0.24419846837570752
RISE555.SG,Russia,Russia_EBA_o1.SG,4598.0,0.1767337471246719,-0.12982906489717697,0.7053343345589397,-0.2886264627153407
RISE559.SG,Germany,Germany_Lech_BellBeaker_oEEF.SG,4278.0,0.1086330786347389,-0.36739851689818903,-0.13255076919359415,0.7941771997742921
RISE562.SG,Germany,Germany_BellBeaker.SG,4267.0,0.0518923960626125,-0.27048658062049463,-0.14275457064505923,0.8338735633103659
RISE563.SG,Germany,Germany_BellBeaker.SG,4411.0,0.1871951073408126,-0.39401374254009275,-0.16518066356782735,0.7597468554642038
RISE566.SG,Czechia,Czechia_BellBeaker.SG,4089.0,0.0941011980175972,-0.3914073614067042,0.017075783823747435,0.18436942702051679
RISE568.SG,Czechia,Czechia_EarlyMedieval_EarlySlav.SG,1250.0,0.0501754656434059,-0.3551434318581577,0.06550810828904143,0.20779996595890976
RISE569.SG,Czechia,Czechia_EarlyMedieval_EarlySlav.SG,1229.0,0.5822939276695251,-0.35160977852707337,0.09738497940781954,0.2244213012292721
RISE577.SG,Czechia,Czechia_EBA_Starounetice.SG,4150.0,0.5901795029640198,-0.3833301111257518,0.13439270824012028,0.19932279986182264
RISE586.SG,Czechia,Czechia_EBA_Unetice_oEEF.SG,4250.0,0.1489927470684051,-0.39701626184687805,0.08153476850785701,0.1790957901208386
RISE61.SG,Denmark,Denmark_MN_B.SG,4569.0,0.1887255012989044,-0.8607439781805291,0.8580222704856689,-0.15044598169803744
RISE71.SG,Denmark,Denmark_LN.SG,4040.0,0.1567615270614624,-0.8993321211768248,0.8827817616918514,-0.1547327938417821
RISE94.SG,Sweden,Sweden_BattleAxe.SG,4487.0,0.4956533312797546,-0.9143982440032206,2.3989489506659325,-0.5903736250087633
RISE97.SG,Sweden,Sweden_LN.SG,3895.0,0.4611549079418182,-0.9141093317837937,2.449161898766351,-0.5711271263508186
RISE98.SG,Sweden,Sweden_LN.SG,4082.0,0.9108793139457704,-0.886368791933027,2.4740809692228876,-0.6675125030839271
Klei10.SG,Greece,Greece_North_N.SG,6348.0,0.850523054599762,1.8856594331462821,-0.4569087955492717,2.1427177646325
Pal7.SG,Greece,Greece_North_N.SG,6348.0,0.6846099495887756,1.9240499150646344,-0.47969302985207773,2.191599912915232
Rev5.SG,Greece,Greece_North_N.SG,8316.0,0.6169334650039673,1.844150091129697,-0.4539514117896513,2.141708514351602
BR1.SG,Hungary,Hungary_EBA_Mako.SG,4026.0,0.4820646643638611,1.6652082234606722,0.023037760848998036,-1.0601612200276467
BR2.SG,Hungary,Hungary_LBA_EIA_Piliny_Kyjatice.SG,2858.0,0.9993438720703124,1.6305447908611381,0.14369685346760047,-1.0157085787931845
CO1.SG,Hungary,Hungary_Baden_LateCA.SG,5019.0,0.5935046672821045,1.7695077647892676,0.09576538883268025,-1.0734306698373568
IR1.SG,Hungary,Hungary_LBA_EIA_Piliny_Kyjatice.SG,2849.0,0.652025580406189,1.702952322380364,0.07501744742206562,-0.9569230555680154
KO1.SG,Hungary,Hungary_EN_Koros_oMesolithic.SG,7661.0,0.657396137714386,1.4451297875522524,0.05213252693957225,-0.9668761072596708
KO2.SG,Hungary,Hungary_EN_Koros_o.SG,7591.0,0.081675536930561,1.68673433582869,-0.018517342078468797,-1.012568486739211
NE1.SG,Hungary,Hungary_MN_AVK.SG,7146.0,0.9747301936149596,1.6460896715631974,0.059868464781498605,-1.0728610183026464
NE2.SG,Hungary,Hungary_MN_AVK.SG,7094.0,0.1419960707426071,1.6435508508000098,0.1325063334087526,-0.9833719308519234
NE3.SG,Hungary,Hungary_MN_AVK_Bukk.SG,7077.0,0.0803916901350021,1.6908712886297617,0.11774616628781856,-1.026710366944665
NE4.SG,Hungary,Hungary_MN_AVK.SG,7057.0,0.0703390836715698,1.6607069060377782,0.07976616954222572,-1.001167476269315
NE5.SG,Hungary,Hungary_MN_AVK.SG,7058.0,0.5585504770278931,1.6372525683918857,0.12206188832986369,-1.0127966083338273
NE6.SG,Hungary,Hungary_MN_LBK.SG,7040.0,0.6352406740188599,1.6462930565568041,0.05595272761428674,-0.9911951851418997
NE7.SG,Hungary,Hungary_LN_Lengyel.SG,6367.0,0.614713728427887,1.7448096682125456,0.09822643699008897,-1.0565051276749466
ATP9.SG,Spain,Spain_BA.SG,3628.0,0.320086658000946,-1.1227684613750724,-2.309715867931801,-1.2350037577782893
CB13.SG,Spain,Spain_EN.SG,7345.0,0.5996814370155334,-1.1051062347101366,-2.3387421469837353,-1.2439396627758823
bally.SG,Ireland,Ireland_N.SG,5131.0,0.9744722843170166,-1.593827165699725,-0.06123755988445357,0.5704097295483491
rath1.SG,Ireland,Ireland_EBA.SG,3897.0,0.9989140629768372,-1.6325546049650248,-0.05416184923644101,0.5847169186382697
rath2.SG,Ireland,Ireland_EBA.SG,3819.0,0.7782967686653137,-1.5656737567429897,-0.045810395922068696,0.5583598204408292
rath3.SG,Ireland,Ireland_EBA.SG,3580.0,0.544479250907898,-1.5862677682177602,-0.03927676801200938,0.5612147002676818
ANI160.AG,Bulgaria,Bulgaria_Varna_Chalcolithic.AG,6533.0,0.0534990318119525,1.3240831749944875,-0.3078654303545833,0.31083722337850533
ANI163.AG,Bulgaria,Bulgaria_Varna_Chalcolithic_contam.AG,6569.0,0.3547529578208923,1.3095313167862945,-0.316068940082086,0.3281227134884223
Bul10.AG,Bulgaria,Bulgaria_Sabrano_EBA.AG,4951.0,0.0576660595834255,1.3727592732016012,-0.3147503504971942,0.3333349256818267
Bul4.AG,Bulgaria,Bulgaria_EBA_Yamnaya_o.AG,4895.0,0.3177500963211059,1.3035167292133392,-0.3077347539132637,0.3265918047317023
Bul6.AG,Bulgaria,Bulgaria_BeliBreyag_EBA.AG,4450.0,0.3150891363620758,1.281183899617485,-0.30548745666621235,0.3235408724048332
ANI159-ANI181.AG,Bulgaria,Bulgaria_Varna_Chalcolithic.AG,6566.0,0.3575728833675384,1.292941106660857,-0.3182335831921471,0.324744565691602
Bon001.WGC.SG,Turkey,Turkey_Central_Boncuklu_PPN.WGC.SG,10032.0,0.0619328431785106,1.4421598453211786,-0.5622457212478142,0.9208977770125788
Bon002.WGC.SG,Turkey,Turkey_Central_Boncuklu_PPN.WGC.SG,10078.0,0.8897724747657776,1.4345607354593688,-0.5935442223548614,0.9295229805240969
Bon004.WGC.SG,Turkey,Turkey_Central_Boncuklu_PPN.WGC.SG,10075.0,0.0895100086927414,1.47185894980471,-0.5995853469802105,0.9646771638233154
Tep002.WGC.SG,Turkey,Turkey_Central_TepecikCiftlik_N.WGC.SG,8487.0,0.233908325433731,1.4421826676973868,-0.5779609359410025,0.922986943858901
Tep003.WGC.SG,Turkey,Turkey_Central_TepecikCiftlik_N.WGC.SG,8419.0,0.3959349989891052,1.4286075124317978,-0.5966527277146267,0.9316137886858196
Tep004.WGC.SG,Turkey,Turkey_Central_TepecikCiftlik_N.WGC.SG,8237.0,0.2120050638914108,1.445546810041783,-0.6052392623487862,0.9643310320998347
Tep006.WGC.SG,Turkey,Turkey_Central_TepecikCiftlik_N_father.or.son.Tep004.WGC.SG,8099.0,0.0875708535313606,1.4718552140296672,-0.617149327017262,0.9660566965148452
Kostenki14.SG,Russia,Russia_Kostenki14_UP.SG,38052.0,0.8996003866195679,-0.037421694532786855,0.5423063690712353,-0.298788919100938
I0017.SG,Sweden,Sweden_Mesolithic_HG.SG,7624.0,0.8747904300689697,-0.8987272268903842,2.4109212751371665,-0.563080610468707
3DT16.SG,UnitedKingdom,England_IA_Roman.SG,1750.0,0.4796591699123382,-1.4925599475116202,0.0883367480002046,0.576137310594209
3DT26.SG,UnitedKingdom,England_IA_Roman_oMiddleEast.SG,1750.0,0.6500418186187744,-1.286151562095174,0.0006153655870658442,0.6235719754699695
6DT18.SG,UnitedKingdom,England_IA_Roman.SG,1750.0,0.6572380065917969,-1.548656977458934,0.11543209009319619,0.5074082351713767
6DT21.SG,UnitedKingdom,England_IA_Roman.SG,1750.0,0.6812807321548462,-1.3917840169323734,0.18734708967674996,0.6601271710389707
6DT22.SG,UnitedKingdom,England_IA_Roman.SG,1750.0,0.669748842716217,-1.4800835342556313,0.16337629989904942,0.5822004611723327
6DT23.SG,UnitedKingdom,England_IA_Roman.SG,1750.0,0.4697582125663757,-1.5267621240583347,0.1185713396954161,0.5498288672955199
6DT3.SG,UnitedKingdom,England_IA_Roman.SG,1750.0,0.8035900592803955,-1.4496081962944745,0.19559247956537965,0.5419051556425326
M1489.SG,UnitedKingdom,England_IA_o.SG,2035.0,0.3924581408500671,-1.4857266429724363,0.1401326943535823,0.5416795347075324
NO3423.SG,UnitedKingdom,England_EarlyMedieval_Saxon.SG,1200.0,0.6338481307029724,-1.5040815118881514,0.20559644789627463,0.5534061107577153
I0156.SG,UnitedKingdom,England_IA_ERoman.SG,1981.0,0.5760758519172668,-1.5740597299963723,0.10400531086601836,0.5283046950186621
I0157.SG,UnitedKingdom,England_EarlyMedieval_Saxon.SG,1227.0,0.918995201587677,-1.4669119963611132,0.11243199809112812,0.625368564943383
I0159.SG,UnitedKingdom,England_EarlyMedieval_Saxon.SG,1234.0,0.9042118787765504,-1.4650959067349716,0.09978684422847252,0.6088331806286962
I0160.SG,UnitedKingdom,England_IA.SG,1973.0,0.9907737970352172,-1.5157980718514599,0.07409273810768886,0.6445792448868864
I0161.SG,UnitedKingdom,England_EarlyMedieval_Saxon.SG,1157.0,0.5225241184234619,-1.4988865935124251,0.04991342231278076,0.4747571256357954
I0769.SG,UnitedKingdom,England_EarlyMedieval_Saxon.SG,1449.0,0.8054926991462708,-1.48523930442914,0.11488068113635692,0.5886083528521465
I0773.SG,UnitedKingdom,England_EarlyMedieval_Saxon.SG,1479.0,0.7177605032920837,-1.4645852882444768,0.23304529384933734,0.561029716983035
I0774.SG,UnitedKingdom,England_EarlyMedieval_Saxon.SG,1469.0,0.9587879180908204,-1.530477033132802,0.15798838112282515,0.6014060295443635
I0777.SG,UnitedKingdom,England_EarlyMedieval_Saxon.SG,1465.0,0.9546266198158264,-1.508833116392272,0.14561237578171332,0.5604337120689057
I0789.SG,UnitedKingdom,England_IA.SG,2163.0,0.5238565802574158,-1.4472571321657657,0.08817383959552863,0.5971710754059228
Ajvide52.SG,Sweden,Sweden_PWC.SG,4700.0,0.0539994314312934,-0.8960749224148685,2.4504323381256636,-0.5761967491429165
Ajvide58.SG,Sweden,Sweden_PWC.SG,4700.0,0.8420600891113281,-0.8887145123264945,2.4498708015220294,-0.5788991046953293
Ajvide70.SG,Sweden,Sweden_PWC.SG,4700.0,0.0981530621647834,-0.9295888800680214,2.410817740655412,-0.5924149106067204
Gokhem2.SG,Sweden,Sweden_MN_TRB.SG,4928.0,0.5848178267478943,-0.9273604571784725,2.4498572112029926,-0.6003006172302308
StoraForvar11.SG,Sweden,Sweden_Mesolithic.SG,7365.0,0.0723058059811592,-0.8945521505619474,2.401173512867933,-0.547818777252074
EHU001.AG,Spain,Spain_C_oSteppe.AG,4367.0,0.4527932703495025,-1.164879151585076,-2.4032637463070445,-1.2964627804653373
VAD001.AG,Spain,Spain_EBA.AG,3641.0,0.4527932703495025,-1.1346906281928857,-2.4047410942509573,-1.27443784507169
VAD002.AG,Spain,Spain_EBA.AG,3650.0,0.4527932703495025,-1.1481327809724444,-2.3944405576042382,-1.3020661838818786
VAD003.AG,Spain,Spain_EBA.AG,3650.0,0.4527932703495025,-1.173856749136517,-2.3859059064036723,-1.3032373823893442
VAD004.AG,Spain,Spain_EBA.AG,3650.0,0.4527932703495025,-1.1023019806107786,-2.423837946933996,-1.2882275351865167
VAD005.AG,Spain,Spain_EBA_oSteppe.AG,3590.0,0.4527932703495025,-1.1390812582607168,-2.386234712489717,-1.286587427471164
I10372.AG,Italy,Italy_Sicily_LBA.AG,3198.0,0.6647383570671082,-0.05410920671494125,-0.6567658526858251,0.3413837898542805
I10373.AG,Italy,Italy_Sicily_LBA_son.I3878.AG,3200.0,0.644402801990509,-0.06741040681867887,-0.7321408801586482,0.4640162304379308
I4064.AG,Italy,Italy_Sicily_MN.AG,6718.0,0.6669248342514038,-0.04192266415222887,-0.6887704539108649,0.4053125883614728
I10379.AG,NorthMacedonia,NorthMacedonia_IA.AG,2591.0,0.6499777436256409,1.3458491925413822,-0.6631667245184126,1.3671177803339287
I10381.AG,NorthMacedonia,NorthMacedonia_IA.AG,2586.0,0.221910074353218,1.3512601325220202,-0.666801929090211,1.3688983235394039
I10382.AG,NorthMacedonia,NorthMacedonia_IA.AG,2550.0,0.0755515173077583,1.3646606972375406,-0.6728238192758497,1.4203066761963703
I10383.AG,NorthMacedonia,NorthMacedonia_IA.AG,2607.0,0.6638267636299133,1.3745765861512798,-0.6786714946224794,1.4130385302078912
I10384.AG,NorthMacedonia,NorthMacedonia_IA.AG,2550.0,0.6533921360969543,1.3444849237173522,-0.6619481529309952,1.3558572333158265
I10385.AG,NorthMacedonia,NorthMacedonia_IA.AG,2591.0,0.6816959977149963,1.3553365129895318,-0.6625532593005268,1.3903395978805888
I10387.AG,NorthMacedonia,NorthMacedonia_IA.AG,2550.0,0.4395841658115387,1.3560826953590606,-0.6731923975671996,1.3722295198717451
I10388.AG,NorthMacedonia,NorthMacedonia_IA.AG,2658.0,0.6719458699226379,1.353057824171723,-0.6642865368125763,1.3611116866055566
I10389.AG,NorthMacedonia,NorthMacedonia_IA.AG,2550.0,0.1570097059011459,1.3394412311964996,-0.6640824260342496,1.3608929828986815
I10390.AG,NorthMacedonia,NorthMacedonia_Classical_Hellenistic.AG,2343.0,0.6768890619277954,1.350878861406034,-0.6564525945318173,1.3448379556880576
I10391.AG,NorthMacedonia,NorthMacedonia_Classical_Hellenistic.AG,2250.0,0.6530093550682068,1.3561241606472747,-0.6748854048813829,1.4044741387947146
I10392.AG,NorthMacedonia,NorthMacedonia_Classical_Hellenistic_o.AG,2250.0,0.6682573556900024,1.3431831679610204,-0.6613521071887682,1.3516732552076678
I10412.AG,Moldova,Moldova_MBA_MultiCordonedWare.AG,3900.0,0.605865478515625,0.6538624448086325,0.4724579115910212,-0.5691435999779886
I10420.AG,Moldova,Moldova_BA.AG,3950.0,0.635152280330658,0.6358669606723802,0.45676685538891587,-0.5788411030480288
I10421.AG,Moldova,Moldova_BA.AG,3950.0,0.3554131090641022,0.682107661212234,0.4624045092013684,-0.5870623485707785
I10430.AG,Turkey,Turkey_Marmara_Ilipinar_Byzantine3.AG,1218.0,0.6717317700386047,1.3980845223933032,-0.587226542771225,0.9307329904495706
I10436.AG,Moldova,Moldova_MBA_MultiCordonedWare.AG,3860.0,0.6460986137390137,0.6371388051900626,0.45814459383628886,-0.5575554489145614
I10438.AG,Moldova,Moldova_LBA_Sabatinovka.AG,3450.0,0.2660239636898041,0.6450949004947876,0.4716553372185009,-0.5729736140582148
I10479.AG,Romania,Romania_BA_Arman.AG,3932.0,0.4478452503681183,1.256030821259316,0.42682209400232046,-0.007856891152037051
I10480.AG,Romania,Romania_BA_Arman.AG,3931.0,0.5364631414413452,1.2667798513702941,0.45826989738845175,-0.0173900055925026
I10481.AG,Romania,Romania_BA_Arman.AG,3950.0,0.123988963663578,1.3027095510326119,0.39817242891964133,-0.019213546121789774
I10483.AG,Romania,Romania_BA_Arman.AG,3950.0,0.3216559886932373,1.2794241357336034,0.4241177092754549,0.000980304056329231
I10494.AG,Romania,Romania_BA_1.AG,4914.0,0.6026562452316284,1.270572055003476,0.43123225847579766,-0.005272663643965154
I10495.AG,Romania,Romania_Medieval.AG,943.0,0.6767544150352478,1.3116669026340044,0.4305657414735105,-0.015584443396549004
I10542.AG,Turkey,Turkey_Marmara_Ilipinar_Chalcolithic.AG,5461.0,0.6766773462295532,1.4383783486236519,-0.6115476471645843,0.9537358797639697
I10545.AG,Turkey,Turkey_Marmara_Ilipinar_Chalcolithic.AG,6450.0,0.5617613196372986,1.4334541194950576,-0.6676315961933753,0.9811522559231846
I10546.AG,Turkey,Turkey_Marmara_Ilipinar_Byzantine2.AG,1250.0,0.446342408657074,1.4319587581466018,-0.6267214836983263,0.9761394631764451
I10547.AG,Turkey,Turkey_Marmara_Ilipinar_Chalcolithic.AG,6450.0,0.3819059431552887,1.4762124844047013,-0.650192527967097,0.935576182652291
I10548.AG,Bulgaria,Bulgaria_Medieval.AG,825.0,0.7001004815101624,1.3614359414278197,-0.30089229952150237,0.3453554234615229
I10552.AG,Italy,Italy_Sardinia_LBA.AG,3234.0,0.7102877497673035,-0.14991904637423692,-0.7541862889964079,0.3471680844710677
I10553.AG,Italy,Italy_Sardinia_LBA.AG,3110.0,0.6872514486312866,-0.08278492908962297,-0.7380849606294123,0.3823124264364532
I10554.AG,Italy,Italy_Sardinia_LBA.AG,3122.0,0.6772158741950989,-0.097779911573956,-0.7182818184534381,0.40572810544836774
I10558.AG,Romania,Romania_BA_Arman.AG,3958.0,0.6281507015228271,1.2680987438409241,0.4357951421830198,0.004494925646329447
I10559.AG,Romania,Romania_BA_Arman_o.AG,3950.0,0.0866738632321357,1.2554303823032797,0.4237202345530789,-0.0102383715057504
I10561.AG,Romania,Romania_BA_Arman.AG,3888.0,0.0569515489041805,1.2921643519775907,0.4187939334262293,0.014818886069281736
I10562.AG,Romania,Romania_BA_Arman.AG,3950.0,0.2429698705673217,1.2847683808319956,0.43303347524959246,0.008039860724113466
I10768.AG,Israel,Israel_MLBA.AG,3500.0,0.3117225766181946,1.4390759743206734,-1.0314826514560622,1.9158156313753198
I10769.AG,Israel,Israel_MLBA_brother.I10770.AG,3450.0,0.6128581166267395,1.4344562996361065,-1.0134744206002744,1.8914854124568814
I10770.AG,Israel,Israel_MLBA.AG,3450.0,0.6182100176811218,1.4298501164997495,-1.0033823758288976,1.8848100653371802
I10771.AG,Israel,Israel_MLBA.AG,3550.0,0.3934962451457977,1.436928877674464,-0.9969816833822436,1.8690819142512933
I10852.AG,Spain,Spain_Medieval.AG,908.0,0.2646127939224243,-1.1240820416489756,-2.3671075270808832,-1.2450087846700035
I10853.AG,Spain,Spain_Medieval.AG,876.0,0.2145111262798309,-1.0962666582309222,-2.36851437014937,-1.2276636231736673
I10866.AG,Spain,Spain_Roman_oMixed.AG,1947.0,0.6827065348625183,-1.1306162669888313,-2.3537041434885757,-1.2470155423878442
I10892.AG,Spain,Spain_Medieval.AG,950.0,0.4729025661945343,-1.1422346661657203,-2.4077607273714823,-1.2865958081966486
I10895.AG,Spain,Spain_Medieval.AG,1038.0,0.5365020632743835,-1.113896375435387,-2.3798478639643776,-1.2365078278311357
I10897.AG,Spain,Spain_Medieval.AG,828.0,0.1005739569664001,-1.0394503428356228,-2.357370125910482,-1.2247295080949054
I10899.AG,Spain,Spain_Cariguela_UP.AG,24450.0,0.4011312127113342,-1.0916627680589344,-2.2585958991990727,-1.1809028667032626
I11033.AG,UnitedKingdom,England_EastYorkshire_EIA_MIA.AG,2421.0,0.6856366991996765,-1.5528444992033807,0.07563233386900832,0.5900320618113315
I11034.AG,UnitedKingdom,England_EastYorkshire_MIA_LIA.AG,2175.0,0.6658226847648621,-1.53944725764453,0.05637748266160338,0.5416783788703575
I11094.AG,Israel,Israel_Medieval_oNAfrica_sister.I11095.AG,400.0,0.3188660740852356,1.427139116589267,-1.017984332383777,1.8940958084352384
I11095.AG,Israel,Israel_Medieval_oNAfrica.AG,400.0,0.5917285680770874,1.4059455384851132,-1.0234464664553424,1.8650311264475514
I11134.AG,Bulgaria,Bulgaria_N.AG,7725.0,0.6257833242416382,1.285900390498547,-0.3061027589443656,0.2977467925209546
I11135.AG,Bulgaria,Bulgaria_N.AG,7725.0,0.6526808738708496,1.305121143293717,-0.3097626222659049,0.30654962113900236
I11142.AG,UnitedKingdom,England_LIA.AG,2067.0,0.6455641388893127,-1.4939370550543678,0.060333467292879424,0.5403684881825569
I11143.AG,UnitedKingdom,England_MIA_LIA.AG,2145.0,0.6490191221237183,-1.468171232051301,0.1393274556851866,0.7467752577857755
I11144.AG,UnitedKingdom,England_LIA.AG,1976.0,0.6724519729614258,-1.418775493554177,0.03298768751816086,0.7689070419546196
I11145.AG,UnitedKingdom,England_LIA.AG,2022.0,0.6769936680793762,-1.5700501825355109,0.1525999341737537,0.5275840694683833
I11146.AG,UnitedKingdom,England_MIA.AG,2250.0,0.1367000937461853,-1.4936573428684852,0.11133449007975547,0.6286169373477163
I11147.AG,UnitedKingdom,England_MIA.AG,2241.0,0.6702581644058228,-1.5047396274642657,0.20581593749933627,0.46754412987935967
I11148.AG,UnitedKingdom,England_MIA.AG,2292.0,0.6659224033355713,-1.5720079109307459,0.10015445168216702,0.512439366112828
I11149.AG,UnitedKingdom,England_EIA.AG,2443.0,0.6605615615844727,-1.4754548395065765,0.08252348917194777,0.6625238415584096
I11150.AG,UnitedKingdom,England_MIA.AG,2227.0,0.6670675873756409,-1.5138420447928969,0.07447045578719233,0.5453399818875273
I11151.AG,UnitedKingdom,England_MIA.AG,2227.0,0.662316620349884,-1.5162938076412662,0.10259945876153538,0.6513160132541153
I11152.AG,UnitedKingdom,England_MIA_LIA.AG,2179.0,0.6742029190063477,-1.468277335495097,0.053917301226855535,0.6052916340623077
I11153.AG,UnitedKingdom,England_MIA.AG,2285.0,0.6838711500167847,-1.4997050400414011,-0.01622269811626379,0.5937027091921374
I11154.AG,UnitedKingdom,England_EIA.AG,2469.0,0.6561325788497925,-1.5910672939297157,0.09065895415756076,0.4056524705390035
I11156.AG,UnitedKingdom,England_MIA.AG,2229.0,0.6763667464256287,-1.5782771521799341,0.08586903250039944,0.5793044907871514
I11248.AG,Spain,Spain_MLN.AG,5050.0,0.7016316652297974,-1.1414592552010905,-2.372799461614547,-1.2688552936801554
I11249.AG,Spain,Spain_MLN.AG,5050.0,0.6153982281684875,-1.1060685126093863,-2.3547453437428105,-1.2753392925919398
I11270.AG,Bulgaria,Bulgaria_N.AG,7725.0,0.2796434462070465,1.3018537991135581,-0.3069826211880002,0.3146833770050163
I11300.AG,Spain,Spain_MLN.AG,5050.0,0.0554041191935539,-1.1241814465426498,-2.358696343454423,-1.2684230239072833
I11301.AG,Spain,Spain_MLN.AG,5050.0,0.4488192796707153,-1.1510684153558304,-2.373334783635698,-1.2532011529117542
I11303.AG,Spain,Spain_MLN.AG,4900.0,0.0618955343961715,-1.1399806438308373,-2.395223159550962,-1.264411933249353
I11304.AG,Spain,Spain_MLN.AG,4900.0,0.0592045672237873,-1.155360711099254,-2.3572658664267667,-1.2385822879112407
I11305.AG,Spain,Spain_MLN.AG,4900.0,0.4225202798843384,-1.0961416818633172,-2.415604739994597,-1.2724430967091314
I11306.AG,Spain,Spain_MLN.AG,4900.0,0.367936909198761,-1.13579235164093,-2.3776176304919616,-1.2639790024284012
I11567.AG,UnitedKingdom,England_EarlyMedieval.AG,1294.0,0.0760324522852897,-1.487875992614563,0.07792262956100722,0.6174553069115359
I11569.AG,UnitedKingdom,England_EarlyMedieval.AG,1350.0,0.2275174707174301,-1.5331453402375166,0.10494734918907206,0.6197359654090049
I11571.AG,UnitedKingdom,England_EarlyMedieval.AG,1350.0,0.2172475010156631,-1.5002275992055685,0.15848171877359246,0.636518600378981
I11574.AG,UnitedKingdom,England_EarlyMedieval.AG,1321.0,0.0606944113969802,-1.5043364619597637,0.15966187730447087,0.5922644281497571
I11576.AG,UnitedKingdom,England_EarlyMedieval.AG,1326.0,0.0790640488266944,-1.5542601753216836,0.07431891223142613,0.5953740024729509
I11577.AG,UnitedKingdom,England_EarlyMedieval.AG,1350.0,0.0711679458618164,-1.497469711196026,0.08647263245774718,0.6619563537751858
I11579.AG,UnitedKingdom,England_EarlyMedieval.AG,1436.0,0.2530605792999267,-1.5167308814289688,0.1239569819142149,0.6001101782120846
I11581.AG,UnitedKingdom,England_EarlyMedieval.AG,1350.0,0.1712090671062469,-1.486596538667221,0.10072104823573591,0.5619538163456881
I11583.AG,UnitedKingdom,England_EarlyMedieval_Saxon.AG,1450.0,0.3735629618167877,-1.5250794220004102,0.0674134395572483,0.6425774772272035
I11584.AG,UnitedKingdom,England_EarlyMedieval_Saxon.AG,1450.0,0.2909231185913086,-1.457835242107188,0.1454584738940769,0.6072049996089568
I11585.AG,UnitedKingdom,England_EarlyMedieval_Saxon.AG,1450.0,0.4409718215465545,-1.5277120326935774,0.08253024430005276,0.6322129531979509
I11586.AG,UnitedKingdom,England_EarlyMedieval_Saxon.AG,1450.0,0.4072106182575226,-1.5487369539792677,0.13691461581876022,0.5589246478790673
I11587.AG,UnitedKingdom,England_EarlyMedieval_Saxon.AG,1450.0,0.5180788636207581,-1.4671778288637314,0.047149085296131384,0.5575299704067224
I11588.AG,UnitedKingdom,England_EarlyMedieval_Saxon.AG,1450.0,0.190557599067688,-1.4893413705105107,0.1082857260669154,0.6386436193086763
I11589.AG,UnitedKingdom,England_EarlyMedieval_Saxon.AG,1450.0,0.5913092494010925,-1.543942192457375,0.020561267736392972,0.6352927967283953
I11590.AG,UnitedKingdom,England_EarlyMedieval_Saxon.AG,1450.0,0.5150237679481506,-1.5820366807684476,0.06183013667729026,0.5696891359863578
I11592.AG,Portugal,Portugal_C.AG,4650.0,0.4991317987442016,-1.1447633483574782,-1.3837911618768697,-0.48586326790628315
I11599.AG,Portugal,Portugal_C.AG,5050.0,0.3776456415653229,-1.1295148953242369,-1.3742156877022287,-0.482966014630898
I11601.AG,Portugal,Portugal_C.AG,5050.0,0.1237926930189132,-1.1540844175030085,-1.382938850903099,-0.47799037343612816
I11604.AG,Portugal,Portugal_LN_Megalithic.AG,4725.0,0.0525379702448844,-1.1176097404661833,-1.3703172590168973,-0.4821983810257226
I11605.AG,Portugal,Portugal_LN_Megalithic_father.or.son.I32555.AG,4725.0,0.4493788778781891,-1.1595356983848764,-1.3593525994967377,-0.5005262293219526
I11614.AG,Portugal,Portugal_C.AG,4650.0,0.505146324634552,-1.1190878705582472,-1.3620118562321875,-0.49997882393127463
I11629.AG,Netherlands,Netherlands_MBA_LBA.AG,3200.0,0.2350105047225952,-1.265572651577378,0.13852319544587466,-0.21810452177132242
I11699.AG,Austria,Austria_IA_LaTene.AG,2300.0,0.722650945186615,0.6215393801231813,-0.6718917670819795,-0.14284598710504046
I11701.AG,Austria,Austria_IA_LaTene.AG,2300.0,0.7343264222145081,0.6037542519347527,-0.6630645872782991,-0.1555772649349667
I11708.AG,Austria,Austria_IA_LaTene.AG,2300.0,0.6878297328948975,0.6181273713769176,-0.642971132523305,-0.17652765385328922
I11710.AG,Slovakia,Slovakia_LIA.AG,1967.0,0.7129105925559998,1.155225084573513,0.12144830494794429,0.3186591422134998
I11712.AG,Slovakia,Slovakia_LIA_LaTene.AG,2011.0,0.6788379549980164,1.1648715839263961,0.09709469878818354,0.32895508268142415
I11713.AG,Slovakia,Slovakia_LIA_LaTene.AG,2046.0,0.7245389819145203,1.1837305422449271,0.11412163815837433,0.33489686447391837
I11715.AG,Slovakia,Slovakia_LIA_LaTene.AG,2046.0,0.2965905368328094,1.1713825306761931,0.10697672758121009,0.3202230287482729
I11716.AG,Slovakia,Slovakia_LIA_LaTene.AG,2051.0,0.7307157516479492,1.155442020538422,0.130493555149097,0.31704058117397477
I11717.AG,Slovakia,Slovakia_IA_Vekerzug.AG,2525.0,0.4473764598369598,1.1897572213771666,0.10911363997587922,0.32657537094001154
I11719.AG,Slovakia,Slovakia_IA_Vekerzug.AG,2576.0,0.5374160408973694,1.191364024895878,0.12365384124161108,0.33631470668138236
I11721.AG,Slovakia,Slovakia_IA_Vekerzug.AG,2525.0,0.6544716358184814,1.1576617795811688,0.1475974851660742,0.31625640605048416
I11722.AG,Slovakia,Slovakia_IA_Vekerzug.AG,2525.0,0.7181505560874939,1.1699897147306417,0.12072207819814935,0.3220076762224643
I11912.AG,Romania,Romania_Glavanesti_o1.AG,4250.0,0.0552654340863227,1.2483204127747123,0.4323393333492094,0.0021773030179714947
I11971.AG,Netherlands,Netherlands_LBA.AG,3060.0,0.6167128682136536,-1.2717648120496448,0.13269002311456587,-0.2127367131378195
I11972.AG,Netherlands,Netherlands_MBA.AG,3381.0,0.7273248434066772,-1.2407291920269174,0.13008324765876292,-0.2076869306053635
I11973.AG,Netherlands,Netherlands_MBA.AG,3280.0,0.716041088104248,-1.2455307881465205,0.12650156280859093,-0.20092074122064119
I11993.AG,UnitedKingdom,England_MIA_LIA.AG,2200.0,0.7170987129211426,-1.5202463214574082,0.14919146151825036,0.6088848224737566
I11994.AG,UnitedKingdom,England_MIA_LIA.AG,2200.0,0.7194368839263916,-1.5534999141279007,0.10346625242907624,0.6206363766050308
I11995.AG,UnitedKingdom,England_EIA.AG,2457.0,0.7031118273735046,-1.479081333737917,0.10454565660600104,0.5701112088147631
I11997.AG,UnitedKingdom,England_MIA.AG,2227.0,0.7393855452537537,-1.4813116168527956,0.14953326629285532,0.6611618777919415
I12031.AG,Spain,Spain_Visigoth.AG,1392.0,0.4788741171360016,-1.1000383537454108,-2.3499040837426075,-1.2863600910372048
I12032.AG,Spain,Spain_Visigoth.AG,1392.0,0.1839331835508346,-1.1065465418853278,-2.3962148728863113,-1.2702330392336043
I12034.AG,Spain,Spain_Visigoth.AG,1392.0,0.4354220032691955,-1.101752014955904,-2.3402032619477704,-1.2768260678838692
I12081.AG,Netherlands,Netherlands_MBA.AG,3257.0,0.6697593331336975,-1.2744360796458694,0.13817065837231776,-0.22639371456008883
I12082.AG,Netherlands,Netherlands_MBA.AG,3300.0,0.6548665761947632,-1.248409165548255,0.12367663511686562,-0.21081604970334666
I12083.AG,Netherlands,Netherlands_MBA_LBA.AG,3100.0,0.6612030863761902,-1.264581312959129,0.114547537387562,-0.19564330584799008
I12097.AG,Slovakia,Slovakia_IA_Vekerzug.AG,2525.0,0.6697942614555359,1.1964362197258895,0.10639797046035356,0.34644137755700094
I12098.AG,Slovakia,Slovakia_IA_Vekerzug.AG,2525.0,0.2277088761329651,1.1776567305243921,0.10909243007511961,0.32051672355454547
I12099.AG,Slovakia,Slovakia_IA_Vekerzug.AG,2525.0,0.611842691898346,1.182662635816657,0.09475417323509777,0.3255320945021538
I12103.AG,Slovakia,Slovakia_IA_Vekerzug.AG,2525.0,0.542111873626709,1.1500834255578298,0.10437540969426974,0.3116012174049496
I12105.AG,Slovakia,Slovakia_IA_Vekerzug.AG,2525.0,0.5362246632575989,1.1893960309958322,0.09276515568291617,0.327692887643974
I12106.AG,Slovakia,Slovakia_IA_Vekerzug.AG,2614.0,0.5508206486701965,1.1611145374434217,0.11353308625282163,0.328633927186524
I12107.AG,Slovakia,Slovakia_IA_Vekerzug.AG,2525.0,0.5879200100898743,1.1580847050696026,0.11558444169930435,0.31392590329343084
I12110.AG,Slovakia,Slovakia_IA_Vekerzug.AG,2525.0,0.5904009342193604,1.1946915630718018,0.1238778695968592,0.34789198177656344
I12162.AG,Spain,Spain_Visigoth.AG,1392.0,0.373283177614212,-1.1034584224036514,-2.3619110809402666,-1.2514103910611065
I12163.AG,Spain,Spain_Visigoth.AG,1392.0,0.3596036732196808,-1.138230632397405,-2.3694811428169436,-1.2673957422962205
I12208.AG,Spain,Spain_MBA.AG,3250.0,0.733272910118103,-1.1698870228884184,-2.4058973709295692,-1.2969809160965828
I12209.AG,Spain,Spain_MBA.AG,3250.0,0.7602085471153259,-1.129808093720194,-2.3911189866347935,-1.2568413950163106
I12221.AG,Italy,Italy_Sardinia_EarlyMedieval.AG,1005.0,0.0674104839563369,-0.13444183717073205,-0.7019949474301957,0.3897816282587256
I12317.AG,UnitedKingdom,Scotland_N_mediumlowEEF.AG,5448.0,0.5551060438156128,-1.5107430639975725,0.02538405958675783,0.6025915049923947
I12410.AG,Spain,Spain_IA.AG,2375.0,0.6925336718559265,-1.1306897791282944,-2.357535218050823,-1.2595442846820628
I12411.AG,UnitedKingdom,England_EastYorkshire_MIA_LIA.AG,2175.0,0.6817073225975037,-1.3708461046086189,0.04220452246248696,0.6307138370584797
I12412.AG,UnitedKingdom,England_EastYorkshire_MIA.AG,2238.0,0.6963949203491211,-1.654349608571101,-0.020498219948784067,0.5988707210067078
I12413.AG,UnitedKingdom,England_EastYorkshire_MIA_LIA.AG,2175.0,0.7097670435905457,-1.5335162107143712,0.03240158977689245,0.6526672500033437
I12414.AG,UnitedKingdom,England_EastYorkshire_MIA_LIA.AG,2175.0,0.7051450610160828,-1.5211305489200126,0.07020979805104047,0.6538568334674719
I12415.AG,UnitedKingdom,England_EastYorkshire_MIA_LIA.AG,2175.0,0.6892027854919434,-1.6021462876337498,0.21860742237855899,0.5304149692080689
I12440.AG,UnitedKingdom,England_N_Megalithic_son.I30300.son.I30302.brother.I30299.AG,5600.0,0.5985094904899597,-1.520639084212218,0.0821551779752885,0.6935187448872622
I12510.AG,Moldova,Moldova_MBA.AG,4003.0,0.5622090101242065,0.6378580043274314,0.46847245569544116,-0.5663873149203531
I12514.AG,Spain,Spain_Islamic.AG,854.0,0.4344552755355835,-1.130198434976306,-2.339000999911752,-1.2216809256047703
I12515.AG,Spain,Spain_Islamic.AG,750.0,0.4983361959457397,-1.1592437071560198,-2.366193325935963,-1.2400359794903288
I12516.AG,Spain,Spain_Islamic.AG,937.0,0.3679644763469696,-1.1184001824357113,-2.3373797326218066,-1.243602794474257
I12640.AG,Spain,Spain_IA.AG,2550.0,0.0528242588043212,-1.1687009716582815,-2.40415983367148,-1.289061598462312
I12641.AG,Spain,Spain_IA.AG,2599.0,0.0628468617796897,-1.1423696779268342,-2.4358595859291787,-1.322563705809409
I12644.AG,Spain,Spain_Islamic.AG,750.0,0.4739528298377991,-1.0898384827538912,-2.3261346723050824,-1.2424169681265376
I12647.AG,Spain,Spain_Islamic.AG,750.0,0.532598614692688,-1.098202917714553,-2.3545937975300895,-1.2212692947944153
I12649.AG,Spain,Spain_Islamic.AG,750.0,0.1194715723395347,-1.0480845474471785,-2.344472305569731,-1.2172142239629793
I12770.AG,UnitedKingdom,England_MIA.AG,2225.0,0.6973219513893127,-1.5178206854747867,0.10278220847568456,0.6321380777239682
I12771.AG,UnitedKingdom,England_MIA.AG,2326.0,0.717814028263092,-1.4932198348762333,0.15553072479252608,0.6331494659967296
I12772.AG,UnitedKingdom,England_IA.AG,2329.0,0.6926982998847961,-1.4427290571154459,0.17914670337989347,0.5970524323299431
I12774.AG,UnitedKingdom,England_EIA_highEEF.AG,2554.0,0.7156347632408142,-1.4921750336169872,-0.018868070725065966,0.6762897695600146
I12775.AG,UnitedKingdom,England_MIA.AG,2225.0,0.6798955202102661,-1.533012141770504,0.1199598638786928,0.6507587985845252
I12776.AG,UnitedKingdom,England_C_EBA_highEEF.AG,3778.0,0.673331081867218,-1.4600593564342448,0.08009988975463726,0.6714031773317927
I12778.AG,UnitedKingdom,England_MIA.AG,2230.0,0.7215893268585205,-1.4342815433840936,0.04973748916436569,0.5978586705972256
I12779.AG,UnitedKingdom,England_MIA_lowEEF.AG,2225.0,0.7454779744148254,-1.4826973389116194,0.1207054410568566,0.6319204671783707
I12783.AG,UnitedKingdom,England_EIA.AG,2599.0,0.6058200597763062,-1.4847236213089812,0.06239477037830074,0.6096561875668903
I12785.AG,UnitedKingdom,England_LIA.AG,2051.0,0.695819079875946,-1.4818989881274187,0.08275158674433278,0.5660125916758777
I12786.AG,UnitedKingdom,England_C_EBA.AG,4137.0,0.5640094876289368,-1.4452591721514652,0.1372402060903736,0.5686983505629676
I12787.AG,UnitedKingdom,England_EIA.AG,2391.0,0.6063504815101624,-1.487893091926261,0.052612089203835914,0.583764530499895
I12790.AG,UnitedKingdom,England_MIA_LIA.AG,2200.0,0.647608757019043,-1.5613614083132068,0.20007099128263026,0.6428880700722791
I12791.AG,UnitedKingdom,England_LIA.AG,2051.0,0.6684990525245667,-1.5282667734752278,0.10768336161891108,0.6565704197131064
I12792.AG,UnitedKingdom,England_MIA_LIA_mother.I12793.AG,2200.0,0.5706314444541931,-1.5672349752229089,0.15328405241161047,0.6072631783745537
I12793.AG,UnitedKingdom,England_MIA_LIA.AG,2200.0,0.6546857357025146,-1.5291621389510384,0.12751071889837523,0.55613712284506
I12878.AG,Spain,Spain_IA.AG,2360.0,0.1394737958908081,-1.0964216040591268,-2.3816781481138185,-1.250699009536038
I12879.AG,Spain,Spain_IA.AG,2429.0,0.2386706322431564,-1.1760887039751022,-2.377556487816498,-1.3003441446743438
I12900.AG,Netherlands,Netherlands_LNB_BellBeaker.AG,4239.0,0.0713852941989898,-1.2782704230262703,0.12492876919394266,-0.21572263518054097
I12903.AG,Netherlands,Netherlands_EIA.AG,2600.0,0.0649457871913909,-1.2660375007222828,0.12591687836399126,-0.21268111890984678
I12905.AG,Netherlands,Netherlands_EIA.AG,2500.0,0.1593413800001144,-1.262390657061514,0.14337532450342405,-0.21002517979789012
I12906.AG,Netherlands,Netherlands_MIA_LIA.AG,2210.0,0.2717424631118774,-1.250736040415526,0.11703592870451439,-0.20613985003300134
I12907.AG,Netherlands,Netherlands_MIA_LIA.AG,2176.0,0.2778924405574798,-1.2492089636646342,0.12734465708819453,-0.2024439006627602
I12926.AG,UnitedKingdom,England_MIA_LIA.AG,2200.0,0.6305505037307739,-1.5114542987575355,0.15363832188771148,0.6674477835910297
I12927.AG,UnitedKingdom,England_LIA.AG,1825.0,0.7031401991844177,-1.4635875778042198,0.1256443359901094,0.6044401794440811
I12931.AG,UnitedKingdom,England_LIA.AG,1825.0,0.587981641292572,-1.470547219605455,0.08602992010337195,0.5641831767493966
I12932.AG,UnitedKingdom,England_LIA.AG,1825.0,0.704319417476654,-1.46100757677429,0.11705681792366088,0.5970375424317765
I12935.AG,UnitedKingdom,England_EBA_highEEF.AG,4000.0,0.6126893758773804,-1.5484559767727524,0.06783731796675359,0.6212664863138059
I12991.AG,Slovakia,Slovakia_EBA_Nitrianska.AG,1133.0,0.6242797374725342,1.1455645412617852,0.1147862154518749,0.3231927112170609
I13025.AG,Netherlands,Netherlands_LNB_EBA_BellBeaker.AG,3958.0,0.7052894234657288,-1.2708692519637435,0.1465427058887664,-0.21874098743574552
I13026.AG,Netherlands,Netherlands_LNB_EBA_BellBeaker.AG,3951.0,0.0786836817860603,-1.2560196909314003,0.16076708097669695,-0.19985327972494885
I13027.AG,Netherlands,Netherlands_LNB_EBA_BellBeaker.AG,4039.0,0.5451913475990295,-1.2895694222265883,0.10810160819003607,-0.2148106854310426
I13028.AG,Netherlands,Netherlands_LNB_BellBeaker.AG,4250.0,0.7314545512199402,-1.2586501248288633,0.12061832532249693,-0.22193840259976036
I13125.AG,Italy,Italy_Sicily_IA_Sicani.AG,2550.0,0.3339056372642517,-0.023334114047174333,-0.6857809598216528,0.4106889873144956
I13167.AG,Montenegro,Montenegro_MLBA.AG,3090.0,0.7190378308296204,2.5490106441915867,3.2081989056214386,0.45256942353290563
I13168.AG,Montenegro,Montenegro_MLBA.AG,3293.0,0.7267052531242371,2.553860273052714,3.2317646077184867,0.4560568634512117
I13169.AG,Montenegro,Montenegro_MLBA.AG,3287.0,0.7212819457054138,2.5347855803684234,3.189763762444337,0.45301763445253224
I13171.AG,Montenegro,Montenegro_MLBA.AG,3175.0,0.674558162689209,2.556693273007629,3.22143095063067,0.4489672684311394
I13172.AG,Montenegro,Montenegro_MLBA.AG,3207.0,0.7150841355323792,2.549595584385514,3.205133670795497,0.44752112909432956
I13376.AG,Italy,Italy_Sicily_IA.AG,2650.0,0.7367278337478638,-0.024988365523448394,-0.7628990146512618,0.38144168088249314
I13377.AG,Italy,Italy_Sicily_IA.AG,2650.0,0.7265503406524658,-0.04732884548272393,-0.7287117803778883,0.36683227282212927
I13378.AG,Italy,Italy_Sicily_IA.AG,2650.0,0.7193160057067871,-0.03291157150416351,-0.7177828158925573,0.5113915330929798
I13379.AG,Italy,Italy_Sicily_IA.AG,2650.0,0.4298794865608215,-0.02603778336069111,-0.7199457330004597,0.41847360912002884
I13380.AG,Italy,Italy_Sicily_IA.AG,2650.0,0.7188091278076172,-0.03740156391695396,-0.7476182108608738,0.4126289904963016
I13381.AG,Italy,Italy_Sicily_IA.AG,2650.0,0.7325502634048462,-0.09251561974807378,-0.7724471672780275,0.4975965696483955
I13382.AG,Italy,Italy_Sicily_IA.AG,2650.0,0.3548194468021393,-0.04743518682117976,-0.7182643949957674,0.39507717095798117
I13383.AG,Italy,Italy_Sicily_IA.AG,2733.0,0.7639246582984924,-0.09910393504933944,-0.7031497453837913,0.4059777095997429
I13384.AG,Italy,Italy_Sicily_IA.AG,2650.0,0.564555287361145,-0.08291906326291396,-0.6982606156328576,0.3591920084721712
I13385.AG,Italy,Italy_Sicily_IA.AG,2592.0,0.761782705783844,-0.13814919393656977,-0.7632417468332925,0.4095187144532616
I13386.AG,Italy,Italy_Sicily_IA.AG,2650.0,0.7196517586708069,-0.03021473402396059,-0.7028033526061711,0.3901267182788698
I13387.AG,Italy,Italy_Sicily_IA.AG,2650.0,0.6964005827903748,-0.020263026447172643,-0.7126202953662638,0.396840643913388
I13389.AG,Italy,Italy_Sicily_IA.AG,2650.0,0.7077240943908691,-0.0541930332618909,-0.7315335479290006,0.424012438233868
I13390.AG,Italy,Italy_Sicily_IA.AG,2650.0,0.6929942965507507,-0.02633894431624569,-0.7826403172220877,0.3930219896018639
I13391.AG,Italy,Italy_Sicily_IA.AG,2650.0,0.7400716543197632,0.027650809902430618,-0.7627640204056073,0.4069273425258626
I13392.AG,Italy,Italy_Sicily_IA.AG,2650.0,0.7283086180686951,-0.15481709758735282,-0.6113848713728212,0.33981585732609537
I13393.AG,Italy,Italy_Sicily_IA.AG,2650.0,0.6664341688156128,-0.013317406060744746,-0.6768852979306696,0.3899421673231985
I13394.AG,Italy,Italy_Sicily_IA.AG,2684.0,0.739265501499176,-0.03927149042653277,-0.7139288776300978,0.41984915492754415
I13395.AG,Italy,Italy_Sicily_IA.AG,2650.0,0.6282131671905518,-0.046305964822241266,-0.7775967896173728,0.40969054164203933
I13458.AG,Slovakia,Slovakia_EBA_Nitrianska.AG,1107.0,0.6943106055259705,1.1732582743155449,0.1109914535160659,0.33723272716784986
I13467.AG,Czechia,Czechia_EBA_CordedWare_2.AG,4289.0,0.7297838926315308,-0.38495632932862134,0.02661365930985382,0.2235639340495701
I13468.AG,Czechia,Czechia_EBA_Unetice.AG,3950.0,0.7024094462394714,-0.35510292551853356,0.09080165707977374,0.17491196588477226
I13469.AG,Czechia,Czechia_EBA_Unetice.AG,3945.0,0.693234384059906,-0.37182677500845346,0.07206093043890477,0.15718306192506593
I13470.AG,Czechia,Czechia_EBA_Unetice.AG,3943.0,0.7080541849136353,-0.34827067086929925,0.01987502884988414,0.16657086872898688
I13471.AG,Czechia,Czechia_EBA_Unetice.AG,3950.0,0.7145301699638367,-0.39367903485058514,0.07426725626893381,0.13444202655636273
I13510.AG,Greece,Greece_PalaceOfNestor_BA.AG,3278.0,0.0776569247245788,1.935983213521359,-0.504671443836455,2.210069589133959
I13615.AG,UnitedKingdom,England_MIA.AG,2250.0,0.5962905287742615,-1.586572768447128,0.09982362916539168,0.62602107275856
I13620.AG,France,France_SouthEast_IA2.AG,2250.0,0.1750451922416687,-0.973199224659708,-0.8764702003330284,-0.47974552174008056
I13623.AG,France,France_SouthEast_IA2.AG,2250.0,0.2334898263216018,-0.9495074917695085,-0.8402911408491395,-0.46305378071630204
I13680.AG,UnitedKingdom,England_MIA.AG,2224.0,0.3550879061222076,-1.4999309104568912,0.17287147667535163,0.6123451665187568
I13685.AG,UnitedKingdom,England_MIA.AG,2265.0,0.6091079115867615,-1.4882953823868401,0.03803738723113722,0.5490187862382462
I13687.AG,UnitedKingdom,England_MIA.AG,2222.0,0.6677820682525635,-1.5451683185328084,0.13557308215062558,0.6007533543936184
I13688.AG,UnitedKingdom,England_EIA.AG,2589.0,0.5739931464195251,-1.5597717983617492,0.01836761318217985,0.538262792112481
I13689.AG,UnitedKingdom,England_EIA.AG,2531.0,0.5646647810935974,-1.535269284112688,0.15141869460121773,0.6116513978855438
I13711.AG,UnitedKingdom,England_LBA_lowEEF.AG,2928.0,0.7209226489067078,-1.4189289954969198,0.140880349274881,0.6169268742247995
I13712.AG,UnitedKingdom,England_LBA.AG,2914.0,0.7056803107261658,-1.5166049735699474,0.07093924930206295,0.5696840041888485
I13713.AG,UnitedKingdom,England_LBA.AG,2912.0,0.7076389193534851,-1.4869327344909316,0.1503805005300407,0.6114483678302605
I13714.AG,UnitedKingdom,England_MBA.AG,3423.0,0.6911078691482544,-1.4066925307254499,0.10092085128130625,0.6034507518670268
I13717.AG,UnitedKingdom,England_MIA.AG,2259.0,0.6957980394363403,-1.5376361455771501,0.05962819855958257,0.6691897027946714
I13727.AG,UnitedKingdom,England_MIA.AG,2243.0,0.7187750935554504,-1.4784972155260994,-0.03925394740933061,0.6321765924559912
I13728.AG,UnitedKingdom,England_MIA.AG,2227.0,0.714970588684082,-1.4775847878057782,0.10279904552527294,0.6389655976477081
I13729.AG,UnitedKingdom,England_MIA.AG,2350.0,0.7011280655860901,-1.5411348680594816,0.22732212468455423,0.6521113252748791
I13730.AG,UnitedKingdom,England_MIA.AG,2237.0,0.6942254304885864,-1.5069225918368154,0.1413200116916942,0.6270236282969758
I13731.AG,UnitedKingdom,England_MIA.AG,2246.0,0.7196249961853027,-1.5036358280841964,0.09142571393522934,0.6481270687019848
I13732.AG,UnitedKingdom,England_MIA.AG,2269.0,0.476385086774826,-1.492607811376184,0.0822362374906332,0.5789677193479085
I13751.AG,UnitedKingdom,England_EastYorkshire_MIA_LIA.AG,2175.0,0.5380592346191406,-1.479929955439333,0.06636095638310105,0.6417486276908345
I13752.AG,UnitedKingdom,England_EastYorkshire_MIA_LIA_sister.I5511.AG,2121.0,0.5490185618400574,-1.5776981899465414,0.12525417715793297,0.6551925227924409
I13753.AG,UnitedKingdom,England_EastYorkshire_MIA_LIA.AG,2175.0,0.6289560794830322,-1.4260228848719463,0.05289643364740474,0.5989129218386479
I13754.AG,UnitedKingdom,England_EastYorkshire_MIA_LIA.AG,2175.0,0.5706849694252014,-1.4907473902319137,0.05768571865802452,0.6028040520335628
I13755.AG,UnitedKingdom,England_EastYorkshire_MIA_LIA.AG,2175.0,0.3711299002170563,-1.5079647805747705,0.07297948622096803,0.6320211664335272
I13756.AG,UnitedKingdom,England_EastYorkshire_MIA_LIA.AG,2175.0,0.5959693789482117,-1.597089716543978,0.08802534831625401,0.5996566546883602
I13757.AG,UnitedKingdom,England_EastYorkshire_MIA_LIA.AG,2175.0,0.5734246373176575,-1.531736334770312,0.06218423437025031,0.6305088005207788
I13758.AG,UnitedKingdom,England_EastYorkshire_MIA_LIA_brother.I21558.AG,2175.0,0.5079686641693115,-1.4748490529797622,0.09416510874037175,0.6030828430813805
I13759.AG,UnitedKingdom,England_EastYorkshire_MIA_LIA.AG,2175.0,0.6628535389900208,-1.4983999534925005,0.05716200949106135,0.6215817224702023
I13760.AG,UnitedKingdom,England_EastYorkshire_MIA_LIA.AG,2175.0,0.5446674227714539,-1.5178754981699203,0.17162893857739878,0.5711197424028217
I13775.AG,Montenegro,Montenegro_MLBA.AG,3300.0,0.5060814619064331,2.5365324041766,3.182151582989747,0.45388792778436793
I13777.AG,Montenegro,Montenegro_MLBA_brother.I13169_son.or.brother.I13776.AG,3300.0,0.6961994767189026,2.533551487091445,3.1872473473863288,0.4523878918494835
I13778.AG,Montenegro,Montenegro_MLBA.AG,3234.0,0.7150062322616577,2.5490941292879166,3.2178509928180503,0.4497365854113298
I13780.AG,Czechia,Czechia_IA_LaTene.AG,2250.0,0.6642290353775024,-0.36416028897130026,0.045134365512652694,0.18000284315246673
I13781.AG,Czechia,Czechia_LBA_IA_Knoviz_Hallstatt.AG,2977.0,0.6802053451538086,-0.3721375445183576,0.014269913141443439,0.15784358560809555
I13783.AG,Czechia,Czechia_LBA_Knoviz.AG,3022.0,0.6844964623451233,-0.32047349790700846,0.0356237914262985,0.2120037376381602
I13786.AG,Czechia,Czechia_LBA_Knoviz_o3.AG,3050.0,0.7133241891860962,-0.30824984344871686,2.420815022406102e-06,0.20889699156302458
I13787.AG,Czechia,Czechia_LBA_Knoviz.AG,2958.0,0.6713351607322693,-0.40553042933093825,0.03301473830234705,0.20367667495957306
I13788.AG,Czechia,Czechia_LBA_Knoviz.AG,3000.0,0.6978004574775696,-0.40429614091299576,0.07163463730547323,0.18964089764784536
I13789.AG,Czechia,Czechia_LBA_Knoviz.AG,3000.0,0.715088963508606,-0.4053407918756877,0.04631374804535872,0.20536627579222488
I13791.AG,Czechia,Czechia_LBA_IA_Knoviz_Hallstatt.AG,2975.0,0.6764105558395386,-0.3834553309878509,0.03166161488545894,0.1643468248411859
I13792.AG,Czechia,Czechia_LBA_Knoviz.AG,3000.0,0.7127808332443237,-0.49221924692880603,0.0427453397717063,0.18416117210992974
I13793.AG,Czechia,Czechia_LBA_Knoviz.AG,3000.0,0.7164490818977356,-0.4758180695722543,0.05596479374904758,0.21745236531952392
I13794.AG,Czechia,Czechia_LBA_Knoviz_o3.AG,3050.0,0.6884874701499939,-0.33824867292200805,0.05424621999528512,0.15297705855512178
I13795.AG,Czechia,Czechia_LBA_Knoviz.AG,3035.0,0.7309533357620239,-0.3927976639370106,0.04793967799553868,0.19451472743362766
I13796.AG,Czechia,Czechia_LBA_Knoviz.AG,3000.0,0.6833528876304626,-0.39722502980785857,0.06306454867291013,0.21380640843617657
I13798.AG,Czechia,Czechia_LBA_Knoviz.AG,3050.0,0.6830657720565796,-0.4079557208116111,0.031019562163429507,0.2324340976638932
I13799.AG,Czechia,Czechia_LBA_Knoviz.AG,3050.0,0.7153606414794922,-0.38704434994940445,0.004947785664107125,0.1711855198162854
I13838.AG,Albania,Albania_TrenCave_NChalcolithic.AG,6200.0,0.7225487232208252,1.9518670836682877,-0.37273420342648256,0.5532878932274526
I13839.AG,Albania,Albania_Shtike_Medieval.AG,1014.0,0.6929991841316223,1.971298710428389,-0.36764967723193726,0.5608588164861104
I13840.AG,Albania,Albania_TrenCave_NChalcolithic.AG,6102.0,0.7293621301651001,1.9630213940532608,-0.372017779542155,0.5661949587710676
I13861.AG,Germany,Germany_Medieval_Jewish.AG,625.0,0.2808243036270141,-0.3260742868008229,-0.21423573202037796,0.7800992970448836
I13862.AG,Germany,Germany_Medieval_Jewish.AG,625.0,0.7064410448074341,-0.3249719452375952,-0.23835734228580685,0.7929751584723138
I13863.AG,Germany,Germany_Medieval_Jewish.AG,625.0,0.2281930595636367,-0.3663597241357082,-0.2503618332086814,0.7590401421527595
I13864.AG,Germany,Germany_Medieval_Jewish.AG,625.0,0.5800595879554749,-0.32658515971494095,-0.18551439014058882,0.8146923089988326
I13865.AG,Germany,Germany_Medieval_Jewish.AG,625.0,0.4713145792484283,-0.3154954061647299,-0.20965034018224396,0.7498896187625012
I13866.AG,Germany,Germany_Medieval_Jewish.AG,625.0,0.5528376698493958,-0.27747276327302545,-0.19945818018108524,0.817596505115013
I13867.AG,Germany,Germany_Medieval_Jewish.AG,625.0,0.6616921424865723,-0.3905282072281356,-0.21422658016965407,0.7830025641708519
I13868.AG,Germany,Germany_Medieval_Jewish.AG,625.0,0.5281712412834167,-0.36440897852197907,-0.18886942767274398,0.8244104848906345
I13869.AG,Germany,Germany_Medieval_Jewish_daughter.I14904.AG,659.0,0.5157642364501953,-0.40417849494860425,-0.2483278555446355,0.8334190298371225
I13870.AG,Germany,Germany_Medieval_Jewish.AG,625.0,0.3138709664344787,-0.36522749168567714,-0.24427931537424874,0.7983928363800605
I13888.AG,UnitedKingdom,England_N_Megalithic_son.I12437.brother.I21393.I30302.AG,5601.0,0.6798809170722961,-1.5361312661779658,0.05928017942712403,0.5659389459372344
I13889.AG,UnitedKingdom,England_N_Megalithic.AG,5624.0,0.7088651657104492,-1.5051835637263644,0.08917005316130147,0.583006501287709
I13892.AG,UnitedKingdom,England_N_Megalithic.AG,5677.0,0.6534627079963684,-1.45299941952297,-0.11701664370576459,0.5765368219678113
I14088.AG,UnitedKingdom,England_Scorton_Anglian.AG,1427.0,0.4126152694225311,-1.4739062288709048,0.11366625898952862,0.6047579007199383
I14089.AG,UnitedKingdom,England_Scorton_Anglian.AG,1378.0,0.40254807472229,-1.499732057945578,0.09111878649618235,0.6582023089212721
I14090.AG,UnitedKingdom,England_Scorton_Anglian.AG,1382.0,0.2573403418064117,-1.4801167157548503,0.08249350697689732,0.6441737093933172
I14091.AG,UnitedKingdom,England_Scorton_Anglian.AG,1392.0,0.5335726141929626,-1.497725859588455,0.07364901995366425,0.6235021117149853
I14095.AG,UnitedKingdom,England_Scorton_Anglian.AG,1466.0,0.6463322043418884,-1.450198917620153,0.13462185976238122,0.6451512791064123
I14096.AG,UnitedKingdom,England_LIA.AG,1973.0,0.3554634153842926,-1.4964946770424306,0.12415557074171091,0.5669438488696328
I14097.AG,UnitedKingdom,England_LIA.AG,2002.0,0.4484956860542297,-1.510009733570568,0.07961208660396962,0.5176970257364915
I14099.AG,UnitedKingdom,England_EastYorkshire_MIA_LIA.AG,2175.0,0.6327005624771118,-1.4829306845777084,0.09834850234589884,0.6615814906217822
I14100.AG,UnitedKingdom,England_EastYorkshire_MIA.AG,2302.0,0.6234800219535828,-1.5291586014641574,0.0622937030487663,0.5790837969994868
I14101.AG,UnitedKingdom,England_EastYorkshire_MIA_LIA.AG,2175.0,0.6393784880638123,-1.4790430206344847,0.04375833315457791,0.5176335630298193
I14102.AG,UnitedKingdom,England_EastYorkshire_MIA_LIA.AG,2175.0,0.6557684540748596,-1.516269778654204,0.09286298968020165,0.5674430919799524
I14103.AG,UnitedKingdom,England_EastYorkshire_MIA_LIA.AG,2175.0,0.3059132397174835,-1.4734087496113255,0.0813222731969982,0.5993814452687289
I14104.AG,UnitedKingdom,England_EastYorkshire_MIA_LIA.AG,2175.0,0.656876266002655,-1.504205829695684,0.21788541715741916,0.5947841424563224
I14105.AG,UnitedKingdom,England_EastYorkshire_MIA_LIA.AG,2175.0,0.6510953307151794,-1.4803662385988798,0.023737712628245086,0.689005730376651
I14106.AG,UnitedKingdom,England_EastYorkshire_MIA_LIA.AG,2045.0,0.5883733630180359,-1.5469547975115214,0.05656680572279531,0.555361758708176
I14107.AG,UnitedKingdom,England_EastYorkshire_MIA_LIA_son.I21698.AG,2175.0,0.5169848203659058,-1.5217782702900098,0.07080384497709247,0.6071465058743798
I14108.AG,UnitedKingdom,England_EastYorkshire_MIA_LIA.AG,2045.0,0.6511512994766235,-1.4442053554331664,0.015904938167415436,0.6990980314657957
I14157.AG,Romania,Romania_C_Bodrogkeresztur.AG,5900.0,0.6608778834342957,1.2755649850758053,0.47071043440966037,-0.019629338275294197
I14159.AG,Romania,Romania_C_Bodrogkeresztur.AG,5900.0,0.6980332136154175,1.2769664524911097,0.39698156633767345,-0.006245318969900835
I14160.AG,Romania,Romania_C_Bodrogkeresztur.AG,5900.0,0.6722621917724609,1.267339058947302,0.4097795418467406,0.004427376334845157
I14161.AG,Romania,Romania_C_Bodrogkeresztur.AG,5900.0,0.6643425226211548,1.2668513955172773,0.43938809033626836,0.0033375070209358208
I14162.AG,Romania,Romania_C_Bodrogkeresztur.AG,5900.0,0.6659889221191406,1.2601245000478705,0.4040120330874974,-0.011130724404296232
I14163.AG,Romania,Romania_C_Bodrogkeresztur.AG,5900.0,0.6562955975532532,1.2721649749300732,0.377352199004882,0.001826818123167452
I14164.AG,Romania,Romania_C_Bodrogkeresztur.AG,5900.0,0.6113463640213013,1.302244826463712,0.42307083087395386,-0.003952391565825916
I14165.AG,Romania,Romania_C_Bodrogkeresztur.AG,5900.0,0.6837146282196045,1.2386306172073747,0.4198482086304538,-0.0031511221665895548
I14166.AG,Romania,Romania_C_Bodrogkeresztur.AG,5900.0,0.6513231992721558,1.2719958677066565,0.4257341261917943,0.006728974879753109
I14167.AG,Czechia,Czechia_C_Baalberge.AG,5850.0,0.6489128470420837,-0.37241770650827133,0.03745219240902242,0.20760916689010267
I14168.AG,Czechia,Czechia_C_Baalberge_o2.AG,5850.0,0.6189318299293518,-0.4290615369098382,-0.0958371537974264,0.12881889449171027
I14169.AG,Czechia,Czechia_C_Baalberge.AG,5850.0,0.6848662495613098,-0.34750407549973605,0.03623932899357884,0.2523551426106015
I14170.AG,Czechia,Czechia_C_Baalberge.AG,5850.0,0.6764227151870728,-0.3622050688842861,0.021155812063394556,0.22514063262824122
I14171.AG,Czechia,Czechia_C_Baalberge.AG,5850.0,0.662807285785675,-0.3376606996841424,-0.02753904307338561,0.16423064122095982
I14172.AG,Czechia,Czechia_C_Baalberge.AG,5850.0,0.6748380064964294,-0.3522648293778743,0.06858911947023523,0.24744971679062855
I14173.AG,Czechia,Czechia_C_Baalberge.AG,5850.0,0.6993600130081177,-0.3997219269474402,0.014384985756620783,0.17684309120554298
I14174.AG,Czechia,Czechia_C_Baalberge.AG,5850.0,0.6652208566665649,-0.34249063736092356,0.03981284877776608,0.20974369434933388
I14175.AG,Czechia,Czechia_C_Baalberge.AG,5526.0,0.6635898947715759,-0.4084337774564557,0.03995218088766605,0.18519685725281568
I14176.AG,Czechia,Czechia_C_Baalberge.AG,5550.0,0.6583214998245239,-0.3588554931928422,0.043019136459466034,0.18744637928347677
I14177.AG,Slovakia,Slovakia_N_LBK.AG,7100.0,0.1109120473265647,1.1685442797230294,0.1167510891104638,0.34116446309426957
I14178.AG,Slovakia,Slovakia_N_LBK.AG,7100.0,0.6612858176231384,1.195378879862873,0.08870568410072462,0.3145546090165842
I14179.AG,Slovakia,Slovakia_N_LBK.AG,7100.0,0.3583498299121856,1.1849451140163567,0.09918232767414645,0.3315778444489236
I14180.AG,Slovakia,Slovakia_N_LBK.AG,7100.0,0.6658064723014832,1.175699757170003,0.12051588298710526,0.33228033775648114
I14181.AG,Slovakia,Slovakia_N_LBK.AG,7100.0,0.3146641552448272,1.1716336000114542,0.11233511508535483,0.31275264917680184
I14182.AG,Slovakia,Slovakia_N_LBK.AG,7100.0,0.4831725358963012,1.183079770403481,0.10334970243380959,0.32990780463967706
I14183.AG,Slovakia,Slovakia_N_LBK.AG,7100.0,0.5591433048248291,1.1866501604927409,0.12108514220770604,0.34489524515230185
I14185.AG,Czechia,Czechia_EBA_Unetice.AG,3850.0,0.6412438750267029,-0.4033452766239466,0.0467448964872447,0.18771842332317767
I14186.AG,Czechia,Czechia_EBA_Unetice.AG,3850.0,0.5025948882102966,-0.4043391962161155,0.002357286511121382,0.17894725427894126
I14188.AG,Czechia,Czechia_EBA_Unetice_brother.I14585.AG,3850.0,0.3563571572303772,-0.38851434112873345,0.04136511738528561,0.18371804569483985
I14189.AG,Czechia,Czechia_EBA_Unetice.AG,3850.0,0.6504684090614319,-0.3604748072820775,0.04320791142345811,0.20215767965282655
I14190.AG,Czechia,Czechia_MN.AG,6450.0,0.6995344161987305,-0.34907752500116473,0.03632785125518355,0.13628065341988208
I14191.AG,Czechia,Czechia_EBA_Unetice.AG,3850.0,0.6087754368782043,-0.38323093830270344,0.05595717919766916,0.20071579469837272
I14192.AG,Czechia,Czechia_EBA_Unetice.AG,3850.0,0.5686323046684265,-0.38583918460166083,0.06749569274476877,0.19236425634939583
I14193.AG,Czechia,Czechia_EBA_Unetice.AG,3850.0,0.6815499663352966,-0.41905047096319653,0.12674936224513966,0.18486547123134112
I14326.AG,UnitedKingdom,England_N.AG,4908.0,0.6772588491439819,-1.474545201773338,0.040655524929692266,0.5526709989393608
I14327.AG,UnitedKingdom,England_EastYorkshire_MIA_LIA.AG,2081.0,0.690087616443634,-1.4973712844354048,0.0921757871073319,0.5430832594660412
I14347.AG,UnitedKingdom,England_MIA.AG,2224.0,0.6393654942512512,-1.543244067948632,0.08076691337030084,0.5829604883009971
I14348.AG,UnitedKingdom,England_MIA.AG,2222.0,0.6164711713790894,-1.5515145198508278,0.11783296720829597,0.5210409406475753
I14351.AG,UnitedKingdom,England_LIA.AG,2048.0,0.5975460410118103,-1.4205143706324257,0.1288812666472737,0.5828468854196811
I14352.AG,UnitedKingdom,England_LIA_sister.I14351.AG,2048.0,0.4686374068260193,-1.50799289676484,0.09757574992511904,0.6216236929559338
I14353.AG,UnitedKingdom,England_MIA_LIA.AG,2120.0,0.6575251221656799,-1.6127481769108256,0.09912175082734995,0.7091498100554531
I14358.AG,UnitedKingdom,England_LBA.AG,2808.0,0.6277395486831665,-1.5664894033698182,0.1508170767160851,0.535003236375859
I14360.AG,UnitedKingdom,England_LIA_o.AG,1984.0,0.4563674628734588,-1.5283887909070597,0.0878486486450785,0.603611093472554
I14377.AG,UnitedKingdom,England_LBA.AG,2889.0,0.6619524955749512,-1.5256401032785867,0.03369598010933508,0.7509968164676218
I14378.AG,UnitedKingdom,England_MIA_lowEEF.AG,2264.0,0.669519305229187,-1.4961433586049406,0.20525427491627027,0.596289331017897
I14380.AG,UnitedKingdom,England_MIA.AG,2235.0,0.6856797337532043,-1.5180369216451401,0.0911865520645861,0.6186166668292007
I14381.AG,UnitedKingdom,England_EIA.AG,2443.0,0.6154801249504089,-1.531415144981715,0.13413975396837455,0.5348925223712255
I14465.AG,Slovakia,Slovakia_IA_Vekerzug.AG,2525.0,0.167903333902359,1.1755511357578328,0.09539043736095676,0.30300498722036223
I14497.AG,Montenegro,Montenegro_MLBA_o_1d.rel_I14500.AG,3100.0,0.0720884501934051,2.559617641582542,3.2352737379493877,0.44747364881196167
I14498.AG,Montenegro,Montenegro_MLBA.AG,3100.0,0.5127537250518799,2.55788636309025,3.2116537271780534,0.4457393620929645
I14500.AG,Montenegro,Montenegro_MLBA.AG,3100.0,0.1135511174798011,2.5567722265386403,3.217929509804111,0.45198315429741615
I14501.AG,Montenegro,Montenegro_MLBA.AG,3175.0,0.4948698878288269,2.534584754554296,3.1716881032519963,0.45187516421540297
I14533_d.AG,UnitedKingdom,England_EarlyMedieval.AG,1350.0,0.054185964167118,-1.4896121677664147,0.054707158788151876,0.6068866025256667
I14534.AG,UnitedKingdom,England_EarlyMedieval.AG,1350.0,0.6599606275558472,-1.4498420859142802,0.11141110765129353,0.6321179447359623
I14535.AG,UnitedKingdom,England_EarlyMedieval_father.I14536.AG,1350.0,0.5379440188407898,-1.4738057077956674,0.06439923242188843,0.6420394779754087
I14536.AG,UnitedKingdom,England_EarlyMedieval.AG,1350.0,0.5671302676200867,-1.5537127596049174,0.085172494994579,0.5707720488335087
I14538.AG,UnitedKingdom,England_EarlyMedieval.AG,1350.0,0.5890538096427917,-1.5468400459487317,0.02090229669423848,0.6604060583430279
I14539.AG,UnitedKingdom,England_EarlyMedieval_o.AG,1350.0,0.337104320526123,-1.4984020056033007,0.07692871257948168,0.6657753187750071
I14541.AG,UnitedKingdom,England_EarlyMedieval.AG,1350.0,0.6376721262931824,-1.4789846331213743,0.0771853548220392,0.7196491487343168
I14542.AG,UnitedKingdom,England_EarlyMedieval.AG,1350.0,0.5888080596923828,-1.4919167335193015,0.026648612237656834,0.5163374099824951
I14543.AG,UnitedKingdom,England_C_EBA.AG,3975.0,0.6394871473312378,-1.5867523546991735,0.10117346035329255,0.5961312139529216
I14549.AG,UnitedKingdom,England_MIA.AG,2267.0,0.390156477689743,-1.572185889195406,0.07230125764246434,0.563807623854253
I14550.AG,UnitedKingdom,England_IA_EarlyMedieval.AG,1850.0,0.6706336140632629,-1.656428567856804,0.18564653308474854,0.6163418636314437
I14551.AG,UnitedKingdom,England_MIA.AG,2349.0,0.6361019611358643,-1.558507959176084,0.09694754372070555,0.691590517321063
I14552_d.AG,UnitedKingdom,England_LIA.AG,1947.0,0.1102526932954788,-1.4909102060691297,0.13759770859962264,0.5958565590819346
I14553.AG,UnitedKingdom,England_C_EBA.AG,3807.0,0.6509712338447571,-1.4293566373120365,-0.004695917545446329,0.6461918063990486
I14585.AG,Czechia,Czechia_EBA_Unetice.AG,3850.0,0.6300622820854187,-0.43386131784896054,0.056216749247551004,0.2243926859546903
I14586.AG,Austria,Austria_EN_LBK.AG,7113.0,0.6676790714263916,0.63064110117975,-0.6256350794329185,-0.14848459966031682
I14599.AG,Slovakia,Slovakia_N_LBK.AG,7100.0,0.645833432674408,1.1562185801380196,0.07327111214218804,0.3216946356978306
I14600.AG,Slovakia,Slovakia_N_LBK.AG,7100.0,0.6426752805709839,1.1443475446207632,0.06866837317226157,0.3454661486103953
I14622.AG,Albania,Albania_Kenete_Medieval.AG,1121.0,0.5829500555992126,1.9948940382461504,-0.3803770656832697,0.576348145934435
I14627.AG,Turkey,Turkey_Southeast_Batman_Chalcolithic.AG,5535.0,0.3109999597072601,1.4498673986200663,-0.6135472186683989,0.9886015748918049
I14635.AG,Turkey,Turkey_Southeast_Batman_Ancient.AG,2500.0,0.6651430130004883,1.434090732401778,-0.6131372864114032,0.9633956907693288
I14644.AG,Turkey,Turkey_Southeast_Batman_Ancient.AG,2593.0,0.6526322364807129,1.45077781686293,-0.5769868261071714,0.9398384192755949
I14645.AG,Turkey,Turkey_Southeast_Gaziantep_Byzantine.AG,750.0,0.5868251323699951,1.4304874274528518,-0.621383488652656,0.9484723429829212
I14647.AG,Turkey,Turkey_Southeast_Gaziantep_Byzantine.AG,750.0,0.3461050391197204,1.457204528648281,-0.5938627207050617,0.9551356989064493
I14648.AG,Turkey,Turkey_Southeast_Gaziantep_Byzantine.AG,851.0,0.663573682308197,1.5084149771495186,-0.6002706617169923,0.9712944031136909
I14649_enhanced.AG,Turkey,Turkey_Southeast_Gaziantep_BA.AG,4168.0,0.1195583492517471,1.4751677869587185,-0.5792900668146695,0.950734370167751
I14650.AG,Turkey,Turkey_Southeast_Gaziantep_Byzantine_father.or.son.I14651.AG,750.0,0.2419374287128448,1.4422647236390584,-0.5960818279826062,0.9582373752406796
I14651.AG,Turkey,Turkey_Southeast_Gaziantep_Byzantine.AG,750.0,0.5255321860313416,1.4307812741381412,-0.608111746338311,0.9270559292023981
I14652.AG,Turkey,Turkey_Southeast_Gaziantep_Byzantine.AG,750.0,0.1814571321010589,1.4605362297255793,-0.5911686936215949,0.9212993341526833
I14675.AG,Italy,Italy_Sardinia_C_MonteClaro.AG,4021.0,0.673315703868866,-0.1281939736622856,-0.7913898566839478,0.3298163660876704
I14676.AG,Italy,Italy_Sardinia_C_MonteClaro.AG,4053.0,0.689338207244873,-0.12749258314851106,-0.7916361715899835,0.4092785083714169
I14677.AG,Italy,Italy_Sardinia_C_MonteClaro.AG,4329.0,0.6711153984069824,-0.1330054284721077,-0.7776180423682928,0.37296491170163654
I14678.AG,Italy,Italy_Sardinia_C_MonteClaro.AG,4247.0,0.6888816356658936,-0.12575758480256224,-0.7328477268484204,0.3514325690538462
I14686.AG,Albania,Albania_Bardhoc_PostMedieval.AG,400.0,0.6716822981834412,1.9909336472215522,-0.3633065365787823,0.5722668052426259
I14687.AG,Albania,Albania_Bardhoc_PostMedieval.AG,400.0,0.62330162525177,2.0036110670078453,-0.3750693764178313,0.5709531114164338
I14688.AG,Albania,Albania_Cinamak_BA_IA.AG,2450.0,0.6588754653930664,1.9741915220451502,-0.38513436605083184,0.5885865770902772
I14689.AG,Albania,Albania_Cinamak_EBA.AG,4505.0,0.4871919453144073,1.9637524486793114,-0.3662102215637601,0.5682814330003405
I14690.AG,Albania,Albania_Cinamak_BA_IA.AG,3000.0,0.6453679203987122,1.991565299223237,-0.37597599948228705,0.5769967745610901
I14692.AG,Albania,Albania_Cinamak_BA_IA.AG,2900.0,0.6795224547386169,1.9882816737429372,-0.3649418123025776,0.5695440155486222
I14730.AG,Turkey,Turkey_Southeast_Batman_Chalcolithic.AG,5950.0,0.0775231048464775,1.45448517466283,-0.6087604753852041,0.9565814530075608
I14733.AG,Turkey,Turkey_Southeast_Batman_Ancient.AG,2401.0,0.6165263652801514,1.4302572647824827,-0.5899102554766673,0.9566729320358174
I14734.AG,Turkey,Turkey_Southeast_Batman_Ancient.AG,2500.0,0.4758757650852203,1.449900917889858,-0.5440114605962391,0.9505767589833588
I14735.AG,Turkey,Turkey_Southeast_Batman_Ancient.AG,2500.0,0.111517883837223,1.4535051480427894,-0.5863717912385958,0.9524021626535728
I14736.AG,Germany,Germany_Medieval_Jewish.AG,625.0,0.5743329524993896,-0.387837742896508,-0.23243449667214122,0.8751226783102335
I14737.AG,Germany,Germany_Medieval_Jewish.AG,604.0,0.3295650482177734,-0.35740258048526186,-0.25644009450920613,0.7862083741619648
I14738.AG,Germany,Germany_Medieval_Jewish.AG,625.0,0.6907404661178589,-0.3627470995094538,-0.22477182852244107,0.7855652622281645
I14739.AG,Germany,Germany_Medieval_Jewish.AG,625.0,0.2783563435077667,-0.3354634372264592,-0.23001484183225518,0.8087864412338069
I14740.AG,Germany,Germany_Medieval_Jewish.AG,603.0,0.698488175868988,-0.32181090763855646,-0.22242249306804945,0.8007029554536428
I14741.AG,Germany,Germany_Medieval_Jewish.AG,609.0,0.1058715507388114,-0.36746488306707564,-0.21954139056746488,0.7653813566787323
I14743_d.AG,UnitedKingdom,England_EIA.AG,2594.0,0.0681574344635009,-1.547120696285058,0.09423625136028861,0.610921077239429
I14747.AG,UnitedKingdom,England_EIA.AG,2374.0,0.1496699601411819,-1.5575927325867025,0.08883884560651772,0.5757976078094419
I14759.AG,Turkey,Turkey_Southeast_Kilis_MBA.AG,3700.0,0.5565569996833801,1.4360175058761702,-0.6543940658588037,1.03104231759778
I14760.AG,Turkey,Turkey_Southeast_Kilis_Byzantine.AG,1127.0,0.1577071845531463,1.4408203196778724,-0.6029305505046211,0.937666641832503
I14761.AG,Turkey,Turkey_Southeast_Kilis_MBA.AG,3700.0,0.410004585981369,1.4729292780786596,-0.6120555683297048,0.9380377337105731
I14762.AG,Turkey,Turkey_Southeast_Kilis_MBA.AG,3583.0,0.6957988142967224,1.4394985267397742,-0.6213173680174792,0.9609712795789892
I14764.AG,Turkey,Turkey_East_Van_Urartian_outlier.AG,2582.0,0.7037249207496643,1.464712719452664,-0.6112741390896484,0.9674047150486483
I14765.AG,Turkey,Turkey_East_Van_Urartian.AG,2750.0,0.6695906519889832,1.4532334734850403,-0.6147302612418742,0.9454743631615707
I14767.AG,Turkey,Turkey_East_Van_BIA_pre-Urartian.AG,3256.0,0.6953033208847046,1.4602988673198571,-0.6165362331526246,0.9568507147545212
I14782.AG,Turkey,Turkey_Southeast_Kilis_MBA_father.I14784.father.I14789.AG,3700.0,0.651605486869812,1.4538867724956774,-0.6189208926837417,0.947645066123458
I14784.AG,Turkey,Turkey_Southeast_Kilis_MBA.AG,3695.0,0.6941102743148804,1.4201967905542463,-0.5040831041914505,0.8760621920265025
I14785.AG,Turkey,Turkey_Southeast_Kilis_MBA_brother.I14786.AG,3700.0,0.2257794588804245,1.4715506016209603,-0.6226808851532609,0.9600200558750226
I14786.AG,Turkey,Turkey_Southeast_Kilis_MBA.AG,3540.0,0.6762588620185852,1.4128837711304365,-0.6126358330533384,0.9366670927396477
I14787.AG,Turkey,Turkey_Southeast_Kilis_Byzantine.AG,950.0,0.3070559799671173,1.4851233009351732,-0.5779258952594664,0.867276323077031
I14788.AG,Turkey,Turkey_Southeast_Kilis_MBA.AG,4450.0,0.5895980000495911,1.431682003752221,-0.588074817838878,1.040089998483902
I14789.AG,Turkey,Turkey_Southeast_Kilis_MBA_sister.I14784.daughter.I14782.AG,3658.0,0.6258336305618286,1.4896985900589144,-0.6172942714385048,0.9629256937965676
I14790.AG,Turkey,Turkey_Southeast_Kilis_Byzantine_mother.or.daughter.I14791.AG,950.0,0.3720147311687469,1.4741888057141097,-0.6028593145486765,0.9583251139062501
I14791.AG,Turkey,Turkey_Southeast_Kilis_Byzantine.AG,942.0,0.5364542007446289,1.459922959108359,-0.5859393249910452,0.9223582817228498
I14792.AG,Turkey,Turkey_Southeast_Kilis_EBA_A.AG,4247.0,0.6431699991226196,1.4696264590580208,-0.6202526379390063,0.9554280526829527
I14794.AG,Turkey,Turkey_Southeast_Kilis_EBA_A.AG,4450.0,0.445720374584198,1.4249876145793667,-0.5855715097674492,0.9746372484061345
I14797.AG,Turkey,Turkey_Southeast_Kilis_EBA_A.AG,4450.0,0.5826061964035034,1.4320022489086592,-0.6027997735448001,0.9261462477733428
I14798.AG,Turkey,Turkey_Southeast_Kilis_EBA_A.AG,4450.0,0.5404930710792542,1.4136939624831515,-0.6139072255039144,0.9690351550481328
I14799.AG,Turkey,Turkey_Marmara_Iznik_Basilica_Roman_Byzantine_A.AG,1575.0,0.518337607383728,1.46700410790891,-0.5767031002786084,0.9532375201874724
I14800.AG,UnitedKingdom,England_MIA.AG,2228.0,0.6116796731948853,-1.4659961968521233,0.08049241391493052,0.6088004479917681
I14801.AG,UnitedKingdom,England_MIA.AG,2214.0,0.5972418785095215,-1.549099265927441,0.20119091870672562,0.5331667027293592
I14802.AG,UnitedKingdom,England_MIA.AG,2247.0,0.3026294112205505,-1.5302617894742525,0.09689054338483895,0.5913395139376988
I14803.AG,UnitedKingdom,England_MIA_highEEF.AG,2224.0,0.2818185985088348,-1.5061544817969557,0.1198834327782807,0.6347929750334713
I14804.AG,UnitedKingdom,England_MIA.AG,2233.0,0.6303623914718628,-1.5612503728612015,0.15693302733317327,0.6353898176564613
I14807.AG,UnitedKingdom,England_MIA.AG,2241.0,0.5304794311523438,-1.532834040450991,0.12037061478621731,0.5461771942685142
I14808.AG,UnitedKingdom,England_MIA.AG,2274.0,0.3026391565799713,-1.4672466813463352,0.14696154101515202,0.6014486533651983
I14809.AG,UnitedKingdom,England_MIA_LIA.AG,2199.0,0.4468493163585663,-1.4466136987549154,0.06632731400088136,0.5941422791253587
I14820.AG,Turkey,Turkey_Marmara_Balikesir_Byzantine.AG,390.0,0.6925725936889648,1.4851595762941712,-0.6359859158938961,0.9883310094413251
I14821.AG,Turkey,Turkey_Marmara_Balikesir_Byzantine.AG,1150.0,0.6715120077133179,1.4536454096791829,-0.5604379945889401,0.9563301226463907
I14822.AG,Turkey,Turkey_Marmara_Balikesir_Byzantine.AG,1150.0,0.6834153532981873,1.4667773615822481,-0.6084646239464847,0.978034141205683
I14823.AG,Turkey,Turkey_Marmara_Balikesir_PostMedieval.AG,377.0,0.7079527974128723,1.497814233470834,-0.6062620104054761,0.946166171682768
I14824.AG,Turkey,Turkey_Marmara_Balikesir_Byzantine.AG,1456.0,0.6858678460121155,1.4899944069427045,-0.6609141207138397,0.9868751675037226
I14831.AG,Turkey,Turkey_Marmara_Balikesir_Byzantine.AG,1150.0,0.687375545501709,1.4337892047214156,-0.5965315105775577,0.948713121439421
I14832.AG,Turkey,Turkey_Marmara_Balikesir_Byzantine.AG,1150.0,0.7021799683570862,1.479295049068966,-0.5687155574606313,0.9435585935584581
I14833.AG,Turkey,Turkey_Marmara_Iznik_Y.kapi_Byzantine.AG,1400.0,0.4108456373214721,1.4641888362401394,-0.5876350065633271,0.9359883887273168
I14837.AG,UnitedKingdom,England_MIA_LIA.AG,2046.0,0.495331346988678,-1.5628289168432958,0.0629370593793916,0.5988106416879297
I14839.AG,Turkey,Turkey_Marmara_Iznik_Y.kapi_Byzantine.AG,1466.0,0.7077443599700928,1.4486051713855916,-0.6171868183021794,0.9487796487536709
I14840.AG,Turkey,Turkey_Marmara_Iznik_Y.kapi_Byzantine.AG,1478.0,0.3961807489395141,1.441397648923917,-0.534422489754307,0.9453401253530422
I14842.AG,Turkey,Turkey_Marmara_Iznik_Y.kapi_Byzantine.AG,1400.0,0.6474716663360596,1.4595041715492865,-0.612415018975997,0.9793407693629764
I14843.AG,Turkey,Turkey_Marmara_Iznik_Y.kapi_Byzantine.AG,1400.0,0.659647524356842,1.4731917702725141,-0.6105109419667926,1.0125236478967112
I14844.AG,Turkey,Turkey_Marmara_Iznik_Y.kapi_PostMedieval.AG,386.0,0.7219315767288208,1.44984345988907,-0.6240475607321428,0.9907039728853144
I14845.AG,Turkey,Turkey_Marmara_Apollonia_Roman.AG,1900.0,0.4536626935005188,1.4456862774015127,-0.5922626664423443,0.9664392910515863
I14846.AG,Germany,Germany_Medieval_Jewish.AG,625.0,0.0503644309937953,-0.42519740214852847,-0.17827829035163073,0.7751721654070207
I14847.AG,Germany,Germany_Medieval_Jewish.AG,625.0,0.7152876853942871,-0.33029002631870075,-0.25088356947920054,0.8025731523250442
I14850.AG,Germany,Germany_Medieval_Jewish.AG,604.0,0.4688490629196167,-0.35026539121200706,-0.20387951074139965,0.7933725872633488
I14851.AG,Germany,Germany_Medieval_Jewish.AG,604.0,0.3626563549041748,-0.3298298794091244,-0.21075958349363816,0.7751032860477678
I14852.AG,Germany,Germany_Medieval_Jewish.AG,625.0,0.2195751368999481,-0.32276369504339436,-0.22845828739042054,0.7317225367983329
I14853.AG,Germany,Germany_Medieval_Jewish_son.I14850.brother.I14898.AG,606.0,0.4419263899326324,-0.3489603904661788,-0.19511601166024367,0.8568193961422672
I14857.AG,UnitedKingdom,England_EIA.AG,2408.0,0.1434623897075653,-1.6467423298258852,0.17271011248793378,0.5462346550736398
I14858.AG,UnitedKingdom,England_MIA.AG,2254.0,0.6170032024383545,-1.5471926986131042,0.14621907766610695,0.5870248872354393
I14859.AG,UnitedKingdom,England_MIA.AG,2227.0,0.6082603931427002,-1.5088658287238819,0.19224006736603877,0.5617564051514297
I14860.AG,UnitedKingdom,England_MIA.AG,2231.0,0.6713416576385498,-1.4956196895744298,0.052618576844226425,0.6523686485954516
I14861.AG,UnitedKingdom,England_LBA_highEEF.AG,2810.0,0.6041947603225708,-1.511797937618581,0.1442554822446553,0.5900615148026006
I14862.AG,UnitedKingdom,England_LBA.AG,2834.0,0.7041807174682617,-1.5013573330612093,0.08410343266005303,0.6360157062487964
I14863.AG,UnitedKingdom,England_MIA.AG,2225.0,0.6798087358474731,-1.589064908451236,0.212357568072574,0.6210854422082115
I14864.AG,UnitedKingdom,England_LBA.AG,2839.0,0.6445941925048828,-1.4727661451183254,0.1843708490965386,0.5713949430843087
I14865.AG,UnitedKingdom,England_LBA_highEEF.AG,2823.0,0.2105436027050018,-1.526526279917762,0.08649215101008619,0.6550771171507481
I14866.AG,UnitedKingdom,England_MIA.AG,2226.0,0.6376769542694092,-1.415110920284691,-0.002483735599536879,0.6454561441017842
I14897.AG,Germany,Germany_Medieval_Jewish.AG,603.0,0.1989476233720779,-0.29626744412006617,-0.33756984001656976,0.7963158113869879
I14898.AG,Germany,Germany_Medieval_Jewish.AG,615.0,0.0980971008539199,-0.3226600861680858,-0.2993839673387029,0.7986912536495699
I14901.AG,Germany,Germany_Medieval_Jewish.AG,625.0,0.0564900785684585,-0.39094661891698973,-0.21243281804201772,0.778896589926658
I14903.AG,Germany,Germany_Medieval_Jewish.AG,625.0,0.511756181716919,-0.3905171894216605,-0.23535830726768517,0.7952119386450891
I14904.AG,Germany,Germany_Medieval_Jewish.AG,606.0,0.6025475859642029,-0.36505972310690604,-0.20117878208283957,0.7737920058719076
I14916.AG,Greece,Greece_Crete_Zakros_BA.AG,3768.0,0.1334519535303115,1.896237772191413,-0.4661824357960398,2.2376758770083693
I14962.AG,Hungary,Hungary_N_Koros.AG,7544.0,0.6967785358428955,1.581797056867442,-0.013779481775649942,-0.8144510039043248
I14965.AG,Hungary,Hungary_N_Koros.AG,7500.0,0.271936297416687,1.6376207341702504,0.0337084452397784,-0.9592302636757901
I14980.AG,Czechia,Czechia_IA_Hallstatt.AG,2625.0,0.6607367396354675,-0.30380310986248926,-0.04153771767584921,0.19726706515410708
I14983.AG,Czechia,Czechia_IA_Hallstatt.AG,2625.0,0.5451369881629944,-0.39846475998251624,0.05029792549584885,0.2243918813473587
I14985.AG,Czechia,Czechia_IA_LaTene.AG,2225.0,0.6554553508758545,-0.39177471040566797,0.0766950624884985,0.17464040044311988
I14986.AG,Czechia,Czechia_IA_LaTene.AG,2255.0,0.68880295753479,-0.4001323358247318,-0.01898494303860598,0.21849380096250187
I14987.AG,Czechia,Czechia_IA_LaTene.AG,2255.0,0.4438347220420837,-0.3928976626540245,0.05206277771354233,0.20253389360163754
I14988.AG,Czechia,Czechia_IA_LaTene_father.or.son.I17142.AG,2255.0,0.4141408205032348,-0.38090017356452505,-0.002829368719026587,0.18485095334935736
I15027.AG,France,France_Medieval_o.AG,685.0,0.6940088868141174,-1.0268894656794993,-0.8421615763778357,-0.486339339358113
I15028.AG,France,France_EBA.AG,4218.0,0.6821444630622864,-0.9958632642610056,-0.8634818794073185,-0.47554730611871054
I15029.AG,France,France_N.AG,5700.0,0.6933317184448242,-0.9686324961003101,-0.850357606384193,-0.47008860262194696
I15030.AG,France,France_N.AG,5700.0,0.6408910751342773,-0.980639702838702,-0.8254593117347032,-0.47118139322171454
I15031.AG,France,France_N.AG,5700.0,0.6871825456619263,-0.968305382490452,-0.9092406237812293,-0.516077896536841
I15032.AG,France,France_N.AG,5700.0,0.6944176554679871,-1.0193054367722432,-0.8444728550968371,-0.457298086791112
I15033.AG,France,France_EBA.AG,3765.0,0.7092269062995911,-0.9829589600186427,-0.7945481034129307,-0.4579652919653656
I15034.AG,France,France_N_BA.AG,5000.0,0.6678040027618408,-1.024740321589643,-0.8807596045070499,-0.47705812608579856
I15035.AG,France,France_N.AG,5000.0,0.7044718861579895,-0.9777038346181526,-0.8383016886211915,-0.47005490782327497
I15039.AG,Czechia,Czechia_IA_LaTene.AG,2185.0,0.6962602734565735,-0.3602363584552956,0.022817303932427604,0.22142618868657418
I15040.AG,Czechia,Czechia_IA_LaTene.AG,2240.0,0.624154806137085,-0.4003768213164417,0.07409447428850396,0.1483504440738938
I15041.AG,Czechia,Czechia_LBA_Knoviz.AG,3151.0,0.6651446223258972,-0.39746928946707966,0.04629900327308694,0.1538988154649183
I15042.AG,Czechia,Czechia_IA_LaTene.AG,2225.0,0.7060566544532776,-0.4126095221199515,0.07205865625244323,0.25338874363067854
I15043.AG,Czechia,Czechia_IA_LaTene.AG,2240.0,0.7074021100997925,-0.39526508567216273,0.03191560580222474,0.2038723847876334
I15044.AG,Czechia,Czechia_IA_LaTene.AG,2230.0,0.7183306217193604,-0.3743525246872626,0.0694798313453413,0.19007935809408188
I15045.AG,Czechia,Czechia_IA_LaTene.AG,2255.0,0.7065489292144775,-0.3799723663446175,0.0526000229603759,0.1978546812005885
I15046.AG,Czechia,Czechia_IA_LaTene.AG,2256.0,0.7096413373947144,-0.3506195743769246,0.10304641370933434,0.180460661460611
I15047.AG,Czechia,Czechia_IA_LaTene.AG,2170.0,0.4640251100063324,-0.40746234130101117,0.03366229660040441,0.19495558203620178
I15048.AG,Czechia,Czechia_IA_LaTene.AG,2385.0,0.6501594185829163,-0.36465032876478765,0.03638010145720738,0.2308513156660785
I15049.AG,Czechia,Czechia_IA_LaTene.AG,2275.0,0.3895822763442993,-0.4020413175798072,0.05853645700345976,0.20222658170873595
I15071.AG,Czechia,Czechia_IA_Hallstatt.AG,2625.0,0.2785104513168335,-0.43723940119801546,0.03815173218267436,0.20871735454568266
I15073.AG,Hungary,Hungary_EN_Koros.AG,7610.0,0.6981304883956909,1.5450666521716705,0.01596557400146881,-0.7952368118942643
I15074.AG,Hungary,Hungary_N_Koros.AG,7500.0,0.5610573291778564,1.6233213513198874,0.11066367841306514,-0.8754243312581116
I15463.AG,Croatia,Croatia_Medieval_sister.I15744.AG,1200.0,0.6780358552932739,0.912551286587097,-0.023959507984951774,0.6013576546049082
I15486.AG,Serbia,Serbia_Roman.AG,1750.0,0.3315731585025787,0.41637321665664473,0.12065083737356354,-0.03964511435709477
I15488.AG,Serbia,Serbia_Roman.AG,1700.0,0.4860386848449707,0.3438257634620082,0.13803449225852,-0.08046154601539526
I15489.AG,Serbia,Serbia_Roman.AG,1700.0,0.3493491113185882,0.3401412876433002,0.10601734164718768,-0.08594406838725108
I15490.AG,Serbia,Serbia_Roman.AG,1750.0,0.2437362819910049,0.37645435498221913,0.11052774936042516,-0.0753902076995936
I15492.AG,Serbia,Serbia_Roman.AG,1648.0,0.4980036616325378,0.3451695285068642,0.14597474212952868,-0.07944961989898501
I15494.AG,Serbia,Serbia_Roman.AG,1750.0,0.1483058184385299,0.3339187495563581,0.11563061998794792,-0.0728570575735604
I15495.AG,Serbia,Serbia_Roman.AG,1750.0,0.3294750452041626,0.3634550385815427,0.16363316032237185,-0.10140140289844483
I15500.AG,Serbia,Serbia_Roman.AG,1740.0,0.0812205523252487,0.38128839340411563,0.12990308357019953,-0.08584658449214527
I15502.AG,Serbia,Serbia_Roman.AG,1680.0,0.1384551525115966,0.3562882525443631,0.09700927178982119,-0.08263927004941364
I15504.AG,Serbia,Serbia_Roman.AG,1700.0,0.550814151763916,0.3006478904707042,0.12506626426489117,-0.0901635143020852
I15507.AG,Serbia,Serbia_Roman.AG,1700.0,0.3050778806209564,0.36862965071197706,0.17430720140037997,-0.12162981389885752
I15508.AG,Serbia,Serbia_Roman.AG,1700.0,0.4724905490875244,0.3512843220878288,0.13081639455013194,-0.06883143936265482
I15509.AG,Serbia,Serbia_Roman.AG,1750.0,0.0580642707645893,0.3427950858366466,0.13045744294687744,-0.09761763236947667
I15510.AG,Serbia,Serbia_Roman.AG,1750.0,0.4617477655410766,0.3236325340106952,0.1313748994290842,-0.07289598731466769
I15513.AG,Serbia,Serbia_Roman.AG,1775.0,0.3854565918445587,0.36396402573188613,0.11497548874132717,-0.052767803852805564
I15514.AG,Serbia,Serbia_Roman.AG,1750.0,0.1577363759279251,0.33259786835416966,0.1371965121201745,-0.08537081175506407
I15515.AG,Serbia,Serbia_Roman.AG,1750.0,0.066519983112812,0.35768773160758754,0.1362650649737207,-0.06809859215815439
I15516.AG,Serbia,Serbia_Roman.AG,1769.0,0.1908998489379882,0.35059659213041744,0.12680275989988735,-0.08010231764354324
I15517.AG,Serbia,Serbia_Roman.AG,1777.0,0.120624840259552,0.33852037484160824,0.12259822578266422,-0.07742992627510585
I15518.AG,Serbia,Serbia_Roman.AG,1688.0,0.2345060408115387,0.3442670735015679,0.12664619153255405,-0.08243503802017238
I15520.AG,Serbia,Serbia_Roman.AG,1696.0,0.4634046852588653,0.30555881722048106,0.14557484039157678,-0.07319305259685428
I15521.AG,Serbia,Serbia_Roman.AG,1756.0,0.1993831396102905,0.33944682069989673,0.1347759745263959,-0.05897611077795318
I15522.AG,Serbia,Serbia_Roman.AG,1700.0,0.325825423002243,0.33128105738386143,0.13374700706134587,-0.08901141001661231
I15524.AG,Serbia,Serbia_Roman.AG,1700.0,0.1636130362749099,0.353175884881775,0.10208103506766636,-0.04956916252529741
I15525.AG,Serbia,Serbia_Roman.AG,1750.0,0.3573547005653381,0.35845244771328505,0.12728829960034,-0.07313432854595758
I15526.AG,Serbia,Serbia_Roman.AG,1680.0,0.2491149753332138,0.36395913836028515,0.11008164225559325,-0.0562922934113749
I15527.AG,Serbia,Serbia_Roman.AG,1815.0,0.5561603903770447,0.31875694163932444,0.11827448718347995,-0.08315621236775005
I15528.AG,Serbia,Serbia_Roman.AG,1795.0,0.2573371231555938,0.3672654476067705,0.13310366922241385,-0.08519020415948003
I15529.AG,Serbia,Serbia_Roman.AG,1800.0,0.3431293964385986,0.360706021374681,0.12436763729954484,-0.042709770042221665
I15531.AG,Serbia,Serbia_Roman.AG,1595.0,0.254217118024826,0.32929670232137276,0.13695262032364286,-0.07462416000223869
I15532.AG,Serbia,Serbia_Roman.AG,1600.0,0.1279589086771011,0.3515332537645027,0.11683556142494879,-0.051432964750739454
I15533.AG,Serbia,Serbia_Roman.AG,1644.0,0.1874513924121856,0.3288619691447138,0.12544060323793488,-0.09476942181211263
I15534.AG,Serbia,Serbia_Roman.AG,1654.0,0.0732863321900367,0.3262857546442816,0.11075590706836863,-0.07154400588378111
I15535.AG,Serbia,Serbia_Roman.AG,1610.0,0.1217700019478797,0.3474248742684221,0.13216040369954418,-0.08064274398362425
I15537.AG,Serbia,Serbia_EarlyMedieval_Slavic.AG,1050.0,0.3724526762962341,0.3310936381345609,0.14524046246476377,-0.09823121833297081
I15540.AG,Serbia,Serbia_EarlyMedieval_Slavic.AG,1026.0,0.524964451789856,0.34199445126747263,0.11743187244048525,-0.07842848677192193
I15541.AG,Serbia,Serbia_EarlyMedieval_Slavic.AG,1050.0,0.3621348738670349,0.31778428988563406,0.11911704794150182,-0.06299634278730223
I15542.AG,Serbia,Serbia_EarlyMedieval_Slavic.AG,980.0,0.4811076521873474,0.34261130542012525,0.13633398078887154,-0.07899265200333207
I15543.AG,Serbia,Serbia_EarlyMedieval_Slavic.AG,1050.0,0.5108526945114136,0.37835911043265014,0.15257110374244628,-0.08153096184284477
I15544.AG,Serbia,Serbia_Roman.AG,1581.0,0.4148431420326233,0.3965502289037004,0.1298602422919108,-0.06029977748195359
I15545.AG,Serbia,Serbia_Roman.AG,1472.0,0.5616015195846558,0.317958958386642,0.12118070201598409,-0.1027867913848211
I15546.AG,Serbia,Serbia_Roman.AG,1555.0,0.3388334214687347,0.3802437278744164,0.1400818292741574,-0.058600328819420844
I15548.AG,Serbia,Serbia_Roman.AG,1555.0,0.4421834945678711,0.3388892704731867,0.15985766942692733,-0.06920201290330406
I15549.AG,Serbia,Serbia_Gepid.AG,1598.0,0.3804298937320709,0.3648085297955107,0.15615934034821868,-0.09800307113352408
I15551.AG,Serbia,Serbia_Roman.AG,1645.0,0.3225270211696625,0.38641303193175036,0.12669136777715523,-0.058834352470164976
I15552.AG,Serbia,Serbia_Roman.AG,1555.0,0.2837520837783813,0.363062067372701,0.1398032835191425,-0.05429065720839791
I15553.AG,Serbia,Serbia_Roman.AG,1585.0,0.3669653236865997,0.38721306414068857,0.1370974829158274,-0.09504934870520033
I15554.AG,Serbia,Serbia_Roman.AG,1520.0,0.152451753616333,0.3475825068289677,0.13888102684430598,-0.05921078712730737
I15555.AG,Serbia,Serbia_Roman.AG,1520.0,0.3012758195400238,0.3333505118897899,0.10878193293285669,-0.07851310014452467
I15556.AG,Serbia,Serbia_Roman.AG,1555.0,0.0574803352355957,0.3842956727446852,0.13445298148026485,-0.07836427153976061
I15571.AG,Greece,Greece_Attica_Kolikrepi_BA.AG,3417.0,0.4292963743209839,1.9753520994158864,-0.5026022675414676,2.2329565899036576
I15582.AG,Greece,Greece_Attica_Kolikrepi_BA.AG,3466.0,0.2551311254501343,1.9108974406255819,-0.4956266725012927,2.2135981914984058
I15617.AG,Romania,Romania_C_Bodrogkeresztur_brother.I18114.brother.I7135.AG,5900.0,0.6352755427360535,1.2879249781290536,0.3849558333368928,-0.02120569247749636
I15618.AG,Romania,Romania_C_Bodrogkeresztur.AG,5900.0,0.5794886350631714,1.2632263599299172,0.4274397570006309,-0.010697606017062936
I15619.AG,Romania,Romania_C_Bodrogkeresztur.AG,5900.0,0.6274994611740112,1.2405391886769837,0.3991532513328244,-0.005856274425789571
I15621.AG,Romania,Romania_C_Bodrogkeresztur.AG,5900.0,0.574658989906311,1.269484935018928,0.4237012447656876,-0.026335531244735297
I15622.AG,Romania,Romania_C_Bodrogkeresztur_sister.I7133.AG,5900.0,0.5370819568634033,1.2541782088225457,0.40651082093477997,-0.024317930692678874
I15623.AG,Romania,Romania_C_Bodrogkeresztur_o1.AG,6088.0,0.5641181468963623,1.2913826865008895,0.4093041632081594,0.011422183642460164
I15642.AG,Czechia,Czechia_EBA_Unetice.AG,3950.0,0.3147193193435669,-0.3573349444955373,0.013033819632201557,0.16052349837528873
I15643.AG,Czechia,Czechia_EBA_Unetice.AG,3950.0,0.5896774530410767,-0.3420754259295666,0.05152711682873235,0.22340726815228662
I15644.AG,Czechia,Czechia_EBA_Unetice.AG,3950.0,0.6273007392883301,-0.40954131732071064,0.035830445060953904,0.17932995262598922
I15646.AG,Czechia,Czechia_EBA_Unetice_son.I13470.AG,3950.0,0.5919240117073059,-0.3946552303771464,0.0586992089135702,0.1878760666762682
I15648.AG,Czechia,Czechia_N.AG,5397.0,0.4833882451057434,-0.40844779461559977,0.06693736969894794,0.1322089072800022
I15650.AG,Czechia,Czechia_N_possible.AG,3058.0,0.5832023024559021,-0.35139126307213686,0.027159764866954178,0.19928407412674157
I15705.AG,Albania,Albania_Podgorie_N.AG,8096.0,0.0876122117042541,1.9955365997872045,-0.3710671843226254,0.5650321264450973
I15706.AG,Albania,Albania_Pazhok_PostMedieval.AG,320.0,0.6866756677627563,2.0030151491841175,-0.3598690158296966,0.5750419909750499
I15707.AG,Albania,Albania_Bardhoc_PostMedieval.AG,399.0,0.6821355223655701,1.9940388439679753,-0.3874284972244258,0.5870453641125317
I15741.AG,Croatia,Croatia_Medieval.AG,1096.0,0.6841574311256409,0.8280704160394247,-0.007874913238170508,0.6443659761421038
I15742.AG,Croatia,Croatia_Medieval_o.AG,1232.0,0.6735379099845886,0.8008540167350745,0.022253222110777744,0.6018213506236564
I15743.AG,Croatia,Croatia_Medieval.AG,1029.0,0.6954411864280701,0.8401223794912038,-0.003775686527139629,0.719342068565085
I15744.AG,Croatia,Croatia_Medieval.AG,1228.0,0.6794186234474182,0.8403897515485248,-0.03852981449805135,0.684345457068121
I15818.AG,Czechia,Czechia_EN_LBK.AG,7200.0,0.6372998356819153,-0.30590778526761486,0.02150065176908769,0.17286922865493862
I15819.AG,Czechia,Czechia_N.AG,7200.0,0.2348434329032898,-0.3884352040344711,0.04812724814285288,0.19890402052054532
I15823.AG,Czechia,Czechia_C.AG,5550.0,0.5073409676551819,-0.3153981934777911,0.027120885248976604,0.1896955090139083
I15824.AG,Czechia,Czechia_EBA_Unetice.AG,3900.0,0.6159862279891968,-0.35557413956656153,-0.013221475410276816,0.19696638643599793
I15825.AG,Czechia,Czechia_EBA_Unetice.AG,3850.0,0.4305907487869262,-0.36693200989443214,0.05008599586269986,0.17455471239817424
I15826.AG,Czechia,Czechia_C.AG,5505.0,0.1962704360485077,-0.3848815413677601,-0.005552101972345361,0.19684904346691015
I15940.AG,Italy,Italy_Sardinia_N_oAfrica.AG,4203.0,0.4567461907863617,-0.041363921608809216,-0.7964798955718888,0.3599007178779527
I15941.AG,Italy,Italy_Sardinia_N.AG,4196.0,0.6168037056922913,-0.067806399524884,-0.77781947523857,0.3750601480411518
I15942.AG,Italy,Italy_Sardinia_N.AG,4297.0,0.4897442162036896,-0.08946206610150867,-0.7225803442534952,0.3772235173179563
I15943.AG,Italy,Italy_Sardinia_N.AG,5723.0,0.1190839037299156,-0.0751646815796546,-0.714922427207222,0.4205557664568489
I15945.AG,Italy,Italy_Sardinia_N.AG,5825.0,0.152491495013237,-0.00767546324713522,-0.7436706914628697,0.43040681781868534
I15946.AG,Italy,Italy_Sardinia_N.AG,5968.0,0.3961304426193237,-0.12650130554170796,-0.7212709269095817,0.40713653600697075
I15947.AG,Italy,Italy_Sardinia_N_contam.AG,5575.0,0.1116849556565284,-0.045842887943268996,-0.7335836867322622,0.4004804433847895
I15950.AG,Czechia,Czechia_IA_LaTene.AG,2385.0,0.596672534942627,-0.41277595171348097,-0.0048898654188320595,0.24053639889641848
I15951.AG,Czechia,Czechia_IA_LaTene.AG,2235.0,0.6015548706054688,-0.38196399485128835,0.03551752396503927,0.23799023869470143
I15952.AG,Czechia,Czechia_IA_LaTene.AG,2310.0,0.621917188167572,-0.3637537782263931,0.05479518723948031,0.19479670663840837
I15953.AG,Czechia,Czechia_IA_LaTene_mother.or.daughter.I15039.AG,2185.0,0.6077405214309692,-0.42243177380656594,0.06186581660815673,0.19659274757692727
I15954.AG,Czechia,Czechia_IA_LaTene.AG,2305.0,0.625424861907959,-0.40097834886557787,0.06997001281811122,0.20532923945363377
I15955.AG,Czechia,Czechia_LBA_Knoviz.AG,3059.0,0.5646339654922485,-0.40966614565132803,0.05983986962847658,0.28057122973109744
I15956.AG,Czechia,Czechia_LBA_Knoviz.AG,3050.0,0.5134528279304504,-0.37519399750446397,0.020846545605418758,0.20232507990327783
I15957.AG,Czechia,Czechia_LBA_Knoviz.AG,3050.0,0.6024989485740662,-0.35666323552715495,0.07320610445889164,0.21729642388474013
I15958.AG,Czechia,Czechia_LBA_Knoviz.AG,3050.0,0.6114209890365601,-0.3790390572384913,0.04459382940550749,0.18962724552316065
I15959.AG,Czechia,Czechia_LBA_Knoviz.AG,3022.0,0.6275399923324585,-0.47162487625029803,0.041742417294941346,0.22241206691878274
I15960.AG,Czechia,Czechia_LBA_Knoviz.AG,3050.0,0.6229796409606934,-0.40058116228156637,0.035773912437063266,0.1868222282594024
I15961.AG,Czechia,Czechia_LBA_Knoviz_o3.AG,3050.0,0.3412234783172607,-0.3997098446148408,0.055488126081329185,0.27077684323194373
I16006.AG,Austria,Austria_EN_LBK.AG,7019.0,0.6250396370887756,0.6475910064443102,-0.637285236025923,-0.13130841696998016
I16007.AG,Slovakia,Slovakia_N_LBK_sister.I14178.AG,7100.0,0.6541236639022827,1.1678668293586447,0.11443826128507399,0.3058998500489618
I16008.AG,Slovakia,Slovakia_N_LBK.AG,7100.0,0.6466598510742188,1.179226033739273,0.08205877766678188,0.29130860216500365
I16009.AG,Slovakia,Slovakia_N_LBK_mother.or.daughter.I14599.AG,7100.0,0.6422470808029175,1.1358903158847378,0.11871512801038359,0.3204435972095257
I16010.AG,Slovakia,Slovakia_N_LBK.AG,7100.0,0.6497360467910767,1.192795047963782,0.12108345603337654,0.3245263260114147
I16011.AG,Slovakia,Slovakia_N_LBK.AG,7100.0,0.6269398331642151,1.1778331759733536,0.10828765926066737,0.3329590498992304
I16012.AG,Slovakia,Slovakia_N_LBK.AG,7100.0,0.649976909160614,1.1902434126446582,0.13638518586341516,0.3107139841931886
I16013.AG,Slovakia,Slovakia_N_LBK.AG,7100.0,0.6211710572242737,1.1624343562735435,0.10526819422874627,0.3179392488677632
I16014.AG,Slovakia,Slovakia_N_LBK.AG,7100.0,0.269215315580368,1.179812065490904,0.09661196527102653,0.31685282207662974
I16015.AG,Slovakia,Slovakia_N_LBK.AG,7100.0,0.6339357495307922,1.1905006215496914,0.08991803474310035,0.3290741266332804
I16016.AG,Slovakia,Slovakia_N_LBK.AG,7100.0,0.654448926448822,1.1484370082292616,0.1001797786852167,0.3317147441670562
I16088.AG,Czechia,Czechia_IA_Hallstatt.AG,2593.0,0.3441407382488251,-0.3884717129600616,0.04921534431992041,0.17542814691279407
I16089.AG,Czechia,Czechia_LBA_Knoviz.AG,3000.0,0.6776400804519653,-0.3849454226874381,0.020537044837091113,0.19880665410224643
I16090.AG,Czechia,Czechia_IA_LaTene_Hallstatt.AG,2350.0,0.6739888191223145,-0.35265502321794456,0.05071867965459277,0.20436999711144363
I16092.AG,Czechia,Czechia_N.AG,5385.0,0.6100633144378662,-0.3465241009998294,0.05859324164992929,0.20314260010266832
I16099.AG,Czechia,Czechia_MBA_Tumulus.AG,3325.0,0.5941137671470642,-0.31847447958080133,-0.08149341972690793,0.2014781259083119
I16100.AG,Czechia,Czechia_MBA_Tumulus.AG,3325.0,0.5037384033203125,-0.33052413054394336,0.09083643747026017,0.22007915103912934
I16108.AG,Czechia,Czechia_LN.AG,5526.0,0.2206229716539383,-0.3759535417764999,0.04912909148155402,0.20120316101242297
I16109.AG,Czechia,Czechia_EBA_Unetice.AG,3950.0,0.5140473246574402,-0.3596514028283319,0.04282711817574542,0.21313848650769993
I16110.AG,Czechia,Czechia_EBA_Unetice_brother.I7958.AG,3950.0,0.1569894254207611,-0.3563422639709716,0.02466278227168111,0.17931656584179867
I16111.AG,Czechia,Czechia_MBA_Tumulus.AG,3325.0,0.4563139379024505,-0.3948537054508958,0.05890651346299581,0.21200474126330618
I16112.AG,Czechia,Czechia_MBA_Tumulus.AG,3325.0,0.5469439625740051,-0.37903380601630254,-0.01019780887661104,0.1903285064166006
I16113.AG,Czechia,Czechia_Medieval.AG,1462.0,0.5799468159675598,-0.45278406719630443,0.034005804331818566,0.1896492056550203
I16121.AG,Czechia,Czechia_C_Baalberge.AG,5850.0,0.4977303445339203,-0.36278130495243627,0.015085755926769438,0.2570987232571836
I16122.AG,Czechia,Czechia_C_Baalberge.AG,5850.0,0.4526278376579284,-0.34435358297963614,-0.0796823433802356,0.13463695493136388
I16163.AG,Italy,Italy_Sardinia_IA_2.AG,2576.0,0.4768668413162231,0.0045709086391289445,-0.7230877976517663,0.40098808656715795
I16164.AG,Italy,Italy_Sardinia_C.AG,4415.0,0.416925847530365,-0.07997606016179759,-0.7255588496301547,0.421114689782095
I16165.AG,Italy,Italy_Sardinia_N.AG,5671.0,0.4372467994689941,-0.08777046254610774,-0.7676130076483875,0.40255317636037485
I16166.AG,Italy,Italy_Sardinia_N.AG,5746.0,0.1059299483895301,-0.06338642955741816,-0.7235625200845507,0.44174782746904123
I16168.AG,Italy,Italy_Sardinia_N.AG,5807.0,0.3603457510471344,-0.12205370708261705,-0.7318239663780192,0.37208471479987926
I16169.AG,Italy,Italy_Sardinia_N.AG,4177.0,0.3800041079521179,-0.09304796832597671,-0.7469463666066136,0.41090750552416655
I16170.AG,Italy,Italy_Sardinia_MBA.AG,3337.0,0.4817467331886291,-0.10567065647394035,-0.7343109637560836,0.3483834779882797
I16182.AG,Czechia,Czechia_LBA_Knoviz.AG,3050.0,0.5114771723747253,-0.45684572303351567,0.04742680281669183,0.21108740485952382
I16183.AG,Italy,Italy_Sardinia_N.AG,5164.0,0.1558158695697784,-0.0899670848424108,-0.695722250503976,0.44714641090158924
I16239.AG,Slovakia,Slovakia_N_LBK.AG,7100.0,0.1575587540864944,1.1964735307310626,0.0907275189866839,0.3428525918561003
I16240.AG,Slovakia,Slovakia_N_LBK.AG,7100.0,0.2062249183654785,1.1458870806693042,0.10501645654770536,0.3162598754209427
I16241.AG,Slovakia,Slovakia_N_LBK_son.I17545.AG,7100.0,0.3358253240585327,1.1805904510603433,0.11119354159988322,0.302328240200719
I16242.AG,Slovakia,Slovakia_N_LBK.AG,7100.0,0.0556222833693027,1.182075998343787,0.10951947069429697,0.32449796830024097
I16245.AG,Slovakia,Slovakia_N_LBK.AG,7100.0,0.4092130362987518,1.1921942939857941,0.10954022879272851,0.3218348124206815
I16246.AG,Slovakia,Slovakia_N_LBK_mother.or.daughter.I16008.AG,7100.0,0.2100399583578109,1.186299157959696,0.10596376545757505,0.3323901983400217
I16247.AG,France,France_GrandEst_EBA.AG,4534.0,0.3892164826393127,-1.038660451881039,-0.8824589117662314,-0.49916586228320686
I16251.AG,Albania,Albania_Cinamak_BA_IA.AG,2225.0,0.3680350482463836,1.971908032351349,-0.37105399312041326,0.5699658516943762
I16253.AG,Albania,Albania_Cinamak_BA_IA.AG,2426.0,0.330487996339798,1.9861622562215329,-0.3693048267115084,0.5819629289835959
I16254.AG,Albania,Albania_Cinamak_BA_IA.AG,2450.0,0.1321454048156738,1.9635396375577254,-0.36116867045530976,0.5653015021871446
I16256.AG,Albania,Albania_Cinamak_IA.AG,2525.0,0.2509065270423889,1.9774339284465305,-0.3777254733848498,0.5770740414643283
I16268.AG,Czechia,Czechia_IA_LaTene.AG,2250.0,0.4905073940753937,-0.42070312604997506,0.04068362302358685,0.18326062250095915
I16269.AG,Czechia,Czechia_IA_LaTene.AG,2250.0,0.099663995206356,-0.3786739127080727,0.053189537080269016,0.1727699814581915
I16270.AG,Czechia,Czechia_IA_LaTene.AG,2250.0,0.160650372505188,-0.3758480904879033,0.04809605578256434,0.18970551031101937
I16271.AG,Czechia,Czechia_IA_LaTene.AG,2250.0,0.5259052515029907,-0.38542444983361135,0.04737664824315601,0.1852459167158589
I16272.AG,Czechia,Czechia_IA_LaTene.AG,2239.0,0.529553234577179,-0.35160016117371407,0.048361980488905255,0.23492163702400914
I16273.AG,Czechia,Czechia_IA_LaTene.AG,2046.0,0.3692013025283813,-0.446137740102326,0.08601565498629668,0.1599522241303881
I16326.AG,Czechia,Czechia_IA_Hallstatt.AG,2625.0,0.4189655780792236,-0.4362799042243059,0.03809922189569343,0.1751570850158565
I16327.AG,Czechia,Czechia_IA_Hallstatt.AG,2592.0,0.4192980825901031,-0.3973998224274057,0.07252360790036465,0.2010270430414634
I16380.AG,UnitedKingdom,England_IA.AG,2329.0,0.3167882263660431,-1.5084246141845759,0.02773867201770858,0.6275691647375697
I16383.AG,UnitedKingdom,England_EarlyMedieval.AG,1250.0,0.2114649266004562,-1.541951637192206,0.14778598085515487,0.5923633764318468
I16385.AG,UnitedKingdom,England_EarlyMedieval.AG,1250.0,0.078005664050579,-1.3755547265070511,0.09706837106629863,0.532206247618035
I16386.AG,UnitedKingdom,England_MIA_LIA.AG,2050.0,0.1418979316949844,-1.482519272894202,0.0746161005675218,0.6285765935368323
I16388.AG,UnitedKingdom,England_IA.AG,2329.0,0.3225180804729461,-1.4951020720280253,0.0713967205336391,0.5913877961514135
I16389.AG,UnitedKingdom,England_EarlyMedieval.AG,1250.0,0.1522562950849533,-1.499585238961935,0.04848068423724604,0.6483391535462418
I16392.AG,UnitedKingdom,England_EarlyMedieval.AG,1225.0,0.1362272799015045,-1.4713419269379355,0.06454186049136405,0.602648820005669
I16395.AG,UnitedKingdom,England_C_EBA.AG,3950.0,0.1079145148396492,-1.4917896970948366,0.14175907950150504,0.5443632249759195
I16396.AG,UnitedKingdom,England_C_EBA.AG,3950.0,0.155367374420166,-1.4609051127866994,0.12945919429692054,0.6061427344020301
I16400.AG,UnitedKingdom,England_C_EBA.AG,3900.0,0.3925911486148834,-1.447013946728935,0.0747494816456287,0.5935809483935273
I16403.AG,UnitedKingdom,England_MBA.AG,3425.0,0.3671696782112121,-1.4783318525516125,0.09663675127271516,0.6403910733013027
I16413.AG,UnitedKingdom,Scotland_LIA.AG,1920.0,0.1614686995744705,-1.489753486254175,0.1265873367441764,0.5804529527063998
I16416.AG,UnitedKingdom,Scotland_MIA_LIA_father.or.son.I16503.AG,2110.0,0.3468795418739319,-1.5036338956940272,0.12929742783951328,0.6054289228851288
I16418.AG,UnitedKingdom,Scotland_LIA.AG,1955.0,0.2531992793083191,-1.5207268757792636,0.01579530188022359,0.5647351494134765
I16422.AG,UnitedKingdom,Scotland_MIA_LIA.AG,2208.0,0.3395706415176391,-1.4786830589244198,0.09398553873977047,0.5495685152178047
I16424.AG,UnitedKingdom,England_C_EBA.AG,4106.0,0.6722118854522705,-1.4334042611580766,0.1110762980564563,0.7071161417483746
I16425.AG,UnitedKingdom,ChannelIslands_LN.AG,4929.0,0.4330319166183471,-1.5133478645446587,0.062467097807563036,0.6207985697712995
I16429.AG,UnitedKingdom,ChannelIslands_LN.AG,4935.0,0.0618087574839592,-1.51104887445162,0.09727542150252619,0.5955973243001859
I16430.AG,UnitedKingdom,ChannelIslands_IA.AG,2084.0,0.305493950843811,-1.5671439837855712,0.1000615788986263,0.6018829928097134
I16437.AG,UnitedKingdom,ChannelIslands_MN.AG,6091.0,0.1491865813732147,-1.4945856942138087,-0.028505886395742922,0.6288007222743187
I16438.AG,UnitedKingdom,ChannelIslands_LN.AG,4384.0,0.1718311160802841,-1.555557392321193,0.10855923140655244,0.6013016015720601
I16439.AG,UnitedKingdom,England_IA.AG,2329.0,0.663790225982666,-1.5348788862068927,0.02344509722772339,0.728407090661021
I16440.AG,UnitedKingdom,England_IA.AG,2329.0,0.4001060724258423,-1.495463429414774,0.11947233934824227,0.6120917932442476
I16441.AG,UnitedKingdom,England_IA.AG,2329.0,0.6150462031364441,-1.5616374598848253,0.17962766409071315,0.6036147882378475
I16442.AG,UnitedKingdom,England_IA.AG,2329.0,0.646755576133728,-1.4727743261760986,0.24232741066350902,0.6458390133186352
I16444.AG,UnitedKingdom,ChannelIslands_MN.AG,6048.0,0.6192489266395569,-1.4563723309348522,-0.01483535749252972,0.5032869453909323
I16450.AG,UnitedKingdom,England_MIA_LIA.AG,2050.0,0.6328157186508179,-1.544075505599794,0.1537502040564624,0.5839054458267955
I16454.AG,UnitedKingdom,England_MBA.AG,3162.0,0.4952932298183441,-1.4912193356700438,0.078469744335508,0.6251947011679682
I16455.AG,UnitedKingdom,England_MIA_LIA.AG,2050.0,0.059280801564455,-1.5375784615264363,0.2157726742833991,0.6249925931265046
I16457.AG,UnitedKingdom,England_MIA_LIA.AG,2050.0,0.5047903060913086,-1.5141707150967576,0.013180087485044244,0.5392806997550449
I16458.AG,UnitedKingdom,England_MIA_LIA.AG,2050.0,0.4024547934532165,-1.5168749439948523,0.08601191026384895,0.5361131858565957
I16463.AG,UnitedKingdom,England_N.AG,5700.0,0.4209614992141723,-1.5248708623891483,0.06309137695976735,0.5610646063413823
I16488.AG,UnitedKingdom,Wales_LBA.AG,3050.0,0.4700420796871185,-1.4833272935835584,0.14209632194716246,0.5716721908622001
I16491.AG,UnitedKingdom,Wales_N.AG,4686.0,0.0832716301083564,-1.4966608967600945,0.13381646556218288,0.6745466599175787
I16495.AG,UnitedKingdom,Scotland_LIA.AG,2055.0,0.6229317784309387,-1.5025923854125474,0.061815234878824954,0.6267999611636926
I16498.AG,UnitedKingdom,Scotland_EIA.AG,2495.0,0.4816096723079681,-1.4937470626709752,0.09520551368472951,0.605862800438303
I16499.AG,UnitedKingdom,Scotland_MIA_LIA.AG,2069.0,0.6524838209152222,-1.5502117042329655,0.041103602431067005,0.6424010332502859
I16503.AG,UnitedKingdom,Scotland_MIA_LIA_father.or.son.I16503.AG,2120.0,0.6757000684738159,-1.46656916983138,0.02367955174251792,0.563902600850442
I16504.AG,UnitedKingdom,Scotland_IA.AG,1916.0,0.5674603581428528,-1.4916802940174534,0.1259465785680048,0.6207126560300409
I16505.AG,UnitedKingdom,ChannelIslands_IA.AG,2058.0,0.158016175031662,-1.4987040188519125,0.12432512165732085,0.6130663019782531
I16508.AG,UnitedKingdom,England_EarlyMedieval.AG,1276.0,0.5848908424377441,-1.4257524235039112,0.15527453723437942,0.7163459961574471
I16509.AG,UnitedKingdom,England_EarlyMedieval.AG,1311.0,0.6549833416938782,-1.5664903480873928,0.13256011962779513,0.5144407887539705
I16510.AG,UnitedKingdom,England_EarlyMedieval.AG,1324.0,0.6498885154724121,-1.4582479271181712,0.10738464017082813,0.6338464513198457
I16538.AG,Czechia,Czechia_EMBA.AG,3975.0,0.5022850632667542,-0.3662234711022754,0.07845340490221472,0.21342204220260852
I16549.AG,Czechia,Czechia_LBA_Knoviz.AG,2868.0,0.458365797996521,-0.43571317220460426,0.020523610458726877,0.2000249051173081
I16571.AG,Turkey,Turkey_Southeast_Gaziantep_Byzantine.AG,750.0,0.0504179596900939,1.478451385630758,-0.6040999251103175,0.9272747335478961
I16580.AG,Turkey,Turkey_Southeast_Kilis_EBA_A.AG,4450.0,0.054723672568798,1.4323046659023377,-0.5594653523678443,0.9354770148388031
I16591.AG,UnitedKingdom,England_MIA.AG,2311.0,0.1838934421539306,-1.4748733458394327,0.10284257842598164,0.6029799659881084
I16595.AG,UnitedKingdom,England_MIA.AG,2236.0,0.0739756971597671,-1.4700167214493745,0.11062835963337313,0.5888265162335669
I16597.AG,UnitedKingdom,England_MIA.AG,2283.0,0.4656358063220978,-1.5313693000223403,0.08328133779385712,0.6482635447901064
I16599.AG,UnitedKingdom,England_MIA.AG,2295.0,0.3457003235816955,-1.4663094028583794,0.11797645687745766,0.5687565163591605
I16601.AG,UnitedKingdom,England_MIA_LIA.AG,2082.0,0.4982405006885528,-1.4950970193877728,0.08167922863111134,0.5698947987140642
I16602.AG,UnitedKingdom,England_EIA.AG,2455.0,0.2405603229999542,-1.4943392239788769,0.08713226686791524,0.663400155807669
I16611.AG,UnitedKingdom,England_MIA.AG,2267.0,0.2499284297227859,-1.4754746873144158,0.12863317746161276,0.5839734246252866
I16612.AG,UnitedKingdom,England_EIA.AG,2419.0,0.1364462524652481,-1.5520065294827772,0.0952220603308514,0.5698668293530765
I16619.AG,UnitedKingdom,England_MIA_LIA.AG,2198.0,0.0608444511890411,-1.5177914955347627,0.14104891765750044,0.5736376414093751
I16620.AG,UnitedKingdom,England_IA.AG,2117.0,0.1444096714258194,-1.531326992264846,0.10866640782493481,0.5723361375232595
I16709.AG,Greece,Greece_Attica_Kolikrepi_BA.AG,3369.0,0.1543965935707092,1.94200613537345,-0.5203396349440521,2.2214660678969826
I16741.AG,Hungary,Hungary_Transtisza_LateEarlyAvar.AG,1175.0,0.295651376247406,1.6530626617297084,0.06913179016272296,-1.0879602535011625
I16743.AG,Hungary,Hungary_Transtisza_LateEarlyAvar.AG,1150.0,0.3447189927101135,1.704400895997181,0.07630708956276415,-1.0359147403976432
I16744.AG,Hungary,Hungary_Transtisza_EarlyAvar.AG,1325.0,0.6645063757896423,1.698509728093418,0.12155487940917319,-1.0550697745199282
I16750.AG,Hungary,Hungary_Transtisza_Maros_EarlyAvar.AG,1325.0,0.6548479199409485,1.7224832084633468,0.10372243964787672,-1.0312826765157954
I16751.AG,Hungary,Hungary_NorthHungaryMountains_LateEarlyAvar.AG,1200.0,0.6418991684913635,1.6948330908893665,0.12330725810737024,-1.0107875543778957
I16752.AG,Hungary,Hungary_NorthHungaryMountains_LateEarlyAvar.AG,1200.0,0.6607124209403992,1.6716849544303691,0.00977884598543569,-1.0409637991219256
I16753.AG,Hungary,Hungary_NorthHungaryMountains_LateEarlyAvar.AG,1200.0,0.6672524809837341,1.6924090393266351,0.06609698099495136,-1.1300195150617374
I16759.AG,Hungary,Hungary_SouthTransdanubia_LateEarlyAvar.AG,1225.0,0.5648707747459412,1.6603112104301607,0.1323592627537741,-0.9763682892322874
I16791.AG,France,France_BA.AG,3737.0,0.0649019926786422,-0.9819003417079891,-0.8361368484142483,-0.4762187817237457
I16803.AG,Serbia,Serbia_Mokrin_EBA_Maros.AG,3894.0,0.6568722128868103,0.3718673234860681,0.15440221338523769,-0.07038997364831263
I16812.AG,Hungary,Hungary_Transtisza_EarlyAvar.AG,1325.0,0.6786895394325256,1.6559495223008405,0.04207234890291694,-0.9291520686628947
I16813.AG,Serbia,Serbia_BA_o.AG,3966.0,0.6677983403205872,0.35991250277472275,0.141937801240711,-0.08141331312898639
I16814.AG,Serbia,Serbia_LBA.AG,2903.0,0.628831148147583,0.3487355026140712,0.13911483296705016,-0.07168795505430073
I16994.AG,Montenegro,Montenegro_LN_Hvar_possible.AG,4950.0,0.1658222526311874,2.544961105525661,3.2121762941773193,0.45081134802454376
I16995.AG,Montenegro,Montenegro_Mesolithic_LN_Hvar_possible_oMesolithic.AG,4950.0,0.0622945576906204,2.440633027169001,3.096772807799528,0.4412889367176253
I17014.AG,UnitedKingdom,England_MIA.AG,2227.0,0.5640386343002319,-1.4737274578762765,0.12847365872671934,0.6274825033000606
I17015.AG,UnitedKingdom,England_MIA.AG,2227.0,0.5587297081947327,-1.5319889401324849,0.061672342164349865,0.5392806010361552
I17016.AG,UnitedKingdom,England_MIA.AG,2226.0,0.7091749906539917,-1.4838471233605661,0.11938315459399164,0.6363512682598973
I17017.AG,UnitedKingdom,England_LIA_highEEF.AG,2051.0,0.6750739812850952,-1.586385075522353,0.02764172984042066,0.6283151472031855
I17019.AG,Netherlands,Netherlands_MBA.AG,3270.0,0.4016364812850952,-1.2430327732789856,0.13033576312355397,-0.20477822443394383
I17139.AG,Czechia,Czechia_IA_LaTene.AG,2220.0,0.48942631483078,-0.3698139874679388,0.01911341642761607,0.1911633202395461
I17143.AG,Czechia,Czechia_IA_LaTene.AG,2220.0,0.3974791765213012,-0.38152179818122844,0.022104071465321687,0.16953448501272347
I17145.AG,Czechia,Czechia_IA_LaTene.AG,2255.0,0.6024526953697205,-0.3801928997208189,0.023813389565526352,0.22577414505381374
I17146.AG,Czechia,Czechia_IA_LaTene.AG,2197.0,0.5235865116119385,-0.331614160919731,0.029982329095594333,0.1558036313029334
I17258.AG,UnitedKingdom,England_EIA.AG,2415.0,0.5780539512634277,-1.4799828662361858,0.1624082768019888,0.503550428061731
I17259.AG,UnitedKingdom,England_EIA.AG,2438.0,0.5586072206497192,-1.443488268652154,0.0360592050104442,0.6094292434208753
I17260.AG,UnitedKingdom,England_EIA.AG,2550.0,0.5756208300590515,-1.4310589258702922,0.04522773213404351,0.6636746519933936
I17261.AG,UnitedKingdom,England_MIA.AG,2224.0,0.5935614705085754,-1.473701783833784,0.07415599087821256,0.5588837532844856
I17262.AG,UnitedKingdom,England_MIA_LIA.AG,2176.0,0.5350162386894226,-1.5579602626399511,0.07048189196264085,0.5754086935879859
I17263.AG,UnitedKingdom,England_MIA_LIA.AG,2114.0,0.5656493306159973,-1.5067482882442653,0.14680331652138492,0.6540284493626705
I17266.AG,UnitedKingdom,England_MIA_LIA.AG,2183.0,0.0788994133472442,-1.5216126207555076,0.11663583205648118,0.6395358916737494
I17267.AG,UnitedKingdom,England_MIA_LIA.AG,2225.0,0.5747206211090088,-1.4764073007149483,0.00837617909566917,0.5891507849113954
I17268.AG,UnitedKingdom,England_EarlyMedieval_Saxon.AG,1200.0,0.5403592586517334,-1.5187145107909017,0.14705208205768272,0.5797104886642713
I17269.AG,UnitedKingdom,England_EarlyMedieval.AG,1200.0,0.5645617842674255,-1.5045375849754734,0.14925786407788855,0.6160994606140506
I17270.AG,UnitedKingdom,England_EarlyMedieval.AG,1200.0,0.5330713987350464,-1.5036173769234142,0.08085841808660628,0.5408059979115025
I17271.AG,UnitedKingdom,England_EarlyMedieval.AG,1200.0,0.5693500638008118,-1.5370418166708881,0.01893797367217626,0.5818943229326338
I17272.AG,UnitedKingdom,England_EarlyMedieval.AG,1400.0,0.5252020955085754,-1.448754069663931,0.10606233271056165,0.5439614773535574
I17273.AG,UnitedKingdom,England_EarlyMedieval.AG,1400.0,0.560874879360199,-1.5382543643230022,0.14917250251097441,0.5646841239902634
I17274.AG,UnitedKingdom,England_EarlyMedieval.AG,1400.0,0.5481791496276855,-1.5053614528912718,0.07591377959024877,0.6166212079019617
I17275.AG,UnitedKingdom,England_EarlyMedieval.AG,1400.0,0.5354501605033875,-1.5240437406161966,0.09725690171990561,0.5614195620383541
I17276.AG,UnitedKingdom,England_EarlyMedieval.AG,1400.0,0.7197953462600708,-1.4326280848322148,0.022493727583490566,0.6519816687765984
I17277.AG,UnitedKingdom,England_EarlyMedieval.AG,1200.0,0.5414428114891052,-1.5482874483530598,0.08893666605012593,0.5717094853630007
I17310.AG,Czechia,Czechia_C.AG,5397.0,0.3789376020431518,-0.31354416736470037,-0.03585280853085296,0.1279502727415174
I17311.AG,Czechia,Czechia_LBA_IA_Knoviz_Hallstatt.AG,2975.0,0.3364360332489013,-0.3715999286411774,0.06460596195702317,0.19852714368867966
I17314.AG,Czechia,Czechia_IA_LaTene.AG,2250.0,0.3963607847690582,-0.3974906555991032,0.0664188391274821,0.20124155880545389
I17315.AG,Czechia,Czechia_IA_LaTene.AG,2221.0,0.1432588249444961,-0.40664176875069374,0.04936729612594067,0.18883002715919786
I17316.AG,Czechia,Czechia_IA_LaTene.AG,2250.0,0.279037594795227,-0.36600717280735445,0.06493866812934183,0.19760816363757133
I17317.AG,Czechia,Czechia_IA_LaTene.AG,2250.0,0.4136533737182617,-0.4025670344242778,0.04872396296591657,0.22786511873209814
I17320.AG,Czechia,Czechia_IA_LaTene.AG,2250.0,0.2234088331460952,-0.40045742264928913,0.04945203125298638,0.17021858638566814
I17321.AG,Czechia,Czechia_IA_LaTene.AG,2225.0,0.4259557723999023,-0.3374870420191018,0.035214003260531375,0.19864029046424814
I17322.AG,Czechia,Czechia_IA_LaTene.AG,2250.0,0.4903306066989898,-0.32716930581491316,0.09676451253201986,0.1959417891419916
I17323.AG,Czechia,Czechia_IA_LaTene.AG,2250.0,0.3535672426223755,-0.36670977469689514,-0.06401159660284214,0.22310723046436284
I17324.AG,Czechia,Czechia_IA_LaTene.AG,2250.0,0.0770267620682716,-0.34715598923551644,0.0380511053954377,0.13842083945022482
I17327.AG,Czechia,Czechia_IA_LaTene.AG,2250.0,0.4127807319164276,-0.38633776755449506,0.03119097437954156,0.23388265820408488
I17339.AG,Slovakia,Slovakia_N_LBK.AG,7100.0,0.2040651589632034,1.1826071188846974,0.11586196296379253,0.3369477436164761
I17340.AG,Slovakia,Slovakia_N_LBK.AG,7100.0,0.4194984138011932,1.1874145713993502,0.11187542395486459,0.31714521016202113
I17341.AG,Slovakia,Slovakia_N_LBK.AG,7100.0,0.4119680821895599,1.186048431988614,0.11385094490518204,0.32743038741738456
I17343.AG,Slovakia,Slovakia_N_LBK.AG,7100.0,0.2021430432796478,1.1792855014582035,0.07217885608173347,0.2965393289101688
I17344.AG,Slovakia,Slovakia_N_LBK.AG,7100.0,0.3877817988395691,1.1829374038026355,0.10657429868890504,0.3200733687883922
I17345.AG,Slovakia,Slovakia_N_LBK.AG,7100.0,0.4476489722728729,1.173206235692305,0.09968498331631921,0.3224024877918374
I17362.AG,Hungary,Hungary_MN.AG,7214.0,0.0835806280374527,1.6906376892749562,0.03684563136207794,-1.0746480536763245
I17363.AG,Hungary,Hungary_MN.AG,7144.0,0.0564470924437046,1.7548005856450979,0.023964250467410703,-1.0419908259310118
I17365.AG,Hungary,Hungary_MN_AVK.AG,7125.0,0.2963602244853973,1.6494559277022316,0.0838040371840616,-0.9839156540150165
I17366.AG,Hungary,Hungary_MN_AVK.AG,7205.0,0.2438773959875106,1.6918765215835667,0.1205411367916974,-1.001034835287877
I17538.AG,Slovakia,Slovakia_N_LBK_father.or.son.I14180.AG,7100.0,0.5612609386444092,1.1795497746225891,0.09997900775757981,0.30852003198271544
I17545.AG,Slovakia,Slovakia_N_LBK.AG,7100.0,0.6585915684700012,1.1644984886120775,0.07779736795048423,0.3158633018124488
I17607.AG,Czechia,Czechia_IA_Hallstatt.AG,2625.0,0.0804792791604995,-0.37701495628171067,0.033383650654839524,0.19385107008846883
I17616.AG,Czechia,Czechia_IA_LaTene_1d.rel.I15951.AG,2220.0,0.06712257117033,-0.390476323870575,0.038593944114549986,0.19361636500371832
I17750.AG,Netherlands,Netherlands_LIA.AG,2031.0,0.5332530736923218,-1.2704511067656288,0.1437056006740782,-0.22455856750228106
I17835.AG,Romania,Romania_EN.AG,7700.0,0.1453626155853271,1.2749889373907675,0.43306679718170876,-0.016592521319160256
I17909.AG,Hungary,Hungary_MN_AVK.AG,7075.0,0.5810717344284058,1.7035462583932073,0.009211576102473487,-1.033717561011529
I17910.AG,Hungary,Hungary_MN_AVK_sister.I21897.AG,7075.0,0.5701091289520264,1.7177141942653371,0.022568895069109383,-1.0459867588539178
I17911.AG,Hungary,Hungary_MN_AVK.AG,7334.0,0.5544232130050659,1.7214309283393399,-0.009345562438812766,-1.0823961049534507
I17912.AG,Serbia,Serbia_BA_Maros.AG,3900.0,0.5021042227745056,0.33183927109503986,0.12551434399611783,-0.0783894324627934
I17913.AG,Serbia,Serbia_BA_Maros.AG,3900.0,0.5665633678436279,0.4221102738479658,0.15817360023737045,-0.0691564466622615
I17914.AG,Serbia,Serbia_C_BA_Tiszapolgar_Bodrogkerestur.AG,6125.0,0.5952151417732239,0.34482926281219795,0.1262985282685413,-0.07914643775888433
I17915.AG,Serbia,Serbia_C_BA_Tiszapolgar_Bodrogkerestur.AG,6125.0,0.5834780335426331,0.35529773034494494,0.1380603609953828,-0.07789524654347704
I17916.AG,Serbia,Serbia_Mokrin_EBA_Maros.AG,3900.0,0.1411225944757461,0.3717307567126524,0.15939225931107104,-0.0746287825237838
I17927.AG,Hungary,Hungary_EN_Starcevo_1.AG,7519.0,0.542961835861206,1.647669171029328,0.04277415672029851,-0.9109660185864896
I17931.AG,Hungary,Hungary_EN_Koros.AG,7500.0,0.5793507695198059,1.6581949944366736,0.057935755023785875,-0.971060680248259
I17933.AG,Hungary,Hungary_MN_AVK.AG,6850.0,0.5404062867164612,1.6542686517015182,0.17690900255001854,-0.9579605832829928
I17934.AG,Hungary,Hungary_MN_AVK.AG,7050.0,0.502590000629425,1.6862858981501803,0.02390350612010298,-1.0567489612398822
I17938.AG,Hungary,Hungary_MN_AVK.AG,7106.0,0.5849021673202515,1.6126006446085055,0.0374882744850886,-1.0194291239482203
I17939.AG,Hungary,Hungary_MN_AVK.AG,6850.0,0.5916944742202759,1.7042062411322,0.11344577044415788,-1.049022930649009
I17941.AG,Hungary,Hungary_MN_Szakalhat.AG,6848.0,0.5714538097381592,1.6797189992516366,0.03194701873077317,-1.0045987113089152
I17948.AG,Hungary,Hungary_MN_AVK.AG,7105.0,0.3282552659511566,1.6332177515214572,0.09871606192837744,-0.9942752889069673
I17950.AG,Hungary,Hungary_MN_AVK.AG,7100.0,0.236477643251419,1.6703074384698562,0.06430148057861124,-0.9901488784655412
I17980.AG,Bulgaria,Bulgaria_Medieval.AG,797.0,0.6317849159240723,1.3377573256142112,-0.31875834452896457,0.3239618197265823
I17981.AG,Bulgaria,Bulgaria_N_o.AG,7725.0,0.7030655741691589,1.3101691851717385,-0.2990734373826808,0.3296652983311422
I18071.AG,Croatia,Croatia_MLBA.AG,3450.0,0.1611069738864898,0.8108602085663089,-0.008540553046259046,0.6283962902720848
I18072.AG,Croatia,Croatia_MLBA.AG,3450.0,0.3704080879688263,0.827837361773242,0.006119420642492843,0.6483494040175745
I18073.AG,Croatia,Croatia_MLBA.AG,3450.0,0.1460268497467041,0.7719845780979424,-0.008122102890344587,0.5820710382692421
I18074.AG,Croatia,Croatia_MLBA.AG,3450.0,0.0830299407243728,0.80436479873683,-0.001394382847282343,0.6139709222154349
I18075.AG,Croatia,Croatia_MLBA.AG,3450.0,0.06373330950737,0.8139121796211666,-0.010357709417063484,0.6473092250555481
I18077.AG,Croatia,Croatia_MLBA.AG,3450.0,0.3996097445487976,0.7953067595511794,-0.00996692850125644,0.6210619673480027
I18078.AG,Croatia,Croatia_MLBA.AG,3450.0,0.3276064395904541,0.7737436926448451,-0.013887256309872637,0.6137748652960898
I18079.AG,Croatia,Croatia_MLBA.AG,3450.0,0.2045444846153259,0.8145421671544121,-0.011937583227165186,0.625497945972064
I18082.AG,Croatia,Croatia_MLBA.AG,3450.0,0.3811460137367248,0.8231964745369836,0.031023453768619293,0.6338894146408942
I18087.AG,Croatia,Croatia_MLBA.AG,3450.0,0.2928314507007599,0.7946891051581042,0.004202925311731899,0.658901498025164
I18088.AG,Croatia,Croatia_MBA_Cetina.AG,3550.0,0.0869212225079536,0.8096089300528472,-0.002445241025385179,0.6002420009821492
I18091.AG,Slovakia,Slovakia_N_LBK_father.or.son.I14600.1d.rel.I18144.AG,7100.0,0.1169452369213104,1.1825265684155872,0.08816049280182685,0.3082162073710211
I18093.AG,Slovakia,Slovakia_N_LBK.AG,7100.0,0.1184196770191192,1.178843168292033,0.1121800510285392,0.3336989146642699
I18097.AG,Slovakia,Slovakia_N_LBK.AG,7100.0,0.179008662700653,1.1634435375513101,0.10206423996893987,0.34215957547270937
I18143.AG,Slovakia,Slovakia_N_LBK.AG,7100.0,0.064336709678173,1.1769077927777576,0.10969484941788234,0.328866695906821
I18144.AG,Slovakia,Slovakia_N_LBK.AG,7100.0,0.3334563374519348,1.17597003708912,0.1170356334794713,0.3161810784458072
I18154.AG,Romania,Romania_C_Bodrogkeresztur_o2.AG,5900.0,0.1368679851293563,1.28913012276752,0.41473139193065195,-0.011903905805019337
I18174.AG,Hungary,Hungary_Tiszaregion_EarlyAvar_father.or.son.I38710.AG,1350.0,0.5242167115211487,1.667657046801982,0.08390661878480642,-1.0364132829155719
I18181.AG,Hungary,Hungary_IA_LaTene.AG,2185.0,0.1094716787338256,1.6608508468062035,0.14837398348188016,-1.0607204394879297
I18182.AG,Hungary,Hungary_IA_LaTene_o.AG,2185.0,0.4865925908088684,1.6733137794555524,0.0711444653485732,-1.032386600687154
I18183.AG,Hungary,Hungary_IA_LaTene_o.AG,2239.0,0.4951213002204895,1.5833122006582871,0.09745924718506596,-0.9971682490785878
I18184.AG,Hungary,Hungary_Tiszaregion_EarlyAvar.AG,1350.0,0.5544158816337585,1.6698228970563744,0.1326078941452038,-1.0149792437478626
I18185.AG,Hungary,Hungary_Tiszaregion_EarlyAvar.AG,1350.0,0.4058521687984466,1.6903620135508166,0.040148612349569575,-1.043448811143325
I18211.AG,Hungary,Hungary_EIA_Prescythian_Mezocsat.AG,2725.0,0.6424514651298523,1.7095740796052863,0.1184818216502119,-1.0640225978625768
I18213.AG,Hungary,Hungary_EIA_Prescythian_Mezocsat.AG,2725.0,0.6426582932472229,1.6878262195922749,0.08029016950373341,-0.9579440489169404
I18220.AG,Hungary,Hungary_IA_LaTene.AG,2312.0,0.6567813754081726,1.650143993511533,0.07936591610777495,-1.1003304063485218
I18222.AG,Hungary,Hungary_DanubeTisza_LateEarlyAvar.AG,1225.0,0.6648762226104736,1.7317631934069653,0.09573333575247946,-0.9796355367782595
I18223.AG,Hungary,Hungary_DanubeTisza_MiddleLateAvar.AG,1250.0,0.6194857358932495,1.5332698493556705,0.13209789660658555,-0.946251394537916
I18224.AG,Hungary,Hungary_DanubeTisza_MiddleLateAvar.AG,1250.0,0.6630968451499939,1.6566259939723185,0.1139635702128784,-0.9340967410288729
I18225.AG,Hungary,Hungary_DanubeTisza_LateEarlyAvar.AG,1225.0,0.6586986780166626,1.689360223467897,0.08358243597970925,-1.008458924348331
I18226.AG,Hungary,Hungary_IA_LaTene_o.AG,2295.0,0.6348611116409302,1.6531536756451457,0.09494785411257022,-1.0556317906971777
I18227.AG,Hungary,Hungary_EIA_Hallstatt.AG,2525.0,0.6781347990036011,1.75741527079121,0.01600483975681612,-1.1640725973217307
I18239.AG,Hungary,Hungary_EIA_Prescythian_Mezocsat.AG,2725.0,0.6500831842422485,1.6596520686821554,0.07876561408755477,-1.104743592712995
I18241.AG,Hungary,Hungary_EIA_Prescythian_Mezocsat_o1.AG,2725.0,0.4063525795936584,1.638517212047866,0.06660450574703418,-1.0413312521580678
I18245.AG,Hungary,Hungary_EIA_Prescythian_Mezocsat.AG,2725.0,0.6678948402404785,1.6881482101574665,0.07136898864507091,-1.118349978303192
I18246.AG,Hungary,Hungary_EIA_Prescythian_Mezocsat.AG,2725.0,0.662129282951355,1.5800055368979853,0.060201317257126144,-1.0748551360593994
I18259.AG,Hungary,Hungary_IA_Syrmian_SremGroup.AG,2310.0,0.6316843628883362,1.6824501985503222,0.0663880481613762,-1.0023618609536482
I18413.AG,Croatia,Croatia_MLBA.AG,3100.0,0.3569346070289612,0.8213844635459925,0.006865960211088527,0.6067738648578741
I18414_d.AG,Croatia,Croatia_MLBA.AG,3100.0,0.1107165962457656,0.8140361702856008,-0.010007801211221391,0.6229061024783816
I18415.AG,Croatia,Croatia_MLBA.AG,3100.0,0.6264467835426331,0.8214163853274726,-0.008832213842512782,0.6511861581341123
I18416.AG,Croatia,Croatia_MLBA.AG,3100.0,0.6149042844772339,0.8120576026918256,-0.0036039362477507195,0.664816654720152
I18417.AG,Croatia,Croatia_MLBA.AG,3100.0,0.621266782283783,0.7768329190957977,-0.017748093980871932,0.6319352298397
I18428.AG,France,France_LN.AG,5400.0,0.2200820297002792,-1.010693225625769,-0.878039664154803,-0.45091261683506545
I18488.AG,Hungary,Hungary_IA_LaTene.AG,2240.0,0.6409502625465393,1.7072667717738008,0.1657075389228063,-1.1067263725556276
I18489.AG,Hungary,Hungary_LaTene.AG,2240.0,0.7287019491195679,1.718280780335786,0.08503695367090107,-0.9417133814146013
I18490.AG,Hungary,Hungary_IA_LaTene_brother.I18492.AG,2240.0,0.6207550168037415,1.6394740483546284,0.05362852091771663,-1.0522115891793666
I18491.AG,Hungary,Hungary_LaTene.AG,2240.0,0.7382622957229614,1.7247924615353154,0.0744527927473205,-1.036670439404089
I18492.AG,Hungary,Hungary_LaTene.AG,2240.0,0.7484633326530457,1.7037146889274053,0.11381477324476329,-1.0862826728643273
I18493.AG,Hungary,Hungary_LaTene.AG,2240.0,0.7069463133811951,1.6796573483015924,0.043141676383176925,-1.1046341621778628
I18526.AG,Hungary,Hungary_IA_LaTene.AG,2200.0,0.6379259824752808,1.7113113552659083,0.08849938723463766,-1.145399011620646
I18527.AG,Hungary,Hungary_IA_LaTene.AG,2200.0,0.5892557501792908,1.659570228489644,0.08990955693046034,-1.0260158957079084
I18528.AG,Hungary,Hungary_IA_LaTene.AG,2200.0,0.5291663408279419,1.6706843391273545,0.02741999067598213,-1.1013337183601646
I18529.AG,Hungary,Hungary_IA_LaTene.AG,2200.0,0.6242878437042236,1.6901934066816036,-0.0009662794660893071,-0.9829909617655853
I18530.AG,Hungary,Hungary_IA_LaTene.AG,2230.0,0.6173722147941589,1.605516219624386,0.08453896674297116,-1.0776539719420735
I18531.AG,Hungary,Hungary_IA_LaTene.AG,2200.0,0.6289868950843811,1.7169086130444728,0.13867032733058848,-1.037416689128959
I18599.AG,UnitedKingdom,England_LIA.AG,1924.0,0.5709842443466187,-1.5333556439968068,0.044894922613885294,0.6067996987078051
I18606.AG,UnitedKingdom,England_C_EBA.AG,3770.0,0.5804870128631592,-1.4048715950549309,0.11222618677578351,0.5685822878425069
I18635.AG,Hungary,Hungary_MN_AVK.AG,7130.0,0.5904398560523987,1.728259839840963,-0.020202645204547804,-1.0700519623830917
I18636.AG,Hungary,Hungary_MN_AVK.AG,7125.0,0.5894349813461304,1.6910830663286782,0.07797191486996945,-0.9960975025081873
I18637.AG,Hungary,Hungary_MN_AVK.AG,7125.0,0.5781714916229248,1.7751650669603887,0.04310109536963328,-1.0090233531753927
I18642.AG,Hungary,Hungary_MN_ALBK.AG,7209.0,0.5661684274673462,1.6525980685226638,-0.020016623899875213,-1.0048094890885326
I18656.AG,Hungary,Hungary_MN_AVK.AG,7075.0,0.5876239538192749,1.639980309641621,0.09800398753011261,-1.0219224593308984
I18657.AG,Hungary,Hungary_MN_AVK_o.AG,7168.0,0.5683289766311646,1.6693254373558257,-0.0057586827137346384,-1.077357962141691
I18658.AG,Hungary,Hungary_MN_AVK.AG,7100.0,0.52789306640625,1.7159946422153296,0.12277614892931032,-0.9908446148878992
I18659.AG,Hungary,Hungary_MN_AVK.AG,7075.0,0.5788073539733887,1.7621965691314907,0.04900218263413676,-1.0299151403728157
I18660.AG,Hungary,Hungary_MN_AVK_daughter.I21898.sister.I21902.AG,7340.0,0.5260220170021057,1.6579583258803943,0.03896851885265109,-1.0535135423284077
I18661.AG,Hungary,Hungary_MN_AVK.AG,7075.0,0.5609673261642456,1.6255985377844422,0.14654838242623786,-0.9602550921984733
I18662.AG,Hungary,Hungary_MN_AVK_son.I21840.AG,7075.0,0.5449115037918091,1.6995743008003081,0.07714042167850735,-0.965788298007961
I18695.AG,Hungary,Hungary_MN_AVK_mother.I21827.AG,7075.0,0.5609527230262756,1.7439051938901198,0.12528682778325143,-1.1176414902799474
I18696.AG,Hungary,Hungary_MN_AVK.AG,7078.0,0.5602520108222961,1.720093337453641,0.025241326163313576,-1.0972992542867308
I18712.AG,Croatia,Croatia_BA.AG,3600.0,0.5104155540466309,0.7662331098170829,-0.02433112435685285,0.5942911419086498
I18717.AG,Croatia,Croatia_MLBA_brother.I18078.father.I18071.AG,3100.0,0.4446417093276977,0.7380716823404851,-0.032176204971980656,0.6206406780951308
I18720.AG,Croatia,Croatia_MLBA.AG,3100.0,0.397981196641922,0.8183620515221756,0.0156366823310363,0.6814280646238767
I18721.AG,Croatia,Croatia_MLBA.AG,3100.0,0.5383211970329285,0.8044636279449402,-0.00023731925965043843,0.6265412483772917
I18722.AG,Croatia,Croatia_MLBA.AG,3100.0,0.0547480024397373,0.7875188152737076,-0.0038857685055706066,0.6019083863297753
I18723.AG,Croatia,Croatia_MLBA.AG,3100.0,0.5096101760864258,0.7889995789068734,-0.003946269759824896,0.61444837374027
I18724.AG,Croatia,Croatia_MLBA.AG,3100.0,0.5498863458633423,0.8046696805709054,0.02232414954969237,0.6195210333594176
I18725.AG,Croatia,Croatia_MLBA.AG,3100.0,0.5579705834388733,0.7687536843703107,0.014687641627619298,0.6502235994766318
I18727.AG,Croatia,Croatia_MLBA.AG,3100.0,0.3905230462551117,0.8067635243164422,0.03528429531828183,0.6632419436539786
I18729.AG,Croatia,Croatia_MLBA.AG,3100.0,0.5152305960655212,0.7924462409772556,0.003932437104373455,0.6538616582391628
I18730.AG,Croatia,Croatia_MLBA.AG,3100.0,0.4950961470603943,0.8051850900496218,0.004686670060951028,0.6648824944622208
I18732.AG,Croatia,Croatia_MLBA.AG,3100.0,0.5314753651618958,0.8017771614959261,0.008318372975110339,0.6490829494291973
I18734.AG,Croatia,Croatia_MLBA.AG,3100.0,0.3820292353630066,0.8013596518560067,0.0004192317214111775,0.5811305584360579
I18735.AG,Croatia,Croatia_MLBA_1d.rel.I18077.AG,3100.0,0.0527139604091644,0.8207806730776264,-0.0048722397824526925,0.6314238363912738
I18737.AG,Croatia,Croatia_MLBA.AG,3100.0,0.4863346815109253,0.8114148306751446,-0.005521293383810741,0.6416669585133863
I18738.AG,Croatia,Croatia_MLBA.AG,3100.0,0.4989087581634521,0.8150866112156218,-0.013261851033375188,0.5914545017796332
I18739.AG,Croatia,Croatia_MLBA.AG,3100.0,0.4241536855697632,0.8207486424173983,0.017772801960645925,0.6272176220829953
I18742.AG,Hungary,Hungary_DanubeTisza_MiddleAvar.AG,1250.0,0.5768568515777588,1.612325909629542,0.1967242381445804,-0.9092353511000316
I18743.AG,Hungary,Hungary_DanubeTisza_EarlyAvar.AG,1313.0,0.6026002764701843,1.575573429301247,0.12137786603825777,-0.9391294448662214
I18744.AG,Hungary,Hungary_DanubeTisza_MiddleLateAvar_oWest.AG,1250.0,0.4358745515346527,1.6956836812067566,0.07442437933335146,-0.9883233619271952
I18745.AG,Croatia,Croatia_MBA_Cetina.AG,3550.0,0.5844707489013672,0.8097880451242401,-0.008663441396499478,0.650153546516294
I18746.AG,Croatia,Croatia_MBA_Cetina.AG,3530.0,0.5471434593200684,0.8370161715902894,0.002726052383338631,0.6537668712520036
I18747.AG,Croatia,Croatia_MBA_Cetina.AG,3550.0,0.3738792836666107,0.8260815250100396,-0.007298820699213184,0.6908522738073646
I18748.AG,Croatia,Croatia_BA.AG,3700.0,0.462703138589859,0.8754670458944165,0.023452368742622003,0.6725898830244402
I18752.AG,Croatia,Croatia_MBA_Cetina.AG,3550.0,0.5040084719657898,0.8042395787527807,-0.027503544028411736,0.6061840177067004
I18792.AG,Bulgaria,Bulgaria_LateAntiquity.AG,1550.0,0.117990642786026,1.3300907837115203,-0.31442662273376004,0.32728363672611
I18793.AG,Bulgaria,Bulgaria_EBA_Ezero.AG,4051.0,0.3239324986934662,1.2656512140747824,-0.28292620512274286,0.2945390133200749
I18794.AG,Bulgaria,Bulgaria_EBA_Yamnaya.AG,4757.0,0.3338285982608795,1.3046287934293854,-0.2602426287787472,0.3051812879155881
I18801_d.AG,Bulgaria,Bulgaria_EBA_Yamnaya.AG,4775.0,0.1005115136504173,1.295971706031701,-0.25502570236692645,0.30518451084174225
I18830.AG,Croatia,Croatia_LIA_brother.I18831.AG,2201.0,0.547711193561554,0.7945672324155896,-0.017003127285447808,0.6351638124302869
I18831.AG,Croatia,Croatia_LIA.AG,2201.0,0.5880010724067688,0.7513137755404881,-0.022929012153166933,0.5762353008718679
I18832.AG,Hungary,Hungary_IA_LaTene_oEast.AG,2210.0,0.564629077911377,1.686309950080777,0.04431263985898757,-1.0161945988678627
I18833.AG,Hungary,Hungary_IA_LaTene_oWest.AG,2210.0,0.0590488500893116,1.6719883389923376,0.048623848149307404,-1.0188242744863263
I18834.AG,Hungary,Hungary_IA_LaTene.AG,2210.0,0.5809727907180786,1.6578547832164787,0.05392733371429847,-1.1745914560465436
I18835.AG,Hungary,Hungary_IA_LaTene_father.or.son.I18838.AG,2210.0,0.5644603967666626,1.695537418247119,-0.0349272788477481,-1.1240497503569509
I18837.AG,Hungary,Hungary_IA_LaTene_oWest.AG,2210.0,0.2651804983615875,1.660954723974382,0.04522799238866984,-1.1119940708740599
I18838.AG,Hungary,Hungary_IA_LaTene.AG,2210.0,0.5842233896255493,1.7648284108573582,0.12318398370196408,-1.1670882091034032
I18839.AG,Hungary,Hungary_IA_LaTene.AG,2200.0,0.5486373901367188,1.6835044096232874,0.03940405872035329,-1.0667255453427325
I18840.AG,Hungary,Hungary_IA_LaTene.AG,2200.0,0.5735300183296204,1.6902034835160353,0.08923853226677635,-0.9361173582897558
I19040.AG,UnitedKingdom,England_MIA_LIA.AG,2200.0,0.110666312277317,-1.4386515366530508,0.05730906218903962,0.5792327421506961
I19042.AG,UnitedKingdom,England_MIA_LIA.AG,2245.0,0.7000599503517151,-1.4900361276148304,0.2561030472437356,0.5728611803129824
I19044.AG,UnitedKingdom,England_MIA.AG,2228.0,0.6727163195610046,-1.5094715743768954,0.08452064361771235,0.7206192570397887
I19045.AG,UnitedKingdom,England_MIA.AG,2238.0,0.4268714189529419,-1.5053334802640326,0.030412028456571195,0.5073693552916442
I19046.AG,UnitedKingdom,England_MIA.AG,2228.0,0.616992712020874,-1.4665578622825513,0.17964577744386226,0.5635149060657977
I19207.AG,UnitedKingdom,England_MIA.AG,2232.0,0.0902796611189842,-1.4965536747269377,0.1430130411995762,0.6385142779235259
I19210.AG,UnitedKingdom,England_MIA.AG,2201.0,0.1342816352844238,-1.4875865054614628,0.05310966727493486,0.6013004765538335
I19211.AG,UnitedKingdom,England_MIA.AG,2250.0,0.4437049627304077,-1.5184574140295966,0.09194938573080949,0.6037511204224258
I19286.AG,UnitedKingdom,Scotland_N.AG,5130.0,0.077587179839611,-1.5590623112860305,0.11079787162185929,0.5940433243028437
I19287.AG,UnitedKingdom,England_EIA.AG,2570.0,0.3920526504516601,-1.4781076541707534,0.07781262598278875,0.7073264663332537
I19356.AG,France,France_GrandEst_IA2.AG,2200.0,0.7335461974143982,-0.986770019127752,-0.8136984740840163,-0.46310172731714944
I19357.AG,France,France_GrandEst_IA2.AG,2200.0,0.7541931867599487,-0.986633887191386,-0.820925648055294,-0.4567785439686647
I19358.AG,France,France_GrandEst_IA2.AG,2200.0,0.1952915340662002,-0.9883859597687429,-0.8517642393283902,-0.4669590004735373
I19359.AG,France,France_GrandEst_IA2.AG,2200.0,0.0529499687254428,-0.9845713113211569,-0.8307485004582982,-0.4397963235969479
I19360.AG,France,France_GrandEst_IA2_son.I19358.son.I19362.brother.I19363.AG,2200.0,0.6713140606880188,-0.9789529037088915,-0.7985058252170626,-0.4465838002235985
I19362.AG,France,France_GrandEst_IA2.AG,2200.0,0.2779994904994964,-0.9565697564904968,-0.8246903839982394,-0.46870293164924604
I19363.AG,France,France_GrandEst_IA2_son.I19358.son.I19362.brother.I19360.AG,2200.0,0.2879093587398529,-0.9989881561645718,-0.8248238068243544,-0.4802099075468872
I19364_enhanced.AG,Greece,Greece_PalaceOfNestor_BA.AG,3085.0,0.1222509443759918,1.9504918878340132,-0.5009542646037196,2.2275094734783707
I19366.AG,Greece,Greece_PalaceOfNestor_BA.AG,3278.0,0.4975495040416717,1.9238368785074789,-0.4826970538406666,2.203545397760391
I19368.AG,Greece,Greece_PalaceOfNestor_EIA.AG,2960.0,0.1075763180851936,1.922961321117613,-0.48696178370280807,2.1799304245886026
I19452.AG,Bulgaria,Bulgaria_EBA.AG,4450.0,0.3246210813522339,1.330152676776905,-0.3071940706347714,0.3305647824440547
I19453.AG,Bulgaria,Bulgaria_EBA.AG,4450.0,0.0513084605336189,1.3090952674776761,-0.30674688972314257,0.32859674743218514
I19454.AG,Bulgaria,Bulgaria_EBA.AG,4766.0,0.4073663353919983,1.3029780641065645,-0.30788802478503213,0.3133239412033071
I19456.AG,Bulgaria,Bulgaria_EBA.AG,4450.0,0.4081870913505554,1.3462467907280928,-0.2919812496401751,0.3120661406676472
I19456_d.AG,Bulgaria,Bulgaria_EBA.AG,4450.0,0.0806633830070495,1.3537216126052547,-0.32879934690678375,0.3493594441841917
I19457_enhanced.AG,Bulgaria,Bulgaria_EBA_oNorth_in.preparation.AG,4325.0,0.1655010879039764,1.3229270203650414,-0.30641415580222436,0.3145678718548452
I19458.AG,Bulgaria,Bulgaria_EBA_oNorth.AG,4337.0,0.1904821693897247,1.3162641769236612,-0.2856058089119939,0.29824261076506475
I19459.AG,Bulgaria,Bulgaria_EBA.AG,4325.0,0.1926703155040741,1.3601124201915482,-0.31660911368640987,0.3695733460757278
I19460.AG,Bulgaria,Bulgaria_EBA.AG,4325.0,0.1248429641127586,1.3515836006447641,-0.33430710102162675,0.34176188457141166
I19462.AG,Bulgaria,Bulgaria_EBA.AG,4450.0,0.0766472071409225,1.3492671290099167,-0.2881880472124126,0.29819113521184964
I19539.AG,Turkey,Turkey_Aegean_Mugla_Stratonikeia_Byzantine.AG,650.0,0.4747824966907501,1.4001564595047382,-0.6101516286042267,0.9868806275273481
I19612.AG,Turkey,Turkey_East_Van_Urartian.AG,2750.0,0.2468895316123962,1.4538096632094968,-0.5961905840085847,0.9682950932695531
I19613.AG,Turkey,Turkey_East_Van_Urartian.AG,2750.0,0.6316267251968384,1.4404315627389706,-0.5847864885474183,0.951365455010768
I19652.AG,UnitedKingdom,England_MIA.AG,2247.0,0.1632991731166839,-1.4565652330024563,0.0712252155177257,0.6308998771327621
I19654.AG,UnitedKingdom,England_MIA.AG,2250.0,0.2665795087814331,-1.4850835403427647,0.1280309632930831,0.609723736038388
I19655.AG,UnitedKingdom,England_MIA_LIA_alt.AG,2200.0,0.0953996405005455,-1.507677105141826,0.08531413642711093,0.6591821899037748
I19656.AG,UnitedKingdom,England_MIA.AG,2231.0,0.5800393223762512,-1.5355522315168242,0.06686329549698126,0.6535512665299305
I19657.AG,UnitedKingdom,England_MIA_LIA.AG,2183.0,0.7370441555976868,-1.5262777135478218,0.10172073406514381,0.536347276764637
I19722.AG,Spain,Spain_IA.AG,2347.0,0.0880817994475364,-1.11906449243496,-2.2949389108088627,-1.328284660545891
I19854.AG,UnitedKingdom,England_MIA_LIA.AG,2200.0,0.6184874176979065,-1.4773347110456385,0.09812335258980442,0.6112574791877573
I19855.AG,UnitedKingdom,England_MIA_LIA.AG,2200.0,0.4600859880447387,-1.493041545056964,0.05758764124778211,0.6106461615126474
I19856.AG,UnitedKingdom,England_MIA.AG,2250.0,0.0818344950675964,-1.510039080431226,0.12026478498706189,0.5645907105438501
I19857.AG,UnitedKingdom,England_MBA.AG,3423.0,0.587157666683197,-1.4928992889925068,0.12215526808713732,0.5821617513393299
I19858.AG,UnitedKingdom,England_MBA.AG,3429.0,0.5664206147193909,-1.539050863498724,0.20071327835054795,0.5436580051762763
I19859.AG,UnitedKingdom,England_MBA.AG,3401.0,0.5917950868606567,-1.4505209857627908,0.059208551601891285,0.592028004618056
I19860.AG,UnitedKingdom,England_MBA.AG,3398.0,0.4621938169002533,-1.4714462585227592,0.0870728379902333,0.6660445454666993
I19861.AG,UnitedKingdom,England_EIA.AG,2597.0,0.582831621170044,-1.4638303973653422,0.14306850253493644,0.5561259802170199
I19862.AG,UnitedKingdom,England_EIA.AG,2571.0,0.5689080357551575,-1.4975061492185615,0.09839604872594367,0.5967259625045587
I19863.AG,UnitedKingdom,England_EIA.AG,2352.0,0.5054869651794434,-1.4453719884554834,0.07765396664490212,0.5952112729057519
I19867.AG,UnitedKingdom,England_EIA_highEEF.AG,2598.0,0.6023910641670227,-1.4838710778852748,0.12323363653699601,0.6676747080129011
I19868.AG,UnitedKingdom,England_EIA.AG,2579.0,0.4962648451328277,-1.5277983570691978,0.08960285232479318,0.6006088599537817
I19869.AG,UnitedKingdom,England_LIA_daughter.I19870.AG,2043.0,0.6309390068054199,-1.493313732139756,0.08228707352854149,0.5608047332287319
I19870.AG,UnitedKingdom,England_LIA.AG,2051.0,0.6394904255867004,-1.5179960452477417,0.07812535731525865,0.4848013222536925
I19872.AG,UnitedKingdom,England_MIA.AG,2275.0,0.6034956574440002,-1.4077766813486579,0.07082177667695805,0.5904706316087428
I19873.AG,UnitedKingdom,England_MIA.AG,2250.0,0.5753783583641052,-1.5891615668968342,0.08698781460699806,0.57456329013072
I19874.AG,UnitedKingdom,England_MIA.AG,2250.0,0.6595478057861328,-1.4414711377689378,0.10212461782424861,0.7233991673110424
I19907.AG,UnitedKingdom,England_MIA.AG,2250.0,0.6137948036193848,-1.5199639932334,0.14396462907828725,0.595943637573447
I19908.AG,UnitedKingdom,England_MIA.AG,2250.0,0.6721421480178833,-1.5247613626982754,0.04389406927150138,0.5851351647719673
I19909.AG,UnitedKingdom,England_MIA.AG,2227.0,0.6919335126876831,-1.5074471432389367,0.16281874368838445,0.6098633884762247
I19910.AG,UnitedKingdom,England_MIA.AG,2250.0,0.6428318023681641,-1.5944873575498315,0.0977572891703357,0.5494436874268528
I19911.AG,UnitedKingdom,England_MIA.AG,2250.0,0.6623928546905518,-1.4792519411955563,-0.023769472049092227,0.5960822934826321
I19912.AG,UnitedKingdom,England_MIA.AG,2222.0,0.6791582703590393,-1.4671496832620994,0.1466741642195612,0.45844881653870667
I19913.AG,UnitedKingdom,England_MBA.AG,3271.0,0.5773937702178955,-1.5201792277045663,0.12721147848311462,0.6783123341295211
I19914.AG,UnitedKingdom,England_MIA.AG,2233.0,0.6360313892364502,-1.541987451894111,0.12362896125717329,0.7386167791438204
I19915.AG,UnitedKingdom,England_MBA.AG,3422.0,0.6616288423538208,-1.496016678782983,0.08387909826827522,0.6426877555429913
I19916.AG,France,France_SouthEast_IA2.AG,2250.0,0.6732824444770813,-0.9864652531332108,-0.8451600049967088,-0.47351062055946225
I19917.AG,France,France_SouthEast_IA2.AG,2250.0,0.6386599540710449,-0.9923929932163214,-0.841625608095446,-0.40744563461433025
I19918.AG,France,France_SouthEast_IA2.AG,2250.0,0.6131338477134705,-0.9753569814888488,-0.7626715071662247,-0.4534488250472308
I19990.AG,Spain,Spain_LIA.AG,2036.0,0.098202534019947,-1.1427845547212188,-2.343969560758286,-1.29644027194576
I20001.AG,Turkey,Turkey_Aegean_Mugla_Camandras_Dalagoz_Roman.AG,1726.0,0.684400737285614,1.4372015590641463,-0.5944021477811987,1.0006538007943082
I20062.AG,Netherlands,Netherlands_LBA.AG,2810.0,0.6848516464233398,-1.2483900633681015,0.13473527994117657,-0.1970988914146917
I20063.AG,Netherlands,Netherlands_EBA.AG,3797.0,0.2066150158643722,-1.268069804605769,0.1305428151056033,-0.21073507451717172
I20071.AG,Moldova,Moldova_IA.AG,2749.0,0.3056407272815704,0.6938522318902691,0.4662302407980328,-0.580293456546778
I20077.AG,Moldova,Moldova_MBA_Catacomb.AG,4450.0,0.415307879447937,0.6653449175714766,0.4428737007551628,-0.5758148800592892
I20083.AG,Moldova,Moldova_MBA_Catacomb.AG,4450.0,0.198340967297554,0.6838495747472384,0.4487319559175523,-0.5745433211263498
I20086.AG,Moldova,Moldova_LBA.AG,2824.0,0.1192452982068061,0.679567743860847,0.46119765204245006,-0.5861743866830692
I20088.AG,Moldova,Moldova_MBA_Catacomb.AG,4660.0,0.0743309259414672,0.6491941846386063,0.46576204289308437,-0.5755040832622572
I20139.AG,Turkey,Turkey_Aegean_Mugla_Camandras_Dalagoz_Roman.AG,1726.0,0.5691975951194763,1.4646618083237553,-0.5946891008933886,0.9344512353952603
I20140.AG,Turkey,Turkey_Aegean_Mugla_Stratonikeia_Byzantine_brother.I20141.AG,850.0,0.5796581506729126,1.4339909339255306,-0.6365688725133191,0.8922033653074231
I20141.AG,Turkey,Turkey_Aegean_Mugla_Stratonikeia_Byzantine.AG,850.0,0.6758087873458862,1.4295759149712681,-0.6069357083300179,0.9687082807017401
I20142.AG,Turkey,Turkey_Aegean_Mugla_Stratonikeia_Byzantine.AG,650.0,0.4508646726608276,1.4530055580337542,-0.6142408290939058,0.9883055222932207
I20143.AG,Turkey,Turkey_Aegean_Mugla_Stratonikeia_Byzantine.AG,650.0,0.4498971104621887,1.4478539469074116,-0.6044226583197162,0.9699573665892782
I20144.AG,Turkey,Turkey_Aegean_Mugla_Stratonikeia_Byzantine.AG,650.0,0.302643209695816,1.500649587962155,-0.605354725399081,0.9233235767815218
I20145.AG,Turkey,Turkey_Aegean_Mugla_Stratonikeia_Byzantine.AG,650.0,0.6944119930267334,1.4636456627023262,-0.6300798617813,0.9048730796293263
I20147.AG,Turkey,Turkey_Aegean_Mugla_Stratonikeia_Byzantine.AG,650.0,0.6255935430526733,1.440648940784123,-0.5988565602680704,0.9340050516109601
I20163.AG,Italy,Italy_Sicily_Himera_Classical_1.AG,2500.0,0.095383420586586,-0.034421082855355334,-0.7164320072743792,0.4000048351839811
I20166.AG,Italy,Italy_Sicily_Himera_Classical_oAegean.AG,2500.0,0.1186597347259521,-0.016458161907437957,-0.7365661373762793,0.41609117281841523
I20180.AG,Bulgaria,Bulgaria_EIA.AG,2750.0,0.6830430626869202,1.3386633398222323,-0.29791452557989956,0.3105394309426012
I20181.AG,Bulgaria,Bulgaria_EIA.AG,2750.0,0.7293751239776611,1.348882941677743,-0.28227544056171894,0.30793033820967647
I20182.AG,Bulgaria,Bulgaria_EBA_MBA.AG,4100.0,0.6767706274986267,1.3585260105780146,-0.335586466363564,0.33211036117211157
I20183.AG,Bulgaria,Bulgaria_EIA.AG,2750.0,0.6886001825332642,1.312653625769526,-0.30241491218213506,0.3133188329757114
I20184.AG,Bulgaria,Bulgaria_EIA.AG,2750.0,0.6992351412773132,1.3419503611776935,-0.2978979172643942,0.3420761357913599
I20185.AG,Bulgaria,Bulgaria_EIA.AG,2750.0,0.7530958652496338,1.3385728950352835,-0.2979584977089176,0.3294472252310698
I20186.AG,Bulgaria,Bulgaria_EIA.AG,2750.0,0.7442249059677124,1.3261155676842478,-0.31957119786207183,0.316871079548005
I20187.AG,Turkey,Turkey_Aegean_Mugla_Stratonikeia_Byzantine.AG,660.0,0.7306321859359741,1.5111454132928221,-0.5812820695208903,0.9296091231307886
I20224.AG,Turkey,Turkey_Aegean_Mugla_Degirmendere_Ancient.AG,2565.0,0.6986852288246155,1.4762449000340272,-0.622445024371648,0.9858507932623435
I20225.AG,Turkey,Turkey_Aegean_Mugla_Degirmendere_Ancient_father.or.son.I20224.AG,2565.0,0.6658161878585815,1.4921422816959158,-0.6039728874633938,0.9663665070150292
I20226.AG,Turkey,Turkey_Aegean_Mugla_Degirmendere_Ancient_sister.I20229.AG,2565.0,0.5229361057281494,1.4623470540499193,-0.5762753358756537,0.9657902047281174
I20227.AG,Turkey,Turkey_Aegean_Mugla_Degirmendere_Ancient.AG,2565.0,0.6727553009986877,1.509976168079476,-0.5958845455569621,0.9165052827065718
I20228.AG,Turkey,Turkey_Aegean_Mugla_Degirmendere_Ancient.AG,2565.0,0.5379772782325745,1.459957497840899,-0.5904249613999002,0.9655110901382353
I20229.AG,Turkey,Turkey_Aegean_Mugla_Degirmendere_Ancient.AG,2565.0,0.7266225218772888,1.4398342506677215,-0.5860710168255654,0.9469988026479055
I20230.AG,Turkey,Turkey_Aegean_Mugla_Degirmendere_Ancient.AG,2565.0,0.7117824554443359,1.4913472676400226,-0.5796053046668275,0.9864727486718159
I20231.AG,Turkey,Turkey_Aegean_Mugla_Degirmendere_Ancient.AG,2565.0,0.489202469587326,1.482906764917385,-0.6213980443859055,0.9486923710475992
I20232.AG,Turkey,Turkey_Aegean_Mugla_Degirmendere_Ancient.AG,2565.0,0.5328435301780701,1.4843402991344066,-0.5902351130274701,0.9630174984847927
I20233.AG,Turkey,Turkey_Aegean_Mugla_Degirmendere_Ancient.AG,2565.0,0.6838370561599731,1.4671556506884198,-0.588565878334949,0.9733743564831978
I20257.AG,Turkey,Turkey_Aegean_Mugla_Degirmendere_Ancient.AG,2565.0,0.6910291910171509,1.449831022835193,-0.5751295896699522,0.955968483027385
I20258.AG,Turkey,Turkey_Aegean_Mugla_Degirmendere_Ancient.AG,2565.0,0.676013171672821,1.481252481098895,-0.6132148534802785,0.9636240747636289
I20259.AG,Turkey,Turkey_Aegean_Mugla_Samantas_Byzantine.AG,1346.0,0.7375380396842957,1.4500649502925904,-0.6023587139148714,0.9804343516600612
I20260.AG,Turkey,Turkey_Aegean_Mugla_Samantas_Byzantine.AG,1346.0,0.7217823266983032,1.4334366324152754,-0.6076363304162953,0.9763030007754725
I20261.AG,Turkey,Turkey_Aegean_Mugla_Samantas_Byzantine.AG,1346.0,0.2493031322956085,1.4370235641422173,-0.6016172156179167,0.9522243218619559
I20264.AG,Turkey,Turkey_Aegean_Mugla_Samantas_Byzantine_brother.I20265.AG,1346.0,0.7140711545944214,1.4480851647765798,-0.5882084237382008,0.9152956320485975
I20265.AG,Turkey,Turkey_Aegean_Mugla_Samantas_Byzantine.AG,1346.0,0.7161781787872314,1.4637935634070882,-0.5909782525450366,0.9571538446356065
I20266.AG,Turkey,Turkey_Aegean_Mugla_Samantas_Byzantine.AG,1346.0,0.6942773461341858,1.4847135005472476,-0.5635814033309927,0.9458795339246543
I20320.AG,Turkey,Turkey_Aegean_Mugla_Samantas_Byzantine.AG,1346.0,0.235411137342453,1.4889580969898577,-0.5646814135880657,0.9516000015804851
I20322_d.AG,Turkey,Turkey_Aegean_Mugla_Capalibag_Medieval.AG,475.0,0.2393502742052078,1.4613735882793704,-0.5920664340160423,0.9016685931026239
I20323.AG,Turkey,Turkey_Aegean_Mugla_Capalibag_Medieval.AG,475.0,0.7183436155319214,1.476477627479011,-0.575630889975964,0.8787328171903719
I20324.AG,Turkey,Turkey_Aegean_Mugla_Capalibag_Medieval.AG,475.0,0.7256671190261841,1.4659503478166045,-0.5629875730620274,0.8795281327670137
I20325.AG,Turkey,Turkey_Aegean_Mugla_Capalibag_Medieval.AG,475.0,0.6925733685493469,1.4827121354325072,-0.5382620943660772,0.8363294608185639
I20326.AG,Turkey,Turkey_Aegean_Mugla_Capalibag_Medieval.AG,475.0,0.7220329642295837,1.4641114880679336,-0.54272251168806,0.9252919993328217
I20327.AG,Turkey,Turkey_Aegean_Mugla_Capalibag_Medieval.AG,400.0,0.7294830083847046,1.4749005352461306,-0.574369343721221,0.8955635545931289
I20328.AG,Turkey,Turkey_Aegean_Mugla_Capalibag_Medieval.AG,399.0,0.7036592364311218,1.4670167196183859,-0.5921187137022507,0.9160200910672996
I20329.AG,Turkey,Turkey_Aegean_Mugla_Capalibag_Medieval.AG,400.0,0.7241902351379395,1.4637665919703924,-0.5601436835501992,0.8743582481884166
I20502.AG,Croatia,Croatia_C.AG,5950.0,0.6724770665168762,0.8431198934087681,0.05338111013159723,0.5869588748041802
I20504.AG,Czechia,Czechia_IA_LaTene.AG,2223.0,0.134373277425766,-0.33862735572521224,0.04777893550498963,0.17720274060839547
I20509.AG,Czechia,Czechia_IA_LaTene.AG,2250.0,0.2116644382476806,-0.38556142792430215,0.05024434774279497,0.17446700571838675
I20513.AG,Czechia,Czechia_IA_LaTene.AG,2250.0,0.0992463156580925,-0.35056065087002003,0.05669245147941662,0.21921070427815104
I20515.AG,Czechia,Czechia_Medieval.AG,1009.0,0.2609421014785766,-0.38630042825200056,0.037857610836692215,0.21750533709460868
I20517.AG,Czechia,Czechia_LBA_Knoviz.AG,3000.0,0.3351059556007385,-0.4179496674520083,0.054411116424023506,0.1955650921017568
I20518.AG,Czechia,Czechia_IA_LaTene.AG,2255.0,0.0512233041226863,-0.3684274347589625,0.059695044535824825,0.19300684583674546
I20519.AG,Czechia,Czechia_IA_LaTene.AG,2250.0,0.2512690424919128,-0.3816903039537865,0.07803059124056337,0.17180424360179755
I20521.AG,Czechia,Czechia_IA_LaTene.AG,2250.0,0.0836471319198608,-0.39055676735493494,0.06147269504758643,0.16653415914545236
I20522.AG,Czechia,Czechia_IA_LaTene.AG,2230.0,0.3858507573604584,-0.4382858383008159,0.021966328446115187,0.29050607633521774
I20525.AG,Czechia,Czechia_LBA_Knoviz.AG,2850.0,0.2382351160049438,-0.37653142620821506,0.08665508497505621,0.19697037425826336
I20526.AG,Czechia,Czechia_LBA_Knoviz.AG,2850.0,0.1939282119274139,-0.3817723598754833,0.08285813515437425,0.2255856738158993
I20570.AG,Turkey,Turkey_Aegean_Mugla_Capalibag_Medieval.AG,400.0,0.719113290309906,1.4803577079080321,-0.6324367208541847,0.8887880208282898
I20571.AG,Turkey,Turkey_Aegean_Mugla_Capalibag_Medieval.AG,464.0,0.7429962158203125,1.4744567452934672,-0.545091901972703,0.8710307939319125
I20572.AG,Turkey,Turkey_Aegean_Mugla_Capalibag_Medieval.AG,562.0,0.7363515496253967,1.4617350961494027,-0.605779799177333,0.9357090491800315
I20573.AG,Turkey,Turkey_Aegean_Mugla_Capalibag_Medieval.AG,529.0,0.731482982635498,1.489741918132975,-0.553882548825737,0.924908128953566
I20574.AG,Turkey,Turkey_Aegean_Mugla_Stratonikeia_Byzantine.AG,650.0,0.7319095730781555,1.4084971689933745,-0.6308314799017789,0.9337313045296824
I20577.AG,Turkey,Turkey_East_Van_Urartian.AG,2750.0,0.686277449131012,1.431964173268552,-0.6379959074181258,0.9513185505969968
I20582.AG,UnitedKingdom,England_MIA.AG,2217.0,0.6774672865867615,-1.445319755464649,0.18373630842628247,0.7074848279657491
I20583.AG,UnitedKingdom,England_MIA_highEEF.AG,2233.0,0.7040688395500183,-1.5599612677068577,0.06609999879668095,0.5604589951773428
I20584.AG,UnitedKingdom,England_MIA_LIA.AG,2161.0,0.6131662726402283,-1.4666501281376858,0.13149144304357607,0.5993716961377615
I20585.AG,UnitedKingdom,England_EIA.AG,2550.0,0.6351197957992554,-1.525833778888224,0.03046483304696175,0.5898986842534061
I20586.AG,UnitedKingdom,England_MIA.AG,2250.0,0.698214054107666,-1.5472418579784097,0.004159369982300827,0.6466898503779434
I20587.AG,UnitedKingdom,England_MIA.AG,2244.0,0.704869270324707,-1.56272259410959,0.03972085768572734,0.6110119567058415
I20588.AG,UnitedKingdom,England_MIA.AG,2225.0,0.6797008514404297,-1.5141586053814835,0.22343955216748612,0.5705205440957533
I20589.AG,UnitedKingdom,England_MIA.AG,2250.0,0.6913171410560608,-1.4552158698261386,0.2278449025497815,0.6129421019880964
I20601.AG,UnitedKingdom,England_EarlyMedieval_Saxon.AG,1425.0,0.0514941848814487,-1.4945765503948734,0.12718594424537324,0.636182293191726
I20602.AG,UnitedKingdom,England_EarlyMedieval_Saxon.AG,1320.0,0.0817250087857246,-1.4851011824604896,0.06227109409940879,0.5930878382829153
I20605.AG,UnitedKingdom,England_EarlyMedieval_Saxon.AG,1450.0,0.1682666838169098,-1.4446865164173979,0.10695438656892008,0.599930921449028
I20607.AG,UnitedKingdom,England_EarlyMedieval_Saxon.AG,1400.0,0.1851399838924408,-1.5073098248863406,0.1706949212405953,0.597613278253884
I20608.AG,UnitedKingdom,England_EarlyMedieval_Saxon.AG,1383.0,0.0999624505639076,-1.4755658628299992,0.07068400908823026,0.6289284008374638
I20615.AG,UnitedKingdom,England_Roman.AG,1786.0,0.4696203470230102,-1.553352445056131,0.0766543562821924,0.603300115888391
I20621.AG,UnitedKingdom,England_MIA_LIA.AG,2175.0,0.4358583390712738,-1.5309872043578157,0.06919149673082975,0.6798204044295836
I20622.AG,UnitedKingdom,England_MIA_LIA.AG,2186.0,0.6568365693092346,-1.5282869696070795,0.19280216441569034,0.5563216376514227
I20623.AG,UnitedKingdom,England_MIA_LIA.AG,2225.0,0.6488455533981323,-1.469665006839677,0.11781413687280715,0.6969548346791294
I20624.AG,UnitedKingdom,England_MIA_LIA.AG,2194.0,0.1416084021329879,-1.5030736912577016,0.09880376049746942,0.6275521965921732
I20625.AG,UnitedKingdom,England_MIA_LIA.AG,2092.0,0.086196169257164,-1.4723831659989106,0.12000168347902189,0.5526552279594505
I20626.AG,UnitedKingdom,England_MIA_LIA.AG,2118.0,0.198234736919403,-1.4975415833885923,0.08933971373166046,0.533600861631158
I20627.AG,UnitedKingdom,England_MIA.AG,2227.0,0.3936600685119629,-1.4557697670983942,0.07136738630729102,0.5439031005793472
I20628.AG,UnitedKingdom,England_MIA_LIA.AG,2131.0,0.4363717138767242,-1.4918988669903481,0.09900886515012201,0.6307324277303491
I20630_d.AG,UnitedKingdom,England_MIA_LIA.AG,2175.0,0.0637860298156738,-1.4996666209296827,0.11207169863293329,0.5881033504198099
I20631.AG,UnitedKingdom,England_MIA_LIA.AG,2175.0,0.6865191459655762,-1.6209120705155904,0.020670042492701202,0.6090549096105798
I20634.AG,UnitedKingdom,England_MIA_LIA.AG,2175.0,0.0506774857640266,-1.560045938405456,0.10420947543023305,0.6180774474078664
I20637.AG,UnitedKingdom,England_EarlyMedieval.AG,1350.0,0.4089397192001343,-1.5409888323287806,0.09493814488349231,0.5979990287297028
I20638.AG,UnitedKingdom,England_EarlyMedieval_Saxon_father.or.son.I20649.father.or.son.I11588.AG,1450.0,0.4211569428443908,-1.483395435040696,0.106002612844512,0.6104545042207441
I20639.AG,UnitedKingdom,England_EarlyMedieval_Saxon.AG,1450.0,0.4291106462478637,-1.4942971234151923,0.1503641512471807,0.6479630150783835
I20640.AG,UnitedKingdom,England_EarlyMedieval_Saxon.AG,1450.0,0.7217888236045837,-1.5306846655088915,0.19635395246900714,0.5242939626218113
I20641.AG,UnitedKingdom,England_EarlyMedieval_Saxon.AG,1450.0,0.6145637035369873,-1.4980662677714591,0.1107314192102975,0.5956358125036182
I20642.AG,UnitedKingdom,England_EarlyMedieval_Saxon.AG,1450.0,0.0774517357349395,-1.5018765986523603,0.11767264148077414,0.5683932106383942
I20643.AG,UnitedKingdom,England_EarlyMedieval_Saxon.AG,1450.0,0.2863789796829223,-1.448815296641169,0.1296071876735095,0.5351416782712215
I20644.AG,UnitedKingdom,England_EarlyMedieval_Saxon.AG,1450.0,0.755301833152771,-1.5130237328435834,0.10217008923230908,0.5839706088921321
I20645.AG,UnitedKingdom,England_EarlyMedieval_Saxon.AG,1450.0,0.2355003505945205,-1.5013029716215351,0.15465236561594403,0.5811300339926271
I20646.AG,UnitedKingdom,England_EarlyMedieval_Saxon.AG,1450.0,0.617555558681488,-1.4520167409238898,0.10700888812377313,0.6018374077377519
I20649.AG,UnitedKingdom,England_EarlyMedieval_Saxon.AG,1450.0,0.543467104434967,-1.4784876794259478,0.16535001785485443,0.623246339944601
I20650.AG,UnitedKingdom,England_EarlyMedieval_Saxon.AG,1450.0,0.6390045881271362,-1.4259608772890568,0.056425754811894054,0.6352115143713796
I20652.AG,UnitedKingdom,England_EarlyMedieval_Saxon.AG,1450.0,0.7774013876914978,-1.5776802172242452,0.1397882304954007,0.5906277539648559
I20653.AG,UnitedKingdom,England_EarlyMedieval_Saxon.AG,1450.0,0.4396847486495971,-1.5439846733417706,0.15379809713771916,0.5651686791960985
I20654.AG,UnitedKingdom,England_EarlyMedieval_Saxon.AG,1450.0,0.7464925646781921,-1.4848975398183353,0.16167476731198022,0.5351285081458328
I20655.AG,UnitedKingdom,England_EarlyMedieval_Saxon.AG,1450.0,0.6480491161346436,-1.4628053035870812,0.0927960411310312,0.671121305099085
I20656.AG,UnitedKingdom,England_EarlyMedieval_Saxon_oSteppe.AG,1450.0,0.6836318969726562,-1.4913069094190405,-0.025974306387535596,0.6356155273580264
I20658.AG,UnitedKingdom,England_EarlyMedieval_Saxon.AG,1450.0,0.6974103450775146,-1.5238657356976646,0.064781238187447,0.6389190727661425
I20659.AG,UnitedKingdom,England_EarlyMedieval_Saxon.AG,1450.0,0.6779036521911621,-1.651476734731535,0.18119207115694863,0.665081644026898
I20660.AG,UnitedKingdom,England_EarlyMedieval_Saxon.AG,1450.0,0.6767300963401794,-1.5190185253256747,0.1003678285083684,0.4069710032866751
I20661.AG,UnitedKingdom,England_EarlyMedieval_Saxon.AG,1450.0,0.6755922436714172,-1.4680663887666174,0.08623890902662294,0.5098474481575209
I20666.AG,UnitedKingdom,England_EarlyMedieval_Saxon.AG,1450.0,0.1334462761878967,-1.5194857220486773,0.11454881327845852,0.6346594238398343
I20667.AG,UnitedKingdom,England_EarlyMedieval_Saxon.AG,1450.0,0.2781511545181274,-1.5039503268554906,0.14747513677951624,0.5726301997789921
I20668.AG,UnitedKingdom,England_EarlyMedieval_Saxon.AG,1450.0,0.695109486579895,-1.5141254626977245,0.11797523563573545,0.6773642618129618
I20669.AG,UnitedKingdom,England_EarlyMedieval_Saxon.AG,1450.0,0.2122353911399841,-1.563873408890106,0.04358958884935188,0.5891718718385159
I20670.AG,UnitedKingdom,England_EarlyMedieval_Saxon.AG,1450.0,0.6696685552597046,-1.445757051712041,0.1617210573737607,0.6525496408752636
I20671.AG,UnitedKingdom,England_EarlyMedieval_Saxon.AG,1450.0,0.7208269238471985,-1.549284590952046,0.08339364251496942,0.5540857488443631
I20672.AG,UnitedKingdom,England_EarlyMedieval_Saxon.AG,1450.0,0.1333668082952499,-1.4621057141086482,0.12573652680259004,0.553721153003677
I20673.AG,UnitedKingdom,England_EarlyMedieval_Saxon.AG,1450.0,0.5143254995346069,-1.5252216589441636,0.07809505266685704,0.5946508034865277
I20674.AG,UnitedKingdom,England_EarlyMedieval_Saxon.AG,1450.0,0.6263559460639954,-1.517522435520954,0.0874823409337682,0.6110299071251272
I20676.AG,UnitedKingdom,England_EarlyMedieval_Saxon.AG,1450.0,0.289544403553009,-1.4868563525504235,0.16492417852662952,0.5975080662113802
I20677.AG,UnitedKingdom,England_EarlyMedieval_Saxon.AG,1450.0,0.7446393370628357,-1.5323406352863909,0.12704703415006463,0.6872228728353692
I20678.AG,UnitedKingdom,England_EarlyMedieval_Saxon.AG,1450.0,0.612994372844696,-1.5188119160248186,0.1476050746120473,0.5791870178195961
I20679.AG,UnitedKingdom,England_EarlyMedieval_Saxon.AG,1450.0,0.7356045842170715,-1.4554249219761792,0.07297650478371763,0.5395026480762732
I20680.AG,UnitedKingdom,England_EarlyMedieval_Saxon.AG,1450.0,0.7009617686271667,-1.4912373501129372,0.09122000222217486,0.5797558313937586
I20736.AG,Spain,Spain_LBA_1d.rel.I23440.I23441.AG,3100.0,0.0830753594636917,-1.106761970681112,-2.3775976605726825,-1.2519332363170976
I20740.AG,Spain,Spain_LBA.AG,3100.0,0.1911780387163162,-1.150609773108192,-2.3770895889112023,-1.2598784911024217
I20766.AG,Hungary,Hungary_IA_Scythian.AG,2100.0,0.1849226206541061,1.6522138581561332,0.06594069947148824,-1.1117590597227174
I20798.AG,Hungary,Hungary_Transtisza_LateEarlyAvar.AG,1200.0,0.7214425206184387,1.700797571183576,0.031322112560475256,-0.971814728831519
I20799.AG,Hungary,Hungary_Transtisza_LateEarlyAvar.AG,1200.0,0.727543830871582,1.7100441419840917,0.11131079572014983,-1.0727399991314268
I20800.AG,Hungary,Hungary_Transtisza_EarlyAvar.AG,1325.0,0.7390943765640259,1.6661839966704715,0.058575883992449604,-0.9498641560672626
I20801.AG,Hungary,Hungary_Transtisza_EarlyAvar.AG,1325.0,0.6833593845367432,1.6685750275560565,0.15711262966870485,-1.015823082610317
I20802.AG,Hungary,Hungary_Transtisza_Roman_Sarmation.AG,1700.0,0.7351917624473572,1.7045720381249478,-0.04085473485059479,-1.0863024809595596
I20806.AG,Romania,Romania_C_Bodrogkeresztur.AG,5900.0,0.7528631091117859,1.2579480747403786,0.42632081288426976,-0.0179605426725198
I20809.AG,Romania,Romania_C_Bodrogkeresztur.AG,6147.0,0.7410002946853638,1.2622453664019309,0.40490129936559616,0.006622415558121082
I20810.AG,Romania,Romania_C_Bodrogkeresztur.AG,5900.0,0.7189510464668274,1.2674448114797359,0.41397296434723857,-0.028471861462334835
I20815.AG,France,France_GrandEst_IA2.AG,2200.0,0.3614511787891388,-0.9625186416463918,-0.8090060526534479,-0.4587262116976625
I20817.AG,France,France_GrandEst_IA2.AG,2200.0,0.6944241523742676,-0.9872654718923463,-0.7867119368575398,-0.4391219928391729
I20827.AG,France,France_GrandEst_IA2.AG,2200.0,0.4269525110721588,-0.9889436281393899,-0.7999547238985409,-0.4361300175035893
I20982.AG,UnitedKingdom,England_MIA_LIA.AG,2176.0,0.6230088472366333,-1.41097558858545,0.07328314599323947,0.6396682862359807
I20983.AG,UnitedKingdom,England_MIA_LIA.AG,2176.0,0.5582284927368164,-1.4618327367034585,-0.020547353979827116,0.5893807843556382
I20984.AG,UnitedKingdom,England_MIA_LIA.AG,2176.0,0.6242659091949463,-1.5448037181035337,0.04191997227266209,0.5952625079177393
I20985.AG,UnitedKingdom,England_MIA_LIA.AG,2176.0,0.5289449691772461,-1.47393267085896,0.12660255772934528,0.6527211460322531
I20986.AG,UnitedKingdom,England_MIA_LIA.AG,2176.0,0.593033492565155,-1.61879443759586,0.0461225859831917,0.572962949001603
I20987.AG,UnitedKingdom,England_MIA_LIA.AG,2176.0,0.3770252168178558,-1.4805907859956382,0.1002839146831307,0.5675125760124273
I20988.AG,UnitedKingdom,England_MIA_LIA.AG,2225.0,0.6343493461608887,-1.4928376756872965,0.19874815951674046,0.6895927362956112
I20989.AG,UnitedKingdom,England_MIA_LIA.AG,2173.0,0.6610952019691467,-1.4467717086817886,0.09911258932975735,0.6794535054511303
I20990.AG,UnitedKingdom,England_MIA.AG,2220.0,0.4933913946151733,-1.5032608071644975,0.1102479071205465,0.638935502606233
I20997.AG,UnitedKingdom,England_C_EBA.AG,4075.0,0.5395579934120178,-1.4335470303709676,0.07749430168822705,0.51062551590997
I21178.AG,UnitedKingdom,England_MIA.AG,2250.0,0.730285108089447,-1.4080909076250527,0.09878776572242601,0.6929295014420397
I21179.AG,UnitedKingdom,England_MIA.AG,2228.0,0.7289339303970337,-1.4505664517846952,0.09489418606407996,0.5538192044217424
I21180.AG,UnitedKingdom,England_MIA.AG,2267.0,0.7568063139915466,-1.5202024990226322,0.11924642164526138,0.6771262385029738
I21181.AG,UnitedKingdom,England_MIA.AG,2250.0,0.7544527053833008,-1.5323915246413737,0.09011416920859137,0.6014651661134381
I21182.AG,UnitedKingdom,England_MIA.AG,2250.0,0.7428559064865112,-1.5871529243346896,0.13667027260384831,0.6379371593506158
I21271.AG,UnitedKingdom,England_MIA_LIA.AG,2200.0,0.758907675743103,-1.5683265784144722,0.09506168528085317,0.682404906519538
I21272.AG,UnitedKingdom,England_MIA_LIA.AG,2200.0,0.6682540774345398,-1.5321241763429583,0.10942997849934757,0.520033666753948
I21274.AG,UnitedKingdom,England_MIA_LIA.AG,2200.0,0.7431203126907349,-1.5665514985259963,0.11787158567325491,0.6471964803588617
I21277.AG,UnitedKingdom,England_MIA.AG,2225.0,0.7280612587928772,-1.5339517368452558,0.21720385657805957,0.696311288981892
I21293.AG,UnitedKingdom,England_MIA.AG,2263.0,0.5177358388900757,-1.4708787400719,0.12253255814337509,0.6182286153487604
I21302.AG,UnitedKingdom,England_LIA.AG,1922.0,0.652949333190918,-1.5527343643160352,0.08915275355258714,0.6049456383632095
I21303.AG,UnitedKingdom,England_LIA.AG,1995.0,0.4062179327011108,-1.5944504770575358,0.12778123176626868,0.6291658517203831
I21305.AG,UnitedKingdom,England_IA.AG,2300.0,0.2205734997987747,-1.5010349911582683,0.11835567888017656,0.5843783930398075
I21306.AG,UnitedKingdom,England_LIA.AG,2147.0,0.4219533801078796,-1.56851020247539,0.00246126820186694,0.603468475957736
I21307.AG,UnitedKingdom,England_MIA_LIA.AG,2117.0,0.3105092942714691,-1.5113044269443672,0.06249394561703987,0.5837745965620269
I21308.AG,UnitedKingdom,England_MIA_LIA.AG,2058.0,0.3313857913017273,-1.4895910414069673,0.1487617876418618,0.6358143861050043
I21309.AG,UnitedKingdom,England_MIA_LIA.AG,2165.0,0.7181392312049866,-1.4953761171082722,0.0004524048659805927,0.6842546453288099
I21310.AG,UnitedKingdom,England_MIA_LIA.AG,2115.0,0.6887105107307434,-1.6184362153601575,0.0746116438165586,0.6411274894833465
I21311.AG,UnitedKingdom,England_MIA_LIA.AG,2078.0,0.6888710856437683,-1.5273257973099224,0.14751721014448327,0.595160306830908
I21312.AG,UnitedKingdom,England_MIA_LIA.AG,2096.0,0.6680983901023865,-1.5433352875836612,0.2461310459657596,0.5601545712605043
I21313.AG,UnitedKingdom,England_MIA_LIA.AG,2165.0,0.6910073161125183,-1.4917559255352433,0.11270182504118016,0.5228359750512346
I21314.AG,UnitedKingdom,England_MIA_LIA.AG,2095.0,0.6834266781806946,-1.4438273219407465,0.0977435195687371,0.6992031589820897
I21315.AG,UnitedKingdom,England_LIA.AG,2043.0,0.0756407305598259,-1.445871262831022,0.12052216477776634,0.6497559615131967
I21390.AG,UnitedKingdom,England_N_Megalithic.AG,5630.0,0.7104945182800293,-1.4818024528307006,0.1261568950856476,0.6304543090824574
I21399.AG,France,France_GrandEst_IA2.AG,2200.0,0.6103180050849915,-0.9599484859382741,-0.7796728161434656,-0.4548656417405311
I21402.AG,France,France_GrandEst_IA2.AG,2200.0,0.7265105843544006,-1.0025472507905109,-0.8489998781811585,-0.4821126149228176
I21403.AG,France,France_GrandEst_IA2_father.or.son.I21399.AG,2200.0,0.20492485165596,-1.0030746587708659,-0.8284231362292666,-0.4825954428723725
I21714.AG,Hungary,Hungary_MN_AVK.AG,7060.0,0.7662320137023926,1.7943373205583575,-0.013274231782514115,-1.0896217544774283
I21763.AG,Hungary,Hungary_MN_AVK.AG,7075.0,0.5654125213623047,1.7292530662694465,-0.004948329604038413,-1.1029187518282328
I21764.AG,Hungary,Hungary_MN_AVK.AG,7075.0,0.1427389681339264,1.7418834472769318,0.07018357524493464,-1.0200884206972238
I21765.AG,Hungary,Hungary_MN_AVK.AG,7075.0,0.2727505564689636,1.706660825869624,0.08537248364661389,-1.0476547919698271
I21766.AG,Hungary,Hungary_MN_AVK.AG,7075.0,0.0687746182084083,1.6691450582704705,0.07349733112894924,-1.049634068409191
I21767.AG,Hungary,Hungary_MN_AVK.AG,7075.0,0.4006551504135132,1.6868747246736864,0.0627623033412837,-0.9750646670360874
I21768.AG,Hungary,Hungary_MN_AVK.AG,7075.0,0.2778251469135284,1.7236622435736322,0.010397881350293953,-1.027120608590924
I21769.AG,Hungary,Hungary_MN_AVK.AG,7075.0,0.3450247347354889,1.6525228622672328,0.07771157939400833,-1.008847615832174
I21770.AG,Hungary,Hungary_MN_AVK_oLevant.AG,6897.0,0.104570671916008,1.6569266123364492,-0.00246450432994518,-1.0172117335411521
I21771.AG,Hungary,Hungary_MN_AVK.AG,7075.0,0.0788134410977363,1.6918864992657454,0.09977527849280804,-0.9899438438921085
I21824.AG,Hungary,Hungary_MN_AVK_sister.I11933.AG,7075.0,0.3182204961776733,1.6793908596534297,0.06731169051885183,-1.1142660551142027
I21825.AG,Hungary,Hungary_MN_AVK_son.I21826.son.I18658.AG,7140.0,0.615347146987915,1.6892960963039516,0.08791600497000839,-0.9494645223012413
I21826.AG,Hungary,Hungary_MN_AVK.AG,7125.0,0.6664049625396729,1.7765851076431325,0.05223481035986173,-1.0124522280480142
I21827.AG,Hungary,Hungary_MN_AVK.AG,7075.0,0.6335448026657104,1.6493448054520035,0.07567384349843362,-1.1260841775225918
I21828.AG,Hungary,Hungary_N_LateAVK.AG,6894.0,0.5723273158073425,1.679261295626592,0.05020862595923819,-1.1680808678115522
I21829.AG,Hungary,Hungary_N_LBK.AG,7254.0,0.6093569397926331,1.6441083780786934,0.018634466393540806,-0.9779002047085523
I21830.AG,Hungary,Hungary_N_LateAVK.AG,6928.0,0.6023991703987122,1.659089582295259,0.06775988713104719,-1.0352828570390502
I21840.AG,Hungary,Hungary_MN_AVK.AG,7075.0,0.6155328154563904,1.771958443404427,0.12073621226487267,-1.044332794501243
I21841.AG,Hungary,Hungary_MN_AVK_brother.I21843.AG,7177.0,0.6856116056442261,1.6585129610094118,0.03714434323021128,-1.0111747125287112
I21842.AG,Hungary,Hungary_MN_AVK.AG,7075.0,0.710137665271759,1.7377452832590023,0.13211962591832319,-0.9405505130838628
I21843.AG,Hungary,Hungary_MN_AVK.AG,7150.0,0.7632863521575928,1.830956007554079,0.002960274022611684,-0.9828617019429127
I21844.AG,Hungary,Hungary_MN_AVK.AG,7075.0,0.5897083282470703,1.807390062029313,0.08519488952154908,-1.0294010142672925
I21846.AG,Hungary,Hungary_MN_AVK.AG,7075.0,0.5556713342666626,1.7493288201619095,0.054388439997168206,-1.1203588974674725
I21847.AG,Hungary,Hungary_MN_AVK.AG,7065.0,0.7163549661636353,1.7479743123724805,0.04186443865969889,-0.9818517355879416
I21897.AG,Hungary,Hungary_MN_AVK.AG,7092.0,0.7768928408622742,1.7395270845356057,-0.049030896775423057,-1.122514493012624
I21898.AG,Hungary,Hungary_MN_AVK_oHG1.AG,7273.0,0.7945868968963623,1.6174811987029367,0.05651565195509184,-1.1889216105182272
I21899.AG,Hungary,Hungary_MN_AVK.AG,7075.0,0.7253232598304749,1.6199958166052655,0.09366726652196146,-1.0196085466803584
I21901.AG,Hungary,Hungary_MN_AVK.AG,7150.0,0.6328684091567993,1.5535814605998133,0.11268946088916047,-0.9866754004063156
I21902.AG,Hungary,Hungary_MN_AVK_son.I21898.brother.I18660.AG,7239.0,0.7407326698303223,1.7091564385872968,-0.004428592621706392,-1.1124676888794507
I21906_d.AG,Romania,Romania_EN_Cris.AG,7510.0,0.3423775732517242,1.2862437407405116,0.41517741786210044,0.006400014026764416
I21931.AG,France,France_GrandEst_IA2.AG,2200.0,0.2573873996734619,-0.979678046018532,-0.8372716540751948,-0.45552092574409103
I22052.AG,UnitedKingdom,England_EastYorkshire_MIA_LIA.AG,2104.0,0.6804372668266296,-1.4788977118115543,0.2565268101634714,0.6698687322511008
I22055.AG,UnitedKingdom,England_EastYorkshire_MIA.AG,2237.0,0.6779060959815979,-1.582682355764028,0.12382549177515702,0.6042875312329435
I22056.AG,UnitedKingdom,England_EastYorkshire_MIA.AG,2238.0,0.6641049385070801,-1.5468581280208196,0.042699913862876054,0.6872177826174882
I22057.AG,UnitedKingdom,England_EastYorkshire_LIA.AG,1970.0,0.668090283870697,-1.5762450281856633,0.13880628348213905,0.5326864758588372
I22060.AG,UnitedKingdom,England_EastYorkshire_MIA_LIA.AG,2074.0,0.7158432006835938,-1.5880475648769456,-0.00589443492225253,0.6151884140624957
I22062.AG,UnitedKingdom,England_EastYorkshire_LIA.AG,1930.0,0.6827681660652161,-1.5738157088875526,0.2198857772743571,0.561204267659964
I22064.AG,UnitedKingdom,England_EastYorkshire_LIA.AG,1971.0,0.6540685296058655,-1.588062763032779,0.01605744092735536,0.6163619951492132
I22065.AG,UnitedKingdom,England_EastYorkshire_MIA_LIA.AG,2149.0,0.6978758573532104,-1.5122995117168538,0.04418181569567003,0.5980563612116148
I22933.AG,Slovenia,Slovenia_EIA.AG,2625.0,0.2645998001098633,3.939815149094648,-0.6269083597564006,0.4907836198925932
I22934.AG,Slovenia,Slovenia_EIA_father.I22935.I5684.I5685.I5686.AG,2625.0,0.1141009852290153,3.9526781195682417,-0.6286164987464008,0.4802787552079834
I22935.AG,Slovenia,Slovenia_EIA_son.I22934.brother.I5684.brother.I5685.brother.I5686.AG,2625.0,0.5629470348358154,3.934901833611683,-0.6307021247463077,0.48966439113881094
I22937.AG,Slovenia,Slovenia_EIA.AG,2446.0,0.1667719632387161,3.9373397500395173,-0.6257115920391275,0.4757722537445127
I22938.AG,Slovenia,Slovenia_EIA.AG,2425.0,0.7637048363685608,3.9277754240151244,-0.621437593473513,0.4998576221561824
I22940.AG,Slovenia,Slovenia_EIA.AG,2425.0,0.4671151041984558,3.9379300809202293,-0.6181673994589031,0.475657514368779
I23093.AG,Hungary,Hungary_MN_AVK.AG,7075.0,0.7183744311332703,1.6355663360345594,0.07844787624637813,-0.9661111129674816
I23094.AG,Hungary,Hungary_MN_AVK.AG,7112.0,0.708896815776825,1.6640756685407543,0.017308549228995725,-0.9823472891480136
I23205.AG,Serbia,Serbia_Mokrin_EBA_Maros.AG,3900.0,0.726286768913269,0.3781144999240443,0.13754004105495013,-0.06780867324738232
I23206.AG,Serbia,Serbia_Mokrin_EBA_Maros.AG,3900.0,0.7380424737930298,0.3823666531965541,0.12155892241733839,-0.0843542223567724
I23207.AG,Serbia,Serbia_Mokrin_EBA_Maros.AG,3900.0,0.7300418019294739,0.337367847667439,0.1430896848066941,-0.08951755748077443
I23208.AG,Serbia,Serbia_Mokrin_EBA_Maros.AG,3900.0,0.5259295701980591,0.3265202171652912,0.135040669452781,-0.07865288464543223
I23209.AG,Serbia,Serbia_BA_Maros.AG,3900.0,0.713341236114502,0.4030208828304071,0.09088822922300732,-0.10061828465313385
I23210.AG,Serbia,Serbia_BA_Maros.AG,3900.0,0.710035502910614,0.27979666469981285,0.11385368575707926,-0.09786615331419382
I23211.AG,Serbia,Serbia_BA_Maros.AG,3900.0,0.718680202960968,0.3569963563094938,0.1105617767620266,-0.0806755422741422
I23212.AG,Serbia,Serbia_Mokrin_EBA_Maros.AG,3900.0,0.713411808013916,0.38319791830179245,0.09628058027302958,-0.09244591953200419
I23569.AG,Spain,Spain_EBA.AG,4037.0,0.09560077637434,-1.1463773640307193,-2.3875388949891607,-1.25221749323767
I23904.AG,Croatia,Croatia_EIA.AG,2642.0,0.6884769201278687,0.8000137697577295,-0.014668260526335145,0.6348802864539456
I23911.AG,Croatia,Croatia_EIA.AG,2765.0,0.693625271320343,0.7905841316954425,-0.001151625770678102,0.6031811138847667
I23971.AG,Slovenia,Slovenia_EIA.AG,2636.0,0.4821717143058777,3.9403021896871016,-0.6295169536470677,0.481635765377845
I23974.AG,Slovenia,Slovenia_LBA_EIA.AG,2600.0,0.4636812508106231,3.9290880888184514,-0.6336016240502049,0.48609596984004233
I23978.AG,Slovenia,Slovenia_EIA.AG,2459.0,0.6268482208251953,3.9449259095753324,-0.6245975187309646,0.4728295147603319
I23995.AG,Croatia,Croatia_EIA.AG,2729.0,0.6857113242149353,0.7726324368960482,0.004306540017843084,0.6883831703804842
I23996.AG,Croatia,Croatia_EIA.AG,2744.0,0.6418123841285706,0.8061035145443834,-0.022732828149285223,0.6839985842912745
I24015.AG,Austria,Austria_N_LBK.AG,7100.0,0.722710132598877,0.6615838457966652,-0.5963948664811646,-0.1528979052007625
I24016.AG,Austria,Austria_N_LBK_brother.I30411.AG,6896.0,0.2583833336830139,0.6261121030622386,-0.6474148347539376,-0.1578431877515847
I24017.AG,Austria,Austria_N_LBK.AG,7100.0,0.7086251378059387,0.6275451146599343,-0.6251900900351757,-0.14356215679782255
I24018.AG,Austria,Austria_N_LBK.AG,7111.0,0.734241247177124,0.6107915282526433,-0.6420880903227105,-0.12340290251148245
I24021.AG,Austria,Austria_N_LBK.AG,7100.0,0.6892352104187012,0.6446083714039792,-0.6047390673483037,-0.11037397162105016
I24022.AG,Austria,Austria_N_LBK.AG,7100.0,0.7204474210739136,0.6179536526780312,-0.6417448647885846,-0.13356370496986555
I24023.AG,Austria,Austria_N_LBK.AG,7100.0,0.7230629324913025,0.6288546038247381,-0.6122625102814497,-0.14621896677486643
I24024.AG,Austria,Austria_N_LBK.AG,7100.0,0.182927519083023,0.6412654058675694,-0.6410639179517142,-0.14174929855685398
I24026.AG,Austria,Austria_N_LBK.AG,7091.0,0.0997953787446022,0.6168912300890864,-0.640416056390835,-0.1513022184763109
I24027.AG,Austria,Austria_N_LBK.AG,7100.0,0.118528351187706,0.6204617131907384,-0.6411072167371348,-0.1376155308483394
I24268.AG,Austria,Austria_N_LBK.AG,7100.0,0.7064443230628967,0.6422234465652353,-0.6107278519950202,-0.15003189085392302
I24269.AG,Austria,Austria_N_LBK.AG,7100.0,0.6821907162666321,0.6298060322598485,-0.6366822703271163,-0.13805463922862338
I24270.AG,Austria,Austria_N_LBK.AG,7100.0,0.6057989597320557,0.6325664801837909,-0.6307185011820601,-0.15342717557803098
I24271.AG,Austria,Austria_N_LBK.AG,7100.0,0.4259930849075317,0.6172249397385636,-0.6332553953941421,-0.13799440843268973
I24272.AG,Austria,Austria_N_LBK.AG,7100.0,0.7029430866241455,0.6276682675639106,-0.6265913658748686,-0.1336489347543449
I24275.AG,Austria,Austria_N_LBK.AG,7100.0,0.6292812824249268,0.5870180773579248,-0.6363218855800092,-0.14214822452263454
I24278.AG,Austria,Austria_N_LBK.AG,7100.0,0.6335821151733398,0.6510280315168218,-0.6167541477418612,-0.14480783295236346
I24279.AG,Austria,Austria_N_LBK.AG,7100.0,0.5737709403038025,0.6161732998180722,-0.6363696807521935,-0.1539645060064445
I24281.AG,Austria,Austria_N_LBK.AG,7026.0,0.6567635536193848,0.6347131314870746,-0.6376368007482633,-0.15199238100164766
I24282.AG,Austria,Austria_N_LBK.AG,7528.0,0.5024569630622864,0.6149895138572373,-0.6164569505634077,-0.13906864597585158
I24283.AG,Austria,Austria_N_LBK.AG,7100.0,0.594723641872406,0.6273725528967232,-0.6303885761816315,-0.14026907703489025
I24285.AG,Austria,Austria_N_LBK.AG,7100.0,0.503831684589386,0.6546588839485631,-0.6231443809164321,-0.13416633145819826
I24286_d.AG,Austria,Austria_N_LBK.AG,7100.0,0.0911531373858451,0.6565019947164756,-0.6119256414870691,-0.14664234994404426
I24289.AG,Austria,Austria_N_LBK.AG,7100.0,0.6824372410774231,0.6232927712913553,-0.6359632194697457,-0.14115544542795833
I24295.AG,Slovakia,Slovakia_N_ZeliezovceGroup.AG,7050.0,0.1791773438453674,1.1845665926442406,0.08689362788754129,0.32492010936480914
I24342.AG,Croatia,Croatia_MBA.AG,3410.0,0.7127751111984253,0.7800170678486207,0.03931921225306012,0.611776466717259
I24345.AG,Croatia,Croatia_LBA_EIA.AG,2900.0,0.0516353026032447,0.790741485437621,-0.009690984632945111,0.5990835250838386
I24638.AG,Croatia,Croatia_EIA.AG,2658.0,0.6755508780479431,0.7651787139823277,-0.044388464839919074,0.655318510601451
I24639.AG,Croatia,Croatia_EIA.AG,2658.0,0.6814461946487427,0.7674917707804974,-0.011208070180412791,0.6254307484010195
I24868.AG,Slovakia,Slovakia_N_ZeliezovceGroup.AG,7041.0,0.3419201672077179,1.1619399548523037,0.10398587376550286,0.34015859696820866
I24879.AG,Croatia,Croatia_EIA.AG,2599.0,0.6888102293014526,0.8649464128886277,0.025399357133657593,0.715940775868801
I24882.AG,Croatia,Croatia_EIA.AG,2599.0,0.7080866098403931,0.8405804861168958,-0.03726749097263384,0.6572515033433077
I24886.AG,Austria,Austria_N_LBK.AG,7100.0,0.7162706255912781,0.6166074067081351,-0.625415093305394,-0.15070538590005578
I24887.AG,Austria,Austria_N_LBK.AG,7100.0,0.7184068560600281,0.6645229729222532,-0.6334509679246757,-0.14077375383655183
I24888.AG,Austria,Austria_N_LBK.AG,7181.0,0.6904379725456238,0.6143210516027364,-0.6482898740328189,-0.16040077323733015
I24889.AG,Austria,Austria_N_LBK.AG,7187.0,0.7083550691604614,0.6692360554384926,-0.5879274812956602,-0.13135590158028623
I24890.AG,Austria,Austria_N_LBK.AG,7100.0,0.6935352683067322,0.6379673763649201,-0.6264894928841992,-0.14293370175163353
I24892.AG,Austria,Austria_N_LBK_father.or.son.I24280.AG,6904.0,0.7105472683906555,0.6321618504564073,-0.6510712933571177,-0.15168944757302716
I24893.AG,Austria,Austria_N_LBK.AG,7050.0,0.7508606910705566,0.5899234076248552,-0.6354553951383957,-0.15224723891748607
I24894.AG,Austria,Austria_N_LBK.AG,7100.0,0.6738144755363464,0.6322768406511623,-0.6261523371487192,-0.13575438019370745
I24895.AG,Austria,Austria_N_LBK.AG,7100.0,0.6554408073425293,0.6227455360027085,-0.6467828127468673,-0.15450009682682694
I24896.AG,Austria,Austria_N_LBK.AG,7100.0,0.7217710018157959,0.61715965819368,-0.6179383871013432,-0.14941880596790558
I24897.AG,Austria,Austria_N_LBK.AG,7100.0,0.6080235838890076,0.6047644300696143,-0.6429091681468062,-0.15912124309707001
I24900.AG,Austria,Austria_N_LBK.AG,7100.0,0.6754868030548096,0.6358024757231422,-0.6344921350574183,-0.1689270670290627
I24901.AG,Austria,Austria_N_LBK.AG,7100.0,0.7092772126197815,0.6264876799777024,-0.6082535322456141,-0.15410744417235975
I24902.AG,Austria,Austria_N_LBK.AG,7100.0,0.7331658005714417,0.6684114071856825,-0.6396820542254327,-0.14173171808003027
I24903.AG,Austria,Austria_N_LBK.AG,7100.0,0.7171432971954346,0.6142361025470239,-0.6585032433025686,-0.11362560487622603
I24904.AG,Austria,Austria_N_LBK.AG,7100.0,0.7395331859588623,0.6376245507698816,-0.6364810772945334,-0.1356468921401111
I24905.AG,Austria,Austria_N_LBK.AG,7100.0,0.7022504806518555,0.6470125107251852,-0.6294489376038801,-0.13391049434316515
I24906.AG,Austria,Austria_N_LBK_sister.I25332.AG,7100.0,0.7264570593833923,0.6041230861795155,-0.6165655371182447,-0.14189045913829917
I24907.AG,Austria,Austria_N_LBK.AG,7100.0,0.3525623679161072,0.6224295190402815,-0.6425050765741573,-0.15018531054938858
I25175.AG,Slovakia,Slovakia_N_LBK.AG,7100.0,0.447842001914978,1.1857245494984152,0.09362506012291909,0.3089226778248716
I25176.AG,Slovakia,Slovakia_N_LBK.AG,7100.0,0.2605065703392029,1.1826478673057705,0.11747504921771845,0.3315122644101324
I25201.AG,Slovakia,Slovakia_N_LBK.AG,7100.0,0.1244480013847351,1.1820806244138884,0.11234007404889129,0.3305623122346794
I25323.AG,Austria,Austria_N_LBK.AG,7100.0,0.0855481624603271,0.6611100788793335,-0.6642314469663538,-0.1452862150084829
I25349.AG,Austria,Austria_N_LBK.AG,6981.0,0.0685086026787757,0.6174439268807114,-0.6491606327160768,-0.14307853758391442
I25504.AG,Hungary,Hungary_LBA.AG,2875.0,0.7640690207481384,1.7242384682897514,0.10742853454999896,-1.1602822001803836
I25505.AG,Hungary,Hungary_LBA.AG,2911.0,0.414710134267807,1.6972459871536625,0.05764259585173645,-1.049488757640152
I25507.AG,Hungary,Hungary_EIA.AG,2841.0,0.6763675808906555,1.7179858927206024,-0.021339500570040318,-1.0815208467990505
I25508.AG,Hungary,Hungary_EIA.AG,2809.0,0.7299501299858093,1.6540157642140922,0.1743927519917277,-0.9880208540311566
I25509.AG,Hungary,Hungary_IA_LaTene_o3.AG,2131.0,0.723285973072052,1.625821673301209,0.15580843640987882,-1.0770955046153698
I25510.AG,Hungary,Hungary_IA_LaTene.AG,2150.0,0.6892254948616028,1.6768488303199287,0.018801012324391644,-1.0818720739761003
I25512.AG,Hungary,Hungary_IA_LaTene.AG,2150.0,0.2653767764568329,1.6584098697229508,0.1287702421197052,-1.0013235135415544
I25516.AG,Hungary,Hungary_IA_LaTene.AG,2150.0,0.1590996980667114,1.6254828779453192,0.0604768156096913,-0.9922805024808015
I25518.AG,Hungary,Hungary_IA_LaTene.AG,2150.0,0.3893259763717651,1.6991140172353463,0.11198689785161324,-1.0680776808542358
I25519.AG,Hungary,Hungary_IA_LaTene.AG,2150.0,0.7139389514923096,1.5882605020524236,0.06643338821516652,-0.9897784415518576
I25522.AG,Hungary,Hungary_IA_LaTene.AG,2150.0,0.7173209190368652,1.6724553244869549,-0.0009670292439633633,-1.0489382043492315
I25524.AG,Hungary,Hungary_IA_LaTene_o3.AG,2218.0,0.6940972805023193,1.6586488220964413,0.06715185324084831,-1.101773644423348
I25525.AG,Hungary,Hungary_EIA_o3.AG,2550.0,0.6731380820274353,1.5765040165056816,0.12662824538667533,-1.105249586839811
I26628.AG,UnitedKingdom,ChannelIslands_EIA.AG,2549.0,0.2071219086647033,-1.4924963529938298,0.14561870001613203,0.5964242180595586
I26629.AG,UnitedKingdom,ChannelIslands_LIA_LaTene.AG,1990.0,0.111582763493061,-1.4698802391471653,0.08184390051681238,0.5671416148422588
I26702.AG,Croatia,Croatia_Roman_EarlyImperial_brother.I26708.AG,1850.0,0.7509969472885132,0.833247315768244,0.013445679427721619,0.601680945690733
I26703.AG,Croatia,Croatia_Roman_EarlyImperial_o3.AG,1850.0,0.7498525977134705,0.8007527052034309,-0.007895969978070962,0.6117860216332895
I26704.AG,Croatia,Croatia_Roman_EarlyImperial.AG,1850.0,0.7459669709205627,0.8486695351529226,-0.007377727950601325,0.6905322937373068
I26705.AG,Croatia,Croatia_Roman_EarlyImperial_o1.AG,1850.0,0.5837326645851135,0.8307857166156665,0.02459246052001305,0.6906409490881431
I26707.AG,Croatia,Croatia_Roman_EarlyImperial.AG,1850.0,0.7363401651382446,0.8526765171868838,-0.03488661112666487,0.6330779414110129
I26708.AG,Croatia,Croatia_Roman_EarlyImperial.AG,1850.0,0.7509928941726685,0.8004789716755965,-0.02928507629746747,0.671902615237499
I26709.AG,Croatia,Croatia_Roman_LateImperial_oLevant.AG,1500.0,0.7502288818359375,0.8106705857354015,-0.0640491168969451,0.6086211186754301
I26718.AG,Croatia,Croatia_Roman_LateImperial.AG,1700.0,0.309823989868164,0.8264699358402613,0.001954226037100996,0.6057251843337533
I26719.AG,Croatia,Croatia_Roman_LateImperial_oEurope.AG,1700.0,0.4673008322715759,0.8195093107362845,-0.019065084946519574,0.6412095982455058
I26738.AG,Croatia,Croatia_MN.AG,7125.0,0.55824875831604,0.7997278394721071,-0.038637564326787895,0.5736694656298911
I26741.AG,Croatia,Croatia_MN_Sopot.AG,6585.0,0.7509750723838806,0.8393964239179512,0.00033527110098217536,0.6081551128410537
I26742.AG,Croatia,Croatia_LBA_EIA.AG,2650.0,0.8029899001121521,0.8202188397595455,-0.014990384254866979,0.6282477673206754
I26745.AG,Croatia,Croatia_EarlyMedieval_EarlySlav.AG,1226.0,0.732178807258606,0.8153668161350769,-0.003736363850793189,0.5808191060875154
I26746.AG,Croatia,Croatia_EarlyMedieval_EarlySlav_oAegean.AG,1249.0,0.7690178155899048,0.8146756007575414,-0.017492751668647003,0.6313929431447791
I26747.AG,Croatia,Croatia_EarlyMedieval_EarlySlav.AG,1227.0,0.7524518966674805,0.794918164266353,0.023696255761070588,0.6056097667131507
I26748.AG,Croatia,Croatia_EarlyMedieval.AG,1112.0,0.7308893203735352,0.7548988912323165,0.0802675791281446,0.6078021571527883
I26749.AG,Croatia,Croatia_EarlyMedieval_oAegean.AG,1118.0,0.6459388732910156,0.7712633612027266,-0.006550956176839939,0.61012748652974
I26750.AG,Croatia,Croatia_OsijekTrg_Roman_LateImperial.AG,1700.0,0.7490488886833191,0.8097563274986848,0.003281630666070812,0.6227768862699783
I26751.AG,Croatia,Croatia_OsijekTrg_Roman_LateImperial.AG,1700.0,0.6646475195884705,0.8436071095784873,-0.02432292048721724,0.6768053354111285
I26752.AG,Croatia,Croatia_OsijekTrg_Roman_LateImperial.AG,1700.0,0.7693884968757629,0.8538694548648281,-0.015584087226239548,0.6414302050343231
I26753.AG,Croatia,Croatia_OsijegTrg_Roman_LateImperial_oLevant.AG,1700.0,0.7629205584526062,0.8301592744269575,-0.04959069190822907,0.6740346310932085
I26754.AG,Croatia,Croatia_OsijekTrg_Roman_LateImperial.AG,1700.0,0.4599440693855285,0.8516254929105391,0.048313498290238066,0.6727242684748466
I26761.AG,Croatia,Croatia_Roman_LateImperial_oEurope.AG,1575.0,0.113982580602169,0.8061539541038591,0.01730997961132827,0.6350222098301058
I26762.AG,Croatia,Croatia_Roman_LateImperial_oEurope.AG,1575.0,0.6945506930351257,0.7966850834646213,0.02092361714905381,0.6820241064132557
I26763.AG,Croatia,Croatia_Roman_LateImperial_oEurope.AG,1575.0,0.7793875932693481,0.7955014956949784,-0.022003320709676515,0.637867279230448
I26764.AG,Croatia,Croatia_SisakPogorelec_Roman_LateImperial.AG,1575.0,0.7741637825965881,0.8153174263617834,0.01006790214589883,0.652102366087722
I26765.AG,Croatia,Croatia_LateAntiquity.AG,1250.0,0.765346348285675,0.8302787565878009,-0.030062055711868266,0.648226856898601
I26766.AG,Croatia,Croatia_LateAntiquity.AG,1250.0,0.7805067896842957,0.8331183760662526,-0.030700205935699217,0.6313271605522751
I26767.AG,Croatia,Croatia_LateAntiquity.AG,1324.0,0.6985992789268494,0.8175208259256459,-0.021553315304553775,0.5936627252272588
I26773.AG,Croatia,Croatia_MBA.AG,3325.0,0.6226097941398621,0.8223986277125437,0.007475784660558328,0.6647040274662116
I26774.AG,Croatia,Croatia_MBA.AG,3325.0,0.7081709504127502,0.8362249902815603,-0.01753168748920221,0.5786072385099629
I26775.AG,Croatia,Croatia_Roman_oAfrica.AG,1750.0,0.6816359758377075,0.7133488420884149,-0.05528517488595239,0.5827652134151574
I26776.AG,Croatia,Croatia_Roman.AG,1650.0,0.5796622037887573,0.8136839438153735,0.0216610636121817,0.6928449261100784
I26828.AG,Netherlands,Netherlands_MBA.AG,3400.0,0.7308601140975952,-1.2342358732169443,0.12047074577925174,-0.19437406606086313
I26829.AG,Netherlands,Netherlands_MBA.AG,3400.0,0.7079665660858154,-1.2377385039284627,0.11103602630675576,-0.19468497726185524
I26830.AG,Netherlands,Netherlands_MBA.AG,3429.0,0.7261934876441956,-1.2462785668304852,0.10403583715354502,-0.1930835364516234
I26831.AG,Netherlands,Netherlands_MBA.AG,3400.0,0.1695610731840133,-1.2777001343858847,0.1498319832154596,-0.2168169895176616
I26832.AG,Netherlands,Netherlands_MBA.AG,3400.0,0.7209340333938599,-1.2444677537079278,0.12135914671590557,-0.19594912981867482
I26893.AG,Croatia,Croatia_MBA.AG,3325.0,0.7343053221702576,0.824883822883937,-0.003396642953420906,0.6373970040122701
I26894.AG,Croatia,Croatia_LateAntiquity.AG,1470.0,0.7424803972244263,0.813392082003746,-0.002953674084996019,0.6744588059661012
I26895.AG,Croatia,Croatia_LateAntiquity.AG,1470.0,0.7133955359458923,0.8206083545465889,-0.019307183368653936,0.7067164935906578
I27295.AG,Croatia,Croatia_Gepidic.AG,1450.0,0.6955181956291199,0.7804417256298193,-0.026534890662115066,0.6481047792353481
I27296.AG,Croatia,Croatia_Gepidic.AG,1427.0,0.7016763091087341,0.7750358941439862,0.016415594938576906,0.6727252854263625
I27297.AG,Croatia,Croatia_Gepidic_oAegean.AG,1540.0,0.7033607959747314,0.8278005101059231,-0.0498675740381714,0.6178096290938195
I27298.AG,Croatia,Croatia_Gepidic.AG,1450.0,0.6819539070129395,0.8306063328168946,0.07095286853449562,0.6673860734297077
I27379.AG,UnitedKingdom,England_LIA.AG,2068.0,0.6466996073722839,-1.525003901846496,0.20371522528471558,0.7179272302862141
I27380.AG,UnitedKingdom,England_EBA_BellBeaker.AG,4228.0,0.7193200588226318,-1.437522643932728,0.07776426878407323,0.5645388817173123
I27381.AG,UnitedKingdom,England_EIA.AG,2487.0,0.717656672000885,-1.5267725806306844,0.09444215976240161,0.6003591601347734
I27382.AG,UnitedKingdom,England_EIA.AG,2592.0,0.73747318983078,-1.5539928187916652,0.09043582254650052,0.5602458312244587
I27383.AG,UnitedKingdom,England_EIA.AG,2522.0,0.7317384481430054,-1.4741457539492255,0.07185296901454298,0.5969470628679932
I27384.AG,UnitedKingdom,Scotland_LIA.AG,1945.0,0.5971096754074097,-1.5402771264738322,0.0671747514540108,0.5522352638052058
I27385.AG,UnitedKingdom,Scotland_LIA.AG,1916.0,0.7221229672431946,-1.515429733102753,0.031929351679410016,0.5621069958058066
I27771.AG,Austria,Austria_N_LBK.AG,7025.0,0.2172296643257141,0.6385674345233293,-0.630343234499611,-0.1567655364114642
I27772.AG,Austria,Austria_N_LBK.AG,7137.0,0.518528163433075,0.6294438761628908,-0.6462503006972468,-0.13130271173272862
I27773.AG,Austria,Austria_N_LBK.AG,7092.0,0.7723065614700317,0.6362956550420723,-0.6298441207639048,-0.14234346634270242
I27774.AG,Austria,Austria_N_LBK.AG,7100.0,0.7567949295043945,0.6219884053562758,-0.6172284799025268,-0.13325354543938983
I27776.AG,Austria,Austria_N_LBK.AG,7006.0,0.2197860032320022,0.6285567213926111,-0.6259306768791523,-0.1353512641809702
I27778.AG,Austria,Austria_N_LBK.AG,7208.0,0.7489855885505676,0.6258078897255506,-0.63308691706095,-0.16734169196499932
I27780.AG,Austria,Austria_N_LBK.AG,7100.0,0.0673107281327247,0.6160911051175666,-0.6332523444448844,-0.1471311664491914
I27783.AG,Austria,Austria_N_LBK.AG,7100.0,0.7503765225410461,0.6479031348481824,-0.6356771372105776,-0.14830204638204228
I27784.AG,Austria,Austria_N_LBK.AG,7100.0,0.7440530061721802,0.6448925245434401,-0.623559402148277,-0.1465817782285126
I27785.AG,Austria,Austria_N_LBK.AG,7100.0,0.0568120516836643,0.6293206138784542,-0.6297094793969772,-0.13517960003418264
I27787_d.AG,Austria,Austria_N_LBK_1d.rel.I24906.AG,7100.0,0.2118023037910461,0.6384954472776027,-0.6380684489537908,-0.14025287045175783
I27791.AG,Austria,Austria_N_LBK.AG,7100.0,0.0939381793141365,0.6329360256345176,-0.6229693916080168,-0.13869058272887427
I27793.AG,Austria,Austria_N_LBK.AG,7100.0,0.7713041305541992,0.6216673192171513,-0.6554544514797837,-0.16987349618185366
I27794.AG,Austria,Austria_N_LBK.AG,7100.0,0.7662749886512756,0.6885136637274635,-0.615874599428362,-0.1254759206948425
I27796.AG,Austria,Austria_N_LBK.AG,7100.0,0.5928372144699097,0.6379319756124499,-0.6382352787738953,-0.13906256987840734
I27805.AG,Austria,Austria_N_LBK.AG,7100.0,0.0782270729541778,0.6346422940317599,-0.6364597266342515,-0.1519442024539495
I28390.AG,Croatia,Croatia_EarlyMedieval_Avar_oNorthEurope.AG,1103.0,0.7082383036613464,0.7627910882803381,0.028866943011737787,0.7289236883973268
I28392.AG,Croatia,Croatia_EarlyMedieval_Avar.AG,1150.0,0.7158278226852417,0.8037523666748488,-0.023511552094934683,0.6584901121552742
I28393.AG,Croatia,Croatia_EarlyMedieval_Avar.AG,1150.0,0.7011823654174805,0.8343102330401044,-0.061363113681211015,0.6283720642024455
I28397.AG,Croatia,Croatia_EarlyMedieval_Avar.AG,1150.0,0.713153064250946,0.8426284205118426,0.029805858173506616,0.659470516992512
I28398.AG,Croatia,Croatia_EarlyMedieval_Avar.AG,1150.0,0.7169478535652161,0.7791383701893599,-0.009274703140555833,0.655151851920994
I28400.AG,Croatia,Croatia_EarlyMedieval_Avar.AG,1150.0,0.7316460013389587,0.7462894981654364,-0.009388918757705995,0.6307991723217171
I28425.AG,Croatia,Croatia_EN_Starcevo.AG,7500.0,0.7060501575469971,0.8221415765478693,0.003056120445118708,0.6182514951501897
I28426.AG,Croatia,Croatia_EN_Starcevo.AG,7511.0,0.7002594470977783,0.825052678034371,-0.02038073514882046,0.5507230238531275
I28427.AG,Croatia,Croatia_EN_Starcevo.AG,7500.0,0.1549651175737381,0.8295109475947735,0.0032646548312068257,0.6638287672164261
I28446.AG,Croatia,Croatia_LateAntiquity.AG,1575.0,0.6546475887298584,0.7695516389084218,0.013371394879562857,0.6307743461116323
I28447.AG,Croatia,Croatia_LateAntiquity.AG,1575.0,0.7275300621986389,0.7828618174261454,-0.008066618600795144,0.6236327428732084
I28448.AG,Croatia,Croatia_LateAntiquity.AG,1575.0,0.7251343131065369,0.8233042105700419,0.03334553833143274,0.5918358690265766
I29876.TW,Hungary,Hungary_EN_Starcevo.TW,7550.0,0.8077781796455383,1.6361031907075503,-0.17138085885229135,-0.8025899205876237
I29877.TW,Hungary,Hungary_EN.TW,7940.0,0.8533900380134583,1.6014159134424635,0.11393127147436646,-0.6507926258595383
I29891.TW,Hungary,Hungary_MN_LBK.TW,6982.0,0.8277771472930908,1.5496332866868048,-0.06080558379896206,-1.0689830208276523
I29957.TW,Hungary,Hungary_MN_ALBK.TW,7100.0,0.7381885051727295,1.6548052702465201,-0.0475281495405787,-0.9699152512559972
I29958.TW,Hungary,Hungary_MN_ALBK.TW,7100.0,0.6183195114135742,1.7065272140988679,0.1100390572281862,-1.035139578198771
I30300.TW,UnitedKingdom,England_N_Megalithic.TW,5575.0,0.8480721712112427,-1.5127435968574057,0.11095553416511729,0.5871481740979461
I32299.TW,Serbia,Serbia_Medieval_Slav.TW,750.0,0.3992528915405273,0.2927478703197145,0.13541875446288387,-0.09070963189733383
I32300.TW,Serbia,Serbia_Medieval_Slav.TW,750.0,0.4102584421634674,0.3687883321821515,0.15679431043211703,-0.08511394671084069
I32305.TW,Serbia,Serbia_Roman_AfricanPossible.TW,1850.0,0.7797670960426331,0.32918109082531066,0.13046531762271082,-0.08193025470576495
I33809.TW,Croatia,Croatia_LateAntiquity_oLevant1.TW,1550.0,0.7816657423973083,0.7864360749553831,0.02391197020142077,0.6297852892109881
I33885.TW,Croatia,Croatia_LateAntiquity.TW,1550.0,0.9211832880973816,0.8309014468178978,-0.012274369919561616,0.7026418447445334
I33886.TW,Croatia,Croatia_LateAntiquity_oAegean.TW,1550.0,0.7281423807144165,0.7955654914250843,-0.013088907419736673,0.644324733422654
I33888.TW,Croatia,Croatia_LateAntiquity.TW,1550.0,0.8997974991798401,0.8160294274913782,-0.006122960453910574,0.6321306304201745
I33890.TW,Croatia,Croatia_LateAntiquity.TW,1550.0,0.8593705296516418,0.8009059097813065,0.018920789943074005,0.6076849453990468
I33893.TW,Croatia,Croatia_LateAntiquity_oLevant1.TW,1550.0,0.8708059191703796,0.8162055629829804,-0.04667304358798074,0.61246593216842
I34290.TW,Croatia,Croatia_LateAntiquity.TW,1550.0,0.1399717628955841,0.82148935429287,-0.042580726099411305,0.6310240477418784
I34980.TW,Croatia,Croatia_EarlyMedieval.TW,784.0,0.9337865710258484,0.8066952907844046,0.037153020284953694,0.6263444613065144
I35008.TW,Croatia,Croatia_EarlyMedieval.TW,825.0,0.9477248191833496,0.7804532558728415,-0.014037417658840338,0.5927166694794151
I35009.TW,Croatia,Croatia_LateAntiquity.TW,1650.0,0.8615594506263733,0.8465645247551777,-0.002454976414071073,0.5991560220051232
I35010.TW,Croatia,Croatia_EarlyMedieval.TW,825.0,0.932450830936432,0.8095483383543559,0.027225928353916715,0.5986021745837182
I35012.TW,Croatia,Croatia_EarlyMedieval.TW,825.0,0.9160576462745668,0.823774153718297,0.01902038985138145,0.6399471830231336
I35014.TW,Croatia,Croatia_EarlyMedieval.TW,825.0,0.3041979372501373,0.8053529352913007,0.0019329516745043049,0.6320957842821606
I35080.TW,Croatia,Croatia_LateAntiquity.TW,1650.0,0.1197505593299865,0.8182987881615678,0.004863112006313631,0.646152928968939
I35081.TW,Croatia,Croatia_EarlyMedieval.TW,1190.0,0.9410800933837892,0.7925672808076992,0.03938600561242243,0.6437311014951772
I35082.TW,Croatia,Croatia_LateAntiquity.TW,1650.0,0.314471960067749,0.8159841127114746,0.013911008141200476,0.6346567965158337
I35095.TW,Croatia,Croatia_EarlyMedieval.TW,825.0,0.9307265877723694,0.7842067532330909,0.040636724215884976,0.6348511550249579
I8134.AG,Spain,Spain_MLN.AG,6100.0,0.5699591040611267,-1.1471673714266848,-2.3302565941362112,-1.2242845622318388
I10429.AG,Turkey,Turkey_Marmara_Ilipinar_Byzantine1.AG,1250.0,0.1908025294542312,1.4465231033287969,-0.6048430049520572,0.9231215275611145
I1072.AG,Israel,Israel_Natufian.AG,12700.0,0.4931464493274688,1.3888265172052536,-1.0182451269563888,1.8720512204579909
I1072_d.AG,Israel,Israel_Natufian_d.AG,12700.0,0.1201698631048202,1.4288494483139644,-1.023811515643692,1.916269625108287
I10944.AG,Italy,Italy_Sicily_Himera_480BCE_Sarmatian.AG,2430.0,0.5861414074897766,0.007822677417494579,-0.7173753692412252,0.35373264389483583
I10949.AG,Italy,Italy_Sicily_Himera_480BCE_NEurope.AG,2540.0,0.483537495136261,-0.052900519432094985,-0.6715426028307727,0.35587131274896155
I11683.AG,Hungary,Hungary_EIA_Prescythian_Mezocsat.AG,2586.0,0.6794608235359192,1.6892750809167882,0.09319953230281335,-1.0056974709689384
I11843.AG,Croatia,Croatia_MBA_Cetina.AG,3550.0,0.3416054844856262,0.8089702161818606,-0.0037659515952506236,0.6239663712527943
I11902.AG,Romania,Romania_C_Bodrogkeresztur.AG,6112.0,0.7895115613937378,1.275114241260032,0.416400719117948,0.0017940607694577513
I11906.AG,Romania,Romania_C_Bodrogkeresztur.AG,5900.0,0.7085529565811157,1.3032209097125242,0.4423189265942401,-0.009138887048404388
I11929.AG,Hungary,Hungary_MN_AVK.AG,7075.0,0.6612768769264221,1.7043619155521326,0.11257131864200667,-1.047813229475082
I11933.AG,Hungary,Hungary_MN_AVK.AG,7075.0,0.7485638856887817,1.7212657828136115,-0.040952039776983085,-1.0205163468670844
I11991.AG,UnitedKingdom,England_MIA_LIA.AG,2116.0,0.802702009677887,-1.5652437913306856,0.09417877301969575,0.5996630229422859
I11992.AG,UnitedKingdom,England_MIA_LIA.AG,2095.0,0.7823810577392578,-1.5004197200742349,0.05442774731267209,0.6234739303082086
I12171.AG,Spain,Spain_EIA_Tartessian.AG,2608.0,0.3160575032234192,-1.1466229907678518,-2.3666714344116904,-1.349923545027036
I12220.AG,Italy,Italy_Sardinia_LateAntiquity.AG,1306.0,0.1943118125200271,-0.05964984095660963,-0.7440354443493067,0.4362805695360072
I12314.AG,UnitedKingdom,Scotland_N_lowEEF.AG,5551.0,0.5388888716697693,-1.446265167671623,0.08076476720226418,0.5611612556465188
I12439.AG,UnitedKingdom,England_N_Megalithic.AG,5600.0,0.7659635543823242,-1.4888988565701295,-0.012592051545552183,0.621697425741034
I12610.AG,UnitedKingdom,England_EIA.AG,2586.0,0.0600950680673122,-1.5657789484367706,0.052336242809460455,0.60817971645426
I12614.AG,UnitedKingdom,England_LBA.AG,2900.0,0.1203344985842704,-1.475190969509093,0.12113240256591613,0.5958921860220431
I12624.AG,UnitedKingdom,England_LBA.AG,2800.0,0.2160772085189819,-1.499963533644544,0.026811954539407958,0.5925639465182643
I1298_enhanced.AG,Bulgaria,Bulgaria_N.AG,7883.0,0.1946240663528442,1.3161753309139779,-0.3104760822750203,0.3015496171914546
I13128.AG,Italy,Italy_Sicily_IA_Sicani.AG,2586.0,0.2668025493621826,-0.07586410833437797,-0.7350893376403543,0.4084147695514606
I13162.AG,Serbia,Serbia_EN_Starcevo.AG,7962.0,0.7564688920974731,0.36307435055568715,0.12110346662250138,-0.05767634924861836
I13170.AG,Montenegro,Montenegro_IA.AG,2550.0,0.739928126335144,2.5360049496000077,3.204464465687876,0.4424739134955299
I13428.AG,Greece,Greece_Kastrouli_BA.AG,3243.0,0.063380517065525,1.9232105194191103,-0.48923045124643905,2.1895223890907443
I13506_d.AG,Greece,Greece_PalaceOfNestor_BA_father.or.son.I13518.AG,3085.0,0.2679266035556793,1.9164646169940147,-0.49798826534751234,2.19501429165668
I13514.AG,Greece,Greece_PalaceOfNestor_BA.AG,3165.0,0.7478704452514648,1.9185353307147626,-0.47155157043278195,2.2231133533837815
I13516.AG,Greece,Greece_PalaceOfNestor_BA.AG,3335.0,0.0692085176706314,1.9132411110039615,-0.47361642048982083,2.1883390858781047
I13517.AG,Greece,Greece_PalaceOfNestor_BA_1d.rel.I13510.AG,3278.0,0.7921481728553772,1.9451542635016674,-0.46667315807112536,2.2191438495796287
I13517_d.AG,Greece,Greece_PalaceOfNestor_BA_1d.rel.I13510.AG,3278.0,0.3092449009418487,1.950545117694909,-0.48946861533286623,2.191375894651424
I13518.AG,Greece,Greece_PalaceOfNestor_BA.AG,3085.0,0.8069233894348145,1.8944611426857572,-0.4915902261426167,2.1402866480672342
I13577.AG,Greece,Greece_Kastrouli_BA.AG,3200.0,0.2454970031976699,1.9132190040695634,-0.47929855178756997,2.2141147742728355
I13578.AG,Greece,Greece_Kastrouli_BA.AG,3262.0,0.1273952573537826,1.9339735577540467,-0.4881617019977544,2.194995031678032
I13579.AG,Greece,Greece_Kastrouli_BA.AG,3216.0,0.1804806590080261,1.8886591508551016,-0.4826666689413521,2.2378119699999575
I13616.AG,UnitedKingdom,England_MIA_LIA.AG,2153.0,0.5241956114768982,-1.4745118121931642,0.12253409756263746,0.5867726958232584
I13617.AG,UnitedKingdom,England_LBA_highEEF.AG,3086.0,0.4237652122974396,-1.4508763133564335,0.09822779046289394,0.5858088567323453
I13682.AG,UnitedKingdom,England_EIA.AG,2612.0,0.6367167234420776,-1.4819349210843014,0.052058968654366725,0.576621505717106
I13684.AG,UnitedKingdom,England_EIA.AG,2408.0,0.7639773488044739,-1.4802726349876267,0.11877287541979689,0.6102018702983908
I13710.AG,UnitedKingdom,England_MBA.AG,3252.0,0.2039500027894973,-1.531395722815559,0.15844374634128963,0.5552574830630458
I13716.AG,UnitedKingdom,England_MBA_highEEF.AG,3223.0,0.7311342358589172,-1.5703868260149403,0.1766221123361697,0.6299030624947667
I13726.AG,UnitedKingdom,England_MIA_LIA.AG,2133.0,0.7151197791099548,-1.529690287793989,0.13771365474210095,0.6211517580069762
I13833.AG,Albania,Albania_Barc_PostMedieval.AG,325.0,0.8669016361236572,2.000025245800795,-0.34822594641239674,0.5383502534197058
I13834.AG,Albania,Albania_Barc_Medieval_o.AG,531.0,0.7581063508987427,1.9879240937306661,-0.37716384476096515,0.5531399752691502
I13835.AG,Albania,Albania_Barc_PostMedieval.AG,246.0,0.851243257522583,1.9495484306602375,-0.361697389074939,0.5350681681617449
I13893.AG,UnitedKingdom,England_N_Megalithic.AG,5517.0,0.7524470686912537,-1.4986087223239537,0.05090501834619375,0.5887033853055109
I13896.AG,UnitedKingdom,England_N_Megalithic_sister.I21395.daughter.I30332.AG,5486.0,0.5565107464790344,-1.4444511883883806,0.002318233385864833,0.5817100565095207
I14158.AG,Romania,Romania_C_Bodrogkeresztur.AG,5900.0,0.5432635545730591,1.2650672492085557,0.4047944213154094,0.013450939212513112
I14200.AG,UnitedKingdom,England_BellBeaker_highEEF.AG,4328.0,0.1420479714870453,-1.4525011345950742,0.1195101183053433,0.5829768668781796
I14379.AG,UnitedKingdom,England_LBA.AG,2801.0,0.5686265826225281,-1.5969664387370808,0.20594713272373158,0.6053814688128113
I14481.AG,Czechia,Czechia_LBA_Knoviz.AG,2834.0,0.0760340690612793,-0.3721722126109537,0.04214467193454699,0.18902857035118373
I14685.AG,Albania,Albania_Bardhoc_PostMedieval.AG,400.0,0.6509323120117188,1.9702997458334126,-0.3786207995995381,0.5764944509869154
I14984.AG,Czechia,Czechia_IA_LaTene.AG,2270.0,0.6506808996200562,-0.3731867713364353,0.042684977457885596,0.1685445677047736
I15462.AG,Croatia,Croatia_Medieval.AG,1216.0,0.7360765933990479,0.814608563113784,0.015103590702240188,0.6237586820878407
I15538.AG,Serbia,Serbia_EarlyMedieval_Slavic_o.AG,1011.0,0.3004307448863983,0.37610236357940435,0.14142763210364492,-0.08097080252835351
I15616.AG,Romania,Romania_C_Bodrogkeresztur.AG,5900.0,0.7058408856391907,1.3013097055742786,0.41908551988816595,0.013903225413110804
I15620.AG,Romania,Romania_C_Bodrogkeresztur.AG,5900.0,0.7646237015724182,1.2788750766354051,0.4453476670116181,0.0019843060457404977
I1584.AG,Turkey,Turkey_Marmara_Barcin_Chalcolithic.AG,5770.0,0.5005916357040405,1.465148004111428,-0.6100049329903504,0.9462155123057323
I1584_enhanced.AG,Turkey,Turkey_Marmara_Barcin_Chalcolithic.AG,5770.0,0.8221567869186401,1.4463792413726366,-0.6070059342089464,0.9514180094342489
I16161.AG,Italy,Italy_Sardinia_MBA.AG,3434.0,0.5929750800132751,-0.1580375932236339,-0.7384016325045285,0.34367614404955144
I16170_enhanced.AG,Italy,Italy_Sardinia_MBA.AG,3337.0,0.7284189462661743,-0.16892489240558758,-0.7238186347108402,0.30660308585534446
I16405.AG,UnitedKingdom,Wales_MIA.AG,2250.0,0.7253848910331726,-1.4897287597682622,0.08783035736473128,0.6427935590298581
I16448.AG,UnitedKingdom,Scotland_C_EBA_highEEF.AG,4175.0,0.4098707735538482,-1.5000750355936938,0.11559693788661048,0.5852048213177805
I16453.AG,UnitedKingdom,England_IA.AG,2350.0,0.0558696463704109,-1.472612539559174,0.09970679818267389,0.6177119534988755
I16469.AG,UnitedKingdom,England_LBA.AG,2945.0,0.3175514042377472,-1.4841489478205985,0.08733495413809604,0.6085899205999693
I16475.AG,UnitedKingdom,Wales_MIA_LIA.AG,2226.0,0.186534121632576,-1.4957227488640417,0.013426412983987552,0.6252330502466752
I16592.AG,UnitedKingdom,England_MIA.AG,2231.0,0.743480384349823,-1.515692947751165,0.1332150364591638,0.537465252899577
I16600.AG,UnitedKingdom,England_EIA.AG,2396.0,0.2226537764072418,-1.5340632253594273,0.08998569160064067,0.5558210605918237
I16617.AG,UnitedKingdom,England_EIA.AG,2591.0,0.0741330385208129,-1.4781906464133456,0.1111090980583589,0.6009313635167223
I16618.AG,UnitedKingdom,England_EIA.AG,2604.0,0.3831168115139007,-1.4685103306666067,0.10322336140272327,0.5614126914544499
I17264.AG,UnitedKingdom,England_MIA_LIA.AG,2225.0,0.6871184706687927,-1.5320850010522606,0.060029437555716464,0.6618816675223951
I17313.AG,Czechia,Czechia_Modern.AG,199.0,0.4821595549583435,-0.3547488697467114,0.03397098666152447,0.204561084033645
I17455.AG,Hungary,Hungary_MN_ALBK.AG,7200.0,0.5694863200187683,1.5995417432266397,0.07266050186661523,-0.9049139861747174
I17962.AG,Greece,Greece_Kastrouli_IA.AG,2594.0,0.4098018407821655,1.908145623935223,-0.46224052426698603,2.195526940539497
I18110.AG,Hungary,Hungary_IA_LaTene.AG,2200.0,0.5130741000175476,1.6095976775526892,0.11617281901152289,-1.055282181423812
I18111.AG,Slovakia,Slovakia_N_LBK_o.AG,7062.0,0.7402663230895996,1.1479723178722643,0.09109986808157798,0.33265641519814154
I18113.AG,Romania,Romania_C_Bodrogkeresztur.AG,5900.0,0.3521163165569305,1.2579771784276403,0.41502909881419014,-0.001232091272794197
I18114.AG,Romania,Romania_C_Bodrogkeresztur_brother.I15617.brother.I7135.AG,5900.0,0.7410092353820801,1.2677838017574175,0.42741421140991237,-0.011694210767850568
I18115.AG,Romania,Romania_C_Bodrogkeresztur.AG,5900.0,0.792250394821167,1.261177402000546,0.4283548238470907,0.017341702785903954
I18116.AG,Romania,Romania_C_Bodrogkeresztur.AG,6128.0,0.7612093091011047,1.2038093963251835,0.37095232034533426,-0.009402282390834214
I18117_d.AG,Romania,Romania_C_Bodrogkeresztur_possible_dup.I18154_1d.rel.I7137.AG,5900.0,0.1769843399524688,1.2759124834848758,0.39927605196496097,0.000679755890133035
I18719.AG,Croatia,Croatia_MLBA_alt.AG,3100.0,0.7116550803184509,0.764997901114163,-0.0007902257423338506,0.550130834822197
I19017.AG,Croatia,Croatia_MBA_Cetina.AG,3550.0,0.0999802947044372,0.8334244279041856,0.0012920185169644932,0.5988446623477359
I19027.AG,Croatia,Croatia_MBA_Cetina.AG,3550.0,0.3286940157413482,0.8270117642748963,0.017543062116283408,0.6224811453429212
I19220.AG,UnitedKingdom,England_EBA.AG,3759.0,0.1524225622415542,-1.4962681506309556,0.0997321421508704,0.5561668555226577
I19451.AG,Bulgaria,Bulgaria_EBA.AG,4750.0,0.3033358156681061,1.2970913947463478,-0.28977488486878933,0.32469129928379686
I19481.AG,Bulgaria,Bulgaria_EIA.AG,2550.0,0.1660566478967666,1.3217374744573966,-0.29903171192096595,0.31278683966618076
I19493.AG,Bulgaria,Bulgaria_EIA.AG,2750.0,0.0646513849496841,1.35087435171844,-0.32118386549521105,0.3005405462627017
I19500.AG,Bulgaria,Bulgaria_LIA.AG,2200.0,0.3771939277648926,1.2963518181750062,-0.27867588352117584,0.2953351901167179
I19987.AG,Spain,Spain_LIA.AG,2025.0,0.2746986448764801,-1.1116874208354548,-2.4490730069735838,-1.2820748993818973
I19991.AG,Spain,Spain_LIA.AG,2050.0,0.3419428765773773,-1.1567986275239743,-2.3613808601577886,-1.3161393426015702
I20000.AG,Turkey,Turkey_Aegean_Mugla_Camandras_Dalagoz_Roman.AG,1726.0,0.7381552457809448,1.4431288465396157,-0.6109099058039508,0.9236823244128655
I20146.AG,Turkey,Turkey_Aegean_Mugla_Stratonikeia_Byzantine.AG,650.0,0.7759220600128174,1.487365938560082,-0.5741764209807901,0.9444515621928665
I20632.AG,UnitedKingdom,England_MIA_LIA_o.AG,2175.0,0.4044556021690368,-1.491636657539054,0.06623581535434868,0.6167385797472756
I20749.AG,Hungary,Hungary_LBA_Halva.AG,3200.0,0.4705984592437744,1.662561260409602,0.06149612722664219,-1.0401666826031604
I20750.AG,Hungary,Hungary_MBA_Fuzesabony.AG,3900.0,0.4395679533481598,1.6631173649279731,0.10871856665091124,-0.9753804936111271
I20751.AG,Hungary,Hungary_LBA.AG,3200.0,0.7285811305046082,1.655287917624943,0.13254378036026898,-1.0357113761200916
I20752.AG,Hungary,Hungary_IA_LaTene.AG,2256.0,0.7875593900680542,1.6614644862862593,0.1774244648069231,-1.0433196423611781
I20818.TW,UnitedKingdom,England_N_Megalithic.TW,5545.0,0.6884517669677734,-1.563942764254984,0.04908095437545663,0.5420169200956205
I2180.AG,Bulgaria,Bulgaria_EBA.AG,4959.0,0.7165260910987854,1.3302561719578254,-0.31032001022764955,0.30875719817598657
I2357.AG,Hungary,Hungary_MN_ALBK_Szakalhat.AG,7050.0,0.3357888460159302,1.6690862331171394,0.06472415643595927,-1.0684930837482056
I2446.AG,UnitedKingdom,England_BellBeaker_highWHG.AG,4215.0,0.424315869808197,-1.5054648380998084,0.14858638870354426,0.5863955872322553
I2448.AG,UnitedKingdom,England_MBA.AG,3200.0,0.433877021074295,-1.429162308402772,0.059191713836963276,0.5881793888392997
I2469.AG,Spain,Spain_LBA.AG,2826.0,0.1882737725973129,-1.123458448924981,-2.382585106701694,-1.2580265420740522
I2470_enhanced.AG,Spain,Spain_MBA.AG,3275.0,0.7516360282897949,-1.1323323962517184,-2.4030888706576357,-1.315169839586119
I24884.AG,Austria,Austria_N_LBK.AG,6936.0,0.8638132810592651,0.6273174371428096,-0.6152188676363745,-0.14273221564453792
I24885.AG,Austria,Austria_N_LBK.AG,7071.0,0.7083688378334045,0.5917039181097231,-0.6658629689604132,-0.15293571246974463
I24891.AG,Austria,Austria_N_LBK.AG,6872.0,0.7084605097770691,0.6120548976510317,-0.6592661610944088,-0.14686147497336793
I24899.AG,Austria,Austria_N_LBK.AG,7071.0,0.5197885036468506,0.6159014575181642,-0.6225335994762499,-0.15968225656531396
I2500.AG,Turkey,Turkey_Marmara_Barcin_Chalcolithic_dup.I1584_do.not.merge.AG,5770.0,0.2728559970855713,1.4731260486803675,-0.6106066262129521,0.9489281386658215
I25334.AG,Austria,Austria_N_LBK.AG,7100.0,0.4331519603729248,0.6178822659786307,-0.6502372249065331,-0.1526309251100193
I2565.AG,UnitedKingdom,England_BellBeaker.AG,4237.0,0.0503157712519168,-1.512426294044202,0.13667229334511088,0.5659646604353337
I2574.AG,UnitedKingdom,Wales_MBA.AG,3277.0,0.2725080847740173,-1.568115741406288,0.11316626039657983,0.6342729111035206
I2598.AG,UnitedKingdom,England_C_EBA.AG,3998.0,0.1463253051042556,-1.4565149066131071,0.06410359004318539,0.5511626188162696
I2611.AG,UnitedKingdom,England_N_o.AG,4939.0,0.2414491921663284,-1.4759198730813177,0.06598420096063051,0.5586803193039083
I26714.AG,Croatia,Croatia_Roman_LateImperial.AG,1600.0,0.8141268491744995,0.8232010776491455,-0.006336071637508281,0.6225906368328518
I26897.AG,Croatia,Croatia_LateAntiquity_oAegean.AG,1327.0,0.8184836506843567,0.8282222887060174,-0.012166774105128519,0.6196299439388522
I27789.AG,Austria,Austria_N_LBK.AG,7100.0,0.1766015440225601,0.6396290201635785,-0.6508478346703809,-0.15691681152659015
I30293.TW,UnitedKingdom,England_N_Megalithic.TW,5575.0,0.9087479114532472,-1.53223734578104,0.07851786690515282,0.591356896816898
I30301.TW,UnitedKingdom,England_N_Megalithic.TW,5575.0,0.8248331546783447,-1.4939112160689927,0.05493760915436971,0.5695591494226176
I30302.TW,UnitedKingdom,England_N_Megalithic_son.I12437.brother.I13888.I21393.TW,5575.0,0.586639404296875,-1.524966127879774,0.032256861523605934,0.6855003141086357
I30304.TW,UnitedKingdom,England_N_Megalithic.TW,5600.0,0.1330059021711349,-1.451267929736306,0.039311089221865374,0.5309018151323709
I30311.TW,UnitedKingdom,England_N_Megalithic_brother.I13891.TW,5575.0,0.4733575284481048,-1.4951043392232763,0.16716267754056757,0.6433509118677576
I30334.TW,UnitedKingdom,England_N_Megalithic.TW,5575.0,0.9285611510276794,-1.5327539939427526,0.09890381903518437,0.6164020959289865
I3141.AG,Ukraine,Ukraine_EBA_Yamnaya.AG,4850.0,0.0987807884812355,-0.0755651369630404,1.357525749017616,0.17836763759207605
I32301.TW,Serbia,Serbia_Medieval_Slav.TW,750.0,0.2543801367282867,0.3462050002199421,0.1441887312346426,-0.08901788363819804
I3315.AG,Spain,Spain_Menorca_LBA_enhanced.AG,2809.0,0.6893041729927063,-1.1273957002161183,-2.375106287848151,-1.2551243828208423
I33812.TW,Croatia,Croatia_LateAntiquity.TW,1550.0,0.657075822353363,0.7599553634462152,-0.0013715271566969386,0.6371915875166021
I33891.TW,Croatia,Croatia_LateAntiquity.TW,1550.0,0.9410922527313232,0.8691660730540198,-0.012767337413760028,0.6592230113002938
I34292.TW,Croatia,Croatia_LateAntiquity.TW,1550.0,0.9417362213134766,0.7447429450944961,-0.047431398382384665,0.5775402215028848
I34294.TW,Croatia,Croatia_LateAntiquity.TW,1550.0,0.964865744113922,0.8293466910263857,0.008243458577923727,0.6284148116503769
I34296.TW,Croatia,Croatia_LateAntiquity.TW,1550.0,0.9634643197059632,0.8608162025767331,-0.011681550599236434,0.5963401442460411
I34297.TW,Croatia,Croatia_LateAntiquity.TW,1550.0,0.971380650997162,0.7438448268594554,-0.034161152577942853,0.6211563832256571
I34299.TW,Croatia,Croatia_LateAntiquity.TW,1550.0,0.8887075781822205,0.8596121465726909,0.013718138219674226,0.6937059932656001
I3878.AG,Italy,Italy_Sicily_LBA.AG,3216.0,0.7154547572135925,-0.08763835043694673,-0.6730870786677707,0.33130944329331474
I4188_enhanced.AG,Hungary,Hungary_MN_AVK_new.AG,7050.0,0.3572143912315368,1.6519758315226445,0.0520771710909198,-1.0650219226297548
I4556.AG,Spain,Spain_IA.AG,2550.0,0.2528278231620788,-1.1561128553284645,-2.355513859251625,-1.2988934530101839
I4622.AG,Turkey,Turkey_Southeast_Sirnak_Chalcolithic_B.AG,5525.0,0.1955097019672393,1.453750467300402,-0.6090171068839992,0.9368699129975866
I4949_enhanced.AG,UnitedKingdom,England_N.AG,5417.0,0.0798629075288772,-1.4978784703665928,0.09215258786240789,0.6474398273844796
I5243.AG,Serbia,Serbia_IronGates_MBA.AG,4306.0,0.7257847189903259,0.3000751949736984,0.1398895970941304,-0.08069141014567074
I5395.AG,Turkey,Turkey_Marmara_Barcin_Chalcolithic_dup.I1584_do.not.merge.AG,5770.0,0.7686082720756531,1.4373607918557143,-0.576033994772556,0.9475795802370994
I5404.AG,Serbia,Serbia_IronGates_Medieval.AG,485.0,0.3270622491836548,0.283859917559717,0.14777414638742772,-0.07950334040419092
I5432.AG,Turkey,Turkey_Marmara_Barcin_Chalcolithic_dup.I1584_do.not.merge.AG,5770.0,0.1984342485666275,1.4828212140349362,-0.5952474561511365,0.9394961810226201
I5504.AG,UnitedKingdom,England_EastYorkshire_Anglian.AG,1350.0,0.0542184077203273,-1.4956887329440371,0.033533479162321425,0.5616669161117438
I5505.AG,UnitedKingdom,England_EastYorkshire_MIA.AG,2236.0,0.7579587697982788,-1.5477855915944194,0.09810122331813081,0.6150655296620385
I5655.AG,Germany,Germany_BellBeaker.AG,4200.0,0.0640098676085472,-0.390764739490269,-0.22478328528081631,0.7393125900187837
I5657.AG,Germany,Germany_BellBeaker_1d.rel.I5658.AG,4200.0,0.1005869358777999,-0.469780796969465,-0.16086160814846504,0.7980220477629265
I5660.AG,Germany,Germany_BellBeaker_1d.rel.I6624.AG,4200.0,0.1039259135723114,-0.3410366077709631,-0.15781964409186525,0.868972656188118
I5661.AG,Germany,Germany_BellBeaker.AG,4200.0,0.1351421326398849,-0.35259029689329663,-0.2405485503801157,0.7822967753856332
I5689.AG,Slovenia,Slovenia_EIA.AG,2540.0,0.801144003868103,3.927216344583823,-0.6167576771556617,0.4474675791673833
I5690.AG,Slovenia,Slovenia_EIA.AG,2574.0,0.8175072073936462,3.917136438435768,-0.6297219416244066,0.492801984160074
I5695.AG,Slovenia,Slovenia_MBA.AG,3296.0,0.8098276257514954,3.9240246866622175,-0.6244980280869233,0.49540930735077093
I5696.AG,Slovenia,Slovenia_MIA_oSouth.AG,2272.0,0.8028690814971924,3.9331229217098778,-0.6276242586515025,0.4721264976473494
I5697.AG,Slovenia,Slovenia_LBA.AG,2799.0,0.7849414348602295,3.922434203283833,-0.624547404817617,0.48702494735660207
I5698.AG,Slovenia,Slovenia_EIA.AG,2593.0,0.7947028875350952,3.947321907029218,-0.6280650629008574,0.45796766413761353
I5744.AG,Turkey,Turkey_BlackSea_Amasya_EBA.AG,4700.0,0.3452737331390381,1.4660692324236846,-0.5909612901812414,0.9471967136047336
I6912.AG,Austria,Austria_N_LBK_oHG.AG,7088.0,0.0776074528694152,0.6159116012548281,-0.6451141262200198,-0.1552047176798539
I7629.AG,UnitedKingdom,England_LBA.AG,3015.0,0.6322245001792908,-1.517885878365979,0.2186492064491298,0.5641850950053879
I7964.AG,Czechia,Czechia_EBA_Unetice.AG,3950.0,0.7800720930099487,-0.3880942525036098,0.03964970428886062,0.2003834884721242
I8368.AG,Turkey,Turkey_Marmara_Iznik_Basilica_Roman_Byzantine_A.AG,1350.0,0.2305531203746795,1.4705055916767602,-0.5860807724401118,0.9295821048673132
I8370.AG,Turkey,Turkey_Marmara_Iznik_Basilica_Roman_Byzantine_A.AG,1350.0,0.4756186604499817,1.4488345389841337,-0.6129762675440116,0.9188715117243764
I8373.AG,Turkey,Turkey_Marmara_Iznik_Basilica_Roman_Byzantine_A.AG,1350.0,0.5567248463630676,1.5095402934742863,-0.5711035296225312,0.9956296285697676
I8432.AG,Turkey,Turkey_Southeast_Mardin_PPN.AG,10700.0,0.1373132318258285,1.459698843999075,-0.6124445519835087,0.8990761716593894
I8582.AG,UnitedKingdom,IsleofMan_EBA_lowsteppe.AG,4025.0,0.086445152759552,-1.5267903104542253,0.07414901576456505,0.6176437657975866
I21275.AG,UnitedKingdom,England_MIA.AG,2231.0,0.7360401153564453,-1.536424386355022,0.07025909715483666,0.6122790647805398
I21276.AG,UnitedKingdom,England_MIA.AG,2229.0,0.6527068018913269,-1.561840352733884,0.09610040046127606,0.6184700576143828
EAS003.SG,UnitedKingdom,England_Saxon_oAfrica.SG,1200.0,0.6270720362663269,-1.289553067984786,-0.011421090818653576,0.5258013593076701
SED016.SG,UnitedKingdom,England_Saxon_oIran.SG,1200.0,0.3437409102916717,-1.5275595985240418,0.1012499649620548,0.5713255710740596
EAS001.SG,UnitedKingdom,England_Saxon.SG,1200.0,0.788153886795044,-1.571880000580713,0.11421282059880364,0.5721884855135174
EAS002.SG,UnitedKingdom,England_Saxon.SG,1200.0,0.362213522195816,-1.480580733589064,0.03906269350123859,0.5792108053143018
EAS004.SG,UnitedKingdom,England_Saxon.SG,1200.0,0.3234848380088806,-1.5173487536850774,0.12266470980686958,0.5671553167119358
ELY001.SG,UnitedKingdom,England_Saxon.SG,1200.0,0.3236502707004547,-1.499383710704726,0.1193918070042585,0.6030443282295804
ELY002.SG,UnitedKingdom,England_Saxon.SG,1200.0,0.8131601214408875,-1.5676197645133165,0.13712095675588357,0.621820419861254
ELY003.SG,UnitedKingdom,England_Saxon.SG,1200.0,0.4352687299251556,-1.4740119173040918,0.09231741277238344,0.5641787106089767
ELY004.SG,UnitedKingdom,England_Saxon.SG,1200.0,0.209413856267929,-1.5042550179165857,0.109820663983372,0.6368309491475217
ELY005.SG,UnitedKingdom,England_Saxon.SG,1200.0,0.8834472894668579,-1.5055305401289925,0.08864124997108214,0.5821571658883203
ELY006.SG,UnitedKingdom,England_Saxon.SG,1200.0,0.4112843871116638,-1.61416076038899,0.17336162498637192,0.65889803371679
HAD001.SG,UnitedKingdom,England_Saxon.SG,1200.0,0.8700557351112366,-1.434350418344325,0.058912512616033856,0.6399102475099467
HAD002.SG,UnitedKingdom,England_Saxon.SG,1200.0,0.8463130593299866,-1.5300475762776884,0.1629894509305877,0.5934662850389577
HAD003.SG,UnitedKingdom,England_Saxon.SG,1200.0,0.3612711429595947,-1.5008711109883799,0.07870213984069885,0.5256239486803992
HAD004.SG,UnitedKingdom,England_Saxon.SG,1200.0,0.5787513852119446,-1.4592837244190804,0.15701664612579447,0.5393460127987392
HAD005.SG,UnitedKingdom,England_Saxon.SG,1200.0,0.8703501224517822,-1.465105937008963,0.12455391225125897,0.590888335981202
HAD006.SG,UnitedKingdom,England_Saxon.SG,1200.0,0.120022252202034,-1.466535319649267,0.07277746537017754,0.6452522337084788
HAD007.SG,UnitedKingdom,England_Saxon.SG,1200.0,0.4127555787563324,-1.51385957655225,0.12347419234129367,0.6062567850303334
HAD008.SG,UnitedKingdom,England_Saxon.SG,1200.0,0.5814642906188965,-1.4775953619017654,0.15581031077707388,0.6071267601190811
HAD010.SG,UnitedKingdom,England_Saxon.SG,1200.0,0.6421375870704651,-1.572041646831589,0.09373924201338427,0.5965726674951843
HAD013.SG,UnitedKingdom,England_Saxon.SG,1200.0,0.6251669526100159,-1.4608049773652112,0.096980551868595,0.4909324122811003
HAD015.SG,UnitedKingdom,England_Saxon.SG,1200.0,0.6305667757987976,-1.544744497630121,0.13095907355403574,0.6361450651404107
OAI001.SG,UnitedKingdom,England_Saxon.SG,1200.0,0.5391443371772766,-1.4817006599566687,0.10579916642890404,0.5952226009558156
OAI002.SG,UnitedKingdom,England_Saxon.SG,1200.0,0.2827374935150146,-1.5593677532135426,0.09735075670583214,0.6319590826075543
OAI003.SG,UnitedKingdom,England_Saxon.SG,1450.0,0.5437712073326111,-1.5291779526590463,0.12619596436758124,0.5652793790044675
OAI004.SG,UnitedKingdom,England_Saxon.SG,1450.0,0.9075459837913512,-1.4872509090093027,0.13766556175456418,0.5488555362032774
OAI005.SG,UnitedKingdom,England_Saxon.SG,1200.0,0.8681505918502808,-1.4799296621165785,0.0659152818032674,0.6573471347910395
OAI006.SG,UnitedKingdom,England_Saxon.SG,1200.0,0.3889934718608856,-1.4887732332229642,0.1751387002201184,0.6405119566973428
OAI007.SG,UnitedKingdom,England_Saxon.SG,1450.0,0.8325921893119812,-1.5034068718012157,0.1040865393598276,0.5859940632400581
POH001.SG,UnitedKingdom,England_Saxon.SG,1200.0,0.3032328188419342,-1.5105724069662712,0.12936410105751986,0.5526781492449843
POH002.SG,UnitedKingdom,England_Saxon.SG,1200.0,0.4328226745128631,-1.5368295600772246,0.0912987906974587,0.6029869555570775
POH006.SG,UnitedKingdom,England_Saxon.SG,1200.0,0.2907690405845642,-1.44791689054803,0.15427975825240678,0.5732742131695048
SED003.SG,UnitedKingdom,England_Saxon.SG,1200.0,0.385905921459198,-1.519125616089142,0.14412507652127304,0.5927186566198226
SED005.SG,UnitedKingdom,England_Saxon.SG,1200.0,0.5824885964393616,-1.5237655015533387,0.05155603772263729,0.6274763128625411
SED008.SG,UnitedKingdom,England_Saxon.SG,1200.0,0.471044510602951,-1.4801448486537863,0.04487336367831126,0.5573994946116639
SED009.SG,UnitedKingdom,England_Saxon.SG,1200.0,0.3843568563461303,-1.4859883080422436,0.1378238853865852,0.6137182817422825
SED010.SG,UnitedKingdom,England_Saxon.SG,1200.0,0.316117525100708,-1.5390825003313702,0.058625678342573755,0.5950748916525679
SED017.SG,UnitedKingdom,England_Saxon.SG,1200.0,0.386085957288742,-1.4974915331983603,0.15653199241777443,0.6220260510047034
I9006.AG,Greece,Greece_Salamis_BA.AG,3283.0,0.2944819033145904,1.9274714211800317,-0.4643033709737967,2.1761559052114468
I9010.AG,Greece,Greece_Galatas_BA.AG,3250.0,0.1974577754735946,1.939862518847614,-0.4892851262085395,2.194749804748507
I9041.AG,Greece,Greece_Galatas_BA.AG,3250.0,0.3410012722015381,1.9111341263781343,-0.4884043067699945,2.2442192501479488
I9033.AG,Greece,Greece_Peristeria_BA.AG,3296.0,0.2028948664665222,1.9261794645186627,-0.4860184017955674,2.204962691856825
I9005.AG,Greece,Greece_Crete_HgCharalambos_EMBA.AG,4000.0,0.3177817165851593,1.9119324253793795,-0.47984062568428887,2.19956287084742
I9129.AG,Greece,Greece_Crete_Odigitria_BA.AG,3895.0,0.0538923740386962,1.917555156723671,-0.4845914845062243,2.2032487148917865
I9130.AG,Greece,Greece_Crete_Odigitria_BA.AG,3895.0,0.076255477964878,1.920921145329632,-0.4742019780813048,2.1953946809387475
I9131.AG,Greece,Greece_Crete_Odigitria_BA.AG,3895.0,0.0817047357559204,1.916090750336293,-0.4716818025020586,2.2146644770390713
I2158.AG,Italy,Italy_Epigravettian.AG,12000.0,0.0518632009625434,-0.0653639887533836,-0.7276398335747646,0.3992042535062351
RIP001.SG,Italy,Italy_Epigravettian.SG,16736.0,0.1509278416633606,-0.1415103596921116,-0.6882790641800507,0.3864635110271583
OSS002.B0101.AG,Russia,Russia_Maikop.AG,5711.0,0.0564089752733707,-0.07656787820597308,0.6774216027577523,-0.2519104458773414
MK5005.C0101.AG,Russia,Russia_Steppe_Maikop_o2.AG,5450.0,0.1334681808948516,-0.14145575716179262,0.6993148191364891,-0.27062588741403465
Vindija_snpAD.DG,Croatia,Vindija_Neanderthal.DG,50000.0,0.8956815600395203,0.5732380705054587,-0.05636946888013516,0.3637961954594227
JAG34.SG,Croatia,Croatia_Jagodnjak_MBA.SG,3715.0,0.7613925933837891,0.7651638364416522,0.05558153744826076,0.686790519699627
JAG58.SG,Croatia,Croatia_Jagodnjak_MBA.SG,3650.0,0.6217306852340698,0.7771463584415523,-0.000716794583716168,0.6426833641153691
JAG78.SG,Croatia,Croatia_Jagodnjak_MBA.SG,3650.0,0.7631833553314209,0.7444172506926747,0.024765961868883173,0.6269827560766291
JAG82.SG,Croatia,Croatia_Jagodnjak_MBA.SG,3650.0,0.7164855599403381,0.7594344150333091,0.04277857207861794,0.616656332649296
JAG85.SG,Croatia,Croatia_Jagodnjak_MBA.SG,3650.0,0.5983172655105591,0.784985036966467,-0.006392620482615136,0.5934872561377051
JAG93.SG,Croatia,Croatia_Jagodnjak_MBA.SG,3650.0,0.6610368490219116,0.7914667922828177,0.044774437242487516,0.6375184600214017
POP02.SG,Croatia,Croatia_Popova_MN.SG,6450.0,0.7022375464439392,0.8203205210834982,0.055731057877708316,0.5943192465602978
POP04.SG,Croatia,Croatia_Popova_MN.SG,6450.0,0.7280750274658203,0.8164015047179143,-0.027689026237497746,0.6492639196184655
POP05.SG,Croatia,Croatia_Popova_MN.SG,6450.0,0.6438788771629333,0.791742957281989,0.00782597034688305,0.594827339000942
POP06.SG,Croatia,Croatia_Popova_MN.SG,6450.0,0.7777582406997681,0.8005241860422962,-0.011375261933220079,0.6122917208172289
POP07.SG,Croatia,Croatia_Popova_MN.SG,6635.0,0.7066130042076111,0.7638805957290217,0.07108595868913258,0.6004911596030754
POP08.SG,Croatia,Croatia_Popova_MN.SG,6450.0,0.654941976070404,0.7983070564298133,0.008499480949540634,0.6332001812840301
POP09.SG,Croatia,Croatia_Popova_MN.SG,6450.0,0.7093339562416077,0.8070422713179694,0.022245400978690502,0.665154525875022
POP12.SG,Croatia,Croatia_Popova_MN.SG,6450.0,0.6902944445610046,0.7755703275356046,0.007241794439898412,0.5372525532622189
POP13.SG,Croatia,Croatia_Popova_MN.SG,6450.0,0.6507733464241028,0.8254472583505712,0.06496005202706426,0.6521689819293707
POP14.SG,Croatia,Croatia_Popova_MN.SG,6488.0,0.7507666349411011,0.795844231704311,0.026130218856503015,0.5239050233531513
POP16.SG,Croatia,Croatia_Popova_MN.SG,6450.0,0.6735574007034302,0.8122394413025866,0.040291843670845304,0.6865555053424214
POP19.SG,Croatia,Croatia_Popova_MN.SG,6450.0,0.7187077403068542,0.8123897598339397,0.020962454212311927,0.6303885589098354
POP23.SG,Croatia,Croatia_Popova_RomanP.SG,1586.0,0.7996614575386047,0.797064729197141,0.04521847896066052,0.5940488175719935
POP24.SG,Croatia,Croatia_Popova_MN.SG,6450.0,0.6476768851280212,0.7824842628066219,0.04503784234838174,0.625724720514298
POP27.SG,Croatia,Croatia_Popova_MN.SG,6450.0,0.6825377941131592,0.8134204929724254,0.03409129638070471,0.5985178931136251
POP33.SG,Croatia,Croatia_Popova_MN.SG,6324.0,0.5777449011802673,0.8067716892293644,0.007370519827466682,0.5919883316979093
POP36.SG,Croatia,Croatia_Popova_MN.SG,6450.0,0.6185563206672668,0.803506673469764,-0.0038170599100737592,0.622997681950015
POP39.SG,Croatia,Croatia_Popova_CA.SG,4626.0,0.8121917843818665,0.7930268283645889,0.012821627334971242,0.6131837055055789
T21.SG,Italy,Italy_CasalBertone_RomanImperial.SG,1800.0,0.2213683128356933,-0.08828652620674635,-0.7412668009986919,0.3895505040344268
F4_I.SG,Italy,Italy_CasalBertone_RomanImperial.SG,1800.0,0.2498383969068527,-0.08701033850795424,-0.754077054495631,0.41252424202341237
T46.SG,Italy,Italy_CasalBertone_RomanImperial.SG,1800.0,0.1536374688148498,-0.07136927299148628,-0.6764975961463502,0.3775007725714236
VLASA32.SG,Serbia,Serbia_IronGates_Mesolithic.SG,10223.0,0.9982165694236756,0.34519308656173325,0.14570087071947033,-0.07024746568762685
VLASA7.SG,Serbia,Serbia_IronGates_Mesolithic.SG,9170.0,0.99858558177948,0.3757450426267241,0.15805455314447725,-0.07454258239181917
CE003.SG,UnitedKingdom,England_Derbyshire_IA.SG,2553.0,0.2335798591375351,-1.5094292718362983,0.05455649384985204,0.6082383519035497
KD001.SG,UnitedKingdom,Scotland_BlackIsle_IA.SG,1381.0,0.5320616960525513,-1.4727930314415922,0.08007053973663719,0.6307325462183875
KD003.SG,UnitedKingdom,England_NorthYorkshire_EBA.SG,3800.0,0.1318801939487457,-1.4887505894948152,0.13314040337653632,0.5764458900008037
KD004.SG,UnitedKingdom,Scotland_Orkney_IA.SG,2062.0,0.2869385778903961,-1.4737047166325914,0.11553435699346667,0.563655973536939
KD005.SG,UnitedKingdom,Scotland_Skye_IA.SG,1844.0,0.2274282574653625,-1.4692030070782751,0.14538435883827486,0.5609704231336328
KD006.SG,UnitedKingdom,Scotland_Orkney_MBA.SG,3504.0,0.0939560234546661,-1.47297950068581,0.15033414421242383,0.6398329331130349
KD026.SG,UnitedKingdom,Scotland_Skye_N.SG,5200.0,0.3034988343715668,-1.468599755864086,0.04688862830819589,0.651440580917994
KD040.SG,UnitedKingdom,England_NorthYorkshire_EBA.SG,3800.0,0.0870915427803993,-1.4844074194668126,0.06117521273671587,0.6049023295293419
KD041.SG,UnitedKingdom,England_NorthYorkshire_EBA.SG,3800.0,0.1224958673119545,-1.4528934339157342,0.07219125028746598,0.6024735793340161
KD043.SG,UnitedKingdom,Scotland_Orkney_IA.SG,1826.0,0.1415994763374328,-1.5169509442060165,0.0702784519877154,0.7084248415417905
KD044.SG,UnitedKingdom,Scotland_Orkney_MBA.SG,3425.0,0.10789505392313,-1.5088407529372292,0.1396493946721575,0.604891218041024
KD045.SG,UnitedKingdom,Scotland_Orkney_MBA.SG,3425.0,0.0764168724417686,-1.4928277158795167,0.0763867731170965,0.5749378496243919
KD047.SG,UnitedKingdom,Scotland_Orkney_MBA.SG,3381.0,0.1655627340078354,-1.4988328926917858,0.07188147943819821,0.5639120538957958
KD049.SG,UnitedKingdom,Scotland_Orkney_MBA.SG,3425.0,0.4448898732662201,-1.450958785980263,0.08216163351589789,0.653986368785648
KD050_65.SG,UnitedKingdom,Scotland_Orkney_MBA.SG,3454.0,0.1033290028572082,-1.4922468102202,0.08833155731036278,0.5747545150557599
KD057.SG,UnitedKingdom,Scotland_Orkney_MBA.SG,3425.0,0.1291381418704986,-1.5786881405776303,0.1149950174516989,0.6108649590527432
KD059.SG,UnitedKingdom,Scotland_Orkney_MBA.SG,3500.0,0.1104230061173439,-1.4358361256328669,0.09208217373320211,0.5630564344534656
KD060.SG,UnitedKingdom,Scotland_Orkney_MBA.SG,3425.0,0.3515510261058807,-1.5232457745199517,0.15628449100036615,0.5782566794926065
KD061.SG,UnitedKingdom,Scotland_Orkney_MBA.SG,3425.0,0.4094701409339905,-1.5621296810600023,0.08502049059829572,0.4846051426569747
KD063.SG,UnitedKingdom,Scotland_Orkney_MBA.SG,3425.0,0.1195283457636833,-1.5431532559042247,0.0762798713347792,0.6128899103518131
KD064.SG,UnitedKingdom,Scotland_Orkney_MBA.SG,3425.0,0.5732648372650146,-1.5292687375231264,0.06775355232621501,0.5974630988708421
KD067.SG,UnitedKingdom,Scotland_Orkney_MBA.SG,3425.0,0.1089023426175117,-1.544253615053889,0.09332214850506136,0.5665247328026298
KD070.SG,UnitedKingdom,England_Northumberland_EBA.SG,4306.0,0.1582027077674865,-1.4566460555260141,0.09007772979901495,0.562635754275243
KD073.SG,UnitedKingdom,Scotland_Shetland_IA.SG,1642.0,0.0624413527548313,-1.537707622636853,0.10140854135593218,0.5847504373386513
VERT107.SG,Ukraine,Ukraine_Eneolithic_Trypillia.SG,5600.0,0.7078514099121094,-0.05467065374623828,1.394914848819536,0.1861444668294895
VERT028.SG,Ukraine,Ukraine_Eneolithic_Trypillia.SG,5600.0,0.6663952469825745,-0.07990443472535236,1.3760190323180195,0.14646509432262703
VERT029.SG,Ukraine,Ukraine_Eneolithic_Trypillia.SG,5600.0,0.743985652923584,-0.08507096035634515,1.4021019697461097,0.14738045526631868
VERT031.SG,Ukraine,Ukraine_Eneolithic_Trypillia.SG,5646.0,0.6339503526687622,-0.05390277060635134,1.3798560955275914,0.19501726261920815
VERT033.SG,Ukraine,Ukraine_Eneolithic_Trypillia.SG,5600.0,0.461446076631546,-0.05169128880097791,1.3832473430474497,0.20353611458300153
I13837.AG,Albania,Albania_Barc_PostMedieval_daughter.or.mother.I13835.AG,388.0,0.8327406048774719,1.9598372250987761,-0.3557228668691675,0.5515168319755898
I17633.AG,Albania,Albania_Cinamak_IA_o_1d.rel.I16256.AG,2512.0,0.0676473006606102,1.969695239425288,-0.3485920841345956,0.5689665103823169
wes003.SG,Sweden,Sweden_north_Medieval.SG,811.0,0.6619986891746521,-0.9089894425912102,2.503974029976398,-0.5880903388630522
wes004.SG,Sweden,Sweden_north_Medieval.SG,811.0,0.9977745413780212,-1.013174259113075,2.4702467202764744,-0.5636873375231068
snb017.SG,Sweden,Sweden_south_Pre_Viking.SG,1475.0,0.2036158591508865,-0.9122140145001459,2.4331487925599617,-0.5766390015290316
snb018.SG,Sweden,Sweden_south_Pre_Viking.SG,1475.0,0.5937488079071045,-0.9168906169431968,2.452988854277816,-0.5724463712546464
kro004.SG,Sweden,Sweden_south_Post_Medieval.SG,274.0,0.2668617367744446,-0.9488149237198495,2.4324493507483838,-0.5648949319760349
wes005.SG,Sweden,Sweden_north_Medieval.SG,811.0,0.941369652748108,-0.9928461540106388,2.608873710262482,-0.5739868068874531
wes007.SG,Sweden,Sweden_north_Medieval.SG,738.0,0.9983958005905152,-0.960058850202934,2.4575088600447823,-0.6199705533193283
gam872.SG,Sweden,Sweden_central_Late_Viking.SG,925.0,0.9987526535987854,-1.0348028772258766,2.400460355954902,-0.622633553830979
kro010.SG,Sweden,Sweden_south_Post_Medieval.SG,274.0,0.2507354021072387,-0.9100094841025382,2.4364533086985176,-0.5819223424618883
kro011.SG,Sweden,Sweden_south_Post_Medieval.SG,274.0,0.523288905620575,-0.9122234071126594,2.4514982423611724,-0.5880446347142936
kvi001.SG,Sweden,Gotland_Viking.SG,1025.0,0.606617271900177,-0.9509725373987267,2.431327658823656,-0.5888587156459941
vls696.SG,Sweden,Sweden_central_Late_Viking.SG,856.0,0.315858781337738,-0.9106758856881924,2.422598915074655,-0.6107780891308684
wes001.SG,Sweden,Sweden_north_Medieval.SG,811.0,0.565740168094635,-0.9202370676236425,2.4974334369628983,-0.6024718252074233
ven001_viking.SG,Sweden,Sweden_central_PreViking.SG,1360.0,0.2736946046352386,-0.9317942691145973,2.459476630270547,-0.6407348196857864
als010.SG,Sweden,Sweden_central_Late_Viking.SG,975.0,0.2126709073781967,-0.9264806885731361,2.513828165267826,-0.6073643040351574
als015.SG,Sweden,Sweden_central_Late_Viking.SG,1100.0,0.2055752873420715,-0.9137091116367654,2.4691164350437558,-0.6211015188007944
ful001.SG,Sweden,Sweden_central_Pre_Viking.SG,1637.0,0.0762173607945442,-0.9251223317285404,2.4082675951343813,-0.5713420639530706
kro001.SG,Sweden,Sweden_south_Post_Medieval.SG,274.0,0.300573468208313,-0.9251896516156255,2.4699512488953026,-0.5808205402338943
kro002.SG,Sweden,Sweden_south_Post_Medieval.SG,274.0,0.1407941430807113,-0.9189301650318444,2.45275518949934,-0.6018125779553387
kro012.SG,Sweden,Sweden_south_Post_Medieval.SG,274.0,0.279203861951828,-0.9097870453869543,2.5169608204668363,-0.614356022792336
kro013.SG,Sweden,Sweden_south_Post_Medieval.SG,274.0,0.9784762859344482,-0.9309980719621943,2.6153720101730498,-0.6228103994924538
gor164.SG,Sweden,Sweden_central_Late_Viking.SG,900.0,0.9904193878173828,-0.9629984706300082,2.496601861864001,-0.5948842328594617
gor358.SG,Sweden,Sweden_central_Late_Viking.SG,975.0,0.0889933854341507,-0.9214207730447365,2.4599372289584824,-0.6074079528711096
rtp001.SG,Sweden,Sweden_north_Pre_Viking.SG,1475.0,0.5225329995155334,-0.9161324160928191,2.4449326473000124,-0.5868299662990804
rtp003.SG,Sweden,Sweden_north_Pre_Viking.SG,1475.0,0.9689135551452636,-0.9829238273546118,2.3728897151995856,-0.5705177362982695
lov001.SG,Sweden,Sweden_central_Pre_Viking.SG,1453.0,0.7139641046524048,-0.907720545819029,2.407972615438817,-0.5759123534945642
kro008_viking.SG,Sweden,Sweden_South_Post_Medieval.SG,274.0,0.2787602543830871,-0.9005011008704882,2.425833194563576,-0.5987439956553056
kro009_viking.SG,Sweden,Sweden_South_Post_Medieval.SG,274.0,0.4313117563724518,-0.9204872896775277,2.4473608009383145,-0.5757284664267154
snb010.SG,Sweden,Sweden_south_Pre_Viking.SG,1475.0,0.9111534357070924,-0.9439345695225757,2.4167934022661,-0.5938518991502174
snb012.SG,Sweden,Sweden_south_Pre_Viking.SG,1475.0,0.8785609006881714,-0.9358256498658643,2.4232538670069865,-0.5849673811313372
bro100.SG,Sweden,Sweden_central_Late_Viking.SG,975.0,0.3197614252567291,-0.9770469076149432,2.469539240649242,-0.5693714877736151
snb019.SG,Sweden,Sweden_south_Pre_Viking.SG,1475.0,0.95543110370636,-0.9680108131599096,2.4546800719544755,-0.5861086272509031
stg018.SG,Sweden,Sweden_central_Late_Viking.SG,989.0,0.7117045521736145,-0.942336836797098,2.4971402919257133,-0.5967109355624471
enb508.SG,Sweden,Sweden_central_Late_Viking.SG,925.0,0.9701000452041626,-1.0002310535739063,2.473708204894078,-0.5992061008824408
snb013.SG,Sweden,Sweden_south_Pre_Viking.SG,1475.0,0.5802152752876282,-0.8945341087579703,2.4735589529776805,-0.5942565276653133
snb014.SG,Sweden,Sweden_south_Pre_Viking.SG,1475.0,0.978752076625824,-0.9534211857027852,2.4329042241713132,-0.5371526507985457
kro014.SG,Sweden,Sweden_south_Post_Medieval.SG,274.0,0.1921772062778473,-0.961889483477762,2.506304003407453,-0.5728076356741137
kro015.SG,Sweden,Sweden_south_Post_Medieval.SG,274.0,0.2841462194919586,-0.9268034767724987,2.4218560262936935,-0.602832256299635
wes008.SG,Sweden,Sweden_north_Medieval.SG,811.0,0.5623833537101746,-0.9357252038722221,2.4282885342875797,-0.5792533585452175
als001.SG,Sweden,Sweden_central_Pre_Viking.SG,1363.0,0.8723500967025757,-0.9074746434965715,2.354818313566683,-0.5314442096253018
als007.SG,Sweden,Sweden_central_Late_Viking.SG,975.0,0.2088785767555236,-0.8407972894412542,2.456319191250422,-0.6217349438977586
sal002.SG,Sweden,Sweden_central_Late_Viking.SG,975.0,0.9727302193641664,-1.0397771720396178,2.4599551426045423,-0.6169613654979956
kro008.SG,Greece,Greece_Crete_Krousonas_LBA.SG,3143.0,0.1660680025815963,1.8942522833881292,-0.46025994387163566,2.191220208603644
kro009.SG,Greece,Greece_Crete_Krousonas_LBA.SG,3135.0,0.467062383890152,1.899574231782067,-0.44059310686881537,2.212217130984773
XAN003-007.AG,Greece,Greece_Crete_Chania_LBA.AG,3250.0,0.1955486238002777,1.8895437452175468,-0.5071234772156634,2.1826772285936857
I3758_noDNU.AG,Spain,Spain_IA_Celt.AG,2226.0,0.7311050295829773,-1.1413545232945257,-2.37650941881825,-1.278137798403354
I6767_alt.AG,UnitedKingdom,England_Mesolithic.AG,10280.0,0.754246711730957,-1.2793879783165354,0.029040930417940317,0.4510104830803584
I2484.TW,Austria,Austria_Gravettian_twin.I2483.TW,30200.0,0.296588122844696,0.5897151313996188,-0.626267002228566,-0.1319258000789573
I13890.AG,UnitedKingdom,England_N_Megalithic.AG,5600.0,0.6935482621192932,-1.4973698608813326,0.016243508126346663,0.6060515203058724
I13890.AG.TW,UnitedKingdom,England_N_Megalithic.AG.TW,5600.0,0.6958450675010681,-1.4871412838254865,0.0304787091866832,0.6073448824829799
I13891.TW,UnitedKingdom,England_N_Megalithic.TW,5526.0,0.1090880632400512,-1.5149661765918607,0.033620871531633484,0.6105946852864138
I13891.AG,UnitedKingdom,England_N_Megalithic.AG,5526.0,0.5869864821434021,-1.4765506370976813,0.02377682659558819,0.6446300289743986
I13891.AG.TW,UnitedKingdom,England_N_Megalithic.AG.TW,5526.0,0.6190388798713684,-1.5626978236521274,-0.05901708026769273,0.6207671389296892
I13897.AG,UnitedKingdom,England_N_Megalithic.AG,5600.0,0.6815345883369446,-1.526338122744518,-0.011384238299153058,0.6128284700282571
I13897.AG.TW,UnitedKingdom,England_N_Megalithic.AG.TW,5600.0,0.6835653781890869,-1.5589083102513313,0.01986179482211345,0.6199541723326303
I13898.TW,UnitedKingdom,England_N_Megalithic_son.I30334.TW,5569.0,0.6189926862716675,-1.5127720279518462,0.08327090712083189,0.5964198967887236
I13898.AG,UnitedKingdom,England_N_Megalithic_son.I30334.AG,5569.0,0.7597819566726685,-1.514847600382156,0.07882657508502505,0.6007929666134437
I13898.AG.TW,UnitedKingdom,England_N_Megalithic_son.I30334.AG.TW,5569.0,0.8630428314208984,-1.4808184621223208,0.05833270694543405,0.6086500517488677
I13899.TW,UnitedKingdom,England_N_Megalithic.TW,5600.0,0.7267652750015259,-1.476017681196179,0.0843691730499902,0.5851628318687967
I13899.AG,UnitedKingdom,England_N_Megalithic.AG,5600.0,0.647334635257721,-1.5237280508338464,0.10302114249368868,0.63565127840582
I13899.AG.TW,UnitedKingdom,England_N_Megalithic.AG.TW,5600.0,0.8601182699203491,-1.5554191174217302,0.06762927866440488,0.6086708475033507
I20821.TW,UnitedKingdom,England_N_Megalithic.TW,5486.0,0.8609690070152283,-1.5135247360924744,0.09845929405753444,0.5963802017764172
I20821.AG,UnitedKingdom,England_N_Megalithic.AG,5486.0,0.7741864919662476,-1.5468298704892904,0.1263190006972705,0.5621889287311356
I20821.AG.TW,UnitedKingdom,England_N_Megalithic.AG.TW,5486.0,0.927886426448822,-1.5450482992046772,0.056554019406688645,0.66031678221902
I13895.TW,UnitedKingdom,England_N_Megalithic_father.I20821.son.I21390.TW,5600.0,0.7748880386352539,-1.4848113501903193,0.13392922715504657,0.5787317472227478
I13895.AG,UnitedKingdom,England_N_Megalithic_father.I20821.son.I21390.AG,5600.0,0.7036576271057129,-1.5314745301356005,0.06598090039989517,0.6707795518271142
I13895.AG.TW,UnitedKingdom,England_N_Megalithic_father.I20821.son.I21390.AG.TW,5600.0,0.8873361349105835,-1.4876534534116608,0.07748643633313569,0.6333376493212663
I17866.AG,Italy,Italy_Sicily_Himera_409BCE.AG,2359.0,0.1532619744539261,-0.04754393063575836,-0.6752573196370564,0.4150952056382971
I13836.AG,Albania,Albania_Barc_PostMedieval.AG,448.0,0.8718780875205994,1.9657112441462803,-0.3572240579741942,0.5447096849634652
I12437.AG,UnitedKingdom,England_N_Megalithic_father.I13888.father.I21393.father.I21389.father.I30304.son.I30334.son.I30300.AG,5600.0,0.4265510439872741,-1.50446815584188,0.08094805525142225,0.6012584770023764
I21385.TW,UnitedKingdom,England_N_Megalithic.TW,5680.0,0.8556089997291565,-1.4987281673827324,0.018603386308222655,0.5582177978777542
I21385.AG,UnitedKingdom,England_N_Megalithic.AG,5680.0,0.7926428914070129,-1.4578453075922098,0.09786737150622693,0.6110537649147247
I21385.AG.TW,UnitedKingdom,England_N_Megalithic.AG.TW,5680.0,0.9327793121337892,-1.539162144410406,0.062020283396969154,0.5857889998832603
I21387.AG,UnitedKingdom,England_N_Megalithic_mother.I21385.mother.I30332.AG,5600.0,0.1164780929684639,-1.5296828340507953,0.1437374796051847,0.5975587095723621
I21388.AG,UnitedKingdom,England_N_Megalithic_son.I30300.son.I21390.AG,5657.0,0.1011587083339691,-1.507710141341328,0.10204285068759014,0.618059963632896
I21389.TW,UnitedKingdom,England_N_Megalithic.TW,5585.0,0.6888418793678284,-1.5770077617597589,0.08840634804830079,0.5102234170443554
I21389.AG,UnitedKingdom,England_N_Megalithic.AG,5585.0,0.1575976908206939,-1.5252270403866492,0.10562415634532814,0.58531046447652
I21389.AG.TW,UnitedKingdom,England_N_Megalithic.AG.TW,5585.0,0.7234757542610168,-1.5823011778175051,0.06238285291499699,0.5591009741264609
I21391.TW,UnitedKingdom,England_N_Megalithic.TW,5600.0,0.1286174654960632,-1.5131266353509651,0.004899015386962123,0.5796656634537817
I21391.AG.TW,UnitedKingdom,England_N_Megalithic.AG.TW,5600.0,0.1476861983537674,-1.5105476916023346,0.10327740290576529,0.583029187397766
I21393.TW,UnitedKingdom,England_N_Megalithic.TW,5600.0,0.8645618557929993,-1.5510372299668285,0.08561548065888211,0.6125450490183055
I21393.AG,UnitedKingdom,England_N_Megalithic.AG,5600.0,0.2837277352809906,-1.5035357565839529,0.07520931617028369,0.6308095867996927
I21393.AG.TW,UnitedKingdom,England_N_Megalithic.AG.TW,5600.0,0.8846889734268188,-1.5052851388235058,0.0997776913273933,0.6262827762689817
I21395.TW,UnitedKingdom,England_N_Megalithic.TW,5416.0,0.6398805379867554,-1.5565839583651038,0.03048862494768953,0.6504570255306248
I21395.AG,UnitedKingdom,England_N_Megalithic.AG,5416.0,0.1353481262922287,-1.5487077008217403,0.044215903970580665,0.6072102252621617
I21395.AG.TW,UnitedKingdom,England_N_Megalithic.AG.TW,5416.0,0.6738274693489075,-1.5307888588573637,0.07673314988340252,0.6272657658870822
I24277.AG,Austria,Austria_N_LBK.AG,7100.0,0.5899248719215393,0.6319577149431392,-0.6240592400308642,-0.14200873806255396
I24280.AG,Austria,Austria_N_LBK.AG,7100.0,0.6198499202728271,0.6314138338259321,-0.6374769638945535,-0.1456553629445477
I17432.AG,Italy,Italy_Sicily_Himera_480BCE.AG,2430.0,0.1073443666100502,-0.05135393600629166,-0.7285763088258155,0.40347262897929526
I24276.AG,Austria,Austria_N_LBK.AG,7100.0,0.5775932669639587,0.6282792940055824,-0.6489230468953562,-0.13871623345427822
Gordinesti.SG,Moldova,Moldova_Gordinesti_I.SG,5250.0,0.7535378932952881,0.6780791371184112,0.46018818207703993,-0.583853946529908
Pocrovca1.SG,Moldova,Moldova_Pocrovca_V.SG,5250.0,0.0663537234067916,0.6717805481952113,0.46564414175361857,-0.566490904861066
Pocrovca2.SG,Moldova,Moldova_Pocrovca_V.SG,5250.0,0.9175134301185608,0.6276992627814848,0.46351138231612693,-0.5632862147115689
MA1863.SG,Italy,Italy_Sicily_Epigravettian.SG,18104.0,0.3531219959259033,-0.12045758304887429,-0.6603520364336684,0.35824576984718604
MA1864.SG,Italy,Italy_Sicily_Epigravettian.SG,18104.0,0.0752027779817581,-0.10868134448157944,-0.7022852985465134,0.3676106043182513
NEV009.AG,Turkey,Turkey_Southeast_NevaliCori_PPN.AG,10041.0,0.4216119349002838,1.469331711553635,-0.602879266724257,0.975846448667183
NEV020.AG,Turkey,Turkey_Southeast_NevaliCori_Roman.AG,1791.0,0.7353150248527527,1.4426866279681638,-0.6068952223492788,0.9483087243339806
NEV021.AG,Turkey,Turkey_Southeast_NevaliCori_Roman.AG,1760.0,0.6124128699302673,1.4879284162816724,-0.6275130044940826,0.9761638037095604
NEV030.AG,Turkey,Turkey_Southeast_NevaliCori_IA.AG,2583.0,0.4736981689929962,1.4044468349456347,-0.6260612358980117,0.9312283698983622
NEO36.SG,Sweden,Sweden_MN_TRB_N.SG,5161.0,0.8880473971366882,-0.9204018376466317,2.4697213360191985,-0.5729109386761733
NEO38.SG,Sweden,Sweden_MN_TRB_N.SG,5037.0,0.1025017574429512,-0.9412260422796301,2.4202907337660364,-0.5981269876710631
NEO39.SG,Sweden,Sweden_MN_TRB_N.SG,5039.0,0.1678270995616912,-0.9248809237492128,2.462585390522258,-0.6272328277593444
NEO43.SG,Denmark,Denmark_SouthScandinavia_EN.SG,5608.0,0.1084278896450996,-0.9145890883424751,0.868717431428439,-0.17473181698585313
NEO44.SG,Sweden,Sweden_MN_BAC.SG,4391.0,0.1090239956974983,-0.9042309515322793,2.5002172614871,-0.5825880516553862
NEO46.SG,Sweden,Sweden_EN.SG,5609.0,0.0984547585248947,-0.9623709703534862,2.4754992370720013,-0.5979322751242534
NEO492.SG,Ukraine,Ukraine_Mesolithic.SG,11275.0,0.0542516596615314,-0.06547136435064983,1.3950242825557888,0.175238541725708
NEO121.SG,France,France_Chalcolithic.SG,4482.0,0.4068367481231689,-1.019537308243938,-0.828220631381888,-0.4433129197322062
NEO494.SG,Ukraine,Ukraine_Mesolithic_dup.VSL004.SG,11353.0,0.0624908246099948,-0.07196592482719799,1.390564599914784,0.1716112202629944
NEO497.SG,Ukraine,Ukraine_Mesolithic.SG,11275.0,0.0865822210907936,-0.08534699281165002,1.4079750634072685,0.14435806097777446
NEO498.SG,Ukraine,Ukraine_Dnieper_N_Mariupol.SG,7458.0,0.8598019480705261,-0.08381760481792924,1.362746914041839,0.15147177120335042
NEO501.SG,Ukraine,Ukraine_Mesolithic.SG,11254.0,0.1206872910261154,-0.08188011428125043,1.387637307839557,0.15252733874894522
NEO502.SG,Ukraine,Ukraine_Dnieper_N_Mariupol.SG,7126.0,0.7306694984436035,-0.09883229329915903,1.3894003741798915,0.16396347129355712
NEO503.SG,Ukraine,Ukraine_Dnieper_N_Mariupol.SG,7250.0,0.2669801414012909,-0.09537491040156915,1.3727977607691115,0.18459622183424074
NEO507.SG,Ukraine,Ukraine_Dnieper_N_Mariupol.SG,7371.0,0.2347290813922882,-0.09184769039657142,1.3688781093110993,0.19089481868442484
NEO508.SG,Ukraine,Ukraine_Dnieper_N_Mariupol.SG,6761.0,0.0865157172083854,-0.07105097973266797,1.3607125281541246,0.10960341687438926
NEO509.SG,Ukraine,Ukraine_Dnieper_EBA.SG,4669.0,0.8868365287780762,-0.082133031112621,1.3677255668409756,0.17847172024768
NEO122.SG,Denmark,Denmark_MM_Kongemose.SG,8160.0,0.4073152542114258,-0.9107115382148188,0.8228882094630057,-0.13863680199081924
NEO51.SG,Sweden,Sweden_MN_BAC.SG,4364.0,0.4958836734294891,-0.8747112202419911,2.441934649028252,-0.578520078927208
NEO516.SG,Ukraine,Ukraine_Dnieper_N.SG,7465.0,0.2508513629436493,-0.11619203479913434,1.424942112319782,0.15126736000338475
NEO518.SG,Ukraine,Ukraine_Dnieper_EIA.SG,2372.0,0.2752282321453094,-0.05398165873727278,1.3556463312653653,0.14640038488762439
NEO52.SG,Sweden,Sweden_LN.SG,3783.0,0.1027856171131134,-0.9310385573999657,2.4986655550788464,-0.626700347230093
NEO521.SG,Ukraine,Ukraine_Dnieper_N.SG,8744.0,0.1414883732795715,-0.06406155516805034,1.3975047022825848,0.2028760732582287
NEO522.SG,Ukraine,Ukraine_Dnieper_Mesolithic.SG,6475.0,0.0878960713744163,-0.1020388385622692,1.3918945089498878,0.18907357651973752
NEO524.SG,Ukraine,Ukraine_Dnieper_N_Mariupol.SG,7410.0,0.1039315909147262,-0.09822672666381613,1.369170911233933,0.206682111169656
NEO527.SG,Ukraine,Ukraine_Dnieper_Mesolithic.SG,11533.0,0.0798174887895584,-0.09984158378435695,1.3461910474313459,0.16586031364133955
NEO528.SG,Ukraine,Ukraine_N.SG,7313.0,0.1925267577171325,-0.07762690879384336,1.3910042220189267,0.18801551217642667
NEO123.SG,Denmark,Denmark_MM_Kongemose.SG,8249.0,0.2491749823093414,-0.896878995381299,0.7766864925338324,-0.1892438374743857
NEO529.SG,Ukraine,Ukraine_N.SG,7253.0,0.0911198854446411,-0.11674871482788438,1.4126565994959006,0.1888364931849454
NEO536.SG,Russia,Russia_Minino_Mesolithic.SG,10181.0,0.1767069697380066,-0.15567742280726166,0.7087355193649924,-0.26216885734319617
NEO537.SG,Russia,Russia_Minino_Mesolithic.SG,8434.0,0.1304203569889068,-0.20133785501995297,0.6696726878561711,-0.2826164055505587
NEO539.SG,Russia,Russia_Minino_Mesolithic.SG,10616.0,0.2250049263238906,-0.15655686709009692,0.721709534764365,-0.2553837305312706
NEO551.SG,Ukraine,Ukraine_N_1d.rel.NEO528.NEO552.SG,7589.0,0.0719262510538101,-0.09052576195103874,1.3564382055031419,0.1738366639440857
NEO552.SG,Ukraine,Ukraine_N.SG,7400.0,0.1603194773197174,-0.08479641799630787,1.40504625473241,0.18655298614583554
NEO128.SG,Czechia,Czechia_EN_LBK.SG,7096.0,0.0551178306341171,-0.37672921696936057,0.061509795773179984,0.173346782476284
NEO555.SG,Russia,Russia_Mesolithic_Veretye.SG,8456.0,0.8647508025169373,-0.19335195309757533,0.739887584041178,-0.24003596556463144
NEO556.SG,Russia,Russia_Mesolithic_Veretye.SG,7458.0,0.6436736583709717,-0.1602920163688356,0.7797194575696578,-0.26658519525417207
NEO557.SG,Russia,Russia_Mesolithic_Veretye.SG,8342.0,0.4458055198192596,-0.1445346541631783,0.7005300818723709,-0.2533991368094003
NEO558.SG,Russia,Russia_Mesolithic_Veretye.SG,8264.0,0.4471364021301269,-0.13675786111529417,0.7125354449146747,-0.2595386847997086
NEO559.SG,Russia,Russia_Mesolithic_Veretye.SG,8449.0,0.6440540552139282,-0.16093051081995216,0.7415547403877457,-0.2695557881579153
NEO560.SG,Russia,Russia_Mesolithic_Veretye.SG,8117.0,0.7425582408905029,-0.19746833467049318,0.7243911736073624,-0.21585662504077452
NEO561.SG,Russia,Russia_Mesolithic_Veretye_mother.NEO560.SG,8409.0,0.7019698619842529,-0.13463437736498335,0.7389540961165212,-0.2653171419592316
NEO563.SG,Denmark,Denmark_SouthScandinavia_EBA.SG,3380.0,0.5479471683502197,-0.9101603259866715,0.8706157873377908,-0.12895275554647534
NEO564.SG,Denmark,Denmark_SouthScandinavia_EN.SG,5519.0,0.0775604173541069,-0.9088431341723548,0.8506380503543067,-0.15186470828240664
NEO568.SG,Denmark,Denmark_LM_Ertebølle.SG,6457.0,0.8448556661605835,-0.8859565170381474,0.7821538023328345,-0.13187664910986518
NEO569.SG,Denmark,Denmark_LM_Ertebølle_1d.rel.NEO568.SG,6351.0,0.4938593506813049,-0.9040319566990891,0.7549491646774099,-0.15323903281013052
NEO570.SG,Denmark,Denmark_LM_Ertebølle.SG,6701.0,0.9218159317970276,-0.8543198246945427,0.7781436245796959,-0.14445387862032055
NEO583.SG,Denmark,Denmark_LM_Ertebølle.SG,7297.0,0.1621564477682113,-0.8735950088546282,0.8213293996548886,-0.166767493514583
NEO586.SG,Denmark,Denmark_LM_Ertebølle.SG,7307.0,0.1864887028932571,-0.9134119244329243,0.8479162131040329,-0.18284676916919873
NEO130.SG,Hungary,Hungary_EN_Koros.SG,7758.0,0.0886122062802314,1.6812464257321613,0.12417213522285499,-1.0463417492794518
NEO587.SG,Denmark,Denmark_EM_Maglemose.SG,7530.0,0.6712897419929504,-0.8977872539720961,0.7832338760842085,-0.12269413365709914
NEO589.SG,Denmark,Denmark_MM_Kongemose.SG,7548.0,0.9949967861175536,-0.8764766248635373,0.7404906464985589,-0.12582394598284233
NEO590.SG,Denmark,Denmark_SouthScandinavia_EBA.SG,3271.0,0.6209172010421753,-0.9123928039698823,0.8818449898328551,-0.17430491666359135
NEO594.SG,Denmark,Denmark_SouthScandinavia_MN.SG,5138.0,0.0556084960699081,-0.9300858581879998,0.8402545766209711,-0.16628561869008868
NEO595.SG,Denmark,Denmark_SouthScandinavia_EN.SG,5581.0,0.1998527199029922,-0.9189805313988278,0.856620114817314,-0.14940380551658666
NEO597.SG,Denmark,Denmark_SouthScandinavia_EN.SG,5183.0,0.1592675894498825,-0.887276640075523,0.8476983999703179,-0.1760319622799394
NEO598.SG,Denmark,Denmark_LM_Ertebølle.SG,6316.0,0.4857710301876068,-0.8964808969699041,0.7705817482083582,-0.1341320609679939
NEO599.SG,Denmark,Denmark_MN_TRB_N.SG,5096.0,0.1796963959932327,-0.9305825165754633,0.8909125688334197,-0.1841448380303509
NEO600.SG,Denmark,Denmark_MM_Kongemose.SG,7868.0,0.1015220433473587,-0.9045111492784925,0.8063773105428923,-0.1540953845454913
NEO137.SG,Hungary,Hungary_EN_Koros.SG,7547.0,0.1606568694114685,1.6728761157383738,0.026501134655230657,-1.0623201769340338
NEO601.SG,Denmark,Denmark_SouthScandinavia_EN.SG,5768.0,0.0773860439658165,-0.9049324143095692,0.8350270508606406,-0.15537909420342172
NEO602.SG,Denmark,Denmark_SouthScandinavia_EN.SG,5136.0,0.0817055478692054,-0.8771573451372987,0.8230957639287003,-0.15052556819432442
NEO603.SG,Portugal,Portugal_LN.SG,4292.0,0.0705986097455024,-1.1292320789346262,-1.3653860423789042,-0.4998498978936799
NEO609.SG,Portugal,Portugal_LN.SG,4286.0,0.1202274411916732,-1.1120551930132772,-1.3590297314755035,-0.4764370278074444
NEO624.SG,UnitedKingdom,Great_Britain_Orkney_N.SG,4903.0,0.805907130241394,-1.5026444595997341,0.1165502384171206,0.5706120557007472
NEO625.SG,UnitedKingdom,Great_Britain_Orkney_N_father.NEO624.SG,5138.0,0.613372266292572,-1.519625559065386,0.07374117847658743,0.5972522834660364
NEO626.SG,UnitedKingdom,Great_Britain_Orkney_N.SG,5204.0,0.2831170558929443,-1.535349887592696,0.12428790706751315,0.5745190439645523
NEO627.SG,UnitedKingdom,Great_Britain_Orkney_N.SG,5138.0,0.3634860217571258,-1.4901790685145213,0.05917895954717187,0.6078822179006751
NEO140.SG,Hungary,Hungary_MN_Tisza.SG,6671.0,0.136960431933403,1.6627974088529824,0.14756163382189758,-1.014234461846004
NEO630.SG,UnitedKingdom,Great_Britain_Orkney_N.SG,4901.0,0.1952509880065918,-1.4990475464559185,0.09166139893488007,0.5826987269356849
NEO631.SG,Portugal,Portugal_EN_Cardial.SG,7090.0,0.7509020566940308,-1.1100526301313207,-1.3308212930956336,-0.4784523186177722
NEO632.SG,Portugal,Portugal_EN_Cardial.SG,7302.0,0.7165066599845886,-1.115648125845688,-1.3610996919628027,-0.5023291548019095
NEO640.SG,Poland,Poland_Eneolithic_TRB.SG,5202.0,0.1820499897003173,-0.16190439459612532,1.8640574185354453,-0.4985579959874128
NEO641.SG,Poland,Poland_Eneolithic_TRB.SG,5407.0,0.2319659292697906,-0.22346789902101785,1.799360855445705,-0.5296633648876969
NEO645.SG,Denmark,Denmark_SouthScandinavia_EN_oMesolithic.SG,6056.0,0.1934488862752914,-0.9008608267365382,0.7987505735151528,-0.14155340613203257
NEO646.SG,Spain,Spain_Asturias_Mesolithic.SG,8413.0,0.775248110294342,-1.0953122929678976,-2.219169191647662,-1.175309528028463
NEO648.SG,Spain,Spain_Asturias_Mesolithic.SG,7611.0,0.8368484377861023,-1.1061621651316251,-2.2111462781171505,-1.1867412460122286
NEO142.SG,Hungary,Hungary_MN_Tisza.SG,6580.0,0.5388458967208862,1.6021921882472312,0.16007723324605827,-0.97827512472183
NEO649.SG,Spain,Spain_Asturias_Chalcolithic.SG,4174.0,0.1895170658826828,-1.132043886768572,-2.3206290018112563,-1.2551311786515988
NEO650.SG,Spain,Spain_Asturias_Chalcolithic.SG,4096.0,0.0615143552422523,-1.1427260523071683,-2.322861828243156,-1.2263008657903325
NEO653.SG,Spain,Spain_Asturias_BA.SG,3418.0,0.2169166058301925,-1.1037555612094483,-2.2894908658438426,-1.2173579812353124
NEO655.SG,Serbia,Serbia_IronGates_Mesolithic_oHighEEF.SG,9175.0,0.1706867665052414,0.34968650534735163,0.12950685509864165,-0.06862164551317551
NEO657.SG,Serbia,Serbia_IronGates_Mesolithic_oHighEEF.SG,9175.0,0.0891774892807006,0.34737008095438865,0.15402700134844208,-0.08520547834151175
NEO658.SG,Serbia,Serbia_IronGates_Mesolithic_oLowEEF_1d.or.2d.rel.I17391.SG,7920.0,0.4271236360073089,0.2864536912314174,0.11402107795447576,-0.0804746841822238
NEO669.SG,Serbia,Serbia_IronGates_Mesolithic_dup.I5407.SG,9800.0,0.2183472514152526,0.33774667649659235,0.14448322094473265,-0.06332650932582273
NEO671.SG,Romania,Romania_LM_IronGates.SG,9188.0,0.136036679148674,1.2142181285041878,0.416343247529467,-0.00133869521302877
NEO143.SG,Hungary,Hungary_MN_Tisza.SG,6611.0,0.0517812855541706,1.6530739598237028,0.047045962011065326,-1.039617598024105
NEO672.SG,Romania,Romania_LM_IronGates.SG,9361.0,0.3308570086956024,1.2073763848078067,0.4038929917876672,-0.010122501044815414
NEO674.SG,Romania,Romania_N_IronGates.SG,5779.0,0.2199952453374862,1.284614861648464,0.4111154209686898,-0.006642172204029585
NEO677.SG,Serbia,Serbia_IronGates_Mesolithic.SG,9175.0,0.2676443755626678,0.32486709359559945,0.12493181253174648,-0.07796419639703416
NEO679.SG,Sweden,Sweden_LM_Ertebølle.SG,6862.0,0.1520219147205352,-0.938218206536707,2.3712208445606415,-0.5621907882470408
NEO683.SG,Denmark,Denmark_MM_Kongemose.SG,7724.0,0.7198286056518555,-0.8744725845181216,0.7850208026636514,-0.14217967028358616
NEO694.SG,Spain,Spain_Alicante_Mesolithic.SG,9477.0,0.2361686378717422,-1.1247231537767302,-2.2648622051734297,-1.1605697300539846
NEO695.SG,Italy,Italy_N.SG,7455.0,0.2909442186355591,-0.029725768114313048,-0.7421966987845218,0.48457099600393055
NEO145.SG,Hungary,Hungary_MN_Tisza.SG,6704.0,0.2000814229249954,1.6849349815441164,0.10764155970921219,-1.0576913373011223
NEO702.SG,Denmark,Denmark_SouthScandinavia_EN.SG,5262.0,0.0725483000278472,-0.8960151170290577,0.8017560759012892,-0.1561872013237805
NEO717.SG,UnitedKingdom,Great_Britain_Orkney_N.SG,4906.0,0.383884847164154,-1.5490117377194177,0.046545790584012224,0.6025063902523128
NEO721.SG,Spain,Spain_Madrid_Chalcolithic.SG,4450.0,0.2435586601495742,-1.1546450329615212,-2.3596573504438756,-1.2400000813324277
NEO732.SG,Denmark,Denmark_LM_Ertebølle_1d.rel.NEO733.SG,7086.0,0.1303206086158752,-0.8806505337088245,0.8196164804005852,-0.1504440239961974
NEO733.SG,Denmark,Denmark_LM_Ertebølle.SG,7086.0,0.6470142602920532,-0.8924098863369582,0.8577556077043168,-0.16702657418541877
NEO735.SG,Denmark,Denmark_SouthScandinavia_LN.SG,3973.0,0.4353863298892975,-0.9283497555294774,0.8589366659587447,-0.17509959204106038
NEO737.SG,Denmark,Denmark_SouthScandinavia_LN.SG,4124.0,0.1909655481576919,-0.9268806937009298,0.8615595229336493,-0.17345642582356136
NEO147.SG,Hungary,Hungary_MN_Tisza.SG,6679.0,0.2548334896564483,1.6157800170133219,0.17992718426584783,-1.0167105019200031
NEO738.SG,Denmark,Denmark_SouthScandinavia_LN.SG,4201.0,0.6223965287208557,-0.9241139017226218,0.8510004364123074,-0.15915368734015198
NEO739.SG,Denmark,Denmark_SouthScandinavia_LN.SG,3983.0,0.7491980791091919,-0.9162141614635917,0.8519849804337684,-0.1707249689706223
NEO744.SG,Denmark,Denmark_SouthScandinavia_EN.SG,5406.0,0.1408184617757797,-0.8961693426164319,0.8675550046005339,-0.14817470007342115
NEO745.SG,Denmark,Denmark_LM_Ertebølle.SG,6983.0,0.2412910461425781,-0.9059893672102033,0.8050593629965203,-0.13279068956867016
NEO746.SG,Denmark,Denmark_LM_Ertebølle.SG,7171.0,0.075724259018898,-0.8739092377983838,0.7765102903830886,-0.14582416200400808
NEO747.SG,Denmark,Denmark_LM_Ertebølle.SG,6908.0,0.1463488191366195,-0.9393899485915266,0.8620723169672153,-0.14199967263030705
NEO748.SG,Denmark,Denmark_LM_Ertebølle.SG,7274.0,0.0637576431035995,-0.9198134377458194,0.8245230870376103,-0.15940269255322137
NEO749.SG,Denmark,Denmark_LM_Ertebølle.SG,7096.0,0.7947701811790466,-0.8730304647878697,0.7707270183528462,-0.13834388981644324
NEO751.SG,Denmark,Denmark_LM_Ertebølle.SG,6563.0,0.1954448223114013,-0.9196855488287482,0.801956780304535,-0.14858316152116702
NEO148.SG,Hungary,Hungary_MN_Tisza.SG,6567.0,0.0704931765794754,1.6894966901643786,0.10375487171891132,-1.0654986530012351
NEO752.SG,Denmark,Denmark_SouthScandinavia_LN.SG,3759.0,0.8485490679740906,-0.8922521655834651,0.852406799396707,-0.15841334190440373
NEO753.SG,Denmark,Denmark_SouthScandinavia_EN.SG,5523.0,0.1554663181304931,-0.9141485145375149,0.8682514933228963,-0.193666142000431
NEO757.SG,Denmark,Denmark_SouthScandinavia_EN.SG,5412.0,0.0851823911070823,-0.9134898728817451,0.8337325252720836,-0.15251729738969486
NEO759.SG,Denmark,Denmark_EM_Maglemose.SG,9167.0,0.8958162069320679,-0.8562207995549354,0.7864083553785803,-0.15099149682812732
NEO790.SG,Denmark,Denmark_SouthScandinavia_EN.SG,5693.0,0.4874384999275207,-0.9278359008386402,0.8718785525474276,-0.1252212778537805
NEO791.SG,Denmark,Denmark_MM_Kongemose.SG,7100.0,0.8997577428817749,-0.8778595538384719,0.832528924025219,-0.14056156312038898
NEO149.SG,Hungary,Hungary_MN_Tisza.SG,6933.0,0.075699932873249,1.6636214472206936,0.07291965901223045,-1.008282656900182
NEO792.SG,Denmark,Denmark_MN_TRB_N_CWC.SG,4451.0,0.2272863239049911,-0.8950517798408156,0.8168598869264698,-0.14425098430563124
NEO806.SG,Italy,Italy_BA.SG,3163.0,0.7309825420379639,-0.02051355957658588,-0.7733150831871459,0.328077753480245
NEO814.SG,Denmark,Denmark_SouthScandinavia_Mesolithic.SG,7305.0,0.0514860749244689,-0.8992928105052482,0.8175940423825814,-0.14322046996701684
NEO815.SG,Denmark,Denmark_SouthScandinavia_EBA.SG,3430.0,0.0962171554565429,-0.930944799787585,0.8611072260182517,-0.14949226317679723
NEO158.SG,Russia,Russia_UpperVolga_Eneolithic_Volosovo.SG,6021.0,0.1130580157041549,-0.13187908833964937,0.7341034936746647,-0.2716500488647655
NEO822.SG,Denmark,Denmark_SouthScandinavia_Mesolithic.SG,7176.0,0.0564041100442409,-0.9000189976838748,0.8396488125150797,-0.15349613781134056
NEO823.SG,Italy,Italy_Eneolithic.SG,4665.0,0.3281765878200531,-0.058335682706450336,-0.728556313639164,0.40848305008389346
NEO828.SG,Italy,Italy_Eneolithic_Gaudo.SG,5100.0,0.0775531157851219,-0.06435083111863099,-0.7135635410564629,0.4039715507976169
NEO830.SG,Italy,Italy_Eneolithic_Rinaldone.SG,5348.0,0.0953696370124816,-0.10030801632230031,-0.6750143749521081,0.4001098745750311
NEO834.SG,Italy,Italy_EN.SG,7365.0,0.0789886265993118,-0.08895375379796136,-0.7108442535331564,0.4171909620885808
NEO160.SG,Russia,Russia_Don_Eneolithic_SeredniiStih.SG,5792.0,0.7433676719665527,-0.15454568193591475,0.7053217970718209,-0.2366695535885264
NEO847.SG,UnitedKingdom,Great_Britain_Gloucestershire_N.SG,5416.0,0.7258625626564026,-1.4453063904869201,0.1170313763396855,0.5524418686012746
NEO852.SG,Denmark,Denmark_LM_Ertebølle.SG,6564.0,0.1759267747402191,-0.9205309478701419,0.8074860930432116,-0.1415959939514857
NEO853.SG,Denmark,Denmark_LM_Ertebølle.SG,6253.0,0.805630624294281,-0.8774106837727201,0.848078058504215,-0.15508055331421627
NEO855.SG,Denmark,Denmark_LM_Ertebølle.SG,6574.0,0.7482589483261108,-0.8966875991154234,0.750294766105116,-0.14843284168699283
NEO856.SG,Denmark,Denmark_LM_Ertebølle.SG,7128.0,0.4410918653011322,-0.9251940285503026,0.7875951343219012,-0.14612466039258065
NEO860.SG,Denmark,Denmark_SouthScandinavia_LN.SG,3836.0,0.1606803834438324,-0.9274770892630038,0.9148898790636215,-0.14762692446594475
NEO861.SG,Denmark,Denmark_SouthScandinavia_LN.SG,4068.0,0.3083803653717041,-0.9009480594988467,0.862985713301817,-0.1587090517038003
NEO865.SG,Denmark,Denmark_SouthScandinavia_EN.SG,5392.0,0.0738159269094467,-0.9222613629157298,0.8779001127257888,-0.18002521485773337
NEO866.SG,Denmark,Denmark_SouthScandinavia_EN.SG,5412.0,0.7266760468482971,-0.896995769876414,0.8287682211394701,-0.15681607735755818
NEO162.SG,Russia,Russia_Don_Eneolithic_SeredniiStih.SG,7253.0,0.1404754072427749,-0.11157376380293896,0.7137238384893928,-0.2842402186745012
NEO87.SG,Russia,Russia_VolgaOka_LM.SG,8419.0,0.1931820660829544,-0.11582964477677694,0.7028283293770107,-0.2620173877578121
NEO870.SG,Denmark,Denmark_SouthScandinavia_LN.SG,4210.0,0.4304455816745758,-0.937117592216057,0.8680413423709815,-0.1746628265082312
NEO872.SG,Denmark,Denmark_TRB_N_CWC.SG,3993.0,0.0810121223330497,-0.9053356255920652,0.8560987315644537,-0.14047836567691008
NEO875.SG,Denmark,Denmark_TRB_N_CWC.SG,4156.0,0.1545969098806381,-0.9329369240439467,0.8530013166398678,-0.16122293735209656
NEO878.SG,Denmark,Denmark_SouthScandinavia_LN.SG,3997.0,0.2205662131309509,-0.8889785093825565,0.8806723637992491,-0.1536740544028876
NEO88.SG,Russia,Russia_VolgaOka_LM.SG,8265.0,0.9187048077583312,-0.15735572642889437,0.7657547007719426,-0.25154006286403485
NEO886.SG,Denmark,Denmark_SouthScandinavia_EN.SG,5417.0,0.1995007395744323,-0.9096450215084543,0.8119425614357092,-0.15060956802812653
NEO888.SG,Denmark,Denmark_SouthScandinavia_EN.SG,5345.0,0.0552029870450496,-0.9200943509137222,0.8537225876599015,-0.16016338245547343
NEO891.SG,Denmark,Denmark_SouthScandinavia_EN.SG,5674.0,0.4019973874092102,-0.8935036182509888,0.8607194185675717,-0.14614240627361955
NEO163.SG,Russia,Russia_Don_Eneolithic_SeredniiStih.SG,5826.0,0.2142523974180221,-0.17618857043957928,0.7311201286734075,-0.2702932577611453
NEO896.SG,Denmark,Denmark_SouthScandinavia_EN.SG,5402.0,0.1004441976547241,-0.8891164865886174,0.8449917083472891,-0.17319381843052387
NEO898.SG,Denmark,Denmark_SouthScandinavia_MN_oMesolithic.SG,5167.0,0.8616470098495483,-0.8890375694559629,0.8804705328787555,-0.15699204520812335
NEO91.SG,Denmark,Denmark_EM_Maglemose.SG,9112.0,0.6834153532981873,-0.8762263256104491,0.8253071071206998,-0.15730671934009835
NEO164.SG,Russia,Russia_Don_Eneolithic_SeredniiStih.SG,5988.0,0.2278280854225158,-0.1335158433049245,0.7593522353720286,-0.3094920953562344
NEO92.SG,Denmark,Denmark_SouthScandinavia_LN.SG,4173.0,0.4888958930969238,-0.9006105446469928,0.8837196954189024,-0.16894255124962185
NEO166.SG,Russia,Russia_Don_Eneolithic_SeredniiStih.SG,5910.0,0.8802194595336914,-0.1733979932423253,0.7437741161033898,-0.25439236491934786
NEO925.SG,Denmark,Denmark_EN_TRB_N.SG,5170.0,0.2749922275543213,-0.9097794091547804,0.8678941317991661,-0.1490852832265517
NEO93.SG,Denmark,Denmark_SouthScandinavia_LN.SG,3743.0,0.8619982004165649,-0.9128645076124317,0.862164374213875,-0.15249329827771563
NEO932.SG,Denmark,Denmark_MM_Kongemose.SG,7530.0,0.8916904926300049,-0.8670063890105,0.8010644911908666,-0.14149787730499308
NEO933.SG,Denmark,Denmark_SouthScandinavia_EN.SG,5402.0,0.3916203677654266,-0.9123140183759505,0.8335728872836393,-0.16494173373894974
NEO934.SG,Denmark,Denmark_SouthScandinavia_LN.SG,3808.0,0.0749310851097107,-0.9590808427206539,0.892197048733648,-0.18233324484221441
NEO935.SG,Denmark,Denmark_SouthScandinavia_EN.SG,5204.0,0.9818501472473145,-0.9015667843357374,0.8974849201079308,-0.18042781988081116
NEO938.SG,Spain,Spain_Asturias_Mesolithic.SG,7972.0,0.3770090043544769,-1.1033879533502813,-2.235019103969092,-1.1947825140483408
NEO941.SG,Denmark,Denmark_LM_Ertebølle.SG,6733.0,0.117082305252552,-0.9310366953114634,0.811655341762485,-0.14198071059731954
NEO942.SG,Denmark,Denmark_SouthScandinavia_EN.SG,5547.0,0.5290803909301758,-0.8685084290878726,0.8364072648269408,-0.17312328451993664
NEO167.SG,Russia,Russia_Don_Eneolithic_SeredniiStih.SG,5835.0,0.4547162055969238,-0.15487637612878813,0.7560547576565907,-0.30558215505967823
NEO943.SG,Denmark,Denmark_TRB_N_CWC.SG,4574.0,0.7975496053695679,-0.8936887004128985,0.8370805142321222,-0.17391271369184766
NEO945.SG,Denmark,Denmark_SouthScandinavia_EN.SG,5399.0,0.7138886451721191,-0.8952954096419488,0.8193641326352437,-0.16699352110044383
NEO946.SG,Denmark,Denmark_SouthScandinavia_BA.SG,3123.0,0.7051758766174316,-0.9231445398012574,0.8675952044113356,-0.17136628965452694
NEO951.SG,Denmark,Denmark_SouthScandinavia_EBA.SG,3271.0,0.3863219618797302,-0.9111228048452243,0.8563045076464176,-0.15225667265654064
NEO960.SG,Denmark,Denmark_EN_TRB_N.SG,6060.0,0.1253271400928497,-0.9372564249697857,0.8002948102474099,-0.13007683757142446
NEO168.SG,Russia,Russia_Don_Eneolithic_SeredniiStih_1d.rel.NEO171.SG,5698.0,0.0626570880413055,-0.16402077192536263,0.7016088137741859,-0.25616355358751663
NEO17.SG,Norway,Norway_Mesolithic.SG,9384.0,0.6614455580711365,-0.5921909552688797,1.5620841031756896,-0.9887212627695681
NEO170.SG,Russia,Russia_Don_Eneolithic_SeredniiStih.SG,5779.0,0.3413248658180237,-0.13616204222546743,0.6846791207715915,-0.277859343247474
NEO171.SG,Russia,Russia_Don_Eneolithic_SeredniiStih.SG,6094.0,0.5455514192581177,-0.13644983484978004,0.7451061657685902,-0.2845188584073417
NEO172.SG,Russia,Russia_Don_N.SG,7052.0,0.0724890977144241,-0.1240945341017334,0.7178999885497578,-0.26427933385776203
NEO173.SG,Russia,Russia_Don_Eneolithic_SeredniiStih.SG,6537.0,0.5213878750801086,-0.13594915902962143,0.7132201749923469,-0.2778791253101984
NEO174.SG,Russia,Russia_Don_Eneolithic_SeredniiStih.SG,5526.0,0.6977550387382507,-0.1329622375500342,0.7103275336821865,-0.277865287933735
NEO175.SG,Russia,Russia_Don_MBA_Catacomb.SG,4562.0,0.3402770161628723,-0.1198616458439624,0.7475153883154999,-0.2872949589098402
NEO178.SG,Russia,Russia_UpperVolga_Eneolithic_Volosovo.SG,5413.0,0.2918152511119842,-0.15850301226149377,0.7324339074366555,-0.2570804834040712
NEO179.SG,Russia,Russia_UpperVolga_Eneolithic_Volosovo.SG,5611.0,0.4807897508144378,-0.178599313169034,0.7582760696882611,-0.28734860939670864
NEO18.SG,Sweden,Sweden_Mesolithic.SG,9830.0,0.9217291474342346,-0.8425121586912592,2.2996640094182568,-0.5012112472648017
NEO180.SG,Russia,Russia_UpperVolga_Eneolithic_Volosovo.SG,6084.0,0.3349040150642395,-0.12842247278183241,0.7323797769602413,-0.25644148926498417
NEO181.SG,Russia,Russia_UpperVolga_Eneolithic_Volosovo.SG,6089.0,0.0696878284215927,-0.1492388867318969,0.6904766009639064,-0.25183771831199864
NEO182.SG,Russia,Russia_UpperVolga_Eneolithic_Volosovo.SG,5416.0,0.0745255723595619,-0.14385199943189006,0.7260318798276179,-0.26511076363337577
NEO183.SG,Russia,Russia_UpperVolga_Eneolithic_Volosovo.SG,5707.0,0.0781540796160698,-0.15068699914318212,0.7328135598337641,-0.24892611397011016
NEO184.SG,Russia,Russia_UpperVolga_LN_Lyalovo.SG,5708.0,0.5115436911582947,-0.1672682816723801,0.737479312803688,-0.2539791812790265
NEO185.SG,Russia,Russia_UpperVolga_LN_Lyalovo.SG,7258.0,0.712273120880127,-0.16759146395153393,0.7337925239250439,-0.2635480621483311
NEO186.SG,Russia,Russia_UpperVolga_LN_Lyalovo.SG,7169.0,0.3028573095798492,-0.14797798477216945,0.7152413970511661,-0.2806741513995477
NEO187.SG,Russia,Russia_UpperVolga_Eneolithic_Volosovo.SG,5262.0,0.1644078344106674,-0.08664141773033834,0.7299093896260507,-0.3143616441206964
NEO113.SG,Russia,Russia_Don_N_Mariupol.SG,7458.0,0.1229524761438369,-0.11094218033287408,0.7293506526523394,-0.2765608318481403
NEO188.SG,Russia,Russia_UpperVolga_Eneolithic_Volosovo.SG,5610.0,0.0602556504309177,-0.15009511104046086,0.7473693200727304,-0.2537679412215387
NEO189.SG,Russia,Russia_UpperVolga_Eneolithic_Volosovo.SG,5833.0,0.449689507484436,-0.15143978905396308,0.7880636277448966,-0.29341964711201685
NEO19.SG,Denmark,Denmark_MM_Kongemose.SG,8268.0,0.882607102394104,-0.9145943569816654,0.8450498006752618,-0.1179336277673989
NEO192.SG,Russia,Russia_UpperVolga_LN_Lyalovo.SG,7101.0,0.2599356174468994,-0.18727523821084863,0.6540022563049139,-0.22005823877899783
NEO193.SG,Russia,Russia_UpperVolga_Eneolithic_Volosovo.SG,5699.0,0.2124081403017044,-0.15011305474368336,0.6844790132187805,-0.24992545607609593
NEO194.SG,Russia,Russia_UpperVolga_Eneolithic_Volosovo.SG,5829.0,0.8095218539237976,-0.15506250789272963,0.7392835941088457,-0.2492900347794023
NEO195.SG,Russia,Russia_UpperVolga_Eneolithic_Volosovo.SG,5814.0,0.4530584812164306,-0.14794010823319628,0.7250384074335697,-0.27000853845088413
NEO197.SG,Russia,Russia_UpperVolga_Eneolithic_Volosovo.SG,5494.0,0.4656479656696319,-0.14435632434267684,0.7672878566211061,-0.28065191341068274
NEO202.SG,Russia,Russia_Mesolithic_Veretye.SG,11500.0,0.880704402923584,-0.20080235245410097,0.7780085669564889,-0.24671427211590208
NEO204.SG,Russia,Russia_Don_N_Mariupol.SG,7412.0,0.0693399012088775,-0.12811672061389442,0.6634319671617329,-0.30495556024726844
NEO207.SG,Russia,Russia_Don_N_Mariupol.SG,7274.0,0.0612134672701358,-0.13288215965491124,0.7325630514890554,-0.2752858817159901
NEO209.SG,Russia,Russia_Don_N_Mariupol.SG,7457.0,0.0639555305242538,-0.16689573425356463,0.7274843174658295,-0.27098850732513546
NEO210.SG,Russia,Russia_Don_N_Mariupol.SG,7507.0,0.0647414103150367,-0.12472252264329631,0.7376428878004786,-0.2622377233984738
NEO212.SG,Russia,Russia_Don_N_Mariupol.SG,7547.0,0.9393566846847534,-0.13996475403874606,0.7346200202649256,-0.27587764255782155
NEO220.SG,Sweden,Sweden_LN_EBA.SG,3941.0,0.440863162279129,-0.8992328658456713,2.420802658443709,-0.5775200117990668
NEO221.SG,Sweden,Sweden_LN_EBA.SG,3653.0,0.0663293898105621,-0.9335709769499781,2.5017656038576837,-0.5783450954398428
NEO224.SG,Sweden,Sweden_LN_EBA.SG,3874.0,0.147858127951622,-0.9476819935971492,2.4199453160500215,-0.5808435904727582
NEO225.SG,Sweden,Sweden_LN_EBA.SG,3703.0,0.9644602537155152,-0.9768308376289061,2.309566339434038,-0.5481542130006539
NEO226.SG,Sweden,Sweden_LN_EBA.SG,3716.0,0.3304888010025024,-0.9292648503155096,2.4812277818232364,-0.5793261182315352
NEO227.SG,Sweden,Sweden_LN_EBA.SG,3879.0,0.1264601498842239,-0.9490130283039473,2.433680610732882,-0.5802038487992545
NEO228.SG,Sweden,Sweden_LN_EBA.SG,3796.0,0.162627637386322,-0.8965644862234976,2.470522628303304,-0.5901934218344819
NEO25.SG,Denmark,Denmark_SouthScandinavia_MN.SG,5085.0,0.3287467360496521,-0.9016604780403159,0.8257078677205028,-0.15616950289488793
NEO254.SG,Denmark,Denmark_EM_Maglemose.SG,10420.0,0.3256778419017792,-0.9120870974197038,0.7871712660831469,-0.14073104887639154
NEO259.SG,Sweden,Sweden_MN_TRB_N.SG,4915.0,0.0510529913008213,-0.9243336178962331,2.4514120426489807,-0.5935783927197049
NEO261.SG,Sweden,Sweden_LN.SG,3966.0,0.933515727519989,-0.9247688093755021,2.3737973835566035,-0.6498841537058501
NEO262.SG,Ukraine,Ukraine_Dnieper_N_Mariupol.SG,7017.0,0.0699270814657211,-0.12640345089178698,1.3829297305886552,0.17533541361440166
NEO265.SG,Ukraine,Ukraine_Dnieper_N_Mariupol.SG,6017.0,0.0861134454607963,-0.046622545110255334,1.3999705939153344,0.15736357457791703
NEO268.SG,Ukraine,Ukraine_Dnieper_N_Mariupol.SG,7642.0,0.0861807614564895,-0.05264415855257723,1.3676355336440142,0.1599603726418619
NEO27.SG,Sweden,Sweden_Mesolithic.SG,9648.0,0.9307193160057068,-0.8129155583158134,2.2413943834332835,-0.48924989612668257
NEO270.SG,Ukraine,Ukraine_Dnieper_N_Mariupol.SG,7605.0,0.1249994933605194,-0.06927387958911191,1.392656240703363,0.17521027049390442
NEO278.SG,Ukraine,Ukraine_Don_LBA_EIA.SG,2929.0,0.0555598363280296,-0.10069427262404247,1.3836353336105838,0.19710586218564577
NEO28.SG,Denmark,Denmark_SouthScandinavia_EN.SG,5485.0,0.6029587388038635,-0.911324126557103,0.8700944718580867,-0.1598175378041442
NEO119.SG,France,France_Chalcolithic.SG,4337.0,0.1090126410126686,-0.9978137339025909,-0.8308494196796032,-0.46704808961458427
NEO29.SG,Denmark,Denmark_SouthScandinavia_EN.SG,5521.0,0.4476668238639831,-0.8895940194727768,0.8323426456318316,-0.16870659864667545
NEO300.SG,Ukraine,Ukraine_Dnieper_N_Mariupol.SG,7244.0,0.8774359822273254,-0.11294892263809847,1.3856267722010707,0.1637329891698499
NEO302.SG,Ukraine,Ukraine_Dnieper_N_Mariupol.SG,7328.0,0.9262919425964355,-0.09051886554220387,1.371677764969829,0.16543067914274023
NEO304.SG,Ukraine,Ukraine_Dnieper_N_Mariupol.SG,7450.0,0.7078473567962646,-0.10535305535321865,1.3975340731654247,0.16472863064248244
NEO305.SG,Ukraine,Ukraine_N_1d.rel.NEO302.SG,7102.0,0.8738828897476196,-0.10865391552492808,1.3703639584631018,0.16496437640596048
NEO306.SG,Estonia,Estonia_CWC.SG,4453.0,0.8874237537384033,-1.1790302582961678,1.626846999336178,-0.18538732474989394
NEO307.SG,Latvia,Latvia_MM_Kunda.SG,8104.0,0.3904987275600433,-0.6602513930561904,0.35751691417176795,0.04212652305068804
NEO120.SG,France,France_BA.SG,3314.0,0.0821791812777519,-0.985457497733237,-0.8416391158900801,-0.4551313575957396
poz1039.SG,Poland,Poland_Mokrzec_Mierzanowice_BA.SG,4113.0,0.2370461672544479,-0.23975097098377568,1.8390067986837548,-0.4798726168931643
buk002.SG,Romania,Romania_Negrilesti_StarcevoCris_EN.SG,7494.0,0.0648216977715492,1.2811273834276478,0.43667212965486285,-0.007804737816351047
buk004.SG,Romania,Romania_Gumelnita_Gumelnita_LN_Eneolithic.SG,5880.0,0.1239102929830551,1.276638636713229,0.4173367903711571,0.004320250975941417
buk010.SG,Romania,Romania_Garlesti_Salcuta_EN.SG,7411.0,0.1470057517290115,1.2658769459718133,0.38635681309538056,-0.0035841290678455284
buk019.SG,Romania,Romania_Curatesti_Boian_LN_Eneolithic.SG,6833.0,0.3839432299137115,1.2769656510739298,0.4285163891984598,0.007976053538216038
buk022.SG,Romania,Romania_Curatesti_Boian_LN_Eneolithic.SG,6833.0,0.3283582627773285,1.2545474517811341,0.46947938947434004,-0.010584860804100208
buk023.SG,Romania,Romania_Curatesti_Boian_LN_Eneolithic_contam_1d.rel.buk019.SG,6782.0,0.1607233732938766,1.264570121984722,0.4134727580350383,-0.010150429901812873
lbk102.SG,Poland,Poland_Kruszyn_ELBK_N.SG,6100.0,0.2843660116195678,-0.14178223543320537,1.837324068971143,-0.4967812353519253
lbk104.SG,Poland,Poland_Kruszyn_ELBK_N.SG,6100.0,0.2354719638824463,-0.14778331385624915,1.8834565668180034,-0.5098756209831026
lbk138.SG,Poland,Poland_KruszaZamkowa_LLBK_LLengyel_N.SG,6111.0,0.4288811087608337,-0.18363973462794597,1.8275897736994737,-0.5039540860105576
poz120.SG,Poland,Poland_KruszaZamkowa_LLBK_LLengyel_N.SG,6144.0,0.9192498326301576,-0.0927493510887709,1.7604729638859717,-0.4575101110278458
poz177.SG,Poland,Poland_Ksiaznice_LublinVolhynian_Eneolithic_contam.SG,5927.0,0.8904488682746887,-0.14135763761002865,1.840888294205353,-0.4952001725127361
poz177_d.SG,Poland,Poland_Ksiaznice_LublinVolhynian_Eneolithic.SG,5927.0,0.2611626982688904,-0.13149806880455936,1.8716851647557433,-0.4701002819759096
poz236.SG,Poland,Poland_Racot_LLBK_LLengyel_N.SG,6131.0,0.637823760509491,-0.14434773921037092,1.8301172259062874,-0.518561836098834
poz252.SG,Poland,Poland_Siniarzewo_LLBK_LLengyel_N.SG,6391.0,0.4511452913284302,-0.17088899411240727,1.8459801781903096,-0.5113632386093847
poz275.SG,Poland,Poland_Ksiaznice_LublinVolhynian_Eneolithic.SG,5782.0,0.7153071165084839,-0.18354497139438433,1.879992127502757,-0.5199721901008532
poz297.SG,Poland,Poland_Lojewo_Mesolithic_contam.SG,7500.0,0.2649761140346527,-0.21311530714744678,1.7643262887861562,-0.5004323891048309
poz375.SG,Poland,Poland_Bronocice_LublinVolhynian_Eneolithic.SG,5780.0,0.1552846580743789,-0.12446988627691127,1.8932466481529011,-0.5113829644644128
poz503.SG,Poland,Poland_Kamienskie_Mesolithic.SG,8597.0,0.0732563212513923,-0.17951264906778952,1.7800508590286168,-0.469328297746952
rom011.SG,Romania,Romania_Iclod_LN_Eneolithic_contam.SG,6711.0,0.3124841451644897,1.264097542145895,0.42322815979944317,-0.011631338159272003
rom011_d.SG,Romania,Romania_Iclod_LN_Eneolithic.SG,6711.0,0.0614324435591697,1.273492258047389,0.4408597605333635,-0.0059467239236724225
rom047.SG,Romania,Romania_DeceaMuresului_LN_Eneolithic_contam.SG,6209.0,0.1877895891666412,1.2622001893638393,0.450978726375975,-0.026534867529466953
rom057_rom058.SG,Romania,Romania_Baciu_StarcevoCris_EN.SG,7504.0,0.6968434453010559,1.2787080979641894,0.4143313816968146,0.006177035643954956
rom061.SG,Romania,Romania_IronGates_Mesolithic_dup.I4081.SG,9487.0,0.3690390884876251,1.223516776862778,0.41791860736630576,-0.010278670140500535
rom066.SG,Romania,Romania_IronGates_Mesolithic_dup.I4582.SG,8510.0,0.1669211983680725,1.2344703760614673,0.3877123952704795,-0.006247348153003685
ukr005.SG,Ukraine,Ukraine_N_contam_dup.I5878.SG,7296.0,0.1954375207424163,-0.06095915279269961,1.3675945832615648,0.19702555527066504
ukr033.SG,Ukraine,Ukraine_Nikolske_N.SG,6521.0,0.057646594941616,-0.08947014856773522,1.3828376351816387,0.18978099700204368
ukr087.SG,Ukraine,Ukraine_N.SG,7233.0,0.4475078582763672,-0.12165697327775468,1.4078636777618647,0.16476542692842922
ukr102.SG,Ukraine,Ukraine_Mesolithic_contam.SG,8383.0,0.9364986419677734,-0.08303174673186045,1.3877639998890658,0.17560577255739296
ukr102_d.SG,Ukraine,Ukraine_Mesolithic.SG,8383.0,0.3263047635555267,-0.06024951182288517,1.3815642803029176,0.1688297460528395
ukr104.SG,Ukraine,Ukraine_Eneolithic_SeredniiStih_dup.I28319.SG,5564.0,0.6184501051902771,-0.09131098061393265,1.383827556489334,0.1702051297713875
ukr108.SG,Ukraine,Ukraine_Mesolithic_contam.SG,7943.0,0.3710455596446991,-0.08059231229636983,1.3650461476622031,0.16223882829307396
ukr108_d.SG,Ukraine,Ukraine_Mesolithic.SG,7943.0,0.1118933856487274,-0.08267454985670904,1.346321990324511,0.18880730918161012
ukr111.SG,Ukraine,Ukraine_N_contam.SG,6677.0,0.5036062002182007,-0.057784491282182195,1.3904989281335691,0.18609718599317102
ukr111_d.SG,Ukraine,Ukraine_N.SG,6677.0,0.1020589396357536,-0.07859361111744481,1.3627650101423334,0.17195577033522702
ukr112.SG,Ukraine,Ukraine_Eneolithic_SeredniiStih.SG,6340.0,0.0885229930281639,-0.06849670864985101,1.4028039974430229,0.16428578914535363
ukr113.SG,Ukraine,Ukraine_N_contam_dup.I5890_1d.rel.I5879.SG,6711.0,0.5280260443687439,-0.09522774099144286,1.3725795471218718,0.17107673657498765
ukr113_d.SG,Ukraine,Ukraine_N_dup.I5890_1d.rel.I5879.SG,6711.0,0.1287237107753753,-0.06721670347615902,1.4034872762539325,0.15646418254586533
ukr116.SG,Ukraine,Ukraine_Eneolithic_SeredniiStih.SG,6306.0,0.1752495765686035,-0.0911376277900053,1.4166304835465733,0.18244549257178544
ukr117.SG,Ukraine,Ukraine_N_dup.I5886.SG,7132.0,0.0933088287711143,-0.09664786753777602,1.3427130815616208,0.1855507320643042
ukr123.SG,Ukraine,Ukraine_Eneolithic_SeredniiStih.SG,6206.0,0.1140807121992111,-0.09190598397050005,1.3600977684804112,0.18708645889864578
ukr125.SG,Ukraine,Ukraine_Epipaleolithic_Mesolithic_contam.SG,10544.0,0.2320794612169265,-0.0987168899803589,1.3910536482314586,0.15748911136865837
ukr125_d.SG,Ukraine,Ukraine_Epipaleolithic_Mesolithic.SG,10544.0,0.0585890002548694,-0.07047704346962488,1.376532245855523,0.18777840210986935
ukr144.SG,Ukraine,Ukraine_Nikolske_N_contam.SG,7027.0,0.2735932171344757,-0.09261274048284962,1.3545279969641033,0.21953237800924524
ukr144_d.SG,Ukraine,Ukraine_Nikolske_N.SG,7027.0,0.0721654966473579,-0.06004697550177792,1.3987927002571126,0.21650763232113612
ukr147.SG,Ukraine,Ukraine_Nikolske_N_contam.SG,6617.0,0.1724101901054382,-0.0900635404384515,1.3407539566032731,0.16897751222151372
ukr158.SG,Ukraine,Ukraine_Yasinovatka_N_contam.SG,7144.0,0.2099012732505798,-0.07976049663523083,1.4169858255983498,0.13033784215119926
ukr159.SG,Ukraine,Ukraine_Yasinovatka_N_brother.ukr160_father.I27994.SG,7053.0,0.1585757881402969,-0.1007833836088948,1.4110542643334139,0.16760780781267032
ukr160.SG,Ukraine,Ukraine_Yasinovatka_MT_N_contam.SG,7235.0,0.414528489112854,-0.06908325628509909,1.3932218277292412,0.19085277544731769
ukr160_d.SG,Ukraine,Ukraine_Yasinovatka_MT_N.SG,7235.0,0.1148933544754982,-0.07649132086656195,1.3504580604277763,0.20047482777380202
ukr161.SG,Ukraine,Ukraine_Yasinovatka_N_contam_dup.I27994.SG,7056.0,0.319444328546524,-0.06103898714731623,1.385779957417083,0.16311388824538461
ukr161_d.SG,Ukraine,Ukraine_Yasinovatka_N_dup.I27994.SG,7056.0,0.0790640488266944,-0.08750800447020943,1.3886965012841088,0.1887026198348365
ukr162.SG,Ukraine,Ukraine_Yasinovatka_MT_N_contam_father.or.son.I27986_1d.rel.I27982.SG,6617.0,0.3469825685024261,-0.09947284898748987,1.3467743300834347,0.16519514163358356
ukr162_d.SG,Ukraine,Ukraine_Yasinovatka_MT_N_father.or.son.I27986_1d.rel.I27982.SG,6617.0,0.1168016865849495,-0.08890987634419784,1.3628233338472482,0.1555985400932887
GLN201.AG,France,France_N.AG,6932.0,0.6654236316680908,-0.9716593560010933,-0.8917532168419916,-0.4460044310894064
GLN202.AG,France,France_N_father.or.son.GLN201.AG,6381.0,0.6250218152999878,-0.966888520897903,-0.8012433661426697,-0.44852464456019725
GLN204.AG.SG,France,France_N.AG.SG,6550.0,0.0517228916287422,-0.9760395629053217,-0.8447470898754017,-0.509865955351732
GLN206.AG,France,France_N.AG,6550.0,0.8209654092788696,-0.9553037566165604,-0.8389792076944268,-0.45416854613844604
GLN207A.AG,France,France_N.AG,6550.0,0.612923800945282,-0.9744152151801349,-0.8422034852134871,-0.4606855167115145
GLN207B.AG,France,France_N.AG,6482.0,0.5058519244194031,-1.0325271164537537,-0.8910533989631483,-0.46634523367189956
GLN208.AG,France,France_N.AG,6550.0,0.4805513024330139,-0.9733729127607811,-0.8596859217702085,-0.4742128760848099
GLN209.AG,France,France_N.AG,6456.0,0.7064775228500366,-0.9955515618530394,-0.838132241098377,-0.4405610383244024
GLN211A.AG,France,France_N.AG,6550.0,0.5578173398971558,-1.0285133172408147,-0.8072980219649915,-0.4377447953257185
GLN211B.AG,France,France_N_1d.rel.GLN211A.AG,6550.0,0.4389094114303589,-0.9693584104725946,-0.8553654216454937,-0.4779479986825291
GLN212.AG,France,France_N_sister.GLN255.AG,6550.0,0.5454443693161011,-0.9891281958020718,-0.8791040835691528,-0.45676545437012905
GLN213.AG,France,France_N_sister.GLN255.GLN212.AG,6785.0,0.2123651504516601,-1.0334603202896095,-0.8569509740053819,-0.4801639687128079
GLN214.AG,France,France_N.AG,6550.0,0.5007084012031555,-0.9529624875523397,-0.8328045581117937,-0.46489615039214394
GLN215A.AG,France,France_N.AG,6550.0,0.6166982650756836,-1.0017760689318436,-0.8661619076210048,-0.5003169561375023
GLN216.AG,France,France_N_father.or.son.GLN275_1d.rel.GLN325.GLN276.GRG041.AG,6690.0,0.8419854640960693,-1.0074274112488653,-0.8649058826445003,-0.48003353636953294
GLN221B.AG,France,France_N_1d.rel.GLN265.GLN325.GLN266.AG,6735.0,0.429822713136673,-1.0001411047082454,-0.8546446159077065,-0.5027010882483423
GLN224.AG,France,France_N_brother.GLN255.GLN213.GLN212.AG,6550.0,0.1432636976242065,-1.0473670036383695,-0.9154203619473774,-0.48493460080298384
GLN226.AG,France,France_N.AG,6550.0,0.4005399644374847,-0.9983224929225563,-0.8571465878424488,-0.46079070370840747
GLN232B.AG,France,France_N.AG,6564.0,0.1677322089672088,-1.0129120792655204,-0.8365502174420298,-0.4611405385391311
GLN235.AG,France,France_N.AG,6550.0,0.6405196189880371,-0.9695913144873479,-0.8249607895490837,-0.46754971624769903
GLN236A.AG,France,France_N_1d.rel.GLN262.AG,6550.0,0.5677539706230164,-1.0136215242637587,-0.8258638127730936,-0.48018630753859204
GLN236B.AG,France,France_N.AG,6550.0,0.7235292792320251,-0.946652287174335,-0.8055840996860213,-0.4435189954071301
GLN237A.AG,France,France_N_father.or.son.GLN265.GLN325.GLN221B.GLN266.AG,6739.0,0.362948328256607,-1.0148565187957268,-0.8279622584365859,-0.49111304317295357
GLN241.AG,France,France_N.AG,6550.0,0.5733694434165955,-1.0293568349882898,-0.7837165635063789,-0.47457040351345564
GLN242.AG,France,France_N.AG,6415.0,0.3181248009204864,-0.9865655091656489,-0.845153987821085,-0.44948196695538795
GLN244.AG,France,France_N_daughter.GLN245B.AG,6550.0,0.6040763854980469,-0.96544339912946,-0.8529468078684603,-0.4735353509253422
GLN245A.AG,France,France_N_father.or.son.GLN245B.AG,6550.0,0.6270096302032471,-1.0001793575520606,-0.8690257775219855,-0.4698643321234676
GLN245B.AG,France,France_N.AG,6550.0,0.6584821343421936,-1.0089470309078783,-0.8501432536020607,-0.4676564694542402
GLN246.AG,France,France_N.AG,6686.0,0.6218085289001465,-1.0173564111080664,-0.8244757487717856,-0.474764391822475
GLN249.AG,France,France_N_mother.GLN258.GLN245A.GLN244.AG,6550.0,0.4461218118667602,-0.9508045556872706,-0.8934251602570807,-0.4812372068661355
GLN250.AG,France,France_N.AG,6862.0,0.4954935610294342,-1.0270419384589944,-0.8351259071056553,-0.4692312071169677
GLN253.AG,France,France_N_1d.rel.GLN275.AG,6070.0,0.5651302933692932,-0.9675915551678862,-0.8594128819942168,-0.47109997205632687
GLN255.AG,France,France_N.AG,6574.0,0.6156463623046875,-1.0054174535089433,-0.8692068880913619,-0.48286127648623456
GLN257.AG,France,France_N.AG,6665.0,0.5566980838775635,-1.0236693931530583,-0.821778481442376,-0.4596325581068577
GLN258.AG,France,France_N_father.or.son.GLN245B_1d.rel.GLN244.GLN245A.AG,6550.0,0.5013532042503357,-1.0127316601688572,-0.8742975707596898,-0.46990211321771574
GLN260.AG,France,France_N_brother.GLN241_1d.rel.GLN319.AG,6550.0,0.523000955581665,-1.0053467746554423,-0.8563088093013171,-0.4829945509775356
GLN261.AG,France,France_N_father.or.son.GLN245B.AG,6550.0,0.5846759080886841,-0.9921626818817876,-0.8782425786436133,-0.4754412824655799
GLN262.AG,France,France_N.AG,6550.0,0.6274013519287109,-0.976568189556922,-0.8147563446920918,-0.4634288281588247
GLN263.AG,France,France_N_brother.GLN321.AG,6918.0,0.4482329189777374,-0.9734965863455395,-0.8407796203849282,-0.49164229720753017
GLN265.AG,France,France_N_father.or.son.GLN235_1d.rel.GLN325.GLN266.AG,6550.0,0.5325929522514343,-0.9962123949716107,-0.8389847987935718,-0.4869490177888239
GLN266.AG,France,France_N_1d.rel.GLN325.AG,6550.0,0.5959320664405823,-0.9929871132668843,-0.8508914286031176,-0.48755264278413146
GLN267.AG,France,France_N_1d.rel.GLN268A.GLN269.AG,6550.0,0.4053258299827575,-0.9326272428138879,-0.8066022747988376,-0.4756244203226809
GLN268A.AG,France,France_N_1d.rel.GLN269.AG,6550.0,0.5207633376121521,-1.020358939818186,-0.8251662701893936,-0.47837795398175276
GLN269.AG,France,France_N.AG,6550.0,0.6662800908088684,-1.0006959372085467,-0.8519370917947087,-0.4781395682233153
GLN275.AG,France,France_N.AG,6840.0,0.9211663007736206,-1.0128651182461101,-0.8878620385551768,-0.48658934732786374
GLN276.AG,France,France_N_1d.rel.GLN325_father.or.son.GLN275.AG,6550.0,0.8650428056716919,-1.001460278512735,-0.8560299362207974,-0.4865393122894039
GLN277.AG,France,France_N_1d.rel.GLN307.AG,6532.0,0.4917133748531341,-0.9527027356308315,-0.8702589123920914,-0.45741676867184816
GLN279.AG,France,France_N.AG,6550.0,0.1422028839588165,-1.020171083948125,-0.8563807919573589,-0.40983898289956694
GLN282.AG,France,France_N_father.or.son.GLN207A.AG,6550.0,0.5816735029220581,-0.9358580182853217,-0.851432613903304,-0.5344896222854539
GLN284.AG,France,France_N.AG,6402.0,0.575410783290863,-1.0294611268688443,-0.8416084115183586,-0.4680389761947031
GLN285A.AG,France,France_N.AG,6550.0,0.609534502029419,-1.0047244074763446,-0.8595333843956993,-0.5103128350480374
GLN285B.AG,France,France_N_1d.rel.GLN285A.AG,6550.0,0.4970482885837555,-1.0147634115299853,-0.8612254336118923,-0.46766992457556317
GLN288.AG,France,France_N.AG,6550.0,0.4818254113197326,-1.0314102847654225,-0.8946375810534654,-0.4907752186142652
GLN291.AG,France,France_N.AG,6550.0,0.6484197378158569,-0.9761050953775934,-0.8467628428322581,-0.4768814819200599
GLN298.AG,France,France_N_1d.rel.GLN291.AG,6495.0,0.5140789151191711,-0.9954525918211761,-0.8761000146430878,-0.46176792886953666
GLN300.AG,France,France_N_father.GLN277_father.or.son.GLN305_1d.rel.GLN298.GLN291.AG,6550.0,0.2528294622898102,-0.9858699450145927,-0.8437417003441131,-0.44076795177178507
GLN301.AG,France,France_N.AG,6588.0,0.3697414398193359,-0.9658167906593775,-0.8511507014154631,-0.4148567937912049
GLN302.AG,France,France_N.AG,6550.0,0.44955974817276,-1.0430163478200767,-0.8138024568874407,-0.45175022326981085
GLN305.AG,France,France_N_father.or.son.GLN291.AG,6550.0,0.3916244208812713,-1.0214772256398703,-0.9126259247968246,-0.4900072612184292
GLN306.AG,France,France_N_1d.rel.GLN301.AG,6550.0,0.3546377718448639,-0.9668038854679755,-0.8142163245728188,-0.453438703102208
GLN307.AG,France,France_N.AG,6550.0,0.5777376294136047,-1.007827063839068,-0.9228250780119636,-0.45228458541719946
GLN308.AG,France,France_N.AG,6550.0,0.6765265464782715,-0.9340230496386711,-0.8110135282552764,-0.4456543514274124
GLN309.AG,France,France_N.AG,6550.0,0.6799401044845581,-0.9783165334542258,-0.8199386214218655,-0.4630090217481907
GLN310B.AG,France,France_N.AG,6550.0,0.529916524887085,-0.9714827087541195,-0.9020075458280162,-0.49509345044290853
GLN315.AG,France,France_N_1d.rel.GLN202.AG,6776.0,0.502388060092926,-0.9634897908546304,-0.8213139589003944,-0.47745433262659076
GLN319.AG,France,France_N_1d.rel.GLN241.AG,6615.0,0.5728739500045776,-1.0158452914946525,-0.8431364382796981,-0.41285192845495255
GLN320.AG,France,France_N.AG,6550.0,0.554668128490448,-1.0328368405825572,-0.9442700055215715,-0.5286126685345504
GLN321.AG,France,France_N.AG,6550.0,0.4658953249454498,-1.0140818104453435,-0.8319579026701849,-0.4476817194003362
GLN322.AG,France,France_N.AG,6550.0,0.4130443036556244,-0.9588001105950982,-0.8259227962515078,-0.47177594761034314
GLN325.AG,France,France_N.AG,6874.0,0.8868746757507324,-1.0248585952684919,-0.9014302656748968,-0.49705437869401087
GLN326.AG,France,France_N.AG,6550.0,0.5857991576194763,-0.9337525725610297,-0.8079911836246771,-0.4428016335446513
LAR11.SG,France,FrenchAlps_LPSP.SG,321.0,0.0852221325039863,-0.9857220973089933,-0.8252911501632358,-0.4924001224300012
LAR8.SG,France,FrenchAlps_LPSP.SG,321.0,0.3423864841461181,-1.0174908148588655,-0.7944662000407449,-0.46121222364328396
PCA0001.SG,Poland,Poland_Kowalewko_Wielbark_IA.SG,1806.0,0.0860031470656395,-0.20655312926305824,1.8914039637721825,-0.5421577436401885
PCA0002.SG,Poland,Poland_Kowalewko_Wielbark_IA.SG,1750.0,0.0803795233368873,-0.19238875931678415,1.8667697358710353,-0.4504476928993172
PCA0007.SG,Poland,Poland_Kowalewko_Wielbark_IA.SG,1806.0,0.0927443578839302,-0.22254012800079806,1.8168561488818764,-0.5530421152666833
PCA0011.SG,Poland,Poland_Gaski_Przeworsk_IA.SG,1750.0,0.2694481015205383,-0.26034697402140755,1.8285542692090166,-0.5708246055354184
PCA0012.SG,Poland,Poland_Gaski_Przeworsk_IA.SG,1750.0,0.1676178574562072,-0.19255195025690774,1.8310998973211468,-0.5636327871651816
PCA0015.SG,Poland,Poland_Kowalewko_Wielbark_IA.SG,1797.0,0.1022860258817672,-0.16945201939920204,1.8761141765507532,-0.5147576744113854
PCA0018.SG,Poland,Poland_Kowalewko_Wielbark_IA.SG,1790.0,0.0991789996623992,-0.15540188734168736,1.9110562361994794,-0.5183724694290932
PCA0026.SG,Poland,Poland_Kowalewko_Wielbark_IA.SG,1817.0,0.171042799949646,-0.21812270049216412,1.8965896876058759,-0.5336638469862764
PCA0027.SG,Poland,Poland_Kowalewko_Wielbark_IA.SG,1750.0,0.2419447302818298,-0.18832500775806993,1.8736603317512481,-0.49800916444766347
PCA0028.SG,Poland,Poland_Kowalewko_Wielbark_IA.SG,1889.0,0.3596061170101166,-0.17185714009169437,1.8249067720577337,-0.5107202939943124
PCA0030.SG,Poland,Poland_Kowalewko_Wielbark_IA.SG,1887.0,0.3102805912494659,-0.21222269620721473,1.857154358461585,-0.531612479593392
PCA0031.SG,Poland,Poland_Kowalewko_Wielbark_IA.SG,1872.0,0.1397098004817962,-0.1896680599539077,1.8340412712598861,-0.5032391332269582
PCA0034.SG,Poland,Poland_Kowalewko_Wielbark_IA.SG,746.0,0.1042195037007331,-0.19133852262720433,1.8543044612874704,-0.5192339010831876
PCA0035.SG,Poland,Poland_Kowalewko_Wielbark_IA.SG,1884.0,0.0703528672456741,-0.18000871405423172,1.9043089955040824,-0.5453174902228735
PCA0036.SG,Poland,Poland_Kowalewko_Wielbark_IA.SG,1835.0,0.1378152519464492,-0.15130362361990274,1.8332306791855344,-0.46745237676734586
PCA0040.SG,Poland,Poland_Kowalewko_Wielbark_IA.SG,1790.0,0.1601605117321014,-0.1807413623913483,1.874312645353204,-0.4993644674178414
PCA0044.SG,Poland,Poland_Kowalewko_Wielbark_IA.SG,1810.0,0.0953144878149032,-0.16891818582193616,1.8891859676837668,-0.5236704873349489
PCA0045.SG,Poland,Poland_Kowalewko_Wielbark_IA.SG,1784.0,0.0599401630461216,-0.21935829911339705,1.957076633579596,-0.5315115440725955
PCA0046.SG,Poland,Poland_Kowalewko_Wielbark_IA_contam.SG,1927.0,0.7722789645195007,-0.175022338129411,1.8943543051161464,-0.50338977075873
PCA0049.SG,Poland,Poland_Kowalewko_Wielbark_IA.SG,1850.0,0.106715016067028,-0.24571879592153098,1.8661357653568647,-0.4980226186877066
PCA0050.SG,Poland,Poland_Kowalewko_Wielbark_IA.SG,1814.0,0.1075714528560638,-0.18424099392453105,1.8160648300257551,-0.5246468932028567
PCA0051.SG,Poland,Poland_Kowalewko_Wielbark_IA.SG,1750.0,0.1187205612659454,-0.15858843335968112,1.867352608531216,-0.5052102631222992
PCA0052.SG,Poland,Poland_Kowalewko_Wielbark_IA.SG,1872.0,0.1076687723398208,-0.17545870812275902,1.8424703050690918,-0.4779046113401539
PCA0054.SG,Poland,Poland_Kowalewko_Wielbark_IA.SG,1750.0,0.0519621446728706,-0.16174464683591785,1.891707400340299,-0.5450428758607618
PCA0056.SG,Poland,Poland_Kowalewko_Wielbark_IA.SG,1795.0,0.086067222058773,-0.21101310162391093,1.8800967190066573,-0.5498500838343915
PCA0059.SG,Poland,Poland_Kowalewko_Wielbark_IA.SG,1890.0,0.751575231552124,-0.17561214661371882,1.8524941166790383,-0.5031905244440878
PCA0060.SG,Poland,Poland_Kowalewko_Wielbark_IA_contam.SG,1835.0,0.6972781419754028,-0.18723585030578366,1.8498441242393044,-0.49654570622844585
PCA0062.SG,Poland,Poland_Kowalewko_Wielbark_IA.SG,1797.0,0.249937355518341,-0.15794196518700904,1.8842106585092082,-0.5153751267293255
PCA0063.SG,Poland,Poland_Kowalewko_Wielbark_IA.SG,1885.0,0.2565187811851501,-0.17772807280270525,1.8470170169498379,-0.5022492416858501
PCA0065.SG,Poland,Poland_Kowalewko_Wielbark_IA.SG,1750.0,0.0915927067399025,-0.1977456139489312,1.8939955310535814,-0.5527345658483447
PCA0066.SG,Poland,Poland_Kowalewko_Wielbark_IA.SG,1872.0,0.0687827318906784,-0.18623691638141415,1.8846522556470675,-0.5233431631161908
PCA0088.SG,Poland,Poland_Maslomecz_Wielbark_IA.SG,1653.0,0.279052197933197,-0.11497346716405275,1.8706621740619487,-0.5059831330502004
PCA0089.SG,Poland,Poland_Maslomecz_Wielbark_IA.SG,1753.0,0.272441565990448,-0.20090409686339017,1.8863473383428329,-0.5068928646732561
PCA0092.SG,Poland,Poland_Maslomecz_Wielbark_IA.SG,1719.0,0.2855987846851349,-0.19948105250746642,1.855592588516795,-0.5288476665363324
PCA0094.SG,Poland,Poland_Maslomecz_Wielbark_IA.SG,1650.0,0.2402432113885879,-0.19145598510218492,1.9487329139625755,-0.5577111243913172
PCA0100.SG,Poland,Poland_Maslomecz_Wielbark_IA.SG,1757.0,0.8958981037139893,-0.19889226382684402,1.8844399389026263,-0.49038272533761196
PCA0102.SG,Poland,Poland_Maslomecz_Wielbark_IA.SG,1650.0,0.1266661435365677,-0.22165748225369683,1.830382304570053,-0.5204532795040663
PCA0103.SG,Poland,Poland_Maslomecz_Wielbark_IA.SG,1756.0,0.727138340473175,-0.16456272150751666,1.8573408595522114,-0.5127120226704849
PCA0110.SG,Poland,Poland_Maslomecz_Wielbark_IA_oEEF.SG,1760.0,0.0837233662605285,-0.14114948081735182,1.8186121248231055,-0.48569196629382166
PCA0111.SG,Poland,Poland_Maslomecz_Wielbark_IA.SG,1650.0,0.1059615761041641,-0.1635395296964947,1.889471687851915,-0.516193398197949
PCA0114.SG,Poland,Poland_Maslomecz_Wielbark_IA.SG,1650.0,0.1051967814564704,-0.2072083391841952,1.8247380171182968,-0.4670213252567231
PCA0115.SG,Poland,Poland_Niemcza_IA.SG,1000.0,0.0628687590360641,-0.18934184091225326,1.8626724329389293,-0.5218600702215437
PCA0117.SG,Poland,Poland_Niemcza_IA.SG,1000.0,0.0586887560784816,-0.20029820197616277,1.8345049120491308,-0.526118296942014
PCA0119.SG,Poland,Poland_Niemcza_IA.SG,1000.0,0.0681071504950523,-0.17966789397605482,1.8829387624668767,-0.486739180491272
PCA0121.SG,Poland,Poland_Niemcza_IA.SG,1000.0,0.065220721065998,-0.12051483745395987,1.8493170618402675,-0.47102774856659674
PCA0122.SG,Poland,Poland_Niemcza_IA.SG,1000.0,0.305249810218811,-0.15090145812489722,1.887480411039791,-0.5371665220198735
PCA0124.SG,Poland,Poland_Niemcza_IA.SG,1000.0,0.3989593088626861,-0.21512344315646093,1.8611744714464182,-0.5077698710683913
PCA0126.SG,Poland,Poland_Niemcza_IA.SG,1000.0,0.2376982271671295,-0.18357726559498622,1.8527027778188188,-0.4952472722694526
PCA0127.SG,Poland,Poland_Niemcza_IA.SG,1000.0,0.1295217424631118,-0.20397908404567436,1.9082746469351495,-0.5230870422633583
PCA0130.SG,Poland,Poland_Niemcza_IA.SG,1000.0,0.0556328296661376,-0.16535964398158567,1.8607407818437738,-0.54675121880111
PCA0132.SG,Poland,Poland_Niemcza_IA.SG,1000.0,0.1213677376508712,-0.17088418288232574,1.8502342757462527,-0.5015151434157464
PCA0133.SG,Poland,Poland_Niemcza_IA.SG,1000.0,0.0827168896794319,-0.2108231896390301,1.8869773167889246,-0.5271587753491527
PCA0137.SG,Poland,Poland_Niemcza_IA.SG,1000.0,0.3040535748004913,-0.15645221924333985,1.8707071495401202,-0.5254059412481864
PCA0138.SG,Poland,Poland_Niemcza_IA.SG,1000.0,0.1058829054236412,-0.18373019181373904,1.9086880253042293,-0.534036373494539
PCA0140.SG,Poland,Poland_Niemcza_IA.SG,1000.0,0.2506194114685058,-0.19376067906848526,1.898178997532416,-0.5125402891535586
PCA0142.SG,Poland,Poland_Niemcza_IA.SG,1000.0,0.1593454480171203,-0.18460730783912738,1.794562116433128,-0.5113738664891587
PCA0143.SG,Poland,Poland_Niemcza_IA_contam.SG,1077.0,0.3108207285404205,-0.19304562671021286,1.8569511086890285,-0.5099509542956547
PCA0146.SG,Poland,Poland_Niemcza_IA.SG,1000.0,0.1432190835475921,-0.17361807568665946,1.8013637234240256,-0.5590771145662718
PCA0148.SG,Poland,Poland_Niemcza_IA.SG,1000.0,0.4895122647285461,-0.16687900318063875,1.8801494482359704,-0.5110940571709419
PCA0153.SG,Poland,Poland_Markowice_IA.SG,850.0,0.0575752258300781,-0.17928904433490508,1.8583467210248867,-0.54022692050974
PCA0156.SG,Poland,Poland_Markowice_IA.SG,1002.0,0.0961684882640838,-0.2520225930791965,1.8646292390909256,-0.5409696892777002
PCA0157.SG,Poland,Poland_Markowice_IA.SG,850.0,0.3420028686523437,-0.2210156045787913,1.8789324644096377,-0.5280895357981366
PCA0158.SG,Poland,Poland_Markowice_IA_contam.SG,850.0,0.2606793344020843,-0.14727613925375327,1.894441766486952,-0.5166396509191966
PCA0159.SG,Poland,Poland_Markowice_IA_oEastAsian.SG,1002.0,0.0721046701073646,-0.13170803257980687,1.814346624803881,-0.5379791017191907
PCA0165.SG,Poland,Poland_Legowo_IA.SG,850.0,0.196107417345047,-0.15232170708564327,1.865051445290938,-0.508263624641195
PCA0166.SG,Poland,Poland_Legowo_IA.SG,850.0,0.1643989086151123,-0.20822913184017972,1.8706613402806742,-0.5047202792873564
PCA0167.SG,Poland,Poland_Legowo_IA.SG,850.0,0.3006107807159424,-0.21516313179481497,1.8649288765001584,-0.5126436726376468
PCA0169.SG,Poland,Poland_Legowo_IA.SG,850.0,0.1107798516750335,-0.23018785880847645,1.8997581271910728,-0.5756269665595201
PCA0181.SG,Poland,Poland_Lad_IA.SG,850.0,0.1550770401954651,-0.1943981707442485,1.8596428397654083,-0.49350805035038836
PCA0182.SG,Poland,Poland_Lad_IA.SG,850.0,0.0927378684282302,-0.16755124150827877,1.8857110465282432,-0.5236913101876268
PCA0185.SG,Poland,Poland_Lad_IA.SG,850.0,0.0994506925344467,-0.15710654943878005,1.8732701966460863,-0.481709282395749
PCA0186.SG,Poland,Poland_Lad_IA.SG,850.0,0.0703788176178932,-0.26372291198842684,1.8677325577949742,-0.49920610531992904
PCA0187.SG,Poland,Poland_Lad_IA.SG,850.0,0.1290448755025863,-0.2291199385117302,1.8327879571866679,-0.5234170803015701
PCA0189.SG,Poland,Poland_Lad_IA.SG,850.0,0.0950038656592369,-0.17684403878802918,1.842888967978618,-0.5836066154503472
PCA0191.SG,Poland,Poland_Lad_IA.SG,850.0,0.1063322126865387,-0.19245866163292968,1.854032841056414,-0.4830476413811154
PCA0192.SG,Poland,Poland_Lad_IA.SG,850.0,0.1313741207122802,-0.17143475550739154,1.8815448973626152,-0.5366790867106943
PCA0193.SG,Poland,Poland_Lad_IA.SG,850.0,0.115179643034935,-0.22805918108936898,1.8978944642379114,-0.47752159536118
PCA0194.SG,Poland,Poland_Lad_IA.SG,850.0,0.39185231924057,-0.19121493034931633,1.8637078285332953,-0.5435684841361392
PCA0197.SG,Poland,Poland_Lad_IA.SG,850.0,0.1369377225637436,-0.14155188814316563,1.872280218580777,-0.5231422665024015
PCA0198.SG,Poland,Poland_Lad_IA.SG,779.0,0.1713096350431442,-0.16210947828707,1.8507176162018648,-0.50000934538292
PCA0199.SG,Poland,Poland_Lad_IA.SG,850.0,0.1276499181985855,-0.17112256536871934,1.8572532200456826,-0.5336293625055136
PCA0200.SG,Poland,Poland_Lad_IA.SG,850.0,0.0815847069025039,-0.21974261109215143,1.830675070574549,-0.5565211636827573
PCA0201.SG,Poland,Poland_Lad_IA.SG,850.0,0.1023103594779968,-0.12774204555993135,1.88168585043137,-0.5041988524986243
PCA0202.SG,Poland,Poland_Lad_IA.SG,850.0,0.0698224604129791,-0.17917784442573667,1.8237923068790511,-0.5946496095117723
PCA0203.SG,Poland,Poland_Lad_IA.SG,850.0,0.1150231212377548,-0.20237756585778113,1.9027369519538582,-0.5615195762748889
PCA0205.SG,Poland,Poland_Lad_IA.SG,850.0,0.0944475010037422,-0.1433359030038015,1.8435181055950107,-0.4434804796957442
PCA0206.SG,Poland,Poland_Lad_IA.SG,850.0,0.1075925379991531,-0.15793140596689212,1.8498036072426112,-0.5548118851988589
PCA0211.SG,Poland,Poland_Lad_IA.SG,850.0,0.1082210838794708,-0.16958878609528452,1.8909314649568647,-0.4767314912172208
PCA0216.SG,Poland,Poland_Oblaczkowo_IA.SG,850.0,0.091930091381073,-0.1969112259818418,1.829986600435044,-0.48718810703492704
PCA0218.SG,Poland,Poland_Oblaczkowo_IA.SG,850.0,0.0878757983446121,-0.09388748947538904,1.8431950521763496,-0.47425194337117554
PCA0222.SG,Poland,Poland_Oblaczkowo_IA.SG,850.0,0.0802059695124626,-0.1377410656066688,1.853859815311233,-0.5476059153077856
PCA0225.SG,Poland,Poland_Oblaczkowo_IA.SG,850.0,0.0838069021701812,-0.18128159881187875,1.953316798016384,-0.4934286055655568
PCA0232.SG,Poland,Poland_PoznanSrodka_IA.SG,850.0,0.0600537061691284,-0.1876456099125106,1.812571367682556,-0.48622036233389326
PCA0234.SG,Poland,Poland_PoznanSrodka_IA.SG,850.0,0.0645200014114379,-0.1584009182026847,1.8899646466307374,-0.45704828795912855
PCA0235.SG,Poland,Poland_PoznanSrodka_IA.SG,850.0,0.0644551217555999,-0.14150711443212358,1.8659829856791053,-0.5346970679857812
PCA0238.SG,Poland,Poland_PoznanSrodka_IA.SG,850.0,0.0588079765439033,-0.19964459195770026,1.901912640683922,-0.49880907914725425
PCA0244.SG,Poland,Poland_Rumin_IA.SG,861.0,0.1492612063884735,-0.15316233222066178,1.8572964244217163,-0.5372191148516697
PCA0246.SG,Poland,Poland_Rumin_IA.SG,850.0,0.1375159919261932,-0.17289733597924992,1.8550934800856111,-0.5028427141722214
PCA0297.SG,Poland,Poland_Plonsk_IA.SG,850.0,0.1029275432229042,-0.18487116702368178,1.877552571465147,-0.4754714949627722
PCA0300.SG,Poland,Poland_Groszowice_IA.SG,850.0,0.0584900565445423,-0.1451333343478817,1.833989241112423,-0.5380705031196528
PCA0301.SG,Poland,Poland_Konskie_IA.SG,850.0,0.0916056856513023,-0.1775632656829279,1.8895745245108373,-0.5131119367615693
PCA0309.SG,Poland,Poland_Konskie_IA.SG,850.0,0.1429246962070465,-0.20569684961512433,1.8555477134917182,-0.5228015645711251
PCA0312.SG,Poland,Poland_Plonsk_IA.SG,850.0,0.0764606669545173,-0.17574529980450954,1.8650302913949022,-0.4403213480896544
PCA0313.SG,Poland,Poland_Plonsk_IA.SG,850.0,0.0609766468405723,-0.1953813376968668,1.8899487503859604,-0.49925616029081443
PCA0314.SG,Poland,Poland_Plonsk_IA.SG,850.0,0.1209752038121223,-0.16166758456833058,1.8130985034737672,-0.5591167220844453
PCA0317.SG,Poland,Poland_Plonsk_IA.SG,850.0,0.2670985758304596,-0.21488407126414608,1.8916018307975973,-0.5376409970095358
PCA0319.SG,Poland,Poland_Plonsk_IA.SG,850.0,0.2214786112308502,-0.16549005969720498,1.8132651328049223,-0.5273049604887854
PCA0324.SG,Poland,Poland_Plonsk_IA.SG,850.0,0.1768391728401184,-0.20335203642571253,1.8666092852080343,-0.49880703989623765
PCA0327.SG,Poland,Poland_Plonsk_IA.SG,850.0,0.1414859443902969,-0.16367297268593226,1.871291208415001,-0.5104119257534515
PCA0328.SG,Poland,Poland_Plonsk_IA.SG,850.0,0.2196197509765625,-0.1628716491958646,1.8279537689691647,-0.5305104192086783
PCA0332.SG,Poland,Poland_OstrowLednicki_IA.SG,850.0,0.2239165306091308,-0.15654350366156167,1.9038657784086452,-0.5207161465128382
PCA0333.SG,Poland,Poland_OstrowLednicki_IA.SG,850.0,0.2698771357536316,-0.20212247052866728,1.8156200393935007,-0.4869185539025758
PCA0334.SG,Poland,Poland_OstrowLednicki_IA.SG,850.0,0.1062048822641372,-0.1618269779396616,1.886536271268819,-0.4527162886413566
PCA0335.SG,Poland,Poland_OstrowLednicki_IA.SG,850.0,0.1900718063116073,-0.16063323843718788,1.8622930073007151,-0.5063717585225779
PCA0339.SG,Poland,Poland_OstrowLednicki_IA.SG,850.0,0.3482663929462433,-0.15162555105560213,1.8530574035918912,-0.5293088644498423
PCA0340.SG,Poland,Poland_OstrowLednicki_IA.SG,850.0,0.3753861486911773,-0.15197129122727535,1.839305998097579,-0.4991814174604676
PCA0341.SG,Poland,Poland_OstrowLednicki_IA.SG,850.0,0.0793154686689376,-0.1438722508123063,1.8590580323372732,-0.5412193652996611
PCA0343.SG,Poland,Poland_OstrowLednicki_IA.SG,850.0,0.2819061875343323,-0.18152021175993735,1.8983277735073132,-0.5251211385683695
PCA0344.SG,Poland,Poland_OstrowLednicki_IA.SG,850.0,0.3550595045089721,-0.19339781228301348,1.872503501343243,-0.4827540491542704
PCA0354.SG,Poland,Poland_Dziekanowice_IA.SG,850.0,0.5087853670120239,-0.18115516469065585,1.8695419787970182,-0.5155025252111639
PCA0359.SG,Poland,Poland_Dziekanowice_IA.SG,850.0,0.2241330742835998,-0.19948256542103165,1.8780939430688124,-0.5246956903798027
PCA0368.SG,Poland,Poland_Dziekanowice_IA.SG,863.0,0.0562946200370788,-0.19015543560640036,1.8236459640115066,-0.5455533914543742
PCA0376.SG,Poland,Poland_Santok_IA.SG,850.0,0.101681001484394,-0.14875994191780445,1.9307855530966491,-0.43741336364904315
PCA0381.SG,Poland,Poland_Santok_IA.SG,850.0,0.0577787905931472,-0.2428315521577189,1.9128830289331615,-0.5228873979624956
PCA0383.SG,Poland,Poland_Santok_IA.SG,850.0,0.0813730284571647,-0.17213253613118248,1.8499203592787403,-0.484608397375062
PCA0391.SG,Poland,Poland_Santok_IA.SG,850.0,0.112723059952259,-0.24674129336561215,1.8819843163740622,-0.5381369702064707
PCA0397.SG,Poland,Poland_Santok_IA.SG,850.0,0.0648825243115425,-0.18543838204821958,1.815806738063076,-0.5567575249185448
PCA0399.SG,Poland,Poland_Santok_IA.SG,850.0,0.1798350811004638,-0.15703877635697158,1.8491738553943062,-0.4739418568784957
PCA0400.SG,Poland,Poland_Santok_IA.SG,850.0,0.0558493696153163,-0.16409553932704743,1.855861227448741,-0.5502745522087364
PCA0405.SG,Poland,Poland_Santok_IA.SG,696.0,0.073267675936222,-0.17190574645282788,1.8635750591605724,-0.5863657127119101
PCA0408.SG,Poland,Poland_Santok_IA.SG,850.0,0.0864297449588775,-0.13326797890240025,1.8552034547868566,-0.4430215810269398
PCA0410.SG,Poland,Poland_Santok_IA.SG,850.0,0.0817566365003585,-0.16750211054767156,1.8855067393422535,-0.5185163470057716
PCA0411.SG,Poland,Poland_Santok_IA.SG,850.0,0.1076533645391464,-0.18447294429591216,1.8404458566120403,-0.5591075065929776
PCA0412.SG,Poland,Poland_Santok_IA.SG,850.0,0.0547025874257087,-0.15879477289653213,1.8357445713629743,-0.48645268832017347
PCA0420.SG,Poland,Poland_Santok_IA.SG,850.0,0.0587228201329708,-0.213488296156175,1.883517451209341,-0.5122467344603264
PCA0422.SG,Poland,Poland_Santok_IA.SG,850.0,0.0590967014431953,-0.1833567197578192,1.8688974740001236,-0.5395759299905079
PCA0425.SG,Poland,Poland_Santok_IA.SG,850.0,0.0745069161057472,-0.17268093213349908,1.8587858710195357,-0.538603753974222
PCA0426.SG,Poland,Poland_Santok_IA.SG,844.0,0.1050005182623863,-0.15940615988939275,1.8631409328174906,-0.43892282389064374
PCA0427.SG,Poland,Poland_Santok_IA.SG,850.0,0.0537626110017299,-0.22352126449679374,1.868644881237669,-0.5725622382380937
PCA0451.SG,Poland,Poland_Czarnowko_Wielbark_IA.SG,1750.0,0.0643869936466217,-0.21881611074899074,1.8816589023730588,-0.5554712894491233
PCA0452.SG,Poland,Poland_Czarnowko_Wielbark_IA.SG,1750.0,0.0892229005694389,-0.15747531168689333,1.8293239379233501,-0.5117164129457599
PCA0472.SG,Poland,Poland_PruszczGdanski_Wielbark_IA.SG,1750.0,0.1066931188106536,-0.20356592639822493,1.7801595070047804,-0.5515185574408012
PCA0475.SG,Poland,Poland_PruszczGdanski_Wielbark_IA.SG,1750.0,0.085770383477211,-0.2464065486255471,1.8623474783984184,-0.519662883408686
PCA0476.SG,Poland,Poland_PruszczGdanski_Wielbark_IA.SG,1750.0,0.057751215994358,-0.14537665012766485,1.8196222054082838,-0.4374562162570242
PCA0477.SG,Poland,Poland_PruszczGdanski_Wielbark_IA.SG,1750.0,0.0594762600958347,-0.1738004956652816,1.9186994103079384,-0.47837532782631853
PCA0478.SG,Poland,Poland_PruszczGdanski_Wielbark_IA.SG,1750.0,0.1508629620075225,-0.2285053794577725,1.8928068461447978,-0.5338536909325104
PCA0479.SG,Poland,Poland_PruszczGdanski_Wielbark_IA.SG,1750.0,0.1161471903324127,-0.24268905704159363,1.9132753477137745,-0.4673827323070286
PCA0480.SG,Poland,Poland_PruszczGdanski_Wielbark_IA.SG,1750.0,0.056932084262371,-0.1746274389303269,1.886952610450653,-0.501142781169496
PCA0483.SG,Poland,Poland_PruszczGdanski_Wielbark_IA.SG,1750.0,0.0745385512709617,-0.21422264862781668,1.8684395959497901,-0.5191883723484613
PCA0486.SG,Poland,Poland_PruszczGdanski_Wielbark_IA.SG,1750.0,0.1172363981604576,-0.14722223732280185,1.8926073632035891,-0.5167656998272095
PCA0487.SG,Poland,Poland_PruszczGdanski_Wielbark_IA.SG,1750.0,0.0825636088848114,-0.23438887550416135,1.8951376919452394,-0.5260200561214593
PCA0488.SG,Poland,Poland_PruszczGdanski_Wielbark_IA.SG,1750.0,0.0674023702740669,-0.17518543320127958,1.8431166696305958,-0.4834268325374877
PCA0492.SG,Poland,Poland_PruszczGdanski_Wielbark_IA.SG,1750.0,0.1155186519026756,-0.15851972060683078,1.843123860289816,-0.48059538024284326
PCA0493.SG,Poland,Poland_PruszczGdanski_Wielbark_IA.SG,1750.0,0.1033111587166786,-0.13975361891136368,1.936690547537101,-0.5323734662731086
PCA0495.SG,Poland,Poland_PruszczGdanski_Wielbark_IA.SG,1750.0,0.0738994628190994,-0.1747277707920098,1.9218639385030665,-0.5490043902045287
PCA0497.SG,Poland,Poland_PruszczGdanski_Wielbark_IA.SG,1750.0,0.0611639954149723,-0.13089146027595863,1.8172453636994679,-0.5492041382738977
PCA0498.SG,Poland,Poland_PruszczGdanski_Wielbark_IA.SG,1750.0,0.153696671128273,-0.1529984447199059,1.8546492627720055,-0.5252523325502004
PCA0499.SG,Poland,Poland_PruszczGdanski_Wielbark_IA.SG,1750.0,0.0973850265145301,-0.14318271721947048,1.8512807401971547,-0.5534223091076236
PCA0513.SG,Poland,Poland_Milicz_IA.SG,850.0,0.0540399812161922,-0.21776673142320735,1.9048799565543624,-0.5194489623983785
PCA0518.SG,Poland,Poland_Poznan_IA.SG,850.0,0.059140495955944,-0.17988768387227191,1.9077792020090072,-0.4911492767469768
PCA0541.SG,Poland,Poland_Milicz_IA.SG,850.0,0.1077871844172477,-0.14591343865026474,1.797488315783534,-0.49504568927421777
PCA0548.SG,Poland,Poland_Poznan_IA.SG,850.0,0.0570756345987319,-0.2294454914803894,1.88773847497924,-0.4700841153662803
PCA0549.SG,Poland,Poland_Poznan_IA.SG,850.0,0.0986842811107635,-0.2254044643296477,1.827691200459417,-0.4795503577677091
PCA0550.SG,Poland,Poland_Balczewo_IA.SG,850.0,0.0668857470154762,-0.16679447718980553,1.8912778930179421,-0.4936607252975805
PCA0551.SG,Poland,Poland_Balczewo_IA.SG,850.0,0.1199906244874,-0.13833995925114442,1.8626657271435736,-0.4921665897168886
I33811.TW,Croatia,Croatia_LateAntiquity.TW,1550.0,0.7620211839675903,0.8333296461365494,-0.009292619117644946,0.7089084343862195
hoe001.SG,France,France_Mesolithic.SG,7187.0,0.095535896718502,-0.9517918310068916,-0.8243920157934351,-0.4283484860603506
hoe002.SG,France,France_Mesolithic.SG,7216.0,0.9243324995040894,-0.9231911101194472,-0.7118912361575026,-0.3454115233779738
hoe003.SG,France,France_Mesolithic.SG,7500.0,0.9985361099243164,-0.9058822347514536,-0.6445882092028755,-0.3759140125554136
hoe004.SG,France,France_Mesolithic.SG,7248.0,0.9352756142616272,-0.941524583692135,-0.6902547649269405,-0.37734692479306803
hoe005.SG,France,France_Mesolithic.SG,7324.0,0.9686629176139832,-0.8966486499057678,-0.6918489432419688,-0.3585207446608093
stp001.SG,France,France_Mesolithic.SG,8119.0,0.999394953250885,-0.8772591724249883,-0.7019746242866324,-0.37642187233626345
tev001.SG,France,France_Mesolithic.SG,7353.0,0.7529474496841431,-0.9244662235651557,-0.772719006929208,-0.410579998699484
tev003.SG,France,France_Mesolithic.SG,7402.0,0.998803734779358,-0.9372851327935714,-0.7460717128872382,-0.3885402268798722
LEU007.AG,Germany,Germany_EBA_Unetice.AG,3779.0,0.6095994114875793,-0.32366821070834617,-0.2002891327894208,0.7541749738763577
LEU017.AG,Germany,Germany_EBA_Unetice.AG,3900.0,0.5224340558052063,-0.41792375972303375,-0.14271212434199676,0.7250846917064077
LEU018.AG,Germany,Germany_EBA_Unetice.AG,3900.0,0.5075193643569946,-0.3580845658606779,-0.2276010714144223,0.7731766559111276
LEU021.AG,Germany,Germany_EBA_Unetice.AG,3900.0,0.2084608972072601,-0.31819242269426773,-0.19242031233590903,0.7471200205677545
LEU023.AG,Germany,Germany_EBA_Unetice.AG,4033.0,0.4777905941009521,-0.4222281997866328,-0.23108155324739182,0.7179753050387093
LEU024.AG,Germany,Germany_EBA_Unetice.AG,3900.0,0.6268198490142822,-0.3414683363359119,-0.2105977781631489,0.7967604364339791
LEU025.AG,Germany,Germany_EBA_Unetice.AG,3900.0,0.4057726860046386,-0.3474608981091765,-0.22192051043030012,0.7956129911173427
LEU02651.AG,Germany,Germany_EBA_Unetice.AG,3900.0,0.6318822503089905,-0.3629441514315618,-0.24234520974874746,0.782300055932664
LEU026.AG,Germany,Germany_EBA_Unetice.AG,3900.0,0.6125426292419434,-0.32380979696463424,-0.1980534073652667,0.8013685259115044
LEU027.AG,Germany,Germany_EBA_Unetice.AG,3842.0,0.6342998743057251,-0.403240722395147,-0.23999498592975502,0.7919312813999746
LEU029.AG,Germany,Germany_EBA_Unetice.AG,3900.0,0.2722801864147186,-0.3328234231359514,-0.20194653717941638,0.824881966188384
LEU008.AG,Germany,Germany_EBA_Unetice.AG,3900.0,0.3351010978221893,-0.33900233274689323,-0.13862357121470525,0.7297548467917228
LEU030.AG,Germany,Germany_EBA_Unetice.AG,3900.0,0.0712522864341735,-0.3712679602323353,-0.19742550016461005,0.8404442740925516
LEU031.AG,Germany,Germany_EBA_Unetice.AG,4001.0,0.3996600210666656,-0.33202344894738667,-0.15950423012006157,0.8043110689891015
LEU032.AG,Germany,Germany_EBA_Unetice.AG,3900.0,0.3072652220726013,-0.3648944921731304,-0.222429681816892,0.7711176070935732
LEU033.AG,Germany,Germany_EBA_Unetice.AG,3900.0,0.0898717194795608,-0.3413741748150474,-0.22203418039073855,0.7721781668848718
LEU034.AG,Germany,Germany_EBA_Unetice.AG,3900.0,0.0849772095680236,-0.37752896206810843,-0.2053418855129383,0.8373894071896844
LEU035.AG,Germany,Germany_EBA_Unetice.AG,3900.0,0.2015445083379745,-0.3907039647813483,-0.2004590471330359,0.799966217126012
LEU036.AG,Germany,Germany_EBA_Unetice.AG,4045.0,0.073123313486576,-0.3776404847645993,-0.19568438002248012,0.7379879353602385
LEU037.AG,Germany,Germany_EBA_Unetice.AG,3900.0,0.0790535062551498,-0.3291504147363903,-0.1643655566443453,0.8008524559110554
LEU038.AG,Germany,Germany_EBA_Unetice.AG,4046.0,0.5620086789131165,-0.35514843649761474,-0.15291089946375827,0.7529424654351804
LEU039.AG,Germany,Germany_EBA_Unetice.AG,3900.0,0.6764154434204102,-0.3758727803649351,-0.23969653297152343,0.7473559742474141
LEU009.AG,Germany,Germany_EBA_Unetice.AG,3900.0,0.5363244414329529,-0.3334316121541191,-0.2442641686464879,0.77141491054851
LEU040.AG,Germany,Germany_EBA_Unetice.AG,3900.0,0.4994781017303467,-0.36266054844063245,-0.2252200249294049,0.6919777587821287
LEU041.AG,Germany,Germany_EBA_Unetice.AG,4052.0,0.7061028480529785,-0.34451660078445584,-0.19463083207364967,0.7922164338594068
LEU044.AG,Germany,Germany_EBA_Unetice.AG,3900.0,0.4994107782840729,-0.36270502544248007,-0.22797794575915772,0.7498700987602844
LEU046.AG,Germany,Germany_EBA_Unetice.AG,3900.0,0.615145206451416,-0.4026620111736006,-0.23429400638954428,0.7853441056156716
LEU050.AG,Germany,Germany_EBA_Unetice.AG,4064.0,0.3731428682804107,-0.3633574023273654,-0.1814570854655749,0.7663240484476611
LEU051.AG,Germany,Germany_EBA_Unetice.AG,3900.0,0.0719132721424102,-0.3863849960873901,-0.21932181206395965,0.783322090083286
LEU052.AG,Germany,Germany_EBA_Unetice.AG,3900.0,0.6170908212661743,-0.39049810148180814,-0.2241084673803656,0.7914062193067342
LEU053.AG,Germany,Germany_EBA_Unetice.AG,3961.0,0.3314133882522583,-0.3751090506254246,-0.17456860414815883,0.7874186081781555
LEU055.AG,Germany,Germany_EBA_Unetice.AG,3900.0,0.5974406003952026,-0.38224539269761293,-0.18199942130104,0.7994004792371366
LEU056.AG,Germany,Germany_EBA_Unetice.AG,3900.0,0.3996705710887909,-0.4042590589369145,-0.2313666938843436,0.7817850383848194
LEU010.AG,Germany,Germany_EBA_Unetice.AG,4026.0,0.5922354459762573,-0.3790036041498155,-0.1944058886166388,0.8202805167058033
LEU057.AG,Germany,Germany_EBA_Unetice.AG,4022.0,0.4880037903785705,-0.40928019074759575,-0.21839557065718224,0.7754218499055002
LEU058.AG,Germany,Germany_EBA_Unetice.AG,4054.0,0.5199969410896301,-0.39455744731101533,-0.2226171379149876,0.7612518415991413
LEU059.AG,Germany,Germany_EBA_Unetice.AG,3896.0,0.6084818243980408,-0.3058607769506092,-0.20902802452270128,0.7729076856235697
LEU060.AG,Germany,Germany_EBA_Unetice.AG,3911.0,0.5184316635131836,-0.39350176910491913,-0.1734432525302573,0.781385990287389
LEU061.AG,Germany,Germany_EBA_Unetice.AG,3900.0,0.4153094887733459,-0.3054432138310471,-0.2071778115282881,0.7451980213529962
LEU063.AG,Germany,Germany_EBA_Unetice.AG,3900.0,0.470640629529953,-0.33234265601256424,-0.15837899911551603,0.8574964124368727
LEU064.AG,Germany,Germany_EBA_Unetice.AG,4019.0,0.2932872474193573,-0.3949684228765667,-0.2044135423139575,0.7528727504257645
LEU065.AG,Germany,Germany_EBA_Unetice.AG,4028.0,0.5679096579551697,-0.3751355950507797,-0.18772421393649172,0.7555272048131114
LEU011.AG,Germany,Germany_EBA_Unetice.AG,4012.0,0.6332293152809143,-0.35085091062437596,-0.18936388628849216,0.7820796056914581
LEU012.AG,Germany,Germany_EBA_Unetice.AG,3900.0,0.6403030753135681,-0.3772383463588405,-0.19686998453345317,0.7935198896235565
LEU013.AG,Germany,Germany_EBA_Unetice.AG,4105.0,0.5484645962715149,-0.3009287774371655,-0.21075640514493704,0.7501236779850129
LEU014.AG,Germany,Germany_EBA_Unetice.AG,4071.0,0.5851803421974182,-0.380482257488917,-0.22784108314801924,0.7667492857118519
LEU015.AG,Germany,Germany_EBA_Unetice.AG,4028.0,0.5134609341621399,-0.35509847675548045,-0.17365353545889783,0.788561095062271
LEU016.AG,Germany,Germany_EBA_Unetice.AG,4033.0,0.5762355923652649,-0.259660924792696,-0.18613980640972763,0.8434615644395881
WOL001.AG,Austria,Austria_Mesolithic_contam.AG,8784.0,0.1756575107574463,0.5722645101578692,-0.6200017205295615,-0.130735858842712
AC16.AG,Italy,Italy_Epigravettian.AG,12756.0,0.9338717460632324,-0.18842566098982266,-0.6639732580810612,0.35862984115711544
DOB001.AG,Germany,Germany_Mesolithic.AG,9483.0,0.7449507713317871,-0.44648209525223104,-0.18044602330583215,0.6061905774295749
DOG001.AG,Netherlands,Netherlands_Doggerland_Mesolithic.AG,9592.0,0.4720655679702759,-1.2219607251367661,0.10612947959097128,-0.18579161256555277
DOG002.AG,Netherlands,Netherlands_Doggerland_Mesolithic.AG,10247.0,0.3651916086673736,-1.2296470177231067,0.10555522639783263,-0.20739915993703772
DOG007.AG,Netherlands,Netherlands_Doggerland_Mesolithic.AG,9380.0,0.5781123042106628,-1.1969362949507554,0.08902970372964092,-0.17221237991603036
DON005.AG,Lithuania,Lithuania_Mesolithic_contam.AG,8373.0,0.2456316351890564,-0.5360668049130034,0.2643973106128246,0.11334624428271349
DRI001.AG,Germany,Germany_Mesolithic.AG,7144.0,0.6746336221694946,-0.3819325352938436,-0.1844381982188495,0.7076716151134589
FRL006.AG,France,France_Gravettian_contam.AG,28725.0,0.5103433728218079,-0.8617430447148775,-0.84795383859345,-0.4326099625436647
FRL006_d.AG,France,France_Gravettian.AG,28725.0,0.1830191612243652,-0.924947464025944,-0.8393242134613174,-0.47378511769919446
FRM001.AG,France,France_Mesolithic.AG,9964.0,0.0929682031273841,-0.9904877582179183,-0.8042136986703902,-0.4344020061892917
GFW001.AG,Germany,Germany_Mesolithic.AG,7771.0,0.4523691236972809,-0.4023511675398032,-0.22328164630174493,0.6898955556390874
GFW002.AG,Germany,Germany_Mesolithic.AG,7878.0,0.6390321850776672,-0.4087058055324019,-0.15132889701386174,0.7567101256706635
GFW003.AG,Germany,Germany_Mesolithic.AG,7878.0,0.5337778329849243,-0.3947072447789759,-0.1763682712234888,0.7284820958752145
GFW004.AG,Germany,Germany_Mesolithic.AG,8376.0,0.5679364204406738,-0.4098088508292829,-0.1817604980229452,0.7272253818717695
AMI002.AG,Spain,Spain_Mesolithic.AG,7129.0,0.2481385022401809,-1.0782366829676915,-2.2288390220883563,-1.1567131604711485
GFW005.AG,Germany,Germany_Mesolithic.AG,7046.0,0.7877200245857239,-0.36688333416262675,-0.1540893552573242,0.7010389088141449
GFW007.AG,Germany,Germany_Mesolithic.AG,7994.0,0.4518103301525116,-0.3921316482333457,-0.23177348221240937,0.7114972271317644
GFW008.AG,Germany,Germany_Mesolithic.AG,7975.0,0.0914856567978859,-0.3956787072483898,-0.23342553752516937,0.7552366630539421
GOY009.AG,Belgium,Belgium_Gravettian_contam.AG,26150.0,0.216369166970253,0.008321088470095077,-0.1765990600471858,-0.19197013752995
GOY014.AG,Belgium,Belgium_Gravettian.AG,27926.0,0.1612983793020248,0.06731706893153114,-0.15834763333962937,-0.20790486511130668
IGR001.AG,Ukraine,Ukraine_Igren_N.AG,7565.0,0.5596656203269958,-0.0813466508851592,1.3794462965507719,0.18643516349003356
BRM001.AG,Germany,Germany_LN_oOberkassel2_contam.AG,5789.0,0.0872423872351646,-0.30583551692764627,-0.23179203364281212,0.7067336441172225
KVH001.AG,Russia,Russia_Mesolithic_Veretye.AG,8373.0,0.0807469189167022,-0.08702255877515917,0.6935281570510107,-0.2993988200761495
MN2003.AG,Russia,Russia_Minino_Mesolithic.AG,10526.0,0.5289903879165649,-0.16757664351885557,0.6897513013052432,-0.24173241302230805
MNN004.AG,Russia,Russia_Minino_Mesolithic.AG,7589.0,0.0848182439804077,-0.11085003959262091,0.7142747895436306,-0.28205796669592814
MNN005.AG,Russia,Russia_Minino_Mesolithic.AG,10499.0,0.8708399534225464,-0.17744135432433808,0.7290721789688348,-0.21652672755637545
MNN006.AG,Russia,Russia_Minino_Mesolithic.AG,10657.0,0.6054072380065918,-0.16418419686617958,0.7035742375361415,-0.23829109629342302
MNN007.AG,Russia,Russia_Minino_Mesolithic.AG,10916.0,0.1589488536119461,-0.14032091199186678,0.7041080306130085,-0.263045365313514
MPR001.AG,Belgium,Belgium_Mesolithic.AG,10451.0,0.8491500020027161,-0.039112802868217736,-0.13669084492243871,-0.14660573514627137
CRN001.AG,Spain,Spain_Mesolithic.AG,7895.0,0.6119959950447083,-1.1053697411747914,-2.2390163737499438,-1.1738644715197606
OKL001.AG,Germany,Germany_LMagdalenian_Federmesser.AG,13958.0,0.7244554758071899,-0.40149429222472804,-0.25299232131918886,0.6623774585156491
OKL002.AG,Germany,Germany_LMagdalenian_Federmesser.AG,13433.0,0.5607799887657166,-0.4012402418998193,-0.26243125863321226,0.662935031155567
OST001.AG,Germany,Germany_LN_oOberkassel1.AG,5397.0,0.1344649195671081,-0.46350658135498457,-0.2053771653826737,0.7002388088625304
OST003.AG,Germany,Germany_LN_oOberkassel1.AG,5172.0,0.5833701491355896,-0.39680059974794735,-0.2266369351599829,0.7085489961313916
CRN002.AG,Spain,Spain_Mesolithic_contam.AG,7938.0,0.6543012857437134,-1.098657068191717,-2.255366586979281,-1.2021012715412105
CRN002_d.AG,Spain,Spain_Mesolithic.AG,7938.0,0.2127528190612793,-1.0941293910721368,-2.239357326779446,-1.1860159304482034
PRD001.AG,Italy,Italy_Epigravettian_contam.AG,12991.0,0.2042622417211532,-0.07304119919009558,-0.6756862429549229,0.35394599470204724
RIP001.AG,Italy,Italy_Epigravettian_contam.AG,16736.0,0.5505724549293518,-0.13451472787885302,-0.6080348771455999,0.33022417492678197
STO001.AG,Italy,Italy_Sicily_Epigravettian.AG,13450.0,0.7968131899833679,-0.18835601384944553,-0.5887525717396229,0.31643198161535024
UOO012.AG,Russia,Russia_YuzhniyOleniyOstrov_Mesolithic.AG,8125.0,0.4220450222492218,-0.1597411517519106,0.6429508423664116,-0.23029050859622427
CRW001.AG,Germany,Germany_Mesolithic.AG,6712.0,0.4884766042232513,-0.3710507952125796,-0.2082223243430621,0.7462066722877179
UOO033.AG,Russia,Russia_YuzhniyOleniyOstrov_Mesolithic.AG,8296.0,0.7324602603912354,-0.1913982734210929,0.6625757851333399,-0.21469223213129787
UOO049.AG,Russia,Russia_YuzhniyOleniyOstrov_Mesolithic.AG,7977.0,0.2076239287853241,-0.12716701623470106,0.6932733272990351,-0.2762151425467986
UOO051.AG,Russia,Russia_YuzhniyOleniyOstrov_Mesolithic.AG,8125.0,0.0603829808533191,-0.18317716248772692,0.7322487299560971,-0.2630920661623208
UOO052.AG,Russia,Russia_YuzhniyOleniyOstrov_Mesolithic.AG,8125.0,0.3938287794589996,-0.15224151644205364,0.6893367634121963,-0.2520333678464558
UOO059.AG,Russia,Russia_YuzhniyOleniyOstrov_Mesolithic.AG,8125.0,0.1944245547056198,-0.1321386789014614,0.746754853780858,-0.2934746787700003
VO1001.AG,Ukraine,Ukraine_N_contram.AG,7458.0,0.1403626799583435,-0.046709113211656425,1.3785212235584754,0.17024263837564868
VO1003.AG,Ukraine,Ukraine_N_contram.AG,7458.0,0.4551987648010254,-0.06100145216032916,1.360220463440653,0.18533561713179264
VO1005.AG,Ukraine,Ukraine_N.AG,7458.0,0.1140912547707557,-0.03954680122991046,1.4031208776459967,0.17293945638234656
VO2001.AG,Ukraine,Ukraine_N.AG,7531.0,0.549675464630127,-0.07316350142908584,1.409027240229063,0.19586023930385918
VSL002.AG,Ukraine,Ukraine_Mesolithic.AG,10483.0,0.4089324176311493,-0.07197549145004178,1.3534110491084979,0.17321626601058707
VSL003.AG,Ukraine,Ukraine_Mesolithic_contam.AG,10358.0,0.1301162242889404,-0.06849717486649168,1.3656254218535029,0.18716185003709923
VSL004.AG,Ukraine,Ukraine_Mesolithic_contam.AG,10358.0,0.2756872773170471,-0.09113378804968793,1.3370672958063816,0.16158724917864314
WCX002.AG,Belgium,Belgium_Mesolithic_contam.AG,10495.0,0.3158101439476013,-0.027267992170291026,-0.15455804570583384,-0.19673496320731493
WCX002_d.AG,Belgium,Belgium_Mesolithic.AG,10495.0,0.058682270348072,0.02453180789513272,-0.16429701996605237,-0.17355888870057168
WCX004.AG,Belgium,Belgium_Mesolithic_contam.AG,10471.0,0.1446837931871414,0.03768291664917077,-0.17811005272849717,-0.16750917236204843
nalchik2023.SG,Russia,Russia_Nalchik_E.SG,6975.0,0.4128707349300384,-0.14093321509393394,0.7451761170600115,-0.27815853051583933
HNJ002.AG,Hungary,Hungary_MiddleAvar.AG,1250.0,0.8512213826179504,1.6993454045122056,0.2531321521414667,-1.0585584205610628
HNJ003.AG,Hungary,Hungary_MiddleAvar.AG,1250.0,0.7757071256637573,1.7210664058385277,0.015432370630693332,-1.0916639052560868
HNJ004.AG,Hungary,Hungary_MiddleAvar.AG,1250.0,0.3498065173625946,1.7678896864699836,0.05509381072032732,-1.0697887532885162
HNJ006.AG,Hungary,Hungary_MiddleAvar.AG,1250.0,0.1148463189601898,1.6699455336087026,0.04453662994776223,-0.9939197979764532
HNJ007.AG,Hungary,Hungary_MiddleAvar.AG,1250.0,0.1663737595081329,1.6759808026161096,0.08495374335701461,-1.0178724496061875
HNJ008.AG,Hungary,Hungary_MiddleAvar.AG,1250.0,0.1493642032146453,1.6773956404117927,0.1118219076945013,-1.038723630791245
HNJ010.AG,Hungary,Hungary_MiddleAvar.AG,1250.0,0.7846251130104065,1.715012559536852,0.13970168768012353,-0.9159305908393545
HNJ011.AG,Hungary,Hungary_MiddleAvar.AG,1283.0,0.6226998567581177,1.6750579299601773,0.02640586108953904,-1.0129586138167601
HNJ012.AG,Hungary,Hungary_MiddleAvar.AG,1250.0,0.7049155235290527,1.684852116125887,0.07616404529187733,-0.9846230845927254
HNJ013.AG,Hungary,Hungary_MiddleAvar.AG,1250.0,0.5009858012199402,1.6692097439810447,0.08881307213923528,-1.0043344496644948
HNJ014.AG,Hungary,Hungary_MiddleAvar.AG,1250.0,0.7244554758071899,1.6703289429166484,0.11292045161731078,-0.9732120524099066
HNJ015.AG,Hungary,Hungary_MiddleAvar.AG,1250.0,0.798690676689148,1.5882325241352169,0.10631039375239917,-0.8811162720875577
HNJ016.AG,Hungary,Hungary_MiddleAvar.AG,1263.0,0.4718141555786133,1.695671191571381,0.08669581894822567,-1.0104443109770205
HNJ025.AG,Hungary,Hungary_MiddleAvar.AG,1250.0,0.8399878740310669,2.0177795229561757,-0.061538216451333415,-1.074781288411324
HNJ026.AG,Hungary,Hungary_MiddleAvar.AG,1250.0,0.8223960399627686,1.5828594575445043,0.20483679110260405,-0.9342892602031608
KFJ001.AG,Hungary,Hungary_LateAvar.AG,1188.0,0.1825422793626785,1.7174263631735947,0.08068108885038784,-0.9946072862632921
KFJ003.AG,Hungary,Hungary_LateAvar.AG,1188.0,0.0768921300768852,1.6369714935046473,0.07294790338265035,-1.1091938170804212
KFJ004.AG,Hungary,Hungary_LateAvar.AG,1188.0,0.8006971478462219,1.4458262457325253,0.17201762323375322,-0.9303271339653343
KFJ005.AG,Hungary,Hungary_LateAvar.AG,1188.0,0.7196314930915833,1.6876064875745793,0.02647408575869732,-1.0791371367186184
KFJ006.AG,Hungary,Hungary_LateAvar.AG,1188.0,0.8420527577400208,1.7731253966601068,-0.016073525472933354,-1.000299393982048
KFJ007.AG,Hungary,Hungary_LateAvar.AG,1188.0,0.8082761764526367,1.8191871350172442,-0.036769669344793934,-1.0602357284995068
KFJ008.AG,Hungary,Hungary_LateAvar.AG,1188.0,0.6016668081283569,1.6199972780239484,0.09908595344702767,-0.9548288268146268
KFJ009.AG,Hungary,Hungary_LateAvar.AG,1188.0,0.6275084018707275,1.657991177076724,0.07089167851266778,-1.0929279586128389
KFJ010.AG,Hungary,Hungary_LateAvar.AG,1188.0,0.7464917302131653,1.7898748290606235,0.014806866098986508,-1.0902734459224352
KFJ011.AG,Hungary,Hungary_MiddleLateAvar.AG,1213.0,0.8841707110404968,1.5962468576958306,0.16377235967799786,-0.9491091151733656
KFJ012.AG,Hungary,Hungary_LateAvar.AG,1188.0,0.8424055576324463,1.8560987843819894,-0.13250776732374503,-1.1403120851832136
KFJ013.AG,Hungary,Hungary_MiddleLateAvar.AG,1213.0,0.8724068403244019,1.6633405368167553,-0.045001950299564275,-0.9778303221105068
KFJ014.AG,Hungary,Hungary_MiddleLateAvar.AG,1213.0,0.4655587673187256,1.6774225070251103,0.06210735307316648,-1.001937221795047
KFJ015.AG,Hungary,Hungary_MiddleLateAvar.AG,1213.0,0.868868350982666,1.736088051019948,-0.07382475869908935,-1.124139666088496
KFJ016.AG,Hungary,Hungary_MiddleLateAvar.AG,1213.0,0.1164294257760047,1.7523258548921452,0.08110305570404502,-1.0175313083716915
KFJ017.AG,Hungary,Hungary_LateAvar.AG,1188.0,0.8748220801353455,1.7559185969715296,-0.0742176818012321,-0.9585272822674813
KFJ018.AG,Hungary,Hungary_LateAvar.AG,1188.0,0.8728131651878357,1.7063484925626258,-0.008617258657471332,-1.001802928507785
KFJ019.AG,Hungary,Hungary_LateAvar.AG,1188.0,0.231490671634674,1.685634739763985,0.0751280050119557,-1.03397287299938
KFJ020.AG,Hungary,Hungary_LateAvar.AG,1188.0,0.5284916162490845,1.7144072666046244,-0.010573431504148523,-1.044735270842592
KFJ021.AG,Hungary,Hungary_LateAvar.AG,1188.0,0.8640695810317993,1.707418769576809,-0.09632336136533674,-1.1660173259455295
KFJ022.AG,Hungary,Hungary_LateAvar.AG,1188.0,0.8555092215538025,1.763242866257327,-0.10612233122803506,-1.0463886886177132
KFJ023.AG,Hungary,Hungary_LateAvar.AG,1188.0,0.7770445346832275,1.6101486336646726,-0.046502442261797367,-1.0995507413097536
KFJ024.AG,Hungary,Hungary_MiddleLateAvar.AG,1213.0,0.672653079032898,1.6238504157246911,0.10318192283731095,-1.072808795442537
KFJ025.AG,Hungary,Hungary_LateAvar.AG,1188.0,0.8513219356536865,1.8061123579961804,0.05727517108926115,-0.9634028942155707
KFJ026.AG,Hungary,Hungary_LateAvar.AG,1188.0,0.2705324292182922,1.643476937687659,0.09361200878621243,-1.0327357050645367
KFJ027.AG,Hungary,Hungary_Avar.AG,1213.0,0.6974897980690002,1.659614251701756,0.0891216724527371,-1.0108504156635105
KFJ028.AG,Hungary,Hungary_MiddleLateAvar.AG,1213.0,0.5698431134223938,1.6428402164737357,0.14844533888644051,-1.0188405827878948
KFJ029.AG,Hungary,Hungary_MiddleLateAvar.AG,1213.0,0.790116548538208,1.6687305295870787,0.06365994575280261,-1.063545957400012
KFJ030.AG,Hungary,Hungary_LateAvar.AG,1188.0,0.6881995797157288,1.7230568966701736,0.022870307111371124,-1.0236808700273643
KFJ031.AG,Hungary,Hungary_Avar.AG,1213.0,0.8077433109283447,1.677504205484932,0.09451862493118848,-0.9303198789514057
KFJ032.AG,Hungary,Hungary_MiddleLateAvar.AG,1213.0,0.8207350373268127,1.501277167838085,0.19754208834475576,-0.8304994596243929
KFJ033.AG,Hungary,Hungary_Avar.AG,1213.0,0.8792129755020142,1.5375439932677994,0.10071237581604352,-0.7959238538732752
KFJ034.AG,Hungary,Hungary_MiddleAvar.AG,1255.0,0.5863547325134277,1.7035235250044727,0.03883634690876686,-0.9754236685896309
KFJ036.AG,Hungary,Hungary_MiddleLateAvar.AG,1213.0,0.8094180822372437,1.543530834163814,0.20217450612008175,-0.8120559579300406
KFJ037.AG,Hungary,Hungary_LateAvar.AG,1188.0,0.4025594294071197,1.7045384965179022,0.07800359944143376,-1.0690269721774692
KFJ038.AG,Hungary,Hungary_MiddleLateAvar.AG,1213.0,0.8326384425163269,1.5297489943594902,0.1295224899074805,-0.8704256891342289
KFJ039.AG,Hungary,Hungary_MiddleLateAvar.AG,1213.0,0.6214386820793152,1.6086595644118784,0.07915390911930875,-0.9592801735275002
KFJ040.AG,Hungary,Hungary_LateAvar.AG,1188.0,0.8314510583877563,1.7516135194176987,-0.14124994608135213,-1.1344821328470858
KFJ041.AG,Hungary,Hungary_LateAvar.AG,1188.0,0.7676374912261963,1.5993864139794622,0.059740250636135625,-0.9811623376771857
KFJ042.AG,Hungary,Hungary_MiddleLateAvar.AG,1213.0,0.3241952955722809,1.702395602447141,0.0443734916894654,-1.018429876890382
KFJ043.AG,Hungary,Hungary_MiddleAvar.AG,1255.0,0.8313294053077698,1.5483498880709168,-0.2224774569350704,-1.0157269189912799
KFJ044.AG,Hungary,Hungary_MiddleLateAvar.AG,1213.0,0.2493517845869064,1.6564500611429487,0.060284453205956455,-1.0181921012509352
KFJ045.AG,Hungary,Hungary_MiddleLateAvar.AG,1213.0,0.8315289616584778,1.656343313517198,-0.1209198122585924,-1.1193072032089944
KFJ046.AG,Hungary,Hungary_Avar.AG,1213.0,0.5499114990234375,1.6832786484432152,0.1405247199064778,-0.9795483380230504
KFJ047.AG,Hungary,Hungary_LateAvar.AG,1188.0,0.8367567658424377,1.7767344609669364,0.024073081855048372,-1.066810166641714
KFJ048.AG,Hungary,Hungary_LateAvar.AG,1188.0,0.8046898245811462,1.736326834395828,-0.15168766030086367,-1.1034318462034907
KFJ049.AG,Hungary,Hungary_LateAvar.AG,1188.0,0.7048417329788208,1.6519729863124712,0.09652452823162658,-1.0865100266561418
KFJ050.AG,Hungary,Hungary_LateAvar.AG,1188.0,0.7028465867042542,1.7286541223312577,0.061370124461276265,-1.083977462382194
KFJ051.AG,Hungary,Hungary_LateAvar.AG,1188.0,0.8108397722244263,1.7630184774406135,0.0575585662166731,-0.9266196282166981
KFJ052.AG,Hungary,Hungary_LateAvar.AG,1188.0,0.7933444380760193,1.544205850740002,0.25721924470984936,-1.0177113279518815
KFJ053.AG,Hungary,Hungary_LateAvar.AG,1188.0,0.8111609816551208,1.73450020103913,0.05423568026237737,-0.9642973583725191
KFJ054.AG,Hungary,Hungary_LateAvar.AG,1188.0,0.1957651674747467,1.6711229845355209,0.11182588756117202,-0.9883256470264656
KUP001.AG,Hungary,Hungary_Avar.AG,1213.0,0.6715444326400757,1.569876670140688,0.12177817398885196,-0.898068841439771
KUP002.AG,Hungary,Hungary_EarlyAvar.AG,1325.0,0.8365961909294128,1.5452355785084544,0.13166527226214428,-0.7845876294042115
KUP003.AG,Hungary,Hungary_EarlyAvar.AG,1325.0,0.6427977681159973,1.7247169870633756,0.14707582654988613,-1.0130446537007476
KUP004.AG,Hungary,Hungary_EarlyAvar.AG,1325.0,0.8193758130073547,1.5251378444526433,0.2311712366972595,-0.8239784387137941
KUP005.AG,Hungary,Hungary_EarlyAvar.AG,1325.0,0.7986112236976624,1.500308627945481,0.1434435310671232,-0.835203226653789
KUP007.AG,Hungary,Hungary_LateAvar.AG,1188.0,0.8070458173751831,1.8098544362505233,-0.014708413747152834,-1.0315782880011053
KUP009.AG,Hungary,Hungary_LateAvar.AG,1188.0,0.6007601022720337,1.6624902727905033,0.13706007164197762,-1.0680770880187138
KUP010.AG,Hungary,Hungary_LateAvar.AG,1188.0,0.6737650036811829,1.7144664951204027,0.09026449988216226,-1.0954395444879068
KUP011.AG,Hungary,Hungary_LateAvar.AG,1188.0,0.810005247592926,1.9085054430914272,0.023733001844362108,-1.1512793480155095
KUP012.AG,Hungary,Hungary_LateAvar.AG,1188.0,0.7687534689903259,1.571919537425553,0.06560048678363757,-1.1566981291489222
KUP014.AG,Hungary,Hungary_Avar.AG,1213.0,0.7891644239425659,1.7519898449692128,0.09448902883930582,-1.0417101748630804
KUP015.AG,Hungary,Hungary_MiddleLateAvar_oEurope.AG,1213.0,0.5481799244880676,1.649284269053765,0.044388327688230124,-1.103650863858775
KUP016.AG,Hungary,Hungary_LateAvar.AG,1188.0,0.8659600615501404,1.5459783691176938,-0.019266196565195133,-1.083859774250422
KUP017.AG,Hungary,Hungary_LateAvar.AG,1188.0,0.808143138885498,1.858745647309749,0.06865196453384367,-1.1195089502745361
KUP018.AG,Hungary,Hungary_LateAvar.AG,1188.0,0.8171479105949402,1.986627613365874,0.032633687416769475,-1.0857876196189797
KUP019.AG,Hungary,Hungary_LateAvar.AG,1188.0,0.6879392266273499,1.7357221338212485,0.14858750124643963,-0.9673015292586776
KUP020.AG,Hungary,Hungary_Avar.AG,1213.0,0.8118576407432556,1.6935026161241682,0.025992131180090142,-0.8533825805190268
KUP021.AG,Hungary,Hungary_Avar.AG,1213.0,0.8249199390411377,1.644295920340692,0.13708391188826322,-1.085218753073139
KUP022.AG,Hungary,Hungary_EarlyAvar.AG,1325.0,0.687042236328125,1.62518799687312,0.07182927547081093,-0.8965657451463206
KUP023.AG,Hungary,Hungary_LateAvar.AG,1188.0,0.7833356261253357,1.8316238933375577,0.05036702940113774,-1.1463773057644504
KUP024.AG,Hungary,Hungary_EarlyAvar.AG,1325.0,0.4947068691253662,1.6227229413771205,0.13353945387361812,-1.0106744077636503
KUP025.AG,Hungary,Hungary_EarlyAvar.AG,1325.0,0.8371720314025879,1.5258545074942107,0.0484353526181804,-0.933764917030714
KUP026.AG,Hungary,Hungary_EarlyAvar.AG,1325.0,0.7393109202384949,1.5649192031681438,0.15471668057708216,-0.8978655134622472
KUP027.AG,Hungary,Hungary_EarlyAvar.AG,1325.0,0.81792813539505,1.5275082301801168,0.19039264523917843,-0.8616589530104727
RKC001.AG,Hungary,Hungary_Avar.AG,1213.0,0.5827975869178772,1.6232799846261488,0.09420379681157819,-1.0472341791470627
RKC002.AG,Hungary,Hungary_MiddleAvar.AG,1175.0,0.8688740730285645,1.809269121011139,-0.02767397148926434,-1.1275701780706895
RKC003.AG,Hungary,Hungary_MiddleAvar.AG,1154.0,0.8814018964767456,1.884094892160517,-0.10195340233604051,-1.0528833085961211
RKC004.AG,Hungary,Hungary_MiddleLateAvar_oEurope.AG,1231.0,0.7597024440765381,1.703124892281169,0.13856241722979953,-0.9947518352647012
RKC005.AG,Hungary,Hungary_LateAvar.AG,1119.0,0.0986218303442001,1.707076107136373,0.11857257968668451,-1.0581354979108464
RKC006.AG,Hungary,Hungary_MiddleLateAvar.AG,1225.0,0.7179096937179565,1.6460638427189656,0.015534276767807494,-1.0125955100778985
RKC007.AG,Hungary,Hungary_MiddleLateAvar.AG,1245.0,0.8237780332565308,1.6645620929455258,0.15730861371850385,-1.0243881093120524
RKC008.AG,Hungary,Hungary_LateAvar.AG,1175.0,0.4749990403652191,1.638930683354287,0.10258970591706165,-0.9648778571493201
RKC009.AG,Hungary,Hungary_LateAvar.AG,1225.0,0.8049136400222778,1.6444794112445784,0.027199052384824268,-1.2238461360271078
RKC010.AG,Hungary,Hungary_LateAvar.AG,1118.0,0.8267001509666443,1.595758520346036,-0.006748737402840082,-1.0397198999531676
RKC011.AG,Hungary,Hungary_LateAvar.AG,1175.0,0.817280113697052,1.7906136690584975,0.2690621057457988,-1.0771366816255716
RKC012.AG,Hungary,Hungary_LateAvar.AG,1229.0,0.8545546531677246,1.8020245083281057,0.12934876331878623,-1.0156346894985184
RKC013.AG,Hungary,Hungary_LateAvar.AG,1175.0,0.7663187384605408,1.8999992731427233,0.11483210979310875,-0.9813452585438399
RKC014.AG,Hungary,Hungary_MiddleLateAvar.AG,1225.0,0.8237934112548828,1.7132010493045826,0.27190672252213816,-1.0617631903849734
RKC015.AG,Hungary,Hungary_LateAvar.AG,1175.0,0.6143285036087036,1.7395097040505212,0.14028849970331672,-1.0488410464243567
RKC016.AG,Hungary,Hungary_MiddleLateAvar.AG,1225.0,0.8549812436103821,1.701222552899385,0.19112306379070684,-0.8540530542293187
RKC017.AG,Hungary,Hungary_MiddleLateAvar.AG,1225.0,0.8285914063453674,1.5362990668028578,0.07534482781098152,-1.0295505781698118
RKC018.AG,Hungary,Hungary_LateAvar.AG,1201.0,0.8618903160095215,1.6299805917347765,0.12250786252724254,-1.2940264756647777
RKC019.AG,Hungary,Hungary_LateAvar.AG,1246.0,0.659171462059021,1.625600537236018,0.10445086435898666,-1.0321279728490451
RKC020.AG,Hungary,Hungary_LateAvar.AG,1175.0,0.8671846985816956,1.5552035557458948,0.09189231165419291,-1.1092729157979961
RKC021.AG,Hungary,Hungary_MiddleLateAvar.AG,1229.0,0.8487550616264343,1.7997679259834458,0.1409079266978624,-0.9935547888805836
RKC022.AG,Hungary,Hungary_MiddleLateAvar.AG,1225.0,0.8248607516288757,1.6165506847413622,0.09048658934943493,-0.9781065438259812
RKC023.AG,Hungary,Hungary_LateAvar.AG,1175.0,0.8631393313407898,1.6837163689918366,0.13798703583814145,-1.1255721987107885
RKC024.AG,Hungary,Hungary_LateAvar.AG,1175.0,0.7100030779838562,1.7169152996989199,0.13343137965824178,-1.0412201388362001
RKC025.AG,Hungary,Hungary_Avar.AG,1213.0,0.0858239158987999,1.630779882112196,0.07201357386305793,-1.0314263242241681
RKC026.AG,Hungary,Hungary_MiddleLateAvar.AG,1225.0,0.792437732219696,1.6924946054069008,0.12538529267709078,-1.2167641769988722
RKC027.AG,Hungary,Hungary_LateAvar.AG,1175.0,0.5283488631248474,1.645962523084609,0.026971072283093492,-1.0748250137444726
RKC028.AG,Hungary,Hungary_MiddleLateAvar.AG,1225.0,0.8712576627731323,1.7479197984743589,0.023675970236194305,-1.1735063132218433
RKC029.AG,Hungary,Hungary_LateAvar.AG,1175.0,0.7412703633308411,1.7922490806453004,0.06541042520873744,-1.065881579949263
RKC030.AG,Hungary,Hungary_MiddleAvar.AG,1175.0,0.6412462592124939,1.706474213238456,0.06333876401188906,-1.0446217504831652
RKC031.AG,Hungary,Hungary_MiddleAvar.AG,1175.0,0.8802129626274109,1.8309420451865923,0.04275176430983215,-1.066487658610498
RKC032.AG,Hungary,Hungary_LateAvar.AG,1193.0,0.8393025994300842,1.6398217347953543,0.14044805033293803,-1.0048649719049398
RKC033.AG,Hungary,Hungary_MiddleAvar.AG,1229.0,0.5304615497589111,1.7434597857211576,0.07208730745684604,-1.0856041842584019
RKC034.AG,Hungary,Hungary_MiddleLateAvar.AG,1225.0,0.2709987759590149,1.674720225999522,0.07832053305977618,-0.9805572420270144
RKC035.AG,Hungary,Hungary_LateAvar.AG,1175.0,0.8514135479927063,1.7973739715736499,0.2557884236262961,-1.084467621469819
RKC036.AG,Hungary,Hungary_MiddleAvar.AG,1175.0,0.6985668540000916,1.7146585793604439,0.06472449974849151,-1.139941740874867
RKC037.AG,Hungary,Hungary_MiddleAvar.AG,1175.0,0.8560282588005066,1.5609388217054663,0.14271192657671983,-1.0336852302714372
RKC038.AG,Hungary,Hungary_MiddleAvar.AG,1228.0,0.8797798752784729,1.892717199352649,0.13973870048634934,-1.0643786472881454
RKC039.AG,Hungary,Hungary_MiddleAvar.AG,1175.0,0.8556333184242249,1.7371227830559366,0.23708488809403788,-1.0609214549367485
RKC040.AG,Hungary,Hungary_MiddleLateAvar.AG,1225.0,0.802269697189331,1.6544823825069237,-0.015889182377520163,-1.1519007248783801
RKC041.AG,Hungary,Hungary_LateAvar.AG,1187.0,0.8307065963745117,1.7491723087111233,-0.044201297895563554,-1.1787270372648815
RKC042.AG,Hungary,Hungary_MiddleAvar.AG,1226.0,0.862589418888092,1.759329134855445,0.07174022995306238,-1.130006302878879
RKC043.AG,Hungary,Hungary_LateAvar.AG,1175.0,0.8682065606117249,1.7127677194882591,0.009067584003069805,-1.1737178558040495
RKC044.AG,Hungary,Hungary_MiddleLateAvar.AG,1225.0,0.2349026352167129,1.6666010988568558,0.05433183677002542,-0.998833724177136
RKC045.AG,Hungary,Hungary_MiddleLateAvar.AG,1225.0,0.8397818803787231,1.7367337131294882,0.14018309416736086,-0.9872239852455403
RKC046.AG,Hungary,Hungary_LateAvar.AG,1175.0,0.8239191174507141,1.6823874700637558,0.1806859908423654,-1.0552602878317299
RKC047.AG,Hungary,Hungary_MiddleAvar.AG,1234.0,0.8162850141525269,1.7875973198750064,0.18110918472456414,-1.0072756265080518
RKC048.AG,Hungary,Hungary_LateAvar.AG,1175.0,0.7583374977111816,1.7784013929392306,0.08259987489223232,-1.0713585558611336
RKC049.AG,Hungary,Hungary_LateAvar.AG,1198.0,0.8338127732276917,1.6704186622079036,-0.03650186455133063,-1.1626534675066829
RKC050.AG,Hungary,Hungary_LateAvar.AG,1175.0,0.814207136631012,1.6551644314429539,0.21073540246641795,-0.8806882588672255
RKC051.AG,Hungary,Hungary_EarlyAvar.AG,1297.0,0.8025681972503662,1.557379632779798,0.05298634024608391,-1.0444890083704794
RKC052.AG,Hungary,Hungary_EarlyAvar.AG,1325.0,0.8403334021568298,1.8160743951063816,0.13401223327636783,-1.1059374548526772
RKF002.AG,Hungary,Hungary_LateAvar.AG,1175.0,0.6914452910423279,1.7698625835184898,0.11254360652166737,-1.1030846853840925
RKF003.AG,Hungary,Hungary_MiddleLateAvar.AG,1225.0,0.704319417476654,1.6398822999807368,0.04743295051157428,-1.1074710715194596
RKF004.AG,Hungary,Hungary_MiddleLateAvar.AG,1225.0,0.682049572467804,1.6655776333737327,0.1373690336773645,-1.0543475357930467
RKF005.AG,Hungary,Hungary_LateAvar.AG,1175.0,0.3077145218849182,1.6589546108496958,0.11715848471082096,-1.0184171948436986
RKF006.AG,Hungary,Hungary_LateAvar.AG,1175.0,0.7018190622329712,1.739433741843053,0.0430987943569715,-1.080978570548595
RKF007.AG,Hungary,Hungary_MiddleLateAvar.AG,1225.0,0.5312174558639526,1.629855863514287,0.08181283569034897,-1.0181571568417036
RKF009.AG,Hungary,Hungary_EarlyAvar.AG,1325.0,0.1183280274271965,1.7169714288778117,0.07531695623419345,-1.0326199691849705
RKF010.AG,Hungary,Hungary_LateAvar.AG,1175.0,0.7335137724876404,1.7028626042608368,0.02851778760812325,-1.1093808440861128
RKF011.AG,Hungary,Hungary_LateAvar.AG,1175.0,0.5622519850730896,1.6735085736889215,0.1094564228436504,-1.0289456682582567
RKF012.AG,Hungary,Hungary_LateAvar.AG,1235.0,0.0933072045445442,1.6975307899656318,0.10364826326537524,-1.1078777497233352
RKF013.AG,Hungary,Hungary_LateAvar.AG,1175.0,0.6174346804618835,1.6952428109866629,0.05378746685933393,-1.011171571051685
RKF014.AG,Hungary,Hungary_LateAvar.AG,1175.0,0.7742262482643127,1.6994421128171067,0.04208239782089459,-1.0954370812906495
RKF015.AG,Hungary,Hungary_LateAvar.AG,1175.0,0.8090904355049133,1.7492449479915397,0.15479138963343494,-0.9994786920296818
RKF016.AG,Hungary,Hungary_LateAvar.AG,1175.0,0.747825026512146,1.714571506274842,0.09909000578067832,-1.035352344882746
RKF017.AG,Hungary,Hungary_LateAvar.AG,1175.0,0.6153179407119751,1.6826401524452617,0.08654461170609844,-1.0858481307231949
RKF018.AG,Hungary,Hungary_LateAvar.AG,1175.0,0.7383596301078796,1.604554984819771,0.1290307404258347,-1.0307452357445244
RKF019.AG,Hungary,Hungary_LateAvar.AG,1287.0,0.3495875597000122,1.6934516981228254,0.06017648304093418,-1.0389467185870054
RKF020.AG,Hungary,Hungary_LateAvar.AG,1175.0,0.7401714324951172,1.6633794875662171,0.11672932893242968,-1.0409618563591454
RKF021.AG,Hungary,Hungary_LateAvar.AG,1175.0,0.6856545805931091,1.6103157628284306,0.06384061620831642,-1.052670347271708
RKF023.AG,Hungary,Hungary_LateAvar.AG,1175.0,0.7464308738708496,1.6108884108417452,0.06993728862068029,-1.0231166612969438
RKF025.AG,Hungary,Hungary_LateAvar.AG,1175.0,0.3803723156452179,1.6800020062978827,0.10023695074415125,-0.9682348417459377
RKF026.AG,Hungary,Hungary_Avar.AG,1213.0,0.8655261397361755,1.6773878497604644,-0.11474600704109313,-1.0515130971763706
RKF027.AG,Hungary,Hungary_Avar.AG,1213.0,0.6978855729103088,1.7356097404461186,0.06586819843538337,-1.0365234001313999
RKF028.AG,Hungary,Hungary_LateAvar.AG,1175.0,0.7110654711723328,1.614405318995993,0.1712441317644637,-1.0613812781365255
RKF029.AG,Hungary,Hungary_MiddleAvar.AG,1175.0,0.792798638343811,1.7193828245124534,0.12849661116410524,-1.1564422159803756
RKF030.AG,Hungary,Hungary_LateAvar.AG,1175.0,0.8189370036125183,1.5971125936254889,0.31723320359976115,-0.9894542979147253
RKF031.AG,Hungary,Hungary_MiddleLateAvar.AG,1225.0,0.8027887940406799,1.745902726385726,0.01569163685686689,-1.1106126276750183
RKF032.AG,Hungary,Hungary_LateAvar.AG,1175.0,0.8176953792572021,1.646001899762434,0.1757789330725616,-0.9881418507442817
RKF033.AG,Hungary,Hungary_LateAvar.AG,1175.0,0.3044355511665344,1.7485273213492676,0.09266873151129244,-1.0270847808287071
RKF034.AG,Hungary,Hungary_LateAvar.AG,1175.0,0.7655304670333862,1.7705065701777838,0.17196285773938072,-1.0455883500123346
RKF035.AG,Hungary,Hungary_Avar.AG,1213.0,0.0553400479257106,1.8047785356969366,0.06019125804673336,-1.1239603864870356
RKF036.AG,Hungary,Hungary_LateAvar.AG,1175.0,0.7066778540611267,1.681538499705193,0.03307057417848501,-1.1141398263302504
RKF037.AG,Hungary,Hungary_MiddleAvar.AG,1175.0,0.8170416951179504,1.909890643189287,0.06636970836625675,-1.2051578533378624
RKF038.AG,Hungary,Hungary_LateAvar.AG,1175.0,0.6117380857467651,1.739337720524254,0.056033245012086876,-1.0792227969691242
RKF039.AG,Hungary,Hungary_MiddleLateAvar.AG,1225.0,0.6001777648925781,1.6690988995063072,0.1606923826615267,-0.9748371557239326
RKF040.AG,Hungary,Hungary_MiddleLateAvar.AG,1225.0,0.489629864692688,1.7133774132668111,0.11519810207724276,-1.0784958161785663
RKF041.AG,Hungary,Hungary_LateAvar.AG,1175.0,0.3228571116924286,1.6948133108705705,0.036797365772204736,-1.018062920371035
RKF042.AG,Hungary,Hungary_MiddleAvar.AG,1230.0,0.7426150441169739,1.7740424778056114,0.05723003807024313,-1.0941577611013469
RKF043.AG,Hungary,Hungary_MiddleLateAvar.AG,1225.0,0.7566660046577454,1.5558622252999625,0.08181551896026859,-0.9617860226627408
RKF044.AG,Hungary,Hungary_MiddleAvar.AG,1175.0,0.7472614049911499,1.6094374382260168,0.19014060956148324,-0.864055539598563
RKF045.AG,Hungary,Hungary_Avar.AG,1213.0,0.4621638357639313,1.67521483531142,0.07029499206616999,-1.0839102622672998
RKF046.AG,Hungary,Hungary_LateAvar.AG,1175.0,0.8675626516342163,1.580609632133917,-0.027032656104587785,-1.0877247341793228
RKF047.AG,Hungary,Hungary_MiddleAvar.AG,1175.0,0.7932252287864685,1.7705595852031313,0.12742536379426717,-1.1441575848255212
RKF048.AG,Hungary,Hungary_EarlyAvar.AG,1325.0,0.2479179054498672,1.6558335532635866,0.1339268090691351,-1.0433348158854914
RKF049.AG,Hungary,Hungary_MiddleAvar.AG,1175.0,0.4752626419067383,1.697910502319174,0.07659637090885563,-1.0402070555170704
RKF050.AG,Hungary,Hungary_EarlyAvar.AG,1325.0,0.4998138844966888,1.756217550463319,0.07855730198184965,-0.9382479527855597
RKF051.AG,Hungary,Hungary_Avar.AG,1213.0,0.8364980816841125,1.890632582995175,-0.12892952234872138,-1.069293738128175
RKF052.AG,Hungary,Hungary_EarlyAvar.AG,1325.0,0.6854072213172913,1.7922370783952606,0.07981465697260541,-1.0771889862253012
RKF053.AG,Hungary,Hungary_EarlyAvar.AG,1325.0,0.7512645721435547,1.6687814593418535,-0.015253580016762332,-1.0754470513588132
RKF054.AG,Hungary,Hungary_EMiddleAvar.AG,1300.0,0.8022900223731995,1.6262725291895967,-0.20114293650410794,-1.2020163413328464
RKF055.AG,Hungary,Hungary_EMiddleAvar.AG,1300.0,0.702747642993927,1.7037498376105948,0.13066708253135687,-1.051504106163658
RKF056.AG,Hungary,Hungary_EarlyAvar.AG,1365.0,0.060136429965496,1.6655205007183342,0.10638253349697818,-1.0632812938342955
RKF057.AG,Hungary,Hungary_EMiddleAvar.AG,1300.0,0.7323532104492188,1.7110005852120722,0.029623030887815746,-1.0808633146007582
RKF059.AG,Hungary,Hungary_EarlyAvar.AG,1325.0,0.0600301846861839,1.6756285556411212,0.0632109694679646,-1.064760670874523
RKF060.AG,Hungary,Hungary_EarlyAvar.AG,1325.0,0.1534111946821212,1.6848919053502482,0.0857205712793385,-1.0579055949856229
RKF061.AG,Hungary,Hungary_EarlyAvar.AG,1325.0,0.6178726553916931,1.7052548269195051,0.11365238746506444,-1.0194547307746615
RKF062.AG,Hungary,Hungary_EarlyAvar.AG,1341.0,0.5089395046234131,1.7248199448983061,0.07325776725961769,-1.0158544871199784
RKF063.AG,Hungary,Hungary_MiddleAvar.AG,1175.0,0.7559547424316406,1.7731298314998587,0.169996783171601,-0.9889985971614076
RKF064.AG,Hungary,Hungary_MiddleLateAvar.AG,1228.0,0.4865739345550537,1.7264794269763244,0.08223795219000461,-1.0627112723871135
RKF066.AG,Hungary,Hungary_EarlyAvar.AG,1325.0,0.7445801496505737,1.6093666833027203,0.040723771204190205,-1.0476503216273676
RKF067.AG,Hungary,Hungary_EarlyAvar.AG,1325.0,0.6390483975410461,1.702313477369017,0.1536699601313736,-1.0074095530904326
RKF068.AG,Hungary,Hungary_MiddleAvar.AG,1175.0,0.0783608928322792,1.691542393093834,0.05993821706604202,-1.0683997708349056
RKF069.AG,Hungary,Hungary_EarlyAvar.AG,1328.0,0.6058427691459656,1.6808082063611032,0.022390389281086095,-1.0638131890166638
RKF071.AG,Hungary,Hungary_EarlyAvar.AG,1343.0,0.1106622591614723,1.6956512597645201,0.050040322661589795,-1.063895931313032
RKF072.AG,Hungary,Hungary_EMiddleAvar.AG,1300.0,0.7021118402481079,1.774203756912701,0.093947411570784,-1.0625688411420648
RKF073.AG,Hungary,Hungary_MiddleAvar.AG,1226.0,0.0708200186491012,1.665642772009862,0.09858173733170995,-1.034312387523302
RKF074.AG,Hungary,Hungary_EarlyAvar.AG,1324.0,0.7123339176177979,1.6599227423236866,0.19858946931882682,-1.0515387597093984
RKF076.AG,Hungary,Hungary_EarlyAvar.AG,1321.0,0.5780482292175293,1.6794503792037745,0.07740123661107667,-1.0884118833428733
RKF077.AG,Hungary,Hungary_EarlyAvar.AG,1325.0,0.4378794133663177,1.6718730603843548,0.09484662127573434,-1.0220342757900993
RKF078.AG,Hungary,Hungary_EarlyAvar.AG,1325.0,0.5355101823806763,1.7363558915935489,0.06519081420510237,-1.0195414340792297
RKF079.AG,Hungary,Hungary_MiddleLateAvar.AG,1225.0,0.1759097427129745,1.7165746964801178,0.09646966771369571,-1.1237144016552998
RKF080.AG,Hungary,Hungary_Avar.AG,1213.0,0.5865631699562073,1.6458763897344963,0.09849058499943084,-1.0504693493194912
RKF081.AG,Hungary,Hungary_EarlyAvar.AG,1325.0,0.5402165055274963,1.7089653439838832,0.10759450991701029,-1.1115493969675383
RKF083.AG,Hungary,Hungary_MiddleAvar.AG,1175.0,0.4065058529376983,1.7016422493265715,0.12812501551398,-1.0396148671140841
RKF084.AG,Hungary,Hungary_Avar.AG,1213.0,0.7207944989204407,1.6359172653108398,0.1532988026713708,-1.0103564380674073
RKF087.AG,Hungary,Hungary_EarlyAvar.AG,1325.0,0.0877022370696067,1.6862047157424405,0.13071962458239988,-1.016811149829428
RKF088.AG,Hungary,Hungary_MiddleAvar.AG,1175.0,0.6758185029029846,1.777066974450702,0.12813805999169994,-1.0410052791451578
RKF089.AG,Hungary,Hungary_EMiddleAvar.AG,1300.0,0.7692221999168396,1.5843181555488088,0.02628025881008525,-1.0130922167654242
RKF090.AG,Hungary,Hungary_LateAvar.AG,1175.0,0.1895121932029724,1.7037064735493104,0.06439923373734123,-1.1024523044972505
RKF091.AG,Hungary,Hungary_EMiddleAvar.AG,1300.0,0.7782513499259949,1.6313917380897702,-0.11041576998399917,-1.051588099079797
RKF092.AG,Hungary,Hungary_LateAvar.AG,1175.0,0.5357080698013306,1.7341509845595755,0.11436066801089467,-1.138580784144897
RKF093.AG,Hungary,Hungary_EMiddleAvar.AG,1300.0,0.0851385965943336,1.6456702132126333,0.03323793767153804,-1.0348872861721696
RKF094.AG,Hungary,Hungary_Avar.AG,1213.0,0.1013525426387786,1.6521799872416871,0.11399667738368027,-1.0093362638578909
RKF095.AG,Hungary,Hungary_LateAvar.AG,1175.0,0.7547844052314758,1.6706792172679328,0.016801262521833945,-0.9929929769234958
RKF096.AG,Hungary,Hungary_LateAvar.AG,1175.0,0.093208260834217,1.6017681097701615,0.0606181337203085,-0.9888064837415933
RKF097.AG,Hungary,Hungary_EMiddleAvar.AG,1300.0,0.0777307301759719,1.6868429900887323,0.10799844475002186,-1.0833055022718963
RKF098.AG,Hungary,Hungary_MiddleAvar.AG,1175.0,0.7957450747489929,1.5780358005857267,0.04316057705326481,-1.0626007194143345
RKF099.AG,Hungary,Hungary_LateAvar.AG,1225.0,0.5991031527519226,1.7264047885776985,0.02610154633867544,-1.0960199841037572
RKF100.AG,Hungary,Hungary_LateAvar.AG,1175.0,0.3105376958847046,1.6625724295471818,0.0912313735113361,-1.0694620458005706
RKF101.AG,Hungary,Hungary_EarlyAvar.AG,1325.0,0.7283751368522644,1.6816003182042896,0.07371678808886589,-1.0140907035371847
RKF102.AG,Hungary,Hungary_Avar.AG,1213.0,0.8021050691604614,1.5476183350837636,0.03921400783593343,-1.016085698281593
RKF103.AG,Hungary,Hungary_EarlyAvar.AG,1325.0,0.2973415553569793,1.7182330415972598,0.05298475605824113,-1.0085495434457996
RKF104.AG,Hungary,Hungary_MiddleAvar.AG,1175.0,0.775795578956604,1.7793982673023543,-0.06796179147261028,-1.1615971985719238
RKF105.AG,Hungary,Hungary_EarlyAvar.AG,1325.0,0.6134079694747925,1.7198124156803665,0.0960708361310207,-1.122548754981407
RKF106.AG,Hungary,Hungary_EarlyAvar.AG,1325.0,0.4602043926715851,1.6386889264678486,0.11075170325928145,-1.0121072757998357
RKF107.AG,Hungary,Hungary_EarlyAvar.AG,1325.0,0.3856480121612549,1.6910634599587295,0.06087979712592484,-1.0681541997764579
RKF108.AG,Hungary,Hungary_EarlyAvar.AG,1325.0,0.2771576642990112,1.6385079972200158,0.0908266516523001,-1.022560712859468
RKF109.AG,Hungary,Hungary_EarlyAvar.AG,1325.0,0.7604972720146179,1.7420145291080509,0.09230466617920528,-1.0016726209572662
RKF110.AG,Hungary,Hungary_EMiddleAvar.AG,1300.0,0.8050580024719238,1.7241961645472792,0.06831465553732663,-1.0490798595454525
RKF113.AG,Hungary,Hungary_EarlyAvar.AG,1325.0,0.6840511560440063,1.6861975272229235,0.10328081246501636,-1.0669989838044174
RKF114.AG,Hungary,Hungary_MiddleAvar.AG,1175.0,0.1684670001268386,1.6697993538365083,0.06420832786524784,-1.0878717502692012
RKF115.AG,Hungary,Hungary_EarlyAvar.AG,1325.0,0.6225595474243164,1.652087700561433,-0.019397903732459913,-1.1131941207238498
RKF116.AG,Hungary,Hungary_EarlyAvar.AG,1325.0,0.7505143880844116,1.6498019056630664,0.1482607746780486,-1.1181333390507342
RKF117.AG,Hungary,Hungary_EMiddleAvar.AG,1300.0,0.8704742193222046,1.606491289039261,-0.0082474308791598,-1.0998218366798675
RKF118.AG,Hungary,Hungary_LateAvar.AG,1175.0,0.7439791560173035,1.7713267005134794,0.11561868910829891,-1.0768435092961135
RKF120.AG,Hungary,Hungary_LateAvar.AG,1175.0,0.6656417846679688,1.7393874829393985,0.08229134225435,-0.9694817502310148
RKF121.AG,Hungary,Hungary_EarlyAvar.AG,1325.0,0.7888951897621155,1.671989334208483,0.1259162500466319,-0.9689828290410349
RKF122.AG,Hungary,Hungary_EMiddleAvar.AG,1300.0,0.0844881609082222,1.714005478748916,0.07777177158313658,-1.0494927391028237
RKF124.AG,Hungary,Hungary_EarlyAvar.AG,1325.0,0.7782707810401917,1.7522113190229243,-0.006219637588328855,-1.0276545914742643
RKF126.AG,Hungary,Hungary_EarlyAvar.AG,1325.0,0.2031665593385696,1.6540778390705906,0.06593815595347473,-1.060049722904625
RKF127.AG,Hungary,Hungary_LateAvar.AG,1175.0,0.8072542548179626,1.6979925298948542,0.052960719774131755,-0.9714841791764132
RKF129.AG,Hungary,Hungary_EarlyAvar.AG,1325.0,0.8031383156776428,1.6430233846363365,0.04175660153657743,-1.0673996635744212
RKF130.AG,Hungary,Hungary_EMiddleAvar.AG,1300.0,0.0609701611101627,1.659702289962722,0.09636907790815027,-1.0242571570517027
RKF131.AG,Hungary,Hungary_MiddleAvar.AG,1175.0,0.1909996122121811,1.6724189257472677,0.0412480437530888,-1.0666989967309428
RKF132.AG,Hungary,Hungary_EarlyAvar.AG,1370.0,0.837922215461731,1.6109518593540404,0.02658877862858988,-0.9424654236834742
RKF133.AG,Hungary,Hungary_EarlyAvar.AG,1325.0,0.7455039024353027,1.5774974692737456,0.18888924528556272,-0.9772098710675353
RKF134.AG,Hungary,Hungary_EMiddleAvar.AG,1300.0,0.8233343958854675,1.5831352879888307,0.1700960766700031,-1.241234178713074
RKF135.AG,Hungary,Hungary_EMiddleAvar.AG,1300.0,0.7891238927841187,1.6196668126388278,0.16937687290150297,-1.0276976283737844
RKF136.AG,Hungary,Hungary_MiddleAvar.AG,1175.0,0.699872612953186,1.7438846571481765,0.1488651089141679,-0.9875833717242847
RKF137.AG,Hungary,Hungary_EarlyAvar.AG,1344.0,0.5606493949890137,1.648596295257548,0.07691743964073547,-0.9667889096438455
RKF138.AG,Hungary,Hungary_MiddleAvar.AG,1175.0,0.772693395614624,1.6305922572854732,0.00964459916915615,-1.0286378375253837
RKF139.AG,Hungary,Hungary_LateAvar.AG,1175.0,0.7668118476867676,1.6862660656791357,0.13766737846845473,-1.0861732005034765
RKF140.AG,Hungary,Hungary_MiddleAvar.AG,1175.0,0.6232083439826965,1.7041767048021097,0.05359555898471915,-1.0151410804016043
RKF141.AG,Hungary,Hungary_MiddleLateAvar.AG,1225.0,0.8188364505767822,1.7784777040571886,0.15225716338378326,-0.9848211457825528
RKF142.AG,Hungary,Hungary_LateAvar.AG,1175.0,0.8059752583503723,1.729694192212601,0.021688175189368986,-1.1621178791809204
RKF143.AG,Hungary,Hungary_MiddleLateAvar.AG,1225.0,0.8111293315887451,1.8771620698357385,0.14923347280830393,-0.9312492339601792
RKF144.AG,Hungary,Hungary_MiddleAvar.AG,1175.0,0.450809508562088,1.706980529059146,0.09572576072819303,-1.0729639264248936
RKF145.AG,Hungary,Hungary_EarlyAvar.AG,1325.0,0.6955181956291199,1.7541323669026334,0.03427654926793134,-1.0238744715135177
RKF146.AG,Hungary,Hungary_EarlyAvar.AG,1325.0,0.0702368915081024,1.6779872076505595,0.03373080633689553,-1.0506679489886492
RKF147.AG,Hungary,Hungary_MiddleAvar.AG,1175.0,0.7867484092712402,1.713916813050854,0.13940881117513934,-0.9742721698561602
RKF148.AG,Hungary,Hungary_EarlyAvar.AG,1324.0,0.7102398872375488,1.762978756937089,0.07715387711285245,-1.0159265593744409
RKF149.AG,Hungary,Hungary_MiddleLateAvar.AG,1225.0,0.072270929813385,1.6616455341716474,0.11400216020677277,-1.0610129212582757
RKF150.AG,Hungary,Hungary_MiddleAvar.AG,1175.0,0.8268153071403503,1.7155882535219447,0.19158145750861208,-1.0078278687518065
RKF151.AG,Hungary,Hungary_LateAvar.AG,1175.0,0.7193476557731628,1.7580396612417488,0.027439170338679736,-1.055351797946725
RKF152.AG,Hungary,Hungary_LateAvar.AG,1228.0,0.1001716926693916,1.6542928926683687,0.13843954071729134,-1.065898071551532
RKF153.AG,Hungary,Hungary_MiddleLateAvar.AG,1225.0,0.7530139684677124,1.5871292510915007,0.09219903521273586,-1.0498738181297895
RKF154.AG,Hungary,Hungary_MiddleLateAvar.AG,1225.0,0.558696448802948,1.6543492938249011,0.12110182845930917,-1.0352150797736475
RKF155.AG,Hungary,Hungary_LateAvar.AG,1175.0,0.7728020548820496,1.753868947968037,0.02762102242276116,-1.117306045673127
RKF156.AG,Hungary,Hungary_LateAvar.AG,1175.0,0.554523766040802,1.7356571521160167,0.027776591903107717,-1.0498446619595414
RKF157.AG,Hungary,Hungary_MiddleLateAvar.AG,1225.0,0.8756055235862732,1.8873048419184548,0.16946647338223617,-1.1976647564911702
RKF158.AG,Hungary,Hungary_LateAvar.AG,1175.0,0.5759776830673218,1.6240350267875043,0.10716931407872313,-1.024770042449958
RKF159.AG,Hungary,Hungary_LateAvar.AG,1175.0,0.7837232947349548,1.6352925242000504,0.12371252592443235,-0.8429659820711836
RKF160.AG,Hungary,Hungary_LateAvar.AG,1175.0,0.8047400712966919,1.8091586211169366,-0.09634214023721062,-1.3051926279205124
RKF161.AG,Hungary,Hungary_Avar.AG,1213.0,0.6571658253669739,1.622555806179491,0.15287935597807267,-0.9368640419611076
RKF162.AG,Hungary,Hungary_LateAvar.AG,1175.0,0.7640025019645691,1.677122146670767,0.0994020588010184,-0.9645930237585745
RKF163.AG,Hungary,Hungary_MiddleAvar.AG,1175.0,0.5790798664093018,1.633825387642661,0.04943828793117212,-1.0663317427426235
RKF164.AG,Hungary,Hungary_EarlyAvar.AG,1325.0,0.6657253503799438,1.6725652980497259,0.16393536528561456,-1.022021142411939
RKF165.AG,Hungary,Hungary_Avar.AG,1213.0,0.4151229560375213,1.6321212976955244,0.09854719661196873,-0.9802017550599349
RKF169.AG,Hungary,Hungary_LateAvar.AG,1175.0,0.6818995475769043,1.6408816993559907,0.10004168083693242,-1.052607933684509
RKF170.AG,Hungary,Hungary_Avar.AG,1213.0,0.8276944160461426,1.6648800912837871,0.010844782319296496,-1.236301225396638
RKF172.AG,Hungary,Hungary_EarlyAvar.AG,1343.0,0.65320885181427,1.663860049295114,0.1439776448264037,-1.0193237553019596
RKF173.AG,Hungary,Hungary_EarlyAvar.AG,1325.0,0.6926780343055725,1.6946926974542196,0.13991173520516673,-1.0771248681928145
RKF174.AG,Hungary,Hungary_EarlyAvar.AG,1325.0,0.2314484864473343,1.6850319177277278,0.10992759299766043,-1.0399562419832669
RKF175.AG,Hungary,Hungary_EarlyAvar.AG,1325.0,0.6722256541252136,1.603159057574384,0.1726549869372162,-0.9864468520556542
RKF176.AG,Hungary,Hungary_EarlyAvar.AG,1325.0,0.6543824076652527,1.672915831030474,0.15808444687592815,-1.0516035037190357
RKF177.AG,Hungary,Hungary_EarlyAvar.AG,1325.0,0.7133558392524719,1.663478545517115,0.08467619394782441,-1.0823303475406296
RKF178.AG,Hungary,Hungary_EarlyAvar.AG,1325.0,0.0934848189353942,1.7073479723347937,0.06453957157311654,-0.9993435560340054
RKF179.AG,Hungary,Hungary_EarlyAvar.AG,1325.0,0.6905831694602966,1.6635353509317836,0.056931189966934366,-1.0027373058564633
RKF180.AG,Hungary,Hungary_EarlyAvar.AG,1325.0,0.1402637213468551,1.6932435655585034,0.05944238729133283,-1.1023782643468287
RKF181.AG,Hungary,Hungary_MiddleAvar.AG,1175.0,0.6961191892623901,1.739679404734122,0.00855257612326211,-1.127264907835331
RKF182.AG,Hungary,Hungary_EarlyAvar.AG,1365.0,0.8023216128349304,1.6637609510305411,-0.013382861212981507,-1.400131003644025
RKF183.AG,Hungary,Hungary_EarlyAvar.AG,1325.0,0.8070839643478394,1.6785562764033117,-0.06702436058574468,-1.2088447777433984
RKF184.AG,Hungary,Hungary_LateAvar.AG,1175.0,0.346689760684967,1.6966216658820605,0.0946881592708145,-1.01023164811079
RKF185.AG,Hungary,Hungary_EarlyAvar.AG,1325.0,0.6828638315200806,1.6263658692241285,0.13955284423408468,-0.959483108375065
RKF186.AG,Hungary,Hungary_EarlyAvar.AG,1325.0,0.3328610360622406,1.6641436202297049,0.10689751973673361,-1.0056484423066967
RKF187.AG,Hungary,Hungary_Avar.AG,1213.0,0.1226994395256042,1.7284659385943635,0.06530518046589727,-1.042313397046299
RKF188.AG,Hungary,Hungary_EMiddleAvar.AG,1300.0,0.8187732100486755,1.5525881266200336,0.15211405389599258,-1.095780950844369
RKF189.AG,Hungary,Hungary_EMiddleAvar.AG,1300.0,0.7512694597244263,1.6437826120880257,-0.021795293951417074,-0.939466576849491
RKF190.AG,Hungary,Hungary_LateAvar.AG,1175.0,0.5416455268859863,1.6376378866619663,0.12488296050339498,-1.0091720350290985
RKF191.AG,Hungary,Hungary_LateAvar.AG,1175.0,0.7759739756584167,1.825511847549718,-0.026278648302098716,-1.0648015850099588
RKF192.AG,Hungary,Hungary_MiddleAvar.AG,1175.0,0.8282183408737183,1.5729604839195408,0.06943191300319922,-1.1308338320393063
RKF193.AG,Hungary,Hungary_Avar.AG,1213.0,0.5151251554489136,1.6236182306031506,0.13249935047038888,-0.9607658079007548
RKF194.AG,Hungary,Hungary_EarlyAvar.AG,1325.0,0.8129135966300964,1.8792092161727394,0.16164071524791987,-1.0473232839236566
RKF195.AG,Hungary,Hungary_EarlyAvar.AG,1325.0,0.7843210101127625,1.7560323679756291,0.15251816097395873,-1.0243155510107789
RKF196.AG,Hungary,Hungary_EarlyAvar.AG,1325.0,0.7706601619720459,1.6891497151452226,0.0917560848768181,-1.0814135846960027
RKF197.AG,Hungary,Hungary_EMiddleAvar.AG,1300.0,0.2645933032035827,1.6875134729395587,0.06413737651066606,-1.0206159532520986
RKF198.AG,Hungary,Hungary_LateAvar.AG,1175.0,0.80133056640625,1.5889597234200785,0.03262361431811577,-1.2244312707793774
RKF199.AG,Hungary,Hungary_LateAvar.AG,1175.0,0.7294051051139832,1.7922839669244266,0.06591707352967277,-1.1005136388091767
RKF200.AG,Hungary,Hungary_EarlyAvar.AG,1325.0,0.5228128433227539,1.6573372028075077,0.016906308358988723,-1.0022798723423454
RKF201.AG,Hungary,Hungary_EarlyAvar.AG,1325.0,0.5812623500823975,1.7426571245017712,0.12529223503762146,-1.0564114083319478
RKF202.AG,Hungary,Hungary_EMiddleAvar.AG,1300.0,0.5760279893875122,1.7142917052623583,0.1822401155156084,-1.0865563622709529
RKF203.AG,Hungary,Hungary_EarlyAvar.AG,1325.0,0.2297485917806625,1.7247581824092082,0.0923024807328902,-1.1069004020282263
RKF204.AG,Hungary,Hungary_EMiddleAvar.AG,1300.0,0.0978100001811981,1.7222837331076557,0.09363126149640882,-1.0591379257135085
RKF205.AG,Hungary,Hungary_EMiddleAvar.AG,1300.0,0.1496383249759674,1.7003209093092884,0.05896125446320016,-1.0457679813308334
RKF206.AG,Hungary,Hungary_EarlyAvar.AG,1325.0,0.4252144992351532,1.7171909840178465,0.060583688321899726,-1.0779600517721388
RKF207.AG,Hungary,Hungary_EarlyAvar.AG,1325.0,0.6319868564605713,1.7236899334909845,0.07790640854161897,-1.0277743042047631
RKF208.AG,Hungary,Hungary_Avar.AG,1213.0,0.8179524540901184,1.7826983187710195,0.007300876894102852,-1.1008386444377953
RKF209.AG,Hungary,Hungary_MiddleAvar.AG,1175.0,0.7359857559204102,1.6518251048119663,0.10502082579219178,-1.088885561681658
RKF210.AG,Hungary,Hungary_LateAvar.AG,1175.0,0.7453449368476868,1.7168480768476218,0.04268889590275663,-0.9570205994074473
RKF211.AG,Hungary,Hungary_MiddleAvar.AG,1175.0,0.4972956478595733,1.6920188380403898,0.025222605846874746,-1.072814270796118
RKF212.AG,Hungary,Hungary_MiddleLateAvar.AG,1225.0,0.1635027378797531,1.6921671756108412,0.07089724563934993,-1.0500861448697587
RKF213.AG,Hungary,Hungary_MiddleLateAvar.AG,1225.0,0.8011878132820129,1.7596401930057386,0.0764733555260165,-1.167633181619993
RKF214.AG,Hungary,Hungary_MiddleLateAvar.AG,1225.0,0.0562086515128612,1.7045470305134491,0.10520375353180243,-1.0107222552570259
RKF215.AG,Hungary,Hungary_Avar.AG,1213.0,0.794142484664917,1.5681771506442865,0.19194536889597827,-1.1505616936779233
RKF217.AG,Hungary,Hungary_Avar.AG,1213.0,0.8267333507537842,1.5507193351962876,0.11647878999951126,-1.0098679493460776
RKF218.AG,Hungary,Hungary_LateAvar.AG,1175.0,0.6988085508346558,1.7934996173609563,0.0623877120875877,-1.0374935079197956
RKF219.AG,Hungary,Hungary_LateAvar.AG,1175.0,0.35731902718544,1.652839533180868,0.07919190292305027,-1.0220314391125047
RKF220.AG,Hungary,Hungary_Avar.AG,1213.0,0.4901570379734039,1.6541730162733812,0.09489278624429676,-1.0460954288667934
RKF221.AG,Hungary,Hungary_LateAvar.AG,1175.0,0.1872770190238952,1.6572690613460608,0.06495036017958733,-1.055279568863331
RKF222.AG,Hungary,Hungary_MiddleAvar.AG,1175.0,0.8085194826126099,1.698710110153363,-0.047462398006603,-0.9257206337217232
RKF223.AG,Hungary,Hungary_EMiddleAvar.AG,1300.0,0.7833834886550903,1.6707419686330676,0.19367225306146515,-0.9792574174373351
RKF224.AG,Hungary,Hungary_EMiddleAvar.AG,1300.0,0.7537893056869507,1.6139933580432497,-0.020554165893080314,-1.0646529326815195
RKF226.AG,Hungary,Hungary_MiddleAvar.AG,1175.0,0.7862439155578613,1.7381508003549462,0.167122017458987,-1.0117502563766394
RKF227.AG,Hungary,Hungary_EarlyAvar.AG,1325.0,0.1015374511480331,1.6937795573166072,0.0695532431840326,-1.0379239644508782
RKF228.AG,Hungary,Hungary_Avar.AG,1213.0,0.7119032740592957,1.6717521809461247,0.12896569769124056,-0.9885737021902634
RKF229.AG,Hungary,Hungary_EMiddleAvar.AG,1300.0,0.1175599917769432,1.619721980045711,0.06535514525639248,-1.039992945224684
RKF230.AG,Hungary,Hungary_EMiddleAvar.AG,1300.0,0.1068577542901039,1.7150582070578602,0.05400736166538441,-0.9954023955458148
RKF231.AG,Hungary,Hungary_LateAvar.AG,1175.0,0.6162903308868408,1.6117684896134274,0.10873412978629401,-1.052612882475602
RKF234.AG,Hungary,Hungary_Avar.AG,1213.0,0.7791961431503296,1.644483251638219,0.028369157764860427,-1.0265506973209504
RKF235.AG,Hungary,Hungary_LateAvar.AG,1175.0,0.1803784668445587,1.6840974232733636,0.08219799262103444,-1.0284094499989793
RKF237.AG,Hungary,Hungary_MiddleAvar.AG,1175.0,0.841729998588562,1.8077237414807659,0.08892369313336831,-1.104968489256952
RKF238.AG,Hungary,Hungary_MiddleAvar.AG,1175.0,0.8003508448600769,1.7801913421313795,0.00012717392163454712,-1.1667957089223737
RKF239.AG,Hungary,Hungary_Avar.AG,1213.0,0.1168203428387641,1.6938900814895514,0.053845176220482224,-1.050008082693045
RKF240.AG,Hungary,Hungary_Avar.AG,1213.0,0.2226002514362335,1.6476329141565713,0.053565044910404584,-1.062183953186521
RKF241.AG,Hungary,Hungary_Avar.AG,1213.0,0.8127148747444153,1.8677856166681819,0.1344646829332911,-1.0958536096964686
RKF242.AG,Hungary,Hungary_Avar.AG,1213.0,0.5271850228309631,1.6851541008820412,0.12630488619522837,-0.9911811833226021
RKF243.AG,Hungary,Hungary_Avar.AG,1213.0,0.7879908680915833,1.7643785141200834,0.3027265874456769,-1.009491035116557
RKF244.AG,Hungary,Hungary_Avar.AG,1213.0,0.0911904424428939,1.6326471051439237,0.14477525427178234,-1.0763261029529125
RKF245.AG,Hungary,Hungary_Avar.AG,1213.0,0.6745306253433228,1.7915191372307848,0.14498021172927683,-1.0581665551063142
RKF246.AG,Hungary,Hungary_Avar.AG,1213.0,0.7185520529747009,1.6723601420958485,0.05626495990028887,-1.075613650552096
RKF247.AG,Hungary,Hungary_Avar.AG,1213.0,0.6999228596687317,1.699049577944817,0.06918061702843356,-1.0703395018521749
RKF248.AG,Hungary,Hungary_Avar.AG,1213.0,0.837472140789032,1.7116031531711522,-0.061569868396731335,-1.2099455934522314
RKF249.AG,Hungary,Hungary_Avar.AG,1213.0,0.4902332723140716,1.7137663111144334,0.028104442965309364,-1.1244451900519448
RKF250.AG,Hungary,Hungary_Avar.AG,1213.0,0.8296335935592651,1.7396562948876426,0.04128529577388768,-1.3019413655023462
RKF251.AG,Hungary,Hungary_Avar.AG,1213.0,0.5605407357215881,1.7097727535762084,0.07322942905913989,-1.0857971934311759
RKF253.AG,Hungary,Hungary_Avar.AG,1213.0,0.6707431077957153,1.654124311725559,0.09115690598253141,-1.0924776750520362
RKF254.AG,Hungary,Hungary_Avar.AG,1213.0,0.8397056460380554,1.8245252814310198,-0.01701672966800308,-1.2560308259761288
RKF255.AG,Hungary,Hungary_Avar.AG,1213.0,0.7803575396537781,1.743567343115428,0.030509557777860394,-0.9705744846761027
RKF256.AG,Hungary,Hungary_Avar.AG,1213.0,0.8294600248336792,1.658932990911163,0.037949982421358414,-1.350154981293635
RKF257.AG,Hungary,Hungary_Avar.AG,1213.0,0.0507261492311954,1.6893674124956122,0.11948801461145982,-1.061947088927216
RKF258.AG,Hungary,Hungary_Avar.AG,1213.0,0.7621825337409973,1.7509606607511998,0.0005565118649499022,-0.9170682525500995
RKF259.AG,Hungary,Hungary_Avar.AG,1213.0,0.8606227040290833,1.6162860450760637,0.03905425965009422,-1.1214785740020388
RKF260.AG,Hungary,Hungary_Avar.AG,1213.0,0.8180708289146423,1.751622643939435,0.10766606235901101,-1.1997976401045884
RKF262.AG,Hungary,Hungary_Avar.AG,1213.0,0.8447307348251343,1.850148914501284,0.06770416378413027,-1.1364125914570344
RKF263.AG,Hungary,Hungary_Avar.AG,1213.0,0.7935966849327087,1.7253733418446873,0.13025037531778758,-1.2047262556680935
RKF264.AG,Hungary,Hungary_Avar.AG,1213.0,0.499726265668869,1.6861206158706796,0.09257232084151938,-1.1199645154279152
RKF265.AG,Hungary,Hungary_Avar.AG,1213.0,0.7316378951072693,1.7667937705487795,0.02661573031957279,-1.0576419854707035
RKF266.AG,Hungary,Hungary_Avar.AG,1213.0,0.7532637715339661,1.6388861382767526,-0.037963673761788344,-1.1572217454391411
RKF267.AG,Hungary,Hungary_Avar.AG,1213.0,0.1398955285549163,1.666659144796449,0.057281662568905954,-1.0205519804429308
RKF268.AG,Hungary,Hungary_Avar.AG,1213.0,0.5773904919624329,1.7083407156268873,0.09660555468489686,-1.0581417511102251
RKF269.AG,Hungary,Hungary_Avar.AG,1213.0,0.3210744857788086,1.6865012478727006,0.10640149585380639,-1.0646397337687228
RKF270.AG,Hungary,Hungary_Avar.AG,1213.0,0.8201770782470703,1.840035503890018,0.25652353937525213,-1.2857717057188636
RKF271.AG,Hungary,Hungary_Avar.AG,1213.0,0.6612322926521301,1.739617088459553,-0.015290838053026926,-1.1202383478160014
RKF272.AG,Hungary,Hungary_Avar.AG,1213.0,0.7803129553794861,1.7543443558516043,0.07449593839362949,-1.0385999979369356
RKF273.AG,Hungary,Hungary_Avar.AG,1213.0,0.7894547581672668,1.8578232020869865,0.15097341659453478,-1.0766122507710227
RKF274.AG,Hungary,Hungary_Avar.AG,1213.0,0.7808563113212585,1.6009230652127078,0.09218318678699021,-1.190207953480693
RKF275.AG,Hungary,Hungary_Avar.AG,1213.0,0.8326027393341064,1.6177892757208818,-0.04078084081473902,-1.2560425786608946
RKF276.AG,Hungary,Hungary_Avar.AG,1213.0,0.7830128073692322,1.695817009160625,0.025401039776726853,-1.1262767420956559
RKF278.AG,Hungary,Hungary_Avar.AG,1213.0,0.8105186223983765,1.7693168857606496,0.21106555284966327,-0.8194027503352209
RKF279.AG,Hungary,Hungary_Avar.AG,1213.0,0.1417438387870788,1.653236876364272,0.15621627708046387,-1.0550223629506912
RKF280.AG,Hungary,Hungary_Avar.AG,1213.0,0.8163368701934814,1.7871827820601758,0.1129792434077557,-1.077255497772065
RKO001.AG,Hungary,Hungary_Avar.AG,1213.0,0.2830748856067657,1.658611672950993,0.05315496994433795,-1.075114214297944
RKO002.AG,Hungary,Hungary_Avar.AG,1213.0,0.8278387784957886,1.6594788080482354,0.01461850230371317,-1.2942250969366473
RKO003.AG,Hungary,Hungary_Avar.AG,1213.0,0.5218079686164856,1.7232659066351,0.09006490164477712,-1.0328527038482544
RKO004.AG,Hungary,Hungary_Avar.AG,1213.0,0.1191260740160942,1.68999460292496,0.07098037373991951,-1.0247200974150885
RKO005.AG,Hungary,Hungary_Avar.AG,1213.0,0.6452056765556335,1.7118693791457262,0.056736200316332856,-1.0199417954348842
RKO006.AG,Hungary,Hungary_Avar.AG,1213.0,0.4478695690631866,1.6416381033954859,0.026518876648904156,-1.0664885526159764
RKO007.AG,Hungary,Hungary_Avar.AG,1213.0,0.7918400168418884,1.5649450307275063,0.14142180084183215,-1.104649983354403
RKO010.AG,Hungary,Hungary_Avar.AG,1213.0,0.4135090112686157,1.6548183850823113,0.06381662704278421,-1.0254802331234076
RKO012.AG,Hungary,Hungary_Avar.AG,1213.0,0.7349792718887329,1.6588446760567188,0.11794309939017565,-1.064214012700434
RKO013.AG,Hungary,Hungary_Avar.AG,1213.0,0.7593942880630493,1.647389399422408,0.10043095529658166,-1.1084080617424532
RKO014.AG,Hungary,Hungary_Avar.AG,1213.0,0.8024587035179138,1.7173316661717912,-0.15166348468343477,-1.1519912977996025
RKO015.AG,Hungary,Hungary_Avar.AG,1213.0,0.7470204830169678,1.741062721627007,0.06377090998875179,-1.0661085537568886
RKO016.AG,Hungary,Hungary_Avar.AG,1213.0,0.818537175655365,1.787897228223875,0.0990394973521516,-1.093475073286542
RKO018.AG,Hungary,Hungary_Avar.AG,1213.0,0.7534413933753967,1.6646335570577244,0.02974605949612418,-1.2206383300756147
RKO019.AG,Hungary,Hungary_Avar.AG,1213.0,0.7036998271942139,1.7309440416939499,0.11884457947721037,-1.0689867774139652
RKO020.AG,Hungary,Hungary_Avar.AG,1213.0,0.2610256373882293,1.723379479319067,0.11983541759009701,-1.0299624348285297
RKO021.AG,Hungary,Hungary_Avar.AG,1213.0,0.788181483745575,1.804284696845062,0.12967054788224922,-0.9666093525162089
UN19_merge.SG,France,France_Manche_IA.SG,2050.0,0.2296820878982544,-0.9757236256777039,-0.8259224661095483,-0.4640154587457273
MNN001_MNN002_merge.AG,Russia,Russia_Minino_Mesolithic.AG,8540.0,0.7547301054000854,-0.15395744522001625,0.6626268741627652,-0.21964464519137616
GFW002_GFW003_merge.AG,Germany,Germany_Mesolithic.AG,7878.0,0.7657307982444763,-0.3969579383566584,-0.20300802757196756,0.70861422671762
ADN009_ADN010_merge.AG,Germany,Germany_Anderten_Medieval_Saxon.AG,1150.0,0.8052477836608887,-0.35974835785405823,-0.2644587150520556,0.7728821847110121
ALA110_ALA015_merge.AG,Turkey,Turkey_Hatay_Alalakh_MLBA.AG,3861.0,0.4187101125717163,1.4495469859454229,-0.6153665487475471,0.9651843850124747
HID001_merge.AG,Germany,Germany_EarlyMedieval_Saxon.AG,1550.0,0.7235657572746277,-0.3987821577014662,-0.18608923939636984,0.7369047706544931
HID002_merge.AG,Germany,Germany_EarlyMedieval_Saxon.AG,1550.0,0.8754854798316956,-0.3690582713296797,-0.14601906875580253,0.8070872078591098
KD-29_OBH-52_twinmerge.SG,Hungary,Hungary_MidLateEarlyAvar.SG,1200.0,0.955369472503662,1.795945143958699,0.13822637721846917,-1.0657539815978554
MJ-15-32_merge.SG,Ukraine,Ukraine_IA_Scythian.SG,2246.0,0.2755607664585113,-0.022790332158510892,1.3868817765394996,0.13404405656087418
R11553_R11555_merge.SG,France,France_Sarrebourg_LateAntiquity.SG,1675.0,0.7901636362075806,-0.9463084562266424,-0.8340082106356015,-0.47566360154596893
RISE1280_RISE1281_merge.SG,Denmark,Denmark_SingleGraveCulture.SG,4226.0,0.6265529990196228,-0.911116808712901,0.8761718853465639,-0.16719307804055228
GLN126_merge.SG,France,France_IA.SG,2150.0,0.1106346845626831,-1.0006076755368885,-0.8365878993389279,-0.5021554090900294
GOX287_merge.SG,France,France_BasRhin_IA.SG,2450.0,0.3155335783958435,-0.9786230322222985,-0.8453548180246448,-0.47399668465703326
R37_R11115_merge.SG,Italy,Italy_Imperial.SG,1750.0,0.8622958660125732,-0.1161134824250739,-0.7043370380044778,0.43390419348248443
VK347_V348_merge.SG,Sweden,Sweden_Viking.SG,1000.0,0.6709467172622681,-0.9026445722522118,2.450415915228855,-0.5898600264074174
MJ-15_MJ-32_merge.SG,Ukraine,Ukraine_IA_Scythian.SG,2246.0,0.2755607664585113,-0.018709672773971522,1.331239992773019,0.12381280779526979
I5070_published.AG,Austria,Austria_N_LBK.AG,7048.0,0.7359906435012817,0.6172183423702325,-0.6248829804229601,-0.13432447428317984
I17312.AG,Czechia,Czechia_IA_Hallstatt.AG,2625.0,0.1533260345458984,-0.38541382020819925,0.018999965237927758,0.20818381636778147
I20675.AG,UnitedKingdom,England_EarlyMedieval_Saxon.AG,1450.0,0.3412818908691406,-1.4900318807796817,0.08017448226188852,0.5547122621514601
I1560.AG,Germany,Germany_MN.AG,5350.0,0.1350918412208557,-0.37334913112201745,-0.31462768419277654,0.7662279466246215
I3320.AG,Spain,Spain_IA.AG,2150.0,0.802817165851593,-1.13121848739209,-2.3550671168671697,-1.2761663178128984
I24898.AG,Austria,Austria_N_LBK.AG,7100.0,0.7400943636894226,0.6500244848985914,-0.6237806851446558,-0.14205587462164898
I5737.AG,Turkey,Turkey_Aegean_Izmir_Yassitepe_MBA.AG,3931.0,0.4564964175224304,1.4610745447516293,-0.5867091048489456,0.9337995912547911
I3121.AG,Turkey,Turkey_Marmara_Ilipinar_N.AG,7925.0,0.6488463878631592,1.4320249069111317,-0.5876131872124563,0.9339984763548187
UZZ061.AG,Italy,Italy_Sicily_MN.AG,6739.0,0.7561193704605103,-0.1037551290074172,-0.7105581201999288,0.43511685672857536
UZZ040.AG,Italy,Italy_Sicily_Mesolithic.AG,8279.0,0.2247900068759918,-0.15032828866175732,-0.6994709735120648,0.3810279478223401
XAN051.AG,Greece,Greece_Crete_Chania_LBA.AG,3250.0,0.2065606713294983,1.8908910522630047,-0.4578433263317087,2.1703449067143854
XAN041.AG,Greece,Greece_Crete_Chania_LBA.AG,3250.0,0.6588779091835022,1.915108266818581,-0.47421011154820203,2.215943574243402
XAN024.AG,Greece,Greece_Crete_Chania_LBA.AG,3175.0,0.3948190212249756,1.9148280759700067,-0.48800520374844153,2.190439404877718
NST001.AG,Greece,Greece_NeaStyra_EBA.AG,4421.0,0.5377793908119202,1.9219035533240332,-0.47568793306436546,2.189449999981988
APO037.AG,Greece,Greece_Crete_Aposelemis_N.AG,7981.0,0.1325971484184265,1.9048935846566382,-0.4761199307906422,2.14619592576305
AID008.AG,Greece,Greece_Aidonia_LBA.rel.of.AID007.AG,3250.0,0.6675695776939392,1.9199670243532645,-0.4680039303851575,2.1976850005922
AID002.AG,Greece,Greece_Aidonia_LBA.rel.of.AID001.AG,3375.0,0.6068411469459534,1.9203628992862443,-0.48889618833616755,2.2102333122093487
ETM010.AG,Syria,Syria_Ebla_EMBA.AG,4550.0,0.5964949131011963,0.8490380065020771,-1.0916106075166387,1.578974077223381
GER003.AG,Spain,Spain_Gravettian_contam.AG,27203.0,0.2226902693510055,-1.0432915590531078,-2.232141440081384,-1.1846214588822526
MA89.AG,Italy,Italy_N_EBA.AG,5198.0,0.74031662940979,-0.0611106656273583,-0.6963157107171395,0.3663659937405144
GoyetQ-2.AG,Belgium,Belgium_Magdalenian_contam.AG,15077.0,0.3439574539661407,0.041541766403114154,-0.23118407949125683,-0.20621921577643654
atp12-1420.SG,Spain,Spain_C.SG,4868.0,0.8987390995025635,-1.1125562354652478,-2.364979346917215,-1.2470927660349
atp002.SG,Spain,Spain_C.SG,4746.0,0.9877592325210572,-1.1251901710762287,-2.3069204430804904,-1.2440079532900363
SZF-26.SG,Hungary,Hungary_EarlyAvar.SG,1263.0,0.6242967247962952,1.7142399812599614,0.10606458670357193,-1.1388011292416556
VK534.SG,Italy,Italy_Medieval.SG,766.0,0.6973714232444763,-0.07351991143943996,-0.6482939326252739,0.4297127878867336
VK394.SG,Norway,Norway_Viking.SG,1000.0,0.5188120603561401,-0.581104431656845,1.5826477534506347,-0.9810272633733036
VK344.SG,Sweden,Sweden_Viking.SG,1000.0,0.6269609332084656,-0.9170190325954685,2.487124942403616,-0.5939498860010688
VK343.SG,Sweden,Sweden_Viking.SG,1000.0,0.7107086181640625,-0.9149527330650666,2.4216367941815706,-0.5649829268027222
VK264.SG,UnitedKingdom,England_Viking.SG,953.0,0.6288481950759888,-1.5316277231893327,0.15516249215031058,0.5410898604839339
ERS1790733.SG,Lebanon,Lebanon_MBA.SG,3775.0,0.635169267654419,0.6171973504226314,-0.36793917093375417,1.3725172054740564
OC.SG,Romania,Romania_IronGates_Mesolithic.SG,8704.0,0.7483019232749939,1.214857020801454,0.4671427018102435,-0.006303445510923017
DA144.SG,Russia,Russia_Sarmatian.SG,2300.0,0.2907406389713287,-0.0867288797358227,0.7129432073356414,-0.30627711495146465
SZ5.SG,Hungary,Hungary_Langobard.SG,1442.0,0.9947794675827026,1.6143716621854174,0.04873418380511737,-1.0632951425215613
vbj006_UDG.SG,Sweden,Sweden_Gotland_Vasterbjers_PittedWare_BattleAxe.SG,4898.0,0.8266774415969849,-0.9162190764204029,2.4196941866612844,-0.6056650167367486
I1577.AG.BY,Austria,Austria_Gravettian.AG.BY,30200.0,0.1929095685482025,0.6135847962677133,-0.6469374572653596,-0.15168869739557206
I28394.AG,Croatia,Croatia_EarlyMedieval_Avar.AG,1650.0,0.7065643072128296,0.8264958255541525,-0.006898450671026408,0.7060922565599625
I28388.AG,Croatia,Croatia_EarlyMedieval_Avar.AG,1650.0,0.7194733619689941,0.7520034694984472,-0.02214816500570655,0.569747066687605
I3320_d.AG,Spain,Spain_IA.AG,2150.0,0.3250314593315124,-1.0701697964331882,-2.393947607435811,-1.2679369022796156
I24898_d.AG,Austria,Austria_N_LBK.AG,7100.0,0.1783330738544464,0.6425003045513586,-0.6367542881624662,-0.15474880676851802
I5737_d.AG,Turkey,Turkey_Aegean_Izmir_Yassitepe_MBA.AG,3931.0,0.1327917873859405,1.4456524830175337,-0.6155115391684143,0.9226827793814192
I3121_d.AG,Turkey,Turkey_Marmara_Illipinar_N.AG,7925.0,0.284111350774765,1.4420833319017352,-0.6026542271740537,0.9959877107398615
I2656_d.AG,UnitedKingdom,Scotland_MBA.AG,3081.0,0.0704939886927604,-1.5568367055559467,0.07340481190877209,0.6178888783112645
UZZ061_d.AG,Italy,Italy_Sicily_MN.AG,6739.0,0.2071705609560012,-0.004603747947988538,-0.7203963351317448,0.46054800521624467
UZZ040_d.AG,Italy,Italy_Sicily_Mesolithic.AG,8279.0,0.0507350675761699,-0.08513606130461067,-0.7278079047688757,0.4009561939326914
XAN051_d.AG,Greece,Greece_Crete_Chania_LBA_alt.AG,3250.0,0.0600926354527473,1.932745628238005,-0.46876826998998034,2.232263199699825
XAN041_d.AG,Greece,Greece_Crete_Chania_LBA_alt.AG,3250.0,0.2290154248476028,1.922291844242919,-0.49770150019691267,2.2298964299404544
XAN024_d.AG,Greece,Greece_Crete_Chania_LBA_alt.AG,3175.0,0.1172647848725318,1.9311190079796265,-0.46875810668891127,2.2248231861348313
NST001_d.AG,Greece,Greece_NeaStyra_EBA.AG,4421.0,0.1707402914762497,1.935177879894407,-0.4798525794695727,2.209308313947746
APO037_d.AG,Greece,Greece_Crete_Aposelemis_N.AG,7981.0,0.050523392856121,1.937610770438545,-0.496709288035487,2.2284370858025637
AID008_d.AG,Greece,Greece_Aidonia_LBA.rel.of.AID007.AG,3250.0,0.2774772047996521,1.9056468829129225,-0.5014923022552119,2.148667847679355
AID002_d.AG,Greece,Greece_Aidonia_LBA.rel.of.AID001.AG,3375.0,0.2311613857746124,1.9062271369106238,-0.46823116315088154,2.187811148751494
ETM010_d.AG,Syria,Syria_Ebla_EMBA.AG,4550.0,0.3406817317008972,0.8476164797730221,-1.0814791769983758,1.573144981069658
MA89_d.AG,Italy,Italy_N_EBA_alt.AG,5198.0,0.4127150177955627,-0.10404198189396449,-0.7393785425201057,0.3948441112050648
GoyetQ-2_d.AG,Belgium,Belgium_Magdalenian.AG,15077.0,0.0797266513109207,0.016780414223640117,-0.20263336650081382,-0.20379832115420926
Villabruna_d.AG.BY.AA,Italy,Italy_Epigravettian_alt.AG.BY.AA,14021.0,0.3074184954166412,-0.13148528260678344,-0.6659169230125519,0.36711881931753443
Vestonice16_d.AG.BY.AA,Czechia,Czechia_Gravettian_alt.AG.BY.AA,29800.0,0.127426877617836,-0.35266744525056143,0.033723837518359445,0.19861902289168432
mur_d.SG,Spain,Spain_EN.SG,7127.0,0.4658150374889374,-1.0980788305340732,-2.3137130152841268,-1.2257152834383263
VPB-561_d.SG,Hungary,Hungary_Conqueror_Commoner.SG,1000.0,0.1416148841381073,1.6954726563099296,0.1157712659409447,-1.011923154088686
SZK-130_d.SG,Hungary,Hungary_Avar.SG,1200.0,0.1286336779594421,1.670773044252716,0.010780138967943203,-1.0224368305319966
SZF-26_d.SG,Hungary,Hungary_EarlyAvar.SG,1263.0,0.1385670751333236,1.6274587025802036,0.047373867777926376,-0.9969289769861607
SH-41_d.SG,Hungary,Hungary_Conqueror_Commoner.SG,975.0,0.1326247155666351,1.6629275374095276,0.06320559139621404,-1.1127864934117655
SH-106_d.SG,Hungary,Hungary_Conqueror_Commoner.SG,1000.0,0.1014482378959655,1.6511627396797164,0.00990291269553747,-1.066385782635529
PV-205_d.SG,Hungary,Hungary_LateEarlyAvar.SG,1226.0,0.2999603450298309,1.6598988313289422,0.11132067992382447,-1.042037109241523
PV-200_d.SG,Hungary,Hungary_LateEarlyAvar.SG,1223.0,0.2228362560272216,1.68956096273938,0.07102713685488043,-1.0651133464845928
PLE-38_d.SG,Hungary,Hungary_Conqueror_Commoner.SG,1003.0,0.1084611415863037,1.6632033564222182,0.11652411765375471,-1.0299839427960453
PLE-384_d.SG,Hungary,Hungary_EarlyArpadian.SG,870.0,0.1338396221399307,1.6797507613325335,0.02896822193672523,-0.9254029239509903
PLE-23_d.SG,Hungary,Hungary_Conqueror_Commoner.SG,975.0,0.0979730114340782,1.6773637293474495,0.0626790764730003,-1.0948413191132107
PLE-216_d.SG,Hungary,Hungary_Conqueror_Commoner_oEastAsia.SG,975.0,0.1336498409509658,1.631492671890371,0.15739343988673296,-1.0252686926252932
PLE-115_d.SG,Hungary,Hungary_EarlyArpadian.SG,925.0,0.1713980287313461,1.6769811257778076,0.15985490097094257,-1.0464895512641863
MM-80_d.SG,Hungary,Hungary_EarlyAvar.SG,1328.0,0.1611540168523788,1.6615421195110247,0.06461901948836307,-1.0443184135653834
KK2-670_d.SG,Hungary,Hungary_LateEarlyAvar.SG,1175.0,0.1483139246702194,1.705180075113903,0.09218415272509979,-1.075828142812421
KeF1-10936_d.SG,Hungary,Hungary_Conqueror_Elite.SG,970.0,0.1179752349853515,1.6793341872460066,0.029145798070617016,-1.0567431264690987
K3-12_d.SG,Hungary,Hungary_Conqueror_Elite.SG,970.0,0.0917654559016227,1.6703650677201898,0.08231513224887235,-1.0560942682275332
K2-61_d.SG,Hungary,Hungary_Conqueror_Elite.SG,1025.0,0.0867549628019332,1.6985033120507136,0.08518756354037202,-0.9979288715884447
K2-33_d.SG,Hungary,Hungary_Conqueror_Elite_oEurope.SG,970.0,0.1212541982531547,1.701174245468998,0.11345982544817328,-1.051263818934042
IBE-90_d.SG,Hungary,Hungary_EarlyArpadian.SG,900.0,0.0654551088809967,1.6669240244408101,0.08363373972336212,-1.0829984234659258
FU-193_d.SG,Hungary,Hungary_EarlyAvar.SG,1227.0,0.1352978497743606,1.6308143192979967,0.08622324326943971,-0.9789305777111831
ARK-19_d.SG,Hungary,Hungary_LateEarlyAvar.SG,1150.0,0.180543914437294,1.6718626822696596,0.06836945311119662,-1.0243604158999626
VK534_d.SG,Italy,Italy_Medieval.SG,766.0,0.1483998894691467,-0.057677544188933,-0.7873026433612348,0.3539755514720495
VK394_d.SG,Norway,Norway_Viking.SG,1000.0,0.092822216451168,-0.5790855596664409,1.5804921305833994,-0.981252477841711
VK344_d.SG,Sweden,Sweden_Viking.SG,1000.0,0.1714442521333694,-0.9205703549259151,2.409601300486609,-0.5716895237162493
VK343_d.SG,Sweden,Sweden_Viking.SG,1000.0,0.1996702402830124,-0.888822587535934,2.4081961348747427,-0.5999840294533223
VK264_d.SG,UnitedKingdom,England_Viking.SG,953.0,0.1342840641736984,-1.435034214717529,0.13585784463666525,0.6614648064741842
KH150637_d.SG,Germany,Germany_Wartberg_LN.SG,5057.0,0.2301897853612899,-0.44010932114169604,-0.22564963952218392,0.7742334229901935
KH150633_d.SG,Germany,Germany_Wartberg_LN.SG,5159.0,0.1085844188928604,-0.36194808608498086,-0.2182776093871817,0.7866781272868264
ERS1790733_d.SG,Lebanon,Lebanon_MBA.SG,3775.0,0.2850294411182403,0.6555509406402957,-0.37935002777574367,1.3567890157120621
DA144_d.SG,Russia,Russia_Sarmatian.SG,2300.0,0.0669246762990951,-0.10716170391614536,0.6757649003612617,-0.24261168378022566
SZ5_d.SG,Hungary,Hungary_Langobard.SG,1442.0,0.2793385088443756,1.6628627745221745,0.04081651235351745,-1.0285622761800535
vbj008_d.SG,Sweden,Sweden_Gotland_Vasterbjers_PittedWare_BattleAxe.SG,4663.0,0.0816374197602272,-0.9022877459264436,2.4151668906261667,-0.5747960572884906
I0679.AG,Bulgaria,Bulgaria_Krepost_N.AG,7617.0,0.7296281456947327,1.3130194891866982,-0.28435161214136434,0.3266015949462761
I0211.AG,Russia,Russia_YuzhniyOleniyOstrov_Mesolithic.AG,8450.0,0.1274860799312591,-0.16320883905879605,0.6932940822033271,-0.25997630002018446
I8369.AG,Turkey,Turkey_Marmara_Iznik_Basilica_Roman_Byzantine_B.AG,1350.0,0.7741937637329102,1.3638884878030242,-0.6222309208933384,0.9076813815080037
I2443.AG,UnitedKingdom,England_BellBeaker.AG,4091.0,0.7634023427963257,-1.5290710828915188,0.01807502824593257,0.6278928823267471
CGG100317.SG,Denmark,Denmark_PostMedieval.SG,279.0,0.5957220196723938,-0.9185271525933757,0.8769602324319122,-0.17094807675711562
CGG100336.SG,Denmark,Denmark_PostMedieval.SG,279.0,0.4508427679538727,-0.9077398440432227,0.8643954829818629,-0.16355204635657122
CGG100341.SG,Denmark,Denmark_PostMedieval.SG,279.0,0.3711420595645904,-0.8994371074253835,0.854118765463349,-0.15193539303077302
CGG100415.SG,Denmark,Denmark_Medieval.SG,525.0,0.7825765013694763,-0.9059628753023712,0.9015275611544792,-0.1530266782436872
CGG100431.SG,Denmark,Denmark_PostMedieval.SG,200.0,0.0809837356209755,-0.8988284476888179,0.873873862787982,-0.18338252766660557
CGG100434.SG,Denmark,Denmark_PostMedieval.SG,300.0,0.0574941225349903,-0.875132501191752,0.8671738787939732,-0.16795893997439176
CGG100441.SG,Denmark,Denmark_Medieval.SG,582.0,0.3177882134914398,-0.9066229075352779,0.8581161959204773,-0.1625969385369703
CGG100442.SG,Denmark,Denmark_Medieval.SG,600.0,0.1689146757125854,-0.9033187998662878,0.8426458195678161,-0.1769369723424537
CGG100445.SG,Denmark,Denmark_PostMedieval.SG,400.0,0.7312761545181274,-0.9305685928445862,0.8621069176345176,-0.14276356209641788
CGG100447.SG,Denmark,Denmark_PostMedieval.SG,200.0,0.1370026171207428,-0.9209601580536357,0.8777813558415545,-0.13575294932707932
CGG100451.SG,Denmark,Denmark_PostMedieval.SG,200.0,0.6375877857208252,-0.8991280921667334,0.8107650419710725,-0.17789002919413147
CGG100452.SG,Denmark,Denmark_PostMedieval.SG,200.0,0.3508535623550415,-0.9524880358356458,0.86105720540477,-0.1644240673701719
CGG100453.SG,Denmark,Denmark_PostMedieval.SG,279.0,0.4093517363071441,-0.8721258993917347,0.8611545720975543,-0.14443451074210314
CGG100454.SG,Denmark,Denmark_PostMedieval.SG,279.0,0.5794853568077087,-0.8971264973235071,0.8490956269656773,-0.15346940146508875
CGG100456.SG,Denmark,Denmark_PostMedieval.SG,200.0,0.2643865048885345,-0.9137984223285862,0.8501502094142915,-0.1477073933373843
CGG100472.SG,Denmark,Denmark_PostMedieval.SG,279.0,0.6112465858459473,-0.9091878546042327,0.8632100264072907,-0.1611735957995595
CGG100492.SG,Denmark,Denmark_Medieval.SG,850.0,0.1742828339338302,-0.8980469329687949,0.8274933204401879,-0.19983279798798498
CGG100493.SG,Denmark,Denmark_Medieval.SG,613.0,0.1764652878046035,-0.9155410474552323,0.8817882447413427,-0.16311043962208963
CGG100497.SG,Denmark,Denmark_Medieval.SG,582.0,0.0941401273012161,-0.9196271881681513,0.8602548621133093,-0.13594359018702462
CGG100498.SG,Denmark,Denmark_Medieval.SG,525.0,0.3236194550991058,-0.8966922478846306,0.8619291112347084,-0.16438494141928794
CGG100501.SG,Denmark,Denmark_Medieval.SG,820.0,0.2293625473976135,-0.9167407652675894,0.8944867740095459,-0.14613070139160117
CGG100507.SG,Denmark,Denmark_Medieval.SG,775.0,0.2550938129425049,-0.9046453375079775,0.8733224686909307,-0.16996882632183122
CGG100512.SG,Denmark,Denmark_Medieval.SG,614.0,0.1006145104765892,-0.8965748845888015,0.8967957011247428,-0.15816678086892683
CGG100530.SG,Denmark,Denmark_PostMedieval.SG,279.0,0.2289797365665435,-0.8939815629546625,0.8079221052930563,-0.17666360680240156
CGG100535.SG,Denmark,Denmark_PostMedieval.SG,279.0,0.0554227717220783,-0.9158437450374587,0.880013339896314,-0.15493424046959672
CGG100539.SG,Denmark,Denmark_Medieval.SG,613.0,0.5774829387664795,-0.8896266194977474,0.8270489085188093,-0.15146547601976657
CGG100545.SG,Denmark,Denmark_Medieval.SG,613.0,0.1848212480545044,-0.9021978245257258,0.8392110644641302,-0.1626862566851381
CGG100651.SG,Denmark,Denmark_Medieval.SG,625.0,0.129314124584198,-0.9029494966245284,0.868736286803092,-0.18207344693365668
CGG100653.SG,Denmark,Denmark_Medieval.SG,800.0,0.230680450797081,-0.8964463895030277,0.879484770311784,-0.15164693123973028
CGG100678.SG,Denmark,Denmark_Medieval.SG,625.0,0.6818444132804871,-0.9122614595728077,0.8312267967602815,-0.14608496690111636
CGG100679.SG,Denmark,Denmark_Medieval.SG,625.0,0.6205222606658936,-0.8961841187620446,0.8624480730479819,-0.15828211317643356
CGG100682.SG,Denmark,Denmark_Medieval.SG,625.0,0.1129339262843132,-0.9280397274849358,0.90892692289903,-0.17761822103957545
CGG100683.SG,Denmark,Denmark_Medieval.SG,800.0,0.1834611594676971,-0.8992278137210813,0.9139128813080201,-0.1566065387708517
CGG100686.SG,Denmark,Denmark_Medieval.SG,800.0,0.4725449085235595,-0.9281450877182209,0.8345404070219344,-0.2233144245509123
CGG100687.SG,Denmark,Denmark_Medieval.SG,800.0,0.5076588988304138,-0.9085687548535362,0.8815112505578445,-0.18005274994007772
CGG100692.SG,Denmark,Denmark_Medieval.SG,800.0,0.5164592862129211,-0.9232644235919513,0.855076798592849,-0.15402652545262163
CGG100700.SG,Denmark,Denmark_Medieval.SG,600.0,0.062456764280796,-0.9015550715851154,0.8833976376377426,-0.1597961462453498
CGG100747.SG,Denmark,Denmark_Medieval.SG,800.0,0.0686310678720474,-0.911877835477732,0.8713985501457009,-0.130973553362541
CGG100748.SG,Denmark,Denmark_Medieval.SG,800.0,0.6561642289161682,-0.900154780347315,0.8736362406521646,-0.1588179440342319
CGG100749.SG,Denmark,Denmark_Medieval.SG,625.0,0.1421899050474167,-0.905938717160446,0.8310625311815096,-0.17912242407463008
CGG100750.SG,Denmark,Denmark_Medieval.SG,800.0,0.1694645583629608,-0.9309225613289323,0.8718527710468263,-0.1577261607825023
CGG100751.SG,Denmark,Denmark_Medieval.SG,625.0,0.3824858367443084,-0.920829232094431,0.8392095237413633,-0.15757995511157274
CGG100759.SG,Denmark,Denmark_Medieval.SG,625.0,0.2268159389495849,-0.9369159645268477,0.8583249738782076,-0.17913655082561034
CGG100797.SG,Denmark,Denmark_Medieval.SG,600.0,0.2526599466800689,-0.8803441939975225,0.8562674286340629,-0.1640822164451907
CGG100802.SG,Denmark,Denmark_Medieval.SG,600.0,0.0968724563717842,-0.9279168100767543,0.8825341070688368,-0.14759679233579548
CGG100820.SG,Denmark,Denmark_Medieval.SG,600.0,0.4128764271736145,-0.8878496916820855,0.8573387225506123,-0.14926222047984006
CGG100908.SG,Denmark,Denmark_Medieval.SG,600.0,0.0765652880072593,-0.9227475491759386,0.875304032619602,-0.16870113688248928
CGG100918.SG,Denmark,Denmark_Medieval.SG,800.0,0.2720092833042145,-0.9235832240488921,0.9090574211378574,-0.18758797106449357
CGG100920.SG,Denmark,Denmark_Medieval.SG,625.0,0.4545775353908539,-0.8747194659444895,0.8465201353043513,-0.15320269686111262
CGG100921.SG,Denmark,Denmark_Medieval.SG,800.0,0.1637573987245559,-0.9129421211782495,0.8051289691191432,-0.12392758623110825
CGG100926.SG,Denmark,Denmark_Medieval.SG,800.0,0.2191452980041504,-0.8929001414967617,0.8417438419511458,-0.1662844860197875
CGG100951.SG,Denmark,Denmark_Medieval.SG,800.0,0.3126447200775146,-0.8948641416806056,0.83154118585708,-0.14931824720523315
CGG101680.SG,Denmark,Denmark_Medieval.SG,625.0,0.5073798894882202,-0.9095415750386016,0.9273742110496848,-0.1492547068410271
CGG101689.SG,Denmark,Denmark_Medieval.SG,575.0,0.1810621619224548,-0.8837750383358578,0.8752900005724599,-0.15795268958963596
CGG101691.SG,Denmark,Denmark_Medieval.SG,625.0,0.120054692029953,-0.9016911864893802,0.8641619213048833,-0.14911273234056963
CGG101808.SG,Denmark,Denmark_Medieval.SG,575.0,0.0558323375880718,-0.9314620409095854,0.8753418932753018,-0.17002797169770137
CGG101809.SG,Denmark,Denmark_Medieval.SG,575.0,0.2772476971149444,-0.9141556411303222,0.8747082491200203,-0.14521618369087452
CGG101811.SG,Denmark,Denmark_Medieval.SG,575.0,0.4793680310249328,-0.9205921902190128,0.8401466599679199,-0.1795967434977637
CGG101813.SG,Denmark,Denmark_Medieval.SG,625.0,0.2233252972364425,-0.9477510998624437,0.9013418279940268,-0.1622340565705856
CGG101822.SG,Denmark,Denmark_Medieval.SG,625.0,0.7585767507553101,-0.9494991004105346,0.8759914346554954,-0.15608340562260012
CGG101825.SG,Denmark,Denmark_Medieval.SG,800.0,0.1066233664751052,-0.9140211059006929,0.8693079999378306,-0.18405693254348723
CGG101829.SG,Denmark,Denmark_Medieval.SG,1550.0,0.4173848927021026,-0.9066043231198663,0.8517139384576515,-0.14054795818870183
CGG101833.SG,Denmark,Denmark_Medieval.SG,625.0,0.2930983006954193,-0.9007630568873091,0.8398991950264013,-0.15739301310625112
CGG101835.SG,Denmark,Denmark_Medieval.SG,575.0,0.6940397024154663,-0.920964683091514,0.865334791194604,-0.15037765352963767
CGG101837.SG,Denmark,Denmark_Medieval.SG,1550.0,0.3921183347702026,-0.9344022059549789,0.9078765801773785,-0.1554743769776972
CGG101838.SG,Denmark,Denmark_Medieval.SG,625.0,0.6732345819473267,-0.9270325555638911,0.8795184915289855,-0.15857190342268312
CGG101839.SG,Denmark,Denmark_Medieval.SG,625.0,0.0788612961769104,-0.8716108479247527,0.8248924960592205,-0.13948184375137007
CGG101842.SG,Denmark,Denmark_Medieval.SG,1550.0,0.4934805929660797,-0.9288869424569817,0.8451866805117593,-0.1717470495742808
CGG101843.SG,Denmark,Denmark_Medieval.SG,575.0,0.1680590510368347,-0.9398450448023592,0.8543080638695466,-0.14306542704250536
CGG101845.SG,Denmark,Denmark_Medieval.SG,575.0,0.3584366142749786,-0.9203729253490067,0.8444179817455664,-0.14844738070452443
CGG101850.SG,Denmark,Denmark_Medieval.SG,575.0,0.3431107401847839,-0.8962579808439443,0.8837041636083112,-0.16460394965207018
CGG101854.SG,Denmark,Denmark_Medieval.SG,575.0,0.1444518417119979,-0.8823772082293581,0.842888271633149,-0.15941204982187354
CGG101855.SG,Denmark,Denmark_Medieval.SG,800.0,0.2493177354335785,-0.9248732802540599,0.8449659719175687,-0.14842322448069054
CGG101857.SG,Denmark,Denmark_Medieval.SG,625.0,0.228181704878807,-0.9083408376097634,0.8557592495206517,-0.15044952778788812
CGG101864.SG,Denmark,Denmark_Medieval.SG,625.0,0.4712350964546203,-0.8787934929882615,0.8514337541765387,-0.14009207583884217
CGG101873.SG,Denmark,Denmark_Medieval.SG,1550.0,0.2652259171009063,-0.9209319654516971,0.8283573815860454,-0.13359720120611776
BOY001.AG,Bulgaria,Bulgaria_Yamnaya_Boyanovo_EBA.AG,4746.0,0.4295810461044311,1.2686017201130972,-0.2934767494078248,0.3000585148386762
BOY008.AG,Bulgaria,Bulgaria_Boyanovo_EBA.AG,4757.0,0.1752966046333313,1.325120499232375,-0.3187771036133635,0.28386287297886587
BOY009.AG,Bulgaria,Bulgaria_Boyanovo_EBA.AG,4763.0,0.2534312307834625,1.2727813743954302,-0.2777249232860846,0.30532787524673566
BOY014.AG,Bulgaria,Bulgaria_Boyanovo_EBA.AG,5016.0,0.2650458812713623,1.325511475439992,-0.2851262067228125,0.33005219871116515
BOY019.AG,Bulgaria,Bulgaria_Boyanovo_EBA.AG,4755.0,0.0903299450874328,1.3326981698882463,-0.3357661688694591,0.31285306611575087
KTL001.AG,Ukraine,Ukraine_CernavodaI_Kartal_C.AG,5376.0,0.5433186888694763,-0.07609792672712275,1.3576304339711702,0.189450109001961
KTL002.AG,Ukraine,Ukraine_CernavodaI_Kartal_C.AG,5527.0,0.4814572036266327,-0.04588849029223064,1.3609402052496578,0.17977036341592237
KTL003.AG,Ukraine,Ukraine_CernavodaI_Kartal_C.AG,5552.0,0.5114139318466187,-0.02966456761866756,1.3793056486015023,0.179034775483361
KTL004.AG,Ukraine,Ukraine_CernavodaI_Kartal_C.AG,5819.0,0.6864274740219116,-0.0785717975164877,1.4123704031761666,0.18961923267172573
KTL005.AG,Ukraine,Ukraine_CernavodaI_Kartal_C.AG,5632.0,0.5580841302871704,-0.06742235654425766,1.3369941011423965,0.20136902143925448
KTL006.AG,Ukraine,Ukraine_CernavodaI_Kartal_C.AG,5967.0,0.7700737714767456,-0.06556336646815387,1.3877639048792194,0.1718496527783669
KTL007.AG,Ukraine,Ukraine_CernavodaI_Kartal_C.AG,5828.0,0.3467595279216766,-0.0983178015925105,1.3661848242500667,0.1833143106884325
KTL008.AG,Ukraine,Ukraine_CernavodaI_Kartal_C.AG,5625.0,0.1865787357091903,-0.05582316398426064,1.414273819370897,0.19219744788377308
MAJ002.AG,Ukraine,Ukraine_Eneolithic_Usatove_Majaky_C.AG,6297.0,0.7509223222732544,-0.0852047586361451,1.3957204798486842,0.19746974292660793
MAJ003.AG,Ukraine,Ukraine_Eneolithic_Usatove_Majaky_C.AG,5695.0,0.7206622958183289,-0.10215310466210878,1.3890933844893751,0.1839185416137078
MAJ004.AG,Ukraine,Ukraine_Eneolithic_Usatove_Majaky_EBA.AG,4647.0,0.2443842887878418,-0.05301764902702324,1.3871503251165382,0.2014061393305414
MAJ008.AG,Ukraine,Ukraine_Eneolithic_Usatove_Majaky_C.AG,6061.0,0.1778837740421295,-0.07824345883961487,1.3845620604638722,0.1857182120115256
MAJ009.AG,Ukraine,Ukraine_Eneolithic_Usatove_Majaky_C.AG,6343.0,0.2989684641361236,-0.021279019774214786,1.402868545972377,0.19695651425081023
MAJ017.AG,Ukraine,Ukraine_Eneolithic_Usatove_Majaky_EBA.AG,4803.0,0.7058230638504028,-0.09297422164499447,1.314637728887841,0.17752796978870405
MAJ019.AG,Ukraine,Ukraine_Eneolithic_Usatove_Majaky_EBA.AG,4726.0,0.2537102103233337,-0.07917005776723812,1.3535998284241921,0.17177145446144262
MAJ020.AG,Ukraine,Ukraine_Eneolithic_Usatove_Majaky_C.AG,5821.0,0.5948899388313293,-0.05293261438139399,1.37868416244762,0.19616325801356443
MAJ023.AG,Ukraine,Ukraine_Eneolithic_Usatove_Majaky_C.AG,6091.0,0.398262619972229,-0.0601492031508302,1.364512061109403,0.1804775836633175
PIE003.AG,Romania,Romania_PietreleMaguraGorgana_Gumelnita_C.AG,6356.0,0.3797210454940796,1.302469012265507,0.3600319247996402,-0.008659281138290233
PIE004.AG,Romania,Romania_PietreleMaguraGorgana_Gumelnita_C.AG,6571.0,0.5914666056632996,1.2877666686089242,0.42596123534048785,-0.03259069922155897
PIE005.AG,Romania,Romania_PietreleMaguraGorgana_Gumelnita_C.AG,6478.0,0.4788457155227661,1.2487453571117821,0.4113724938554409,-0.00432788791444069
PIE006.AG,Romania,Romania_PietreleMaguraGorgana_Gumelnita_C.AG,6443.0,0.2782055139541626,1.2623230875230513,0.38227961110752273,0.006334535137213803
PIE008.AG,Romania,Romania_PietreleMaguraGorgana_Gumelnita_C.AG,6360.0,0.5313391089439392,1.3113385779308506,0.4435670080373,0.01251860856563579
PIE010.AG,Romania,Romania_PietreleMaguraGorgana_Gumelnita_C.AG,6279.0,0.052017293870449,1.3044193843110634,0.40993079704267166,-0.03026929988300187
PIE012.AG,Romania,Romania_PietreleMaguraGorgana_Gumelnita_C.AG,6487.0,0.3577772378921509,1.2935834644194235,0.44459739704757356,-0.01893041406115359
PIE013.AG,Romania,Romania_PietreleMaguraGorgana_Gumelnita_C.AG,6390.0,0.325702965259552,1.2864153768240156,0.43330852500292927,0.007316895134626147
PIE014.AG,Romania,Romania_PietreleMaguraGorgana_Gumelnita_C.AG,6416.0,0.3424765169620514,1.2878480081710155,0.3857156841449937,0.012268234463597691
PIE015.AG,Romania,Romania_PietreleMaguraGorgana_Gumelnita_C.AG,6485.0,0.5070189833641052,1.296941376196569,0.41291616996785874,0.014763449724741407
PIE017.AG,Romania,Romania_PietreleMaguraGorgana_Gumelnita_C.AG,6562.0,0.5288679003715515,1.2505259024908675,0.4161069114107688,-0.016680792153501826
PIE018.AG,Romania,Romania_PietreleMaguraGorgana_Gumelnita_C.AG,6366.0,0.0882715731859207,1.2927938968178603,0.41616578244085817,3.5221960080127656e-05
PIE019.AG,Romania,Romania_PietreleMaguraGorgana_Gumelnita_C.AG,6450.0,0.3397133648395538,1.2792052966549792,0.41043818516580977,0.020089759399664966
PIE022.AG,Romania,Romania_PietreleMaguraGorgana_Gumelnita_C.AG,6335.0,0.0795149803161621,1.267024773855011,0.4017897532768203,-0.008961153148591187
PIE023.AG,Romania,Romania_PietreleMaguraGorgana_Gumelnita_C.AG,6453.0,0.6071817278862,1.2176576563380013,0.44582901965049593,-0.0343172908954936
PIE025.AG,Romania,Romania_PietreleMaguraGorgana_Gumelnita_C.AG,6454.0,0.2147122472524643,1.273236528920471,0.40933590944941733,-0.0024698182008956655
PIE026.AG,Romania,Romania_PietreleMaguraGorgana_Gumelnita_C.AG,6428.0,0.0947248712182045,1.2750849987018371,0.42601282393520296,0.0019026210348122646
PIE028.AG,Romania,Romania_PietreleMaguraGorgana_Gumelnita_C.AG,6365.0,0.5126766562461853,1.2581710306445313,0.41915777239594454,-0.023960180171827675
PIE029.AG,Romania,Romania_PietreleMaguraGorgana_Gumelnita_C.AG,6474.0,0.2750149369239807,1.2694153928005532,0.40190433974704076,-0.022397900496490052
PIE030.AG,Romania,Romania_PietreleMaguraGorgana_Gumelnita_C.AG,6233.0,0.0516361147165298,1.281620306597441,0.41591109877447113,0.005197226239901432
PIE032.AG,Romania,Romania_PietreleMaguraGorgana_Gumelnita_C.AG,6353.0,0.0729343518614769,1.2846310796969558,0.42258696805185225,-0.00206259742826671
PIE033.AG,Romania,Romania_PietreleMaguraGorgana_Gumelnita_C.AG,6531.0,0.5637199282646179,1.2916064318682638,0.4191935059626393,0.014244091791806834
PIE034.AG,Romania,Romania_PietreleMaguraGorgana_Gumelnita_C.AG,6539.0,0.5185906291007996,1.2806041188827249,0.4138557646078108,0.016290885831570588
PIE035.AG,Romania,Romania_PietreleMaguraGorgana_Gumelnita_C.AG,6478.0,0.244766280055046,1.271650343053215,0.42037909693008246,0.008611447974176414
PIE037.AG,Romania,Romania_PietreleMaguraGorgana_Gumelnita_C.AG,6242.0,0.4928585588932037,1.3018505603634012,0.4138119034637309,0.004129986424349671
PIE038.AG,Romania,Romania_PietreleMaguraGorgana_Gumelnita_C.AG,6513.0,0.630518913269043,1.2786385964179454,0.42653436340411544,-0.006345634222175186
PIE039.AG,Romania,Romania_Dudesti_PietreleMaguraGorgana_N.AG,7206.0,0.2467013746500015,1.2830912175491904,0.4202748252984712,0.0035716974617483205
PIE041.AG,Romania,Romania_PietreleMaguraGorgana_Gumelnita_C.AG,6486.0,0.5784724354743958,1.2426438173077174,0.41667839988936733,0.004355220090089574
PIE043.AG,Romania,Romania_PietreleMaguraGorgana_Gumelnita_C.AG,6833.0,0.1843143552541732,1.2884186154489528,0.41973813594321524,0.004559479825296115
PIE044.AG,Romania,Romania_PietreleMaguraGorgana_Gumelnita_C.AG,6381.0,0.059108056128025,1.2575238028714908,0.41740720431223366,0.007388320855506237
PIE048.AG,Romania,Romania_PietreleMaguraGorgana_Gumelnita_C.AG,6522.0,0.1935275644063949,1.2731622390825565,0.3964769941447628,0.010026109595698331
PIE050.AG,Romania,Romania_PietreleMaguraGorgana_Gumelnita_C.AG,6442.0,0.6580287218093872,1.3108247151431949,0.41010012348365427,0.001977233446894454
PIE053.AG,Romania,Romania_PietreleMaguraGorgana_Gumelnita_C.AG,6364.0,0.5031049847602844,1.2709873768359072,0.39644537968250687,0.0051699129030214185
PIE054.AG,Romania,Romania_PietreleMaguraGorgana_Gumelnita_C.AG,6236.0,0.5744367837905884,1.306957250729314,0.42500123217320035,0.028090556518868944
PIE057.AG,Romania,Romania_PietreleMaguraGorgana_Gumelnita_C.AG,6358.0,0.6908126473426819,1.2763617449047184,0.4102251503017379,0.0027446851503417904
PIE058.AG,Romania,Romania_PietreleMaguraGorgana_Gumelnita_C.AG,6235.0,0.5219093561172485,1.258668600577771,0.43320437491393277,-0.021484392234710884
PIE06061.AG,Romania,Romania_PietreleMaguraGorgana_Gumelnita_C.AG,6616.0,0.6821534037590027,1.2746290517896706,0.43226674777540897,-0.0038852437310375257
PIE061.AG,Romania,Romania_PietreleMaguraGorgana_Gumelnita_C.AG,6482.0,0.5503348112106323,1.2521230141745567,0.43540093124021334,-0.01915729360865674
PIE062.AG,Romania,Romania_PietreleMaguraGorgana_Gumelnita_C.AG,6243.0,0.1271787136793136,1.2663409680957722,0.38903738315910363,-0.008520166922925274
PIE063.AG,Romania,Romania_PietreleMaguraGorgana_Gumelnita_C.AG,6435.0,0.4679537117481231,1.2810082420007045,0.427496492595568,0.01516065813831055
PIE064.AG,Romania,Romania_PietreleMaguraGorgana_Gumelnita_C.AG,6449.0,0.0741127654910087,1.2829484035135788,0.4043944474089889,-0.010066708244503739
PIE065.AG,Romania,Romania_PietreleMaguraGorgana_Gumelnita_C.AG,6512.0,0.462788313627243,1.2623488005335533,0.3984025442366639,-0.005792836793517638
PIE069.AG,Romania,Romania_PietreleMaguraGorgana_Gumelnita_C.AG,6458.0,0.2175759673118591,1.2730092783746345,0.41855059173826203,0.021082032253635113
PIE071631.AG,Romania,Romania_CernavodaPossible_PietreleMaguraGorgana_C.AG,5648.0,0.4578759372234344,1.2856176861411575,0.42224142983966567,-0.015171254734929319
PIE074.AG,Romania,Romania_PietreleMaguraGorgana_Gumelnita_C.AG,6268.0,0.5230277180671692,1.2706351933344466,0.38987626894087335,0.019372592630952014
PIE075.AG,Romania,Romania_PietreleMaguraGorgana_Gumelnita_C.AG,6311.0,0.1746575236320495,1.2575544231403952,0.41550197607068107,-0.003968102151995189
PIE076.AG,Romania,Romania_PietreleMaguraGorgana_Gumelnita_C.AG,6242.0,0.5186652541160583,1.2583676714601633,0.41922742975584987,-0.007371826279472097
PIE077.AG,Romania,Romania_PietreleMaguraGorgana_Gumelnita_C.AG,6229.0,0.5806710720062256,1.2754260585616286,0.4080948826027278,0.011229144915948824
PIE078.AG,Romania,Romania_PietreleMaguraGorgana_Gumelnita_EBA.AG,5143.0,0.2490411698818206,1.268171522164297,0.4042760490950412,-0.01658512527797143
PTK001.AG,Bulgaria,Bulgaria_PetkoKaravelovo_Chalcolithic.AG,6494.0,0.3578064441680908,1.3423098919405003,-0.2760894952652224,0.33317114821898075
PTK004.AG,Bulgaria,Bulgaria_PetkoKaravelovo_Chalcolithic.AG,6493.0,0.1030021607875824,1.2862256560221803,-0.2943687747970083,0.28766955579230913
PTK005.AG,Bulgaria,Bulgaria_PetkoKaravelovo_Chalcolithic.AG,6500.0,0.298155814409256,1.3298126887912,-0.3113499288765344,0.3109582293345645
UBK003.AG,Ukraine,Ukraine_Eneolithic_Usatove_Usatove-BolsojKujalnik_C.AG,5832.0,0.3350191712379455,-0.04331489369593631,1.3939736061818844,0.19321893453261224
UBK006.AG,Ukraine,Ukraine_Eneolithic_Usatove_Usatove-BolsojKujalnik_C.AG,5575.0,0.4092633128166199,-0.0966936922007147,1.3701133290176568,0.16449482764074796
USV004.AG,Ukraine,Ukraine_Eneolithic_Usatove_Usatove-BolsojKujalnik_C.AG,5636.0,0.3468422591686249,-0.07364321068949896,1.383849162365373,0.21016656292571093
USV005.AG,Ukraine,Ukraine_Eneolithic_Usatove_Usatove-BolsojKujalnik_C.AG,5532.0,0.7373815178871155,-0.09051701824148639,1.3988782996792206,0.18617967726697363
VAR002.AG,Bulgaria,Bulgaria_Varna_Chalcolithic.AG,6451.0,0.0692555531859397,1.319303884923181,-0.31634373623983747,0.31989718092909053
VAR003.AG,Bulgaria,Bulgaria_Varna_Chalcolithic.AG,6500.0,0.2977973520755768,1.3565173659417793,-0.3250348143213248,0.29353793666841654
VAR004.AG,Bulgaria,Bulgaria_Varna_Chalcolithic.AG,6529.0,0.407809168100357,1.2952091697866095,-0.3033248873685337,0.30517967507852034
VAR006.AG,Bulgaria,Bulgaria_Varna_Chalcolithic.AG,6363.0,0.2814301252365112,1.290112492141268,-0.30932039044553455,0.33090759885026777
VAR008.AG,Bulgaria,Bulgaria_Varna_Chalcolithic.AG,6566.0,0.2416292428970337,1.347353382455326,-0.3150743222063648,0.30309977596154125
VAR009.AG,Bulgaria,Bulgaria_Varna_Chalcolithic.AG,6436.0,0.5914236307144165,1.2958639790097264,-0.29542060985630636,0.3152722091774982
VAR010.AG,Bulgaria,Bulgaria_Varna_Chalcolithic.AG,6549.0,0.6361392736434937,1.3231561613065663,-0.29600533079676705,0.32861135057886737
VAR011.AG,Bulgaria,Bulgaria_Varna_Chalcolithic.AG,6354.0,0.5700467228889465,1.317134639789787,-0.3057878884862067,0.3154893332194076
VAR012.AG,Bulgaria,Bulgaria_Varna_Chalcolithic.AG,6473.0,0.7204043865203857,1.3266513354202898,-0.2981889061562376,0.3219932751731158
VAR016.AG,Bulgaria,Bulgaria_Varna_Chalcolithic.AG,6402.0,0.3517099916934967,1.3063098335597394,-0.2948491540066441,0.3165484946487398
VAR017.AG,Bulgaria,Bulgaria_Varna_Chalcolithic.AG,6500.0,0.6991661787033081,1.326887623162833,-0.3179845726684026,0.2908118745637441
VAR018.AG,Bulgaria,Bulgaria_Varna_Chalcolithic.AG,6375.0,0.4874514639377594,1.3228783332136655,-0.2971059677425301,0.31957628764893475
VAR019.AG,Bulgaria,Bulgaria_Varna_Chalcolithic.AG,6574.0,0.5001618266105652,1.346097760794268,-0.31405178340320883,0.337512441906824
VAR020.AG,Bulgaria,Bulgaria_Varna_Chalcolithic.AG,6464.0,0.324281245470047,1.3329174086980293,-0.2887439584378984,0.3176217706060222
VAR021.AG,Bulgaria,Bulgaria_Varna_Chalcolithic.AG,6439.0,0.3478154838085174,1.3161742772250065,-0.3246573088939293,0.32340808353346406
VAR022.AG,Bulgaria,Bulgaria_Varna_Chalcolithic.AG,6453.0,0.7063931822776794,1.302962845036344,-0.29144034499134763,0.3180393050012255
VAR023_ANI160.AG,Bulgaria,Bulgaria_Varna_Chalcolithic.AG,6533.0,0.3439890742301941,1.3118986349172872,-0.3357352799925264,0.3292496549973065
VAR026.AG,Bulgaria,Bulgaria_Varna_Chalcolithic.AG,6446.0,0.0848158150911331,1.3235957129212244,-0.2803967877389537,0.33051834446395406
VAR027.AG,Bulgaria,Bulgaria_Varna_Chalcolithic.AG,6511.0,0.5039232969284058,1.279594954886998,-0.297863012769031,0.3208959420696485
VAR030.AG,Bulgaria,Bulgaria_Varna_Chalcolithic.AG,6428.0,0.3935027420520782,1.3421829998387804,-0.3308983141092186,0.3254448703292043
VAR032.AG,Bulgaria,Bulgaria_Varna_Chalcolithic.AG,6439.0,0.5417371988296509,1.3262260102217331,-0.3023127060215901,0.30436278866922706
VAR033.AG,Bulgaria,Bulgaria_Varna_Chalcolithic.AG,6586.0,0.4757841229438782,1.3250760075684942,-0.29769215118523734,0.31445518496959246
VAR034.AG,Bulgaria,Bulgaria_Varna_Chalcolithic.AG,6538.0,0.2737359702587127,1.3124186063106087,-0.30188681760697184,0.3022407459195996
YUN001.AG,Bulgaria,Bulgaria_Yunatsite_Chalcolithic_GumelnitaKaranovo.AG,6381.0,0.4156736433506012,1.3351708466177477,-0.2589208312490024,0.31671737724114263
YUN003_049.AG,Bulgaria,Bulgaria_Yunatsite_Chalcolithic_GumelnitaKaranovo.AG,6350.0,0.7291772365570068,1.2943169546601112,-0.3071290201123048,0.3486664670024664
YUN005.AG,Bulgaria,Bulgaria_Yunatsite_Chalcolithic_GumelnitaKaranovo.AG,6351.0,0.3424035310745239,1.3030327666270396,-0.31181123880891337,0.33054155496742027
YUN006_031.AG,Bulgaria,Bulgaria_Yunatsite_Chalcolithic_GumelnitaKaranovo.AG,6358.0,0.7051928639411926,1.3184525701674925,-0.29144542819906033,0.31211090942365105
YUN007.AG,Bulgaria,Bulgaria_Yunatsite_Chalcolithic_GumelnitaKaranovo.AG,6345.0,0.5797043442726135,1.3098218881655335,-0.3218540922570962,0.3209018900029609
YUN009.AG,Bulgaria,Bulgaria_Yunatsite_Chalcolithic_GumelnitaKaranovo.AG,6344.0,0.481797844171524,1.321385842122151,-0.30259062328431624,0.35632450600942656
YUN012.AG,Bulgaria,Bulgaria_Yunatsite_Chalcolithic_GumelnitaKaranovo.AG,6350.0,0.6099870800971985,1.3055692438676172,-0.29628620206720935,0.3240732898355066
YUN013.AG,Bulgaria,Bulgaria_Yunatsite_Chalcolithic_GumelnitaKaranovo.AG,6392.0,0.4326296746730804,1.337455061957522,-0.29482888817845754,0.3235891803847778
YUN014.AG,Bulgaria,Bulgaria_Yunatsite_Chalcolithic_GumelnitaKaranovo.AG,6354.0,0.3844233453273773,1.316614761270269,-0.3156862660173888,0.34912847379725004
YUN015.AG,Bulgaria,Bulgaria_Yunatsite_Chalcolithic_GumelnitaKaranovo.AG,6341.0,0.1448484361171722,1.319342271424235,-0.3111830811355355,0.33450496281122616
YUN019.AG,Bulgaria,Bulgaria_Yunatsite_Chalcolithic_GumelnitaKaranovo.AG,6350.0,0.5601076483726501,1.3046894600505035,-0.3075245560624488,0.34769781672364763
YUN021.AG,Bulgaria,Bulgaria_Yunatsite_Chalcolithic_GumelnitaKaranovo.AG,6239.0,0.4781531095504761,1.2734721062171845,-0.2970976069643919,0.2748472967609606
YUN025.AG,Bulgaria,Bulgaria_Yunatsite_Chalcolithic_GumelnitaKaranovo.AG,6350.0,0.4901083707809448,1.3079096893049895,-0.30897121889575657,0.3190046515824296
YUN026.AG,Bulgaria,Bulgaria_Yunatsite_Chalcolithic_GumelnitaKaranovo.AG,6411.0,0.3881678581237793,1.3498765127003725,-0.29339435436545264,0.3226234794071467
YUN027_I0781.AG,Bulgaria,Bulgaria_Yunatsite_Chalcolithic_GumelnitaKaranovo.AG,6350.0,0.6355569362640381,1.3196281644541326,-0.31006015536747106,0.3219182316135496
YUN028.AG,Bulgaria,Bulgaria_Yunatsite_Chalcolithic_GumelnitaKaranovo.AG,6393.0,0.3251360654830932,1.3294580270446437,-0.34864508980775016,0.3543319409921788
YUN033.AG,Bulgaria,Bulgaria_Yunatsite_EBA.AG,5042.0,0.2892751395702362,1.3967130972021584,-0.3170624713806937,0.3287295789383348
YUN034.AG,Bulgaria,Bulgaria_Yunatsite_EBA.AG,4800.0,0.1324057430028915,1.3397888433234788,-0.31484674950851194,0.3256258755023495
YUN035.AG,Bulgaria,Bulgaria_Yunatsite_EBA.AG,4925.0,0.2715997397899627,1.311102309146282,-0.3241621731874461,0.3292627796773347
YUN036.AG,Bulgaria,Bulgaria_Yunatsite_EBA.AG,4713.0,0.3541381955146789,1.379652688838047,-0.34540060129112515,0.34470587570304834
YUN037.AG,Bulgaria,Bulgaria_Yunatsite_EBA.AG,4925.0,0.3749019801616668,1.291756048979323,-0.29916482892833013,0.2986731720679469
YUN038.AG,Bulgaria,Bulgaria_Yunatsite_EBA.AG,4821.0,0.4709269106388092,1.3141665747219755,-0.3048473613361171,0.2853779342371518
YUN039.AG,Bulgaria,Bulgaria_Yunatsite_EBA.AG,4757.0,0.3233064115047455,1.3234658960881267,-0.31448244977146733,0.37183860374021627
YUN041.AG,Bulgaria,Bulgaria_Yunatsite_EBA.AG,4708.0,0.6374142169952393,1.3285520703822395,-0.32281671175716814,0.3611499402533124
YUN042.AG,Bulgaria,Bulgaria_Yunatsite_EBA.AG,4723.0,0.592444658279419,1.3312384607135213,-0.3201443077244871,0.34618394913323924
YUN043.AG,Bulgaria,Bulgaria_Yunatsite_EBA.AG,4708.0,0.6561017632484436,1.280004957057603,-0.2940619953094193,0.30143607943195166
YUN044.AG,Bulgaria,Bulgaria_Yunatsite_EBA.AG,4925.0,0.0747794210910797,1.314794340851079,-0.32457755801914,0.3227065590630951
YUN045.AG,Bulgaria,Bulgaria_Yunatsite_EBA.AG,4842.0,0.2962539792060852,1.3247433083587952,-0.3122549246584085,0.30518746356687737
YUN048.AG,Bulgaria,Bulgaria_Yunatsite_Chalcolithic_GumelnitaKaranovo.AG,6435.0,0.2737708389759063,1.3342373930039224,-0.29737746335482457,0.2845881581115982
Vestonice13_d.AG,Czechia,Czechia_Gravettian.AG,30800.0,0.0806204006075859,-0.379833781483919,0.06388210633678447,0.1992169000485996
Vestonice43_d.AG,Czechia,Czechia_Gravettian.AG,29800.0,0.0945991650223732,-0.3820209286957176,0.01678527664659417,0.19482910483060184
Ostuni1_d.AG,Italy,Italy_Gravettian_contam.AG,27614.0,0.2265588492155075,-0.06017847089207754,-0.7145523525510775,0.40283397383013697
Muierii2_d.AG,Romania,Romania_UP_Muierri.AG,34415.0,0.0541300065815448,1.3019571250291868,0.40610189814391096,-0.035890205981391636
ElMiron_d.AG,Spain,Spain_Magdalenian_contam.AG,18775.0,0.5171762108802795,-1.0837104584483548,-2.2448906305395333,-1.209381845341325
GoyetQ116-1.AG,Belgium,Belgium_GoyetQ116_1_UP.AG,35208.0,0.4914806187152862,0.040622188242177525,-0.18995724228769545,-0.16894678220408163
Vestonice16.AG.BY.AA,Czechia,Czechia_Gravettian.AG.BY.AA,29800.0,0.6218758225440979,-0.31973760263115686,-0.013250631309430381,0.16112718291102548
Ranchot88_d.AG,France,France_Mesolithic.AG,10134.0,0.2939441800117492,-0.9473295043044306,-0.8086013311372259,-0.43992712819385466
Villabruna.AG.BY.AA,Italy,Italy_Epigravettian.AG.BY.AA,14021.0,0.7409021854400635,-0.1535408252711055,-0.5874025198976718,0.3281148304815628
Paglicci133_original.AG,Italy,Italy_Gravettian.AG,32886.0,0.056722842156887,-0.07149290241972103,-0.7088293654075841,0.3932199428046308
I0061.SG,Russia,Russia_YuzhniyOleniyOstrov_Mesolithic.SG,8450.0,0.8510656356811523,-0.19389973180949077,0.6991116145125645,-0.22542779824846532
Chaudardes1_d.AG,France,France_Mesolithic.AG,8193.0,0.0649652481079101,-0.9737496066728749,-0.8354922658419456,-0.4592514030564173
IGR001_d.AG,Ukraine,Ukraine_Igren_N_alt.AG,7565.0,0.0585038438439369,-0.057608361626249466,1.3870632771438574,0.1680305393300374
Bockstein.AG,Germany,Germany_Mesolithic.AG,8391.0,0.0890663787722587,-0.36799816106545463,-0.2070196240873158,0.778483728918905
Brillenhohle.AG,Germany,Germany_Magdalenian_contam.AG,14817.0,0.1994204372167587,-0.4062418545322126,-0.29281380334988855,0.6214990978974971
Burkhardtshohle.AG,Germany,Germany_Magdalenian_oWHG_critical.AG,14620.0,0.1312443614006042,-0.36911545126207296,-0.3145805645413212,0.6658610971829212
CIO001.AG,Romania,Romania_Cioclovina_UP_contam.AG,32669.0,0.1224682927131652,1.270582493018348,0.4415898892798133,-0.0024011785195239446
Chaudardes1.AG,France,France_Mesolithic_contam.AG,8193.0,0.2327866852283477,-0.9757584635125128,-0.7754322093229795,-0.4410031561594153
DOG009.AG,Netherlands,Netherlands_Doggerland_Mesolithic_contam.AG,8813.0,0.6262570023536682,-1.2782131389223872,0.1256466961874217,-0.19718704922236532
DOG010.AG,Netherlands,Netherlands_Doggerland_Mesolithic_contam.AG,8699.0,0.5434200763702393,-1.2707015913536492,0.14247040148435303,-0.20464855088114917
DLV006.AG,Czechia,Czechia_Gravettian_contam.AG,30981.0,0.5749315023422241,-0.32042409710611974,-3.2480257419492224e-05,0.16787737879116058
GOY001.AG,Belgium,Belgium_Gravettian_contam.AG,27442.0,0.2501474022865295,0.028905287917231442,-0.14378542211852072,-0.17528706069864283
GOY007.AG,Belgium,Belgium_Gravettian_contam.AG,27792.0,0.3594812154769897,0.10083658450122039,-0.14948750684912795,-0.1546852057771089
GoyetQ376-19.AG,Belgium,Belgium_Gravettian.AG,27509.0,0.0783130452036857,0.03352868973520231,-0.14002979420386216,-0.16445449736594928
GoyetQ53-1.AG,Belgium,Belgium_Gravettian_contam.AG,28082.0,0.1389652788639068,0.049216152532942224,-0.15734932459072154,-0.1961469530782039
GFW002.003.AG,Germany,Germany_Mesolithic.AG,7878.0,0.7657307982444763,-0.4204651582366506,-0.15441094604040076,0.6946887444315126
HohleFels10_79.AG,Germany,Germany_Magdalenian.AG,14679.0,0.095343679189682,-0.40870442576053,-0.3130633351023961,0.6976144786205487
HohleFels49.AG,Germany,Germany_Magdalenian.AG,15609.0,0.2653402686119079,-0.437206363287122,-0.30969331997708927,0.5797540958256123
AMI001.AG,Spain,Spain_Mesolithic.AG,6748.0,0.6903803944587708,-1.0897848330463,-2.257383289621689,-1.182282888088138
LMA001.AG,France,France_Magdalenian_contam.AG,18077.0,0.1101229265332222,-0.9563111638364389,-0.8810429094255473,-0.4678598316155327
RIE002.AG,Spain,Spain_Solutrean_contam_lc.AG,20872.0,0.3604503870010376,-1.1088379163255966,-2.4164203591573252,-1.2553195349594757
LRO001.AG,France,France_Gravettian_contam.AG,27674.0,0.0621956139802932,-0.994314365806258,-0.8504947826844351,-0.4726797007734713
LPI002.AG,France,France_Solutrean_contam.AG,23478.0,0.4742691218852997,-1.0424939525541486,-0.8246434245091471,-0.49630954810696815
MAF001.AG,France,France_Mesolithic.AG,8865.0,0.1979022175073623,-0.9572705102353891,-0.7809698643258384,-0.4210009901111054
MAZ001.AG,Poland,Poland_Magdalenian_contam.AG,18272.0,0.4392370581626892,-0.20332716333492928,1.8134488093173449,-0.4849081287250962
MAZ003.AG,Poland,Poland_Magdalenian_contam.AG,15572.0,0.5981761813163757,-0.2073871456720923,1.7079264732738586,-0.5234731177881208
ORM001.AG,France,France_Gravettian.AG,30903.0,0.3457343876361847,-0.9199529406258189,-0.8292333405413759,-0.44246824139456703
OST002.AG,Germany,Germany_LN.AG,5245.0,0.6659459471702576,-0.431957422970644,-0.1784102746157279,0.7471814103835602
PA12.AG,Italy,Italy_Gravettian.AG,28891.0,0.8108186721801758,-0.05018905875137821,-0.6971417418875019,0.3640840165750843
Paglicci133.AG,Italy,Italy_Gravettian_contam.AG,32886.0,0.066335879266262,-0.053616865450683615,-0.6998210343865783,0.386040835489408
GER002.AG,Spain,Spain_Gravettian_contam.AG,26144.0,0.1700152456760406,-1.109088492581471,-2.3124425755629083,-1.2080453833053442
Rigney1.AG,France,France_Magdalenian.AG,15459.0,0.1321664899587631,-0.9947765493771115,-0.8807807107629572,-0.4897822548664869
UOO023.AG,Russia,Russia_YuzhniyOleniyOstrov_Mesolithic.AG,8125.0,0.6252626776695251,-0.17968870501536136,0.7102329336520821,-0.22842274407754865
UOO035.056.AG,Russia,Russia_YuzhniyOleniyOstrov_Mesolithic.AG,8120.0,0.3060421943664551,-0.1729009915919746,0.7044543158881301,-0.2398154476817417
prs013_d.SG,Ireland,Ireland_Megalithic.SG,5403.0,0.2596193253993988,-1.6268645220480695,-0.06426950252605235,0.5734953405516319
I1734.SG,Ukraine,Ukraine_Mesolithic.SG,8100.0,0.9967705011367798,-0.06767657872305095,1.3584812460832785,0.17828909798361506
BachoKiro_BB7_240_all.AG.BY.AA,Bulgaria,Bulgaria_BachoKiro_IUP_alt.AG.BY.AA,45371.0,0.5961810350418091,1.2308136988890128,-0.3028223924577733,0.25126979301017605
BachoKiro_BK1653_all.AG.BY.AA,Bulgaria,Bulgaria_BachoKiro_UP_alt.AG.BY.AA,34948.0,0.7927913069725037,1.2634713392967782,-0.30165911457600936,0.314761104043879
BachoKiro_CC7_335_all.AG.BY.AA,Bulgaria,Bulgaria_BachoKiro_IUP_alt.AG.BY.AA,45117.0,0.4405160248279571,1.2337495269335437,-0.2683220357181073,0.25434580800083906
BachoKiro_F6_620_all.AG.BY.AA,Bulgaria,Bulgaria_BachoKiro_IUP.AG.BY.AA,43106.0,0.8635894060134888,1.2491476567671023,-0.26892350970275086,0.24859808183189677
Oase1_all.AG.BY.AA,Romania,Romania_Oase1_IUP_contam.AG.BY.AA,39982.0,0.2156141102313995,1.236618910298834,0.39742566726988526,-0.009827815775029157
BachoKiro_BB7_240_d.AG.BY.AA,Bulgaria,Bulgaria_BachoKiro_IUP.AG.BY.AA,45371.0,0.2546112537384033,1.303872926246668,-0.2710288795268593,0.2772505270677838
BachoKiro_BK1653_d.AG.BY.AA,Bulgaria,Bulgaria_BachoKiro_UP.AG.BY.AA,34948.0,0.2646144032478332,1.2314188096047947,-0.308787759217088,0.2994792486535234
BachoKiro_CC7_335_d.AG.BY.AA,Bulgaria,Bulgaria_BachoKiro_IUP.AG.BY.AA,45117.0,0.1727572977542877,1.2923856553721682,-0.2858209626072664,0.27164130974500617
BachoKiro_F6_620_d.AG.BY.AA,Bulgaria,Bulgaria_BachoKiro_IUP_alt.AG.BY.AA,43106.0,0.5368970036506653,1.271573980618048,-0.26501287294002407,0.24092458296565875
AVL001.SG,Denmark,Denmark_AvlebjergStroby_N.SG,5165.0,0.0981360301375389,-0.9214702674896184,0.8489718115619594,-0.15915023829049854
FIR001.SG,Sweden,Sweden_FirseSten_Steppe2.SG,3031.0,0.7933752536773682,-0.8979245970119176,2.485349079339095,-0.6343760977390434
FRA002.SG,Sweden,Sweden_Fralsegarden_N.SG,5173.0,0.9360517859458924,-0.8985665189721294,2.4777383503070176,-0.6169882612063978
FRA004.SG,Sweden,Sweden_Fralsegarden_N.SG,5144.0,0.9947965145111084,-0.9292745471506835,2.5180547186630577,-0.6201120364899136
FRA005.SG,Sweden,Sweden_Fralsegarden_N.SG,4958.0,0.9978662133216858,-0.8959842274684943,2.5500042922920243,-0.6304415862535823
FRA005_d.SG,Sweden,Sweden_Fralsegarden_N.SG,4958.0,0.1663761883974075,-0.8937966252539535,2.454155090431784,-0.5895844746686159
FRA006.SG,Sweden,Sweden_Fralsegarden_N.SG,4966.0,0.0685734897851944,-0.9241210807476624,2.4409540311413886,-0.5975593108567556
FRA007.SG,Sweden,Sweden_Fralsegarden_N.SG,5084.0,0.6731899976730347,-0.9141718145327545,2.481907808807671,-0.6167316286462919
FRA009.SG,Sweden,Sweden_Fralsegarden_N.SG,5091.0,0.589179515838623,-0.9287941745538801,2.483824703707635,-0.5863739541798232
FRA010.SG,Sweden,Sweden_Fralsegarden_N.SG,5153.0,0.072029247879982,-0.9024961156821852,2.4823669464283653,-0.626398238787489
FRA011.SG,Sweden,Sweden_Fralsegarden_N.SG,5081.0,0.4972380697727203,-0.8785251886791167,2.462173222740949,-0.5948815606684004
FRA012.SG,Sweden,Sweden_Fralsegarden_N.SG,5133.0,0.6243292093276978,-0.8909228035794151,2.4392697980450544,-0.5987348609226296
FRA013.SG,Sweden,Sweden_Fralsegarden_N.SG,4966.0,0.9216042160987854,-0.9500175963196402,2.477922205473092,-0.6831697916151312
FRA013_d.SG,Sweden,Sweden_Fralsegarden_N.SG,4966.0,0.0906016379594802,-0.916558898234025,2.510031386356435,-0.5720581026138989
FRA014.SG,Sweden,Sweden_Fralsegarden_N.SG,4932.0,0.3312714397907257,-0.9251854663348673,2.4769338913436516,-0.5728117591662896
FRA014_d.SG,Sweden,Sweden_Fralsegarden_N.SG,4932.0,0.0668606087565422,-0.926797800832749,2.4447936274130715,-0.6010775850777754
FRA015.SG,Sweden,Sweden_Fralsegarden_N.SG,4991.0,0.1026477441191673,-0.9080596502608647,2.4871920385278323,-0.5841667611860254
FRA020.SG,Sweden,Sweden_Fralsegarden_N.SG,4918.0,0.9723725318908693,-0.9342021912060334,2.563175791588936,-0.6016024803362168
FRA020_d.SG,Sweden,Sweden_Fralsegarden_N.SG,4918.0,0.0700876638293266,-0.8855075434326681,2.469069572148206,-0.5951569232021279
FRA021.SG,Sweden,Sweden_Fralsegarden_N.SG,5046.0,0.5803247690200806,-0.9482567929372495,2.4805723112118505,-0.5927640087078228
FRA022.SG,Sweden,Sweden_Fralsegarden_N.SG,5014.0,0.9397848844528198,-0.8801140081637961,2.5589130208594577,-0.5867808130564234
FRA023.SG,Sweden,Sweden_Fralsegarden_N.SG,5050.0,0.5969312787055969,-0.9139752165005589,2.4855031416570865,-0.5906735688739869
FRA023_d.SG,Sweden,Sweden_Fralsegarden_N.SG,5050.0,0.1416440904140472,-0.9405248275111432,2.380537355330891,-0.5760185679516273
FRA024.SG,Sweden,Sweden_Fralsegarden_N.SG,4933.0,0.1290497332811355,-0.9490116198160437,2.524300686833296,-0.591195794982071
FRA025.SG,Sweden,Sweden_Fralsegarden_N.SG,4959.0,0.8875972628593445,-0.92318545063423,2.5040159266452933,-0.613305357940333
FRA025_d.SG,Sweden,Sweden_Fralsegarden_N.SG,4959.0,0.1657565683126449,-0.9488311043728165,2.487420538871281,-0.5811209721385452
FRA026.SG,Sweden,Sweden_Fralsegarden_N.SG,4958.0,0.1292825043201446,-0.8703871989231785,2.501155809075139,-0.5766500529116102
FRA027.SG,Sweden,Sweden_Fralsegarden_N.SG,4919.0,0.8789169192314148,-0.8654921934385904,2.4836887653826354,-0.6208403950886555
FRA028.SG,Sweden,Sweden_Fralsegarden_N.SG,4955.0,0.4797848761081695,-0.9110081638127556,2.499064723542265,-0.5845828327937244
FRA029.SG,Sweden,Sweden_Fralsegarden_N.SG,4955.0,0.6612809300422668,-0.9336603158528634,2.4932938914040403,-0.5920841027768818
FRA030.SG,Sweden,Sweden_Fralsegarden_N.SG,4939.0,0.867901623249054,-0.9493114163040716,2.5171503230175847,-0.6324206756046927
FRA031.SG,Sweden,Sweden_Fralsegarden_N.SG,4950.0,0.3601819276809692,-0.9259924923890372,2.479244206768002,-0.6142641076871868
FRA032.SG,Sweden,Sweden_Fralsegarden_N.SG,4937.0,0.4151740372180938,-0.9329573158972887,2.4797752463202225,-0.6032224137541689
FRA033.SG,Sweden,Sweden_Fralsegarden_N.SG,4899.0,0.4275178015232086,-0.9229392068567426,2.466118037360586,-0.5746682067673176
FRA033_d.SG,Sweden,Sweden_Fralsegarden_N.SG,4899.0,0.0892091169953346,-0.8928632305767973,2.4434469114901325,-0.5714740215959297
FRA034.SG,Sweden,Sweden_Fralsegarden_N.SG,4943.0,0.5507768392562866,-0.9027886489246197,2.451540947341028,-0.5800231720383736
FRA034_d.SG,Sweden,Sweden_Fralsegarden_N.SG,4943.0,0.1197789460420608,-0.9573839902811231,2.4341095519666376,-0.6121712233480573
FRA037.SG,Sweden,Sweden_Fralsegarden_N.SG,5075.0,0.1107044294476509,-0.9802097507716508,2.5153090840309025,-0.5713575409237789
FRA039.SG,Sweden,Sweden_Fralsegarden_N.SG,4933.0,0.6844323873519897,-0.9334502897865785,2.541600306459455,-0.5694260515703695
FRA040.SG,Sweden,Sweden_Fralsegarden_N.SG,4991.0,0.0972828343510627,-0.9020789543925478,2.4917375206220043,-0.5948567492606105
FRA041.SG,Sweden,Sweden_Fralsegarden_N.SG,4955.0,0.6881338357925415,-0.9390117671909621,2.492167749758866,-0.5749668009493022
FRA042.SG,Sweden,Sweden_Fralsegarden_N.SG,4932.0,0.2700344622135162,-0.8873974490944381,2.4755892939652617,-0.6088455893559391
FRA043.SG,Sweden,Sweden_Fralsegarden_N.SG,4866.0,0.2423543035984039,-0.8723906887185325,2.464041255348739,-0.5719521730912182
FRA101.SG,Sweden,Sweden_Fralsegarden_N.SG,4921.0,0.1033541411161422,-0.9328351579407902,2.490274480523617,-0.5854768312141505
FRA102.SG,Sweden,Sweden_Fralsegarden_N.SG,5165.0,0.0816066041588783,-0.9290638808960426,2.5095887081158565,-0.6270957041732486
FRA103.SG,Sweden,Sweden_Fralsegarden_N.SG,5000.0,0.1406441032886505,-0.9380753234902105,2.4400663113916363,-0.5572007355160559
FRA104.SG,Sweden,Sweden_Fralsegarden_N.SG,4928.0,0.1816566437482834,-0.9316751630835182,2.475506081767719,-0.6044460673614483
FRA105.SG,Sweden,Sweden_Fralsegarden_N.SG,4755.0,0.9221395254135132,-0.9089412227385348,2.5216300920522157,-0.5670245741743996
FRA105_d.SG,Sweden,Sweden_Fralsegarden_N.SG,4755.0,0.065613254904747,-0.9345601585646922,2.4263013484300275,-0.5408227138762558
FRA106.SG,Sweden,Sweden_Fralsegarden_N.SG,5113.0,0.2687773704528808,-0.9499923706213974,2.5282526577797206,-0.6431879676840109
FRA107.SG,Sweden,Sweden_Fralsegarden_N.SG,5000.0,0.9268750548362732,-0.9047916734150319,2.552298055585574,-0.5785417420119642
FRA108.SG,Sweden,Sweden_Fralsegarden_N_HG.SG,4844.0,0.7380433082580566,-0.9110889587127046,2.382288006488064,-0.5806092715245866
FRA201.SG,Sweden,Sweden_Fralsegarden_Steppe1.SG,4322.0,0.4643600583076477,-0.9133313549628129,2.4701867309820007,-0.5969005498933875
FRA202.SG,Sweden,Sweden_Fralsegarden_Steppe1.SG,4348.0,0.9949911236763,-0.82992485302441,2.4737704119174744,-0.6637379839868545
FRA301.SG,Sweden,Sweden_Fralsegarden_Steppe2.SG,3966.0,0.6369551420211792,-0.9095554642961686,2.4475820908934103,-0.5519835541939837
Gok2.SG,Sweden,Sweden_Fralsegarden_N.SG,5075.0,0.578888475894928,-0.9348287848638202,2.4601540515006044,-0.5894746392944473
Gok2_d.SG,Sweden,Sweden_Fralsegarden_N.SG,5075.0,0.1747580915689468,-0.9137598488423057,2.4293322793880705,-0.5950705188642874
HJE003.SG,Sweden,Sweden_HjelmarsRor_N.SG,4950.0,0.1278323978185653,-0.9595697398372924,2.4709223388287054,-0.5929271023346971
HJE005.SG,Sweden,Sweden_HjelmarsRor_N.SG,5075.0,0.296176940202713,-0.9052991476216169,2.4800634742182637,-0.5972970394366242
HJE006.SG,Sweden,Sweden_HjelmarsRor_N.SG,5075.0,0.5359302759170532,-0.9307598571017002,2.488404526956631,-0.5880997008535456
HJE007.SG,Sweden,Sweden_HjelmarsRor_N.SG,5075.0,0.2181136757135391,-0.9719562154612171,2.4843586468873005,-0.6050786094046473
HJE008.SG,Sweden,Sweden_HjelmarsRor_N.SG,5075.0,0.0889098495244979,-0.9406195104527671,2.518645235825256,-0.6134746268656597
HJE009.SG,Sweden,Sweden_HjelmarsRor_N.SG,5075.0,0.1136873662471771,-0.9212943588501417,2.44424983489133,-0.5516612231739932
HJE010.SG,Sweden,Sweden_HjelmarsRor_N.SG,5075.0,0.6487360596656799,-0.9301110984434326,2.4560622513882984,-0.5957207193591505
HJE011.SG,Sweden,Sweden_HjelmarsRor_N.SG,5075.0,0.2164170145988464,-0.9294650586029133,2.50648873757227,-0.571823938038943
HJE012.SG,Sweden,Sweden_HjelmarsRor_N.SG,5160.0,0.6896731853485107,-0.9066157940828286,2.493064029476546,-0.5931555906397917
HJE012_d.SG,Sweden,Sweden_HjelmarsRor_N.SG,5160.0,0.0683423429727554,-0.8850072823632172,2.451987226987751,-0.5562444590687565
HJE013.SG,Sweden,Sweden_HjelmarsRor_N.SG,5075.0,0.798313558101654,-0.9151952041965234,2.4381957476475997,-0.5732605226157845
HJE014.SG,Sweden,Sweden_HjelmarsRor_N.SG,5075.0,0.1028083264827728,-0.8572673491723777,2.476373485000666,-0.5841254094313149
HUN001.SG,Sweden,Sweden_Hunnebostrand_N.SG,5175.0,0.5543623566627502,-0.9175740383084536,2.4806782648595185,-0.5887165394401703
HUN002.SG,Sweden,Sweden_Hunnebostrand_N.SG,5218.0,0.9618268609046936,-0.9248998077865532,2.486108804032199,-0.5974333983978222
HUN002_d.SG,Sweden,Sweden_Hunnebostrand_N.SG,5218.0,0.1115065291523933,-0.9336898803861171,2.477160219546344,-0.5643627278765001
LAN001.SG,Sweden,Sweden_Landbogarden_N.SG,4929.0,0.3123762607574463,-0.9145412953914583,2.4667626150729967,-0.5794922368300984
LAN002.SG,Sweden,Sweden_Landbogarden_N.SG,4967.0,0.1438208669424057,-0.8992399219253534,2.4735514084177983,-0.5966615835743446
LAN003.SG,Sweden,Sweden_Landbogarden_N.SG,4966.0,0.1544411927461624,-0.89699224312726,2.4537688047814408,-0.5778828703353635
LAN004.SG,Sweden,Sweden_Landbogarden_N.SG,4977.0,0.9650636315345764,-0.8923336826163224,2.501362701241539,-0.5974206180494429
LAN004_d.SG,Sweden,Sweden_Landbogarden_N.SG,4977.0,0.3493685722351074,-0.9178816291989379,2.4262406396711467,-0.6090029982775609
LAN005.SG,Sweden,Sweden_Landbogarden_N.SG,4939.0,0.8206855654716492,-0.9501553906371667,2.496909035078104,-0.6261448758203905
LAN005_d.SG,Sweden,Sweden_Landbogarden_N.SG,4939.0,0.095994122326374,-0.9555149940402814,2.4933201413140873,-0.5912612598782904
LAN006.SG,Sweden,Sweden_Landbogarden_N.SG,4928.0,0.7389800548553467,-0.9177740358929347,2.4561221920472276,-0.5658401769607384
LAN006_d.SG,Sweden,Sweden_Landbogarden_N.SG,4928.0,0.0795766115188598,-0.9234575798932136,2.4423277473095464,-0.6057925170860313
LAN007.SG,Sweden,Sweden_Landbogarden_N.SG,4950.0,0.9945669770240784,-0.9136292168946474,2.4645849066664343,-0.5808122363138976
LAN007_d.SG,Sweden,Sweden_Landbogarden_N.SG,4950.0,0.6821655631065369,-0.8873147564736664,2.401566169410028,-0.589320203644813
LAN008.SG,Sweden,Sweden_Landbogarden_N.SG,4950.0,0.9428586959838868,-0.9283539348926816,2.521246133311783,-0.6134580378689829
LAN008_d.SG,Sweden,Sweden_Landbogarden_N.SG,4950.0,0.465900182723999,-0.9187871667295557,2.403138427549376,-0.5846605192804688
LAN009.SG,Sweden,Sweden_Landbogarden_N.SG,4950.0,0.214875265955925,-0.9178438203629418,2.466522647886593,-0.5646501125728322
NAS001.SG,Sweden,Sweden_Nastegarden_Steppe2.SG,3766.0,0.1147895455360412,-0.918827441902751,2.470806918988718,-0.6095290643054361
NAS002.SG,Sweden,Sweden_Nastegarden_Steppe2.SG,3960.0,0.1184375211596489,-0.8983301812974297,2.4886369304314906,-0.6187067990354251
NAS003.SG,Sweden,Sweden_Nastegarden_Steppe2.SG,4022.0,0.7901498079299927,-0.9284759319306365,2.456167031526404,-0.564978698851689
NAS003_d.SG,Sweden,Sweden_Nastegarden_Steppe2.SG,4022.0,0.0667803213000297,-0.907321018812593,2.503222568066269,-0.5677573184479772
NAS004.SG,Sweden,Sweden_Nastegarden_Steppe2.SG,3644.0,0.6413249373435974,-0.9086594683614216,2.4051514278266426,-0.589572971009522
NAS004_d.SG,Sweden,Sweden_Nastegarden_Steppe2.SG,3644.0,0.0596684701740741,-0.9260054232449932,2.5009445178392014,-0.5867532238705638
ROS003.SG,Sweden,Sweden_Rossberga_N.SG,5084.0,0.3164394795894623,-0.9441558775321158,2.5312576364797885,-0.5991346661154349
ROS003_d.SG,Sweden,Sweden_Rossberga_N.SG,5084.0,0.0569077543914318,-0.9147206081011937,2.503111965878962,-0.5689293976910389
ROS004.SG,Sweden,Sweden_Rossberga_N.SG,4994.0,0.0658946856856346,-0.9306974784956408,2.4516840067033154,-0.6411638542204171
ROS005.SG,Sweden,Sweden_Rossberga_N.SG,4955.0,0.4919169545173645,-0.9316999901600803,2.5326372841313396,-0.5947026833289306
ROS016.SG,Sweden,Sweden_Rossberga_N.SG,4915.0,0.8859655261039734,-0.9129820849812198,2.4831482419355666,-0.6024869329550704
ROS016_d.SG,Sweden,Sweden_Rossberga_N.SG,4915.0,0.1093629971146583,-0.9088367810300588,2.4392163232041595,-0.5819081142734814
ROS018.SG,Sweden,Sweden_Rossberga_N.SG,5148.0,0.5688707232475281,-0.9270524554864555,2.450039540401375,-0.6052013221219468
ROS021.SG,Sweden,Sweden_Rossberga_N.SG,5156.0,0.270990639925003,-0.9535219222323892,2.4823887670172318,-0.5909273012667693
ROS023.SG,Sweden,Sweden_Rossberga_N.SG,5115.0,0.1420139074325561,-0.8954653860006535,2.4654588931018715,-0.5534937599615979
ROS024.SG,Sweden,Sweden_Rossberga_N.SG,5052.0,0.2024788111448288,-0.9345805896229624,2.4362571230042334,-0.5841179808571979
ROS025.SG,Sweden,Sweden_Rossberga_N.SG,5131.0,0.1322127133607864,-0.9362181336633825,2.492050892416571,-0.6264395249448873
ROS026.SG,Sweden,Sweden_Rossberga_N.SG,4729.0,0.8252264857292175,-0.91724062558635,2.495629968651439,-0.5881580208859121
ROS026_d.SG,Sweden,Sweden_Rossberga_N.SG,4729.0,0.054334383457899,-0.9214137214108375,2.4132364208310633,-0.5960696816529107
ROS027.SG,Sweden,Sweden_Rossberga_N_HG.SG,4698.0,0.39449542760849,-0.9219314008567073,2.436300529528461,-0.5695437238833206
ROS027_d.SG,Sweden,Sweden_Rossberga_N_HG.SG,4698.0,0.0702896043658256,-0.9459855427843255,2.4570437809335672,-0.6226131367393487
ROS029.SG,Sweden,Sweden_Rossberga_N.SG,5178.0,0.1628166139125824,-0.9353785493605647,2.4791236836644974,-0.5993104653371698
ROS030.SG,Sweden,Sweden_Rossberga_N.SG,4950.0,0.0684299319982528,-0.9157470181765145,2.4603939041707914,-0.5790539770808019
ROS033.SG,Sweden,Sweden_Rossberga_N.SG,5135.0,0.2393202632665634,-0.8974505427979721,2.451040931821617,-0.5874058763094199
ROS038.SG,Sweden,Sweden_Rossberga_N.SG,5138.0,0.0613740496337413,-0.9292573894757885,2.454883219475204,-0.5909724619031729
ROS039.SG,Sweden,Sweden_Rossberga_N.SG,5182.0,0.0636262521147728,-0.9534357180433828,2.4882722659687992,-0.5984684725389444
ITTQ10.SG,Italy,Italy_Tarquinia_Etruscan.SG,2746.0,0.6307321786880493,-0.025061515586282855,-0.7196888168903214,0.4169682582239507
ITTQ11.SG,Italy,Italy_Tarquinia_Etruscan.SG,2837.0,0.6663903594017029,-0.05445784935722764,-0.7012913538820577,0.4182070559330611
ITTQ14.SG,Italy,Italy_Tarquinia_Etruscan.SG,2930.0,0.8494573831558228,-0.06461534107867811,-0.7423818464131001,0.4076244508908422
ITTQ19.SG,Italy,Italy_Tarquinia_Etruscan.SG,2806.0,0.845195472240448,-0.012300409850489417,-0.7254909893653263,0.37108750283254216
ITTQ8.SG,Italy,Italy_Tarquinia_Etruscan.SG,2747.0,0.7727388143539429,-0.030402381328762725,-0.7676791454224354,0.3724982553670299
beethoven.SG,Germany,Germany_Beethoven.SG,123.0,0.9467207789421082,-0.36117929041736174,-0.17208866688849664,0.7803949345596914
APG001.AG,Germany,Germany_Hallstat_IronAge.AG,1940.0,0.2753766477108001,-0.3404470581665728,-0.19234081909833256,0.7939588789269517
APG002.AG,Germany,Germany_Hallstat_IronAge.AG,1935.0,0.3049570322036743,-0.4194441195997983,-0.18951229964332034,0.8274436741201971
APG003.AG,Germany,Germany_Hallstat_IronAge.AG,1935.0,0.3604195713996887,-0.3751639242325929,-0.11425682787204075,0.806583845335256
HEU001.AG,Germany,Germany_Hallstat_IronAge.AG,1940.0,0.3907379806041717,-0.39841796726695283,-0.3021241706275772,0.7960419318335362
HEU002.AG,Germany,Germany_Hallstat_IronAge.AG,1925.0,0.2061478644609451,-0.4433121538731624,-0.21039946154057593,0.8247169933302113
HOC001.AG,Germany,Germany_Hallstat_IronAge.AG,1945.0,0.0825903713703155,-0.4174172197856759,-0.2605027347468695,0.72772583627692
HOC002.AG,Germany,Germany_Hallstat_IronAge.AG,1935.0,0.46486696600914,-0.4711815121139806,-0.1788507221261087,0.7219707142913501
HOC003.AG,Germany,Germany_Hallstat_IronAge.AG,1935.0,0.1921642422676086,-0.3803430336836072,-0.22736489434322707,0.7563174095811513
HOC004.AG,Germany,Germany_Hallstat_IronAge.AG,1935.0,0.7292964458465576,-0.3214143494887272,-0.22366645111305733,0.7884569097914031
HOC004_d.AG,Germany,Germany_Hallstat_IronAge.AG,1935.0,0.2171136885881424,-0.35483771531467245,-0.18660695003104133,0.8179710645309491
LAN001.AG,Germany,Germany_Hallstat_IronAge.AG,1850.0,0.2275961339473724,-0.449730698537812,-0.1691938028063817,0.7792790405911562
LWB002.AG,Germany,Germany_Hallstat_IronAge.AG,1925.0,0.2090432196855545,-0.34582376134721693,-0.17550874905983935,0.8487043113603959
LWB003.AG,Germany,Germany_Hallstat_IronAge.AG,1935.0,0.7565191984176636,-0.3742338652315774,-0.21653120542951185,0.833363571844888
LWB003_d.AG,Germany,Germany_Hallstat_IronAge.AG,1935.0,0.0684380456805229,-0.38095645558663566,-0.21834514197657565,0.7738335632289588
MBG003.AG,Germany,Germany_Hallstat_IronAge.AG,1907.0,0.3391991853713989,-0.4247294633306621,-0.2192884349283263,0.7397790326636493
MBG004.AG,Germany,Germany_Hallstat_IronAge.AG,1907.0,0.3280711472034454,-0.3736992248237111,-0.3062000903410564,0.8025281482692986
MBG005.AG,Germany,Germany_Hallstat_IronAge.AG,1907.0,0.3086625933647156,-0.41341570308109277,-0.23769353457604367,0.7793773595399209
MBG006.AG,Germany,Germany_Hallstat_IronAge.AG,1907.0,0.1572724729776382,-0.35511310239228133,-0.198392347599658,0.7575984897769406
MBG007.AG,Germany,Germany_Hallstat_IronAge.AG,1907.0,0.6965019702911377,-0.4006110782539824,-0.19948262497429928,0.7865227076312363
MBG007_d.AG,Germany,Germany_Hallstat_IronAge.AG,1907.0,0.1615514159202575,-0.3206754138431748,-0.17518334065742897,0.7670230977377879
MBG008.AG,Germany,Germany_Hallstat_IronAge.AG,1907.0,0.6019660830497742,-0.3339872172237765,-0.23178448762614387,0.7809366611508054
MBG008_d.AG,Germany,Germany_Hallstat_IronAge.AG,1907.0,0.1775593608617782,-0.29662237763324,-0.20750181176400753,0.7767207965182895
MBG009.AG,Germany,Germany_Hallstat_IronAge.AG,1907.0,0.6979001760482788,-0.37541019153553595,-0.2188253332111674,0.7716231012732344
MBG009_d.AG,Germany,Germany_Hallstat_IronAge.AG,1907.0,0.1341315954923629,-0.4285694519039057,-0.22615243384643346,0.7440055589820581
MBG010.AG,Germany,Germany_Hallstat_IronAge.AG,1907.0,0.1684961915016174,-0.43592879558877196,-0.22129315505864297,0.8144315631628105
MBG013.AG,Germany,Germany_Hallstat_IronAge.AG,1907.0,0.0509224161505699,-0.37411772535515797,-0.21650096679761363,0.8510522896678645
MBG015.AG,Germany,Germany_Hallstat_IronAge.AG,1907.0,0.1248551309108734,-0.4059473454159289,-0.1855193046598512,0.8237014228715851
MBG016.AG,Germany,Germany_Hallstat_IronAge.AG,1907.0,0.3445916771888733,-0.42312733482622805,-0.24182042468226123,0.8149002787433034
MBG017.AG,Germany,Germany_Hallstat_IronAge.AG,1334.0,0.8095048666000366,-0.3468448089843753,-0.19283021445710513,0.8039181114920647
MBG017_d.AG,Germany,Germany_Hallstat_IronAge.AG,1334.0,0.145288810133934,-0.2524643093101653,-0.2168145007209983,0.8002062402619593
SCN001.AG,Germany,Germany_Hallstat_IronAge.AG,1925.0,0.0563002973794937,-0.3886501426517862,-0.23345928671822574,0.8216506765385696
