sample_id,country,original_group_id,date_mean_bp,observed_fraction,dim1,dim2,dim3
Kou01.SG,Greece,Greece_Koufonisi_Cycladic_EBA.SG,4250.0,0.8861277103424072,1.907013352374901,-0.46696099931807145,-0.01115894258301041
Kou03.SG,Greece,Greece_Koufonisi_Cycladic_EBA.SG,4250.0,0.907782018184662,1.8917620697262398,-0.4892871242587299,-0.012149060847193728
cay004.SG,Turkey,Turkey_Southeast_Cayonu_PPN.SG,8396.0,0.0712214708328247,1.4422714069953226,-0.6106790903965708,0.5333238324714451
cay007.SG,Turkey,Turkey_Southeast_Cayonu_PPN.SG,9375.0,0.3812960684299469,1.4347976056562755,-0.5611402636825892,0.5269407784363261
cay008.SG,Turkey,Turkey_Southeast_Cayonu_PPN.SG,8641.0,0.0792489647865295,1.4540424075336114,-0.6068724605185644,0.545980963937633
cay013.SG,Turkey,Turkey_Southeast_Cayonu_PPN.SG,8591.0,0.1320845782756805,1.4592214249935642,-0.5880408745753269,0.544437741449277
AV1.AG,Hungary,Hungary_Avar_5.AG,1360.0,0.6938337087631226,1.6830077699655126,0.05630049171621192,-0.1517678453298722
AV2.AG,Hungary,Hungary_Avar_5_daughter.or.mother.AV1.AG,1348.0,0.6670691967010498,1.6651217439911412,0.049601599112433455,-0.19907278461466546
CL102.AG,Italy,Italy_North_EarlyMedieval_Langobards_o1.AG,1345.0,0.3576199114322662,-0.08983514574817272,-0.7333901479321827,0.16906331342043568
CL121.AG,Italy,Italy_North_EarlyMedieval_Langobards_o3.AG,1345.0,0.7398089170455933,-0.022692375093593457,-0.7404518535539834,0.21968065580746277
CL145.AG,Italy,Italy_North_EarlyMedieval_Langobards_1_brother.CL146_son.CL151.AG,1345.0,0.7130444049835205,-0.10533171561888624,-0.7328908365574,0.164665584323589
CL146.AG,Italy,Italy_North_EarlyMedieval_Langobards_1.AG,1345.0,0.7226817607879639,-0.12129911231030664,-0.7247208866482453,0.16451119089310934
CL151.AG,Italy,Italy_North_EarlyMedieval_Langobards_1_mother.CL145_mother.CL146.AG,1345.0,0.6262732148170471,-0.10077470703076796,-0.7219883987983875,0.2087814865848446
CL23.AG,Italy,Italy_North_EarlyMedieval_Langobards_2.AG,1345.0,0.736739993095398,-0.04391316478066808,-0.8356825790997284,0.15232481638319806
CL25.AG,Italy,Italy_North_EarlyMedieval_Langobards_3.AG,1345.0,0.5952297449111938,-0.05350900529674417,-0.7903761739535355,0.19819515088089917
CL30.AG,Italy,Italy_North_EarlyMedieval_Langobards_3.AG,1345.0,0.7169454097747803,-0.02289308047100574,-0.7390331370296354,0.1777038492542681
CL31.AG,Italy,Italy_North_EarlyMedieval_Langobards.AG,1345.0,0.694735586643219,0.004816112985788298,-0.64540828207904,0.2051589947420209
CL36.AG,Italy,Italy_North_EarlyMedieval_Langobards_2.AG,1345.0,0.5851089954376221,-0.07100204534153662,-0.721526471851548,0.20910311377705978
CL38.AG,Italy,Italy_North_EarlyMedieval_Langobards_3.AG,1345.0,0.6540215015411377,-0.05223973483977123,-0.7040449229500557,0.22078740682166423
CL47.AG,Italy,Italy_North_EarlyMedieval_Langobards_2.AG,1345.0,0.6682322025299072,-0.05583140361574,-0.7346575054950251,0.19078445491414503
CL49.AG,Italy,Italy_North_EarlyMedieval_Langobards_2.AG,1345.0,0.2650628983974457,-0.08234145545458708,-0.6879337740309988,0.1902777530088055
CL53.AG,Italy,Italy_North_EarlyMedieval_Langobards_2.AG,1345.0,0.2829313278198242,-0.07796373413980394,-0.7063471617027844,0.21059500853659346
CL57.AG,Italy,Italy_North_EarlyMedieval_Langobards_2.AG,1345.0,0.6720991730690002,-0.06873224144278062,-0.723600969654657,0.15582835715655088
CL63.AG,Italy,Italy_North_EarlyMedieval_Langobards_2.AG,1345.0,0.7293264269828796,-0.10879910228567348,-0.6580516492410855,0.20334920043569346
CL83.AG,Italy,Italy_North_EarlyMedieval_Langobards_1_brother.CL84_son.CL87.AG,1345.0,0.6040658354759216,-0.10558649941600018,-0.7246116446083049,0.21545454093105323
CL84.AG,Italy,Italy_North_EarlyMedieval_Langobards_1.AG,1345.0,0.7002967596054077,-0.06399258591690837,-0.7048082502916644,0.21923514644168304
CL87.AG,Italy,Italy_North_EarlyMedieval_Langobards_1_mother.CL83_mother.CL84_daughter.CL102.AG,1345.0,0.7402566075325012,-0.07985374862675738,-0.6317817575017464,0.23632084343411291
CL92.AG,Italy,Italy_North_EarlyMedieval_Langobards_1_son.CL93.AG,1345.0,0.6477766036987305,-0.14982665123950675,-0.5785240105007777,0.15891078679056725
CL93.AG,Italy,Italy_North_EarlyMedieval_Langobards_1.AG,1345.0,0.6753789186477661,-0.11929444630889421,-0.6603817811218762,0.22239298941811828
CL94.AG,Italy,Italy_North_EarlyMedieval_Langobards_2.AG,1345.0,0.7479126453399658,-0.07106973401952413,-0.7721453387857333,0.2266253189442127
CL97.AG,Italy,Italy_North_EarlyMedieval_Langobards_1.AG,1345.0,0.0792221948504448,-0.051890554373011925,-0.7136322514379168,0.21036014732051442
SZ12.AG,Hungary,Hungary_Langobard.AG,1442.0,0.4517722129821777,1.6409965890182725,0.07487528455900548,-0.12701146995686752
SZ13.AG,Hungary,Hungary_Langobard_son.SZ24_father.SZ7_brother.SZ22.AG,1462.0,0.7076778411865234,1.6613295994669548,0.045447929254857765,-0.09671020310052095
SZ14.AG,Hungary,Hungary_Langobard.AG,1442.0,0.3120461702346802,1.6788731294293904,0.07132514589941243,-0.06869880678990956
SZ16.AG,Hungary,Hungary_Langobard.AG,1442.0,0.5609956979751587,1.6150530556534302,0.11645469415228453,-0.012472197997197575
SZ18.AG,Hungary,Hungary_Langobard_o2.AG,1442.0,0.6223511099815369,1.6713145568770829,0.025775891713562385,-0.08097152973027603
SZ19.AG,Hungary,Hungary_Langobard_o1.AG,1456.0,0.6531690955162048,1.6937248653963697,0.0028327518462817384,-0.09259070148994208
SZ22.AG,Hungary,Hungary_Langobard_son.SZ24_brother.SZ22.AG,1442.0,0.5999279618263245,1.6835033055040665,0.0793629302141823,-0.11066588302160324
SZ23.AG,Hungary,Hungary_Langobard.AG,1442.0,0.6186934113502502,1.6463855624987693,0.06658442077111262,-0.1035896536741822
SZ24.AG,Hungary,Hungary_Langobard.AG,1442.0,0.3857996761798858,1.6218642177774953,0.11688413264574679,-0.08659684834768168
SZ25.AG,Hungary,Hungary_Langobard.AG,1442.0,0.308965116739273,1.6289094538738524,0.10663056123241209,-0.02960037442869652
SZ27.AG,Hungary,Hungary_Langobard_o2.AG,1467.0,0.7584518790245056,1.6829813861946097,0.0815497385148607,-0.01773879191610755
SZ28.AG,Hungary,Hungary_Langobard_o2.AG,1442.0,0.6555202603340149,1.6866836527045834,0.08075138939899608,-0.11737026850190069
SZ30.AG,Hungary,Hungary_Langobard.AG,1442.0,0.3956179022789001,1.6429533833095005,0.04295924795504684,-0.09781362618769546
SZ31.AG,Hungary,Hungary_Langobard_o1.AG,1442.0,0.1066639199852943,1.706105236606453,0.06591272131069474,-0.09244379359894969
SZ32.AG,Hungary,Hungary_Langobard_o1.AG,1442.0,0.6706295609474182,1.7177489483590311,0.034149329038792926,-0.14420709913754778
SZ37.AG,Hungary,Hungary_Langobard_o1.AG,1430.0,0.4217660427093506,1.658481815419292,0.11048823203083206,-0.16376567063820774
SZ38.AG,Hungary,Hungary_Langobard.AG,1442.0,0.6284191608428955,1.6892678467765256,0.03285554105446849,-0.18002619621533308
SZ40.AG,Hungary,Hungary_Langobard_o1.AG,1442.0,0.6284118890762329,1.7339335880765208,0.11678416303436545,-0.0980632909917029
SZ41.AG,Hungary,Hungary_Langobard.AG,1442.0,0.181651771068573,1.6465761521936162,0.09943177707703489,-0.09040850349592128
SZ42.AG,Hungary,Hungary_Langobard.AG,1442.0,0.7213305830955505,1.6691271788255755,0.08678165102910325,-0.05443386039471284
SZ7.AG,Hungary,Hungary_Langobard.AG,1442.0,0.6450029611587524,1.6559136100256613,0.13188640555109032,-0.11361020887411186
SZ8.AG,Hungary,Hungary_Langobard_sister.SZ14_sister.SZ6.AG,1442.0,0.1772268414497375,1.626736765291099,0.01858531417690332,-0.1628260897111767
SZ9.AG,Hungary,Hungary_Langobard.AG,1442.0,0.700106143951416,1.6625513148082567,0.11828409098442678,-0.038495751392285754
SZ11.SG,Hungary,Hungary_Langobard.SG,1442.0,0.99854177236557,1.6137647783848732,0.043455434951623906,-0.11791018211658452
SZ15.SG,Hungary,Hungary_Langobard.SG,1442.0,0.9985637068748474,1.5408647014589434,0.04014516177829317,-0.09114098371516917
SZ2.SG,Hungary,Hungary_Langobard.SG,1442.0,0.9955450296401978,1.5115361947737718,0.11565208720687073,-0.10343937823391766
SZ3.SG,Hungary,Hungary_Langobard.SG,1442.0,0.9988759160041808,1.5452156277332587,0.11403906976964161,-0.03194212920657334
SZ4.SG,Hungary,Hungary_Langobard.SG,1442.0,0.9988459348678588,1.6148919674261393,0.08458334875543583,-0.011648078359289103
I1895.AG,Hungary,Hungary_MN_Vinca.AG,7195.0,0.5817238092422485,1.6715831262517618,0.02029192787382973,-0.12196408657374343
I1902.AG,Hungary,Hungary_LN_Lengyel.AG,6550.0,0.1457884013652801,1.662340689602996,0.053974524427752975,-0.09796461027915239
I1905.AG,Hungary,Hungary_LN_Lengyel.AG,6664.0,0.32721146941185,1.670615322862051,0.10666532098313886,-0.07768883322211555
I1907.AG,Hungary,Hungary_C_Balaton_Lasinja.AG,6183.0,0.7139722108840942,1.6738778980946947,0.11488806721094322,-0.1079407899176825
I1594.AG,Germany,Germany_Blatterhohle_MN.AG,5140.0,0.0927784219384193,-0.4053810146292416,-0.16494887397924604,0.19435303492737743
I1763.AG,Ukraine,Ukraine_Mesolithic.AG,10081.0,0.7057695388793945,-0.09638029789037447,1.3076035422648764,0.7416097956605846
I1767.AG,UnitedKingdom,England_BellBeaker_highEEF.AG,4045.0,0.618984580039978,-1.5579278447762244,0.06832348265701589,-0.5955727263809099
I1770.AG,UnitedKingdom,England_BellBeaker.AG,3950.0,0.4157952964305877,-1.5009793706872292,0.07273019972892497,-0.6096011589043592
I1774.AG,UnitedKingdom,England_C_EBA.AG,3698.0,0.0839285552501678,-1.4832116282781365,0.13990489598217407,-0.5917722314652057
I1775.AG,UnitedKingdom,Wales_C_EBA.AG,3563.0,0.3501341938972473,-1.5084868416103265,0.10320262975109967,-0.556163911972495
I1819.AG,Ukraine,Ukraine_Mesolithic.AG,10658.0,0.6912530660629272,-0.1071465488268847,1.3219669512876082,0.7623457561551595
I1836.AG,Spain,Spain_EBA.AG,3527.0,0.2469381839036941,-1.133849944934333,-2.423344009055541,0.09603380765302338
I1838.AG,Spain,Spain_C.AG,5126.0,0.7065205574035645,-1.1450511062932198,-2.3650320346580855,0.0870422623044501
I1840.AG,Spain,Spain_EBA.AG,3475.0,0.563572347164154,-1.1338692039165068,-2.4082759731728975,0.05835239314272521
I1843.AG,Spain,Spain_C.AG,4904.0,0.5500096082687378,-1.1110577439185876,-2.384319862028381,0.08500281917978379
I1887.AG,Hungary,Hungary_MN_Vinca.AG,7150.0,0.3242779970169067,1.7567003837285646,0.04493131303878336,-0.10056098474970428
I1889.AG,Hungary,Hungary_MN_Vinca.AG,6943.0,0.3360118567943573,1.6778439141877,0.04419519413073142,-0.08683522512751793
I1890.AG,Hungary,Hungary_LN_Sopot.AG,6875.0,0.0868652611970901,1.7160347360823651,0.06732066961060278,-0.09307885231526908
I1891.AG,Hungary,Hungary_LN_Sopot.AG,6913.0,0.3553368747234344,1.7085715762033622,0.08650125109065393,-0.08271366655149394
I1896.AG,Hungary,Hungary_MN_Vinca.AG,7190.0,0.2096879780292511,1.6949919403751796,0.1247255552296763,-0.10235517219635917
I1899.AG,Hungary,Hungary_LN_Lengyel.AG,6550.0,0.2744415402412414,1.671969085300481,0.03663908438738,-0.09197772523207676
I1900.AG,Hungary,Hungary_LN_Lengyel.AG,6686.0,0.0520959645509719,1.6797120573254982,0.09448907214701155,-0.03526979952321591
I1901.AG,Hungary,Hungary_LN_Lengyel.AG,6550.0,0.4171715974807739,1.6530697738076385,0.1094754153792569,-0.08102183082085067
I1903.AG,Hungary,Hungary_LN_Lengyel_son.I10619.son.I10624.halfbro.I10620.halfbro.I10621.AG,6550.0,0.5004732012748718,1.6392172297639187,0.06611514448797849,-0.1819096662397199
I1906.AG,Hungary,Hungary_LN_Lengyel.AG,6550.0,0.3822733461856842,1.6520656944059646,0.08623439208420916,-0.07364598133474196
I1908.AG,Hungary,Hungary_C_Balaton_Lasinja.AG,6050.0,0.4670931994915008,1.6837767377941226,0.0578027430022352,-0.09691259916939704
I1909.AG,Hungary,Hungary_C_Balaton_Lasinja.AG,6086.0,0.4214700162410736,1.638823976176441,0.07054212040473143,-0.04744743379983787
I1972.AG,Spain,Spain_EN.AG,6703.0,0.3159536719322204,-1.1108626543748565,-2.334156450294853,0.08371245608230028
I1975.AG,Spain,Spain_C.AG,4927.0,0.0911474600434303,-1.1827074671015307,-2.4257204572726203,0.05911463452835247
I0166.AG,Germany,Germany_N.AG,6400.0,0.1010573282837867,-0.3115611098602096,-0.24427660572283583,0.13980035070131974
I2020.AG,Germany,Germany_EN_LBK_1d.or.2d.rel.I1550.AG,7125.0,0.0556336380541324,-0.33238796910406615,-0.22040628757592315,0.15748711481801017
I2403.AG,Poland,Poland_GlobularAmphora.AG,4667.0,0.2480614632368087,-0.1893812017120473,1.8612062905938347,-0.22246334015491276
I2417.AG,UnitedKingdom,England_BellBeaker_lowEEF.AG,4250.0,0.7018920183181763,-1.4570349966772513,0.21086522524013634,-0.5656740493278921
I2428.AG,Bulgaria,Bulgaria_Chalcolithic.AG,6400.0,0.0645118877291679,1.3370767344052,-0.30435088780075625,0.4387771827429243
I2458.AG,UnitedKingdom,England_MBA_highEEF.AG,3331.0,0.6934395432472229,-1.4842355333087534,0.030062587070670634,-0.6044038740482589
I2461.AG,UnitedKingdom,England_C_EBA.AG,3975.0,0.6595818400382996,-1.4298304129726578,0.1179990532263736,-0.5560728057672409
I2462.AG,UnitedKingdom,England_Thanet_Chalcolithic_EBA_highEEF.AG,3942.0,0.6981580853462219,-1.4371646528636906,0.05946647932671562,-0.4788848846377713
I2470.AG,Spain,Spain_MBA.AG,3275.0,0.3494529128074646,-1.1012288005949713,-2.3697372515291515,0.10030648799556596
I2477.AG,Italy,Italy_North_BellBeaker_2.AG,4015.0,0.6703886985778809,-0.01835807888724373,-0.7220071362342251,0.20383321268645152
I2509.AG,Bulgaria,Bulgaria_Dzhulyunitsa_Chalcolithic.AG,6350.0,0.7321252822875977,1.3095376723147842,-0.3084073461492662,0.4409741872166807
I2510.AG,Bulgaria,Bulgaria_Dzhulyunitsa_EBA_o1.AG,4794.0,0.6958498954772949,1.3367244467949915,-0.32098123206495355,0.4534989201788618
I2519.AG,Bulgaria,Bulgaria_Chalcolithic.AG,6237.0,0.6518568992614746,1.3187047194475112,-0.30929862834815575,0.450919335454088
I2520.AG,Bulgaria,Bulgaria_Dzhulyunitsa_EBA.AG,5153.0,0.6738030910491943,1.3206792937392768,-0.30522222459294274,0.4541581209192964
I2525.AG,Bulgaria,Bulgaria_Medieval_oEastAsia.AG,1014.0,0.7244579195976257,1.334324475089882,-0.2948240875803817,0.4371879483471357
I2530.AG,NorthMacedonia,NorthMacedonia_Medieval.AG,915.0,0.5797652006149292,1.3475864970877733,-0.6550610440253816,-0.33125281375978516
I2532.AG,Romania,Romania_Eneolithic_oEEF.AG,7614.0,0.5997381806373596,1.2845463048554466,0.3719137400915402,0.20802173956514255
I2533.AG,Romania,Romania_Eneolithic_oEEF.AG,7371.0,0.6542778015136719,1.251800174399375,0.3478590373024072,0.17458085075100968
I2534.AG,Romania,Romania_MaguraBuduiasca_Mesolithic.AG,7670.0,0.3632248938083648,1.2137356610180172,0.41516654832650274,0.20736875942707111
I2566.AG,UnitedKingdom,England_C_EBA.AG,4078.0,0.4140532314777374,-1.4164903155025812,0.13136453258788358,-0.642136713219085
I2567.AG,UnitedKingdom,Scotland_C_EBA.AG,4018.0,0.5018649697303772,-1.4409007064175454,0.14742270647154052,-0.5998583533410042
I2568.AG,UnitedKingdom,Scotland_C_EBA_mediumhighEEF.AG,4113.0,0.4856307208538055,-1.4724037067705154,0.09075971933287577,-0.5816020136167769
I2573.AG,UnitedKingdom,Scotland_MBA.AG,3361.0,0.5252709984779358,-1.4994894232452507,0.06187793686002256,-0.5835934845679778
I2596.AG,UnitedKingdom,England_C_EBA_lowEEF_father.or.son.I2597.AG,4086.0,0.4483294188976288,-1.4949164953611804,0.13513801819196458,-0.6205652491296962
I2600.AG,UnitedKingdom,England_C_EBA_daughter.I2457.AG,3970.0,0.4516473114490509,-1.512736969501607,0.11655695909972756,-0.6310437008346523
I2601.AG,UnitedKingdom,England_Thanet_Chalcolithic_EBA.AG,3808.0,0.4294666945934295,-1.4335916797494201,0.11765278705813184,-0.6407611761149339
I2602.AG,UnitedKingdom,England_Thanet_Chalcolithic_EBA.AG,3762.0,0.5470007061958313,-1.5139731749602519,0.09210932691282478,-0.54731076907102
I2605.AG,UnitedKingdom,England_N.AG,5397.0,0.5235922336578369,-1.5131570530130085,0.017132493480294792,-0.5577157823451757
I2609.AG,UnitedKingdom,England_C_EBA.AG,3848.0,0.238864466547966,-1.485723554348976,0.12634493111364503,-0.5500515965384385
I2610.AG,UnitedKingdom,England_C_EBA.AG,3783.0,0.0694672316312789,-1.483898117615253,0.015890631410540056,-0.6442510673445617
I2618.AG,UnitedKingdom,England_C_EBA.AG,3993.0,0.5481426119804382,-1.4945641217130874,0.10252881841883604,-0.5981625146816026
I2630.AG,UnitedKingdom,Scotland_N.AG,4471.0,0.7873890995979309,-1.5075491175094293,-0.030809023200006776,-0.5965993814813145
I2631.AG,UnitedKingdom,Scotland_N.AG,4957.0,0.737763524055481,-1.5152759061362748,-0.008281203275001979,-0.5770955287369495
I2633.AG,UnitedKingdom,Scotland_N.AG,5639.0,0.6187501549720764,-1.5437621057156965,0.11048218127058491,-0.6660638942234022
I2635.AG,UnitedKingdom,Scotland_N.AG,5523.0,0.6454757452011108,-1.5095233928602771,0.13134932071305966,-0.5413913994045195
I2637.AG,UnitedKingdom,Scotland_N.AG,5375.0,0.7142479419708252,-1.522073027852902,0.07791943278360257,-0.596064849182911
I2639.AG,UnitedKingdom,England_MBA.AG,3430.0,0.4963645935058594,-1.4386204033691226,0.04650898701514705,-0.5856655502163843
I2650.AG,UnitedKingdom,Scotland_N.AG,5375.0,0.651766836643219,-1.530317121601995,-0.0338045801269879,-0.5787166853004524
I2651.AG,UnitedKingdom,Scotland_N.AG,5160.0,0.6575186252593994,-1.565405472214102,0.0698609677856455,-0.5418560814911575
I2653.AG,UnitedKingdom,Scotland_MBA.AG,3224.0,0.487479031085968,-1.4202097127327598,0.00868343364091954,-0.6269405150964842
I2654.AG,UnitedKingdom,Scotland_MBA.AG,3287.0,0.4455914199352264,-1.5251355384379692,0.0634882976222645,-0.5869498551728198
I2655.AG,UnitedKingdom,Scotland_MBA.AG,3311.0,0.7056072950363159,-1.550635413307803,0.054038239739276045,-0.5994885175440307
I2659.AG,UnitedKingdom,Scotland_N.AG,5637.0,0.6755038499832153,-1.5421869382644902,-0.0467071155884145,-0.5918949129724177
I2660.AG,UnitedKingdom,Scotland_N_mediumlowEEF.AG,5394.0,0.695428192615509,-1.5766245494464382,-0.036618029039111585,-0.6505189381648276
I2691.AG,UnitedKingdom,Scotland_N_mediumlowEEF.AG,5613.0,0.6664244532585144,-1.5241020373852667,-0.028533831944060752,-0.5440540195035766
I2692.AG,UnitedKingdom,Scotland_EIA.AG,2436.0,0.5501320958137512,-1.6285546282195271,0.045023635070786376,-0.5737462690557142
I2693.AG,UnitedKingdom,Scotland_LIA.AG,2060.0,0.2803157866001129,-1.5289861700783338,0.07954358218158233,-0.6356542945471647
I2694.AG,UnitedKingdom,Scotland_MIA_LIA.AG,2202.0,0.6620230078697205,-1.4908231675532202,-0.057461653870607775,-0.5753065029932117
I2695.AG,UnitedKingdom,Scotland_MIA_LIA.AG,2208.0,0.3886966407299042,-1.4671801512363731,0.11520429407207279,-0.5713856162362589
I2696.AG,UnitedKingdom,Scotland_MIA_LIA.AG,2165.0,0.5445278882980347,-1.516279723597462,0.11758205074159722,-0.5983559044905197
I2739.AG,Hungary,Hungary_MN_LBK.AG,7077.0,0.6357816457748413,1.6124424141820906,0.012402145163623573,-0.04035651730262471
I2741.AG,Hungary,Hungary_EBA_BellBeaker.AG,4245.0,0.7381017208099365,1.6204608523908415,-0.006160873986213633,-0.12228065057222895
I2743.AG,Hungary,Hungary_MN_AVK_Szakalhat.AG,7050.0,0.2198638617992401,1.689597305840184,0.017433363903189135,-0.09100569152230795
I2744.AG,Hungary,Hungary_MN_AVK_Szakalhat.AG,7050.0,0.2554709613323211,1.6353217148669459,0.10045522371294982,-0.10053712331513587
I2745.AG,Hungary,Hungary_MN_AVK_Szakalhat.AG,7050.0,0.1718976199626922,1.715491024453944,-0.002021438957936986,-0.16533264302241135
I2746.AG,Hungary,Hungary_LN_Tisza.AG,6700.0,0.090411864221096,1.646827268006342,0.06689703973757692,-0.09478199914311133
I2752.AG,Hungary,Hungary_LateC_Baden.AG,5175.0,0.4447236061096191,1.63256719140039,0.10552199117753917,-0.08069210919836821
I2753.AG,Hungary,Hungary_LateC_Baden.AG,5085.0,0.7356629371643066,1.6791475709579766,0.0804598512693177,-0.10149897403430541
I2754.AG,Hungary,Hungary_LateC_Baden.AG,5140.0,0.2773823142051697,1.6542831408081442,0.016432511566641356,-0.11831907759674798
I2783.AG,Hungary,Hungary_Hunyadihalom_MCHA.AG,6010.0,0.5518498420715332,1.6975492733113546,0.08884876533108295,-0.06010398600441869
I2785.AG,Hungary,Hungary_LateC_Baden.AG,5175.0,0.4965503215789795,1.7041721397105345,0.1464450438713886,-0.05148805394904054
I2787.AG,Hungary,Hungary_EBA_BellBeaker.AG,4254.0,0.5681140422821045,1.452131685699417,0.07091396352722978,-0.1542022031369149
I2788.AG,Hungary,Hungary_LateC_Protoboleraz.AG,5685.0,0.6952975988388062,1.6459495466249727,0.06710625558867778,-0.0416984182533169
I2789.AG,Hungary,Hungary_LateC_Protoboleraz.AG,5650.0,0.4820533096790313,1.7059338937856066,0.0750904434957687,-0.08894924621184189
I2790.AG,Hungary,Hungary_LateC_Protoboleraz.AG,5625.0,0.8025113940238953,1.6582610222369198,-0.21135433642401052,-0.16583028938840313
I2791.AG,Hungary,Hungary_LateC_Protoboleraz.AG,5523.0,0.7060477137565613,1.6370983753458668,-0.012764253894583272,-0.11882325532082778
I2793.AG,Hungary,Hungary_EarlyC_Tiszapolgar_Bodrogkeresztur.AG,6273.0,0.7190492153167725,1.6615726264778485,0.05567543402494031,-0.10824938532323464
I2799.AG,UnitedKingdom,Scotland_LIA.AG,2002.0,0.5037262439727783,-1.5204767169544757,0.10950273661446706,-0.6521831068513896
I2859.AG,UnitedKingdom,Scotland_LBA.AG,2810.0,0.6893625855445862,-1.4834091001279455,0.14476724613851832,-0.5368963742553963
I2860.AG,UnitedKingdom,Scotland_LBA.AG,2824.0,0.7067679166793823,-1.4502583375990088,0.08248314763952112,-0.5981877213106016
I2861.AG,UnitedKingdom,Scotland_LBA.AG,2843.0,0.5350819230079651,-1.5397385729627995,0.1821073830028986,-0.6012954127254155
I2932.AG,UnitedKingdom,Scotland_N.AG,4433.0,0.670112133026123,-1.4969304937711065,-0.04883639557449479,-0.61293494296812
I2933.AG,UnitedKingdom,Scotland_N.AG,4877.0,0.6261920928955078,-1.469693290398178,0.003881871910767456,-0.6207458005214623
I2934.AG,UnitedKingdom,Scotland_N.AG,5138.0,0.6392025351524353,-1.4916337427033233,-0.09981474491575683,-0.5735466959520756
I2935.AG,UnitedKingdom,Scotland_N.AG,5115.0,0.6846870183944702,-1.5501349870430272,-0.0037119629920180017,-0.6021412066059109
I2977.AG,UnitedKingdom,Scotland_N.AG,4843.0,0.6649848818778992,-1.6257339851444492,0.0514937809200186,-0.5877155721800146
I2978.AG,UnitedKingdom,Scotland_N.AG,5140.0,0.6794259548187256,-1.5771749605084477,0.04187751171795239,-0.5476598856572689
I2979.AG,UnitedKingdom,Scotland_N.AG,5104.0,0.6776124835014343,-1.514415720783638,0.004935414766353006,-0.5625864112980923
I2980.AG,UnitedKingdom,Scotland_N.AG,5173.0,0.6857438087463379,-1.5098934728561948,0.019466663535475374,-0.5699907726989902
I2981.AG,UnitedKingdom,Scotland_C_EBA.AG,3711.0,0.6732037663459778,-1.5155706594685736,0.08401996394466076,-0.714359709542339
I2982.AG,UnitedKingdom,Scotland_MIA.AG,2250.0,0.6901273727416992,-1.4355939645922364,0.16003143663152272,-0.5412534711809013
I2983.AG,UnitedKingdom,Scotland_MIA.AG,2257.0,0.6944873929023743,-1.4421099192928624,0.048944603100728845,-0.6720395222043148
I2988.AG,UnitedKingdom,Scotland_N.AG,5398.0,0.6801453232765198,-1.4895684529029476,0.062130273702950566,-0.5609350223526602
I3005.AG,UnitedKingdom,England_N.AG,5657.0,0.5604726076126099,-1.4885112948049695,0.04104599565269025,-0.6181216804501629
I3011.AG,UnitedKingdom,England_EarlyMedieval_Saxon_o.AG,886.0,0.3223323822021484,-1.4711038444766822,0.09942672765207876,-0.6661402069682967
I3014.AG,UnitedKingdom,England_MIA.AG,2225.0,0.5978444814682007,-1.5737792312517807,0.15562360439756984,-0.6038942915380983
I3025.AG,UnitedKingdom,England_Mesolithic.AG,9257.0,0.0762465596199035,-1.435906377024537,0.08255321580075899,-0.501253301156958
I3033.AG,UnitedKingdom,Wales_N.AG,5533.0,0.0871937274932861,-1.600830141438594,0.09931772809116687,-0.5654939216924948
I3035.AG,UnitedKingdom,England_N_o.AG,5700.0,0.5774805545806885,-1.468323229827467,0.08128335334022105,-0.6309000171451311
I3037.AG,UnitedKingdom,England_EarlyMedieval_Saxon.AG,1263.0,0.5299773812294006,-1.5022696957598678,0.10999790779422162,-0.5881922185760213
I3039.AG,UnitedKingdom,England_N_1d.rel.I6761.AG,5525.0,0.1117376685142517,-1.508670944149533,0.14411066832391095,-0.676761572324219
I3040.AG,UnitedKingdom,England_N.AG,5525.0,0.1497137546539306,-1.483937841871574,0.12542346852023042,-0.581440795878695
I3041.AG,UnitedKingdom,Scotland_N_lowEEF.AG,5440.0,0.5714197754859924,-1.5202692138021496,-0.008567002019747612,-0.5622193212502764
I3044.AG,UnitedKingdom,England_EarlyMedieval_Saxon.AG,856.0,0.6384490728378296,-1.4024637632671635,0.011611060286222274,-0.7093978659364403
I3056.AG,UnitedKingdom,England_EarlyMedieval_Saxon_contam.AG,1225.0,0.3477197587490082,-1.5089220974481896,0.12050227076049197,-0.6137769067497093
I3068.AG,UnitedKingdom,England_N.AG,5533.0,0.5067700147628784,-1.5593999190088457,0.055488081235512944,-0.6272281446171474
I3083.AG,UnitedKingdom,England_MIA.AG,2233.0,0.1692358404397964,-1.509432965239262,0.04910351775859077,-0.637835372947786
I3085.AG,UnitedKingdom,Scotland_N.AG,5149.0,0.6214451789855957,-1.5197937287289736,-0.007108681800309833,-0.6290110388297352
I3130.AG,UnitedKingdom,Scotland_LBA.AG,2844.0,0.692742109298706,-1.4728688780831998,0.09670793034377989,-0.5893838724471685
I3132.AG,UnitedKingdom,Scotland_C_EBA.AG,3927.0,0.6559720039367676,-1.501652349884998,0.12504161115926288,-0.5758065291199349
I3133.AG,UnitedKingdom,Scotland_N.AG,5446.0,0.6786554455757141,-1.5833753892668752,0.10736336032046714,-0.5224463072576978
I3134.AG,UnitedKingdom,Scotland_N.AG,5461.0,0.6846505403518677,-1.5341865472713248,-0.015369802670762836,-0.593149380606321
I3135.AG,UnitedKingdom,Scotland_N_lowEEF.AG,5517.0,0.6717609763145447,-1.4501857991111293,-0.009773072301602122,-0.5888213756274225
I3136.AG,UnitedKingdom,Scotland_N.AG,5397.0,0.6767576932907104,-1.4988009962110984,-0.027707420082037786,-0.5782961547312397
I3137.AG,UnitedKingdom,Scotland_N.AG,5350.0,0.0742919966578483,-1.5227246744723044,0.07884705735600515,-0.6253449760338707
I3138.AG,UnitedKingdom,Scotland_N.AG,4998.0,0.6948491334915161,-1.462967117508521,-0.003032336809233622,-0.685817136168587
I3139.AG,UnitedKingdom,Scotland_N_lowEEF.AG,5350.0,0.6766505837440491,-1.3912000082771752,-0.05384399962871908,-0.49728149586455117
I3255.AG,UnitedKingdom,England_BellBeaker.AG,3994.0,0.7337578535079956,-1.544386120739371,0.02551798649920013,-0.6311084321385938
I3256.AG,UnitedKingdom,England_BellBeaker.AG,4063.0,0.7142974138259888,-1.4336800179174205,0.08017491663465415,-0.618608113595159
I3269.AG,Spain,Spain_C.AG,4850.0,0.5679031610488892,-1.1522762317644337,-2.384048108098677,0.06452971495894157
I3270.AG,Spain,Spain_C.AG,4850.0,0.239505186676979,-1.1649663676070159,-2.363876496538254,0.0632929618204306
I3271.AG,Spain,Spain_C.AG,4850.0,0.2758835554122925,-1.1453552647274232,-2.4077927269099817,0.12276776144437813
I3272.AG,Spain,Spain_C.AG,4959.0,0.1546820700168609,-1.171480428880033,-2.4051460846408896,0.09396154820746026
I3273.AG,Spain,Spain_MLN.AG,5403.0,0.1130166500806808,-1.144834119780854,-2.3719519632089248,0.07021594642280128
I3303.AG,Turkey,Turkey_Aegean_Bodrum_Halikarnassos_Ancient2.AG,2217.0,0.3404116630554199,1.407957758121701,-0.6220481427261783,0.5441177605819811
I3308.AG,Turkey,Turkey_Aegean_Bodrum_Halikarnassos_Ancient3.AG,2127.0,0.0576806552708148,1.4620947048397104,-0.5963480494891494,0.5708764854278718
I3311.AG,Turkey,Turkey_Aegean_Bodrum_Halikarnassos_Ancient1.AG,2127.0,0.6359227299690247,1.444464778164811,-0.6005523351493356,0.5602985592113042
I3313.AG,Croatia,Croatia_EIA_mother.I26742.AG,2722.0,0.6800293326377869,0.8170288384632349,-0.07007504751187409,-0.23829462959909298
I3322.AG,Spain,Spain_IA.AG,2500.0,0.5309173464775085,-1.1361655815347707,-2.3912624828293594,0.08383442319270608
I3324.AG,Spain,Spain_IA_o.AG,2223.0,0.2101559340953827,-1.173361849168224,-2.3888372914594496,0.041201644639163544
I3432.AG,Portugal,Portugal_C.AG,4924.0,0.4804369509220123,-1.1514691393309213,-1.3781942318867344,0.23046629739431654
I3433.AG,Croatia,Croatia_N_Cardial.AG,7800.0,0.6703351736068726,0.7966849195814837,-0.00423714408550311,-0.20814559925484097
I3485.AG,Spain,Spain_EBA.AG,4050.0,0.4015675485134125,-1.1199157825202986,-2.3543407607380074,0.08181825644137067
I3487.AG,Spain,Spain_EBA.AG,3603.0,0.0750981569290161,-1.1425365469357898,-2.364170844375176,0.09960995606486234
I3488.AG,Spain,Spain_EBA.AG,3575.0,0.070383682847023,-1.1236260468188397,-2.381635254048519,0.0571882496819208
I3490.AG,Spain,Spain_EBA.AG,3450.0,0.1863946318626403,-1.1395212254282536,-2.377443154239219,0.08762433339785312
I3491.AG,Spain,Spain_EBA.AG,3450.0,0.0790243074297905,-1.1381237153129256,-2.3548724084912434,0.05111193760937106
I3493.AG,Spain,Spain_MBA.AG,3301.0,0.2522868812084198,-1.123252631580679,-2.3853882778800672,0.10482806324700521
I3494.AG,Spain,Spain_EBA.AG,3781.0,0.5929710268974304,-1.1358955291734687,-2.3748464660965776,0.09561429580769752
I3496.AG,Spain,Spain_IA.AG,2200.0,0.1182485520839691,-1.1480444764306683,-2.404009294438293,0.09837420381255559
I3498.AG,Croatia,Croatia_MN_Sopot.AG,7681.0,0.4296442866325378,0.8217768416719039,0.0033453243875268377,-0.2078805256964868
I3499.AG,Croatia,Croatia_LateC_EBA_Vucedol.AG,4718.0,0.3597674965858459,0.7927119083834918,-0.021903575581376206,-0.21114520992715594
I3528.AG,Hungary,Hungary_EBA_BellBeaker.AG,4364.0,0.192477285861969,1.677022543199275,0.03421110609293612,-0.03649577464999391
I3529.AG,Hungary,Hungary_EBA_BellBeaker.AG,4300.0,0.4837548434734344,1.6514736899346967,0.044093728501074916,-0.11956367339368539
I3535.AG,Hungary,Hungary_MN_AVK.AG,7068.0,0.2109572291374206,1.6421916101214833,0.08740715193797143,-0.08437681320392518
I3537.AG,Hungary,Hungary_MN_AVK_Szatmar_o.AG,7366.0,0.2061365097761154,1.6404318008514167,0.11288078135076234,-0.029822522926226905
I3566.AG,UnitedKingdom,Scotland_LIA.AG,2031.0,0.6784559488296509,-1.4864024126006727,0.17763820076302161,-0.6147884226947209
I3567.AG,UnitedKingdom,Scotland_LIA.AG,2037.0,0.7052690982818604,-1.420011047048371,0.010259577805277172,-0.6234194651181215
I3568.AG,UnitedKingdom,Scotland_LIA.AG,1912.0,0.6818054914474487,-1.3759091828835845,0.05125481575681833,-0.7309685949895278
I3574.AG,Spain,Spain_Visigoth_Granada.AG,1450.0,0.0826025381684303,-1.0994121474651997,-2.3738825825973406,0.103200008300797
I3575.AG,Spain,Spain_Visigoth_Granada.AG,1450.0,0.2431507259607315,-1.103078555765708,-2.3349118554094845,0.05682997484709216
I3576.AG,Spain,Spain_Visigoth_Granada.AG,1468.0,0.6992294192314148,-1.1183857249208589,-2.3529735067470963,0.0895809597463597
I3577.AG,Spain,Spain_Visigoth_Granada.AG,1450.0,0.0582694597542285,-1.1777319857807198,-2.3806717588237816,0.06903266698558799
I3578.AG,Spain,Spain_Visigoth_Granada.AG,1450.0,0.1105568259954452,-1.042486742208425,-2.401116650616771,0.06547699159566356
I3579.AG,Spain,Spain_Visigoth_Granada.AG,1450.0,0.0937143415212631,-1.0767240045132844,-2.3869465505925267,0.10853165609814588
I3581.AG,Spain,Spain_Visigoth_Granada.AG,1450.0,0.4205778837203979,-1.0410756083284767,-2.308507882316238,0.0699292743152217
I3582.AG,Spain,Spain_Visigoth_Granada.AG,1450.0,0.283844530582428,-1.0775890374209522,-2.3673286385988357,0.13638192141793895
I3583.AG,Spain,Spain_Visigoth_Granada.AG,1450.0,0.108273796737194,-1.1055683711148983,-2.3815822500224124,0.11301057668765133
I3585.AG,Spain,Spain_Visigoth_Granada.AG,1195.0,0.6240761280059814,-1.1572912783709555,-2.3864381928748717,0.09827736888224169
I3588.AG,Germany,Germany_BellBeaker.AG,4175.0,0.3578551113605499,-0.35355350051272044,-0.22700806728836345,0.11236651323984032
I3589.AG,Germany,Germany_BellBeaker.AG,4175.0,0.4557397067546844,-0.3867732989427589,-0.25334266515312553,0.09695926519084266
I3590.AG,Germany,Germany_BellBeaker.AG,4186.0,0.3679644763469696,-0.39436187865926964,-0.2186582683051482,0.09323011775867297
I3594.AG,Germany,Germany_BellBeaker.AG,4175.0,0.5275499820709229,-0.3968965065241124,-0.2287612865496002,0.12197371919827878
I3597.AG,Germany,Germany_BellBeaker_1d.rel.I3594.AG,4175.0,0.1029380857944488,-0.38500639090977945,-0.23313956564703345,0.10157040731909683
I3600.AG,Germany,Germany_BellBeaker.AG,4175.0,0.2524133920669555,-0.34085715039626635,-0.1437520940911586,0.12515106622027222
I3601.AG,Germany,Germany_BellBeaker.AG,4175.0,0.5654952526092529,-0.38535903679998207,-0.24041804064645364,0.08719675176032395
I3642.AG,Italy,Italy_Sardinia_LBA.AG,2994.0,0.1042892485857009,-0.07054751766126814,-0.7739497016532019,0.2112715414651732
I3714.AG,Ukraine,Ukraine_N.AG,7200.0,0.1026007011532783,-0.07932874260324209,1.3965223015969823,0.8250510972398324
I3715.AG,Ukraine,Ukraine_N.AG,7526.0,0.3992423415184021,-0.10285732376975702,1.372410858634103,0.8266458984361827
I3716.AG,Ukraine,Ukraine_N.AG,7347.0,0.0821070000529289,-0.1295597095569402,1.3663414720175984,0.8059396702694358
I3717.AG,Ukraine,Ukraine_N.AG,7242.0,0.4251796305179596,-0.11525227210831364,1.3968075171608167,0.7873629562146408
I3719.AG,Ukraine,Ukraine_N_o2.AG,6831.0,0.1654053926467895,-0.0647365285307815,1.38711754619916,0.8157049010212253
I3741.AG,Italy,Italy_Sardinia_LBA.AG,3088.0,0.6028825044631958,-0.08317620896224362,-0.7556355814648329,0.18820157435348356
I3743.AG,Italy,Italy_Sardinia_EBA.AG,3985.0,0.6539736390113831,-0.10418799781538327,-0.7431854343986914,0.17219317009473012
I3756.AG,Spain,Spain_EBA.AG,3860.0,0.5132800936698914,-1.1146354948956105,-2.3722678719283143,0.09867914732537089
I3759.AG,Spain,Spain_IA_Celt.AG,2222.0,0.6290541887283325,-1.136162686873371,-2.345784261581399,0.08677711333138362
I3775.AG,Spain,Spain_Visigoth_Barcelona.AG,1300.0,0.1008326783776283,-1.0655195618212108,-2.3569030643121835,0.10669136403170723
I3777.AG,Spain,Spain_Visigoth_Barcelona.AG,1300.0,0.2838558852672577,-1.1393134415391228,-2.3445107571511254,0.1400508731154641
I3808.AG,Spain,Spain_NazariPeriod_Muslim.AG,400.0,0.4989639222621918,-1.0673832012113362,-2.314056593080515,0.08613363543142281
I3810.AG,Spain,Spain_NazariPeriod_Muslim_African.AG,400.0,0.0895740762352943,-0.9893918401566151,-2.2052404152723266,0.0651766941143978
I3866.AG,Spain,Spain_Visigoth_Barcelona.AG,1300.0,0.0882302150130271,-1.1375398851517915,-2.3386561813807107,0.05171965469190924
I3874.AG,France,France_EBA_BellBeaker.AG,4065.0,0.55970698595047,-1.046301987999112,-0.8741003723854576,-0.04599547561035259
I3875.AG,France,France_EBA_BellBeaker.AG,3985.0,0.6730350852012634,-0.9717388664871518,-0.7945734390481755,-0.016945592387614804
I3876.AG,Italy,Italy_Sicily_LBA.AG,2928.0,0.6428050398826599,-0.06628646527007477,-0.7422812045121587,0.16031791901035738
I3879.AG,Bulgaria,Bulgaria_MalakPreslavets_N_oHighEEF.AG,7550.0,0.133900448679924,1.2833361178047262,-0.27793662250997764,0.43197297583720884
I3947.AG,Croatia,Croatia_N_Cardial.AG,7834.0,0.6499955654144287,0.7752128355148542,-0.03003734171423122,-0.2019999200425061
I3948.AG,Croatia,Croatia_N_Cardial.AG,7863.0,0.6528714895248413,0.7984190556743519,-0.05604368113551741,-0.19768469248445764
I3965.AG,Israel,Israel_MLBA.AG,3650.0,0.58199143409729,1.4454347466446877,-1.027602535298768,0.9697048620056288
I3966.AG,Israel,Israel_MLBA.AG,3650.0,0.6143260598182678,1.4512069694554255,-1.0118205149241255,0.9596298538973662
I3980.AG,Spain,Spain_Roman_oAfrica.AG,1387.0,0.2644951939582824,-1.0761390100672816,-2.309461619910725,0.09142258337528808
I4054.AG,Spain,Spain_Roman_oAfrica_brother.I3983.AG,1650.0,0.2244364023208618,-1.0973249614840355,-2.413862901108036,0.08914698559617143
I4068.AG,Netherlands,Netherlands_LNB_BellBeaker.AG,3985.0,0.4020687639713287,-1.2586905148441987,0.13356871650899083,0.5739731882058614
I4069.AG,Netherlands,Netherlands_LNB_BellBeaker.AG,3966.0,0.6140275597572327,-1.242542843173091,0.1428093171129391,0.5785252063710425
I4070.AG,Netherlands,Netherlands_EBA.AG,3703.0,0.5935581922531128,-1.2582253742503138,0.13737668244860624,0.5728523436338877
I4071.AG,Netherlands,Netherlands_EBA.AG,3717.0,0.6617488861083984,-1.2331194484344108,0.10918298019748393,0.5742080192936589
I4073.AG,Netherlands,Netherlands_LNB_BellBeaker.AG,3992.0,0.6474595069885254,-1.2442366453289118,0.1065032689958745,0.5567790628554623
I4075.AG,Netherlands,Netherlands_LNB_BellBeaker.AG,3950.0,0.6585316061973572,-1.2810871692947683,0.1321157852042682,0.5825875886888687
I4076.AG,Netherlands,Netherlands_BellBeaker.AG,3763.0,0.3790170848369598,-1.2521695323924285,0.13511336932059057,0.5667463030313523
I4088.AG,Romania,Romania_C_Bodrogkeresztur.AG,6191.0,0.6007057428359985,1.287017813897764,0.4157822648546463,0.21346174190428108
I4089.AG,Romania,Romania_C_Bodrogkeresztur.AG,5636.0,0.6670935153961182,1.2556414378957277,0.41253057482968447,0.2017272621041599
I4109.AG,Italy,Italy_Sicily_MBA_o3.AG,3516.0,0.6725873947143555,-0.056165646205123265,-0.7689327934930311,0.19204394797800617
I4110.AG,Ukraine,Ukraine_Eneolithic_SeredniiStih_oHG.AG,5394.0,0.5000888109207153,-0.0806802634811102,1.4016384623121747,0.8273685522791668
I4111.AG,Ukraine,Ukraine_N.AG,6593.0,0.6258612275123596,-0.07079013196274274,1.3725044865253313,0.8266906739658545
I4114.AG,Ukraine,Ukraine_N.AG,7350.0,0.5055842995643616,-0.08516223857522659,1.3394803130474275,0.7953026339335604
I4167.AG,Croatia,Croatia_N_Starcevoup.POP07.AG,6635.0,0.0509508028626441,0.7628027019273638,6.876954316847818e-05,-0.19547935212388395
I4168.AG,Croatia,Croatia_MN_Sopotup.POP14.AG,6588.0,0.1744426041841507,0.7945868430669317,-0.007706880925167345,-0.19912906619196494
I4178.AG,Hungary,Hungary_EBA_BellBeaker.AG,4300.0,0.5028941035270691,1.6832604114607406,0.04949756925547025,-0.08540783071292479
I4184.AG,Hungary,Hungary_LN_Sopot.AG,6754.0,0.3704405426979065,1.6444066152985097,0.0943126227834646,-0.0677504038689826
I4186.AG,Hungary,Hungary_MN_AVK_Esztar.AG,7050.0,0.0532273389399051,1.712774120982015,0.09394989447636544,-0.13767160289656252
I4188.AG,Hungary,Hungary_MN_AVK.AG,7050.0,0.2487767785787582,1.6370621031921964,0.005819182493161593,-0.11378751624688656
I4189.AG,Hungary,Hungary_C_Balaton_Lasinja.AG,6050.0,0.6559395790100098,1.6553352436490245,0.05474092290707123,-0.1198128155016061
I4196.AG,Hungary,Hungary_MN_LBK.AG,7050.0,0.5528173446655273,1.655843505682701,0.1036737791075651,-0.12250330819091514
I4199.AG,Hungary,Hungary_MN_AVK_Tiszadob.AG,7050.0,0.2379180043935775,1.6245472662441023,0.05815140894930753,-0.10716902927589936
I4247.AG,Spain,Spain_C.AG,4302.0,0.1644354164600372,-1.1459014293638583,-2.3310494018135173,0.07878546782310325
I4251.AG,Poland,Poland_BellBeaker.AG,4219.0,0.0699522197246551,-0.1533765530782656,1.8385945259395464,-0.21796238902266202
I4253.AG,Poland,Poland_BellBeaker.AG,4266.0,0.3865182399749756,-0.18230150625765074,1.8704132039241033,-0.21191768493720797
I4303.AG,France,France_MN_1.AG,6624.0,0.6387953758239746,-1.0188751098405635,-0.8804431221999355,-0.03271252104784953
I4331.AG,Croatia,Croatia_MBA.AG,3519.0,0.6164509057998657,0.794639936878561,-0.014323552940649914,-0.27807621438497326
I4332.AG,Croatia,Croatia_MBA.AG,3508.0,0.6248311996459961,0.8316544605140642,-0.001406876864579971,-0.24281915823525013
I4432.AG,Latvia,Latvia_Mesolithic.AG,7958.0,0.634069561958313,-0.6224204022698966,0.3805363090089436,0.025973457848401466
I4434.AG,Latvia,Latvia_Mesolithic.AG,7441.0,0.633144199848175,-0.6335649099655718,0.39564822662916493,0.02167593282894891
I4435.AG,Latvia,Latvia_MN_o3.AG,5972.0,0.6235141158103943,-0.6123359519883604,0.3777257428817615,0.021629799506683898
I4436.AG,Latvia,Latvia_MN_o2.AG,6109.0,0.6387823820114136,-0.6221233225394205,0.4104720806036849,-0.002369303389784591
I4437.AG,Latvia,Latvia_MN.AG,6164.0,0.6269811987876892,-0.6454592105557315,0.3787504619318199,0.020196602077237107
I4438.AG,Latvia,Latvia_Mesolithic.AG,7248.0,0.6438472270965576,-0.6364831652922854,0.3714516237122894,0.0185832742089915
I4439.AG,Latvia,Latvia_Mesolithic.AG,7646.0,0.6442859768867493,-0.646674499000786,0.37586356363081397,0.008755958461847083
I4440.AG,Latvia,Latvia_Mesolithic.AG,7074.0,0.6254386901855469,-0.6453591750352616,0.37952991989631274,0.019627540740723485
I4441.AG,Latvia,Latvia_EN.AG,6718.0,0.6348554491996765,-0.6249606626395606,0.3858319828790004,0.03285941765405094
I4517.AG,Israel,Israel_IA.AG,2951.0,0.3701947927474975,1.4394287536092871,-1.03718520963918,0.9698112581839893
I5207.AG,Austria,Austria_N_LBK.AG,7100.0,0.7823883295059204,0.6257546117422592,-0.6200905912360979,-0.24877898410753005
I5208.AG,Austria,Austria_N_LBK.AG,7100.0,0.7665579915046692,0.5944301799681225,-0.6343393065452253,-0.20265066021205833
I5358.AG,UnitedKingdom,Wales_N.AG,4918.0,0.2127017378807068,-1.4875344354537834,0.05251517806621629,-0.6227385159697774
I5359.AG,UnitedKingdom,Wales_N.AG,5600.0,0.4549887180328369,-1.5138996628164993,0.03124563184167295,-0.5616569547828423
I5365.AG,UnitedKingdom,England_LIA.AG,1960.0,0.1040759533643722,-1.5559820941868663,0.12582437439673436,-0.5821480061952807
I5366.AG,UnitedKingdom,England_N.AG,5516.0,0.4961277842521667,-1.549482856638337,0.10980377428014552,-0.5911227834255551
I5367.AG,UnitedKingdom,Scotland_BellBeaker.AG,4312.0,0.6415382623672485,-1.5505191438600268,0.04162493464014255,-0.5828849616710653
I5371.AG,UnitedKingdom,Scotland_N.AG,5600.0,0.2883359789848327,-1.4438845520823607,0.1142804199309047,-0.5443753832994747
I5373.AG,UnitedKingdom,England_C_EBA_lowEEF.AG,4034.0,0.2026296555995941,-1.4191175139580665,0.12083124390378934,-0.6089995819433595
I5376.AG,UnitedKingdom,England_BellBeaker_lowEEF.AG,4216.0,0.1261073499917984,-1.4887424901705018,0.1458940753415964,-0.5535574452190238
I5379.AG,UnitedKingdom,England_BellBeaker_highEEF.AG,4333.0,0.5954430103302002,-1.5067572946162016,0.18731049387575605,-0.6060988325096496
I5382.AG,UnitedKingdom,England_BellBeaker.AG,4070.0,0.2773166298866272,-1.4825113216279657,0.0652401057033924,-0.6066321345450117
I5385.AG,UnitedKingdom,Scotland_BellBeaker.AG,4230.0,0.4696803689002991,-1.5240503025686876,0.15932169771944293,-0.5336070023295387
I5387.AG,UnitedKingdom,England_N.AG,4850.0,0.2883619368076324,-1.5036671154385273,0.0590730444337864,-0.6481349323533122
I5401.AG,Serbia,Serbia_IronGates_Mesolithic.AG,8838.0,0.4026713371276855,0.34196314154699936,0.11600961278016068,0.8989074372070589
I5402.AG,Serbia,Serbia_IronGates_Mesolithic.AG,8156.0,0.6991280913352966,0.3087279267948273,0.12275588826989546,0.8090516085509993
I5405.AG,Serbia,Serbia_IronGates_N.AG,7684.0,0.1807783097028732,0.3312009658221569,0.12731825822373935,0.8548109006206054
I5407.AG,Serbia,Serbia_IronGates_Mesolithic.AG,8000.0,0.7275819182395935,0.31002872747222293,0.117904056760471,0.76991829584842
I5408.AG,Romania,Romania_IronGates_Mesolithic.AG,8704.0,0.4521947503089905,1.2273498191037695,0.412674473700191,0.2144895306907277
I5409.AG,Serbia,Serbia_IronGates_Mesolithic_o.AG,9500.0,0.506345808506012,0.3632304258331644,0.1430083732462289,0.8335560426307098
I5411.AG,Romania,Romania_IronGates_Mesolithic.AG,8600.0,0.6106707453727722,1.1802992143872266,0.4034364399507922,0.23151298790758795
I5427.AG,Greece,Greece_Peloponnese_N.AG,7883.0,0.6597805619239807,1.890687504057618,-0.4787574984805285,0.009736059094928506
I5428.AG,Portugal,Portugal_LN_Megalithic.AG,5165.0,0.3503207266330719,-1.1306277094149368,-1.366697094964427,0.23801958440952908
I5429.AG,Portugal,Portugal_C.AG,4866.0,0.7618386745452881,-1.1281612796172058,-1.374093691292238,0.2313457151311952
I5436.AG,Romania,Romania_IronGates_Mesolithic.AG,9025.0,0.6288327574729919,1.2305225796873085,0.4255738008214066,0.20871760830378092
I5440.AG,UnitedKingdom,Wales_MBA_lowEEF.AG,3383.0,0.1564257591962814,-1.4408111547539757,0.0761247650335333,-0.6024148754788997
I5441.AG,UnitedKingdom,England_C_EBA.AG,3750.0,0.187208890914917,-1.5505943009539613,0.11100534965291135,-0.5920259212270764
I5471.AG,UnitedKingdom,Scotland_C_EBA_mediumhighEEF.AG,4063.0,0.533881664276123,-1.490448389767194,-0.0015864989200101115,-0.6376801592499376
I5658.AG,Germany,Germany_BellBeaker.AG,4200.0,0.2485107630491256,-0.3406651672016708,-0.17208647749476644,0.21899801091148843
I5659.AG,Germany,Germany_BellBeaker.AG,4200.0,0.098483145236969,-0.39650995214777857,-0.18929710904525104,0.15579532384407868
I5665.AG,Spain,Spain_C_oSteppe.AG,4077.0,0.4160134494304657,-1.187809407645379,-2.38924437057391,0.029093951042418978
I5666.AG,Czechia,Czechia_BellBeaker.AG,4250.0,0.2457021921873092,-0.38774602424855087,0.0452358872234832,-0.15028429102820554
I5686.AG,Slovenia,Slovenia_EIA_son.I22934.brother.I22935.brother.I5684.brother.I5685.AG,2688.0,0.7540910243988037,3.9377453112913283,-0.6223907181717265,0.60208281934718
I5691.AG,Slovenia,Slovenia_EIA.AG,2605.0,0.6551796197891235,3.9381104412054193,-0.6256127545632195,0.6032246497258242
I5692.AG,Slovenia,Slovenia_EIA.AG,2693.0,0.7510926723480225,3.9415838793531845,-0.6319679005745595,0.6051605914890504
I5693.AG,Slovenia,Slovenia_EIA.AG,2674.0,0.7518168687820435,3.9512754935600873,-0.6264360333091327,0.5988888945992142
I5957.AG,Ukraine,Ukraine_N.AG,7287.0,0.066937655210495,-0.10870003290852812,1.446054104797042,0.8272865565511712
I6181.AG,Romania,Romania_EN_Starcevo_contam.AG,7600.0,0.1085592806339263,1.2445067642179561,0.4165488974622611,0.19029570144920996
I6184.AG,Romania,Romania_MLBA.AG,3625.0,0.1986856609582901,1.2583161934282932,0.4289589287987708,0.18864233963096844
I6185.AG,Romania,Romania_MLBA.AG,3685.0,0.05607321113348,1.2441629758326318,0.42716336682955247,0.2008976110076101
I6470.AG,Spain,Spain_EBA.AG,3609.0,0.5847440361976624,-1.1329171209445816,-2.3200126410049844,0.0632884970467056
I6480.AG,Czechia,Czechia_BellBeaker.AG,4150.0,0.3678258061408996,-0.37128794125089065,0.02897741522715908,-0.15036494216128088
I6531.AG,Poland,Poland_ChopiceVeseleCulture.AG,4113.0,0.6733465194702148,-0.2059036731268904,1.8299670704433604,-0.22291637919743962
I6534.AG,Poland,Poland_BellBeaker.AG,4237.0,0.0621761493384838,-0.15695941167532781,1.844725451627309,-0.2400333035330891
I6537.AG,Poland,Poland_ChopiceVeseleCulture.AG,4130.0,0.4546107649803161,-0.17537625436121732,1.8379751651777407,-0.20750500901240998
I6539.AG,Spain,Spain_C_oSteppe.AG,4200.0,0.3448211848735809,-1.143707714301348,-2.2905803915943963,0.0320580950509039
I6542.AG,Spain,Spain_C.AG,4100.0,0.1409968882799148,-1.1477843070071188,-2.3551491718188062,0.08655055608976077
I6543.AG,Spain,Spain_C.AG,4100.0,0.0915399938821792,-1.215736679068256,-2.3596224036699454,0.03191030124957439
I6579.AG,Poland,Poland_EBA.AG,4155.0,0.6756044030189514,-0.18451974541715027,1.845218700017742,-0.23239832873081165
I6580.AG,Poland,Poland_BellBeaker.AG,4175.0,0.5606185793876648,-0.17932341173684108,1.8348448908477024,-0.2186447979661442
I6581.AG,Poland,Poland_BellBeaker_father.I6582_father.I6535.AG,4228.0,0.5380997657775879,-0.18044620069735728,1.8292386963428031,-0.23428475729559692
I6582.AG,Poland,Poland_BellBeaker.AG,4171.0,0.6774559617042542,-0.16399275842658992,1.8495248968802265,-0.21791464060903318
I6583.AG,Poland,Poland_BellBeaker.AG,4138.0,0.708359956741333,-0.206553485193728,1.8181308832412153,-0.2197440531044981
I6584.AG,Spain,Spain_C.AG,4200.0,0.1454688608646392,-1.1025080505960005,-2.352264692553883,0.07322478497447088
I6587.AG,Spain,Spain_C.AG,4200.0,0.1187075898051261,-1.1525871651310238,-2.385859154343693,0.07075034167617242
I6588.AG,Spain,Spain_C_oSteppe.AG,4200.0,0.0951555222272872,-1.1656524591793456,-2.363344502287404,0.06747081593459739
I6590.AG,Germany,Germany_BellBeaker.AG,4200.0,0.7041377425193787,-0.36835911548893707,-0.18552041883831413,0.12971823216597056
I6591.AG,Germany,Germany_BellBeaker.AG,4200.0,0.6978847980499268,-0.38658603069630326,-0.2086785667184226,0.12640315600703816
I6601.AG,Portugal,Portugal_C.AG,4650.0,0.3431228995323181,-1.1570850122918286,-1.365847199931746,0.23102941821216877
I6604.AG,Spain,Spain_C.AG,3947.0,0.1712252795696258,-1.1476446457211986,-2.4007231728526763,0.1158499648464865
I6608.AG,Spain,Spain_C.AG,3840.0,0.0983736589550972,-1.1732430232826485,-2.400664071484668,0.04979264607620321
I6617.AG,Spain,Spain_C.AG,4550.0,0.3222034275531769,-1.1079207093911692,-2.320028315075805,0.06844373086294624
I6618.AG,Spain,Spain_EBA.AG,3735.0,0.4188536405563354,-1.1379474764010165,-2.3463612563660523,0.08820646447017551
I6623.AG,Spain,Spain_C_oSteppe.AG,4100.0,0.5347105264663696,-1.183669825940189,-2.3849012660554507,0.09591775502579608
I6624.AG,Germany,Germany_BellBeaker.AG,4200.0,0.5375944972038269,-0.3958958629462085,-0.24185138374738868,0.14326675034874778
I6628.AG,Spain,Spain_C.AG,4550.0,0.0994693487882614,-1.107740395301864,-2.414818409662186,0.07300726091644023
I3321.AG,Spain,Spain_IA.AG,2150.0,0.3221758306026459,-1.152127786171475,-2.378181586060566,0.0817267812353224
I7427.AG,Spain,Spain_Islamic_oAfrica.AG,1000.0,0.0746869668364524,-1.1089743611102327,-2.284377536681485,0.06411937892911886
I0018.AG,Germany,Germany_EN_LBK.AG,7168.0,0.7823494076728821,-0.33429399914788577,-0.19838788916055156,0.10604929889043453
I0025.AG,Germany,Germany_EN_LBK.AG,7125.0,0.7416191101074219,-0.3292662724689097,-0.19376589725045462,0.0901659465617993
I0046.AG,Germany,Germany_EN_LBK.AG,7041.0,0.768983781337738,-0.29998279967411723,-0.2157710892186725,0.09218271869648434
I0048.AG,Germany,Germany_EN_LBK.AG,7057.0,0.3697649538516998,-0.2502584486185794,-0.2028093696260301,0.16084126252147574
I0054.AG,Germany,Germany_EN_LBK.AG,7074.0,0.8531029224395752,-0.3032765157152436,-0.2021123788523592,0.1389839770855047
I0056.AG,Germany,Germany_EN_LBK.AG,7059.0,0.3126755356788635,-0.37232588568214636,-0.22459422351669286,0.11390664116610982
I0057.AG,Germany,Germany_EN_LBK.AG,7070.0,0.2141688764095306,-0.32019063435957457,-0.2553790783127031,0.09343325760576893
I0070.AG,Greece,Greece_Crete_HgCharalambos_EMBA.AG,4000.0,0.515179455280304,1.9079759841585644,-0.4744413379909087,-0.011584209499745325
I0071.AG,Greece,Greece_Crete_HgCharalambos_EMBA.AG,4000.0,0.808416485786438,1.9094233623342158,-0.487793083543215,-0.009820230136646771
I0073.AG,Greece,Greece_Crete_HgCharalambos_EMBA.AG,4000.0,0.5367494225502014,1.9068778291403943,-0.4861268489491603,-0.005740767858003549
I0074.AG,Greece,Greece_Crete_HgCharalambos_EMBA.AG,4000.0,0.4255007803440094,1.9044838897128908,-0.5048843588607916,0.0031275383053518306
I0100.AG,Germany,Germany_EN_LBK.AG,6944.0,0.8328192830085754,-0.33675542979207496,-0.18991619202431947,0.09393652686908073
I0103.AG,Germany,Germany_CordedWare.AG,4472.0,0.9076773524284364,-0.39393585669787123,-0.1907592991970129,0.12565826000295116
I0104.AG,Germany,Germany_CordedWare.AG,4358.0,0.8190457224845886,-0.37042140404344565,-0.1611354330943878,0.13870178879205713
I0116.AG,Germany,Germany_EBA_Unetice.AG,3978.0,0.5677482485771179,-0.41572836190776735,-0.2234500761401063,0.13512039929216632
I0118.AG,Germany,Germany_LN_Alberstedt.AG,4325.0,0.8918113708496094,-0.36095969479379997,-0.21676563866606868,0.12030149205752388
I0406.AG,Spain,Spain_MLN.AG,5700.0,0.6387264132499695,-1.1455069644590916,-2.368726462316836,0.07053785826545916
I0408.AG,Spain,Spain_MLN.AG,5686.0,0.7886632084846497,-1.1330178724801523,-2.378221838164001,0.07726857945350754
I0410.AG,Spain,Spain_EN.AG,7106.0,0.4752496480941772,-1.1441347499068766,-2.3607481295907284,0.10182157933768832
I0412.AG,Spain,Spain_EN.AG,7177.0,0.842078685760498,-1.073175487018128,-2.3745009674513984,0.0960443603324121
I0413.AG,Spain,Spain_EN.AG,7143.0,0.5864901542663574,-1.1148599515651862,-2.338805386562519,0.0683858529771631
I0519.AG,UnitedKingdom,England_N.AG,5180.0,0.074984610080719,-1.4540237997303458,0.07957706557120083,-0.6091663131890316
I0525.AG,UnitedKingdom,England_EastYorkshire_LIA.AG,1975.0,0.202339306473732,-1.4969195792311205,-0.03088393236497336,-0.6223748663555084
I0581.AG,Spain,Spain_C.AG,4746.0,0.8644921183586121,-1.1579530592342884,-2.4015686715287403,0.08114000673440051
I0659.AG,Germany,Germany_EN_LBK.AG,7031.0,0.5097448229789734,-0.3118792058096848,-0.1812642506282167,0.08271976941407787
I0698.AG,Bulgaria,Bulgaria_N.AG,7900.0,0.6192238330841064,1.327232742239325,-0.30725009610425336,0.4418429913745176
I0700.AG,Bulgaria,Bulgaria_MalakPreslavets_N_oLowEEF_1d.rel.I1108.AG,7550.0,0.3123503029346466,1.2941857040739504,-0.27494986824926937,0.4568064151071712
I0704.AG,Bulgaria,Bulgaria_N.AG,7892.0,0.0848782584071159,1.3215703969556118,-0.2900400172875798,0.4438320972256277
I0704_enhanced.AG,Bulgaria,Bulgaria_N.AG,7892.0,0.1089274808764457,1.32224609392801,-0.31038638994364176,0.4433865403231352
I0706.AG,Bulgaria,Bulgaria_N_oEEF.AG,7899.0,0.2181250303983688,1.3251350071148262,-0.29235631323138267,0.4420415855502983
I0723_enhanced.AG,Turkey,Turkey_Marmara_Mentese_N.AG,7870.0,0.5978371500968933,1.4280403351384028,-0.5676688569775932,0.5429241977735314
I0724_enhanced.AG,Turkey,Turkey_Marmara_Mentese_N.AG,7950.0,0.2014617919921875,1.4893570810073926,-0.6068841782772986,0.575051274639329
I0727_enhanced.AG,Turkey,Turkey_Marmara_Mentese_N.AG,7950.0,0.158008873462677,1.4442923377832682,-0.5997425652167336,0.5446971518600245
I0821.AG,Germany,Germany_EN_LBK.AG,6938.0,0.3372608423233032,-0.36512922704086886,-0.1813935234470545,0.1268068433504453
I0839.AG,Portugal,Portugal_C.AG,4264.0,0.0774582251906395,-1.1365182354149448,-1.3706629545487214,0.24147796854929243
I0854_enhanced.AG,Turkey,Turkey_Marmara_Barcin_N_sister.of.I0736.AG,8104.0,0.6543905138969421,1.4614505164227574,-0.594540102960262,0.5531006664979641
I0861.AG,Israel,Israel_Natufian.AG,12700.0,0.097841627895832,1.4316604767862169,-1.0532084932692996,0.9569671991949807
I10045.AG,Croatia,Croatia_C_Lasinja.AG,6050.0,0.6963778734207153,0.8040966526284468,-0.02152016406849294,-0.2136531377879563
I10046.AG,Croatia,Croatia_C_Lasinja.AG,6050.0,0.5848097205162048,0.8082897097610047,0.008039173698874419,-0.18517219757513084
I10047.AG,Croatia,Croatia_C_Lasinja.AG,6050.0,0.6518722772598267,0.8024047563952392,-0.010673693538159897,-0.21471234237134845
I10048.AG,Croatia,Croatia_C_Lasinja.AG,6050.0,0.683491587638855,0.8352184071279952,0.019992006948619082,-0.19024081903692264
I10049.AG,Croatia,Croatia_C_Lasinja.AG,6050.0,0.709831953048706,0.8286102843367302,0.03696595817687551,-0.16765159746714525
I10050.AG,Croatia,Croatia_C_Lasinja.AG,6050.0,0.4508784711360931,0.7595961358428641,0.0029773763940794456,-0.19713662172287738
I10052.AG,Croatia,Croatia_C_Lasinja.AG,6095.0,0.1446043103933334,0.8361080954517401,-0.010344673090269865,-0.22085277743776227
I10053.AG,Croatia,Croatia_C_Lasinja.AG,6050.0,0.540118396282196,0.8532371936064308,-0.01688877481319005,-0.22297104002152685
I10054.AG,Croatia,Croatia_C_Lasinja.AG,6050.0,0.7169551253318787,0.8127307196954527,-0.027114546883703943,-0.23505397299594302
I10055.AG,Croatia,Croatia_N.AG,7727.0,0.5758998394012451,0.7710514700631459,-0.014134432413029651,-0.22651954036449876
I10056.AG,Croatia,Croatia_C_Lasinja.AG,6050.0,0.6078735589981079,0.7606206298616747,0.013389645809304502,-0.20692224700200978
I10057.AG,Croatia,Croatia_C_Lasinja.AG,6050.0,0.6479558348655701,0.8227677331962459,-0.02575729867667743,-0.21855830707857826
I10058.AG,Croatia,Croatia_C_Lasinja_contam.AG,6050.0,0.0984717905521392,0.7954381756783294,-0.013098617354085683,-0.20486593053943528
I10061.AG,Croatia,Croatia_C_Lasinja_father.I10294.AG,6050.0,0.5920748710632324,0.7932860238269414,0.01200831988277108,-0.20243682799579743
I10062.AG,Croatia,Croatia_C_Lasinja.AG,6050.0,0.6603458523750305,0.8495735929443646,-0.019641137489540838,-0.2166742542613815
I10063.AG,Croatia,Croatia_C_Lasinja.AG,6050.0,0.6416493654251099,0.8404512222370192,0.0038513750629234804,-0.21983889599051698
I10064.AG,Croatia,Croatia_C_Lasinja.AG,6050.0,0.5510258078575134,0.8019489840140266,-0.04834416794876761,-0.19737143962852477
I10065.AG,Croatia,Croatia_C_Lasinja.AG,6050.0,0.657843828201294,0.814873687101521,0.02542146913555006,-0.21496367519377566
I10068.AG,Croatia,Croatia_C_Lasinja_father.I10070.I10074.AG,6050.0,0.6827787160873413,0.8442326549568765,-0.005406243452526189,-0.22219851945029878
I10069.AG,Croatia,Croatia_C_Lasinja.AG,6050.0,0.6372674107551575,0.8156004526753811,0.0017477663060744256,-0.20864720898559733
I10070.AG,Croatia,Croatia_C_Lasinja.AG,6050.0,0.7054410576820374,0.758684103488656,0.02429423247481195,-0.23724138696559594
I10071.AG,Croatia,Croatia_C_Lasinja.AG,6050.0,0.3344660699367523,0.8171231239022817,-0.032864524831327,-0.21251308092009621
I10072.AG,Croatia,Croatia_C_Lasinja.AG,6050.0,0.6691665053367615,0.8058199395108253,-0.047954812631548875,-0.20729369798970593
I10092.AG,Israel,Israel_MLBA.AG,3750.0,0.3909618258476257,1.4475142148668076,-1.0323194854538233,0.9818537091156839
I10093.AG,Israel,Israel_MLBA.AG,3750.0,0.5687928795814514,1.4385571262883108,-1.0212756817962092,0.9669327992410999
I10097.AG,Israel,Israel_MLBA.AG,3500.0,0.3893762528896332,1.4293307123236014,-1.0259081257208262,0.9503778699272936
I10099.AG,Israel,Israel_MLBA.AG,3500.0,0.4506343305110931,1.4435330531809436,-1.0022500862526813,0.9530857778717272
I10100.AG,Israel,Israel_MLBA_oCaucasus.AG,3548.0,0.2155492305755615,1.4409995068695438,-1.0311946871407098,0.9794059508361908
I10101.AG,Israel,Israel_MLBA.AG,3500.0,0.0652758702635765,1.4384558444109112,-1.0305091588676425,0.9723858489326055
I10104.AG,Israel,Israel_MLBA.AG,3825.0,0.0941458046436309,1.4497643833393474,-1.0360925536358865,0.9837424865509495
I10106.AG,Israel,Israel_MLBA.AG,3550.0,0.1845487505197525,1.4472580388008882,-1.0053549196342446,0.9581644264297879
I10167.AG,NorthMacedonia,NorthMacedonia_Classical_Hellenistic.AG,2071.0,0.1277642697095871,1.3383002736171379,-0.6619891087452727,-0.30677398781669335
I10263.AG,Israel,Israel_MLBA.AG,3500.0,0.0872456356883049,1.437031676421422,-1.0356282550299076,0.9663503312230922
I10264.AG,Israel,Israel_MLBA.AG,3750.0,0.2380542606115341,1.4364922665007906,-1.0221162358703233,0.9604013795631183
I10266.AG,Israel,Israel_MLBA.AG,3462.0,0.1788740307092666,1.4512054615534826,-1.0310626624604708,0.9725866796223486
I10268.AG,Israel,Israel_MLBA.AG,3853.0,0.3793690800666809,1.4276250995479909,-1.0078914996567987,0.9524194121339367
I10270.AG,Israel,Israel_MLBA_sister.I10101.AG,3500.0,0.0519191622734069,1.4320014553076064,-1.0313965481645158,0.9744172637236745
I10271.AG,Croatia,Croatia_C_Lasinja.AG,6050.0,0.5429723858833313,0.808717103383761,0.008981089452483727,-0.21194178146687187
I10272.AG,Croatia,Croatia_C_Lasinja.AG,6023.0,0.2428303658962249,0.8083582949786714,0.006353308371606531,-0.21953440241306035
I10273.AG,Croatia,Croatia_C_Lasinja.AG,6050.0,0.5372287034988403,0.792202425777888,0.021715488515992594,-0.15448346721832745
I10274.AG,Croatia,Croatia_C_Lasinja.AG,6050.0,0.1221868693828582,0.803880727482972,-0.02407101993639163,-0.21276167078299213
I10275.AG,Croatia,Croatia_C_Lasinja.AG,6050.0,0.0827914997935295,0.8395859763705228,-0.0011406586133956781,-0.2170416972108573
I10277.AG,Spain,Spain_MLN.AG,4900.0,0.3603149354457855,-1.136392350430972,-2.3892222839408794,0.07537861917815336
I10278.AG,Spain,Spain_MLN.AG,4900.0,0.3389542400836944,-1.1408853632149503,-2.3882258855783465,0.12551131648204267
I10280.AG,Spain,Spain_MLN.AG,4900.0,0.265470027923584,-1.1511402098696608,-2.3715462698236665,0.07579330764771496
I10283.AG,Spain,Spain_MLN.AG,4900.0,0.1133224070072174,-1.1479696697613841,-2.389201208013107,0.07222021025448833
I10284.AG,Spain,Spain_MLN.AG,4900.0,0.0982455164194107,-1.1249813555291794,-2.4162289658246676,0.062157278688907566
I10285.AG,Spain,Spain_MLN.AG,4900.0,0.25477996468544,-1.1269685794846949,-2.353755932998762,0.0958903443322295
I10287.AG,Spain,Spain_MLN.AG,4900.0,0.5070076584815979,-1.1610296966056475,-2.3371565123892672,0.10556251076889223
I10291.AG,Croatia,Croatia_C_Lasinja.AG,6050.0,0.2034139186143875,0.7811441857375311,-0.008476743236369717,-0.1990826225877909
I10293.AG,Croatia,Croatia_C_Lasinja.AG,6093.0,0.670687198638916,0.7986478646442554,0.010038728332809024,-0.20615737106829182
I10294.AG,Croatia,Croatia_C_Lasinja.AG,6050.0,0.743494987487793,0.7707295784045709,-0.004313696081694581,-0.19675374253605327
I10297.AG,Croatia,Croatia_C_Lasinja.AG,6050.0,0.7638670206069946,0.7806109180428815,0.0018224295733102608,-0.20094055608080882
I10299.AG,Croatia,Croatia_C_Lasinja.AG,6050.0,0.485673725605011,0.7973823869065736,-0.016102086630364252,-0.20401746453748779
I10303.AG,Croatia,Croatia_C_Lasinja.AG,6050.0,0.5875380039215088,0.8378582689292559,-0.052274505637762037,-0.2523359700594132
I10342.AG,France,France_EBA.AG,3728.0,0.8001196980476379,-1.0528721548037359,-0.8485907605402491,-0.03463291907507216
I10343.AG,France,France_EBA.AG,3732.0,0.702415943145752,-1.0145769656930488,-0.8786401831754875,-0.05353490480575479
I10344.AG,France,France_MBA.AG,3314.0,0.7052609920501709,-0.9803238963340938,-0.8379413080173337,-0.050643351462029335
I10345.AG,France,France_EBA_BellBeaker_oEEF.AG,4299.0,0.6808638572692871,-1.0058655104863854,-0.8714603432559549,-0.015665804959908543
I10347.AG,France,France_EBA.AG,3527.0,0.6883658170700073,-0.9717126923115883,-0.8075623266397421,0.0038257779956996922
I10348.AG,France,France_EBA.AG,3642.0,0.6932514309883118,-0.9555038386706742,-0.8700328870446618,-0.013966954632873951
I10349.AG,Hungary,Hungary_MN_AVK_o.AG,7087.0,0.6576629877090454,1.5970754081980203,0.02379064518271872,-0.1510955100216381
I10350.AG,Hungary,Hungary_MN_AVK_o.AG,7204.0,0.6744519472122192,1.7016030755079217,0.12118848289955468,-0.07484232420229467
I10351.AG,Hungary,Hungary_MN_AVK.AG,7214.0,0.6789709329605103,1.7261932619322131,0.07863933953670468,-0.1200424235304091
I10352.AG,Hungary,Hungary_MN_AVK.AG,6928.0,0.6974841356277466,1.5916422331976663,0.04236936547665878,-0.07456861442271631
I10353.AG,Hungary,Hungary_MN_AVK.AG,7143.0,0.6979634165763855,1.5989343332261905,0.08477723011714913,-0.1070369452614892
I10355.AG,Hungary,Hungary_MN_AVK.AG,7214.0,0.0715410113334655,1.6732192488159428,0.03633071292075079,-0.06676293587997106
I10359.AG,Israel,Israel_MLBA.AG,3512.0,0.0735280141234397,1.4561293471630914,-1.0181259337031485,0.9819851949500432
I10364.AG,Italy,Italy_Sardinia_LBA.AG,2925.0,0.5656169056892395,-0.1355859719345452,-0.7602087357299538,0.20617532278273293
I10365.AG,Italy,Italy_Sardinia_MBA_o.AG,3404.0,0.4831052124500274,-0.02813151962388592,-0.7068756210897995,0.25860954835160926
I10366.AG,Italy,Italy_Sardinia_IA_1.AG,2244.0,0.5799087285995483,-0.07284070216224074,-0.7423217900436162,0.22098097934139754
I10943.AG,Italy,Italy_Sicily_Himera_480BCE_NEurope.AG,2430.0,0.5761447548866272,-0.06518016246285657,-0.6514803838042029,0.1828988432613395
I10945.AG,Italy,Italy_Sicily_Himera_480BCE_Greek.AG,2430.0,0.6071557998657227,-0.013479353123552137,-0.7267094584132628,0.20311434722253915
I10946.AG,Italy,Italy_Sicily_Himera_480BCE_Balkan.AG,2430.0,0.5258549451828003,-0.06932021781241984,-0.7254328247738264,0.18246982940697035
I10947.AG,Italy,Italy_Sicily_Himera_480BCE_Sarmatian.AG,2430.0,0.603079617023468,0.03637489040285511,-0.690887567940849,0.19193989282042023
I10948.AG,Italy,Italy_Sicily_Himera_480BCE_Greek.AG,2430.0,0.5389448404312134,-0.019866420786182806,-0.6364697051669513,0.21702280824855683
I10950.AG,Italy,Italy_Sicily_Himera_480BCE_Balkan.AG,2430.0,0.6072044372558594,-0.06825514605754289,-0.6839633096536148,0.2117863046206403
I10951.AG,Italy,Italy_Sicily_Himera_480BCE_Caucasus.AG,2430.0,0.5211818814277649,-0.11304039382415255,-0.679410790919665,0.1911638189929133
I10952.AG,Italy,Italy_Sicily_Himera_480BCE_Greek.AG,2430.0,0.5316002368927002,0.019499655778127335,-0.6879294178418384,0.18870859398488277
I1108.AG,Bulgaria,Bulgaria_MalakPreslavets_N_oLowEEF.AG,7550.0,0.2352400124073028,1.3240919195170078,-0.31855732304889783,0.4997172312496349
I1109.AG,Bulgaria,Bulgaria_MalakPreslavets_N_oHighEEF.AG,7550.0,0.2225175201892852,1.3252156754455635,-0.30348809413414596,0.4159410287221274
I1113.AG,Bulgaria,Bulgaria_MalakPreslavets_N.AG,7550.0,0.2061932832002639,1.3227231977279605,-0.3253893626289507,0.4485502021011208
I11158.AG,Czechia,Czechia_EBA_son.I14193_son.I7198.AG,4025.0,0.5974714159965515,-0.38095467171216973,0.09100998376964166,-0.12017730086875845
I11159.AG,Czechia,Czechia_EBA_Unetice.AG,3850.0,0.6299130916595459,-0.45144275273804313,0.11074431292361225,-0.06935054027000546
I11160.AG,Czechia,Czechia_EBA_Unetice_brother.I14185.AG,3850.0,0.6034721732139587,-0.36095997648138267,0.05635496268559345,-0.15356990428209893
I11442.AG,Italy,Italy_Sicily_EBA.AG,4120.0,0.6361895799636841,-0.10018625350096155,-0.6938882992971328,0.16594083030019238
I11443.AG,Italy,Italy_Sicily_EBA_o2.AG,4090.0,0.6403987407684326,-0.08881476733737555,-0.6860368760715199,0.21696083622856965
I11446.AG,Serbia,Serbia_EBA_Yamnaya.AG,4942.0,0.1403261721134185,0.36248085949666603,0.15969281064020338,0.841671629700719
I1154.AG,Israel,Israel_C.AG,5950.0,0.0933899283409118,1.4512707193175454,-1.0205963430042684,0.980159785990339
I1160.AG,Israel,Israel_C.AG,5950.0,0.5099329948425293,1.4398548100620172,-1.027281171328243,0.9777625561356422
I1166.AG,Israel,Israel_C_father.or.son.I1169.AG,5950.0,0.5165849924087524,1.439129176610032,-1.0154986771327341,0.9591410314086037
I1169.AG,Israel,Israel_C.AG,5950.0,0.8510599732398987,1.4235523606463552,-1.0301175097111483,0.956543019266729
I1295.AG,Bulgaria,Bulgaria_MalakPreslavets_N.AG,7550.0,0.1313068121671676,1.3345373538987437,-0.30280412408625995,0.44671906709111975
I1296_enhanced.AG,Bulgaria,Bulgaria_MalakPreslavets_N.AG,7634.0,0.0909106358885765,1.2839670744717286,-0.30166392159146166,0.44577034615456906
I1297.AG,Bulgaria,Bulgaria_MalakPreslavets_N.AG,7550.0,0.1036696285009384,1.2927573547289415,-0.33644388352993226,0.449708620481835
I1312_d.AG,Spain,Spain_EBA.AG,3650.0,0.111373521387577,-1.1291363347016476,-2.3764208731286716,0.0904833382978152
I1313_d.AG,Spain,Spain_EBA.AG,3650.0,0.2230017036199569,-1.1302675678837641,-2.3944844348580094,0.1175292004968208
I1378.AG,Ukraine,Ukraine_N_son.I1732.AG,7300.0,0.1376660317182541,-0.08809270997698103,1.3928393098918985,0.8101556054449043
I1389_enhanced.AG,France,France_BellBeaker_1d.rel.I1390.AG,4361.0,0.1603454351425171,-0.9574911779381664,-0.8477113139836122,-0.02355464445086305
I1391_enhanced.AG,France,France_BellBeaker.AG,4179.0,0.14188252389431,-1.0152055747544335,-0.8475788206129652,-0.05069975911584396
I1392.AG,France,France_BellBeaker_NoSteppe.AG,4516.0,0.5453859567642212,-0.9242259763783113,-0.783634583560077,-0.08263164928911162
I1550.AG,Germany,Germany_EN_LBK.AG,7125.0,0.4733380675315857,-0.2641267855823063,-0.1843649774844175,0.09020133204519935
I1563.AG,Germany,Germany_Blatterhohle_MN.AG,5448.0,0.8007733821868896,-0.38545787829955325,-0.28144208127514775,0.11258612733676328
I1565.AG,Germany,Germany_Blatterhohle_MN_oWHG.AG,5674.0,0.730503261089325,-0.3803254312287447,-0.1827681684693911,0.14821640300329633
I1577.AG,Austria,Austria_Gravettian.AG,30200.0,0.1929306536912918,0.5895901432665045,-0.6249894118403306,-0.20670889763251915
I1579_enhanced.AG,Turkey,Turkey_Marmara_Barcin_N.AG,8072.0,0.8520234823226929,1.4466776578910963,-0.5657323397540566,0.5212830791378693
I1580.AG,Turkey,Turkey_Marmara_Barcin_N.AG,8205.0,0.8294656872749329,1.4312333981540823,-0.5863542805417403,0.5303937065787696
I1581.AG,Turkey,Turkey_Marmara_Barcin_N.AG,8252.0,0.7615994215011597,1.4405212572543566,-0.5779461919485548,0.526112069941844
I1583.AG,Turkey,Turkey_Marmara_Barcin_N.AG,8273.0,0.8696339726448059,1.4357259988571787,-0.5694858116393317,0.5114370366976456
I1585_enhanced.AG,Turkey,Turkey_Marmara_Barcin_N.AG,8021.0,0.8608270883560181,1.4464565681780863,-0.5930311388844098,0.5323059571480403
I1593.AG,Germany,Germany_Blatterhohle_MN.AG,5527.0,0.4818813800811767,-0.3989449958583428,-0.23852697255738664,0.10900924355007495
I1733.AG,Ukraine,Ukraine_Mesolithic.AG,10200.0,0.2243926078081131,-0.0819525492033987,1.3453135198219273,0.7779863650354041
I1737.AG,Ukraine,Ukraine_Mesolithic.AG,10358.0,0.0682377219200134,-0.08875022929721155,1.38302617786723,0.8254139479449929
I1842.AG,Spain,Spain_C.AG,4850.0,0.3913324475288391,-1.15711551022791,-2.4228193081397174,0.06871639472179286
I1845.AG,Spain,Spain_C.AG,4825.0,0.3517497479915619,-1.1257657154699783,-2.3810458520853954,0.03731167638688988
I1846.AG,Spain,Spain_C.AG,4825.0,0.560401201248169,-1.1262722675271022,-2.3605257790432512,0.09785711277212052
I1875.AG,Croatia,Croatia_Mesolithic.AG,9056.0,0.3185059726238251,0.7200241467129619,-0.008995466715053023,-0.18674397016774186
I1876.AG,Hungary,Hungary_EN_Starcevo_1.AG,7541.0,0.1818123608827591,1.6988815692305603,0.06818985481319186,-0.14884689584646266
I1877.AG,Hungary,Hungary_EN_Starcevo_2.AG,7567.0,0.6343996524810791,1.489158034422204,0.04936676702678649,-0.05833248631810817
I1878.AG,Hungary,Hungary_EN_Starcevo_1.AG,7687.0,0.5997763276100159,1.6446525703934218,0.05253106914131069,-0.04059873076662173
I1879.AG,Croatia,Croatia_Medieval_contam.AG,396.0,0.1329799443483352,0.813501148434557,0.01566330002934581,-0.2134866926986831
I1880.AG,Hungary,Hungary_EN_Starcevo_2.AG,7600.0,0.4646722972393036,1.6191329325168546,0.0982129238929172,-0.08987960442029948
I1882.AG,Hungary,Hungary_MN_LBK.AG,7050.0,0.1510600447654724,1.6578303548431619,0.07918812534355785,-0.0720766937499589
I1883.AG,Hungary,Hungary_MN_LBK_o.AG,7146.0,0.055755291134119,1.640875938610368,0.08462080204889388,-0.06014759628049685
I1893.AG,Hungary,Hungary_LN_Sopot.AG,6895.0,0.0512103289365768,1.698648572615689,0.03751682631860508,-0.10499030619714383
I1904.AG,Hungary,Hungary_MN_LBK.AG,7010.0,0.6803147792816162,1.5347445717119053,-0.042018800484145996,-0.11465662309198606
I1917.AG,Ukraine,Ukraine_Ozera_EBA_Yamnaya.AG,4955.0,0.5187009572982788,-0.08020398299547113,1.3866558059225012,0.8003506444917929
I1926.AG,Ukraine,Ukraine_Eneolithic_Trypillia.AG,5649.0,0.1889071762561798,-0.05377344656800085,1.3732050351980172,0.81668096031081
I1970.AG,Portugal,Portugal_C.AG,4635.0,0.1783111840486526,-1.1178324869056235,-1.3472508991060288,0.2405632337614944
I1976.AG,Spain,Spain_C.AG,4427.0,0.1192047446966171,-1.135397807001563,-2.3880781670231874,0.12698920317131204
I1977.AG,Spain,Spain_EBA.AG,3475.0,0.1020629927515983,-1.1607398049847286,-2.3397952257544428,0.08393063311174898
I1978.AG,Spain,Spain_C.AG,4825.0,0.7239882946014404,-1.134426071731279,-2.3839368518732242,0.08483582263828056
I1979.AG,Italy,Italy_North_BellBeaker_1.AG,4015.0,0.3273760974407196,-0.0826671978265863,-0.7332589026138961,0.2724297031258254
I1981.AG,Spain,Spain_C.AG,4891.0,0.103351704776287,-1.0918965458660412,-2.3673386831375502,0.07343238300110097
I2029.AG,Germany,Germany_EN_LBK.AG,7100.0,0.111669547855854,-0.3606861070071622,-0.2693626617186066,0.07486462424455925
I2030.AG,Germany,Germany_EN_LBK.AG,7125.0,0.2010319381952285,-0.3529145983625133,-0.2720848515045984,0.11803202582596539
I2032.AG,Germany,Germany_EN_LBK.AG,7125.0,0.0991279110312461,-0.3038762772929819,-0.2081733841283481,0.12951455664328257
I2036.AG,Germany,Germany_EN_LBK.AG,7125.0,0.2483461201190948,-0.3299808649276241,-0.22999128373968608,0.11608826594370406
I2037.AG,Germany,Germany_EN_LBK.AG,7050.0,0.0777866914868354,-0.360244934568394,-0.24137946685910291,0.09977717137685374
I2038.AG,Germany,Germany_EN_LBK.AG,7125.0,0.1591086238622665,-0.35458701321250835,-0.2710747743860252,0.08621220064782448
I2062.AG,Israel,Israel_MLBA.AG,3170.0,0.5298354625701904,1.4209016948281243,-1.0126439660358977,0.9495821721511254
I2105.AG,Ukraine,Ukraine_EBA_Yamnaya.AG,4850.0,0.6846545934677124,-0.07449865584888285,1.32043035173603,0.7851053513972862
I2111.AG,Ukraine,Ukraine_Eneolithic_Trypillia.AG,5622.0,0.0534649677574634,-0.07013813607562817,1.3787540214304916,0.8126656593377748
I2163.AG,Bulgaria,Bulgaria_MLBA.AG,3639.0,0.6989196538925171,1.2823354291040792,-0.28740987486213243,0.44061568935743045
I2165.AG,Bulgaria,Bulgaria_EBA_o2.AG,4910.0,0.7258804440498352,1.3267290568464882,-0.29440447757582466,0.4683696550133516
I2175.AG,Bulgaria,Bulgaria_EBA.AG,5097.0,0.3614276647567749,1.4136468586182214,-0.3212465902675013,0.4547940232964289
I2176.AG,Bulgaria,Bulgaria_EBA_contam.AG,5146.0,0.5315150618553162,1.3133066730195817,-0.3154176612558475,0.44427579500392683
I2176_enhanced.AG,Bulgaria,Bulgaria_EBA_contam.AG,5146.0,0.6627091765403748,1.281213488583158,-0.30614729670923513,0.45038011142124035
I2181.AG,Bulgaria,Bulgaria_Chalcolithic_oSteppe.AG,6458.0,0.0612215772271156,1.295230100466251,-0.3250104230428752,0.4501862287177076
I2181_enhanced.AG,Bulgaria,Bulgaria_Chalcolithic_oSteppe.AG,6458.0,0.0981530621647834,1.3126956563924517,-0.2963762144781282,0.43858731788627586
I2189.AG,Israel,Israel_MLBA_o_brother.I2200.AG,3500.0,0.1158325150609016,1.4376925250427588,-1.0166778095020466,0.9785940845492248
I2190.AG,Israel,Israel_MLBA.AG,3351.0,0.2542795538902282,1.445472794648619,-1.0279364417800563,0.9519897019394208
I2195.AG,Israel,Israel_MLBA.AG,3372.0,0.1945234984159469,1.422975742534227,-1.0416298960305064,0.9427418597683417
I2198.AG,Israel,Israel_LBA_I_1d.rel.I36592_1d.rel.I31087_1d.rel.I31118.AG,3420.0,0.2488757222890854,1.4570069910611343,-1.034853227571164,0.9863509501704715
I2199.AG,Spain,Spain_EN.AG,7069.0,0.2801446616649627,-1.1439153282834718,-2.3727483582646216,0.06784931831930942
I2200.AG,Israel,Israel_MLBA_o.AG,3500.0,0.5275719165802002,1.451455534397914,-1.0257102690596003,0.9774252135025008
I2201.AG,Israel,Israel_IA_o.AG,2889.0,0.4919769763946533,1.4426562330722552,-1.0237279140900235,0.9804942325151071
I2215.AG,Bulgaria,Bulgaria_MalakPreslavets_N.AG,7976.0,0.0740892440080642,1.3347279002501087,-0.3315223616299142,0.4399926874736228
I2215_enhanced.AG,Bulgaria,Bulgaria_MalakPreslavets_N.AG,7976.0,0.108594961464405,1.3626604779637792,-0.29341904639678446,0.43233212601829857
I2216.AG,Bulgaria,Bulgaria_MalakPreslavets_N_oHighEEF.AG,7839.0,0.0548096410930156,1.2966430793414625,-0.29604434260947027,0.4234422057260816
I2216_enhanced.AG,Bulgaria,Bulgaria_MalakPreslavets_N_oHighEEF.AG,7839.0,0.0888668671250343,1.337501576521548,-0.312748012669066,0.44901734073393496
I2318.AG,Greece,Greece_Peloponnese_N.AG,5935.0,0.3579118847846985,1.8971551183259567,-0.46832679764166124,0.0030738793758645485
I2352.AG,Hungary,Hungary_LN_Lengyel.AG,6550.0,0.0986713021993637,1.7121671613708762,0.06709831363080786,-0.10844491542259349
I2353.AG,Hungary,Hungary_EarlyC_Tiszapolgar.AG,6200.0,0.2304939180612564,1.6778011582061216,0.11083916393051767,-0.07796508511255663
I2354.AG,Hungary,Hungary_EarlyC_Tiszapolgar.AG,6200.0,0.3006050884723663,1.7134432446530146,0.02417548570871776,-0.12615592976360582
I2355.AG,Hungary,Hungary_MN_ALBK_Szakalhat.AG,7050.0,0.2347623258829116,1.6793296565349844,0.08436900825888857,-0.09154926971416003
I2356.AG,Hungary,Hungary_EarlyC_Tiszapolgar_contam.AG,6200.0,0.1386919617652893,1.6682017529396813,0.05350759299038613,-0.05161994497376216
I2358.AG,Hungary,Hungary_LN_Tisza.AG,6700.0,0.3147647380828857,1.712570777634736,0.0723471062837468,-0.10556910493412158
I2364.AG,Hungary,Hungary_EBA_BellBeaker.AG,4220.0,0.6497036218643188,1.6581640827987876,0.0624136681934813,-0.10324174554817388
I2365.AG,Hungary,Hungary_EBA_BellBeaker.AG,4299.0,0.7704760432243347,1.5525744940609452,-0.008927927893720426,-0.14175522785757355
I2366.AG,Hungary,Hungary_LateC_Baden.AG,5118.0,0.6756278872489929,1.7272794725928255,0.006618951037649106,-0.07731888284496845
I2367.AG,Hungary,Hungary_LateC_Baden.AG,5085.0,0.7085950970649719,1.6654424280294875,0.027932258633461486,-0.08697249814220127
I2368.AG,Hungary,Hungary_LateC_Baden_contam.AG,5025.0,0.0689060017466545,1.6502676737077575,0.09909123702119901,-0.0754883925995672
I2369.AG,Hungary,Hungary_LateC_Baden.AG,5186.0,0.6415560841560364,1.7041292920716375,0.07104141664627758,-0.12371657102819662
I2370.AG,Hungary,Hungary_LateC_Baden.AG,5122.0,0.7249607443809509,1.7273721405276328,0.02851140475014221,-0.17450391066255486
I2371.AG,Hungary,Hungary_LateC_Baden.AG,5169.0,0.4682294428348541,1.6828591342444743,0.10786954849082815,-0.07561151181240161
I2373.AG,Hungary,Hungary_EN_Koros.AG,7700.0,0.2530573606491089,1.6244524087908079,0.0627784914972662,-0.060138513197547115
I2375.AG,Hungary,Hungary_MN_AVK_Tiszadob.AG,7050.0,0.1043565645813942,1.6893504425638632,0.1272606030990307,-0.03647130299425966
I2376.AG,Hungary,Hungary_MN_AVK_Tiszadob.AG,7050.0,0.3289657235145569,1.6416976360904818,0.07067991598997903,-0.07585863366292339
I2377.AG,Hungary,Hungary_MN_AVK_Tiszadob.AG,7001.0,0.5506292581558228,1.5936643484455224,0.05961251218092412,-0.12359048975037537
I2378.AG,Hungary,Hungary_MN_AVK_Tiszadob.AG,7050.0,0.0901223272085189,1.6822212801424663,0.1002674037918561,-0.11201706282518142
I2379.AG,Hungary,Hungary_MN_AVK_Tiszadob.AG,6984.0,0.5238704085350037,1.6417191223345375,0.0810806904730513,-0.14331526400837313
I2380.AG,Hungary,Hungary_MN_AVK_Szatmar.AG,7350.0,0.633116602897644,1.609743011496927,0.0651483119914633,-0.14004186040762637
I2383.AG,Hungary,Hungary_MN_AVK_contam.AG,7050.0,0.0519134849309921,1.6146883699967864,0.10475193537921755,-0.08227320995773463
I2384.AG,Hungary,Hungary_MN_AVK.AG,7114.0,0.5781115293502808,1.6906210017843857,0.1457470959727906,-0.1079448707060783
I2387.AG,Hungary,Hungary_LN_Tisza.AG,6700.0,0.0587568841874599,1.700855738214552,0.14646318582414447,-0.10029491985460336
I2395.AG,Hungary,Hungary_EarlyC_Tiszapolgar.AG,6200.0,0.1020240634679794,1.645340713682133,0.004531103649329556,-0.05852171105320813
I2405.AG,Poland,Poland_GlobularAmphora.AG,5132.0,0.1018683537840843,-0.21266315984678172,1.8150660347023884,-0.27408558988310433
I2413.AG,UnitedKingdom,Scotland_C_EBA_highEEF.AG,3936.0,0.0809967145323753,-1.4761776838687721,0.19061488279808084,-0.6287544012484271
I2416.AG,UnitedKingdom,England_BellBeaker_highEEF.AG,4239.0,0.1173694059252739,-1.500007023382992,0.119648514396699,-0.5743380737622898
I2418.AG,UnitedKingdom,England_BellBeaker.AG,4237.0,0.5627588629722595,-1.3979766219876126,0.23975226961485507,-0.6045907876519188
I2419.AG,UnitedKingdom,England_BellBeaker_mediumEEF.AG,4199.0,0.0729302912950515,-1.510082324984223,0.16385001551065276,-0.5943591389800849
I2421.AG,UnitedKingdom,England_C_EBA.AG,3790.0,0.33786341547966,-1.447602026625379,0.10261855277162173,-0.5706972831848867
I2423.AG,Bulgaria,Bulgaria_Chalcolithic.AG,6381.0,0.4304934442043304,1.32850099998537,-0.3002644603402879,0.4419338492160864
I2424.AG,Bulgaria,Bulgaria_Chalcolithic.AG,6288.0,0.562176525592804,1.3135395376603554,-0.30576802748031123,0.4548039961012512
I2425.AG,Bulgaria,Bulgaria_Chalcolithic.AG,6475.0,0.1869518011808395,1.3274784129978265,-0.2780223386227206,0.413575556858526
I2427.AG,Bulgaria,Bulgaria_Chalcolithic.AG,6326.0,0.5682275891304016,1.3241623352411231,-0.2876563920309268,0.4366310094716514
I2430.AG,Bulgaria,Bulgaria_Chalcolithic.AG,6448.0,0.5262913107872009,1.2828665179069478,-0.31346300205809313,0.449413919679328
I2431.AG,Bulgaria,Bulgaria_Ivanovo_Chalcolithic.AG,6624.0,0.6261239647865295,1.3206449753106346,-0.30523794400090126,0.45591806309056776
I2433.AG,Poland,Poland_GlobularAmphora.AG,4950.0,0.4547729790210724,-0.17345249430446608,1.849077867482837,-0.21872550891521542
I2434.AG,Poland,Poland_GlobularAmphora.AG,5050.0,0.0979559794068336,-0.21672297822744488,1.7779742535806327,-0.26211010216166625
I2440.AG,Poland,Poland_GlobularAmphora.AG,4950.0,0.1616398245096206,-0.15206154714745135,1.8428944866284291,-0.2198159135378057
I2441.AG,Poland,Poland_GlobularAmphora.AG,5050.0,0.4361016452312469,-0.17960759888679237,1.8400183417271727,-0.21167422250196985
I2445.AG,UnitedKingdom,England_BellBeaker.AG,4048.0,0.7271715998649597,-1.5111636786632927,0.23952428651738195,-0.5732433833884581
I2447.AG,UnitedKingdom,England_BellBeaker.AG,3938.0,0.773243248462677,-1.4362980244610606,0.13141932197314588,-0.6397877372841514
I2450.AG,UnitedKingdom,England_BellBeaker.AG,4248.0,0.7706098556518555,-1.4889496186651567,0.08730822837932639,-0.645231938069164
I2452.AG,UnitedKingdom,England_BellBeaker.AG,4052.0,0.7733292579650879,-1.487969116843024,0.12849799949023707,-0.5435036281774999
I2453.AG,UnitedKingdom,England_BellBeaker.AG,4122.0,0.5201015472412109,-1.547642567285398,0.11958312670359185,-0.5544318161078767
I2454.AG,UnitedKingdom,England_BellBeaker_lowEEF.AG,4042.0,0.6988142132759094,-1.441877267155616,0.13407165336315469,-0.5565837121622397
I2455.AG,UnitedKingdom,England_BellBeaker.AG,3948.0,0.1063597872853279,-1.4956153134818575,0.07019436219464932,-0.641557850812627
I2457.AG,UnitedKingdom,England_C_EBA.AG,4056.0,0.6102076768875122,-1.4041904778502639,0.15064974377606916,-0.5703880415674515
I2459.AG,UnitedKingdom,England_BellBeaker_lowEEF.AG,4231.0,0.4484672844409942,-1.444389369213782,0.14158228759338073,-0.5904565195295355
I2463.AG,UnitedKingdom,England_Thanet_Chalcolithic_EBA.AG,3774.0,0.2044122815132141,-1.5051795034231552,0.06162991314389541,-0.5606621175055787
I2467.AG,Spain,Spain_C.AG,4327.0,0.1084205955266952,-1.179572218065843,-2.3809957948571907,0.09304553705303058
I2471.AG,Spain,Spain_EBA.AG,3500.0,0.1731384843587875,-1.1268762799551064,-2.3501885933900923,0.0410076327179175
I2472.AG,Spain,Spain_MBA.AG,3428.0,0.1254982650279998,-1.1140114907989813,-2.3505650779967326,0.07502173919138534
I2473.AG,Spain,Spain_C.AG,4811.0,0.1318972259759903,-1.1276299977489974,-2.3916106358912397,0.07983696227069893
I2478.AG,Italy,Italy_North_BellBeaker_3.AG,4006.0,0.5315661430358887,-0.041813102747076565,-0.7368918482596615,0.17370076695068445
I2483.AG,Austria,Austria_Gravettian.AG,30246.0,0.5947171449661255,0.573714302444306,-0.6060517974078399,-0.2046209819400637
I2484.AG,Austria,Austria_Gravettian_twin.I2483.AG,30200.0,0.289220780134201,0.571352743762259,-0.6260232963537702,-0.22388497499328705
I2495.AG,Turkey,Turkey_Mediterranean_Isparta_BA.AG,4355.0,0.861550509929657,1.5196622100610853,-0.5900758618495043,0.6047026276449665
I2499.AG,Turkey,Turkey_Mediterranean_Isparta_BA.AG,4514.0,0.4141116142272949,1.4749284938990177,-0.6043376790878386,0.5707067595538254
I2521.AG,Bulgaria,Bulgaria_Dzhulyunitsa_N.AG,7503.0,0.6792410016059875,1.305820518453953,-0.28981126788093486,0.4234808321015056
I2526.AG,Bulgaria,Bulgaria_Chalcolithic.AG,7293.0,0.3221539556980133,1.3446972610477583,-0.3318692640073918,0.4328958069853018
I2529.AG,Bulgaria,Bulgaria_N.AG,7610.0,0.6318432688713074,1.2985864886776544,-0.30166174271929713,0.43946910313250453
I2597.AG,UnitedKingdom,England_C_EBA.AG,4080.0,0.6991475224494934,-1.4601266871372094,0.20182026089245475,-0.589876813840414
I2604.AG,UnitedKingdom,England_C_EBA.AG,4073.0,0.6502453684806824,-1.379718691346509,0.161208380388845,-0.5657153344267779
I2606.AG,UnitedKingdom,England_N.AG,5065.0,0.5746792554855347,-1.5224878055146482,-0.026281486111731738,-0.6358021584635892
I2634.AG,UnitedKingdom,Scotland_N.AG,5567.0,0.4101213812828064,-1.4818508176039,0.1039063012299276,-0.558651269069151
I2636.AG,UnitedKingdom,Scotland_N.AG,5397.0,0.7241959571838379,-1.5604129695390057,0.04748871931836715,-0.5603635214946473
I2657.AG,UnitedKingdom,Scotland_N.AG,5814.0,0.1255680173635482,-1.4623625557808477,0.061848994343650494,-0.6378865369081079
I2658.AG,UnitedKingdom,Scotland_N_1d.rel.or_dup.I2657.AG,5800.0,0.0837047100067138,-1.540944201443884,0.05152692134192786,-0.5674599014387008
I2683.AG,Turkey,Turkey_Mediterranean_Isparta_BA.AG,4479.0,0.8039095997810364,1.451467884226778,-0.5832396674298271,0.5386117704932442
I2786.AG,Hungary,Hungary_EBA_BellBeaker.AG,4270.0,0.6737560629844666,1.6324266290661997,0.02954477661453951,-0.07263414925862606
I2792.AG,Croatia,Croatia_Vucedol.AG,4676.0,0.1636268198490142,0.8408696304788006,-0.02615001315677822,-0.22418592030932136
I2794.AG,Hungary,Hungary_EN_Koros.AG,7564.0,0.837979793548584,1.5206920597336948,-0.15933645786519968,-0.07705063028821227
I2796_enhanced.AG,UnitedKingdom,Scotland_N.AG,5571.0,0.0604689493775367,-1.503897200856748,0.0778901990591108,-0.6452754864859761
I2824.AG,UnitedKingdom,Scotland_LIA.AG,1908.0,0.110850416123867,-1.5141155696264954,0.116462880602278,-0.628147522926276
I2937.AG,Greece,Greece_Peloponnese_N.AG,7360.0,0.6344766616821289,1.9008734365380966,-0.47539110638906645,-0.02560320717045601
I3023.AG,UnitedKingdom,Wales_N.AG,5300.0,0.1062219142913818,-1.4968929184987028,0.03615727708238935,-0.5930300929108059
I3082.AG,UnitedKingdom,England_MBA.AG,3386.0,0.5871989727020264,-1.4423137173699656,0.17649495255852352,-0.5877639627669405
I3122.AG,Italy,Italy_Sicily_EBA.AG,4073.0,0.7524641156196594,-0.04092048656694946,-0.750442320465889,0.17537021352911406
I3123.AG,Italy,Italy_Sicily_EBA.AG,4121.0,0.7604161500930786,-0.09550115905101526,-0.7634865228290354,0.21425208560654177
I3124.AG,Italy,Italy_Sicily_EBA.AG,3824.0,0.758721113204956,-0.07006016894138771,-0.7232406728988544,0.22829890424882973
I3125.AG,Italy,Italy_Sicily_MBA_o2.AG,3490.0,0.7658061981201172,-0.0909209470249705,-0.7210572225280327,0.2158245288959856
I3137_enhanced.AG,UnitedKingdom,Scotland_N.AG,5350.0,0.2111397087574005,-1.4760734868857233,0.10699241940727222,-0.6125279338906189
I3238.AG,Spain,Spain_C_oSteppe.AG,4300.0,0.1819607764482498,-1.1254511646588083,-2.361617146946007,0.0911432049382754
I3276.AG,Spain,Spain_C.AG,4955.0,0.6160899996757507,-1.1366086194251668,-2.3597760230284743,0.07142676352745544
I3277.AG,Spain,Spain_C.AG,4950.0,0.1002884805202484,-1.1512491457879264,-2.3561561920395633,0.0890202359240226
I3310.AG,Turkey,Turkey_Aegean_Bodrum_Halikarnassos_Ancient1.AG,2127.0,0.2089702188968658,1.4624452321969759,-0.5939955065175329,0.5710980307011546
I3323.AG,Spain,Spain_IA.AG,2226.0,0.2580873072147369,-1.1129633023623788,-2.365594539098671,0.07487139227490268
I3326.AG,Spain,Spain_IA_o.AG,2175.0,0.0824306011199951,-1.1128382731676707,-2.309641457828984,0.061508070842513245
I3327.AG,Spain,Spain_IA.AG,2175.0,0.2105249464511871,-1.1276936378212492,-2.3830260362799667,0.06641003746386091
I3484.AG,Spain,Spain_EBA.AG,4074.0,0.0606433190405368,-1.0957201683906006,-2.390663720210703,0.06577240450499049
I3492.AG,Spain,Spain_EBA.AG,3450.0,0.1187254339456558,-1.14514549932595,-2.3577206822612253,0.11698085187613459
I3584.AG,Spain,Spain_Visigoth_Granada_contam.AG,1400.0,0.0625403001904487,-1.0699583450619234,-2.3797254541047206,0.1371389278450421
I3593.AG,Germany,Germany_BellBeaker_1d.rel.I3590.AG,4207.0,0.1810881197452545,-0.3714181106702911,-0.19563762479791344,0.11891071393188209
I3596.AG,Germany,Germany_BellBeaker.AG,4175.0,0.0511470697820186,-0.33699877441105563,-0.14579020981188612,0.10239948423336345
I3599.AG,Germany,Germany_BellBeaker_brother.I3588.AG,4175.0,0.0959073454141616,-0.41757515346558133,-0.21387693135854402,0.23846323889914045
I3602.AG,Germany,Germany_BellBeaker.AG,4175.0,0.1754945069551468,-0.4284492374292058,-0.20967965560527943,0.12632198247787982
I3708.AG,Greece,Greece_Peloponnese_N.AG,6500.0,0.7215641736984253,1.901012804375578,-0.4689603346902724,-0.006288464118592471
I3709.AG,Greece,Greece_Peloponnese_N.AG,5860.0,0.7509896755218506,1.8876231214628867,-0.47701196879004015,-0.00048595066160226155
I3718.AG,Ukraine,Ukraine_N.AG,7217.0,0.4259257614612579,-0.07330755981512786,1.3600125605598077,0.8159701181396308
I3757.AG,Spain,Spain_IA_Celt_o.AG,2300.0,0.1068561300635337,-1.1656397468003927,-2.2932048847794526,0.11461268886739011
I3758.AG,Spain,Spain_IA_Celt.AG,2226.0,0.733330488204956,-1.1357019945388762,-2.3557588696953977,0.0904108781822269
I3807.AG,Spain,Spain_NazariPeriod_Muslim.AG,400.0,0.1275704354047775,-1.1384294718949257,-2.333769461285375,0.05612685168715249
I3832.AG,Israel,Israel_MLBA.AG,3300.0,0.2504247725009918,1.450853485328922,-1.0324265355255444,0.9754432175821888
I3881.AG,NorthMacedonia,NorthMacedonia_N.AG,6700.0,0.0508226603269577,1.3505272568578839,-0.654478519222922,-0.3295535221222794
I3916.AG,Turkey,Turkey_Central_Gordion_Ancient.AG,2244.0,0.6004770398139954,1.4371394059563192,-0.6198224204014222,0.5841412429658538
I3917.AG,Turkey,Turkey_Central_Gordion_Ancient.AG,2596.0,0.8238842487335205,1.4667834542265423,-0.631071145340786,0.599183050551566
I3920.AG,Greece,Greece_Peloponnese_N.AG,5734.0,0.80226731300354,1.8929321061894353,-0.4972825207930121,0.02876077471157547
I3981.AG,Spain,Spain_Roman_oAfrica.AG,1450.0,0.4494242966175079,-1.1359090703301389,-2.302699007270999,0.09547165269415192
I3982.AG,Spain,Spain_Roman.AG,1650.0,0.6939058899879456,-1.1119921211537642,-2.364964352205867,0.08843143563139279
I3983.AG,Spain,Spain_Roman_oAfrica.AG,1550.0,0.5616664290428162,-1.0621104996752377,-2.3325498246907235,0.06138150276369151
I3997.AG,Spain,Spain_EBA.AG,3642.0,0.8298071622848511,-1.130913714921933,-2.391020410027571,0.10105756589102913
I4029_enhanced.AG,Turkey,Turkey_Central_Gordion_IA.AG,2603.0,0.8826565742492676,1.4748049449418559,-0.6617492704080825,0.5775313082680177
I4030.AG,Turkey,Turkey_Central_Gordion_Ancient.AG,2127.0,0.6797925233840942,1.4386628022205814,-0.6225323773081425,0.5709886389928042
I4062.AG,Italy,Italy_Sicily_MN.AG,6815.0,0.7781418561935425,0.0047072668236637204,-0.7481074920699528,0.19145076114815301
I4063.AG,Italy,Italy_Sicily_MN.AG,6832.0,0.8821772336959839,-0.0501967479155548,-0.7109326211832788,0.20893400533292253
I4065.AG,Italy,Italy_Sicily_MN.AG,6815.0,0.7638702988624573,0.02858779759614273,-0.6972814845097289,0.3050653113474371
I4067_enhanced.AG,Netherlands,Netherlands_BellBeaker.AG,3770.0,0.1197878718376159,-1.2721150215974328,0.13124713735221896,0.5862491535537603
I4074.AG,Netherlands,Netherlands_LNB_BellBeaker.AG,4030.0,0.6620351672172546,-1.2744120400663952,0.1220702216076183,0.5627734110623456
I4081.AG,Romania,Romania_IronGates_Mesolithic.AG,9361.0,0.268147200345993,1.2341255207188113,0.40138443378554195,0.20646642580397503
I4132.AG,Germany,Germany_Lech_BellBeaker_father.or.son.I4132.AG,4200.0,0.2336885333061218,-0.3769163141069601,-0.20738825674677805,0.05477767446530178
I4229.AG,Portugal,Portugal_LN_C.AG,4158.0,0.7403255105018616,-1.1371021137936643,-1.3919390551633628,0.24033637078747838
I4246.AG,Spain,Spain_BellBeaker_oAfrica.AG,4209.0,0.5912346243858337,-0.970710105601728,-2.21452581330491,0.08140284685820065
I4249.AG,Germany,Germany_BellBeaker.AG,4186.0,0.094780832529068,-0.39991116287812284,-0.18040660660028288,0.11465888515277113
I4250.AG,Germany,Germany_BellBeaker.AG,4220.0,0.0798361375927925,-0.3676058820895951,-0.26753955462778756,0.10675056010082974
I4304.AG,France,France_MN_1.AG,6637.0,0.706816554069519,-1.016946403709285,-0.8983172754042611,0.009170911929151015
I4305.AG,France,France_MN_1.AG,6680.0,0.6723895072937012,-0.9920479203458661,-0.8692632996227001,-0.011101800114305277
I4308.AG,France,France_MN_1.AG,5450.0,0.052868865430355,-0.961952083021599,-0.850175613350526,-0.029649269932794868
I4329.AG,Spain,Spain_EBA_Mallorca.AG,4333.0,0.2341848760843277,-1.1583404346034019,-2.3847995372080653,0.08269757554342755
I4420.AG,Spain,Spain_Formentera_MBA.AG,3748.0,0.1388574093580246,-1.1482067053944502,-2.3760697301841534,0.07503342067888627
I4420_enhanced.AG,Spain,Spain_Formentera_MBA.AG,3748.0,0.6468058228492737,-1.1062733983786566,-2.373164625767517,0.0968108718114676
I4472.AG,Turkey,Turkey_BlackSea_Samsun_Ancient_A.AG,2127.0,0.670356273651123,1.4862458891015733,-0.5754337547364434,0.5615005234281594
I4473.AG,Turkey,Turkey_BlackSea_Samsun_Ancient_B.AG,2127.0,0.6764113306999207,1.4834201919972179,-0.5627506177296896,0.530858384600356
I4474.AG,Turkey,Turkey_Southeast_Mardin_Roman_Byzantine.AG,1308.0,0.6676085591316223,1.4164965955444935,-0.5945760591009375,0.5641159175242602
I4475.AG,Turkey,Turkey_Southeast_Mardin_Roman_Byzantine.AG,1228.0,0.7074110507965088,1.432400928445041,-0.6485402579977321,0.5638914237600278
I4478.AG,Turkey,Turkey_Southeast_Sirnak_BA_sibling.I4481.AG,4700.0,0.5453478693962097,1.4519329639767138,-0.6104453177542193,0.5457365526796405
I4480.AG,Turkey,Turkey_Southeast_Sirnak_Chalcolithic_C.AG,5193.0,0.3029473423957824,1.45799975049707,-0.5936092827911222,0.5566067022011583
I4481.AG,Turkey,Turkey_Southeast_Sirnak_BA.AG,4711.0,0.5767465829849243,1.427257321398701,-0.6049529841144422,0.5500112996731044
I4483.AG,Turkey,Turkey_Southeast_Sirnak_Chalcolithic_A.AG,5176.0,0.5063028335571289,1.452472343173826,-0.5901704498091952,0.5806084774408847
I4518.AG,Israel,Israel_MLBA.AG,3375.0,0.2093035578727722,1.4560290700252252,-1.029082803822598,0.9763835569812119
I4519.AG,Israel,Israel_MLBA.AG,3425.0,0.1052000299096107,1.4624188961575555,-1.0324434303904821,0.9933321720500383
I4521.AG,Israel,Israel_IBA.AG,4194.0,0.447827398777008,1.4394618868936053,-1.026304262728301,0.9537992944637383
I4525.AG,Israel,Israel_MLBA.AG,3500.0,0.1708432883024215,1.4415605559593323,-1.0337038930206517,0.9716388464684788
I4529.AG,Turkey,Turkey_BlackSea_Samsun_Ancient_C.AG,1716.0,0.6613855361938477,1.4603731869133603,-0.5831854161925303,0.5791408850809409
I4530.AG,Turkey,Turkey_BlackSea_Samsun_Ancient_A.AG,1648.0,0.6592996120452881,1.4688790330319412,-0.6106325890527398,0.5520062753867642
I4531.AG,Turkey,Turkey_BlackSea_Samsun_Ancient_C.AG,1665.0,0.6642257571220398,1.4745523611141644,-0.5670463109453344,0.5726473629170388
I4532.AG,Turkey,Turkey_Southeast_Mardin_Roman_Byzantine.AG,1222.0,0.72298264503479,1.4504290572669092,-0.6107855271015198,0.5720340790978171
I4533.AG,Turkey,Turkey_Southeast_Mardin_Roman_Byzantine.AG,1116.0,0.6748095750808716,1.4616810310954822,-0.5957903221072647,0.5233982736602553
I4534.AG,Turkey,Turkey_Southeast_Mardin_Roman_Byzantine.AG,1200.0,0.7076292037963867,1.467305976006458,-0.6538524195381249,0.5362879170283654
I4539.AG,Turkey,Turkey_Southeast_Mardin_PostMedieval.AG,437.0,0.6630781888961792,1.4518645179867877,-0.5796642417627139,0.5438579370821014
I4540.AG,Turkey,Turkey_Southeast_Mardin_PostMedieval.AG,410.0,0.7037768363952637,1.4565477621299996,-0.5892087415754921,0.5793734392577622
I4550.AG,Latvia,Latvia_Mesolithic.AG,8489.0,0.6591041684150696,-0.6351344360443072,0.3608034190527546,0.023573848829994002
I4551.AG,Latvia,Latvia_Mesolithic.AG,7670.0,0.6028419733047485,-0.6351908465395071,0.3940975041269502,0.02229075888812397
I4552.AG,Latvia,Latvia_Mesolithic.AG,7369.0,0.6364718079566956,-0.656193406579348,0.3707677033504918,0.014433726981513809
I4553.AG,Latvia,Latvia_Mesolithic.AG,7370.0,0.4386182427406311,-0.6280961227758907,0.37045737856570643,0.014469610914997726
I4554.AG,Latvia,Latvia_MN_o3.AG,5946.0,0.6185247302055359,-0.6186738368741864,0.40132544888587407,0.019018974037578053
I4558.AG,Spain,Spain_EBA_oNorthEurope_1d.rel.I4560.AG,3550.0,0.5460858941078186,-1.1648101615472661,-2.383237172285163,0.06121852695502853
I4559.AG,Spain,Spain_EBA.AG,3550.0,0.3060056865215301,-1.1047955618973608,-2.4131476380549346,0.10956350428192194
I4560.AG,Spain,Spain_EBA.AG,3550.0,0.7444162964820862,-1.1323769502652443,-2.380626067110133,0.08100618605309433
I4561.AG,Spain,Spain_EBA.AG,3550.0,0.763067364692688,-1.1576382880707021,-2.389883233685346,0.08705750549856608
I4562.AG,Spain,Spain_EBA.AG,3614.0,0.6129894852638245,-1.1399189394165463,-2.4020043702152467,0.0631442975568737
I4563.AG,Spain,Spain_EBA_1d.rel.I4561.AG,3550.0,0.3593116998672485,-1.1971579599020439,-2.3924647943921755,0.08794395333528111
I4565.AG,Spain,Spain_C.AG,4915.0,0.577446460723877,-1.1111187580405901,-2.3666468410620483,0.07696339404466267
I4582.AG,Romania,Romania_IronGates_Mesolithic.AG,8618.0,0.7949607968330383,1.1949954526310673,0.4066521994813841,0.23777507155341512
I4595.AG,Latvia,Latvia_Mesolithic.AG,7637.0,0.6694252490997314,-0.6412769398798401,0.3943616445692932,0.038275583120167794
I4596.AG,Latvia,Latvia_Mesolithic.AG,7970.0,0.7004711031913757,-0.6452725574633615,0.3704959941734719,0.020309432587252763
I4607.AG,Romania,Romania_IronGates_Mesolithic.AG,8927.0,0.2748105525970459,1.248716075003277,0.41481345773504935,0.22441328931881885
I4613.AG,Turkey,Turkey_Southeast_Mardin_Roman_Byzantine.AG,1350.0,0.6675841808319092,1.4503365450057748,-0.6199929266365221,0.5505504303211767
I4614.AG,Turkey,Turkey_Southeast_Sirnak_BA.AG,4955.0,0.2920764088630676,1.4280658594127627,-0.581966265558748,0.5517458169095691
I4615.AG,Turkey,Turkey_Southeast_Sirnak_BA.AG,4991.0,0.6484529972076416,1.4486755778821938,-0.5950216243137612,0.5889825055193948
I4619.AG,Turkey,Turkey_Southeast_Sirnak_BA.AG,4635.0,0.4922251403331756,1.4210710354168878,-0.59001517539526,0.5446284803361934
I4626.AG,Latvia,Latvia_Mesolithic.AG,7677.0,0.3253445029258728,-0.630306522876873,0.3745453685667902,0.018564248156076463
I4627.AG,Latvia,Latvia_MN.AG,6071.0,0.5831098556518555,-0.6478810414830312,0.39421044400309707,0.020142940848903824
I4628.AG,Latvia,Latvia_Mesolithic.AG,7033.0,0.609142005443573,-0.6396880236081981,0.35767502961925374,0.028655084626215594
I4629.AG,Latvia,Latvia_LN_CordedWare.AG,4842.0,0.2183261662721634,-0.6328801172671294,0.37386276797137447,0.015277519273532564
I4630.AG,Latvia,Latvia_Mesolithic_oEHG.AG,9218.0,0.6492948532104492,-0.642759414335823,0.37379417705869555,0.030345195758206895
I4632.AG,Latvia,Latvia_Mesolithic.AG,8316.0,0.6704892516136169,-0.6323573047118721,0.39651763779745475,0.01744026929239052
I4655.AG,Romania,Romania_IronGates_Mesolithic.AG,8764.0,0.0510327145457267,1.2110067817680459,0.3990189230869057,0.22357429143827243
I4660.AG,Serbia,Serbia_IronGates_Mesolithic.AG,9713.0,0.0675872862339019,0.300987433140173,0.11053594510370798,0.8856184066973866
I4803.AG,Slovakia,Slovakia_Medieval_2.AG,1130.0,0.668697714805603,1.166213379870534,0.10556149825501183,-0.8172522230839986
I4870.AG,Serbia,Serbia_IronGates_Mesolithic.AG,8740.0,0.5300090312957764,0.29499778594225945,0.12659826837676078,0.8257852791660513
I4871.AG,Serbia,Serbia_IronGates_Mesolithic.AG,9750.0,0.4393424987792969,0.332227782272116,0.12260259950423491,0.8397821755788186
I4872.AG,Serbia,Serbia_IronGates_Mesolithic.AG,9750.0,0.2917292714118957,0.3133633911925841,0.14724205411626545,0.8121325483222137
I4873.AG,Serbia,Serbia_IronGates_Mesolithic.AG,7867.0,0.6853933930397034,0.3125819577855676,0.12728587044073683,0.83530437720798
I4874.AG,Serbia,Serbia_IronGates_Mesolithic.AG,8499.0,0.6835718750953674,0.31572259279803494,0.1432860133580754,0.8418993778909154
I4875.AG,Serbia,Serbia_IronGates_Mesolithic.AG,8458.0,0.6961686611175537,0.33518406694745695,0.15432391960673777,0.8652569415528961
I4876.AG,Serbia,Serbia_IronGates_Mesolithic.AG,8455.0,0.6847438216209412,0.30183250265216777,0.12782173535597646,0.8341253608551841
I4877.AG,Serbia,Serbia_IronGates_Mesolithic.AG,8505.0,0.6977038979530334,0.28627461828918743,0.1157161569178368,0.8254716079097354
I4878.AG,Serbia,Serbia_IronGates_Mesolithic.AG,7803.0,0.6917340159416199,0.2764595896387366,0.10642776355012981,0.8069245460677569
I4880.AG,Serbia,Serbia_IronGates_Mesolithic.AG,7813.0,0.7011094093322754,0.27975343120539636,0.1503930490092509,0.8249202189388943
I4881.AG,Serbia,Serbia_IronGates_Mesolithic.AG,8869.0,0.7135650515556335,0.30341764245157776,0.10169223510236629,0.8018752987361664
I4882.AG,Serbia,Serbia_IronGates_Mesolithic_brother.I4880.AG,7825.0,0.720166802406311,0.3232328871400999,0.16928857873002207,0.8303470246903348
I4884.AG,Czechia,Czechia_EBA.AG,3758.0,0.723978579044342,-0.3980560927663817,0.049042283548264884,-0.1252668197135822
I4885.AG,Czechia,Czechia_BellBeaker.AG,4170.0,0.6928872466087341,-0.3920772885724132,0.03614638215246845,-0.15794006260976096
I4886.AG,Czechia,Czechia_BellBeaker.AG,4088.0,0.7167758941650391,-0.372362260762046,0.051772769527772475,-0.17007935897450135
I4887.AG,Czechia,Czechia_BellBeaker_brother.I4888.AG,4071.0,0.6924874186515808,-0.4159008931227452,0.07233707084642632,-0.10689396424187343
I4888.AG,Czechia,Czechia_BellBeaker.AG,4038.0,0.7056470513343811,-0.4164463353989031,0.061046704258742784,-0.18782556126746613
I4889.AG,Czechia,Czechia_BellBeaker.AG,4131.0,0.7180159687995911,-0.3610634482086751,0.03850161491812915,-0.15825585958517435
I4891.AG,Czechia,Czechia_BellBeaker.AG,4131.0,0.712317705154419,-0.38648921178175144,0.022189438846580343,-0.16068400735329877
I4892.AG,Czechia,Czechia_EBA.AG,3754.0,0.6897534728050232,-0.35456195370651195,0.09340282993532582,-0.13176155154253125
I4893.AG,Czechia,Czechia_N.AG,6345.0,0.7088302969932556,-0.3453582217265298,0.06545491122992915,-0.15190950123495336
I4894.AG,Czechia,Czechia_N.AG,6371.0,0.6974719762802124,-0.313219579844001,0.04411964619673251,-0.16384421649266345
I4895.AG,Czechia,Czechia_BellBeaker.AG,4106.0,0.6901451945304871,-0.4571354251085317,0.038276391915478,-0.14698680668172656
I4896.AG,Czechia,Czechia_BellBeaker.AG,4163.0,0.6874485611915588,-0.3706677349548754,0.002360384039244136,-0.14731936086804673
I4914.AG,Serbia,Serbia_IronGates_Mesolithic.AG,8088.0,0.6992570161819458,0.3177038904675499,0.1298484585487641,0.8286119168086765
I4915.AG,Serbia,Serbia_IronGates_Mesolithic.AG,8115.0,0.7082147598266602,0.3491403738165184,0.13319702119738763,0.8555550770891234
I4916.AG,Serbia,Serbia_IronGates_Mesolithic.AG,8763.0,0.6828532814979553,0.3681751900840869,0.12848547971309926,0.8881418625308455
I4917.AG,Serbia,Serbia_IronGates_Mesolithic.AG,8058.0,0.6758825778961182,0.3137265875208635,0.15467085632766922,0.8422570622638564
I4918.AG,Serbia,Serbia_EN_Starcevo.AG,7600.0,0.6984289884567261,0.36791415292561946,0.07142329485975242,0.8766422399933648
I4945.AG,Czechia,Czechia_BellBeaker.AG,4177.0,0.4510544538497925,-0.3738249955481861,0.0594362485357754,-0.1330595458225728
I4946.AG,Czechia,Czechia_BellBeaker.AG,4188.0,0.3202650845050812,-0.3863560011482105,0.03322340857754329,-0.10084817288631322
I4949.AG,UnitedKingdom,England_N.AG,5417.0,0.0654834955930709,-1.5150177461497136,0.1068592862571231,-0.5932181905277307
I4950.AG,UnitedKingdom,England_BellBeaker.AG,4250.0,0.6608884334564209,-1.411502212106721,0.11107842979202234,-0.5823344244745817
I4951.AG,UnitedKingdom,England_BellBeaker.AG,4250.0,0.1546520590782165,-1.464231795145017,0.15900492713951156,-0.671866395963046
I4971.AG,Hungary,Hungary_EN_Koros_oMesolithic.AG,7599.0,0.3377304077148437,1.5414665950196593,0.07337103901503078,-0.10633740570416592
I4996.AG,Hungary,Hungary_IA_LaTene.AG,2235.0,0.6249552965164185,1.6237915236540237,0.12534670971732217,-0.09321808375932113
I4998.AG,Hungary,Hungary_IA_LaTene_o.AG,2250.0,0.2597296237945556,1.664710559485052,0.076153033929898,-0.07062725120386218
I5014.AG,Germany,Germany_BellBeaker.AG,4200.0,0.0936243161559104,-0.42121509648198346,-0.23307428333841826,0.12383974830807944
I4131.AG,Hungary,Hungary_EBA_BellBeaker.AG,4305.0,0.1133864745497703,1.6455159895873772,0.11305005812142672,-0.08756192581058092
I4124.AG,Germany,Germany_Lech_BellBeaker_oEEF.AG,4278.0,0.180037036538124,-0.37454957114852483,-0.17988618280075086,0.06254580081409909
I4143.AG,Germany,Germany_BellBeaker.AG,4267.0,0.1009397283196449,-0.3561278790777078,-0.1973533233102309,0.05537733812737257
I4144.AG,Germany,Germany_BellBeaker.AG,4411.0,0.0842229574918747,-0.3479281265437331,-0.23224546631811638,0.11137784265750336
I4134.AG,Germany,Germany_BellBeaker.AG,4200.0,0.0567414946854114,-0.3304670163947919,-0.19998603943238413,0.12586384572785597
I5023.AG,Germany,Germany_BellBeaker.AG,4200.0,0.4569278657436371,-0.433310638642653,-0.28168676126368125,0.14715769734882309
I4145.AG,Czechia,Czechia_BellBeaker.AG,4089.0,0.0796560943126678,-0.4139210287299197,0.05083880849214749,-0.10698226005840326
I4136.AG,Czechia,Czechia_BellBeaker.AG,4250.0,0.2121632099151611,-0.3704375101698454,0.06904387293437958,-0.14445949865625388
I5026.AG,Czechia,Czechia_EarlySlav.AG,1250.0,0.454113632440567,-0.3741601509716397,0.08604733899745508,-0.13178595924050768
I4139.AG,Czechia,Czechia_EBA_Starounetice.AG,4150.0,0.593207061290741,-0.4045300076785397,0.0456567907667691,-0.13562753322620846
I5042.AG,Czechia,Czechia_EBA_Protounetice.AG,4100.0,0.0608379617333412,-0.40010510302596203,0.09232529726436504,-0.1271391511436352
I4141.AG,Czechia,Czechia_EBA_Unetice.AG,4250.0,0.2494969666004181,-0.3496625821215633,0.046562320357255486,-0.1742920734132424
I4130.AG,Czechia,Czechia_EBA_Unetice.AG,4250.0,0.1954367011785507,-0.38238774479450666,0.023343739919452308,-0.13636784664062895
I5068.AG,Austria,Austria_EN_LBK.AG,7025.0,0.2816028594970703,0.6460261570643787,-0.6185120981869251,-0.22590784769514857
I5069.AG,Austria,Austria_EN_LBK.AG,6961.0,0.7212145924568176,0.6292794197932431,-0.6418095455238769,-0.22336157718418173
I5071.AG,Croatia,Croatia_EN_Impressa.AG,7582.0,0.4320797920227051,0.8227413331224687,-0.0299886958048773,-0.2109485150419439
I5072.AG,Croatia,Croatia_EN_Impressa.AG,7545.0,0.5491629242897034,0.797298793030216,-0.06056081555274082,-0.24873220655545636
I5073.AG,Croatia,Croatia_MBA.AG,3573.0,0.7053405046463013,0.8169632025218374,-0.011421039849689785,-0.25215735355723906
I5074.AG,Croatia,Croatia_MBA.AG,3385.0,0.8429700136184692,0.8101638334085997,0.0016871415109302656,-0.219385322128173
I5076.AG,Portugal,Portugal_C.AG,5146.0,0.6908150911331177,-1.1361962409831043,-1.374004630581517,0.2311498414412676
I5077.AG,Croatia,Croatia_MN_Sopot.AG,7001.0,0.71990966796875,0.832558110567227,-0.00030422120606340866,-0.20653067088811455
I5078.AG,Croatia,Croatia_MN_Sopot.AG,6571.0,0.7265859842300415,0.8558494097610859,-0.01176420315257012,-0.1777230605629642
I5079.AG,Croatia,Croatia_N_Starcevo.AG,5421.0,0.6962659955024719,0.8362152916608769,-0.02649666164687123,-0.21899280192626874
I5080.AG,Croatia,Croatia_MBA.AG,3631.0,0.7152357697486877,0.850344475046533,-0.010240157857584446,-0.266748123926632
I5117.AG,Hungary,Hungary_LateC_Baden.AG,5100.0,0.2910812795162201,1.6415549678120245,0.09538255059187033,-0.10938754117082106
I5118.AG,Hungary,Hungary_LateC_Baden.AG,5100.0,0.5868697166442871,1.6357299663150642,-0.05803377091700107,-0.07975861731860069
I5119.AG,Hungary,Hungary_LateC_Baden.AG,5097.0,0.5889321565628052,1.6205170758267722,0.027487089877174693,-0.1536995754778225
I5205.AG,Austria,Austria_N_LBK.AG,7100.0,0.7096194624900818,0.6332738456994703,-0.6514056726842075,-0.21918215786605003
I5206.AG,Austria,Austria_N_LBK.AG,7100.0,0.6926625967025757,0.622011983052554,-0.6432751283982846,-0.21133917475470526
I5232.AG,Serbia,Serbia_IronGates_Mesolithic_o.AG,7901.0,0.705461323261261,0.3052641155763409,0.11797087100860561,0.843780615524519
I5233.AG,Serbia,Serbia_IronGates_Mesolithic.AG,8001.0,0.7065091729164124,0.3647058050109002,0.14867340927174838,0.8397382470564595
I5234.AG,Serbia,Serbia_IronGates_Mesolithic.AG,9500.0,0.6102790236473083,0.37919714093814516,0.1720310762586976,0.8313492682528218
I5235.AG,Serbia,Serbia_IronGates_Mesolithic.AG,10835.0,0.7115464210510254,0.3482221722781425,0.16508889260690934,0.8192406327797106
I5236.AG,Serbia,Serbia_IronGates_Mesolithic.AG,10038.0,0.713414192199707,0.31432411834680646,0.18083952515460477,0.8324635883536464
I5237.AG,Serbia,Serbia_IronGates_Mesolithic.AG,9500.0,0.7151911854743958,0.3516307143793634,0.19345819660897243,0.847732114007882
I5238.AG,Serbia,Serbia_IronGates_Mesolithic.AG,9993.0,0.7055148482322693,0.3492003664335115,0.13048569949778713,0.8674908473523396
I5239.AG,Serbia,Serbia_IronGates_Mesolithic.AG,10333.0,0.6934201121330261,0.34650837423025316,0.15114680254817944,0.8671706118213327
I5240.AG,Serbia,Serbia_IronGates_Mesolithic.AG,10805.0,0.702471911907196,0.3638691160819637,0.16828899275330475,0.8437151164148863
I5241.AG,Serbia,Serbia_IronGates_Mesolithic_daughter_I5236.AG,11198.0,0.7006008625030518,0.3603275412307511,0.15812651451719215,0.8413281707211464
I5242.AG,Serbia,Serbia_IronGates_Mesolithic.AG,10530.0,0.7163906693458557,0.3530277164062096,0.15518545006325885,0.8523017545487179
I5244.AG,Serbia,Serbia_IronGates_Mesolithic.AG,10785.0,0.6929578185081482,0.3625222299452179,0.14714310766093225,0.8518205141896421
I5287.AG,Slovakia,Slovakia_IA_Vekerzug.AG,2525.0,0.8521345853805542,1.1835329667246475,0.10330779392714928,-0.838282188890143
I5288.AG,Slovakia,Slovakia_IA_Vekerzug.AG,2525.0,0.7304375767707825,1.1801215052113387,0.1287875036241242,-0.8173869641454968
I5377.AG,UnitedKingdom,England_C_EBA.AG,3758.0,0.7099527716636658,-1.4750183335375973,0.09946475521852398,-0.5433191055281477
I5383.AG,UnitedKingdom,England_LBA_lowEEF.AG,2945.0,0.2547880709171295,-1.4775493238802753,0.10853640847517362,-0.6207920346046136
I5471_enhanced.AG,UnitedKingdom,Scotland_C_EBA_mediumhighEEF.AG,4063.0,0.6372771263122559,-1.4372524324806093,-0.06821650010223344,-0.6655232929783622
I5502.AG,UnitedKingdom,England_EastYorkshire_LIA.AG,2054.0,0.7225155234336853,-1.4875214813753836,0.14328283766711744,-0.5671883890347079
I5503.AG,UnitedKingdom,England_EastYorkshire_MIA_LIA.AG,2065.0,0.7236930727958679,-1.5383596680387621,0.18312415964955714,-0.5602639402539126
I5506.AG,UnitedKingdom,England_EastYorkshire_MIA.AG,2202.0,0.7126713395118713,-1.4738852981511357,0.1028966391821613,-0.6323989253459459
I5508.AG,UnitedKingdom,England_EastYorkshire_MIA_LIA.AG,2175.0,0.7202438116073608,-1.525270643083233,-0.03951739566067256,-0.49462932854422925
I5512.AG,UnitedKingdom,England_BellBeaker.AG,4250.0,0.736334502696991,-1.4709165306423957,0.055278808025674565,-0.5979827614365943
I5513.AG,UnitedKingdom,England_BellBeaker.AG,4250.0,0.6927631497383118,-1.4479688531762889,0.15103286331658083,-0.6436920368170757
I5514.AG,Czechia,Czechia_BellBeaker.AG,4155.0,0.7294870615005493,-0.4206927027412701,0.058982199366204476,-0.13344417384780596
I5515.AG,UnitedKingdom,Scotland_C_EBA_oEEF.AG,3882.0,0.1461866199970245,-1.5833269753420627,0.10464184611161498,-0.6226394554539427
I5516.AG,UnitedKingdom,Scotland_C_EBA.AG,3641.0,0.2141713052988052,-1.4721445175500059,0.03547338891016955,-0.6134238449728635
I5519.AG,Germany,Germany_Lech_BellBeaker.AG,4200.0,0.6177534461021423,-0.4075741255801745,-0.23032606135526,0.08740584610091694
I5520.AG,Germany,Germany_Lech_BellBeaker.AG,4250.0,0.2359066754579544,-0.3926941137139112,-0.22676904275099047,0.129395518905645
I5521.AG,Germany,Germany_Lech_BellBeaker.AG,4250.0,0.5804148316383362,-0.33782588894174603,-0.21493424693934005,0.07800285571827402
I5523.AG,Germany,Germany_BellBeaker.AG,4250.0,0.4617007374763489,-0.46617209748559846,-0.2198966196332399,0.15453266295012047
I5524.AG,Germany,Germany_BellBeaker.AG,4250.0,0.4967214465141296,-0.3330241617007746,-0.20798252861239036,0.10892548076569533
I5525.AG,Germany,Germany_BellBeaker.AG,4250.0,0.6651965379714966,-0.35823538426535395,-0.20985423242827006,0.15472515577645615
I5529.AG,Germany,Germany_BellBeaker.AG,4250.0,0.3858556151390075,-0.3903427755273657,-0.1726045830612624,0.091246362956965
I5531.AG,Germany,Germany_BellBeaker.AG,4250.0,0.5279839038848877,-0.3613321805193487,-0.18697185311384604,0.09327647285708904
I5684.AG,Slovenia,Slovenia_EIA_daughter.I22934.sister.I22935.sister.I5685.sister.I5686.AG,2617.0,0.8584662079811096,3.9338391909033397,-0.6254935708776218,0.5864055776089888
I5685.AG,Slovenia,Slovenia_EIA.AG,2597.0,0.8736039400100708,3.9392566128041424,-0.6240052186452394,0.5920705302482396
I5687.AG,Slovenia,Slovenia_EIA.AG,2611.0,0.9016003608703612,3.9441456898811333,-0.6306937773370994,0.6025099522486813
I5723.AG,Croatia,Croatia_EIA.AG,2374.0,0.6070820093154907,0.8434375861176286,-0.024848005725355993,-0.21723760373394427
I5724.AG,Croatia,Croatia_EIA.AG,2232.0,0.5852484703063965,0.8190841506546147,-0.009797115780387921,-0.23785769971598844
I5725.AG,Croatia,Croatia_EIA.AG,2554.0,0.5407347679138184,0.8155325208609241,-0.008969656840550668,-0.20818483146388972
I5726.AG,Croatia,Croatia_EIA.AG,2407.0,0.5320535898208618,0.8086430609980128,0.0065941618886544975,-0.20771110439072296
I5727.AG,Croatia,Croatia_EIA.AG,2586.0,0.5253586173057556,0.7917488012926952,-0.0035558655502398637,-0.21184444966147759
I5728.AG,Croatia,Croatia_EIA.AG,2224.0,0.5297389626502991,0.8073219139172741,0.008312405724566948,-0.2209202975329432
I5729.AG,Croatia,Croatia_EIA.AG,2920.0,0.5570589900016785,0.8285377483021256,-0.0014624815987993442,-0.18872793662047732
I5733.AG,Turkey,Turkey_Aegean_Izmir_Yassitepe_EBA.AG,4729.0,0.4822950065135956,1.4424769729848896,-0.6038537810670046,0.5417050232467471
I5735.AG,Turkey,Turkey_Aegean_Izmir_Yassitepe_EBA.AG,4925.0,0.327938973903656,1.457162279355127,-0.6009588591117054,0.5545493252592879
I5740.AG,Turkey,Turkey_BlackSea_Amasya_EBA.AG,4621.0,0.694158136844635,1.4898766357173336,-0.5574692794638212,0.5465315234142337
I5741.AG,Turkey,Turkey_BlackSea_Amasya_EBA.AG,5166.0,0.3040689826011657,1.465964169001848,-0.5892949667211705,0.5517232669756482
I5742.AG,Turkey,Turkey_BlackSea_Amasya_EBA.AG,4942.0,0.6007090210914612,1.4634671648233104,-0.5912090059554662,0.5484254875409865
I5743.AG,Turkey,Turkey_BlackSea_Amasya_EBA.AG,4924.0,0.5880173444747925,1.4520190953179375,-0.5997502981542868,0.5324233728854917
I5748.AG,Netherlands,Netherlands_LNB_BellBeaker.AG,4383.0,0.5396326184272766,-1.2574297715525171,0.12520029683039885,0.5489220391728794
I5750.AG,Netherlands,Netherlands_LNB_BellBeaker.AG,4050.0,0.5447850227355957,-1.2606077069468007,0.1302818197413349,0.5809837642026894
I5755.AG,Switzerland,Switzerland_BellBeaker.AG,4175.0,0.1036647632718086,-1.228162750894435,-2.6709225144872186,-1.9235540700885931
I5757.AG,Switzerland,Switzerland_BellBeaker.AG,4175.0,0.0646019130945205,-1.2234480592728854,-2.659770570340457,-1.9084066426507724
I5759.AG,Switzerland,Switzerland_BellBeaker.AG,4175.0,0.1059194058179855,-1.217694478584005,-2.669471258740229,-1.9179023196675857
I5769.AG,Bulgaria,Bulgaria_Dzhulyunitsa_IA.SG,2592.0,0.6012750864028931,1.32893337882253,-0.31823316379085537,0.45760756043726203
I5770.AG,Serbia,Serbia_EN_Starcevo.AG,8061.0,0.1762252300977707,0.3391796721972734,0.11743193505435895,0.8697978447184743
I5771.AG,Serbia,Serbia_IronGates_Mesolithic.AG,9750.0,0.199488565325737,0.36598084037439527,0.1376877131679123,0.8629679095095003
I5772.AG,Serbia,Serbia_IronGates_Mesolithic.AG,10223.0,0.3821484446525574,0.3364874014258107,0.10450849951164508,0.8186196695485692
I5773.AG,Serbia,Serbia_IronGates_Mesolithic.AG,10040.0,0.0612118430435657,0.3186606094869481,0.09406405805582574,0.8345502156834205
I5833.AG,Germany,Germany_BellBeaker.AG,4200.0,0.5772712826728821,-0.3602680841217139,-0.20899738303414728,0.11730630556500425
I5834.AG,Germany,Germany_BellBeaker.AG,4200.0,0.5173506140708923,-0.36490126450093,-0.14858287317721364,0.15094010704485605
I5835.AG,Germany,Germany_BellBeaker_father.or.son.I1533.AG,4200.0,0.540334939956665,-0.4073164092698333,-0.244455050745064,0.11449744561162507
I5836.AG,Germany,Germany_BellBeaker.AG,4250.0,0.3624081909656524,-0.38057498649594007,-0.184206326813101,0.10649765260451026
I5838.AG,Spain,Spain_C.AG,4550.0,0.6050982475280762,-1.122566200681461,-2.347389850957406,0.050917806734719455
I5869.AG,Ukraine,Ukraine_N_1d.rel.I5870.AG,7465.0,0.0887938737869262,-0.05645771624777713,1.3464474946184821,0.8234299589103197
I5870.AG,Ukraine,Ukraine_N.AG,7363.0,0.1851578205823898,-0.055493550877595,1.3902350152866163,0.7836247592918476
I5872.AG,Ukraine,Ukraine_N.AG,7374.0,0.0843802914023399,-0.08453299406582038,1.360492043460019,0.820388637784161
I5875.AG,Ukraine,Ukraine_N.AG,7095.0,0.3835361003875732,-0.08534227953433403,1.3523820237434523,0.8306784670190676
I5876.AG,Ukraine,Ukraine_Mesolithic.AG,8832.0,0.4057491719722748,-0.09504835068947573,1.3356377808495687,0.7914813365675836
I5878.AG,Ukraine,Ukraine_N_father.or.son.I5883.AG,7139.0,0.050165731459856,-0.09015769386455287,1.3729455877617964,0.8297285927976048
I5879.AG,Ukraine,Ukraine_N_1d.rel.ukr113_father.or.son.I3718.AG,7208.0,0.108770951628685,-0.07315900606762726,1.366143318146577,0.8371763844221246
I5881.AG,Ukraine,Ukraine_N.AG,7077.0,0.0618979670107364,-0.040387887436453315,1.3654184594888266,0.8246651054407176
I5882.AG,Ukraine,Ukraine_N_oHG.AG,5005.0,0.345924973487854,-0.08927358450752772,1.3726356551080683,0.8070568532923593
I5883.AG,Ukraine,Ukraine_N.AG,7048.0,0.1436059474945068,-0.0991581530309044,1.3506556754627668,0.7995981365571808
I5884.AG,Ukraine,Ukraine_EBA.AG,4735.0,0.5075372457504272,-0.10419538443536812,1.3471126058443588,0.8265564552064087
I5885.AG,Ukraine,Ukraine_Mesolithic.AG,8099.0,0.1426440775394439,-0.08340627451102628,1.3535190588702302,0.8056126374913755
I5886.AG,Ukraine,Ukraine_N.AG,7212.0,0.0711225271224975,-0.06390150145922174,1.3561402532802247,0.8341118057648164
I5888.AG,Ukraine,Ukraine_N_father.or.son.I5875.AG,7349.0,0.0674445480108261,-0.09284865708430673,1.3726933148721185,0.7981574719664509
I5890.AG,Ukraine,Ukraine_N.AG,7092.0,0.2527256309986114,-0.08691138478938576,1.3085089852132645,0.8014556319042704
I5892.AG,Ukraine,Ukraine_N.AG,7069.0,0.1016380190849304,-0.05478046400890622,1.3809280434006481,0.8483662197124794
I5893.AG,Ukraine,Ukraine_N_1d.rel.I5881.AG,7249.0,0.0560513138771057,-0.09271024772484043,1.3676535511848913,0.8286082438213515
I6174.AG,Romania,Romania_EN_Starcevo.AG,7971.0,0.562736988067627,1.255001179524108,0.3914408718213886,0.1996332860539803
I6472.AG,Spain,Spain_C_oSteppe.AG,4200.0,0.1629188060760498,-1.106235680987289,-2.372854782792369,0.10081380595874538
I6490.AG,Spain,Spain_Roman_oLocal.AG,1600.0,0.0766301751136779,-1.1787802324748873,-2.4110563969419574,0.06406581837124381
I6561.AG,Ukraine,Ukraine_MBA.AG,3985.0,0.6264135241508484,-0.06573840906927675,1.337708111923998,0.8159741610776685
I6573.AG,Turkey,Turkey_Central_Gordion_Ancient.AG,2127.0,0.4395371377468109,1.4125192584266322,-0.6019873861750497,0.5176145274257714
I6574.AG,Turkey,Turkey_Central_Gordion_Ancient.AG,1747.0,0.45203498005867,1.4920488483243008,-0.6186233782112056,0.5577530637865871
I6609.AG,Spain,Spain_C.AG,4100.0,0.231394961476326,-1.1285571860185435,-2.3698846451052766,0.06294177814302228
I6662.AG,Romania,Romania_N.AG,6850.0,0.0548647902905941,1.274009787293288,0.4190267624564488,0.1856798976205317
I6663.AG,Romania,Romania_N.AG,6850.0,0.1971301138401031,1.2826247783963405,0.4132691333447424,0.1949066811796937
I6677.AG,Czechia,Czechia_C_Baalberge.AG,5550.0,0.7393393516540527,-0.37346609138724446,0.07733509898624455,-0.14025627095679688
I6679.AG,UnitedKingdom,England_BellBeaker_o.AG,3936.0,0.1607663482427597,-1.511428868681844,0.03388996735068038,-0.6350893792183444
I6680.AG,UnitedKingdom,England_BellBeaker_mediumEEF.AG,3671.0,0.7545849084854126,-1.4730076124256744,0.062472668628366514,-0.6358475240899715
I6695.AG,Czechia,Czechia_EBA_CordedWare.AG,4575.0,0.6998677253723145,-0.3880238832690206,0.06982635469661659,-0.1215343668503197
I6696.AG,Czechia,Czechia_EBA_CordedWare.SG,4575.0,0.7215017080307007,-0.3122202640116863,0.041035885501258036,-0.14634833216174206
I6744.AG,UnitedKingdom,England_Mesolithic_o1.AG,10393.0,0.0943080112338066,-1.4812907888681346,0.07466938634538266,-0.5863716118860811
I6745.AG,UnitedKingdom,England_Mesolithic.AG,10546.0,0.079000785946846,-1.4935488336365472,0.07841413132348848,-0.5907208639415862
I6746.AG,UnitedKingdom,England_N.AG,5526.0,0.5222240090370178,-1.525932792962663,0.1610195984682588,-0.6508365956394315
I6747.AG,UnitedKingdom,England_N.AG,5528.0,0.7129178643226624,-1.49635074133036,0.048696918944055985,-0.5790833104542507
I6750.AG,UnitedKingdom,England_N.AG,5650.0,0.3578307628631592,-1.5519277933975961,0.07162387405799027,-0.5625176561470401
I6751.AG,UnitedKingdom,England_N.AG,5650.0,0.6174630522727966,-1.5224863098189587,0.015768574017363896,-0.6708137740289216
I6753.AG,UnitedKingdom,England_N.AG,5305.0,0.6438983082771301,-1.591772653376907,0.1355772362648462,-0.5546261981992122
I6754.AG,UnitedKingdom,Wales_Mesolithic.AG,9580.0,0.3030186891555786,-1.4419834271973802,0.03379521875083956,-0.5074688879968609
I6755.AG,UnitedKingdom,England_N.AG,5528.0,0.3681129217147827,-1.513974045211603,0.0773097073771099,-0.6290388229329216
I6757.AG,UnitedKingdom,England_N.AG,5493.0,0.6967988014221191,-1.51973302850368,0.05375011151608993,-0.6021610407441033
I6759.AG,UnitedKingdom,England_N.AG,5527.0,0.6567570567131042,-1.634321711807909,-0.08163065118461432,-0.6107170800100045
I6760.AG,UnitedKingdom,England_N.AG,5781.0,0.4685741364955902,-1.5229959300492162,0.08908520486255335,-0.5751589091787497
I6761.AG,UnitedKingdom,England_N.AG,5525.0,0.4659245312213897,-1.516908553186482,0.07509476160824878,-0.5548520494008722
I6762.AG,UnitedKingdom,England_N.AG,5700.0,0.5159369707107544,-1.5130037545457222,0.03319607720107874,-0.5546408940393743
I6764.AG,UnitedKingdom,Scotland_N.AG,5100.0,0.2741787731647491,-1.4570850787006993,0.013766153299690961,-0.6197728283442288
I6766.AG,UnitedKingdom,Scotland_N.AG,5100.0,0.5932257175445557,-1.499126992110026,0.07714301279170022,-0.5878518660641637
I6767.AG,UnitedKingdom,England_Mesolithic.AG,10280.0,0.6592890620231628,-1.2340173356671411,0.012088355757291726,-0.4356409280720908
I6769.AG,UnitedKingdom,England_IA.AG,2548.0,0.683173656463623,-1.4954120299092115,0.08651664146628833,-0.6888460151819766
I6771.AG,UnitedKingdom,Wales_IA.AG,2042.0,0.1808853596448898,-1.4908063561086986,0.06434115345625789,-0.6110458284977607
I6774.AG,UnitedKingdom,England_BellBeaker_lowEEF.AG,4121.0,0.5088251233100891,-1.418798496070681,0.1391032115604989,-0.6200508093939625
I6775.AG,UnitedKingdom,England_BellBeaker.AG,4150.0,0.5704076290130615,-1.4412981745512246,0.17346117961257732,-0.49854261071379574
I6776.AG,UnitedKingdom,England_BellBeaker.AG,4150.0,0.1933896839618683,-1.4438856118063836,0.11063167224844998,-0.6028644546118552
I6777.AG,UnitedKingdom,England_C_EBA.AG,4050.0,0.6650716662406921,-1.402949267390787,0.10317284373632044,-0.5772410551430796
I6778.AG,UnitedKingdom,England_BellBeaker_o.AG,4150.0,0.4985567927360534,-1.498389920551539,0.1067266947419527,-0.595399680803972
I6923.AG,Israel,Israel_MLBA.AG,3725.0,0.0864192023873329,1.4462269489280637,-1.0380241117780733,0.9789690768173874
I7003.AG,Israel,Israel_MLBA.AG,3725.0,0.1111480593681335,1.4585989482442472,-1.0284382964715366,0.9845614234266629
I7040.AG,Hungary,Hungary_EBA_Protonagyrev.AG,4300.0,0.1253036260604858,1.656854101988552,0.08863346428579605,-0.10678327645979706
I7041.AG,Hungary,Hungary_EBA_Protonagyrev_brother.I7043.AG,4000.0,0.3262755572795868,1.7121933911505647,0.08285543552723325,-0.13354436449369186
I7042.AG,Hungary,Hungary_MN.AG,6086.0,0.665363609790802,1.7451560974173694,-0.04623830777204204,-0.12000541450058569
I7043.AG,Hungary,Hungary_EBA_Protonagyrev.AG,4011.0,0.6793375015258789,1.724913497824854,0.08789633593224833,-0.22986012892521843
I7044.AG,Hungary,Hungary_EBA_BellBeaker.AG,4300.0,0.6654350161552429,1.7147951057931836,-0.06327452299692848,-0.11364483371257789
I7045.AG,Hungary,Hungary_EBA_BellBeaker.AG,4231.0,0.6456160545349121,1.702368066494912,0.08059444687443368,-0.06497963689757272
I7126.AG,Romania,Romania_N_o.AG,7162.0,0.7492013573646545,1.2968319810980435,0.4148812808968427,0.16885461703081325
I7127.AG,Romania,Romania_C_Bodrogkeresztur.AG,6006.0,0.7671257257461548,1.2813007698795886,0.42507154267871444,0.19829252240150713
I7128.AG,Romania,Romania_C_Bodrogkeresztur.AG,6046.0,0.7075902819633484,1.2623164625604415,0.40118440784037607,0.18713429034528867
I7129.AG,Romania,Romania_C_Bodrogkeresztur.AG,6090.0,0.7069292664527893,1.2578780134792584,0.4147713203163942,0.18273193959652304
I7130.AG,Romania,Romania_C_Bodrogkeresztur.AG,6078.0,0.765662670135498,1.2670851734045796,0.4290076819076403,0.1933600449743976
I7131.AG,Romania,Romania_C_Bodrogkeresztur.AG,5900.0,0.6495592594146729,1.2674385935154382,0.4426094034633095,0.20161900474351294
I7132.AG,Romania,Romania_C_Bodrogkeresztur.AG,6086.0,0.7275697588920593,1.2755028532761572,0.4097411340270522,0.18298328293762914
I7133.AG,Romania,Romania_C_Bodrogkeresztur.AG,6078.0,0.7646707892417908,1.2745294051660494,0.41772924971179437,0.1925036624793732
I7134.AG,Romania,Romania_C_Bodrogkeresztur_brother.I11906.AG,5569.0,0.7706609964370728,1.2926910525882447,0.41408258340840826,0.17895459128483643
I7135.AG,Romania,Romania_C_Bodrogkeresztur.AG,5900.0,0.762228786945343,1.2885020804081488,0.39894594501815045,0.22068510453195161
I7136.AG,Romania,Romania_C_Bodrogkeresztur.AG,6074.0,0.7768012285232544,1.2529627176469849,0.3866616609256719,0.20372579090827908
I7137.AG,Romania,Romania_C_Bodrogkeresztur.AG,5972.0,0.7590471506118774,1.2826790247094981,0.4159832057277839,0.19648623404224616
I7152.AG,Romania,Romania_BA_1.AG,4462.0,0.1458289623260498,1.2671233940676399,0.3981046959582236,0.17699750198774863
I7162.AG,Spain,Spain_EBA_Africa.AG,3760.0,0.3186957538127899,-1.1509038588198501,-2.3815615026823553,0.04704791445932282
I7182.AG,Israel,Israel_MLBA.AG,3725.0,0.0513587445020675,1.4634227755909743,-1.0224977341262946,0.9907125616900785
I7186.AG,Czechia,Czechia_C_Baalberge.AG,5713.0,0.7414925694465637,-0.39365080133190444,0.00284623519030034,-0.1494614375518706
I7187.AG,Czechia,Czechia_C_Baalberge.AG,6044.0,0.7393709421157837,-0.4500447691478628,0.045324899742005764,-0.14613128477001952
I7188.AG,Czechia,Czechia_C_Baalberge.AG,5610.0,0.7378170490264893,-0.41756800350348605,-0.020971802688118716,-0.15070652244805754
I7189.AG,Czechia,Czechia_C_Baalberge.AG,5526.0,0.7310474514961243,-0.3957348234119927,0.010786114300942484,-0.1109442509554324
I7191.AG,Czechia,Czechia_C_Baalberge.AG,5657.0,0.7483441233634949,-0.3745786181218477,-0.006483350447550223,-0.1530782094838484
I7192.AG,Czechia,Czechia_C_Baalberge.AG,5552.0,0.7501656413078308,-0.4108827364196303,0.03623285501146133,-0.143143164269492
I7193.AG,Czechia,Czechia_C_Baalberge_o1.AG,5621.0,0.7201043367385864,-0.346226419181482,0.02995068057380376,-0.1262384714901168
I7194.AG,Czechia,Czechia_C_Baalberge.AG,5527.0,0.7334407567977905,-0.38995458416745205,0.01916314454916199,-0.1428397038038353
I7195.AG,Czechia,Czechia_EBA.AG,4250.0,0.5893287658691406,-0.41948110943069933,0.11336965344073446,-0.08292012547777275
I7196.AG,Czechia,Czechia_EBA.AG,4250.0,0.6124387979507446,-0.42030033746166046,0.0493409613385591,-0.14726225137282778
I7197.AG,Czechia,Czechia_MN.AG,6438.0,0.6271369457244873,-0.22966471551428438,0.013425027123465548,-0.13642511571397928
I7198.AG,Czechia,Czechia_EBA.AG,4026.0,0.6559996008872986,-0.3821361237304174,0.10785379139327153,-0.15108873658673455
I7199.AG,Czechia,Czechia_EBA.AG,4039.0,0.6693108677864075,-0.3839473053463503,0.007724822963219794,-0.20067708010115287
I7200.AG,Czechia,Czechia_EBA.AG,4250.0,0.6297978758811951,-0.38601679358549357,0.020911235096299937,-0.12115576985517953
I7201.AG,Czechia,Czechia_EBA.AG,4250.0,0.5921259522438049,-0.34446552997042873,0.045283603049658304,-0.1644582704490493
I7202.AG,Czechia,Czechia_EBA.AG,4250.0,0.4699107110500335,-0.4060400952905274,0.0790529377781974,-0.10621586856555851
I7203.AG,Czechia,Czechia_EBA.AG,4250.0,0.0652239695191383,-0.41351343316647043,0.05823763337647047,-0.1311786896528179
I7205.AG,Czechia,Czechia_BellBeaker.AG,4200.0,0.6546581387519836,-0.4120437656448432,0.05240697235204086,-0.1565945947560049
I7207.AG,Czechia,Czechia_EBA_CordedWare.AG,4370.0,0.6700440049171448,-0.3828115765959894,0.03200070899935299,-0.18655678835463693
I7208.AG,Czechia,Czechia_EBA_CordedWare.AG,4324.0,0.6886269450187683,-0.35733536968482027,0.07299203420990921,-0.09732533134275957
I7209.AG,Czechia,Czechia_EBA_CordedWare.AG,4269.0,0.7358113527297974,-0.39708988333674305,0.07659675966054856,-0.11958189856219041
I7210.AG,Czechia,Czechia_BellBeaker_father.or.son.I7212.AG,4071.0,0.6339836120605469,-0.36707630189146534,0.0016355143847567968,-0.16554864874548547
I7211.AG,Czechia,Czechia_BellBeaker.AG,4183.0,0.64371258020401,-0.34543589179597045,0.060759247775444974,-0.12074266515125551
I7212.AG,Czechia,Czechia_BellBeaker.AG,4247.0,0.6335505247116089,-0.41083451436686935,0.040249869295010274,-0.1734869866290148
I7213.AG,Czechia,Czechia_BellBeaker.AG,4231.0,0.6313080191612244,-0.38126827087294146,0.06505962990023578,-0.06852618644019937
I7214.AG,Czechia,Czechia_BellBeaker.AG,4200.0,0.6418951153755188,-0.39634121370746783,0.0373550310430797,-0.08623031311050951
I7217.AG,Italy,Italy_Sicily_Himera_480BCE_Greek.AG,2430.0,0.5973278284072876,0.019114186821154504,-0.6587164864938296,0.15816113997343068
I7218.AG,Italy,Italy_Sicily_Himera_480BCE_Greek.AG,2430.0,0.6565356850624084,-0.04279412536558927,-0.7416591342917763,0.2089691059883703
I7219.AG,Italy,Italy_Sicily_Himera_480BCE_Greek.AG,2430.0,0.7006235718727112,0.012115005347590033,-0.7480763307582211,0.19872476427016267
I7221.AG,Italy,Italy_Sicily_Himera_480BCE_Greek.AG,2430.0,0.7261878252029419,-0.01038015185937281,-0.7292631830140099,0.18904118709820533
I7223.AG,Italy,Italy_Sicily_Himera_409BCE.AG,2359.0,0.7100281715393066,0.018475848809708543,-0.7096713419459411,0.2698348058223583
I7224.AG,Italy,Italy_Sicily_Himera_409BCE.AG,2359.0,0.7173314690589905,-0.05562072770582845,-0.6390902496147536,0.21646769064725724
I7225.AG,Italy,Italy_Sicily_Himera_409BCE.AG,2359.0,0.7099811434745789,-0.008916332679530313,-0.7336978973786703,0.18277240539823375
I7231.AG,NorthMacedonia,NorthMacedonia_BA.AG,3169.0,0.7266151905059814,1.3656017036840944,-0.6783971825818854,-0.32605860216266846
I7233.AG,NorthMacedonia,NorthMacedonia_IA.AG,2800.0,0.733447253704071,1.3430013277292057,-0.6474973376841411,-0.34190965341628693
I7249.AG,Czechia,Czechia_BA_BellBeaker.AG,4011.0,0.6612444519996643,-0.3872025780775448,0.03075218804329947,-0.17881754110656975
I7250.AG,Czechia,Czechia_BA_BellBeaker.AG,4200.0,0.1378695964813232,-0.34191466470818366,0.03546381325598492,-0.1395377613893212
I7251.AG,Czechia,Czechia_BA_BellBeaker.AG,4200.0,0.642123818397522,-0.36624692441734996,0.05172253489492246,-0.11508039459863813
I7269.AG,Czechia,Czechia_BA_BellBeaker.AG,4200.0,0.5979418158531189,-0.3054265758645872,0.025294409581575132,-0.07461306520284502
I7271.AG,Czechia,Czechia_BA_BellBeaker_brother.I7278.AG,4200.0,0.1675018817186355,-0.41549779223787064,0.06649359545961905,-0.15123695475260523
I7272.AG,Czechia,Czechia_Eneolithic.AG,5417.0,0.656616747379303,-0.34372385345871326,0.0691017764541234,-0.11945544847095473
I7275.AG,Czechia,Czechia_BA_BellBeaker.AG,4200.0,0.6020252704620361,-0.38360641866400186,0.049532926399478976,-0.1349947835285059
I7276.AG,Czechia,Czechia_BA_BellBeaker.AG,4200.0,0.649326503276825,-0.4004657720982855,0.03590161020502654,-0.14794238981563212
I7278.AG,Czechia,Czechia_BA_BellBeaker.AG,4333.0,0.6747860908508301,-0.38647851932702904,0.013763120938039995,-0.14016212926275762
I7279.AG,Czechia,Czechia_EBA_CordedWare.AG,4200.0,0.5438685417175293,-0.3324898897734138,0.022917660491504444,-0.16445353297124
I7280.AG,Czechia,Czechia_EBA_CordedWare.AG,4200.0,0.6625282764434814,-0.4013174943853723,0.07741800356961545,-0.1596125773150947
I7281.AG,Czechia,Czechia_BellBeaker.AG,4194.0,0.6371822357177734,-0.3864320989055985,0.0883796316863723,-0.16694528437906575
I7282.AG,Czechia,Czechia_BellBeaker.AG,4200.0,0.6662468314170837,-0.40609677342325967,0.03096588946495815,-0.12251762451325614
I7283.AG,Czechia,Czechia_BellBeaker_mother.I7282.AG,4200.0,0.6339057087898254,-0.31790145313403984,-0.018761955911464605,-0.11065841341877761
I7286.AG,Czechia,Czechia_BellBeaker.AG,4221.0,0.6772693991661072,-0.36686357675548387,0.029712151569261925,-0.13681829922202532
I7287.AG,Czechia,Czechia_BellBeaker.AG,4200.0,0.543337345123291,-0.3561109282318791,0.022807823455967956,-0.13387102314577615
I7288.AG,Czechia,Czechia_BellBeaker.AG,4200.0,0.0789934918284416,-0.43613023643795,0.031827296460116596,-0.12368672876852785
I7289.AG,Czechia,Czechia_BellBeaker_sibling.I7214.AG,4289.0,0.651435136795044,-0.34818737280212786,0.013958000401715204,-0.15207817579468758
I7290.AG,Czechia,Czechia_BellBeaker.AG,4200.0,0.6804802417755127,-0.3852741997959021,0.05403446137327096,-0.12702909393819958
I7399.AG,Croatia,Croatia_MN_Sopot.AG,7078.0,0.6808987259864807,0.8234014332717006,0.0007810213426745238,-0.21836665718180315
I7423.AG,Spain,Spain_NazariPeriod_Muslim_o.AG,400.0,0.0882861763238906,-1.1051430101083655,-2.373290817687806,0.08263905463582866
I7424.AG,Spain,Spain_NazariPeriod_Muslim.AG,400.0,0.4645036160945892,-1.0556748767740058,-2.356015469901285,0.054477313095301266
I7425.AG,Spain,Spain_NazariPeriod_Muslim.AG,400.0,0.6087883710861206,-1.0944742186156853,-2.3256348033348235,0.08639550646436953
I7457.AG,Spain,Spain_Islamic_Almohade.AG,750.0,0.4259500801563263,-1.1234534341942874,-2.3367222729914414,0.05782157249029932
I7497.AG,Spain,Spain_Islamic_Zira.AG,900.0,0.0917313918471336,-1.1217572802206148,-2.407887326311153,0.07118631815695267
I7498.AG,Spain,Spain_Islamic_Zira.AG,900.0,0.6342146992683411,-1.1099473476074055,-2.354106595303944,0.08739935942264511
I7499.AG,Spain,Spain_Islamic_Zira.AG,900.0,0.7235389947891235,-1.0573979302112164,-2.3509506193836116,0.08561689872782507
I7500.AG,Spain,Spain_Islamic_Emirate.AG,950.0,0.058245126157999,-1.0774166160931293,-2.3828271291699674,0.115130789796165
I7547.AG,Spain,Spain_MLN.AG,5950.0,0.0559247955679893,-1.1313762953565079,-2.4023068013453885,0.07014349863417169
I7549.AG,Spain,Spain_MLN.AG,5950.0,0.2294752746820449,-1.1056485057386125,-2.370288846071684,0.10574813060767713
I7550.AG,Spain,Spain_MLN.AG,6100.0,0.5509098172187805,-1.1204235294677134,-2.363921774275302,0.08943772122486222
I7554.AG,UnitedKingdom,Scotland_N.AG,5182.0,0.6707285046577454,-1.6122910144959814,0.03001038815038725,-0.6371382401939432
I7568.AG,UnitedKingdom,England_MBA.AG,3400.0,0.6575340032577515,-1.5885448141269782,0.17914032555458945,-0.6319547221231274
I7570.AG,UnitedKingdom,England_C_EBA.AG,3569.0,0.6591293215751648,-1.4551221031270773,0.16983776539095763,-0.5670358814033839
I7571.AG,UnitedKingdom,England_MBA.AG,3306.0,0.6544424295425415,-1.538895995267603,0.10821205603835249,-0.6326380564307001
I7572.AG,UnitedKingdom,England_MBA.AG,3380.0,0.5569746494293213,-1.4372771834050955,0.0558628584920003,-0.5763117684386007
I7573.AG,UnitedKingdom,England_C_EBA.AG,3520.0,0.6080374121665955,-1.5031386301972713,0.038150121779925446,-0.5946229027281646
I7574.AG,UnitedKingdom,England_MBA.AG,3271.0,0.6740423440933228,-1.4609652654413368,0.0307137608114044,-0.6042422884271083
I7575.AG,UnitedKingdom,England_MBA.AG,3107.0,0.6821428537368774,-1.44251254341221,0.18948017190230787,-0.6548077481384617
I7576.AG,UnitedKingdom,England_LBA.AG,3039.0,0.6663368344306946,-1.5764029383992204,0.2221387638573055,-0.596076001978527
I7577.AG,UnitedKingdom,England_MBA.AG,3198.0,0.6614528894424438,-1.4680213561367221,0.03475123450938447,-0.6352984777873905
I7578.AG,UnitedKingdom,England_MBA.AG,3080.0,0.6632525324821472,-1.4437571559359577,-0.00767878211527112,-0.719101139949006
I7579.AG,UnitedKingdom,England_MBA_sister.I7580.AG,3349.0,0.6558771133422852,-1.5265780317762028,0.1365513830242589,-0.5967037076305678
I7580.AG,UnitedKingdom,England_MBA_lowEEF.AG,3087.0,0.6590189933776855,-1.3865880911121355,0.15437092235569258,-0.584215746877066
I7585.AG,Ukraine,Ukraine_Eneolithic_SeredniiStih.AG,5935.0,0.0678046345710754,-0.07041617188583918,1.3741791954033644,0.7974504433688496
I7594.AG,Spain,Spain_MLN.AG,5396.0,0.1526942551136016,-1.1790628977890039,-2.3857773638311985,0.1190060606564676
I7598.AG,Spain,Spain_MLN.AG,5411.0,0.3304766416549682,-1.104477127913042,-2.4016830553243773,0.056178205764727235
I7600.AG,Spain,Spain_MLN.AG,5625.0,0.2798153758049011,-1.1187181784314126,-2.3813855528976435,0.082210568495553
I7601.AG,Spain,Spain_MLN.AG,5527.0,0.1518556624650955,-1.148248545212688,-2.355441485966888,0.08779184523504538
I7602.AG,Spain,Spain_MLN.AG,5050.0,0.5293569564819336,-1.1702059494400192,-2.3622310098823354,0.07889496104293345
I7603.AG,Spain,Spain_MLN.AG,5050.0,0.4799657464027405,-1.1320847897546826,-2.412073516238724,0.09396285543605412
I7604.AG,Spain,Spain_MLN.AG,5050.0,0.5952345728874207,-1.145273468292128,-2.3533166444442957,0.14912458108731938
I7605.AG,Spain,Spain_MLN.AG,5050.0,0.3243566751480102,-1.1373629128110891,-2.4016793045952984,0.08882449358849964
I7606.AG,Spain,Spain_MLN.AG,5050.0,0.7046551704406738,-1.1862221499594072,-2.3561672777513842,0.06511637825536518
I7626.AG,UnitedKingdom,England_MBA.AG,3231.0,0.6574277877807617,-1.5660029761507412,0.20099751576663658,-0.5344714212608611
I7627.AG,UnitedKingdom,England_MBA.AG,3268.0,0.6660124659538269,-1.516126826001587,0.06660633728092145,-0.5488973640657159
I7628.AG,UnitedKingdom,England_LBA.AG,3033.0,0.350897341966629,-1.5888459008793392,0.13885849199307626,-0.594127714655285
I7632.AG,UnitedKingdom,England_MIA.AG,2240.0,0.2152775377035141,-1.4976171450380327,0.02807898259332011,-0.615123273228955
I7635.AG,UnitedKingdom,England_C_EBA.AG,4030.0,0.4188033640384674,-1.4619205024528037,0.08085274743365266,-0.5555821182685847
I7638.AG,UnitedKingdom,England_C_EBA.AG,3995.0,0.512336015701294,-1.4810670492984201,0.17253642776415376,-0.601017409855386
I7639.AG,UnitedKingdom,England_C_EBA.AG,3797.0,0.0517812855541706,-1.5270923829394054,0.1042074031882924,-0.6093758407815202
I7640.AG,UnitedKingdom,England_MBA.AG,3307.0,0.6786489486694336,-1.4969155311674118,0.11588816602596513,-0.4587527539063636
I7642.AG,Spain,Spain_MLN.AG,4809.0,0.5304234623908997,-1.1596232559413262,-2.3812287854797938,0.06599507678827359
I7643.AG,Spain,Spain_MLN.AG,5803.0,0.1318591088056564,-1.154503757736785,-2.325496911354845,0.053181276806098424
I7644.AG,Spain,Spain_MLN.AG,5521.0,0.2965297102928161,-1.0911466111825574,-2.3558991741365767,0.01220014742484262
I7646.AG,Spain,Spain_MLN.AG,5613.0,0.1198827624320983,-1.1567744632821653,-2.4007493464201395,0.11893257068365938
I7673.AG,Spain,Spain_Carolingian.AG,1153.0,0.2591456770896911,-1.1732549891315303,-2.3687188970069055,0.08843582999967838
I7675.AG,Spain,Spain_Carolingian.AG,1153.0,0.1071229577064514,-1.142677868764906,-2.3734481705563844,0.07287750650033681
I7676.AG,Spain,Spain_Carolingian.AG,1153.0,0.0616287104785442,-1.0935907800952578,-2.3634560450674393,0.09653661542773792
I7691.AG,Portugal,Portugal_EBA.AG,3900.0,0.0724769309163093,-1.1497834136539773,-1.3614270121414622,0.24170453313548065
I7692.AG,Portugal,Portugal_EBA.AG,3900.0,0.0514171384274959,-1.1384335395286818,-1.3594225319725617,0.23847367513361556
I7796.AG,Italy,Italy_Sicily_EBA.AG,3731.0,0.1407235711812973,-0.07161252076108722,-0.7217738900988842,0.1997082457097797
I7807.AG,Italy,Italy_Sicily_EBA.AG,4038.0,0.1605327725410461,-0.08111587335497251,-0.7216364586341252,0.24124420004597014
I7833.AG,Greece,Greece_Attica_Marathon_Roman.AG,1610.0,0.8058820366859436,1.9133429931772383,-0.46080984024850546,-0.02029426014485806
I7869.AG,Serbia,Serbia_MN.AG,6953.0,0.7194846868515015,0.37081642914974855,0.10808070968942539,0.843794990695627
I7893.AG,Slovakia,Slovakia_N_LBK.AG,6936.0,0.750853419303894,1.209478327918894,0.10695355246340672,-0.7883448934189417
I7894.AG,Slovakia,Slovakia_N_LBK.AG,6975.0,0.768448531627655,1.1785410545659742,0.09656148878659603,-0.8170566500085011
I7896.AG,Slovakia,Slovakia_N_LBK.AG,6975.0,0.7662116885185242,1.170190174467323,0.10493884221255055,-0.7810293557144746
I7949.AG,Czechia,Czechia_BA_Veterov_2.AG,3022.0,0.7247838973999023,-0.40706452469347704,0.05442545089596809,-0.14327440945866313
I7950.AG,Czechia,Czechia_N_oWHG.AG,5398.0,0.696829617023468,-0.3448928169462104,0.0270687789530285,-0.11813407624089459
I7951.AG,Czechia,Czechia_N_oWHG.AG,7200.0,0.3620213270187378,-0.3032737690018568,0.026104501166814488,-0.16288298717642927
I7952.AG,Czechia,Czechia_N.AG,7200.0,0.7351568937301636,-0.2941823952314832,-0.007904921784673793,-0.1255482962230192
I7953.AG,Czechia,Czechia_IA.AG,2239.0,0.6832944750785828,-0.4059871351832864,0.06319602717937114,-0.1375827847812254
I7958.AG,Czechia,Czechia_EBA_Unetice.AG,3950.0,0.7324286103248596,-0.34136891529637164,0.03819696131256364,-0.14232518577707617
I7959.AG,Czechia,Czechia_EBA_Unetice.AG,3950.0,0.7324123978614807,-0.3570107371154188,0.091323068414425,-0.1452212347760354
I7960.AG,Czechia,Czechia_EBA_Unetice.AG,3950.0,0.7344626784324646,-0.40450296075646347,0.10225780819853673,-0.13396459109908046
I7962.AG,Czechia,Czechia_EBA_Unetice.AG,3950.0,0.7630771398544312,-0.37179909025756785,0.044563951393176524,-0.15391374313518164
I7963.AG,Czechia,Czechia_EBA_Unetice.AG,3950.0,0.7478744983673096,-0.3472041906186856,0.052186770251684056,-0.14758621572138167
I8048.AG,Spain,Spain_C.AG,4050.0,0.0718889385461807,-1.1180606996675302,-2.395687469345866,0.08361611294400524
I8104.AG,Serbia,Serbia_EN_Starcevo.AG,7650.0,0.0766772106289863,0.3536791901796353,0.1132845417506616,0.864698979475397
I8105.AG,Serbia,Serbia_EN_Starcevo.AG,7650.0,0.0827550068497657,0.32513404408238616,0.14823550621819676,0.839800168577015
I8112.AG,NorthMacedonia,NorthMacedonia_IA.AG,2614.0,0.7013097405433655,1.3611053650066829,-0.6667462511541591,-0.33018917124679165
I8116.AG,Serbia,Serbia_EN_Starcevo_contam.AG,7650.0,0.6969797015190125,0.48163230655603256,0.09665593721756274,0.8060152130213496
I8117.AG,Serbia,Serbia_EN_Starcevo.AG,7648.0,0.2322449088096618,0.37690822325667805,0.13484763096535937,0.8391408209500231
I8131.AG,Spain,Spain_C.AG,4459.0,0.094132013618946,-1.1574303015064282,-2.427044710187452,0.09196342588986478
I8136.AG,Spain,Spain_EBA.AG,3426.0,0.5012396574020386,-1.1834327430574134,-2.3868680475225816,0.05373072275786293
I8144.AG,Spain,Spain_EBA.AG,3680.0,0.0932885557413101,-1.1127002552834553,-2.4461334931953407,0.13027251719142513
I8146.AG,Spain,Spain_NazariPeriod_LateMuslim.AG,550.0,0.1488394737243652,-1.1373452556829238,-2.312964126012857,0.08608739299054485
I8149.AG,Spain,Spain_C.AG,4650.0,0.0671712309122085,-1.1501178572072506,-2.3803384422432163,0.08375728785802138
I8154.AG,Spain,Spain_C.AG,4650.0,0.079016201198101,-1.1531985976558445,-2.3631633846842264,0.09016371275183603
I8187.AG,Israel,Israel_MLBA.AG,3675.0,0.3644122183322906,1.4506800504916941,-1.0193176909765433,0.9672212204221609
I8188.AG,Israel,Israel_MLBA_son.I8187.AG,3675.0,0.1716680973768234,1.4509732595058067,-1.0371934313406943,0.9801154934243864
I8197.AG,Spain,Spain_C.AG,4650.0,0.7197855710983276,-1.1316717680267718,-2.3727611775326007,0.09124957540900364
I8198.AG,Spain,Spain_C.AG,4650.0,0.5756289958953857,-1.1200340992691087,-2.3657627282407656,0.08216290424628656
I8199.AG,Spain,Spain_C.AG,4650.0,0.7145261168479919,-1.1396433939260948,-2.3827431834798145,0.07568795065208181
I8202.AG,Spain,Spain_Roman_oLocal.AG,1750.0,0.0979251638054847,-1.152320652999088,-2.3340126839900286,0.09175842854468724
I8203.AG,Spain,Spain_Hellenistic_oLocal.AG,2150.0,0.4541647136211395,-1.1154382424146527,-2.4083430472513094,0.05345713764087255
I8204.AG,Spain,Spain_Hellenistic_oMixed_dup.I41959.AG,2179.0,0.1166208311915397,-1.0802342435825187,-2.2975420101764046,0.06402700980684861
I8205.AG,Spain,Spain_LateArchaic_Classical_Hellenistic_Greek_Iberian_oAegean.AG,2150.0,0.0622791498899459,-1.078760756717919,-2.3268645595695703,0.14355479676428173
I8206.AG,Spain,Spain_Hellenistic_oLocal.AG,2103.0,0.3657431006431579,-1.1286195666565249,-2.376316705684683,0.07479186741845896
I8208.AG,Spain,Spain_LateArchaic_Classical_Hellenistic_Greek_Iberian_oAegean.AG,2226.0,0.3306850790977478,-1.0139819485090418,-2.390330167735652,0.10671840551915894
I8209.AG,Spain,Spain_Classical_Greek_Iberian.AG,2554.0,0.7362104058265686,-1.1432622568955504,-2.395448037589299,0.11547718979973945
I8210.AG,Spain,Spain_LateArchaic_Classical_Hellenistic_Greek_Iberian.AG,2375.0,0.0546417608857154,-1.1289187187557062,-2.396073869159432,0.09349913014238223
I8214.AG,Spain,Spain_Classical_Greek_Iberian.AG,2375.0,0.4613333344459533,-1.0816913192791997,-2.375901766309937,0.11500589862534963
I8215.AG,Spain,Spain_Greek_oAegean.AG,2526.0,0.7117426991462708,-1.0815318625048918,-2.3688758060345627,0.12672429602113103
I8339.AG,Spain,Spain_Roman_oLocal.AG,1777.0,0.2344817072153091,-1.1284627319360363,-2.404399021139948,0.06125436647987032
I8343.AG,Spain,Spain_Roman_oMixed.AG,1287.0,0.0796844810247421,-1.069756502003744,-2.3316791236397503,0.14642771816762803
I8364.AG,Spain,Spain_C.AG,4588.0,0.6830365657806396,-1.1569051974715054,-2.3707868316923713,0.1099946397524081
I8365.AG,Spain,Spain_C.AG,4588.0,0.7482337951660156,-1.1468673783555519,-2.3708558795404127,0.06407196913388966
I8366.AG,Turkey,Turkey_Marmara_Iznik_Basilica_Roman_Byzantine_A.AG,1350.0,0.7048919796943665,1.4584141131696449,-0.5668903748970139,0.5798631763354322
I8367.AG,Turkey,Turkey_Marmara_Iznik_Basilica_Roman_Byzantine_A_brother.I8366.AG,1350.0,0.4498938918113708,1.4293247070367745,-0.6331580714597779,0.5604745604655482
I8371.AG,Turkey,Turkey_Marmara_Iznik_Basilica_Roman_Byzantine_A.AG,1350.0,0.7054945826530457,1.4733294374103245,-0.6334059746882937,0.6175517415497217
I8372.AG,Turkey,Turkey_Marmara_Iznik_Basilica_Roman_Byzantine_B.AG,1565.0,0.745327889919281,1.3978165640444502,-0.6184549757299895,0.5479168253658845
I8471.AG,Albania,Albania_Shkrel_MBA.AG,3745.0,0.1533820033073425,1.9774384178435112,-0.3661353906976105,-0.7188473020066612
I8475.AG,Spain,Spain_Roman_oMixed.AG,1800.0,0.4757873713970184,-1.093365861781395,-2.3812673293379842,0.10305127500610776
I8561.AG,Italy,Italy_Sicily_EBA_o1.AG,4212.0,0.7656301856040955,-0.057597776885623925,-0.7629710332835224,0.27870333138660236
I8566.AG,Spain,Spain_C.AG,5100.0,0.2221882492303848,-1.150386251976539,-2.370453316573134,0.07405737757970342
I8567.AG,Spain,Spain_MLN.AG,5350.0,0.1370026171207428,-1.122214273542754,-2.431928975038415,0.08888144383195021
I8568.AG,Spain,Spain_MLN.AG,5387.0,0.3629823923110962,-1.1319127323116571,-2.3631760570473053,0.09052217723771168
I8569.AG,Spain,Spain_C.AG,4692.0,0.5149880647659302,-1.1191930278504099,-2.368020728682902,0.08174278331103403
I8570.AG,Spain,Spain_LBA.AG,3100.0,0.2032330632209777,-1.1369832060109195,-2.419851249610711,0.07564355100028299
MA826.RISE00.SG,Estonia,Estonia_CordedWare_o1.SG,4442.0,0.5206506252288818,-1.203679971189856,1.6606519767876928,0.15932081327377762
MA968.MA976.SG,Estonia,Estonia_CordedWare.SG,4652.0,0.4311341345310211,-1.1865748884698644,1.6493467736515162,0.16630406436904815
I0011.AG,Sweden,Sweden_Mesolithic_HG.AG,7564.0,0.5244105458259583,-0.9117309809175224,2.4620799505847977,0.8826149702792235
I0012.AG,Sweden,Sweden_Mesolithic_HG.AG,7598.0,0.6579687595367432,-0.8972960958380833,2.3549002212278105,0.8319764676737239
I0013.AG,Sweden,Sweden_Mesolithic_HG.AG,7722.0,0.2511303722858429,-0.9128500471212834,2.407626760253758,0.8075253930995226
I0014.AG,Sweden,Sweden_Mesolithic_HG.AG,7686.0,0.6245602965354919,-0.9210706309587441,2.3558542426549742,0.8252507419638757
I0015.AG,Sweden,Sweden_Mesolithic_HG.AG,7710.0,0.497530847787857,-0.8600796295258082,2.358309657967486,0.8478646168115486
I0017.AG,Sweden,Sweden_Mesolithic_HG.AG,7624.0,0.7730575203895569,-0.9032069822415851,2.33217685414059,0.8548093825800832
I0022.AG,Germany,Germany_EN_LBK.AG,7125.0,0.3160355985164642,-0.3779581480047443,-0.23523576115350867,0.1299931473586327
I0026.AG,Germany,Germany_EN_LBK.AG,7125.0,0.7597478628158569,-0.32572761676782386,-0.20334648259047128,0.13198691087988457
I0049.AG,Germany,Germany_CordedWare.AG,4295.0,0.4470106959342956,-0.2870076411151787,-0.15973420570249267,0.07975366682551668
I0059.AG,Germany,Germany_BenzigerodeHeimburg_LN.AG,4179.0,0.6228798627853394,-0.3859389083332728,-0.22532341688205498,0.1374652497194395
I0060.AG,Germany,Germany_BellBeaker.AG,4214.0,0.1016258522868156,-0.3646795732788945,-0.20642469862105323,0.13284321490848908
I0061.AG,Russia,Russia_YuzhniyOleniyOstrov_Mesolithic.AG,8450.0,0.8640201091766357,-0.16932320520730404,0.6889543930471189,-0.061276103123504774
I0106.AG,Germany,Germany_CordedWare.AG,4297.0,0.1939509212970733,-0.4080634596540619,-0.19120124372422526,0.09560913329328054
I0108.AG,Germany,Germany_BellBeaker.AG,4399.0,0.6224095225334167,-0.36914462108283974,-0.21978482600923932,0.11961412715412505
I0111.AG,Germany,Germany_BellBeaker.AG,4303.0,0.4596585631370544,-0.41934069608762264,-0.21289084570501077,0.09875670516768945
I0112.AG,Germany,Germany_BellBeaker.AG,4224.0,0.8078000545501709,-0.38003884921887765,-0.19198077143521103,0.13197335044680295
I0113.AG,Germany,Germany_BellBeaker.AG,4146.0,0.5014983415603638,-0.33026182293919565,-0.24887327057708009,0.12395814508622638
I0114.AG,Germany,Germany_EBA_Unetice_brother.I0117.AG,4002.0,0.6098127365112305,-0.4165058264715512,-0.21175170759133294,0.11657553667102816
I0115.AG,Germany,Germany_EBA_Unetice.AG,3815.0,0.3069626986980438,-0.33057524809848565,-0.12536812613239032,0.13462358591430987
I0117.AG,Germany,Germany_EBA_Unetice.AG,4092.0,0.7194019556045532,-0.3404424465835375,-0.18352340996390584,0.11298113976111718
I0157.AG,UnitedKingdom,England_EarlyMedieval_Saxon.AG,1227.0,0.8208834528923035,-1.495666070554099,0.07016363562424352,-0.602480265700047
I0159.AG,UnitedKingdom,England_EarlyMedieval_Saxon.AG,1234.0,0.7844394445419312,-1.469668983217122,0.04541103201103833,-0.6093778854403703
I0161.AG,UnitedKingdom,England_EarlyMedieval_Saxon.AG,1157.0,0.6389867663383484,-1.5032273805635887,0.004835113273488477,-0.6052980656224357
I0164.AG,Germany,Germany_EBA_Unetice.AG,3906.0,0.7096372842788696,-0.3828375596800565,-0.2229770652842244,0.12878180722843807
I0171.AG,Germany,Germany_BenzigerodeHeimburg_LN.AG,4118.0,0.1219289675354957,-0.36764390400992497,-0.17022159324068176,0.12820967771582623
I0174.AG,Hungary,Hungary_EN_Starcevo_1.AG,7558.0,0.1892267167568206,1.672826378308984,0.09973212074144518,-0.10997655660052193
I0176.AG,Hungary,Hungary_MN_LBK.AG,7002.0,0.059923131018877,1.6815712622631722,0.07250907793435661,-0.08118362330788435
I0257.AG,Spain,Spain_C.AG,4439.0,0.0934004783630371,-1.1837534111166024,-2.3408094514923605,0.08674645525643963
I0258.AG,Spain,Spain_C.AG,4500.0,0.0551964975893497,-1.0860149529871108,-2.362793298847163,0.16168982546887053
I0262.AG,Spain,Spain_C.AG,4500.0,0.0810778141021728,-1.137354330926209,-2.4004295420781157,0.07784860559682465
I0405.AG,Spain,Spain_MLN.AG,5700.0,0.2740401029586792,-1.1358956135510365,-2.4379111162459592,0.02246547570850084
I0407.AG,Spain,Spain_MLN.AG,5700.0,0.4670996963977813,-1.15850532831248,-2.376352304928952,0.010406572997567616
I0409.AG,Spain,Spain_EN.AG,7210.0,0.4343903958797455,-1.1375669157748967,-2.3939500441349058,0.0743539755461353
I0411.AG,Spain,Spain_EN_father.or.son.I0410.AG,7107.0,0.0651980116963386,-1.0648593037316583,-2.295966887778459,0.12284965019988792
I0447.AG,Hungary,Hungary_LN_Tisza.AG,6700.0,0.0586344189941883,1.6693533334730775,0.05021138167623373,-0.10910616891633701
I0449.AG,Hungary,Hungary_LN_Tisza.AG,6700.0,0.8038220405578613,1.6953681074257,-0.1268340989164708,-0.12037009806985322
I0458.AG,Spain,Spain_C_father.or.son.I0460.AG,4270.0,0.1127319857478141,-1.1445047500616254,-2.351562573141439,0.0528287689067033
I0459.AG,Spain,Spain_C.AG,4350.0,0.4576869904994964,-1.2228608045914195,-2.369157781904159,0.06230586406726238
I0460.AG,Spain,Spain_C.AG,4287.0,0.2931064069271087,-1.1690406023158915,-2.3880357048229115,0.08797418999379637
I0461.AG,Spain,Spain_C_oSteppe.AG,4241.0,0.6184566020965576,-1.1482808330198073,-2.4085232937464096,0.08120862028710513
I0531.AG,UnitedKingdom,England_EarlyMedieval_Saxon.AG,1250.0,0.1633689254522323,-1.4994054536059513,0.12196107315128185,-0.6122233385701772
I0550.AG,Germany,Germany_LN_Karsdorf.AG,4469.0,0.1398274004459381,-0.3493121330077714,-0.17823039181138703,0.1415053414636311
I0551.AG,Germany,Germany_MN_Salzmuende.AG,5163.0,0.0884662196040153,-0.3106045558294701,-0.11687336005349834,0.048986980017584406
I0559.AG,Germany,Germany_MN_Baalberge.AG,5530.0,0.1495442390441894,-0.3046955832446807,-0.2978913538479383,0.06843388517880816
I0560.AG,Germany,Germany_MN_Baalberge.AG,5471.0,0.3266607820987701,-0.34109871726476276,-0.1904415620673023,0.11661436169248453
I0633.AG,Serbia,Serbia_EN.AG,7424.0,0.5378953814506531,0.39650897960783177,0.129881605428546,0.8254600028046422
I0634.AG,Serbia,Serbia_EN.AG,6560.0,0.7489896416664124,0.35307338330874966,0.12136448909530614,0.8486571660416345
I0644.AG,Israel,Israel_C.AG,5950.0,0.5154309272766113,1.4434022480196056,-1.0285517809431524,0.970002610731361
I0676.AG,NorthMacedonia,NorthMacedonia_N.AG,7792.0,0.7238147258758545,1.341681452280684,-0.6472689858636218,-0.3046264508272974
I0707.AG,Turkey,Turkey_Marmara_Barcin_N.AG,8096.0,0.8399959802627563,1.4363463691557645,-0.5702745524259354,0.5008157347525858
I0708.AG,Turkey,Turkey_Marmara_Barcin_N.AG,8101.0,0.8258242011070251,1.4183466751378007,-0.621092566733047,0.5504973713728845
I0709.AG,Turkey,Turkey_Marmara_Barcin_N.AG,8085.0,0.831267774105072,1.437317105235002,-0.5631080577541759,0.5197154972468335
I0736.AG,Turkey,Turkey_Marmara_Barcin_N.AG,8300.0,0.6797511577606201,1.4604799849353312,-0.5785665828597696,0.5568212859870875
I0739.AG,Romania,Romania_N.AG,6722.0,0.4804791212081909,1.262688150014968,0.4346772047590522,0.1904996740555494
I0744.AG,Turkey,Turkey_Marmara_Barcin_N.AG,8270.0,0.7465776801109314,1.4106936028388157,-0.5694850878665875,0.5136646766734704
I0745.AG,Turkey,Turkey_Marmara_Barcin_N.AG,8243.0,0.8390990495681763,1.4428891905372363,-0.6037775667524605,0.5253445165864725
I0746.AG,Turkey,Turkey_Marmara_Barcin_N.AG,7928.0,0.8454963564872742,1.4592577956670472,-0.572137636051918,0.5452819413380021
I0769.AG,UnitedKingdom,England_EarlyMedieval_Saxon.AG,1449.0,0.7345972657203674,-1.4544592399441918,0.055005227576899504,-0.6461238399475685
I0773.AG,UnitedKingdom,England_EarlyMedieval_Saxon.AG,1479.0,0.7160159945487976,-1.491281069849443,0.1568465065707843,-0.5739000525963502
I0774.AG,UnitedKingdom,England_EarlyMedieval_Saxon.AG,1469.0,0.8874788880348206,-1.4743039410490681,0.09798649373687088,-0.5374057128416869
I0777.AG,UnitedKingdom,England_EarlyMedieval_Saxon.AG,1465.0,0.8831958770751953,-1.5031405332662358,0.06874524382133029,-0.6333755564556286
I0781.AG,Bulgaria,Bulgaria_Chalcolithic.AG,6404.0,0.4005829691886902,1.2748088857055284,-0.3137627744666488,0.43830461295470974
I0785.AG,Bulgaria,Bulgaria_Chalcolithic.AG,6353.0,0.0666051357984542,1.3140257506914892,-0.3066851462977793,0.44203024840933086
I0791.AG,UnitedKingdom,England_EarlyMedieval_Saxon.AG,1175.0,0.3155603408813476,-1.5060772910508053,0.07446882419990651,-0.6062448151625812
I0795.AG,Germany,Germany_EN_LBK.AG,7071.0,0.0911936834454536,-0.34208557125149935,-0.2159446753513429,0.12856705417779274
I0797.AG,Germany,Germany_EN_LBK.AG,7125.0,0.0814135745167732,-0.34180234204965815,-0.22182292548129323,0.13496973332109716
I0803.AG,Germany,Germany_EBA_Unetice.AG,3977.0,0.1896151900291443,-0.33123354929621707,-0.1617359668246218,0.09227730045094215
I0804.AG,Germany,Germany_EBA_Unetice.AG,4010.0,0.0528623796999454,-0.40191692911006305,-0.27154237819430976,0.10544297244244494
I0805.AG,Germany,Germany_BellBeaker_contam.AG,4252.0,0.1958454549312591,-0.37111632782971654,-0.2023536445027185,0.14787861851349068
I0806.AG,Germany,Germany_BellBeaker.AG,4217.0,0.121315024793148,-0.3658415371706475,-0.1916179065084754,0.08592501820115536
I0807.AG,Germany,Germany_MN_Baalberge.AG,5799.0,0.0795125439763069,-0.34491429982266103,-0.2518406564837864,0.089855985903031
I0823.AG,Spain,Spain_C.AG,4500.0,0.0529670007526874,-1.1548126995140635,-2.39573133732625,0.07973186472028723
I0826.AG,Spain,Spain_C.AG,4522.0,0.0980078876018524,-1.1585469775631452,-2.4058679906930713,0.08317076657676654
I0840.AG,Portugal,Portugal_C.AG,4243.0,0.1173183098435401,-1.1213033267668253,-1.3628282877511357,0.240085422305785
I0843.AG,Spain,Spain_Mesolithic_brother.I0585.AG,7858.0,0.865922749042511,-1.1127586363473454,-2.252657475297137,0.07942196187325493
I0867.AG,Israel,Israel_PPNB.AG,8700.0,0.6417710185050964,1.4399185143117725,-1.0196093346005375,0.9576718634763915
I0963.AG,Russia,Russia_HG.AG,6950.0,0.0591121092438697,-0.1552353310418617,0.754578977009234,-0.08814365289669158
I1096.AG,Turkey,Turkey_Marmara_Barcin_N.AG,8300.0,0.6457880139350891,1.461379946102785,-0.5853689852406426,0.49798662990725534
I1097.AG,Turkey,Turkey_Marmara_Barcin_N.AG,8282.0,0.6429769992828369,1.4093574772638655,-0.5819539524450776,0.5403945773966079
I1098.AG,Turkey,Turkey_Marmara_Barcin_N.AG,8282.0,0.6694625020027161,1.3902700317645467,-0.6121180832228672,0.5549646110599579
I1099.AG,Turkey,Turkey_Marmara_Barcin_N.AG,8300.0,0.4665092825889587,1.4383761827426105,-0.5680576966864909,0.4995510681202626
I1100.AG,Turkey,Turkey_Marmara_Barcin_N.AG,8300.0,0.2571083903312683,1.4412054008845965,-0.6191580410625054,0.5633106062426596
I1101.AG,Turkey,Turkey_Marmara_Barcin_N.AG,8300.0,0.5673111081123352,1.4609297177955811,-0.5741195017241851,0.5440269726467146
I1102.AG,Turkey,Turkey_Marmara_Barcin_N.AG,8300.0,0.3557140231132507,1.4290347226113076,-0.5719752658074065,0.5000397668982144
I1103.AG,Turkey,Turkey_Marmara_Barcin_N.AG,8300.0,0.5199815630912781,1.434356847447825,-0.5857245304859471,0.5400644400336458
I1131.AG,Serbia,Serbia_EN.AG,6482.0,0.6606305241584778,0.34774607018729053,0.12853473554085126,0.8345043836492299
I1152.AG,Israel,Israel_C.AG,5950.0,0.5131170749664307,1.4421106717551728,-1.0260504265129202,0.9614852839966129
I1155.AG,Israel,Israel_C.AG,5950.0,0.0797128677368164,1.43584099678433,-1.0087376887590116,0.9586930021267652
I1164.AG,Israel,Israel_C.AG,5950.0,0.2733012437820434,1.4398208576468408,-1.0145511382483785,0.9654624552513651
I1165.AG,Israel,Israel_C.AG,5950.0,0.3876041769981384,1.4435276537265442,-1.0170037886382952,0.9538269355245984
I1168.AG,Israel,Israel_C.AG,5950.0,0.4717233180999756,1.4382932321641526,-1.0183494208816657,0.9651057458724646
I1170.AG,Israel,Israel_C.AG,5950.0,0.4015026688575744,1.4349319606298951,-1.01635692886956,0.9707192616987681
I1171.AG,Israel,Israel_C.AG,5950.0,0.193538099527359,1.4361396396512356,-1.0131662044871297,0.9706780439466327
I1172.AG,Israel,Israel_C.AG,5950.0,0.1052146255970001,1.4218199394708844,-1.0145220498880632,0.9530914942917458
I1177.AG,Israel,Israel_C.AG,5950.0,0.0780340507626533,1.4556417444699816,-1.0310049194754503,0.9716938229721936
I1178.AG,Israel,Israel_C.AG,5950.0,0.6129351258277893,1.4426731725826838,-1.017543790914446,0.9502270781019623
I1179.AG,Israel,Israel_C.AG,5950.0,0.3476638197898865,1.4353328390820879,-1.0300140784210186,0.9744513360688497
I1180.AG,Israel,Israel_C_1d.rel.I1179.AG,5950.0,0.077305756509304,1.4477200420767424,-1.0238152428954264,0.9610404809846111
I1181.AG,Israel,Israel_C.AG,5950.0,0.0809123665094375,1.4488564220805116,-1.0169367165493413,0.9543167615675
I1182.AG,Israel,Israel_C.AG,5950.0,0.3667860627174377,1.4514168772211398,-1.0405660123792213,0.9830883995850227
I1184.AG,Israel,Israel_C.AG,5950.0,0.2837447822093963,1.4409486004421688,-1.0271915948965504,0.9655702456600265
I1187.AG,Israel,Israel_C.AG,5950.0,0.1065219938755035,1.4373453168922008,-1.0391449187006563,0.9710044543329722
I1271.AG,Spain,Spain_C.AG,4550.0,0.2037326395511627,-1.1072947330931244,-2.313736615311126,0.08768710625314946
I1272.AG,Spain,Spain_C.AG,4595.0,0.5010247230529785,-1.1275201356530449,-2.390601733614655,0.10877038855288526
I1274.AG,Spain,Spain_C_brother.I1277.AG,4550.0,0.1332313567399978,-1.0870624192224205,-2.387318712030256,0.06617723296217196
I1276.AG,Spain,Spain_C.AG,4550.0,0.0997548252344131,-1.1065533578250437,-2.3726388026658625,0.08445007873641935
I1277.AG,Spain,Spain_C.AG,4403.0,0.47305828332901,-1.1507636569697446,-2.357120904861054,0.06971927788887418
I1280.AG,Spain,Spain_C.AG,4550.0,0.177234947681427,-1.149990889560831,-2.4089042111791152,0.0658736485025858
I1281.AG,Spain,Spain_C.AG,4653.0,0.5390819311141968,-1.1318594977455703,-2.3402861898077507,0.07286075103707233
I1282.AG,Spain,Spain_C.AG,4550.0,0.0586206316947937,-1.093176575356438,-2.3654910136637994,0.05008657424113014
I1284.AG,Spain,Spain_C.AG,4550.0,0.1066112071275711,-1.16997920081714,-2.3319232806727865,0.17315577264020404
I1298.AG,Bulgaria,Bulgaria_N.AG,7883.0,0.0847630947828292,1.3040677454147,-0.31201717582234645,0.4279839015546713
I1300.AG,Spain,Spain_C.AG,4550.0,0.6676036715507507,-1.1388303182145454,-2.4045957854378948,0.07598066900318452
I1302.AG,Spain,Spain_C_father.or.son.I1314.AG,4550.0,0.0610626153647899,-1.186945893740467,-2.390338645015955,0.04206292208019572
I1303.AG,Spain,Spain_C.AG,4550.0,0.3922140300273895,-1.17053107053717,-2.382380556177588,0.085848365655014
I1310.AG,Spain,Spain_EBA.AG,3650.0,0.3627001643180847,-1.1843629926419215,-2.3914189864348856,0.08507904645052002
I1314.AG,Spain,Spain_C.AG,4550.0,0.1893483698368072,-1.1206264907084185,-2.3889007902988975,0.11735297054216051
I1381.AG,France,France_BellBeaker.AG,4250.0,0.5894657969474792,-0.984532823640307,-0.752557760198392,-0.017354813933617173
I1382.AG,France,France_BellBeaker.AG,4195.0,0.5183749198913574,-0.9903059744747913,-0.8729186344815626,-0.037852444044441824
I1388.AG,France,France_BellBeaker_LowSteppe.AG,4198.0,0.3236454129219055,-1.020607587964259,-0.861822353253726,-0.015278306548676146
I1389.AG,France,France_BellBeaker_1d.rel.I1390.AG,4361.0,0.0846406295895576,-1.0105674381338503,-0.7897796833887306,0.004350189980584731
I1390.AG,France,France_BellBeaker.AG,4331.0,0.3870559334754944,-1.0062497892351212,-0.7937179296480655,-0.045009262963622426
I1391.AG,France,France_BellBeaker.AG,4179.0,0.0764412060379982,-0.9897582091586572,-0.8526480380777843,-0.03518789338999708
I1495.AG,Hungary,Hungary_LN_Lengyel.AG,6367.0,0.703943133354187,1.6124695683939785,0.14970945596604074,-0.035272161036716536
I1496.AG,Hungary,Hungary_MN_LBK.AG,7040.0,0.6893763542175293,1.5709625999758545,0.08447533773692804,-0.1041661043199855
I1497.AG,Hungary,Hungary_LateC_Baden.AG,5019.0,0.695500373840332,1.7343587374001128,0.06670687177875799,-0.03899566019571302
I1498.AG,Hungary,Hungary_MN_AVK.AG,7094.0,0.691763162612915,1.671962613624767,0.028912817417910953,-0.1729404284834342
I1499.AG,Hungary,Hungary_MN_AVK_Bukk.AG,7077.0,0.6991418600082397,1.7263819878194395,-0.011377523951061855,0.008643939694847183
I1500.AG,Hungary,Hungary_MN_AVK.AG,7058.0,0.7045262455940247,1.664936775846899,0.1156807542059296,-0.17616389729704032
I1502.AG,Hungary,Hungary_EBA_Mako.AG,4026.0,0.6795240640640259,1.6131191770083213,0.09851930004986943,-0.13958579327287254
I1504.AG,Hungary,Hungary_LBA_EIA_Piliny_Kyjatice.AG,2858.0,0.5847845673561096,1.6607264165297575,0.040878684189120204,-0.13339132043399812
I1505.AG,Hungary,Hungary_MN_AVK.AG,7057.0,0.6587116122245789,1.5893879015827836,0.08216047229503046,-0.10548974141671089
I1506.AG,Hungary,Hungary_MN_AVK.AG,7146.0,0.6047267913818359,1.6254696888196398,0.08791166607360601,-0.09888690063708672
I1507.AG,Hungary,Hungary_EN_Koros_oMesolithic.AG,7661.0,0.6799108982086182,1.4506817452970682,0.09110423326432981,-0.05776330492855806
I1508.AG,Hungary,Hungary_EN_Koros_o.AG,7591.0,0.4907150268554687,1.6155144243329,-0.003523366325768102,-0.061116896935579264
I1532.AG,Germany,Germany_CordedWare.AG,4225.0,0.4004532098770141,-0.3641426279677011,-0.13218574400508465,0.10707095143176709
I1536.AG,Germany,Germany_CordedWare.AG,4225.0,0.0991019532084465,-0.35989505962779006,-0.1994490021919544,0.11476014171896808
I1538.AG,Germany,Germany_CordedWare.AG,4225.0,0.1173556149005889,-0.4187930555796198,-0.19060721330753638,0.14694583911003065
I1539.AG,Germany,Germany_CordedWare.AG,4420.0,0.1215713024139404,-0.3709803274805486,-0.20987105755359445,0.09054070590094365
I1540.AG,Germany,Germany_CordedWare_o.AG,4225.0,0.2459909170866012,-0.37517875941312095,-0.18226288844271712,0.0820433848431632
I1541.AG,Germany,Germany_CordedWare_father.or.son.I1538_father.or.son.I1540.AG,4225.0,0.2397022545337677,-0.37188948826645685,-0.15401788067246497,0.09473013741500484
I1542.AG,Germany,Germany_CordedWare.AG,4225.0,0.0660171434283256,-0.3797996211643965,-0.24089837841222458,0.1412455041463504
I1544.AG,Germany,Germany_CordedWare.AG,4225.0,0.1009673029184341,-0.3636275608490098,-0.14225312148370325,0.09766414360969959
I1546.AG,Germany,Germany_BellBeaker.AG,4225.0,0.1318096369504928,-0.43983996547449095,-0.18713745940213597,0.17809815846302401
I1549.AG,Germany,Germany_BellBeaker.AG,4225.0,0.6698136925697327,-0.39104864360672065,-0.197341288443958,0.13234527123385667
I1732.AG,Ukraine,Ukraine_N.AG,7218.0,0.6309390068054199,-0.08655969658440542,1.3654916590937343,0.7990765756046392
I1734.AG,Ukraine,Ukraine_Mesolithic.AG,8100.0,0.6518698334693909,-0.08134178163751409,1.3618119692619257,0.8017969367359524
I1736.AG,Ukraine,Ukraine_Mesolithic.AG,8110.0,0.5633176565170288,-0.0927548079263227,1.3474961354578183,0.7883213190599915
I1738.AG,Ukraine,Ukraine_N.AG,7348.0,0.6199439764022827,-0.06339341503785448,1.3539506785969808,0.8233499454500107
I0047.AG,Germany,Germany_EBA_Unetice.AG,3923.0,0.6831339001655579,-0.3762255254357521,-0.1904638872655222,0.13271823911263694
I0099.AG,Germany,Germany_LBA_Halberstadt.AG,3024.0,0.809198260307312,-0.3330319805715433,-0.19528817686731245,0.10977747893739512
I0723.AG,Turkey,Turkey_Marmara_Mentese_N.AG,7870.0,0.3615014553070068,1.4490153673506996,-0.585973435310832,0.5537707455611343
I0854.AG,Turkey,Turkey_Marmara_Barcin_N_sister.of.I0736.AG,8104.0,0.6040877103805542,1.4503136869524882,-0.5922873493109195,0.5483186367727904
I1579.AG,Turkey,Turkey_Marmara_Barcin_N.AG,8072.0,0.6988466382026672,1.4441828999696091,-0.5518669095395103,0.42241157686975017
I1585.AG,Turkey,Turkey_Marmara_Barcin_N.AG,8021.0,0.7024516463279724,1.420051444527473,-0.5740908162404954,0.4837486597289897
ORD006.SG,Italy,Italy_Ordona_Daunian.SG,2576.0,0.107487104833126,-0.07206719759299006,-0.6924229588859476,0.1481964776779035
ORD009.SG,Italy,Italy_Ordona_Daunian.SG,2497.0,0.6133252382278442,-0.0637480858488414,-0.6346074958088851,0.22881242358028478
ORD010.SG,Italy,Italy_Ordona_Medieval.SG,870.0,0.5914138555526733,-0.09284537583321777,-0.6876534808574347,0.1918484609621126
ORD011.SG,Italy,Italy_Ordona_Daunian_possible.SG,1750.0,0.0909974202513694,-0.04701325327892079,-0.7010013012401703,0.2504860450678988
ORD014.SG,Italy,Italy_Ordona_Daunian.SG,2507.0,0.1060280799865722,-0.05110617580290035,-0.7294862685406993,0.2128509187840069
SAL003.SG,Italy,Italy_Salapia_Daunian.SG,2289.0,0.1057401672005653,-0.10721219483515608,-0.6938710349662447,0.19794351168548122
SGR002.SG,Italy,Italy_SanGiovanni_IA.SG,2541.0,0.0895813778042793,-0.07495958928955405,-0.7425976761462574,0.20847720437979866
SGR003.SG,Italy,Italy_SanGiovanni_IA.SG,2225.0,0.0504244491457939,-0.058493178536168255,-0.7366895576529293,0.230928071033734
ADN001.AG,Germany,Germany_Anderten_Medieval_Saxon_father.ADN005.ADN003.ADN009.AG,1150.0,0.6756401062011719,-0.34725494878219176,-0.21556175416303022,0.10995219208573363
ADN002.AG,Germany,Germany_Anderten_Medieval_Saxon.AG,1150.0,0.6628770232200623,-0.3865236855061272,-0.19407265552934952,0.10328694122290435
ADN003.AG,Germany,Germany_Anderten_Medieval_Saxon_daughter.ADN001.sister.ADN005.ADN009.AG,1150.0,0.654595673084259,-0.38302937447203367,-0.202990845394305,0.11533626843532355
ADN004.AG,Germany,Germany_Anderten_Medieval_Saxon.AG,1150.0,0.2115809023380279,-0.4029284276998616,-0.19584272653919102,0.08675630340504004
ADN005.AG,Germany,Germany_Anderten_Medieval_Saxon.AG,1150.0,0.7183314561843872,-0.382758388094163,-0.21688294149011783,0.100319444448926
ADN006.AG,Germany,Germany_Anderten_Medieval_Saxon.AG,1150.0,0.7161781787872314,-0.35035555831364784,-0.2313462213929463,0.15550432719721724
ADN007.AG,Germany,Germany_Anderten_Medieval_Saxon.AG,1150.0,0.7030518054962158,-0.3782982726162705,-0.20293040732883225,0.1387250414726265
ADN008.AG,Germany,Germany_Anderten_Medieval_Saxon.AG,1150.0,0.736941933631897,-0.31108923809865474,-0.2228136338619196,0.12554435392825977
ADN011.AG,Germany,Germany_Anderten_Medieval_Saxon.AG,1150.0,0.64869225025177,-0.35368024245634805,-0.23884833109073153,0.13043342299866645
ADN013.AG,Germany,Germany_Anderten_Medieval_Saxon_father.ADN011.AG,1150.0,0.6430345773696899,-0.33545063244265755,-0.19514314574063776,0.10406959202992663
ADN014.AG,Germany,Germany_Anderten_Medieval_Saxon.AG,1150.0,0.7070915102958679,-0.373870774883625,-0.22243004995864757,0.08542791103625759
ADN015.AG,Germany,Germany_Anderten_Medieval_Saxon.AG,1150.0,0.7340822815895081,-0.3336582623182396,-0.21463938864434776,0.14132935957297368
DRU001.A.AG,Germany,Germany_Drantum_Medieval_Saxon.AG,1200.0,0.5333163738250732,-0.34284297472547254,-0.21400548422966514,0.13666523503426145
DRU002.A.AG,Germany,Germany_Drantum_Medieval_Saxon.AG,1200.0,0.4013250470161438,-0.3536239847054033,-0.22870222743173377,0.12987861847143545
DRU003.A.AG,Germany,Germany_Drantum_Medieval_Saxon.AG,1200.0,0.5828892588615417,-0.344949280247303,-0.16520265677986015,0.12770574977856067
DRU004.A.AG,Germany,Germany_Drantum_Medieval_Saxon.AG,1200.0,0.4404470920562744,-0.4358869794588702,-0.16188127622478513,0.05229180174274383
DRU005.A.AG,Germany,Germany_Drantum_Medieval_Saxon.AG,1200.0,0.2225175201892852,-0.3199751896248657,-0.2065239801499626,0.1448083729167407
DRU006.A.AG,Germany,Germany_Drantum_Medieval_Saxon.AG,1200.0,0.6745695471763611,-0.36512152234759954,-0.18743415679295555,0.10108511127302976
DRU007.A.AG,Germany,Germany_Drantum_Medieval_Saxon.AG,1200.0,0.4469263553619385,-0.3170952516293614,-0.16358759192142316,0.1175323134848279
DRU009.A.AG,Germany,Germany_Drantum_Medieval_Saxon.AG,1200.0,0.3377434015274048,-0.41842376622881167,-0.16648038942861845,0.1133414432924188
DRU011.A.AG,Germany,Germany_Drantum_Medieval_Saxon.AG,1200.0,0.372944176197052,-0.3616497087791793,-0.22090909561686717,0.1676666635442382
DRU012.A.AG,Germany,Germany_Drantum_Medieval_Saxon.AG,1200.0,0.4060695171356201,-0.41901471921904865,-0.19164414672646893,0.10100750466927076
DRU013.A.AG,Germany,Germany_Drantum_Medieval_Saxon.AG,1200.0,0.6218344569206238,-0.37356260825269366,-0.212176650352319,0.14589315171330114
DRU014.A.AG,Germany,Germany_Drantum_Medieval_Saxon_father.DRU006.A.AG,1200.0,0.6342512369155884,-0.34746949950417444,-0.2392377765504952,0.11993666363126827
DRU015.A.AG,Germany,Germany_Drantum_Medieval_Saxon.AG,1200.0,0.5720572471618652,-0.40272214858440397,-0.2082570213989156,0.1682821513470662
DRU016.A.AG,Germany,Germany_Drantum_Medieval_Saxon.AG,1200.0,0.5690159201622009,-0.35556196558741965,-0.21242125863709818,0.10383812210152672
DRU017.A.AG,Germany,Germany_Drantum_Medieval_Saxon.AG,1200.0,0.6689394116401672,-0.36859255338085734,-0.20988434181961693,0.14299795975380009
DRU018.A.AG,Germany,Germany_Drantum_Medieval_Saxon.AG,1200.0,0.6691226959228516,-0.39494443985365046,-0.21520296224080576,0.11155818837348555
DUN002.A.AG,Germany,Germany_Dunum_Medieval_Saxon.AG,1050.0,0.4614468812942505,-0.3625141872086006,-0.27558923848309935,0.17794037616743877
DUN005.A.AG,Germany,Germany_Dunum_Medieval_Saxon.AG,1050.0,0.2849329113960266,-0.4044434653078517,-0.18953547264937812,0.14403217279931002
DUN006.A.AG,Germany,Germany_Dunum_Medieval_Saxon.AG,1050.0,0.356476366519928,-0.5032438939637119,-0.23264029489101257,0.09382244043869037
DUN007.A.AG,Germany,Germany_Dunum_Medieval_Saxon.AG,1050.0,0.5128048062324524,-0.3422934028969858,-0.23392790832319094,0.11646839952932726
DUN009.A.AG,Germany,Germany_Dunum_Medieval_Saxon.AG,1050.0,0.181144893169403,-0.45901901045932875,-0.16742518784625618,0.14393802246993564
DUN010.A.AG,Germany,Germany_Dunum_Medieval_Saxon.AG,1050.0,0.39543217420578,-0.3811252730897581,-0.22655296384935822,0.11850631191245706
DUN011.A.AG,Germany,Germany_Dunum_Medieval_Saxon.AG,1050.0,0.6629118919372559,-0.3542743851894513,-0.248880789957654,0.05716436218568533
DUN012.A.AG,Germany,Germany_Dunum_Medieval_Saxon.AG,1050.0,0.1346036046743393,-0.3607911627851357,-0.24345405804044032,0.12938866775842459
DUN013.A.AG,Germany,Germany_Dunum_Medieval_Saxon.AG,1050.0,0.260049968957901,-0.37745838560965195,-0.21423380376710627,0.06668542702881328
EAS006.AG,UnitedKingdom,England_Saxon.AG,1200.0,0.6098013520240784,-1.427379129815938,0.04228592446761265,-0.5993419622564228
GRO001.A.AG,Netherlands,Netherlands_Groningen_Medieval_Saxon_oAfrica2.AG,900.0,0.5947650074958801,-1.248448369889759,0.14426641114560101,0.5714658285476655
GRO002.A.AG,Netherlands,Netherlands_Groningen_Medieval_Saxon.AG,1000.0,0.6443573832511902,-1.286185188126579,0.11709651574625524,0.5776857612573213
GRO004.A.AG,Netherlands,Netherlands_Groningen_Medieval_Saxon.AG,950.0,0.1571694761514663,-1.2543261964255907,0.11025374564989036,0.5781256171831745
GRO005.A.AG,Netherlands,Netherlands_Groningen_Medieval_Saxon_oAfrica1.AG,900.0,0.6502478122711182,-1.2839900189176174,0.11207334705298021,0.6098592931530906
GRO006.A.AG,Netherlands,Netherlands_Groningen_Medieval_Saxon_oAfrica1.AG,950.0,0.2527564465999603,-1.2519636681585908,0.11731316146533162,0.59413923133123
GRO014.A.AG,Netherlands,Netherlands_Groningen_Medieval_Saxon.AG,1075.0,0.780616283416748,-1.2539941483018633,0.14298816401005068,0.586580158688869
GRO015.A.AG,Netherlands,Netherlands_Groningen_Medieval_Saxon.AG,950.0,0.7084726691246033,-1.265129717515634,0.13707401467514901,0.57771691520504
GRO016.A.AG,Netherlands,Netherlands_Groningen_Medieval_Saxon_1d.rel.GRO015.A.AG,950.0,0.7013583779335022,-1.2775681534083867,0.13983751947149997,0.5977042976305779
GRO017.A.AG,Netherlands,Netherlands_Groningen_Medieval_Saxon.AG,1050.0,0.6964598298072815,-1.223505982657706,0.14210017796303617,0.5729280329625901
GRO019.A.AG,Netherlands,Netherlands_Groningen_Medieval_Saxon.AG,1000.0,0.3106812238693237,-1.2769182084944848,0.13912031657576907,0.5789309090490157
HAD018.AG,UnitedKingdom,England_Saxon.AG,1200.0,0.6802483201026917,-1.4407060870889203,0.08861765174892619,-0.6416834123149814
HID003.AG,Germany,Germany_EarlyMedieval_Saxon.AG,1550.0,0.2024917751550674,-0.4012251144640834,-0.15723039270843925,0.19065051781842293
HID004.AG,Germany,Germany_EarlyMedieval_Saxon.AG,1550.0,0.6555542945861816,-0.3843809375179527,-0.18735286049808209,0.14197099840788507
IND001.A.AG,Germany,Germany_AltInden_EarlyMedieval_Saxon.AG,1350.0,0.4401908218860626,-0.35450585002876517,-0.17526211237463216,0.19921085376292785
IND002.A.AG,Germany,Germany_AltInden_EarlyMedieval_Saxon.AG,1350.0,0.8154171705245972,-0.35185139017373823,-0.17831567482510816,0.09433384141652552
IND003.A.AG,Germany,Germany_AltInden_EarlyMedieval_Saxon.AG,1350.0,0.5834707617759705,-0.37293059819338126,-0.24444285350064662,0.11578565034997783
IND004.A.AG,Germany,Germany_AltInden_EarlyMedieval_Saxon.AG,1350.0,0.4857507646083832,-0.4118754806295924,-0.23184566381318786,0.1333350746210202
IND005.A.AG,Germany,Germany_AltInden_EarlyMedieval_Saxon.AG,1350.0,0.6937485933303833,-0.36175752715419446,-0.24062580866745575,0.0990185757592835
IND006.A.AG,Germany,Germany_AltInden_EarlyMedieval_Saxon.AG,1350.0,0.4240888059139251,-0.3995101152959207,-0.2595611249310971,0.12084341602533799
IND007.A.AG,Germany,Germany_AltInden_EarlyMedieval_Saxon.AG,1350.0,0.7046551704406738,-0.3704512990304769,-0.22684923348306588,0.11903493123226849
IND008.A.AG,Germany,Germany_AltInden_EarlyMedieval_Saxon_father.or.son.IND001.A.AG,1350.0,0.5830822587013245,-0.35886614209926904,-0.17522217118423214,0.1462896190649528
IND009.A.AG,Germany,Germany_AltInden_EarlyMedieval_Saxon_oLevant.AG,1350.0,0.6277646422386169,-0.33875207866543133,-0.18717193991469316,0.10969487591746951
IND010.A.AG,Germany,Germany_AltInden_EarlyMedieval_Saxon.AG,1350.0,0.575021505355835,-0.31691362430967984,-0.21436720452431202,0.0740942278092485
IND011.A.AG,Germany,Germany_AltInden_EarlyMedieval_Saxon.AG,1350.0,0.1971349865198135,-0.3556494569772761,-0.25310292418231156,0.11884199866895723
IND012.A.AG,Germany,Germany_AltInden_EarlyMedieval_Saxon.AG,1350.0,0.7423879504203796,-0.35440866600600907,-0.220456471940472,0.08638068601448366
IND013.A.AG,Germany,Germany_AltInden_EarlyMedieval_Saxon.AG,1350.0,0.7324756383895874,-0.400531715679141,-0.14254334568568722,0.11533518316745464
IND014.A.AG,Germany,Germany_AltInden_EarlyMedieval_Saxon.AG,1350.0,0.5160853862762451,-0.4006643652631725,-0.2538414858217678,0.13814039722206703
IND015.A.AG,Germany,Germany_AltInden_EarlyMedieval_Saxon.AG,1350.0,0.1689771264791488,-0.3359898379230654,-0.2445155275743313,0.1263791693611481
IND016.A.AG,Germany,Germany_AltInden_EarlyMedieval_Saxon.AG,1350.0,0.1038707643747329,-0.3783010700877941,-0.17112972066025026,0.17911684337909844
IND017.A.AG,Germany,Germany_AltInden_EarlyMedieval_Saxon.AG,1350.0,0.54686039686203,-0.4074056365893322,-0.20963232067299298,0.10045994425398956
ISS001.AG,Germany,Germany_Issendorf_EarlyMedieval_Saxon.AG,1550.0,0.1094076037406921,-0.3734093087457118,-0.2121898840684859,0.06502498845743998
ISS002.AG,Germany,Germany_Issendorf_EarlyMedieval_Saxon.AG,1550.0,0.268226683139801,-0.37091342001559563,-0.145996208430696,0.12145021863580617
KIL001.B.AG,Ireland,Ireland_Kilteasheen_EarlyMedieval_AngloSaxon_Norman.AG,950.0,0.7590463161468506,-1.5961524186077685,-0.04839461269845615,0.0016789826553252139
KIL002.B.AG,Ireland,Ireland_Kilteasheen_EarlyMedieval_AngloSaxon_Norman.AG,950.0,0.1251479089260101,-1.5765724423726313,-0.0546901007013888,0.010357440877501024
KIL003.B.AG,Ireland,Ireland_Kilteasheen_EarlyMedieval_AngloSaxon_Norman.AG,950.0,0.7073794007301331,-1.6143715708051154,-0.05013696316623351,-0.008011704023569856
KIL004.B.AG,Ireland,Ireland_Kilteasheen_EarlyMedieval_AngloSaxon_Norman.AG,950.0,0.7637040615081787,-1.619215586678563,-0.04250702881895262,0.00552596970183953
KIL006.B.AG,Ireland,Ireland_Kilteasheen_EarlyMedieval_AngloSaxon_Norman.AG,950.0,0.8062866926193237,-1.5589638577557725,-0.040328963848910986,0.013344323965505398
KIL007.B.AG,Ireland,Ireland_Kilteasheen_EarlyMedieval_AngloSaxon_Norman.AG,950.0,0.0664956495165824,-1.5996197438324313,-0.05494084434345557,0.018727635777164423
KIL008.B.AG,Ireland,Ireland_Kilteasheen_EarlyMedieval_AngloSaxon_Norman.AG,950.0,0.2052524983882904,-1.6012896344391716,-0.026745269521336004,-0.0005163914739148102
KIL009.B.AG,Ireland,Ireland_Kilteasheen_EarlyMedieval_AngloSaxon_Norman.AG,950.0,0.6369624733924866,-1.590272294718362,-0.08353866473768788,0.012381246372170442
KIL012.A.AG,Ireland,Ireland_Kilteasheen_EarlyMedieval_AngloSaxon_Norman.AG,950.0,0.6834421157836914,-1.591009005599371,-0.06318933595315772,0.00909870836234284
KIL013.B.AG,Ireland,Ireland_Kilteasheen_EarlyMedieval_AngloSaxon_Norman.AG,950.0,0.7457480430603027,-1.6208722022674553,-0.04905076169320431,-0.012444934924567773
KIL014.B.AG,Ireland,Ireland_Kilteasheen_EarlyMedieval_AngloSaxon_Norman.AG,950.0,0.4051003456115722,-1.617824602911256,-0.06290774511567102,0.0056446531434863785
KIL015.B.AG,Ireland,Ireland_Kilteasheen_EarlyMedieval_AngloSaxon_Norman.AG,950.0,0.1593673378229141,-1.613013074655318,-0.07615586325003007,0.004716052321954509
KIL016.B.AG,Ireland,Ireland_Kilteasheen_EarlyMedieval_AngloSaxon_Norman.AG,950.0,0.734413206577301,-1.6232841226151635,-0.0773683160187907,-0.007607563247360287
KIL021.A.AG,Ireland,Ireland_Kilteasheen_EarlyMedieval_AngloSaxon_Norman.AG,950.0,0.162239983677864,-1.605726064761401,-0.04568754708213262,-0.009680643396198507
KIL022.B.AG,Ireland,Ireland_Kilteasheen_EarlyMedieval_AngloSaxon_Norman.AG,950.0,0.6774064898490906,-1.6035653377032029,-0.03188786171173966,0.010729432590079939
KIL023.B.AG,Ireland,Ireland_Kilteasheen_EarlyMedieval_AngloSaxon_Norman.AG,950.0,0.7935528755187988,-1.6227447133060928,-0.03778499594426667,0.0015062525729122363
KIL025.B.AG,Ireland,Ireland_Kilteasheen_EarlyMedieval_AngloSaxon_Norman.AG,950.0,0.8157545924186707,-1.5947461677903025,-0.1025569188071568,0.014986217229384783
KIL026.B.AG,Ireland,Ireland_Kilteasheen_EarlyMedieval_AngloSaxon_Norman.AG,950.0,0.499602198600769,-1.6128528527534636,-0.04823115745465509,-0.0045012503973845186
KIL027.B.AG,Ireland,Ireland_Kilteasheen_EarlyMedieval_AngloSaxon_Norman.AG,950.0,0.7719472646713257,-1.553002228552039,-0.04306634264023387,0.010796906681991772
KIL028.B.AG,Ireland,Ireland_Kilteasheen_EarlyMedieval_AngloSaxon_Norman.AG,950.0,0.567817211151123,-1.6246800166054964,-0.062373478945462725,0.00022364215020663944
KIL030.A.AG,Ireland,Ireland_Kilteasheen_EarlyMedieval_AngloSaxon_Norman_oSteppe.AG,950.0,0.0764225497841835,-1.6174664762212412,-0.046386818318443136,-0.0036568305905569417
KIL031.B.AG,Ireland,Ireland_Kilteasheen_EarlyMedieval_AngloSaxon_Norman.AG,950.0,0.0713528543710708,-1.6173768342531363,-0.05500494414058452,0.0016734709768237218
KIL032.B.AG,Ireland,Ireland_Kilteasheen_EarlyMedieval_AngloSaxon_Norman.AG,950.0,0.4394787549972534,-1.629210252682769,-0.05061304792401998,0.004875319612685984
KIL033.B.AG,Ireland,Ireland_Kilteasheen_EarlyMedieval_AngloSaxon_Norman.AG,950.0,0.8007458448410034,-1.5770837736456256,-0.0699781910463876,0.004685135858333039
KIL034.A.AG,Ireland,Ireland_Kilteasheen_EarlyMedieval_AngloSaxon_Norman.AG,950.0,0.6151703000068665,-1.6034631620901862,-0.058405701457452885,-0.006934728101226072
KIL035.B.AG,Ireland,Ireland_Kilteasheen_EarlyMedieval_AngloSaxon_Norman.AG,950.0,0.6392146944999695,-1.6229904036173168,-0.03198606676194883,0.013121712349179405
KIL037.A.AG,Ireland,Ireland_Kilteasheen_EarlyMedieval_AngloSaxon_Norman.AG,950.0,0.8288655281066895,-1.567587353669905,-0.03966565419226301,0.011653170231925799
KIL038.A.AG,Ireland,Ireland_Kilteasheen_EarlyMedieval_AngloSaxon_Norman.AG,950.0,0.0758499726653099,-1.4990305662467633,-0.07481800592325163,0.03335639764314054
KIL041.B.AG,Ireland,Ireland_Kilteasheen_EarlyMedieval_AngloSaxon_Norman.AG,950.0,0.570112407207489,-1.6264480448499818,-0.05118697798717386,-0.006674037825268382
KIL042.A.AG,Ireland,Ireland_Kilteasheen_EarlyMedieval_AngloSaxon_Norman.AG,950.0,0.7219688892364502,-1.5948033020096406,-0.05192703059271585,0.00837328183918971
KIL043.B.AG,Ireland,Ireland_Kilteasheen_EarlyMedieval_AngloSaxon_Norman.AG,950.0,0.6771250367164612,-1.6075421238070646,-0.06365982337174562,0.0017600366907613056
KIL044.B.AG,Ireland,Ireland_Kilteasheen_EarlyMedieval_AngloSaxon_Norman.AG,950.0,0.7857873439788818,-1.6324235619308063,-0.08521866168969867,-0.011360222039259215
KIL047.B.AG,Ireland,Ireland_Kilteasheen_EarlyMedieval_AngloSaxon_Norman.AG,950.0,0.7236776947975159,-1.5663367856920474,-0.037587383165453445,0.00973396492123154
KPN001.A.AG,Denmark,Denmark_Zealand_Medieval_Saxon.AG,900.0,0.5888080596923828,-0.9129082636584029,0.8583454445401243,0.38980086974446326
KPN002.A.AG,Denmark,Denmark_Zealand_Medieval_Saxon.AG,900.0,0.4765667617321014,-0.8789804635105374,0.8630061162786781,0.4026622369478686
KPN003.A.AG,Denmark,Denmark_Zealand_Medieval_Saxon.AG,900.0,0.7522483468055725,-0.8910737407780966,0.8531041856586045,0.39505481696193295
KPN004.A.AG,Denmark,Denmark_Zealand_Medieval_Saxon.AG,900.0,0.562954306602478,-0.8980626224888045,0.8395821405954627,0.3762768679753835
KPN005.A.AG,Denmark,Denmark_Zealand_Medieval_Saxon.AG,900.0,0.4230944812297821,-0.8700330868687651,0.8130547362093324,0.42425311936648064
KPN006.A.AG,Denmark,Denmark_Zealand_Medieval_Saxon.AG,900.0,0.5215970873832703,-0.8762828274925573,0.845857227801013,0.3793542456385518
KPN007.A.AG,Denmark,Denmark_Zealand_Medieval_Saxon.AG,900.0,0.532180905342102,-0.932275374231752,0.8313696950943926,0.3746010000943738
KPN008.A.AG,Denmark,Denmark_Zealand_Medieval_Saxon.AG,900.0,0.5321022272109985,-0.9583445732821941,0.8589240596989555,0.3901389322195678
KPN009.A.AG,Denmark,Denmark_Zealand_Medieval_Saxon.AG,900.0,0.4342152178287506,-0.9095751527658282,0.8432661142556307,0.37844420938272666
KPN011.A.AG,Denmark,Denmark_Zealand_Medieval_Saxon.AG,900.0,0.7183403372764587,-0.9340476141213294,0.8678406795398491,0.39360115907954
KPN012.A.AG,Denmark,Denmark_Zealand_Medieval_Saxon.AG,900.0,0.7502743005752563,-0.8760334769865873,0.7671588263718789,0.3391861770850779
KPN013.A.AG,Denmark,Denmark_Zealand_Medieval_Saxon.AG,900.0,0.5545578002929688,-0.916596269851025,0.8745230649287117,0.3997965940522832
KPN014.A.AG,Denmark,Denmark_Zealand_Medieval_Saxon.AG,900.0,0.6578511595726013,-0.9352532742399609,0.8487444901389872,0.39467477810817025
KPN015.A.AG,Denmark,Denmark_Zealand_Medieval_Saxon.AG,900.0,0.4509457647800445,-0.922038285976093,0.8158498028371899,0.41912972436478685
LAK001.AG,UnitedKingdom,England_Saxon.AG,1200.0,0.753337562084198,-1.5013369061404653,0.06241225535255149,-0.602901416933219
LAK002.AG,UnitedKingdom,England_Saxon.AG,1200.0,0.7712619304656982,-1.4956547355991832,0.06816503373583715,-0.5901933522529279
LAK003.AG,UnitedKingdom,England_Saxon.AG,1200.0,0.6289106607437134,-1.5132017830055213,0.15914838876904808,-0.5379904368880261
LAK004.AG,UnitedKingdom,England_Saxon.AG,1200.0,0.63802570104599,-1.4299989970970344,0.08408684964911929,-0.5386432268937608
LAK005.AG,UnitedKingdom,England_Saxon.AG,1200.0,0.6715719699859619,-1.4324880648033667,0.22831646397771407,-0.6928944557510494
LAK006.AG,UnitedKingdom,England_Saxon.AG,1200.0,0.7224830389022827,-1.4912390335211725,0.12588800660681576,-0.6075569877401147
LAK007.AG,UnitedKingdom,England_Saxon.AG,1200.0,0.7607032656669617,-1.545346584197178,0.06847027690874488,-0.6052400991467357
LAK008.AG,UnitedKingdom,England_Saxon.AG,1200.0,0.581848680973053,-1.5040924909862672,0.1819036013270063,-0.636509326827181
LAK009.AG,UnitedKingdom,England_Saxon.AG,1200.0,0.7151773571968079,-1.6133307715589642,0.070491757785778,-0.5698340144154874
LAK010.AG,UnitedKingdom,England_Saxon.AG,1200.0,0.6772012710571289,-1.5193251000941714,0.19286367966709353,-0.5267315604827415
LAK011.AG,UnitedKingdom,England_Saxon.AG,1200.0,0.7337335348129272,-1.5217474513878586,0.07045718898233974,-0.5424642782020466
LAK012.AG,UnitedKingdom,England_Saxon.AG,1200.0,0.7444901466369629,-1.494805022020887,0.06263562552468367,-0.6506227411976884
LAK013.AG,UnitedKingdom,England_Saxon.AG,1200.0,0.652921736240387,-1.5877733359980988,0.03571691543076909,-0.6914364696660028
LAK014.AG,UnitedKingdom,England_Saxon.AG,1200.0,0.5850043892860413,-1.429832989286161,0.12378689765396737,-0.5616368483646019
LAK015.AG,UnitedKingdom,England_Saxon.AG,1200.0,0.7490293979644775,-1.4841530416315718,0.140778486579759,-0.5241116925862718
LBU006.AG,Germany,Germany_Liebenau_EarlyMedieval_Saxon.AG,1550.0,0.1658952534198761,-0.3838463659919305,-0.2200507495769649,0.10073902102167158
SED007.AG,UnitedKingdom,England_Norfolk_EarlyMedieval_AngloSaxon.AG,1200.0,0.0679003372788429,-1.4520311554273497,0.09095061822477112,-0.5869405758997553
SED012.AG,UnitedKingdom,England_Saxon.AG,1200.0,0.1783914715051651,-1.4951674483361888,0.07674103846468372,-0.5845459686639379
SED019.AG,UnitedKingdom,England_Saxon.AG,1200.0,0.3711745142936706,-1.5489312710370329,0.14217617804480523,-0.5858209427636903
SRS001.A.AG,Germany,Germany_Schortens_EarlyMedieval_Saxon.AG,1150.0,0.1304617226123809,-0.3797281720473932,-0.23984363492926852,0.16583921554751208
SRS003.A.AG,Germany,Germany_Schortens_EarlyMedieval_Saxon.AG,1150.0,0.4656414687633514,-0.3154339736768481,-0.20088772406489933,0.13953048252014238
SRS004.A.AG,Germany,Germany_Schortens_EarlyMedieval_Saxon.AG,1150.0,0.6259422898292542,-0.3976287913020954,-0.19702551433540602,0.13214019639466268
SWG006.A.AG,Germany,Germany_Schleswig_LateMedieval_Saxon.AG,850.0,0.7440927028656006,-0.34497847358556893,-0.22869244074167494,0.14329066406929603
SWG007.A.AG,Germany,Germany_Schleswig_LateMedieval_Saxon.AG,850.0,0.6802799105644226,-0.33058259565961984,-0.23493599656256867,0.12156476493716233
SWG008.A.AG,Germany,Germany_Schleswig_LateMedieval_Saxon.AG,800.0,0.7588306069374084,-0.34111739028357374,-0.24757367523400572,0.11529142109330741
SWG009.A.AG,Germany,Germany_Schleswig_LateMedieval_Saxon.AG,850.0,0.1848966777324676,-0.3542247667593881,-0.13304446945092183,0.13692449530547476
SWG010.A.AG,Germany,Germany_Schleswig_LateMedieval_Saxon.AG,850.0,0.555145800113678,-0.3922442164040323,-0.23122768795481796,0.1113796114755469
ZET001.A.AG,Germany,Germany_Zetel_EarlyMedieval_Saxon.AG,1200.0,0.0782530307769775,-0.3518148622399604,-0.2249723358557867,0.12772146325033865
GRO007.A.AG,Netherlands,Netherlands_Groningen_Medieval_Saxon.AG,950.0,0.7397018671035767,-1.2623566652087082,0.13571667923474004,0.5700336982542882
GRO008.A.AG,Netherlands,Netherlands_Groningen_Medieval_Saxon.AG,925.0,0.6509104371070862,-1.2413595960114132,0.13652028849673611,0.5721549958606011
GRO010.A.AG,Netherlands,Netherlands_Groningen_Medieval_Saxon.AG,950.0,0.7739164233207703,-1.2661335032981926,0.119350765436311,0.5819974497384068
GRO012.A.AG,Netherlands,Netherlands_Groningen_Medieval_Saxon.AG,1050.0,0.7288974523544312,-1.2631478264529412,0.1612602308026764,0.5612029200648524
GRO013.A.AG,Netherlands,Netherlands_Groningen_Medieval_Saxon.AG,1075.0,0.761247456073761,-1.2693250116388208,0.11234240507641938,0.5571531894549705
GRO020.A.AG,Netherlands,Netherlands_Groningen_Medieval_Saxon.AG,950.0,0.1572586894035339,-1.2675007147404176,0.12853356326227067,0.5711229320382525
GRO021.A.AG,Netherlands,Netherlands_Groningen_Medieval_Saxon.AG,1100.0,0.633955180644989,-1.264896395625905,0.13709152258296153,0.5778703411956029
GRO023.A.AG,Netherlands,Netherlands_Groningen_Medieval_Saxon.AG,1200.0,0.7949551343917847,-1.247385384017394,0.11576315956941743,0.573502266258143
GRO024.A.AG,Netherlands,Netherlands_Groningen_Medieval_Saxon.AG,900.0,0.807985782623291,-1.2651687125053726,0.12805851505106589,0.5892068398997348
HAD009.AG,UnitedKingdom,England_Saxon.AG,1200.0,0.6501399278640747,-1.3767084974985724,0.036556601131029196,-0.5548522733506617
HAD011.AG,UnitedKingdom,England_Saxon.AG,1200.0,0.7320571541786194,-1.4634167575535606,0.12021899571988988,-0.6474639549372603
HAD012.AG,UnitedKingdom,England_Saxon.AG,1200.0,0.7564924359321594,-1.573671305454437,0.08888518290352032,-0.65076056500091
HAD014.AG,UnitedKingdom,England_Saxon.AG,1200.0,0.766386091709137,-1.4821908442550447,0.16820568030232202,-0.6287047923554845
HAD016.AG,UnitedKingdom,England_Saxon.AG,1200.0,0.6366591453552246,-1.4832474380965943,0.09552446152010458,-0.6265299949817081
HAD017.AG,UnitedKingdom,England_Saxon.AG,1200.0,0.7407756447792053,-1.5315950052814025,0.08150860367137527,-0.6129788838705523
MDM001.A.AG,Netherlands,Netherlands_Friesland_Medieval_Saxon.AG,1400.0,0.8276879191398621,-1.2502859298341331,0.13843948660644254,0.5812874160190685
MDM003.A.AG,Netherlands,Netherlands_Friesland_Medieval_Saxon.AG,1500.0,0.6891297698020935,-1.2868778584551261,0.13959041357570365,0.565147021481692
MDM004.A.AG,Netherlands,Netherlands_Friesland_Medieval_Saxon.AG,1350.0,0.6531099081039429,-1.2526180804102756,0.13511691823251715,0.5789654702040236
MDM007.A.AG,Netherlands,Netherlands_Friesland_Medieval_Saxon.AG,1425.0,0.7758855819702148,-1.2618552691578235,0.12877454777748923,0.5938445188807543
OAI008.AG,UnitedKingdom,England_Saxon.AG,1200.0,0.7547681927680969,-1.464278478879509,0.12337692714601096,-0.6036840467658889
OAI009.AG,UnitedKingdom,England_Saxon.AG,1200.0,0.7271764278411865,-1.5164575843566332,0.14601833687302404,-0.6297385505789668
OAI010.AG,UnitedKingdom,England_Saxon.AG,1200.0,0.6892400979995728,-1.4870895233503802,0.18851244587115842,-0.5212068318252187
OAI011.AG,UnitedKingdom,England_Saxon.AG,1200.0,0.7533797025680542,-1.457798364161004,0.05199390711365647,-0.5861141646841217
OAI012.AG,UnitedKingdom,England_Saxon.AG,1200.0,0.7094247937202454,-1.4537652666535277,0.14405439834148517,-0.6048488861158439
OAI013.AG,UnitedKingdom,England_Saxon.AG,1200.0,0.7106502652168274,-1.578525705689964,0.175554955529196,-0.6049443083634047
OAI015.AG,UnitedKingdom,England_Saxon.AG,1200.0,0.665132462978363,-1.415699511021474,0.01125489594777007,-0.683322600318283
OAI016.AG,UnitedKingdom,England_Saxon.AG,1400.0,0.6287240982055664,-1.5785310067692204,0.12610249564446613,-0.5968981905029546
OAI017.AG,UnitedKingdom,England_Saxon.AG,1200.0,0.3348488509654999,-1.5185112704249917,0.05731005110978132,-0.5504421078467914
POH003.AG,UnitedKingdom,England_Saxon.AG,1200.0,0.617298424243927,-1.5054336573817348,0.24089702944236938,-0.5904918526882759
POH004.AG,UnitedKingdom,England_Saxon.AG,1200.0,0.650424599647522,-1.4663336026336447,0.06714166280863494,-0.7016134418792135
POH005.AG,UnitedKingdom,England_Saxon.AG,1200.0,0.5612179040908813,-1.5282455845203429,0.07999024742805723,-0.6855013301766342
POH007.AG,UnitedKingdom,England_Saxon.AG,1200.0,0.5237738490104675,-1.558823580588466,0.05560327038666766,-0.5941731414928968
POH008.AG,UnitedKingdom,England_Saxon.AG,1200.0,0.6498463749885559,-1.4036834631910786,0.06933841126748592,-0.6635534219608806
POH009.AG,UnitedKingdom,England_Saxon.AG,1200.0,0.6234792470932007,-1.4860209204260069,0.09469021689649586,-0.6085590998330245
SED004.AG,UnitedKingdom,England_Saxon.AG,1200.0,0.6118118762969971,-1.582316129566551,0.1748085841708954,-0.6375472173723354
SED006.AG,UnitedKingdom,England_Saxon.AG,1200.0,0.2197203040122985,-1.4882294556606868,0.14908973647209336,-0.7102144110104143
SED013.AG,UnitedKingdom,England_Saxon.AG,1200.0,0.5983002781867981,-1.5015016861808494,0.16427159337994898,-0.6245305893958994
SED014.AG,UnitedKingdom,England_Saxon.AG,1200.0,0.4949753284454345,-1.4543728567554361,0.14527579286477388,-0.49159323099042285
SED015.AG,UnitedKingdom,England_Saxon.AG,1200.0,0.2070732414722442,-1.4266028432771332,0.0899604647424449,-0.5966718469220507
SED018.AG,UnitedKingdom,England_Saxon.AG,1200.0,0.4763088524341583,-1.4793720904619123,0.08543094479630076,-0.5774292112224261
SED020.AG,UnitedKingdom,England_Saxon.AG,1200.0,0.6690951585769653,-1.4066089092734102,0.1819701123786702,-0.5565894216879962
SED021.AG,UnitedKingdom,England_Saxon.AG,1200.0,0.2404443472623825,-1.509688660879882,0.0932822155597704,-0.6448124088259907
SWG001.A.AG,Germany,Germany_Schleswig_LateMedieval_Saxon.AG,800.0,0.7601249814033508,-0.3999471040344274,-0.21043875872600099,0.12912120118024062
SWG002.A.AG,Germany,Germany_Schleswig_LateMedieval_Saxon.AG,775.0,0.8113645315170288,-0.400972635535779,-0.19128520375988314,0.12463785317863658
SWG003.A.AG,Germany,Germany_Schleswig_LateMedieval_Saxon.AG,800.0,0.532339870929718,-0.34585230216634216,-0.226568221355658,0.11479092147023212
SWG004.A.AG,Germany,Germany_Schleswig_LateMedieval_Saxon.AG,850.0,0.6769214868545532,-0.3214745764587123,-0.18421651638931869,0.14681577256198478
SWG005.A.AG,Germany,Germany_Schleswig_LateMedieval_Saxon.AG,850.0,0.6302326321601868,-0.3576426012574244,-0.15196751924976468,0.09851728491795625
SWG011.A.AG,Germany,Germany_Schleswig_LateMedieval_Saxon.AG,850.0,0.4931634962558746,-0.4004030870779212,-0.188977558190737,0.12647635774882027
SWG012.A.AG,Germany,Germany_Schleswig_LateMedieval_Saxon.AG,850.0,0.6637318730354309,-0.3116988067833976,-0.1790158108871012,0.1414574231991764
SWG013.A.AG,Germany,Germany_Schleswig_LateMedieval_Saxon.AG,775.0,0.6605753302574158,-0.372630140666682,-0.20542913615159822,0.11551704897389761
SWG014.A.AG,Germany,Germany_Schleswig_LateMedieval_Saxon.AG,850.0,0.0776325985789299,-0.3384680184182044,-0.16279729145462424,0.14407773509181634
SWG015.A.AG,Germany,Germany_Schleswig_LateMedieval_Saxon.AG,850.0,0.4923297762870788,-0.37329903291715977,-0.17032547231416692,0.1393399147964988
MDM002.SG,Netherlands,Netherlands_Friesland_Medieval_Saxon_oEastMed.SG,1458.0,0.7551777362823486,-1.2781524813590974,0.1451093541898167,0.5823505350393943
MDM006.SG,Netherlands,Netherlands_Friesland_Medieval_Saxon_oEastMed.SG,1483.0,0.4396060705184936,-1.2520677617640485,0.11862098988367294,0.5744235837287767
R1014_oEEF.SG,Italy,Italy_C.SG,7074.0,0.5144179463386536,-0.07845431540449142,-0.7819971794679773,0.19886326000971566
R1015.SG,Italy,Italy_IA_Republic.SG,2800.0,0.5866758823394775,-0.005606533155158525,-0.7122563242693182,0.1773155556939964
R1016.SG,Italy,Italy_IA_Republic.SG,2750.0,0.3654835820198059,-0.04704825887271622,-0.75853124205825,0.20732580405458803
R1021.SG,Italy,Italy_IA_Republic.SG,2600.0,0.4856007099151611,-0.05171030250019791,-0.7917477304102024,0.24381690779041493
R104.SG,Italy,Italy_LateAntiquity_oSardiniaLike.SG,1319.0,0.6202254295349121,-0.07503102519971144,-0.7180713977214473,0.2002210899068506
R105.SG,Italy,Italy_LateAntiquity_oCentralEuropean.SG,1450.0,0.7353563904762268,-0.08533635367196953,-0.7894502615989575,0.16465587295838596
R106.SG,Italy,Italy_LateAntiquity_o2CentralEuropean.SG,1450.0,0.696324348449707,-0.08382406018043868,-0.6536675991495942,0.20165856536673102
R107.SG,Italy,Italy_LateAntiquity.SG,1450.0,0.8104351162910461,-0.10674527673900233,-0.7329682104209873,0.1775883800484704
R108.SG,Italy,Italy_LateAntiquity_oCentralEuropean.SG,1450.0,0.7172300815582275,-0.06336484909425459,-0.6801346770339027,0.15514747418290367
R109.SG,Italy,Italy_LateAntiquity_oCentralEuropean.SG,1450.0,0.4417179822921753,-0.05189595352104779,-0.7044390854978216,0.2214086812514743
R10.SG,Italy,Italy_South_N.SG,7628.0,0.7699707746505737,0.019563763352932948,-0.6400015263143023,0.19046702074548436
R110.SG,Italy,Italy_LateAntiquity_oCentralEuropean.SG,1450.0,0.5559771060943604,-0.11891986738859478,-0.7558543517357881,0.18485948366300003
R111.SG,Italy,Italy_Imperial_o2.SG,1850.0,0.4920921325683594,-0.08797580763424202,-0.7047981188551862,0.1758465833289503
R113.SG,Italy,Italy_Imperial.SG,1850.0,0.5107050538063049,-0.058497658196929585,-0.7260886402843085,0.2085839401491733
R114.SG,Italy,Italy_Imperial.SG,1850.0,0.7328171133995056,-0.1426290740109858,-0.6756104546655093,0.2288674934925978
R115.SG,Italy,Italy_Imperial.SG,1850.0,0.7219510078430176,-0.08845865672981071,-0.7204593635233009,0.24969176050278163
R116.SG,Italy,Italy_Imperial_oCentralEuropean.SG,1850.0,0.6997696161270142,-0.07187489226376391,-0.6987066264454079,0.20119525803766897
R117.SG,Italy,Italy_LateAntiquity.SG,1450.0,0.6669905185699463,-0.08415335996685282,-0.7171524945835378,0.22034915505977845
R118.SG,Italy,Italy_LateAntiquity.SG,1450.0,0.5302085280418396,-0.036803914896223026,-0.7166747590385595,0.19643566043104935
R11.SG,Italy,Italy_Epigravettian.SG,11868.0,0.6551017761230469,-0.19219433115436285,-0.58157516716008,0.19384811142491773
R120.SG,Italy,Italy_LateAntiquity_o.SG,1450.0,0.4560000598430633,-0.05886259694562656,-0.7345925422087467,0.22410706764970045
R1219.SG,Italy,Italy_Medieval_EarlyModern_oCentralEuropean.SG,508.0,0.8283399939537048,0.0061239291030194395,-0.6798673964879657,0.17093353755978297
R121.SG,Italy,Italy_LateAntiquity.SG,1450.0,0.507411539554596,-0.04944603854457032,-0.7214517453636139,0.20471937408281135
R1220.SG,Italy,Italy_Medieval_EarlyModern_oCentralEuropean.SG,465.0,0.6794113516807556,-0.11083521862206674,-0.7246627835491514,0.2327481855710642
R1221.SG,Italy,Italy_Medieval_EarlyModern_oCentralEuropean.SG,465.0,0.7680632472038269,-0.07952031637423994,-0.7251726707101189,0.18435624022037933
R1224.SG,Italy,Italy_Medieval_EarlyModern_oCentralEuropean.SG,465.0,0.6984703540802002,-0.056993037809281,-0.702167508847161,0.19119580673240383
R122.SG,Italy,Italy_LateAntiquity.SG,1450.0,0.7910581827163696,-0.028547155349165087,-0.7069031828070659,0.24429772664431285
R123.SG,Italy,Italy_Imperial.SG,1780.0,0.5390551686286926,-0.0547406657593862,-0.7398511006598065,0.2010305954993822
R125.SG,Italy,Italy_Imperial.SG,1750.0,0.5425238609313965,-0.04288718110269547,-0.7911141651227768,0.1959322464981427
R126.SG,Italy,Italy_Imperial.SG,1650.0,0.6933616995811462,-0.03774599444554743,-0.6677475038394333,0.22485022353750733
R1283.SG,Italy,Italy_Medieval_EarlyModern.SG,1095.0,0.703639805316925,-0.01626491630736205,-0.699851502313705,0.2440539899011677
R1285.SG,Italy,Italy_Medieval_EarlyModern.SG,935.0,0.6824299693107605,-0.025428945527724765,-0.6648364532121763,0.20881518556977574
R1286.SG,Italy,Italy_Medieval_EarlyModern_oCentralEuropean.SG,520.0,0.7068068385124207,-0.07721366273268393,-0.6846952032701595,0.21683513007500993
R1287.SG,Italy,Italy_Medieval_EarlyModern.SG,525.0,0.7286557555198669,-0.07000308442670691,-0.7349580116567976,0.19241026667660072
R1288.SG,Italy,Italy_Medieval_EarlyModern_oCentralEuropean.SG,525.0,0.7211043238639832,-0.12774252621676765,-0.7117727726401244,0.1639570723593177
R1289.SG,Italy,Italy_Medieval_EarlyModern_oIberian.SG,525.0,0.5876304507255554,-0.06692594986811397,-0.7113455541668411,0.17140344507193667
R128.SG,Italy,Italy_Imperial.SG,1750.0,0.6583353281021118,-0.05254924873993748,-0.7286828775022021,0.2167915227096549
R1290.SG,Italy,Italy_Medieval_EarlyModern.SG,602.0,0.7110103368759155,-0.072627628257185,-0.7523102864410753,0.20541306255512262
R130.SG,Italy,Italy_LateAntiquity.SG,1550.0,0.7908772826194763,-0.04727658613462664,-0.7366136811238088,0.19539063597771317
R131.SG,Italy,Italy_Imperial.SG,1850.0,0.4897888302803039,-0.07629560001720273,-0.7263817128622496,0.20805704308006415
R132.SG,Italy,Italy_Imperial_oAfrica.SG,1670.0,0.8168567419052124,-0.04355786952170642,-0.8089510822974753,0.21173476160063553
R133.SG,Italy,Italy_LateAntiquity.SG,1550.0,0.8269937038421631,-0.04694213612421317,-0.739365691767992,0.22570840279331858
R134.SG,Italy,Italy_LateAntiquity.SG,1550.0,0.7305381298065186,-0.06733659084919674,-0.6796358816299566,0.21772476772230442
R136.SG,Italy,Italy_LateAntiquity.SG,1550.0,0.874295711517334,-0.06938023047345133,-0.7343151096974886,0.20310159275181597
R137.SG,Italy,Italy_LateAntiquity.SG,1550.0,0.7730883359909058,-0.06999090812730832,-0.7023273192717567,0.1583063409185356
R1543.SG,Italy,Italy_Imperial.SG,1750.0,0.677560567855835,-0.06129927028512954,-0.6876133994206541,0.24243571287864632
R1544.SG,Italy,Italy_Imperial.SG,1750.0,0.6493856906890869,-0.047341835571371144,-0.7376223660533434,0.18204565975411457
R1545.SG,Italy,Italy_Imperial.SG,1750.0,0.8193814754486084,-0.04884101210824409,-0.7396619629440502,0.22789979027953253
R1547.SG,Italy,Italy_Imperial_oLevant.SG,1814.0,0.5818859934806824,-0.017393674999545077,-0.7140351079353555,0.2203566707179488
R1548.SG,Italy,Italy_Imperial.SG,1814.0,0.632192850112915,-0.05929103918649908,-0.7116881144749704,0.18702279761413937
R1549.SG,Italy,Italy_Imperial.SG,1814.0,0.6872271299362183,-0.09174300962077721,-0.7022031860790175,0.18110976107373053
R1550.SG,Italy,Italy_Imperial_oLevant.SG,1814.0,0.6294175386428833,-0.06613092992013435,-0.7612027418264878,0.2050942414539073
R1551.SG,Italy,Italy_Imperial_oAnatoliaCaucasus.SG,1797.0,0.6077656745910645,-0.013231157853424708,-0.7724027893063972,0.16896256069955012
R15.SG,Italy,Italy_Epigravettian.SG,9086.0,0.9560986161231996,-0.1763097639537178,-0.5429447461318282,0.20557260539936723
R16.SG,Italy,Italy_Central_N.SG,7202.0,0.4428104162216186,-0.09512743692708289,-0.6777153197678644,0.2215843532171874
R17.SG,Italy,Italy_Central_N.SG,7216.0,0.4643908739089966,-0.034763014478196075,-0.7050846172622448,0.23694487146761492
R18.SG,Italy,Italy_Central_N.SG,7271.0,0.4919266998767853,-0.01399598557692741,-0.7019623900436297,0.22633198079842723
R19.SG,Italy,Italy_Central_N.SG,7146.0,0.4313450157642364,-0.04641238089096562,-0.765831343796311,0.21317545946522307
R22.SG,Italy,Italy_Sardinia_C_BA.SG,3868.0,0.5717393159866333,-0.0962881585116427,-0.758330351483805,0.2077684599178614
R24.SG,Italy,Italy_Sardinia_N_o.SG,5396.0,0.4551128149032593,-0.12197374633777562,-0.7308973599451039,0.19032699542233425
R25.SG,Italy,Italy_Sardinia_EBA_Nuragic_mother.SUC003.SG,4081.0,0.461648017168045,-0.09907350004284182,-0.7126046162460381,0.2033037421529745
R26.SG,Italy,Italy_Sardinia_EBA.SG,4347.0,0.4382776319980621,-0.06936824272486806,-0.686071904569631,0.23227755587883436
R27.SG,Italy,Italy_Sardinia_C_BA.SG,4150.0,0.542080283164978,-0.13077553318023863,-0.7310431918341037,0.2223122889363325
R28.SG,Italy,Italy_Sardinia_EBA.SG,4185.0,0.5565626621246338,-0.08238999068518015,-0.7031301330676658,0.2398308404268914
R29.SG,Italy,Italy_Sardinia_C_BA.SG,4150.0,0.4647420644760132,-0.1187374794771991,-0.7124658467715221,0.18140170352224555
R2.SG,Italy,Italy_South_N.SG,7981.0,0.9535714387893676,-0.013461317522691653,-0.7158512646092812,0.18857092901879882
R30.SG,Italy,Italy_LateAntiquity.SG,1450.0,0.8005633354187012,-0.03935335150906476,-0.7175625603852653,0.22336306294280062
R31.SG,Italy,Italy_LateAntiquity_o3CentralEuropean.SG,1538.0,0.888455331325531,-0.1084353979942961,-0.6922448301825641,0.20378361698599332
R32.SG,Italy,Italy_LateAntiquity.SG,1450.0,0.548100471496582,-0.06720029240840754,-0.7469786076178997,0.2262606171129907
R33.SG,Italy,Italy_LateAntiquity_oCentralEuropean.SG,1450.0,0.8255168199539185,-0.05005883626355451,-0.6674086421166595,0.22182052103532637
R34.SG,Italy,Italy_LateAntiquity.SG,1450.0,0.717470109462738,-0.09579144524650215,-0.7330261377665979,0.19998265126733936
R35.SG,Italy,Italy_LateAntiquity.SG,1450.0,0.5195006132125854,-0.07919424726200107,-0.738146831975014,0.21605904547199908
R36.SG,Italy,Italy_LateAntiquity.SG,1450.0,0.7619798183441162,-0.09380570692947528,-0.7303630687827054,0.22157858029642552
R38.SG,Italy,Italy_Imperial.SG,1750.0,0.730140745639801,-0.037967120056345914,-0.6786377654089326,0.23283576818244867
R39.SG,Italy,Italy_Imperial.SG,1798.0,0.8376870155334473,-0.07439976281827057,-0.7422400640452081,0.20856405209475276
R3.SG,Italy,Italy_South_N.SG,7716.0,0.9579509496688844,0.0105080119459656,-0.7225160432818638,0.20847476828761013
R40.SG,Italy,Italy_Imperial.SG,1750.0,0.6884347796440125,-0.04755962320608536,-0.6891651587118734,0.2087728584006562
R41.SG,Italy,Italy_Imperial.SG,1750.0,0.7286654710769653,-0.10709385551977357,-0.6601474581443764,0.19186520248771577
R42.SG,Italy,Italy_Imperial_oLevant.SG,1863.0,0.956783890724182,-0.0713605089466425,-0.7369932061331155,0.23312989830617672
R435.SG,Italy,Italy_IA_Republic.SG,2350.0,0.6915604472160339,-0.11599894704148196,-0.7134629639177248,0.23885224507331673
R436.SG,Italy,Italy_Imperial.SG,1850.0,0.8013224601745605,-0.054023875694950894,-0.7170274125615117,0.19387676997396372
R437.SG,Italy,Italy_IA_Republic_oEasternMediterranean.SG,2250.0,0.7952187061309814,-0.04689317993884875,-0.7331819953466596,0.22457273687477516
R43.SG,Italy,Italy_Imperial.SG,1750.0,0.8100936412811279,-0.06129216162448229,-0.7483784183766208,0.2334091815212357
R44.SG,Italy,Italy_Imperial.SG,1750.0,0.6994938254356384,0.004896925917504221,-0.75693234485715,0.2311114242420209
R45.SG,Italy,Italy_Imperial_o1.SG,1750.0,0.7039406895637512,-0.0594835970343869,-0.727110832439887,0.22281821953084763
R473.SG,Italy,Italy_IA_Republic.SG,2600.0,0.9061980843544006,-0.06668592046724055,-0.7957277635484625,0.18773262567812654
R474.SG,Italy,Italy_IA_Republic.SG,2600.0,0.7580755352973938,-0.07264773678103632,-0.732410400523362,0.22239157362034434
R475.SG,Italy,Italy_IA_Republic_oEasternMediterranean_o.SG,2600.0,0.7431876063346863,-0.11523346494456164,-0.7104642745874522,0.20816022589033173
R47.SG,Italy,Italy_Imperial.SG,1655.0,0.7289476990699768,-0.09183713794015184,-0.7005658865012812,0.23601311146787554
R49.SG,Italy,Italy_Imperial.SG,1750.0,0.7507714629173279,-0.06167611733400209,-0.8114545822458009,0.24976752388642084
R4.SG,Italy,Italy_South_C.SG,4841.0,0.9707862138748168,-0.13804197671294202,-0.7509971454750233,0.20554159106639275
R50.SG,Italy,Italy_Imperial.SG,1699.0,0.785958468914032,-0.09617628963596705,-0.7789520388226588,0.24130216861371498
R51.SG,Italy,Italy_Imperial.SG,1750.0,0.6724454760551453,-0.03206904579953887,-0.715873909008036,0.23717470777168176
R52.SG,Italy,Italy_Medieval_EarlyModern.SG,595.0,0.5507703423500061,-0.032945628290733255,-0.7161339380567723,0.2113190524688427
R53.SG,Italy,Italy_Medieval_EarlyModern.SG,595.0,0.7703779339790344,-0.041609189316548806,-0.7250027039490772,0.2472132891511669
R54.SG,Italy,Italy_Medieval_EarlyModern.SG,595.0,0.6142376661300659,-0.04911159376779719,-0.6443878494903987,0.2453515843210523
R55.SG,Italy,Italy_Medieval_EarlyModern_oCentralEuropean.SG,595.0,0.806152880191803,-0.09289952593674877,-0.7296587562674539,0.1808530803921432
R56.SG,Italy,Italy_Medieval_EarlyModern.SG,595.0,0.6388026475906372,-0.05670743163702193,-0.7362372819781036,0.19870465443954138
R57.SG,Italy,Italy_Medieval_EarlyModern.SG,595.0,0.7350457906723022,-0.0758897922743746,-0.7812527837163642,0.218528430828204
R58.SG,Italy,Italy_Medieval_EarlyModern.SG,850.0,0.8240188956260681,-0.06788210239055567,-0.7203918548927539,0.21343511001114188
R59.SG,Italy,Italy_Medieval_EarlyModern.SG,1045.0,0.7980102300643921,0.001983909642674023,-0.6803395375912353,0.2180594906240077
R5.SG,Italy,Italy_South_C.SG,4832.0,0.811317503452301,-0.08353141174467274,-0.8117826924150835,0.200666838170327
R60.SG,Italy,Italy_Medieval_oAegean.SG,1045.0,0.8669292330741882,-0.05657998200093184,-0.6975779553206658,0.16403987089651664
R61.SG,Italy,Italy_Medieval_EarlyModern_oCentralEuropean.SG,595.0,0.8090701103210449,-0.07569150572960805,-0.7159435406612726,0.19505448427845634
R62.SG,Italy,Italy_Medieval_EarlyModern_oCentralEuropean.SG,735.0,0.8397283554077148,-0.07123493208289304,-0.7430174675133583,0.21085402686247626
R63.SG,Italy,Italy_Medieval_EarlyModern_oIberian.SG,960.0,0.8904569745063782,-0.07986615819937126,-0.7493343153267926,0.2298675167964841
R64.SG,Italy,Italy_Medieval_EarlyModern.SG,840.0,0.8854213356971741,-0.040723102722206715,-0.7201830462718379,0.24148495712378523
R65.SG,Italy,Italy_Medieval_EarlyModern.SG,840.0,0.8832201957702637,-0.03827735299832905,-0.7566231479861011,0.22093882469500187
R66.SG,Italy,Italy_Imperial.SG,1750.0,0.4851498007774353,-0.0668436231666023,-0.7932207213289418,0.2125880249701253
R67.SG,Italy,Italy_Imperial_oAnatoliaCaucasus.SG,1750.0,0.8375832438468933,-0.09819098147283875,-0.7551911648972657,0.20749033414299733
R68.SG,Italy,Italy_Imperial_oAnatoliaCaucasus.SG,1750.0,0.7777671217918396,-0.07503171456844596,-0.717020164789168,0.18072994707056292
R69.SG,Italy,Italy_Imperial.SG,1750.0,0.8269742727279663,-0.07258391993584974,-0.7460402478554771,0.2096014062197138
R6.SG,Italy,Italy_South_N_oWHG.SG,7202.0,0.4523683190345764,-0.11675843138051167,-0.7392107507544834,0.20872625494046232
R70.SG,Italy,Italy_Imperial_oLevant.SG,1750.0,0.7150759696960449,-0.024242666583900632,-0.7150996545287772,0.2806800290061653
R71.SG,Italy,Italy_Imperial.SG,1750.0,0.609921395778656,-0.029054326315108115,-0.7072204144899265,0.2119032360883684
R72.SG,Italy,Italy_Imperial.SG,1750.0,0.5947504043579102,0.011574304640588909,-0.6673545731933147,0.18361688272181226
R73.SG,Italy,Italy_Imperial.SG,1750.0,0.6662760376930237,-0.042485396466827856,-0.6926726123034984,0.19520503370522432
R75.SG,Italy,Italy_Imperial.SG,1850.0,0.4824644923210144,-0.011891669693849034,-0.7855293288166073,0.2675046659062415
R76.SG,Italy,Italy_Imperial.SG,1850.0,0.5355182886123657,-0.04629685521653482,-0.7010825222407476,0.24585989220925727
R78.SG,Italy,Italy_Imperial.SG,1850.0,0.7197823524475098,0.008811982070500627,-0.7271359277276168,0.20849636651287468
R7.SG,Italy,Italy_Epigravettian.SG,10706.0,0.9586265683174132,-0.20585401856116925,-0.5762577827858534,0.19775919200387385
R80.SG,Italy,Italy_Imperial_o1.SG,1840.0,0.8682349920272827,-0.1058985456100088,-0.7446675277476116,0.18824019500964162
R81.SG,Italy,Italy_Imperial.SG,1850.0,0.4390699863433838,-0.012943195378265849,-0.7719487503822737,0.2341632551483836
R835.SG,Italy,Italy_Imperial.SG,1814.0,0.4888399541378021,-0.02218036318068599,-0.6957100710942115,0.23109199057403207
R836.SG,Italy,Italy_Imperial.SG,1814.0,0.4800233244895935,-0.03649459672555968,-0.7357727550206822,0.20949088417424777
R850.SG,Italy,Italy_IA_Republic_oEasternMediterranean.SG,2600.0,0.5351881980895996,-0.055602866639334066,-0.7021882302235638,0.23715226893523325
R851.SG,Italy,Italy_IA_Republic.SG,2600.0,0.5528627634048462,-0.08190020521171362,-0.7192589497430619,0.20588219328851048
R8.SG,Italy,Italy_South_N.SG,7708.0,0.4524356126785278,-0.04309530912446406,-0.7098643555145333,0.16155343310224649
R969.SG,Italy,Italy_Medieval_EarlyModern.SG,300.0,0.9279099106788636,-0.07947318099273482,-0.7995573636747595,0.20222200150707056
R970.SG,Italy,Italy_Medieval_EarlyModern_o.SG,300.0,0.5137845277786255,-0.05377488488799159,-0.6781747368442,0.20432286385499757
R973.SG,Italy,Italy_Medieval_EarlyModern.SG,300.0,0.7110476493835449,-0.06503304106590252,-0.7177902926818392,0.17058249989751784
R9.SG,Italy,Italy_South_N.SG,7481.0,0.975821852684021,-0.01512139704464336,-0.7002545764493862,0.2122556525627072
R10467.SG,Slovenia,Slovenia_Emona_Roman.SG,1628.0,0.6587570309638977,3.9333700316108953,-0.6229482702148367,0.5946077608671648
R10469.SG,Slovenia,Slovenia_Emona_Roman.SG,1650.0,0.4261698722839355,3.932612036500869,-0.6303133716666544,0.6026416403739674
R10471.SG,Slovenia,Slovenia_Emona_Roman.SG,1655.0,0.395693302154541,3.9457770739914335,-0.6251039544521478,0.6000500987253714
R10473.SG,Slovenia,Slovenia_Emona_Roman.SG,1639.0,0.4119875431060791,3.9605789921096375,-0.614417749309394,0.6082012314799348
R10474.SG,Slovenia,Slovenia_Emona_Roman_oEurope.SG,1609.0,0.4682359397411346,3.904012451105035,-0.6148824717388626,0.588265365756809
R10477.SG,Slovenia,Slovenia_Emona_Roman.SG,1659.0,0.5492724180221558,3.932848569528193,-0.6107303982902476,0.604287088323362
R10478.SG,Slovenia,Slovenia_Emona_Roman.SG,1622.0,0.5242434740066528,3.930540211587812,-0.6161230047830442,0.5855036126549171
R10487.SG,Portugal,Portugal_Conimbriga_Roman.SG,1587.0,0.6467061042785645,-1.1330047345428018,-1.3717117345632852,0.2335223972658329
R10488.SG,Portugal,Portugal_Conimbriga_Roman.SG,1600.0,0.5641651749610901,-1.0947890997146672,-1.3791715265868838,0.23817708696521184
R10491.SG,Portugal,Portugal_MonteDaNora_LateRoman.SG,1119.0,0.8067255020141602,-1.061149158234924,-1.3375280884278344,0.22616646520652303
R10494.SG,Portugal,Portugal_MonteDaNora_LateRoman.SG,1178.0,0.84357750415802,-1.1281637163478562,-1.3700915163039311,0.24190106168804312
R10496.SG,Portugal,Portugal_MonteDaNora_LateRoman.SG,1116.0,0.8292897343635559,-1.1307765387870705,-1.360081045826941,0.2287729474211941
R10499.SG,Portugal,Portugal_Miroico_LateRoman_oAfrica.SG,1609.0,0.799986720085144,-1.139310506573331,-1.3691100907967322,0.2376934375652792
R10500.SG,Portugal,Portugal_Miroico_LateRoman.SG,1525.0,0.5229572057723999,-1.1239778548610084,-1.3634989660757864,0.2386773502198599
R10501.SG,Portugal,Portugal_Miroico_LateRoman.SG,1525.0,0.6307460069656372,-1.1342016286339693,-1.360976402473085,0.23930585676388175
R10502.SG,Portugal,Portugal_Miroico_LateRoman.SG,1525.0,0.7040095925331116,-1.1364374186044193,-1.3679690040468213,0.24180429932962874
R10503.SG,Portugal,Portugal_Miroico_LateRoman_oAfrica.SG,1401.0,0.8714409470558167,-1.1472406909601351,-1.361013719251489,0.23789950393054324
R10506.SG,Portugal,Portugal_Miroico_LateRoman.SG,1525.0,0.7577900886535645,-1.112650521028675,-1.3711071837432036,0.23205814217746606
R10507.SG,Portugal,Portugal_Miroico_LateRoman.SG,1525.0,0.4972818493843078,-1.1288098721324837,-1.3664885738102397,0.24515729306389314
R10508.SG,Portugal,Portugal_Miroico_LateRoman.SG,1587.0,0.6536881327629089,-1.1358447247352523,-1.3718364520225348,0.23895009746593066
R10618.SG,Poland,Poland_Weklice_WielbarkCulture_Roman.SG,1789.0,0.563877284526825,-0.17953199420336935,1.8714521943972529,-0.22575654921200844
R10620.SG,Poland,Poland_Weklice_WielbarkCulture_Roman.SG,1941.0,0.4191058874130249,-0.19126542267545865,1.8777348296422263,-0.21883848015137064
R10625.SG,Poland,Poland_Weklice_WielbarkCulture_Roman.SG,1875.0,0.5767595171928406,-0.17288187870757293,1.8618730706898894,-0.19816336365335804
R10626.SG,Poland,Poland_Weklice_WielbarkCulture_Roman.SG,1875.0,0.5240049958229065,-0.2021095440190772,1.8485472578738926,-0.19335757471974407
R10631.SG,Poland,Poland_Weklice_WielbarkCulture_Roman.SG,1875.0,0.4614996016025543,-0.19374904368486207,1.8383471588514135,-0.20611741463911323
R10633.SG,Poland,Poland_Weklice_WielbarkCulture_Roman.SG,1875.0,0.6277735829353333,-0.1734420226322351,1.8477335689104946,-0.2025216863906638
R10634.SG,Poland,Poland_Weklice_WielbarkCulture_Roman.SG,1875.0,0.6121573448181152,-0.17560293027348112,1.8561728713448353,-0.20346809023249918
R10636.SG,Poland,Poland_Weklice_WielbarkCulture_Roman.SG,1875.0,0.5841528177261353,-0.22340029308988688,1.8743887523934486,-0.20691422118936123
R10654.SG,Austria,Austria_Klosterneuburg_Roman_oLevant.SG,1603.0,0.8571417927742004,0.6270852799368066,-0.6309472317506021,-0.2232512060200642
R10656.SG,Austria,Austria_Klosterneuburg_Roman.SG,1725.0,0.5073409676551819,0.6124841979801443,-0.6429175582310971,-0.21673621003834853
R10657.SG,Austria,Austria_Klosterneuburg_Roman.SG,1863.0,0.6306121945381165,0.5956992746920163,-0.6388370323570985,-0.22206053530800496
R10658.SG,Austria,Austria_Klosterneuburg_Roman_oLevant.SG,1725.0,0.5334258675575256,0.6165695627015786,-0.6482814671541547,-0.22021453750894757
R10659.SG,Austria,Austria_Klosterneuburg_Roman.SG,1863.0,0.718824565410614,0.6197964141686869,-0.6424293334877458,-0.22039109462772855
R10660.SG,Austria,Austria_Klosterneuburg_Roman_oLevant.SG,1725.0,0.8545652031898499,0.6088946326272656,-0.6496883274791821,-0.22045931382477496
R10665.SG,Austria,Austria_Ovilava_Roman.SG,1235.0,0.8511913418769836,0.6447241391098255,-0.6481664871054472,-0.245695789678756
R10666.SG,Austria,Austria_Ovilava_Roman.SG,1241.0,0.8489156365394592,0.6196308818150136,-0.6405068828424199,-0.21119831343454035
R10667.SG,Austria,Austria_Ovilava_Roman_oAfrica.SG,1780.0,0.8380917310714722,0.5742609772720384,-0.6700665300540839,-0.1934356539093614
R10668.SG,Austria,Austria_Ovilava_Roman_oLevant.SG,1735.0,0.8514833450317383,0.6350252491563659,-0.6584594705302877,-0.2083542900367518
R10670.SG,Austria,Austria_Ovilava_Roman.SG,1681.0,0.8802810907363892,0.6155750342029447,-0.6740691108838995,-0.22780261598741586
R10830.SG,Lithuania,Lithuania_Marvele_Roman.SG,1512.0,0.537390947341919,-0.5448963435685754,0.2822707946198906,-0.5623744539122174
R10832.SG,Lithuania,Lithuania_Marvele_Roman.SG,1475.0,0.4602546691894531,-0.5373440135255381,0.268802497006811,-0.565208536000235
R10836.SG,Lithuania,Lithuania_Marvele_Roman.SG,1475.0,0.4791190326213836,-0.5443901432059535,0.25785439990635006,-0.5566239387013512
R10838.SG,Lithuania,Lithuania_Marvele_Roman.SG,1475.0,0.5490006804466248,-0.5469161150936349,0.2946352818128023,-0.5581716160741993
R10840.SG,Lithuania,Lithuania_Bailuliai_BarrowCulture.SG,1581.0,0.5114293098449707,-0.5418431438711823,0.26358628828897085,-0.5716080958222498
R11109.SG,Italy,Italy_RomanImperial.SG,1750.0,0.5146539211273193,-0.07857604077503098,-0.7312329174278174,0.18889866087637203
R11111.SG,Italy,Italy_RomanImperial.SG,1750.0,0.6686490774154663,-0.03814375962532779,-0.7143442795313684,0.23008894672796532
R11112.SG,Italy,Italy_RomanImperial.SG,1750.0,0.6364020705223083,-0.04542774322176186,-0.6752766646506944,0.21441040546300924
R11113.SG,Italy,Italy_RomanImperial.SG,1750.0,0.6607124209403992,-0.035455008176342395,-0.730071800625634,0.20038878229399654
R11116.SG,Italy,Italy_RomanImperial.SG,1750.0,0.6057851910591125,-0.03736867741318091,-0.7916350013978339,0.18910536880336062
R11117.SG,Italy,Italy_RomanImperial.SG,1750.0,0.5698966383934021,-0.008740987914665734,-0.7240126353656449,0.20643326690728186
R11118.SG,Italy,Italy_RomanImperial_oEurope.SG,1750.0,0.7821937203407288,-0.17651077958870057,-0.7479330962427158,0.21266372700035371
R11119.SG,Italy,Italy_RomanImperial.SG,1750.0,0.5919807553291321,-0.08747905934183564,-0.7069915986297083,0.1933330015884511
R11120.SG,Italy,Italy_RomanImperial.SG,1750.0,0.6468033790588379,0.0014568822108380183,-0.7045975117268247,0.18639433337124098
R11121.SG,Italy,Italy_RomanImperial_oEurope.SG,1750.0,0.5929142832756042,-0.06045216627640681,-0.7157753326423186,0.2044708246770452
R11391.SG,Poland,Poland_Weklice_WielbarkCulture_Roman.SG,1875.0,0.3899723589420318,-0.22112344010330673,1.8659246023099336,-0.1797450398865576
R11550.SG,France,France_Sarrebourg_LateAntiquity_oLevant.SG,1609.0,0.7296662926673889,-0.9936196126075827,-0.8486161015350856,-0.005816896197891063
R11552.SG,France,France_Sarrebourg_LateAntiquity.SG,1675.0,0.5812104344367981,-0.9642289024206364,-0.7619174004652512,-0.030810316321929924
R11554.SG,France,France_Sarrebourg_LateAntiquity.SG,1675.0,0.6182992458343506,-1.039420131264954,-0.7841926236059371,-0.037690887678415316
R11556.SG,France,France_Sarrebourg_LateAntiquity_oLevant.SG,1668.0,0.3448114395141601,-0.9653155974327909,-0.8486132679417504,-0.009517756255906182
R11557.SG,France,France_Sarrebourg_LateAntiquity.SG,1587.0,0.7011783123016357,-0.9929494227181307,-0.8312354264057722,-0.011526297059940063
R11558.SG,France,France_Sarrebourg_LateAntiquity_oLevant.SG,1609.0,0.5816978216171265,-0.936605507226169,-0.837377467108293,-0.02495464763619611
R11559.SG,France,France_Sarrebourg_LateAntiquity_oLevant.SG,1675.0,0.7244530320167542,-0.9828487714165252,-0.832390099154563,-0.01588998034266944
R11560.SG,France,France_Sarrebourg_LateAntiquity.SG,1598.0,0.548966646194458,-0.9852305568645332,-0.8183697701941655,0.030851978702736302
R11561.SG,France,France_Sarrebourg_LateAntiquity.SG,1675.0,0.6351498365402222,-1.0150143525388011,-0.8378417060159531,-0.040741663788401244
R11563.SG,France,France_Sarrebourg_LateAntiquity_oLevant.SG,1742.0,0.6216244101524353,-0.9765312842323266,-0.8225148292550091,-0.024280411203637497
R11828.SG,Italy,Italy_Sardinia_SantImbenia_Phoenician.SG,2993.0,0.5957309603691101,-0.10163490858451099,-0.7280978037110263,0.1973188480941511
R11829.SG,Italy,Italy_Sardinia_SantImbenia_Phoenician.SG,2907.0,0.60929936170578,-0.13335310115488636,-0.6781195755891223,0.2253724247357662
R11832.SG,Italy,Italy_Sardinia_SantImbenia_RomanImperial.SG,1653.0,0.6176909804344177,-0.09371016817504814,-0.6948234596528494,0.17435116112178728
R11833.SG,Italy,Italy_Sardinia_SantImbenia_RomanImperial.SG,1639.0,0.6278344392776489,-0.10551036620776193,-0.734585865493884,0.22360176028120404
R11834.SG,Italy,Italy_Sardinia_SantImbenia_RomanImperial.SG,1763.0,0.6584869623184204,-0.08433809525320514,-0.7767373352431401,0.18772079670905814
R11835.SG,Italy,Italy_Sardinia_SantImbenia_RomanImperial.SG,2738.0,0.6414360404014587,-0.1797127452676407,-0.74644268323039,0.23629860232813174
R11836.SG,Italy,Italy_Sardinia_SantImbenia_RomanImperial.SG,1825.0,0.6113163232803345,-0.10612420274485194,-0.7209001120844541,0.2030547567505296
R11866.SG,Germany,Germany_Hassleben_Germanic.SG,1500.0,0.2353008389472961,-0.4527857061573553,-0.2541946975926775,0.12180196204301123
R11867.SG,Germany,Germany_Hassleben_Germanic_elite_1.SG,1500.0,0.3408836722373962,-0.4024377118243862,-0.16656413672007642,0.17209714174595328
R11868.SG,Germany,Germany_Hassleben_Germanic.SG,1500.0,0.5701667666435242,-0.3463374533325912,-0.2814058698219407,0.14547609234875883
R11872.SG,Germany,Germany_Hassleben_Germanic.SG,1500.0,0.4661021530628204,-0.36961864373838804,-0.192447068206578,0.07200775260436204
R11873.SG,Germany,Germany_Hassleben_Germanic.SG,1500.0,0.4551063179969787,-0.3776006618476528,-0.21788839363468218,0.10439934488248612
R11875.SG,Germany,Germany_Hassleben_Germanic_oNorthernEurope.SG,1500.0,0.5364744663238525,-0.33917412640326783,-0.19822442482626398,0.08944771292822386
R11877.SG,Germany,Germany_Hassleben_Germanic_elite_2.SG,1500.0,0.1425134986639022,-0.31890836093241093,-0.18857832558088583,0.12785614109162902
R12229.SG,Lebanon,Lebanon_EjJaouze_Phoenician.SG,1465.0,0.76739501953125,0.6597159750652689,-0.3976633151370192,0.6147860209698649
R12233.SG,Lebanon,Lebanon_EjJaouze_Phoenician.SG,1463.0,0.3278359472751617,0.639777958931826,-0.3727810550896946,0.5844031226218876
R1223.SG,Italy,Italy_PalazzoDellaCancelleria_Medieval_oEurope.SG,465.0,0.4702270030975342,-0.08792135311446278,-0.7084012710844129,0.19268593494701902
R12245.SG,Lebanon,Lebanon_EjJaouze_Phoenician.SG,1330.0,0.3378098905086517,0.6254393392112884,-0.36015879924341615,0.6324064489911709
R12246.SG,Lebanon,Lebanon_EjJaouze_Phoenician.SG,1360.0,0.333351731300354,0.6530637937920427,-0.38228692168971296,0.5917120257665168
R1225.SG,Italy,Italy_PalazzoDellaCancelleria_Medieval_oAegean.SG,465.0,0.5251672267913818,-0.03906160780648668,-0.7072069846998335,0.20257596235959688
R1291.SG,Italy,Italy_PalazzoDellaCancelleria_Roman_Medieval_possible.SG,1000.0,0.5201737284660339,-0.0685768344149794,-0.7803341372887547,0.21603830796828663
R1292.SG,Italy,Italy_PalazzoDellaCancelleria_Roman_Medieval_possible.SG,1000.0,0.4348048269748688,-0.06529208753937518,-0.7076996121024869,0.22658968954678102
R1294.SG,Italy,Italy_PalazzoDellaCancelleria_Roman_Medieval_possible.SG,1000.0,0.4497284293174743,-0.08898950734255684,-0.6863108352800961,0.1703016546540506
R1554.SG,Italy,Italy_Bivio_Roman.SG,1777.0,0.5140781402587891,-0.07858697407400997,-0.6832317465388721,0.21967658386472733
R1555.SG,Italy,Italy_Bivio_Roman.SG,1798.0,0.4990620613098144,-0.08231171675919675,-0.740404232417217,0.15866444707474853
R1556.SG,Italy,Italy_Bivio_Roman.SG,1825.0,0.5078713893890381,-0.08554432889441038,-0.7274363219419733,0.19855074961390914
R1557.SG,Italy,Italy_Bivio_Roman.SG,1825.0,0.4856745302677154,-0.09038539651708118,-0.7616742174570938,0.18304963837484786
R1874.SG,France,France_LesMarmousets_ProtoMerovingien_possible.SG,1622.0,0.6008127927780151,-1.0206527905678058,-0.7763491459220982,0.029754001211809062
R2040.SG,Croatia,Croatia_SisakPogorelec_Roman.SG,1625.0,0.4543350338935852,0.8392815861885236,-0.01824084415131194,-0.21620226918366242
R2041.SG,Croatia,Croatia_SisakPogorelec_Roman.SG,1647.0,0.4895552694797516,0.8341887501911688,-0.04293704033891784,-0.21289177583608002
R2042.SG,Croatia,Croatia_SisakPogorelec_Roman.SG,1628.0,0.4446481764316559,0.8102276137986518,-0.03951339516036545,-0.2171884688428489
R2045.SG,Croatia,Croatia_Sipar_Roman.SG,1371.0,0.4162624478340149,0.8297786914148113,-0.0029454071643626573,-0.23025909052585214
R2050.SG,Croatia,Croatia_MirineFulfinum_Roman.SG,1475.0,0.5800214409828186,0.8000085700219333,-0.000767920405893908,-0.21825394404507253
R2051.SG,Croatia,Croatia_MirineFulfinum_Roman.SG,1475.0,0.4783315360546112,0.786940630968452,-0.010059404354101048,-0.22438382163291185
R2053.SG,Croatia,Croatia_MirineFulfinum_Roman.SG,1512.0,0.6412106156349182,0.8342954871922202,0.02234621693203073,-0.20295253213790337
R2055.SG,France,France_Metz_GalloRoman.SG,1461.0,0.5647742748260498,-0.8960461850398316,-0.7837610279168036,0.029467327635856168
R2057.SG,France,France_Metz_GalloRoman.SG,1502.0,0.4408550560474396,-0.9897197619126239,-0.8064853900537036,0.047295009606774685
R2058.SG,France,France_Metz_GalloRoman.SG,1475.0,0.4417228400707245,-0.9949063480713332,-0.8326249148348469,-0.032745300009730506
R2065.SG,France,France_Metz_Medieval.SG,613.0,0.5936595797538757,-1.050759710388031,-0.8482543395315606,-0.02383374988719303
R2066.SG,France,France_Metz_Medieval.SG,604.0,0.5047084093093872,-1.0397751656173984,-0.7376868806601466,-0.04367851937395547
R2200.SG,Slovakia,Slovakia_BytcaHrabove_Puchov_LaTene_Roman.SG,1960.0,0.6656572222709656,1.1508151785260226,0.1385866426412102,-0.8385446380835503
R2201.SG,Slovakia,Slovakia_BytcaHrabove_Puchov_LaTene_Roman.SG,1970.0,0.5020409226417542,1.1851556376242631,0.11459231912396457,-0.8213911944243761
R2202.SG,Slovakia,Slovakia_Mikusovce_LaTene_Roman.SG,1925.0,0.5179734230041504,1.182507856706203,0.11334364398118742,-0.8361415890067255
R2204.SG,Slovakia,Slovakia_Zohor_Germanic_Roman.SG,1800.0,0.6419826745986938,1.1579200838270418,0.13325981035744594,-0.8317775321522042
R2206.SG,Slovakia,Slovakia_TesarkeMlynany_Germanic_MigrationPeriod.SG,1500.0,0.5758600831031799,1.1630179754618257,0.12210615084786886,-0.8355953057370181
R2207.SG,Slovakia,Slovakia_TesarkeMlynany_Germanic_MigrationPeriod.SG,1500.0,0.4935463070869446,1.1725309268919795,0.10078026552182048,-0.81850135323664
R2208.SG,Slovakia,Slovakia_TesarkeMlynany_Germanic_MigrationPeriod.SG,1650.0,0.5381954908370972,1.1573186715005448,0.10886434402805353,-0.8182508865863155
R2209.SG,Slovakia,Slovakia_TesarkeMlynany_Germanic_MigrationPeriod.SG,1550.0,0.6837868094444275,1.1737847237261645,0.11758198270927282,-0.79598503785859
R2210.SG,Slovakia,Slovakia_TesarkeMlynany_Germanic_MigrationPeriod.SG,1550.0,0.5586608052253723,1.1725704388367293,0.11229590157960513,-0.8167509563691568
R2211.SG,Slovakia,Slovakia_TesarkeMlynany_Germanic_MigrationPeriod.SG,1550.0,0.6763724088668823,1.1957469238300469,0.13147745162431465,-0.831389746673358
R3359.SG,Syria,Syria_TellMasaikh_Medieval.SG,1209.0,0.5488806962966919,0.8438688065767914,-1.0741356794928707,0.15548634172511175
R3361.SG,Syria,Syria_TellMasaikh_Medieval_oAfrica.SG,728.0,0.6455098390579224,0.835473276628448,-1.083607095381119,0.15647520826971156
R3473.SG,Lebanon,Lebanon_Chhim_Phoenician.SG,1279.0,0.5390713810920715,0.631259627524557,-0.3682831424581049,0.6044802125734335
R3476.SG,Lebanon,Lebanon_Chhim_Phoenician.SG,1431.0,0.6153535842895508,0.6470935459009384,-0.3644209954187617,0.6094580793125416
R3477.SG,Lebanon,Lebanon_Chhim_Phoenician.SG,1450.0,0.4877815544605255,0.6519529557665812,-0.3498507143394033,0.6183463216605034
R3478.SG,Montenegro,Montenegro_Doclea_Roman.SG,1133.0,0.6102595925331116,2.521010091891468,3.174102885117561,-13.784133881145177
R3481.SG,Montenegro,Montenegro_Doclea_Roman_oAegean.SG,1699.0,0.5570427775382996,2.5388215358241566,3.1828093069052286,-13.816815697548435
R3482.SG,Montenegro,Montenegro_Doclea_Roman.SG,864.0,0.6693059802055359,2.5311234742720474,3.2014970970865257,-13.84022806947323
R3542.SG,Croatia,Croatia_BeliManastir_Roman.SG,1616.0,0.5594158172607422,0.8303835745351507,0.014745948446732821,-0.21445326341134902
R3543.SG,Croatia,Croatia_Tilurium_Roman.SG,1438.0,0.5942297577857971,0.8542448625363207,0.033062485147847986,-0.23478849857961157
R3544.SG,Croatia,Croatia_Tilurium_Roman.SG,1374.0,0.6000252962112427,0.7862454351022877,-0.017249261409005314,-0.21375135507696888
R3545.SG,Croatia,Croatia_Tilurium_Roman_oCaucasus.SG,1466.0,0.550958514213562,0.8235412138586834,0.007861320936665086,-0.18762335415660955
R3547.SG,Croatia,Croatia_Roman.SG,1381.0,0.5608002543449402,0.8222936583976611,-2.2394053667765838e-05,-0.2136097382288201
R3655.SG,Croatia,Croatia_Mursa_Roman.SG,1729.0,0.4385022819042206,0.8409665251648231,-0.00794697879425006,-0.2269167997463417
R3656.SG,Croatia,Croatia_Mursa_Roman.SG,1668.0,0.4837548434734344,0.7612762141590474,0.022682799026363457,-0.19628303646562198
R3657.SG,Croatia,Croatia_Mursa_Roman.SG,1668.0,0.433963805437088,0.7987781088754942,0.051396798619684124,-0.22530833463858024
R3659.SG,Croatia,Croatia_Scitarjevo_Roman.SG,1639.0,0.43280890583992,0.7915669878670359,-0.012199133185536504,-0.1953677794589286
R3660.SG,Croatia,Croatia_Scitarjevo_Roman_oNorthEurope.SG,1456.0,0.4830881655216217,0.8179108260226194,-0.004166409853330066,-0.24973944985390967
R3662.SG,Croatia,Croatia_Sipar_Roman.SG,1360.0,0.4762220680713653,0.7850916610366557,0.011033943541026279,-0.21358581610041313
R3663.SG,Croatia,Croatia_Sipar_Roman.SG,1180.0,0.4073395729064941,0.8106875114141768,-0.009506862136462131,-0.21569758240895714
R3664.SG,Croatia,Croatia_Sipar_Roman.SG,1218.0,0.5477930903434753,0.8007185271932398,0.006955330067477261,-0.23178686075700305
R3665.SG,Croatia,Croatia_Roman.SG,1780.0,0.3763990998268127,0.8151438811453814,0.012394945644398804,-0.21597053617079126
R3670.SG,Croatia,Croatia_Roman.SG,1785.0,0.3563036322593689,0.8124517380103234,-0.007555821049751299,-0.21694729451694006
R3685.SG,Croatia,Croatia_LateAntiquity.SG,1450.0,0.5526754260063171,0.8260380354230136,0.015085862211830623,-0.18105976562448484
R3742.SG,Croatia,Croatia_Roman_oLevant.SG,1773.0,0.4605320394039154,0.807224595650687,-0.0107277010548934,-0.18577992170802599
R3743.SG,Croatia,Croatia_Roman.SG,1798.0,0.5317956805229187,0.8387562520068984,0.004714916564634868,-0.22345999573186762
R3744.SG,Croatia,Croatia_Roman.SG,1800.0,0.4701815843582153,0.8077019467118877,-0.01577290330085878,-0.20016212554877055
R3745.SG,Croatia,Croatia_Zadar_Roman.SG,1880.0,0.576204776763916,0.8445546117665148,-0.039420484675717696,-0.22930737709497506
R3746.SG,Croatia,Croatia_Zadar_Roman.SG,1773.0,0.625756561756134,0.8572924849318709,0.009995365869819663,-0.20815381529257057
R3747.SG,Croatia,Croatia_Zadar_Roman.SG,1775.0,0.6472559571266174,0.7953028786690161,0.011589972793957157,-0.22380522067582237
R3906.SG,Serbia,Serbia_Sirmium_Ottoman.SG,391.0,0.4554023444652557,0.36912751850873593,0.14042026740475655,0.8770402329168124
R3918.SG,Serbia,Serbia_Sirmium_LateRoman.SG,904.0,0.4564031362533569,0.3197223326594756,0.14053231650114512,0.8435793318596285
R3931.SG,Serbia,Serbia_Roman_elite_1.SG,1769.0,0.6478617787361145,0.34740516091392226,0.12351535130973722,0.8676621388609284
R6681.SG,Serbia,Serbia_Beska_Severi_ValentinianValens_possible.SG,1609.0,0.6287614107131958,0.3696360184536615,0.14657101669200384,0.8347259231037107
R6688.SG,Serbia,Serbia_Beska_Severi_ValentinianValens_possible.SG,1625.0,0.4980247616767883,0.34160517464281953,0.14683211915960517,0.8750939838965297
R6693.SG,Serbia,Serbia_SvilosKrussevlje_Roman.SG,1675.0,0.4030427932739258,0.3430251558041823,0.10137988940432076,0.8394207810342523
R6701.SG,Serbia,Serbia_SvilosKrussevlje_Roman.SG,1661.0,0.6048581600189209,0.36881788623132006,0.11898553190006966,0.8634618720883386
R6730.SG,Serbia,Serbia_Sirmium_Roman.SG,1547.0,0.6433054804801941,0.33834777553242196,0.11694805281279051,0.8604242966704067
R6737.SG,Serbia,Serbia_Sirmium_Ottoman.SG,388.0,0.5969442129135132,0.3693853103453524,0.1345366952644183,0.8133367633569342
R6750.SG,Serbia,Serbia_Roman_elite_2.SG,1795.0,0.631891131401062,0.3387751004362691,0.10661174672173769,0.8601066363011095
R6756.SG,Serbia,Serbia_Roman_elite_3.SG,1769.0,0.5222329497337341,0.3446503635353401,0.13002217647127462,0.836777776603092
R6759.SG,Serbia,Serbia_Roman.SG,1789.0,0.6087129712104797,0.30942677356406345,0.1656292008299405,0.8499894530071532
R6764.SG,Serbia,Serbia_Naissus_LateAntiquity.SG,1616.0,0.6173819899559021,0.30099060697895413,0.08668034464515327,0.8662056015978613
R6769.SG,Serbia,Serbia_Naissus_LateAntiquity_oLevant.SG,1863.0,0.5453551411628723,0.33989543207330697,0.12512709555736914,0.8660756761688374
R9662.SG,Serbia,Serbia_Sirmium_Ottoman.SG,404.0,0.4523561298847198,0.3884197672411652,0.1627571873087266,0.8980279083639757
R9669.SG,Serbia,Serbia_Roman_elite_3.SG,1732.0,0.4598256349563598,0.34474856847267976,0.155788020920482,0.860950623191641
R9673.SG,Serbia,Serbia_Roman_elite_1.SG,1800.0,0.656804084777832,0.31662735384846796,0.14272438223663603,0.8416446114526882
R9674.SG,Serbia,Serbia_Roman_elite_1.SG,1836.0,0.6507125496864319,0.3194815261308226,0.13767814677572007,0.8488930384941706
R9818.SG,Lebanon,Lebanon_Chhim_Phoenician.SG,1340.0,0.539454996585846,0.6447765601897015,-0.3681563771399991,0.5955430266973124
R9823.SG,Lebanon,Lebanon_Chhim_Phoenician.SG,1327.0,0.6587878465652466,0.6389445050686074,-0.3759620915881958,0.6094496702600333
R9918.SG,Montenegro,Montenegro_Doclea_Roman.SG,892.0,0.5546308159828186,2.504313004797768,3.158100570307925,-13.75547272894464
R9919.SG,Montenegro,Montenegro_Doclea_Roman.SG,960.0,0.6437410116195679,2.5223407271494733,3.1633051195096376,-13.797783764276378
R9920.SG,Montenegro,Montenegro_Doclea_Roman.SG,850.0,0.5191023945808411,2.533637929809869,3.1965345447176685,-13.794097057099208
AITI_65adult.AG.SG,Germany,Germany_Lech_EBA_possible.contam.AG.SG,3728.0,0.4437690377235412,-0.3634352538790974,-0.19424656408646562,0.1132563571539636
AITI_66.AG.SG,Germany,Germany_Lech_EBA_possible.contam.AG.SG,3761.0,0.612575888633728,-0.3546367911314109,-0.2000306697387238,0.14177516017988556
AITI_77A.AG.SG,Germany,Germany_Lech_EBA_sister.AITI_77B_possible.contam.AG.SG,3828.0,0.215647354722023,-0.4283880368868723,-0.23869316568588086,0.06842298096720856
AITI_77B.AG.SG,Germany,Germany_Lech_EBA_possible.contam.AG.SG,3743.0,0.2616257965564728,-0.40436403293671425,-0.23799522824116184,0.12320775414978895
AITI_87.AG.SG,Germany,Germany_Lech_EBA_mother.AITI_119.mother.AITI_120.mother.AITI_86_possible.contam.AG.SG,3692.0,0.1861788928508758,-0.3253708009635228,-0.22560348497469837,0.10625739235777601
AITI_92.AG.SG,Germany,Germany_Lech_EBA_possible.contam.AG.SG,3761.0,0.4021482467651367,-0.3741988515947097,-0.2072621605109026,0.1348133083680101
AITI_95.AG.SG,Germany,Germany_Lech_EBA_possible.contam.AG.SG,3671.0,0.5330908894538879,-0.348552818261762,-0.22876983430589026,0.13085593413537597
ALT_3.AG,Germany,Germany_Tauber_CordedWare_possible.contam.AG,4425.0,0.0899812057614326,-0.3763837570357233,-0.2601850472123165,0.07397517596572373
ALT_4.AG,Germany,Germany_Tauber_CordedWare_contam.AG,4453.0,0.1714158803224563,-0.3737180165888088,-0.17371080437680245,0.13851640479523875
AMP_1.AG.SG,Germany,Germany_Lech_BellBeaker_contam.AG.SG,4356.0,0.6541561484336853,-0.35170013074097334,-0.2214508702919958,0.1252501683064112
HUGO_168.AG,Germany,Germany_Lech_BellBeaker_possible.contam.AG,4167.0,0.7970686554908752,-0.3318351929012332,-0.25698284496839774,0.11732211859240904
HUGO_171.AG,Germany,Germany_Lech_BellBeaker_possible.contam.AG,4203.0,0.1920523196458816,-0.3824927070660725,-0.2703994957623032,0.057202262449742
HUGO_180Sk1.AG,Germany,Germany_Lech_BellBeaker_contam.AG,4289.0,0.579177975654602,-0.4163816268850828,-0.21049128026168457,0.13156847939994473
HUGO_180Sk2.AG.SG,Germany,Germany_Lech_BellBeaker_sister.HUGO_180Sk1_contam.AG.SG,4307.0,0.2332603186368942,-0.387581903330622,-0.19761413003625375,0.11311076314263667
HUGO_190.AG,Germany,Germany_Lech_BellBeaker_possible.contam.AG,4103.0,0.6253827214241028,-0.3796387667787586,-0.1748004919002977,0.12498693618793318
OBKR_117.AG.SG,Germany,Germany_Lech_EBA_contam.AG.SG,3883.0,0.475535124540329,-0.38404674873431244,-0.1502396781159718,0.09550752273954422
OBKR_2.AG,Germany,Germany_Lech_EBA_possible.contam.AG,3906.0,0.3064136505126953,-0.38039940183555415,-0.22488343495118185,0.1175561228074737
OBKR_50.AG,Germany,Germany_Lech_EBA_possible.contam.AG,3935.0,0.5821122527122498,-0.42754979098244145,-0.22235596715830935,0.09257137635499266
OBKR_66.AG,Germany,Germany_Lech_EBA_possible.contam.AG,3918.0,0.2970495820045471,-0.37861211058550626,-0.19100035159212642,0.0961040245190374
OBKR_67.AG.SG,Germany,Germany_Lech_EBA.AG.SG,3906.0,0.2861624360084533,-0.36834306059243327,-0.23351784637713766,0.11245162041807877
OBKR_73.AG,Germany,Germany_Lech_EBA_possible.contam.AG,3911.0,0.0875205695629119,-0.3651734206991815,-0.18062716023158953,0.15704565719613198
OBKR_81.AG,Germany,Germany_Lech_EBA_possible.contam.AG,3910.0,0.0526247508823871,-0.3392684919785985,-0.19869604276196037,0.08929775970056006
OBKR_86.AG.SG,Germany,Germany_Lech_EBA_brother.OBKR_80_contam.AG.SG,3926.0,0.3928450047969818,-0.38459197984923954,-0.2359874420394718,0.10331980272420564
OBKR_93.AG,Germany,Germany_Lech_EBA_possible.contam.AG,3933.0,0.1865227669477462,-0.3415049622424176,-0.2632894384888658,0.10878297078449906
OBKR_96.AG,Germany,Germany_Lech_EBA_possible.contam.AG,3863.0,0.0882869884371757,-0.4174130464558403,-0.17849464644770585,0.08768050660478906
OBKR_9A.AG,Germany,Germany_Lech_EBA_possible.contam.AG,3902.0,0.4951805174350738,-0.37404655577018137,-0.20574854970577686,0.1337404513930045
OTTM_142.AG.SG,Germany,Germany_Lech_MBA_possible.contam.AG.SG,3527.0,0.240935817360878,-0.3629322534446713,-0.19955700327070197,0.15412236948303076
OTTM_151ind2.AG.SG,Germany,Germany_Lech_MBA_possible.contam.AG.SG,3507.0,0.5164852142333984,-0.32481655301631124,-0.22867583574362477,0.1272021669631651
POST_12.AG,Germany,Germany_Lech_MBA_possible.contam.AG,4036.0,0.0685905143618583,-0.36962993449330594,-0.24484305394294104,0.08621045189960001
POST_32.AG,Germany,Germany_Lech_EBA_possible.contam.AG,3930.0,0.0818620696663856,-0.42958194274934053,-0.27381981489394736,0.1703061845641654
POST_35.AG,Germany,Germany_Lech_EBA_possible.contam.AG,3932.0,0.7038660645484924,-0.3501841590986211,-0.2375523186089924,0.11207675352296324
POST_99.AG,Germany,Germany_Lech_EBA_possible.contam.AG,3962.0,0.8446674942970276,-0.39473256195910916,-0.23282425950197608,0.10180389482381638
UNTA58_147.AG,Germany,Germany_Lech_EBA_possible.contam.AG,3922.0,0.1475702226161956,-0.3972866703321937,-0.2054806140612405,0.1559929548893838
UNTA58_152.AG,Germany,Germany_Lech_EBA_possible.contam.AG,3848.0,0.0597674138844013,-0.35813990314039207,-0.22278895733837764,0.11238996141846894
UNTA58_68Sk2.AG,Germany,Germany_Lech_BellBeaker_possible.contam.AG,4347.0,0.6840438842773438,-0.39707612170850154,-0.24646989216283302,0.08535297196224793
UNTA85_1336.AG,Germany,Germany_Lech_BellBeaker_possible.contam.AG,4334.0,0.1038472428917884,-0.29531205566152513,-0.21288207280095062,0.12971752506550907
WEHR_1192SkB.AG,Germany,Germany_Lech_EBA.AG,3785.0,0.2117528319358825,-0.39271740653999976,-0.20618272628685608,0.13537393211241217
WEHR_1193.AG,Germany,Germany_Lech_EBA_possible.contam.AG,3823.0,0.058468971401453,-0.39236230337226324,-0.22414017805936545,0.13054616866163823
WEHR_1414.AG.SG,Germany,Germany_Lech_EBA_possible.contam.AG.SG,3908.0,0.1488094627857208,-0.3456615172107598,-0.2117767205212406,0.11175831302297998
WEHR_1415adult.AG,Germany,Germany_Lech_EBA_mother.WEHR_1415child_possible.contam.AG,3872.0,0.7466799020767212,-0.3730520110903704,-0.22442417454727406,0.1369565197379391
WEHR_1474.AG.SG,Germany,Germany_Lech_EBA_brother.WEHR_1564.son.WEHR_1586_contam.AG.SG,3924.0,0.4203361868858337,-0.30574230458485396,-0.2294454399196299,0.12853026028593156
WEHR_1564.AG.SG,Germany,Germany_Lech_EBA_brother.WEHR_1474.son.WEHR_1586_contam.AG.SG,3899.0,0.2589721381664276,-0.3385638648993564,-0.2670208847492773,0.10792173417650121
WEHR_1586.AG,Germany,Germany_Lech_EBA_possible.contam.AG,3835.0,0.8139030337333679,-0.35976589143529164,-0.19970090222096634,0.15647975354811416
BLS001.AG,Czechia,Czechia_N_GlobularAmphora_mother.or.daughter.BLS002.AG,4675.0,0.5356756448745728,-0.4130562083224445,0.0725963368590338,-0.1332427936163189
BLS002.AG,Czechia,Czechia_N_GlobularAmphora.AG,4692.0,0.6205254793167114,-0.31972641462860346,0.057328749660726784,-0.12886852255027267
BNL001.AG,Czechia,Czechia_EBA_Unetice_sister.BNL003.AG,4020.0,0.1569269746541977,-0.38096701248328024,0.05751070783202167,-0.15001683130427634
BNL002.AG,Czechia,Czechia_EBA_Unetice.AG,3995.0,0.5598027110099792,-0.403281865419829,-0.008623435897799875,-0.1080422116795133
BNL003.AG,Czechia,Czechia_EBA_Unetice.AG,3995.0,0.6097592115402222,-0.416098061163217,0.06712182538493892,-0.14936912945153338
BNL004.AG,Czechia,Czechia_EBA_Unetice.AG,3995.0,0.6283591389656067,-0.4317007235387867,0.007508345915138026,-0.13193380920749317
BNL005.AG,Czechia,Czechia_EBA_Unetice.AG,4084.0,0.6385123133659363,-0.35839347151438494,0.07100750543032082,-0.15810413602420512
BNL006.AG,Czechia,Czechia_EBA_Unetice.AG,4070.0,0.4989509582519531,-0.3268945272475655,0.12456113022616175,-0.13954455296277893
BNL007.AG,Czechia,Czechia_EBA_Unetice_father.or.son.BNL006.AG,4070.0,0.280501514673233,-0.4029953062582924,0.03749905676185295,-0.12243294710428326
BNL008.AG,Czechia,Czechia_EBA_Unetice.AG,3926.0,0.6272585988044739,-0.34562927396128,0.051595595784271454,-0.1536267755676539
BNL009.AG,Czechia,Czechia_EBA_Unetice.AG,3975.0,0.1870183050632476,-0.3897332111337396,0.04370525004485079,-0.1442355548215361
BNL010.AG,Czechia,Czechia_EBA_Unetice.AG,3772.0,0.2017148286104202,-0.38136058081147317,0.08870540243490596,-0.11553605714956175
BRZ001.AG,Czechia,Czechia_N_Jordanow_Michelsberg.AG,5820.0,0.0534998401999473,-0.3979799468356969,0.02531534790358821,-0.16472663303871396
BRZ002.AG,Czechia,Czechia_N_TRB.AG,5521.0,0.5344793796539307,-0.3339641458124414,-0.023926773651925744,-0.11571515828169136
BUT002.AG,Czechia,Czechia_EBA_CordedWare.AG,4350.0,0.2075760811567306,-0.38457543844965203,0.058654107399142175,-0.1398237287241546
BUT003.AG,Czechia,Czechia_EBA_CordedWare.AG,4335.0,0.3660391271114349,-0.3616649833962588,0.057163075671529895,-0.14033830205950845
CAH005.AG,Czechia,Czechia_EBA_CordedWare.AG,4349.0,0.5753045678138733,-0.36098682958662287,0.045928967504312836,-0.12330117891171183
CAH010.AG,Czechia,Czechia_EBA_CordedWare.AG,4275.0,0.6616783738136292,-0.4118506621463177,0.03554681455290567,-0.08975376462841232
CHL001.AG,Czechia,Czechia_EBA_Unetice.AG,3905.0,0.61451256275177,-0.3776194300531897,0.06659368796233626,-0.10068963265750644
CHL002.AG,Czechia,Czechia_EBA_Unetice.AG,4000.0,0.3583879470825195,-0.4065445486104969,0.03362846568598224,-0.15956011918337162
CHL003.AG,Czechia,Czechia_EBA_Unetice.AG,3937.0,0.5160050988197327,-0.4239744984380589,0.009159135575318248,-0.1354694939157011
CHL005.AG,Czechia,Czechia_EBA_Unetice.AG,4000.0,0.1671125888824463,-0.4339360360339351,0.05848987486043466,-0.13568208275950197
CHL006.AG,Czechia,Czechia_EBA_Unetice.AG,3897.0,0.356620728969574,-0.40619394645006146,0.0356785857992707,-0.12347945586112005
CHL007.AG,Czechia,Czechia_EBA_Unetice.AG,4000.0,0.1686332523822784,-0.38728073804768454,0.05962927043240086,-0.11722169326475386
CHL008.AG,Czechia,Czechia_EBA_Unetice.AG,3960.0,0.3222317993640899,-0.3645783939688011,-0.004596461794399073,-0.18378732563891448
DRO001.AG,Czechia,Czechia_EBA_CordedWare.AG,4697.0,0.5681805610656738,-0.3552516549736087,0.07893665835027328,-0.16544536301758328
HOL001.AG,Czechia,Czechia_N_TRB.AG,5613.0,0.740333616733551,-0.3513993688277875,0.03701705432320679,-0.1302793074574709
HOL002.AG,Czechia,Czechia_N_Baden.AG,5140.0,0.6465908885002136,-0.386551466286649,-0.009056929875924243,-0.1747677528787831
HOL004.AG,Czechia,Czechia_N_Baden.AG,5154.0,0.4588005244731903,-0.3852175528470189,0.005550067040054534,-0.17468151392898162
HOP001.AG,Czechia,Czechia_BellBeaker.AG,4240.0,0.8105024099349976,-0.39098729999139836,0.068913333637899,-0.1435452047430013
HOP002.AG,Czechia,Czechia_BellBeaker.AG,4177.0,0.1090613007545471,-0.3607381692876112,0.04612265498251383,-0.13332151005261994
HOP003.AG,Czechia,Czechia_BellBeaker.AG,4250.0,0.710874080657959,-0.3369777156176146,0.00485698750047047,-0.15637859868891735
HOP004.AG,Czechia,Czechia_BellBeaker_oAnatolia2.AG,4222.0,0.6754989624023438,-0.42207621027664705,-0.021535379760677358,-0.11860527803330412
KNE001.AG,Czechia,Czechia_EBA_Unetice.AG,4017.0,0.4839875996112823,-0.33991021482256817,0.060515067098442205,-0.1691610550726058
KNE002.AG,Czechia,Czechia_EBA_Unetice.AG,4043.0,0.4898642599582672,-0.39200101946250215,0.06387500006608021,-0.10584157146714482
KNE003.AG,Czechia,Czechia_EBA_Unetice.AG,3971.0,0.6638502478599548,-0.3786275570412015,0.009640601978635569,-0.13137522088751002
KNE004.AG,Czechia,Czechia_EBA_Unetice_mother.KNE001.KNE005.AG,4042.0,0.2806499302387237,-0.3730875625217015,0.015636292444780053,-0.1217381760908455
KNE005.AG,Czechia,Czechia_EBA_Unetice_sister.KNE001.daughter.KNE004.AG,4072.0,0.1703753322362899,-0.3845423339049113,-0.0006818646166030001,-0.14327250709277767
KNE006.AG,Czechia,Czechia_EBA_Unetice.AG,4065.0,0.134961262345314,-0.389410627630084,0.03748520874350654,-0.10422608484962183
KNE007.AG,Czechia,Czechia_EBA_Unetice.AG,3977.0,0.4369686245918274,-0.3810468170443725,0.04511698961757615,-0.1253839553185455
KO1001.AG,Czechia,Czechia_N_Rivnac_mother.or.daughter.KO1016.AG,4761.0,0.2582470774650574,-0.3767979953742947,0.04977735581903709,-0.17150527322554693
KO1002.AG,Czechia,Czechia_EBA_CordedWare.AG,4533.0,0.8426310420036316,-0.39258426772446503,0.0616175832776227,-0.14879160049679052
KO1003.AG,Czechia,Czechia_BellBeaker.AG,4160.0,0.7359841465950012,-0.4270174548637799,0.09326059992918749,-0.1476211116750812
KO1004.AG,Czechia,Czechia_BellBeaker.AG,4166.0,0.7010948061943054,-0.38239253397163475,0.003987139307644662,-0.13760452531280254
KO1005.AG,Czechia,Czechia_BellBeaker.AG,4331.0,0.577907919883728,-0.375729526253257,0.005744058508103351,-0.14718785289375966
KO1006.AG,Czechia,Czechia_EBA_Unetice.AG,3868.0,0.6254427433013916,-0.3556113446656674,0.06816292177814127,-0.1748189823493362
KO1007.AG,Czechia,Czechia_EBA_Unetice.AG,3737.0,0.5202662348747253,-0.3809606217595956,0.07593985367699145,-0.13285410011676413
KO1008.AG,Czechia,Czechia_EBA_Unetice.AG,3805.0,0.3944427073001861,-0.3713959381999406,0.052515481343069076,-0.1537250144848925
KO1009.AG,Czechia,Czechia_EBA_Unetice.AG,3894.0,0.5326699614524841,-0.37334393767635643,0.039905960235913814,-0.17076881227557514
KO1010.AG,Czechia,Czechia_EBA_Unetice.AG,3906.0,0.3915116786956787,-0.31728949113461935,0.01709082220518276,-0.11925366500115961
KO1011.AG,Czechia,Czechia_EBA_Unetice.AG,3993.0,0.3923170268535614,-0.3865110676301387,0.06865493653745192,-0.18349484193266571
KO1013.AG,Czechia,Czechia_EBA_Unetice.AG,3914.0,0.5120813846588135,-0.4460423965492367,0.06886125735590055,-0.18482117313914156
KO1014.AG,Czechia,Czechia_EBA_Unetice.AG,3915.0,0.4388161301612854,-0.32972252503396954,0.04694866216342625,-0.17707998743080838
KO1015.AG,Czechia,Czechia_EBA_Unetice.AG,3774.0,0.4275307655334472,-0.39147239279105944,0.04210762765220075,-0.11213762926075595
KO1016.AG,Czechia,Czechia_N_Rivnac.AG,4750.0,0.4946939051151275,-0.389399162293875,0.0621626983510442,-0.1402028438196364
KO7001.AG,Czechia,Czechia_EBA_Unetice.AG,3985.0,0.4813623130321502,-0.38107537144026216,0.059629366648617246,-0.13646742642940451
KO7002.AG,Czechia,Czechia_EBA_Unetice.AG,4000.0,0.404397189617157,-0.3997912238813791,0.08041152641862735,-0.1897967621928767
KO7003.AG,Czechia,Czechia_EBA_Unetice.AG,4124.0,0.0813227444887161,-0.3411563773008123,0.08024172952730271,-0.14413685453464853
KOB001.AG,Czechia,Czechia_N_TRB_1d.rel.KOB002.KOB007.AG,5650.0,0.0965950861573219,-0.4093152144028818,0.04347164107845138,-0.13209736888909107
KOB002.AG,Czechia,Czechia_N_TRB.AG,5630.0,0.5716184377670288,-0.3805986311694597,0.0056478713575045005,-0.09957396790749178
KOB003.AG,Czechia,Czechia_N_TRB.AG,5600.0,0.2405043542385101,-0.3476248958155628,0.04279489460836214,-0.1325330329218354
KOB004.AG,Czechia,Czechia_N_TRB.AG,5600.0,0.2524182498455047,-0.36485775587321084,-0.009465113479027143,-0.10590913315502716
KOB005.AG,Czechia,Czechia_N_TRB.AG,5704.0,0.052941046655178,-0.3972816144330949,0.030379925823815178,-0.13188289736046818
KOB007.AG,Czechia,Czechia_N_TRB_1d.rel.KOB002.KOB001.AG,5632.0,0.1760362684726715,-0.4067093915339103,0.0904737696985691,-0.09049249053646265
KON001.AG,Czechia,Czechia_EBA_CordedWare.AG,4697.0,0.3624819815158844,-0.3876603037998791,0.036249798971958125,-0.19505271929958598
KON003.AG,Czechia,Czechia_EBA_CordedWare.AG,4650.0,0.0757786035537719,-0.4294490394804577,0.07131293724483263,-0.13508979251657036
KON004.AG,Czechia,Czechia_EBA_CordedWare.AG,4398.0,0.6620814204216003,-0.45563645489188087,0.12156232679606659,-0.06265282375086005
KOP001.AG,Czechia,Czechia_BellBeaker_oAnatolia2.AG,4250.0,0.3884833455085754,-0.3986256614702325,0.02999392046283076,-0.13256572404464712
KOP002.AG,Czechia,Czechia_BellBeaker.AG,4250.0,0.4813444912433624,-0.3954834500215943,0.031020803904751964,-0.16710296631712346
KOP003.AG,Czechia,Czechia_BellBeaker.AG,4342.0,0.4535483419895172,-0.3826593729245511,0.030825453242224885,-0.1263171114051858
MIB001.AG,Czechia,Czechia_EBA_Unetice.AG,3779.0,0.4182470142841339,-0.38007041807878894,0.010147066628629445,-0.1601266309821899
MIB002.AG,Czechia,Czechia_EBA_Unetice_daughter.MIB062.AG,3765.0,0.589958906173706,-0.35011724233354974,0.04329192590974556,-0.14368185650031584
MIB003.AG,Czechia,Czechia_EBA_Unetice_sister.MIB064.daughter.MIB008.AG,3810.0,0.1978065073490142,-0.3962157342624609,0.07687733103582534,-0.15226297514235146
MIB004.AG,Czechia,Czechia_EBA_Unetice.AG,3769.0,0.4178195893764496,-0.3977936814127792,0.08360131678023801,-0.15945694246375486
MIB005.AG,Czechia,Czechia_EBA_Unetice.AG,3767.0,0.33881476521492,-0.3738674996339944,0.05384770340022993,-0.16265817181552156
MIB024.AG,Czechia,Czechia_EBA_Unetice_mother.or.daughter.MIB019.AG,3875.0,0.1883159428834915,-0.3558210758202093,0.042338641242856245,-0.13384253670900056
MIB028.AG,Czechia,Czechia_EBA_Unetice.AG,3855.0,0.6715939044952393,-0.39365511695037575,0.07295024433347484,-0.11278545275468202
MIB034.AG,Czechia,Czechia_EBA_Unetice.AG,3659.0,0.6966001391410828,-0.4374405660230683,0.11068249106962431,-0.1477146933893274
MIG010.AG,Czechia,Czechia_EBA_Unetice.AG,3992.0,0.2681131362915039,-0.40766334008700217,0.11106869344002297,-0.1472942373419393
MIG011.AG,Czechia,Czechia_EBA_Unetice.AG,3990.0,0.3815118074417114,-0.39791696854654174,0.061574235561829525,-0.1534879273732483
MIG012.AG,Czechia,Czechia_EBA_Unetice_contam.AG,3800.0,0.2706289291381836,-0.3328380051092847,0.050955277465896516,-0.10264352429451494
MIS001.AG,Czechia,Czechia_EBA_Unetice.AG,3908.0,0.7430083751678467,-0.35739045567646016,0.04375956314938019,-0.12798019749888964
MIS002.AG,Czechia,Czechia_EBA_Unetice.AG,3883.0,0.7374561429023743,-0.326137142408949,0.10175535308016187,-0.07334936795901532
MIS004.AG,Czechia,Czechia_EBA_Unetice.AG,3833.0,0.2383227050304412,-0.3842966450877642,0.05933763343137764,-0.11727437713015654
MIS006.AG,Czechia,Czechia_EBA_Unetice.AG,4235.0,0.1056379750370979,-0.3635528981710429,0.0698697032245176,-0.15866890578105086
NER001.AG,Czechia,Czechia_N_Jordanow.AG,6076.0,0.4973791837692261,-0.3862760425122193,0.041161875476191115,-0.11907219377408451
OBR001.AG,Czechia,Czechia_EBA_CordedWare.AG,4545.0,0.151625320315361,-0.403544557965489,0.08908659515393448,-0.13012754338648544
OBR002.AG,Czechia,Czechia_EBA_CordedWare_1d.rel.OBR001.AG,4382.0,0.0791824609041214,-0.39357992875744635,0.05079990629513835,-0.15142137540396178
OBR003.AG,Czechia,Czechia_EBA_CordedWare.AG,4835.0,0.3645768463611603,-0.3941821310104424,0.12864911714835178,-0.09533137173306477
OBR004.AG,Czechia,Czechia_EBA_CordedWare.AG,4512.0,0.3599313199520111,-0.36120146996806607,0.031240357923205522,-0.09721829726481047
OHR001.AG,Czechia,Czechia_EBA_CordedWare_2_dup.I13467.AG,4289.0,0.2666971087455749,-0.4008746928927512,0.01992890890511306,-0.1479754127900695
OHR002.AG,Czechia,Czechia_EBA_CordedWare.AG,4477.0,0.6586224436759949,-0.3815278866729837,0.07550579096652392,-0.12460573182379804
PDA001.AG,Czechia,Czechia_EBA_Unetice_sister.PDA002.AG,4017.0,0.4860751628875732,-0.4104660299408269,0.04209585507470405,-0.12165769218394641
PDA002.AG,Czechia,Czechia_EBA_Unetice.AG,4057.0,0.6106853485107422,-0.47138435803673484,0.036652195157999556,-0.2168867802305928
PDA003.AG,Czechia,Czechia_EBA_Unetice_sister.PDA002.AG,4131.0,0.5109800100326538,-0.3715809919755661,0.041025720446130794,-0.1482270517270093
PDA004.AG,Czechia,Czechia_EBA_Unetice_sister.PDA002.AG,4053.0,0.5422586798667908,-0.35104937800197966,0.015063477203079087,-0.15879677984722002
PDA005.AG,Czechia,Czechia_EBA_Unetice_father.or.son.PDA002.AG,4164.0,0.567570686340332,-0.35671060731385656,0.06241718969969336,-0.1724613214711472
PMI001.AG,Czechia,Czechia_EBA_Unetice.AG,4096.0,0.5885363817214966,-0.391756411811354,0.06179304588033305,-0.14852251917587797
PMI002.AG,Czechia,Czechia_EBA_Unetice_o.AG,4171.0,0.0600407309830188,-0.4123954250907759,0.05313332657719492,-0.10611220069761415
PMI003.AG,Czechia,Czechia_EBA_Unetice.AG,4005.0,0.3414067924022674,-0.35422445219575205,0.06876891320671484,-0.1354052858534487
PMI004.AG,Czechia,Czechia_EBA_Unetice.AG,4013.0,0.3936008810997009,-0.4062323443973256,0.0789784365386383,-0.16184658214901715
PMI006.AG,Czechia,Czechia_EBA_Unetice.AG,4104.0,0.3111727237701416,-0.40307612429255313,0.04575951457531571,-0.12798718926495092
PMI009.AG,Czechia,Czechia_EBA_Unetice.AG,3849.0,0.1228616386651992,-0.35771333272574724,0.0189111036513948,-0.13904735932364748
PMI010.AG,Czechia,Czechia_EBA_Unetice.AG,3902.0,0.3829043209552765,-0.37721995923281343,0.05719920858833698,-0.16988477549022565
PMI012.AG,Czechia,Czechia_EBA_Unetice.AG,3657.0,0.2698179185390472,-0.3820496939316986,0.061516425825629585,-0.15567640608130415
PNL001.AG,Czechia,Czechia_EBA_CordedWare.AG,4843.0,0.5325085520744324,-0.3906970157946701,0.07277317527393058,-0.12931979956604098
PNL002.AG,Czechia,Czechia_EBA_CordedWare.AG,4653.0,0.7137102484703064,-0.39946531961850723,0.04952262999762389,-0.07581312756387301
PRE001.AG,Czechia,Czechia_N_GlobularAmphora.AG,4625.0,0.6791112422943115,-0.3798821909878266,0.08408797019539542,-0.13493617238471928
PRU001.AG,Czechia,Czechia_BellBeaker_oAnatolia1.AG,4331.0,0.4351876378059387,-0.36658152844301917,0.06627597089251751,-0.14502622065411672
PRU002.AG,Czechia,Czechia_BellBeaker.AG,4470.0,0.5549446940422058,-0.3877504252852133,0.007433524677038258,-0.08258397443522111
PRU003.AG,Czechia,Czechia_BellBeaker.AG,4427.0,0.5028300881385803,-0.356704679797711,0.06430688860716093,-0.11960461917268038
PRU004.AG,Czechia,Czechia_BellBeaker_oSteppe.AG,4264.0,0.5126174688339233,-0.4033381334138297,0.09855258720205601,-0.1613710419763427
PRU005.AG,Czechia,Czechia_BellBeaker.AG,4350.0,0.2917114496231079,-0.3436719937410303,0.0760789853205868,-0.15589234984702255
RDV001.AG,Czechia,Czechia_EBA_CordedWare.AG,4592.0,0.6667918562889099,-0.4143470503694705,0.10834349514204952,-0.08463137935703724
ROU001.AG,Czechia,Czechia_EBA_Unetice.AG,4000.0,0.5286959409713745,-0.3578810981833134,0.0554317827452986,-0.1331280439803053
ROU002.AG,Czechia,Czechia_EBA_Unetice_mother.or.daughter.ROU003.mother.or.daughter.ROU004.AG,3997.0,0.3611089289188385,-0.3923861532796621,0.06178760664526967,-0.18069568490857538
ROU003.AG,Czechia,Czechia_EBA_Unetice.AG,3995.0,0.4328802824020386,-0.37874897472366387,0.05389776932705625,-0.18315082417274764
ROU004.AG,Czechia,Czechia_EBA_Unetice.AG,3995.0,0.4982510209083557,-0.39871734372838985,0.029972981781036977,-0.14762840532490734
ROU005.AG,Czechia,Czechia_EBA_Unetice_father.or.son.ROU007.AG,4000.0,0.3747413754463196,-0.3749425810761388,0.05373595058834865,-0.08636898793043123
ROU006.AG,Czechia,Czechia_EBA_Unetice.AG,4000.0,0.550121545791626,-0.40665155703271366,0.07302063628666866,-0.10585176235464273
ROU007.AG,Czechia,Czechia_EBA_Unetice.AG,4000.0,0.5465027689933777,-0.3701015440473376,0.07183170416008267,-0.08644093502989864
STD001.AG,Czechia,Czechia_EBA_CordedWare.AG,4500.0,0.5183400511741638,-0.4078852747022357,0.03532684485178602,-0.15339642951060278
STD002.AG,Czechia,Czechia_EBA_CordedWare.AG,4720.0,0.5600467920303345,-0.38034969297592225,0.06932496545222307,-0.18878146341115964
STD003.AG,Czechia,Czechia_EBA_CordedWare_o1.AG,4877.0,0.3145782053470611,-0.4088071112849143,0.0527164377228151,-0.16109770873075654
TIS001.AG,Czechia,Czechia_BellBeaker.AG,4326.0,0.0703098848462104,-0.35997890986586545,0.0471467109851182,-0.12877428967874185
TIS002.AG,Czechia,Czechia_BellBeaker_oSteppe.AG,4470.0,0.6890332698822021,-0.3781414946027178,0.023473803280154505,-0.15837547866897667
TOU001.AG,Czechia,Czechia_N_Rivnac.AG,4712.0,0.6914914846420288,-0.3746171862530495,-0.019577070452886473,-0.09021751043881043
TRM003.AG,Czechia,Czechia_EBA_CordedWare.AG,4620.0,0.6700610518455505,-0.3164743036037226,0.09289415951633155,-0.1602127686259661
TRM006.AG,Czechia,Czechia_EBA_CordedWare.AG,4644.0,0.7086040377616882,-0.33385465910248957,0.07967346927841788,-0.11759681910378496
TUC001.AG,Czechia,Czechia_N_Rivnac_sister.TUC004.AG,4940.0,0.452532947063446,-0.3049731153912839,0.07845832098927344,-0.14384610921074661
TUC002.AG,Czechia,Czechia_N_Rivnac_oAnatolia.AG,4932.0,0.4515816271305084,-0.3285187206989968,0.0743725237589292,-0.16211164719543866
TUC003.AG,Czechia,Czechia_N_Rivnac_oWHG.AG,4940.0,0.4690721035003662,-0.4184084268744624,0.07537846012933881,-0.09261365606543644
TUC004.AG,Czechia,Czechia_N_Rivnac.AG,4940.0,0.4950847923755646,-0.34326008022871274,0.05790509391258365,-0.11072789079536008
TUC005.AG,Czechia,Czechia_N_Rivnac.AG,4940.0,0.4510398507118225,-0.4082692060403867,0.02978830011542207,-0.129392001471345
TUC006.AG,Czechia,Czechia_N_Rivnac.AG,4879.0,0.4660664498806,-0.34148772364614866,0.04381095217961084,-0.1869974163899098
TUC007.AG,Czechia,Czechia_N_Jordanow.AG,6080.0,0.694922924041748,-0.33389020532394814,0.06404419017693518,-0.139844745835995
VLI004.AG,Czechia,Czechia_N_Jordanow.AG,6141.0,0.5682470798492432,-0.3353766764752676,0.05827934597934425,-0.12150893903719338
VLI006.AG,Czechia,Czechia_N_TRB.AG,5661.0,0.0682790875434875,-0.3409509668642896,0.04809702740352338,-0.164829355481316
VLI007.AG,Czechia,Czechia_EBA_CordedWare.AG,4739.0,0.6953965425491333,-0.4324056206464108,0.08108774872053987,-0.2188649840480072
VLI008.AG,Czechia,Czechia_EBA_CordedWare_o1.AG,4759.0,0.63707035779953,-0.34772469670309253,0.020927453990474475,-0.1316861387498125
VLI009.AG,Czechia,Czechia_EBA_CordedWare_o2.AG,4585.0,0.3850210905075073,-0.39761784995970584,0.02498967839943101,-0.1580299476042585
VLI010.AG,Czechia,Czechia_EBA_CordedWare.AG,4483.0,0.5489277243614197,-0.43147770515807515,0.08881895762953587,-0.16156442354158607
VLI011.AG,Czechia,Czechia_EBA_CordedWare.AG,4718.0,0.585066020488739,-0.4094397082527515,0.05234071488340312,-0.1392305726253784
VLI015.AG,Czechia,Czechia_EBA_CordedWare_father.or.son.VLI011.AG,4725.0,0.0779253765940666,-0.4179813978696916,0.05947859088608165,-0.14468865512952162
VLI016.AG,Czechia,Czechia_EBA_CordedWare.AG,4345.0,0.5879272818565369,-0.4265013360031907,0.07923155473224623,-0.18940987854647198
VLI017.AG,Czechia,Czechia_EBA_CordedWare.AG,4336.0,0.5816783905029297,-0.37606340288636964,0.1097184191385998,-0.14836128483125544
VLI019.AG,Czechia,Czechia_EBA_CordedWare.AG,4500.0,0.3773415088653564,-0.3966990946152717,0.06312670272373931,-0.08123138886337214
VLI020.AG,Czechia,Czechia_EBA_CordedWare.AG,4446.0,0.5450161695480347,-0.40911537003760845,0.060116779456846875,-0.12929433560430834
VLI022.AG,Czechia,Czechia_BellBeaker.AG,4265.0,0.2312579005956649,-0.4133144191726768,0.03906443159437304,-0.13378381036908382
VLI024.AG,Czechia,Czechia_BellBeaker.AG,4150.0,0.5682511329650879,-0.39325004377639394,0.08562108585989364,-0.11187029593944323
VLI025.AG,Czechia,Czechia_BellBeaker_oAnatolia2.AG,4150.0,0.0679952278733253,-0.3648831368782706,0.028418679527694477,-0.13602235994373293
VLI026.AG,Czechia,Czechia_BellBeaker.AG,4150.0,0.506963849067688,-0.4412061418167229,0.03981594291562377,-0.16349024967760767
VLI028.AG,Czechia,Czechia_BellBeaker.AG,4150.0,0.0785093083977699,-0.41252791163725455,0.036211494023063756,-0.1367733982995455
VLI029.AG,Czechia,Czechia_BellBeaker.AG,4150.0,0.5974316596984863,-0.3634113652126837,0.030433091393418297,-0.12340621970868239
VLI030.AG,Czechia,Czechia_BellBeaker.AG,4150.0,0.150557205080986,-0.3790866410092409,0.034934807730252995,-0.11587183744926641
VLI031.AG,Czechia,Czechia_N_GlobularAmphora.AG,4510.0,0.3252147436141968,-0.3716045403829941,0.017288173622157187,-0.13993468495959838
VLI032.AG,Czechia,Czechia_N_GlobularAmphora.AG,4682.0,0.2818356454372406,-0.38301237189436277,0.04510705737601548,-0.13022966792414004
VLI033.AG,Czechia,Czechia_N_GlobularAmphora_father.or.son.VLI032.AG,4682.0,0.1083313822746276,-0.37013847549223816,0.019568132695948807,-0.13153918231362055
VLI039.AG,Czechia,Czechia_EBA_Unetice.AG,4000.0,0.5587224364280701,-0.37889636667095217,0.028404303807959004,-0.1136214892290983
VLI042.AG,Czechia,Czechia_EBA_Unetice.AG,3774.0,0.1904067546129226,-0.3947037847080219,0.037944021628338154,-0.15990113001566728
VLI045.AG,Czechia,Czechia_EBA_Unetice.AG,3943.0,0.5501888394355774,-0.3615840425325425,0.062331470480460414,-0.14605413897446884
VLI046.AG,Czechia,Czechia_EBA_Unetice.AG,3809.0,0.1030865013599395,-0.4031358141992088,0.0857846389811499,-0.12962137391257733
VLI047.AG,Czechia,Czechia_EBA_Unetice.AG,3800.0,0.4270133376121521,-0.3896895406564744,0.06721266591555333,-0.13921623421775675
VLI050.AG,Czechia,Czechia_EBA_Unetice.AG,3796.0,0.5963708162307739,-0.32300515587774925,-0.018146246073238833,-0.11009165130236954
VLI051.AG,Czechia,Czechia_EBA_Unetice_o.AG,3721.0,0.391008049249649,-0.34378634522238904,0.04450639677271471,-0.12284957499878431
VLI058.AG,Czechia,Czechia_EBA_Unetice.AG,4066.0,0.3960209786891937,-0.4269450376284191,0.053769241643353186,-0.14645310985685783
VLI060.AG,Czechia,Czechia_EBA_Unetice.AG,3930.0,0.3722174763679504,-0.39608442621551115,0.07205233844519351,-0.09802103341671382
VLI061.AG,Czechia,Czechia_EBA_Unetice.AG,4000.0,0.5907382965087891,-0.34004466487102314,-0.028259532054963763,-0.18607719894545366
VLI064.AG,Czechia,Czechia_EBA_Unetice_mother.or.daughter.VLI058.AG,4018.0,0.273848682641983,-0.3561101534788652,0.07335148049097251,-0.13425022862033759
VLI065.AG,Czechia,Czechia_EBA_Unetice.AG,3936.0,0.3343079090118408,-0.43534457834266915,0.08530181856052149,-0.14767081126321097
VLI067.AG,Czechia,Czechia_EBA_CordedWare.AG,4718.0,0.6063163876533508,-0.43897983675024227,0.08537414364738578,-0.15539147003071765
VLI070.AG,Czechia,Czechia_EBA_CordedWare.AG,4351.0,0.2794698774814605,-0.3993331911424908,0.07531786569841423,-0.0793670580535302
VLI071.AG,Czechia,Czechia_EBA_CordedWare.AG,4715.0,0.6629419326782227,-0.42684111785853074,0.06636081567992633,-0.11237637888911302
VLI076.AG,Czechia,Czechia_EBA_CordedWare.AG,4906.0,0.6340281963348389,-0.41846672673056834,0.09062680457466456,-0.1799860367248101
VLI079.AG,Czechia,Czechia_EBA_CordedWare_o3.AG,4623.0,0.4712634682655334,-0.3913170830034746,0.043333577644022576,-0.12390090967624336
VLI081.AG,Czechia,Czechia_EBA_CordedWare.AG,4650.0,0.1210717186331749,-0.3798329924645251,0.04593891115631261,-0.13260165858368853
VLI085.AG,Czechia,Czechia_EBA_CordedWare.AG,4653.0,0.29871866106987,-0.3479818964604501,0.035148581068105936,-0.13464718296436096
VLI088.AG,Czechia,Czechia_EBA_CordedWare.AG,4736.0,0.2068940103054046,-0.3856275177334053,0.028042430019234607,-0.09254536130378435
VLI090.AG,Czechia,Czechia_EBA_CordedWare.AG,4768.0,0.3022912144660949,-0.38177789953962804,0.08148450842795145,-0.1344631162698075
VLI092.AG,Czechia,Czechia_EBA_CordedWare.AG,4719.0,0.6468950510025024,-0.3681570699782951,0.04183323001853511,-0.15462994625120158
VPR001.AG,Czechia,Czechia_N_Rivnac.AG,4756.0,0.6285772919654846,-0.43097782069578944,0.08026112176700492,-0.06870640827268429
ZEL001.AG,Czechia,Czechia_EBA_CordedWare.AG,4350.0,0.3004080355167389,-0.3938214670212429,0.056785256153920015,-0.14632662016712675
SB379D2_lib.AG.SG,UnitedKingdom,England_N.AG.SG,5533.0,0.511902928352356,-1.5456682187255422,0.03363702511772167,-0.622825501973335
SB415A_lib.AG.SG,UnitedKingdom,Wales_N.AG.SG,5300.0,0.106955885887146,-1.4740126027663796,0.04490934033545747,-0.6201888989139858
I3025.AG.SG,UnitedKingdom,England_Mesolithic.AG.SG,9257.0,0.0870023295283317,-1.4813829556636091,0.05028417142969402,-0.587077438527248
SB568A_lib.AG.SG,UnitedKingdom,Wales_N.AG.SG,4776.0,0.0977183505892753,-1.4964203535508986,0.08766433422420543,-0.5748118081828003
SB570A_lib.AG.SG,UnitedKingdom,Wales_N.AG.SG,4918.0,0.2144292145967483,-1.5750369551504142,0.13278210285077702,-0.5724999550932298
SB573A_lib.AG.SG,UnitedKingdom,Wales_N.AG.SG,5600.0,0.4630372822284698,-1.512397781425811,0.04444212566453749,-0.6154991067512906
SB577A_lib.AG.SG,UnitedKingdom,Wales_N.AG.SG,5200.0,0.1402523666620254,-1.5176060437532009,0.09997068138608917,-0.5701239519208234
SB603A_lib.AG.SG,UnitedKingdom,England_N.AG.SG,5516.0,0.5038178563117981,-1.6716230327126869,0.06812951715999228,-0.6064648743905164
I3025_enhanced.AG.SG,UnitedKingdom,England_Mesolithic.AG.SG,9257.0,0.0906470566987991,-1.4360339066723398,0.024050174081986057,-0.5360554587495456
I3033.AG.SG,UnitedKingdom,Wales_N.AG.SG,5533.0,0.0985318049788475,-1.493125813041018,0.10322340191910964,-0.6326535305587778
I3039.AG.SG,UnitedKingdom,England_N_1d.rel.I6761.AG.SG,5525.0,0.1146549135446548,-1.4654199437278066,0.11083345074344737,-0.6255437775470452
I3040.AG.SG,UnitedKingdom,England_N.AG.SG,5525.0,0.1577428579330444,-1.5367158428477956,0.11283117553511142,-0.5507400082945153
I3041.AG.SG,UnitedKingdom,Scotland_N_lowEEF.AG.SG,5440.0,0.5759874582290649,-1.4800444818448713,-0.01959430430357757,-0.5996376190999296
I5387.AG.SG,UnitedKingdom,England_N.AG.SG,4850.0,0.3378569483757019,-1.5241636915857109,0.0704695626641305,-0.6768136129925618
I6746.AG.SG,UnitedKingdom,England_N.AG.SG,5526.0,0.7843842506408691,-1.5341728988626366,0.047224276144048734,-0.5743805006775828
I6747.AG.SG,UnitedKingdom,England_N.AG.SG,5528.0,0.997519075870514,-1.500841619167734,0.040441213559706646,-0.6074334371575183
I6750.AG.SG,UnitedKingdom,England_N.AG.SG,5650.0,0.4047483801841736,-1.5728791135508815,0.027761164377508866,-0.550644796525889
I6751.AG.SG,UnitedKingdom,England_N.AG.SG,5650.0,0.8210976123809814,-1.5164090806462989,0.05721219143288266,-0.6017113913625431
I6753.AG.SG,UnitedKingdom,England_N.AG.SG,5305.0,0.7976720333099365,-1.5048279760493317,0.10470497959270274,-0.6375274115837907
I6755.AG.SG,UnitedKingdom,England_N.AG.SG,5528.0,0.4349702596664428,-1.5009799495443976,0.05774023224929551,-0.5739377555539757
I6757.AG.SG,UnitedKingdom,England_N.AG.SG,5493.0,0.730705201625824,-1.5493679937394518,0.003607575113704194,-0.6524639890453932
I6759.AG.SG,UnitedKingdom,England_N.AG.SG,5527.0,0.6958693861961365,-1.5404886971247767,-0.005253975481423645,-0.6380764557686112
I6760.AG.SG,UnitedKingdom,England_N.AG.SG,5781.0,0.6437766551971436,-1.633941690462343,0.12742039443605857,-0.5271970913944553
I6761.AG.SG,UnitedKingdom,England_N.AG.SG,5525.0,0.4771450161933899,-1.5318879742271947,0.044605151441832976,-0.6668110270709129
I6762.AG.SG,UnitedKingdom,England_N.AG.SG,5700.0,0.5422530174255371,-1.573131279282034,0.1282366963032067,-0.5549038431771194
I6764.AG.SG,UnitedKingdom,Scotland_N.AG.SG,5100.0,0.3023106753826141,-1.4597235918837037,0.11008530060452243,-0.6563462922392689
I6766.AG.SG,UnitedKingdom,Scotland_N.AG.SG,5100.0,0.6452153921127319,-1.5639088906455054,0.08724130106312097,-0.5563290106399947
I6767.AG.SG,UnitedKingdom,England_Mesolithic.AG.SG,10280.0,0.9510637521743774,-1.2857797473528632,0.048333569468970994,-0.43310265444425533
SB604.SG,UnitedKingdom,England_Medieval_Jewish.SG,768.0,0.9197534918785096,-1.3701772086303399,0.06020674568247231,-0.59532412698756
SB605.SG,UnitedKingdom,England_Medieval_Jewish.SG,768.0,0.832061767578125,-1.4009658413411576,0.12584650541115072,-0.5577022190771096
SB606.SG,UnitedKingdom,England_Medieval_Jewish.SG,768.0,0.1103289276361465,-1.5152852561906447,0.1457623664055751,-0.571684562316544
SB671.SG,UnitedKingdom,England_Medieval_Jewish.SG,784.0,0.130349799990654,-1.4936398015440848,0.17626936304863713,-0.5879879789619873
SB676.SG,UnitedKingdom,England_Medieval_Jewish.SG,768.0,0.8319312334060669,-1.3411031991128735,0.06462286815817597,-0.5716524074173798
SB696.SG,UnitedKingdom,England_Medieval_Jewish.SG,768.0,0.1857677102088928,-1.4702110987266288,0.07697427890348758,-0.5978600082225007
ATT26.SG,France,France_HautsDeFrance_IA2.SG,2200.0,0.1178195178508758,-1.0317116356172824,-0.8204036926685061,-0.023982912823502192
BERG02-2.SG,France,France_GrandEst_MN.SG,5867.0,0.3196722269058227,-0.9784861112297022,-0.8190827581945276,-0.017720596329053644
BERG157-2.SG,France,France_GrandEst_MN.SG,6050.0,0.3187654912471771,-0.9982798106841558,-0.8474060429426956,-0.03845916852435737
BERG157-7.SG,France,France_GrandEst_MN.SG,6112.0,0.253337949514389,-0.966578213304745,-0.8111610595679813,-0.01974233784627793
BES1248.SG,France,France_Occitanie_IA2.SG,2450.0,0.1411639600992202,-0.9825531466036587,-0.7972148116611236,-0.031087804821759848
BFM265.SG,France,France_HautsDeFrance_IA2.SG,2175.0,0.1906078904867172,-1.0110449340070382,-0.8485816237416939,-0.008143229194590413
BIS130.SG,France,France_GrandEst_EBA.SG,3850.0,0.1379896253347396,-0.9550930128270794,-0.7935271026033867,0.013911666675034023
BIS385.SG,France,France_GrandEst_EBA.SG,3850.0,0.1755650639533996,-0.9794490048339209,-0.8992650371945514,-0.012555553410018325
BLP10.SG,France,France_HautsDeFrance_MN.SG,6065.0,0.1867320090532302,-1.0017517748193105,-0.882337965757219,-0.0607943701452311
BUCH2.SG,France,France_GrandEst_MN.SG,6250.0,0.3280087113380432,-0.9759494436504027,-0.8376727333363123,-0.06308603293947766
CBV95.SG,France,France_HautsDeFrance_LN.SG,4447.0,0.1551605761051178,-0.9690465651762649,-0.809658867157669,-0.05311410690196431
COL11.SG,France,France_GrandEst_IA2.SG,2290.0,0.1254771798849105,-1.000915501085031,-0.8500031729927308,-0.03444217682463148
COL153A.SG,France,France_GrandEst_IA2.SG,2290.0,0.1343838274478912,-0.9643864653073007,-0.8081928081965261,0.018146062366989596
COL153i.SG,France,France_GrandEst_IA2.SG,2290.0,0.0971409082412719,-1.0103237494254862,-0.8633999519096469,-0.025148910088213135
CRE20D.SG,France,France_Occitanie_MN.SG,6250.0,0.2465310543775558,-0.9992334573216964,-0.8884056723490527,-0.050870683892047096
ERS1164.SG,France,France_GrandEst_IA2.SG,2200.0,0.1777231842279434,-0.95978999100979,-0.8189314041402472,0.006366609323678208
ERS86.SG,France,France_GrandEst_IA2.SG,2200.0,0.1665708273649215,-0.9584368039747835,-0.8019780518434496,-0.025611858015494617
ERS88.SG,France,France_GrandEst_IA2.SG,2200.0,0.120030365884304,-0.9944834472061218,-0.800075273553839,-0.03038274147777912
Es97-1.SG,France,France_HautsDeFrance_MN.SG,6500.0,0.2754050493240356,-1.009689598432412,-0.8476757297945924,-0.011212872100095621
EUG11.SG,France,France_Occitanie_EBA.SG,3882.0,0.1537323594093322,-1.0184725787590114,-0.8454511518050293,0.007915825166089852
Jeb8.SG,France,France_GrandEst_IA1.SG,2450.0,0.1227659434080123,-0.9686921782757905,-0.7738071194731175,-0.01045449706836967
MDV248.SG,France,France_HautsDeFrance_EN.SG,6963.0,0.1335387378931045,-0.938514781638429,-0.8329937809005552,-0.03196238001304712
Mor6.SG,France,France_GrandEst_EN_o.SG,7019.0,0.1628531068563461,-0.9514302066579328,-0.7991727914392813,-0.03426713483905987
NIED.SG,France,France_GrandEst_LBA.SG,2825.0,0.1227205246686935,-0.9768806957466611,-0.7923003622958014,-0.017713884457987192
NOR2B6.SG,France,France_GrandEst_IA1.SG,2700.0,0.1948406100273132,-0.9932454421892294,-0.8548679503332206,-0.019494342267937895
NOR3-15.SG,France,France_GrandEst_IA1.SG,2700.0,0.1139947399497032,-0.9459284343353543,-0.7957247359392197,-0.0009698735536409372
NOR3-6.SG,France,France_GrandEst_IA1.SG,2500.0,0.1491922587156295,-0.9615300223809512,-0.8447714718919456,-0.0010609802653903282
NOR4.SG,France,France_GrandEst_IA1.SG,2500.0,0.1053614169359207,-1.007471348474368,-0.8393584136583411,-0.029764302506227143
OBE3626-1.SG,France,France_GrandEst_EBA.SG,3774.0,0.2534936666488647,-0.9616175196600539,-0.8641060446011493,-0.02232339344229506
OBE3722.SG,France,France_GrandEst_EBA.SG,3750.0,0.1794182211160659,-0.9660386169745354,-0.8099139008249396,0.010226026227624517
PECH5.SG,France,France_Occitanie_IA2.SG,2400.0,0.0539061613380909,-1.0271841615061168,-0.851994723258571,-0.023780168242995347
PECH8.SG,France,France_Occitanie_IA2.SG,2400.0,0.1432126015424728,-0.8597173361541427,-0.8536815445447059,0.01728545532462615
PEI10.SG,France,France_Occitanie_LN.SG,4736.0,0.0536969192326068,-0.9895198449149453,-0.8262983409394369,0.02423613555947999
PEI2.SG,France,France_Occitanie_LN.SG,4750.0,0.2326009571552276,-0.9708340840922275,-0.832560177644357,-0.024972713686802882
PER503.SG,France,France_Mesolithic.SG,9050.0,0.2997438013553619,-0.9361049010062753,-0.771536339834675,-0.0446664663901265
PER3023.SG,France,France_Mesolithic.SG,9050.0,0.1675027012825012,-0.9625590879166562,-0.771779181856182,0.008054138381268392
PER3123.SG,France,France_Mesolithic_1d.rel.PER503.SG,9050.0,0.1388403922319412,-0.9445614920572756,-0.7941174237288734,-0.014722700087700342
PEY163.SG,France,France_Occitanie_IA2.SG,2250.0,0.1191366165876388,-0.9837840886386368,-0.8620576951304902,-0.027383364718368348
PEY53.SG,France,France_Occitanie_IA2.SG,2250.0,0.1328023374080658,-1.001538660396995,-0.8927323109809279,-0.028198876722563677
PIR3037AB.SG,France,France_Occitanie_EBA.SG,3995.0,0.0584194958209991,-0.9946570439539378,-0.882238440450899,-0.020872981057916493
PIR3116B.SG,France,France_Occitanie_EBA.SG,4170.0,0.1015731394290924,-0.9490504843200894,-0.857565722417344,-0.017667731154621853
Pir4.SG,France,France_Occitanie_MN.SG,6293.0,0.0768823996186256,-0.9655389213002499,-0.8230778614746728,-0.005147245127810956
Pir6.SG,France,France_Occitanie_MBA.SG,3584.0,0.0734371840953826,-0.9818727952561647,-0.858747554148813,-0.022428238430120023
PSS4170.SG,France,France_GrandEst_EBA.SG,4030.0,0.3613806068897247,-0.9694920905723143,-0.7834945238425384,-0.007005103793878367
PSS4693.SG,France,France_GrandEst_MN.SG,5396.0,0.5527167916297913,-0.9575416749226675,-0.7711898839045089,-0.042432776098436306
PT2.SG,France,France_Occitanie_IA2.SG,2375.0,0.1200441494584083,-0.9625391529738845,-0.87435437080323,0.03830539024063517
QUIN234.SG,France,France_Occitanie_EMBA.SG,3600.0,0.1304033249616623,-0.9348994818847879,-0.8628340390914319,-0.0346779180920698
QUIN58.SG,France,France_Occitanie_EMBA.SG,3600.0,0.1123053878545761,-0.9821539279738742,-0.8104427177386768,-0.0001579655256591421
RIX15.SG,France,France_GrandEst_EBA.SG,3600.0,0.1658149659633636,-0.9503038299967559,-0.8301016691489156,-0.005634670631171043
RIX2.SG,France,France_GrandEst_EBA_o.SG,3600.0,0.1804993152618408,-0.9672506261296503,-0.8509352401329792,-0.04997093352627346
RIX4.SG,France,France_GrandEst_EBA.SG,3664.0,0.195993885397911,-0.9455773681569004,-0.8546581741769115,-0.012102114969949774
ROS102.SG,France,France_GrandEst_MN.SG,6600.0,0.1585036069154739,-0.9275325772581442,-0.7855202137497559,-0.023079199830777327
ROS45.SG,France,France_GrandEst_MN.SG,6644.0,0.2586436569690704,-0.925831115390328,-0.8654214651598131,-0.025509399097983648
ROS78.SG,France,France_GrandEst_MN.SG,6600.0,0.3876617550849914,-0.9157261232935248,-0.7909885763644839,-0.01610576812953211
ROS82.SG,France,France_GrandEst_MN.SG,6619.0,0.1019348502159118,-0.9547635341088292,-0.8256211992294905,-0.026669962051743257
Schw72-15.SG,France,France_GrandEst_EN.SG,7025.0,0.2274509668350219,-0.9306626894981209,-0.8168653261498772,-0.013454935600091396
Schw432.SG,France,France_GrandEst_EN.SG,7031.0,0.1536528766155243,-0.9905139048175238,-0.945571900897207,-0.06485023457609279
WET370.SG,France,France_GrandEst_MN.SG,5494.0,0.1762503683567047,-1.0188261009460637,-0.8071571041995241,-0.046435313956478444
WEZ15.SG,Germany,Germany_Tollense_BA.SG,3200.0,0.1713193655014038,-0.3607238360913261,-0.25072022707773517,0.14482199886298133
WEZ35.SG,Germany,Germany_Tollense_BA.SG,3200.0,0.0603245869278907,-0.4169333991195139,-0.1977320394170265,0.13606851047414026
WEZ40.SG,Germany,Germany_Tollense_BA.SG,3200.0,0.0651607066392898,-0.36390761340152533,-0.19132445238810583,0.11634084756089048
WEZ54.SG,Germany,Germany_Tollense_BA.SG,3200.0,0.0551632456481456,-0.3192620240122461,-0.19289061377151404,0.13862313454552408
WEZ56.SG,Germany,Germany_Tollense_BA_o2.SG,3200.0,0.081819087266922,-0.3995365483782883,-0.18525228942566105,0.12624384547328654
WEZ59.SG,Germany,Germany_Tollense_BA.SG,3200.0,0.081674724817276,-0.36673789602994294,-0.24939701251117363,0.20085522965857924
WEZ61.SG,Germany,Germany_Tollense_BA.SG,3200.0,0.0839901939034462,-0.3706016096625738,-0.22055448635031058,0.11648621742830104
WEZ64.SG,Germany,Germany_Tollense_BA.SG,3200.0,0.0932982861995697,-0.29193244787013023,-0.2119997300056561,0.13833098082056514
ANN1.SG,Ireland,Ireland_MN.SG,5405.0,0.7568849921226501,-1.5844207073940548,-0.0717236385418126,-0.0007339315424833671
ANN2.SG,Ireland,Ireland_MN.SG,5521.0,0.3788897693157196,-1.6246311761519134,-0.035301930762295056,-0.006672294888268551
ARD2.SG,Ireland,Ireland_MN.SG,5401.0,0.8714157938957214,-1.590074238025429,-0.07271943979545668,0.012132788507458935
ASH1.SG,Ireland,Ireland_MN.SG,5501.0,0.6256884336471558,-1.6024371552115502,-0.0592818232392697,0.008866192834747053
ASH3.SG,Ireland,Ireland_EN_MN.SG,5609.0,0.7782658934593201,-1.6054468334088006,-0.08440398137889547,-0.015659346072721445
BG72.SG,Ireland,Ireland_MN.SG,5467.0,0.7723957300186157,-1.6243752929725566,-0.04977118196132278,-0.006858727754337256
CAK530.SG,Ireland,Ireland_LN.SG,4711.0,0.6751234531402588,-1.6101574299118124,-0.07749997994481159,0.005929959113487483
CAK531.SG,Ireland,Ireland_LN.SG,4701.0,0.6378927230834961,-1.6081998497046757,-0.07236009200204899,-0.012389169215992958
CAK532.SG,Ireland,Ireland_LN.SG,4892.0,0.8959767818450928,-1.6122741580988704,-0.04058258967549659,0.00993756476624641
CAK533.SG,Ireland,Ireland_LN.SG,4926.0,0.8322880864143372,-1.6206406444333796,-0.04856238887723452,-0.0003088678968125576
CAK68.SG,Ireland,Ireland_LN.SG,4503.0,0.820529043674469,-1.6689714290185096,-0.06449873845168118,-0.025292457127320443
CH448.SG,Ireland,Ireland_MN.SG,5517.0,0.7847719192504883,-1.5888807075342135,-0.06032940974432511,0.006672640605574535
GNM1007.SG,Ireland,Ireland_MN.SG,5288.0,0.5985338091850281,-1.6131134118953288,-0.06022295361533622,0.00023127277226564624
GNM1076.SG,Ireland,Ireland_MN.SG,5135.0,0.6944476366043091,-1.6257091860180257,-0.07157664040352722,-0.004008501851744671
KGH6.SG,Ireland,Ireland_Mesolithic.SG,6658.0,0.6883585453033447,-1.453629398935707,-0.06279897900849243,0.01790293856141557
MB6.SG,Ireland,Ireland_MN.SG,5192.0,0.72725510597229,-1.5663736320530508,-0.07447289906944433,0.008268922130561556
NG10.SG,Ireland,Ireland_MN.SG,5151.0,0.9994209408760072,-1.6091439883990377,-0.06562378036395285,0.0030268794369747113
NGZ1.SG,Ireland,Ireland_MN.SG,5024.0,0.4622262716293335,-1.6057238743328728,-0.06314990261356222,0.0007470465441335804
PB1327.SG,Ireland,Ireland_MN.SG,5407.0,0.5806548595428467,-1.5468612869820966,-0.04979061150852887,0.01475906897258759
PB1794.SG,Ireland,Ireland_MN.SG,5486.0,0.4692975580692291,-1.612713252568526,-0.04795163471613119,0.006520397378344846
PB186.SG,Ireland,Ireland_MN.SG,5393.0,0.8611149787902832,-1.586486580380841,-0.04380472959519827,0.020940773622823528
PB2031.SG,Ireland,Ireland_MN.SG,5431.0,0.6889441013336182,-1.6022889384460322,-0.06792729767792044,0.011967168354678022
PB357.SG,Ireland,Ireland_EN_MN.SG,5545.0,0.8817911744117737,-1.6264699753101397,-0.07657973755500411,-0.01326650606423727
PB443.SG,Ireland,Ireland_MN.SG,5474.0,0.9150884747505188,-1.5921330292662448,-0.05977935224714424,0.0005776192891795975
PB581.SG,Ireland,Ireland_MN.SG,5413.0,0.8592066764831543,-1.6014729207000689,-0.06888563839233038,0.0095305135574472
PB672.SG,Ireland,Ireland_MN.SG,5442.0,0.9150454998016356,-1.607770435442616,-0.05148201957115822,-0.005711826132086704
PB675.SG,Ireland,Ireland_MN.SG,5171.0,0.9994290471076964,-1.692084353426143,-0.044713472608133964,-0.004957069843605895
PB754.SG,Ireland,Ireland_MN.SG,5375.0,0.4224261939525604,-1.5412259867493903,-0.04609157454913218,0.018113504772878455
PB768.SG,Ireland,Ireland_MN.SG,5475.0,0.6976609230041504,-1.576134267636925,-0.07401130908974808,0.02135165398313848
PN02.SG,Ireland,Ireland_EN_MN.SG,5546.0,0.746553361415863,-1.5000475120249492,-0.05445041720067582,0.01777372133115156
PN03.SG,Ireland,Ireland_MN.SG,5460.0,0.7418275475502014,-1.6041918813565934,-0.06663299628364878,0.011675536419779179
PN04.SG,Ireland,Ireland_EN.SG,5742.0,0.7493084073066711,-1.6110904138624351,-0.06106292288541529,-0.002565652295492985
PN05.SG,Ireland,Ireland_EN.SG,5729.0,0.6911224722862244,-1.6130389583882123,-0.04346693508671003,-0.0034196883437763764
PN06.SG,Ireland,Ireland_MN.SG,5459.0,0.7374488115310669,-1.6096692392321046,-0.05792909357318194,0.0007813712890643904
PN07.SG,Ireland,Ireland_MN.SG,5410.0,0.7498290538787842,-1.6131053920520098,-0.05757667985038101,-0.004036364585838042
PN107.SG,Ireland,Ireland_EN.SG,5705.0,0.799787163734436,-1.6263543006773975,-0.04136314432422066,0.004896894339543018
PN10_PN113.SG,Ireland,Ireland_EN.SG,5746.0,0.8894472122192383,-1.5893038068087975,-0.08252277415188836,-0.009685838320931135
PN112.SG,Ireland,Ireland_EN_MN.SG,5558.0,0.6232326626777649,-1.6190648697652863,-0.054572281035516874,-0.00253225642953857
PN12.SG,Ireland,Ireland_MN.SG,5383.0,0.6210388541221619,-1.5974628960795738,-0.05702919498439823,0.012472748068198791
PN13.SG,Ireland,Ireland_EN_MN.SG,5572.0,0.5578886866569519,-1.560752211885892,-0.09669366617200267,0.00038482809884878493
PN16.SG,Ireland,Ireland_MN.SG,5442.0,0.4596342444419861,-1.622747442799568,-0.06929836541112186,-0.013624883966158645
SRA62.SG,Ireland,Ireland_Mesolithic.SG,6001.0,0.9991378784179688,-1.3387109337628003,-0.06046940634285162,0.02694408113711239
DER002.SG,Germany,Germany_Saxony_LBK_N.SG,7100.0,0.8826849460601807,-0.31484031843988747,-0.20834039518936937,0.1259627453583742
DER002.AG,Germany,Germany_Saxony_LBK_N.AG,7100.0,0.6306754350662231,-0.20802458059206697,-0.2705125029211231,0.1812569966315041
DER003.AG,Germany,Germany_Saxony_LBK_N.AG,7100.0,0.4008684456348419,-0.2660493173650224,-0.21144391896487444,0.1103048560954561
DER004.AG,Germany,Germany_Saxony_LBK_N.AG,7100.0,0.1681336760520935,-0.33816536941697684,-0.1891342825950289,0.1785258080777121
DER005.AG,Germany,Germany_Saxony_LBK_N.AG,7053.0,0.3655890226364136,-0.3832817662141602,-0.22450805555414657,0.15226850226215516
DER006.AG,Germany,Germany_Saxony_LBK_N.AG,7100.0,0.3850673139095306,-0.28244825099246246,-0.23274009137514995,0.10808086247748976
DER007.AG,Germany,Germany_Saxony_LBK_N.AG,7100.0,0.5578359961509705,-0.2823055144442667,-0.1914543338145177,0.1142390431713375
DER009.SG,Germany,Germany_Saxony_LBK_N.SG,7028.0,0.8805316686630249,-0.3558594070712741,-0.254566752979915,0.1201933355540541
DER009.AG,Germany,Germany_Saxony_LBK_N.AG,7028.0,0.6662784814834595,-0.3096750888624701,-0.1964225545858121,0.1017823047463569
DER010.AG,Germany,Germany_Saxony_LBK_N.AG,6966.0,0.4755067527294159,-0.3171288404077452,-0.2525566297461224,0.10331267385334861
DER011.AG,Germany,Germany_Saxony_LBK_N_son.DER022.AG,7100.0,0.3508040904998779,-0.23851619151182574,-0.28549116595710355,0.10449621523338228
DER012.AG,Germany,Germany_Saxony_LBK_N.AG,7100.0,0.4732683300971985,-0.336835287808067,-0.20586988743548185,0.1175540758329925
DER013.AG,Germany,Germany_Saxony_LBK_N.AG,7100.0,0.5988233685493469,-0.35300095867539855,-0.27204679318526565,0.08919928987971253
DER014.AG,Germany,Germany_Saxony_LBK_N_brother.DER015.AG,6854.0,0.3653570413589477,-0.3545677964251023,-0.19445049871888723,0.12813818685992928
DER015.AG,Germany,Germany_Saxony_LBK_N.AG,7100.0,0.4467657804489136,-0.3174049083708139,-0.23428800420688856,0.12665305205257116
DER017.AG,Germany,Germany_Saxony_LBK_N.AG,7100.0,0.1664775609970092,-0.3461266366686663,-0.235254738710152,0.09536625021275215
DER018.AG,Germany,Germany_Saxony_LBK_N.AG,7100.0,0.3547959327697754,-0.27316852978753736,-0.23626847910995943,0.08392383520886629
DER019.AG,Germany,Germany_Saxony_LBK_N_1d.rel.DER018.AG,7100.0,0.1939071267843246,-0.29241823479419604,-0.2367745762650385,0.10261707108032318
DER020.AG,Germany,Germany_Saxony_LBK_N.AG,6985.0,0.0878660678863525,-0.23457619870857765,-0.20029548576181178,0.15009207648429973
DER021.AG,Germany,Germany_Saxony_LBK_N.AG,7100.0,0.3647390604019165,-0.24463513043537005,-0.19331382312968715,0.08381980115944804
DER022.AG,Germany,Germany_Saxony_LBK_N.AG,7058.0,0.5166304111480713,-0.2614689470735343,-0.22476584409605288,0.0827550039615534
DER023.AG,Germany,Germany_Saxony_LBK_N.AG,7100.0,0.611291229724884,-0.29161832826923134,-0.21255691761526166,0.13101338495799053
DER024.AG,Germany,Germany_Saxony_LBK_N.AG,7047.0,0.4755570292472839,-0.2604287640041081,-0.21918958303121142,0.09140804745407258
DER026.AG,Germany,Germany_Saxony_LBK_N.AG,7100.0,0.3358666896820068,-0.30777561008126686,-0.22218007577114876,0.11371755068792391
DER028.AG,Germany,Germany_Saxony_LBK_N.AG,7100.0,0.602429986000061,-0.3208847336606333,-0.215814600745319,0.12208789888716377
DER029.AG,Germany,Germany_Saxony_LBK_N.AG,7100.0,0.3142359554767608,-0.34423319075727593,-0.2126394592071824,0.11302216369660999
DER030.AG,Germany,Germany_Saxony_LBK_N.AG,7100.0,0.2318402230739593,-0.3256646714481125,-0.23769265763795258,0.13266786450954182
DER031.AG,Germany,Germany_Saxony_LBK_N.AG,7047.0,0.1846663355827331,-0.3384054765591113,-0.2538163366472502,0.10565807119589854
DER032.AG,Germany,Germany_Saxony_LBK_N.AG,7172.0,0.544405460357666,-0.3226476915043949,-0.21546853641975833,0.11081019304304289
DER033.AG,Germany,Germany_Saxony_LBK_N.AG,7100.0,0.5932264924049377,-0.3015087906180492,-0.21474883648693452,0.11946672938920713
DER034.AG,Germany,Germany_Saxony_LBK_N.AG,7100.0,0.4730428755283355,-0.3115763831678646,-0.16850501248878794,0.10307668358894265
DER035.AG,Germany,Germany_Saxony_LBK_N.AG,7100.0,0.3307945728302002,-0.29513092496993476,-0.17259138112642616,0.12612989322871798
DER036.AG,Germany,Germany_Saxony_LBK_N.AG,7100.0,0.5844123363494873,-0.3496249064883146,-0.2585868591963319,0.14010416525518032
DER037.AG,Germany,Germany_Saxony_LBK_N.AG,7053.0,0.1214812844991684,-0.27802335630849934,-0.1875349213568197,0.12444397416254789
ajv28.SG,Sweden,Sweden_Gotland_Ajvide_PittedWare_BattleAxe.SG,4829.0,0.6451570391654968,-0.9114464061545866,2.421218367690536,0.8538967836823134
ajv36.SG,Sweden,Sweden_Gotland_Ajvide_PittedWare_BattleAxe.SG,4924.0,0.5071552395820618,-0.9472143572226166,2.47721958960084,0.8474150527703195
hem001.SG,Sweden,Sweden_Gotland_Hemmor_PittedWare_BattleAxe_minus.SG,4929.0,0.1416027247905731,-0.904482085439898,2.3999438854578132,0.858508700157007
hem004.SG,Sweden,Sweden_Gotland_Hemmor_PittedWare_BattleAxe_minus.SG,5145.0,0.5074253082275391,-0.9293816331694059,2.4497893522058916,0.8302006320071367
hem005.SG,Sweden,Sweden_Gotland_Hemmor_PittedWare_BattleAxe_minus.SG,5178.0,0.8792737722396851,-0.897062091738529,2.4198954890549924,0.9395251513085529
vbj001.SG,Sweden,Sweden_Gotland_Vasterbjers_PittedWare_BattleAxe_minus.SG,4675.0,0.943806767463684,-0.8308084361342697,2.2822557263089043,0.8648650123592705
vbj002.SG,Sweden,Sweden_Gotland_Vasterbjers_PittedWare_BattleAxe_minus.SG,4780.0,0.1061708182096481,-0.9193572441959228,2.4600348100394176,0.8394392774251621
vbj004.SG,Sweden,Sweden_Gotland_Vasterbjers_PittedWare_BattleAxe_minus.SG,4702.0,0.974264681339264,-0.8117221449689594,2.342081476531145,0.8411192513036949
vbj006_nonUDG.SG,Sweden,Sweden_Gotland_Vasterbjers_PittedWare_BattleAxe.SG,4898.0,0.9415991306304932,-0.8745555538168733,2.375898694024855,0.8872592469270995
vbj007.SG,Sweden,Sweden_Gotland_Vasterbjers_PittedWare_BattleAxe_minus.SG,4469.0,0.1169095560908317,-0.9481467769856099,2.465729408842296,0.840624418237724
vbj008.SG,Sweden,Sweden_Gotland_Vasterbjers_PittedWare_BattleAxe.SG,4663.0,0.5677328705787659,-0.9176162148773397,2.4393416488634934,0.8674972985413894
vbj012.SG,Sweden,Sweden_Gotland_Vasterbjers_PittedWare_BattleAxe.SG,4933.0,0.8187707662582397,-0.9279230385649624,2.4232807146593283,0.8446582358983677
vbj013.SG,Sweden,Sweden_Gotland_Vasterbjers_PittedWare_BattleAxe.SG,4778.0,0.9284030199050904,-0.8812210965814113,2.3521230780011058,0.8973757180759578
vbj014.SG,Sweden,Sweden_Gotland_Vasterbjers_PittedWare_BattleAxe_minus.SG,4802.0,0.0532678887248039,-0.9385687877209987,2.449848123303174,0.8405762733148052
vbj018.SG,Sweden,Sweden_Gotland_Vasterbjers_PittedWare_BattleAxe.SG,4868.0,0.7728272080421448,-0.9016253611083898,2.4065603072290953,0.8508800761493365
vbj017.SG,Sweden,Sweden_Gotland_Vasterbjers_PittedWare_BattleAxe.SG,4864.0,0.0646797716617584,-0.8797684152213162,2.38586496653627,0.8510496103147508
DA136.SG,Russia,Russia_Sarmatian.SG,2300.0,0.3169179856777191,-0.1009817445691511,0.690716189814141,-0.12516538847507291
MA2195.SG,Turkey,Turkey_Central_Kalehoyuk_Ottoman_A.SG,450.0,0.5651927590370178,1.4584339150340324,-0.5374192145388257,0.519848462416639
MA2196.SG,Turkey,Turkey_Central_Kalehoyuk_Ottoman_B.SG,450.0,0.2281484454870224,1.4579480026247913,-0.6050562747341183,0.5354712511625527
MA2197.SG,Turkey,Turkey_Central_Kalehoyuk_IA.SG,2133.0,0.1066558063030242,1.4476017865340844,-0.6150749268348165,0.5503299485140742
MA2198.SG,Turkey,Turkey_Central_Kalehoyuk_IA.SG,2133.0,0.4067775309085846,1.4528077454454167,-0.5793337705284675,0.5395904491429953
MA2200.SG,Turkey,Turkey_Central_Kalehoyuk_OldHittitePeriod.SG,3575.0,0.8752560019493103,1.430504476563349,-0.5967364432517891,0.5683012970864079
MA2203.SG,Turkey,Turkey_Central_Kalehoyuk_OldHittitePeriod.SG,3575.0,0.2783782482147217,1.4440182896061033,-0.5914117769346762,0.5619814605889519
MA2205.SG,Turkey,Turkey_Central_Kalehoyuk_AssyrianColonyPeriod.SG,3825.0,0.5459707379341125,1.4341060149624412,-0.5995693154504828,0.5545492815365897
MA2206.SG,Turkey,Turkey_Central_Kalehoyuk_AssyrianColonyPeriod.SG,3825.0,0.3494302034378052,1.4489909497788014,-0.5867144470628634,0.5376582743057646
MA2208.SG,Turkey,Turkey_Central_Kalehoyuk_AssyrianColonyPeriod.SG,3825.0,0.1025317683815956,1.4465185568870753,-0.5955745564863548,0.545657100547247
MA2210.SG,Turkey,Turkey_Central_Ovaoren_EBA_II.SG,4575.0,0.5849176049232483,1.4579872251843882,-0.6190332541109569,0.6060400767799095
MA2212.SG,Turkey,Turkey_Central_Ovaoren_EBA_II.SG,4575.0,0.596972644329071,1.4539398902560194,-0.5885531976561182,0.5945032593015961
MA2213.SG,Turkey,Turkey_Central_Ovaoren_EBA_II.SG,4575.0,0.6816748976707458,1.4229828108472253,-0.5263064944231592,0.5470935323091167
Falkenstein.AG,Germany,Germany_Mesolithic.AG,9161.0,0.1390301585197448,-0.37786485351218696,-0.2228546366900247,0.11118192181176928
Iboussieres25-1.AG,France,France_Mesolithic.AG,11675.0,0.0595946684479713,-0.9673677200600798,-0.8264087139977627,-0.009444859236910437
Iboussieres31-2.AG,France,France_Mesolithic.AG,11675.0,0.0607365854084491,-0.990522079847075,-0.7794953341290934,-0.026099621028940475
Rochedane.AG,France,France_Mesolithic.AG,13027.0,0.1264325678348541,-0.961653936930391,-0.8540567202442887,-0.025208883035547736
DA111.SG,Czechia,Czechia_IA_Hallstatt.SG,2752.0,0.562419056892395,-0.3893890206942032,0.03471869765609505,-0.11273378725611041
DA112.SG,Czechia,Czechia_IA_Hallstatt.SG,2507.0,0.3309210836887359,-0.36499451778984465,0.04458316864413982,-0.14132719243286104
DA119.SG,Slovakia,Slovakia_Poprad.SG,1600.0,0.5375223159790039,1.134011067133104,0.13286492358007274,-0.8163617841656224
DA134.SG,Russia,Russia_Sarmatian.SG,2300.0,0.3715232610702514,-0.09503479832309213,0.7336016985481354,-0.10095843578162063
DA139.SG,Russia,Russia_Sarmatian.SG,2300.0,0.5487638711929321,-0.14206945193280268,0.7326417671825692,-0.11500273045796135
DA141.SG,Russia,Russia_Sarmatian.SG,2300.0,0.3620683550834656,-0.1066798761028938,0.6699810139333404,-0.12165601156127949
DA142.SG,Russia,Russia_Medieval_Nomad.SG,1000.0,0.7010745406150818,-0.00170435434073409,0.698043016785611,-0.10248971000793113
DA143.SG,Russia,Russia_Sarmatian.SG,2300.0,0.4573422968387604,-0.02696733258313931,0.689836145065453,-0.11632767383171586
DA145.SG,Russia,Russia_Sarmatian.SG,2300.0,0.149601012468338,-0.1188961242075963,0.7364611340930568,-0.1141140655942304
DA146.SG,Russia,Russia_Alan.SG,1300.0,0.2225799709558487,-0.13067068631577364,0.746734737322041,-0.09883975291315922
DA160.SG,Russia,Russia_Alan.SG,1300.0,0.3884833455085754,-0.1067114500071166,0.7480986811706669,-0.09523932807346007
DA161.SG,Russia,Russia_Alan_o.SG,1300.0,0.1236321106553077,-0.03562926356904366,0.6930818469035682,-0.10864845195415777
DA162.SG,Russia,Russia_Alan.SG,1300.0,0.8706704378128052,-0.061460265002796347,0.7142523090992543,-0.16045005350554672
DA164.SG,Russia,Russia_Alan.SG,850.0,0.6702589392662048,-0.1242294643930681,0.685039138487796,-0.1171703128914333
DA171.SG,Lithuania,Lithuania_LateAntiquity.SG,1600.0,0.1275607049465179,-0.5426041271536612,0.26952472006811434,-0.5488247581228811
DA190.SG,Russia,Russia_SaltovoMayaki.SG,1263.0,0.0835644081234932,-0.10849530633599384,0.7122221718695385,-0.09577084374281966
DA191.SG,Hungary,Hungary_IA_Scythian.SG,2472.0,0.5372830629348755,1.5734290016627432,0.16288480060684504,-0.09064483959183224
DA194.SG,Hungary,Hungary_IA_Scythian.SG,2328.0,0.5237860679626465,1.7214595293263832,0.1005030814986682,-0.2181448061214172
DA195.SG,Hungary,Hungary_IA_Scythian_oAegean.SG,2572.0,0.576678454875946,1.6224442422300427,0.17074349973575134,-0.0934303511698994
DA197.SG,Hungary,Hungary_IA_Scythian.SG,2426.0,0.3756845891475677,1.6797583147513127,0.07844335684451054,-0.10720390303544367
DA198.SG,Hungary,Hungary_IA_Scythian_oAegean.SG,2441.0,0.4817986488342285,1.6457829967235793,0.03218426473322023,-0.07020217771244895
DA199.SG,Hungary,Hungary_Medieval.SG,703.0,0.3875644505023956,1.6782993639765944,0.08606891950830718,-0.09124785787392854
DA243.SG,Russia,Russia_Alan.SG,1050.0,0.9541375637054444,-0.03947825561029787,0.6250848017053883,-0.18277005807664853
CAM001.AG,Italy,Italy_Tuscany_Siena_Etruscan.AG,2597.0,0.7662887573242188,-0.06575766971054332,-0.7520914314215899,0.2429044877507591
CAM002.AG,Italy,Italy_Tuscany_Siena_Etruscan.AG,2589.0,0.6501553654670715,-0.12653845740031774,-0.6988607929589035,0.16545945039591808
CAM003.AG,Italy,Italy_Tuscany_Siena_Etruscan.AG,2594.0,0.506273627281189,-0.07210122315162162,-0.7427377832463172,0.2065959086532375
CSN001.AG,Italy,Italy_Tuscany_Grosseto_Etruscan.AG,2350.0,0.618381142616272,-0.004411100119655839,-0.7281838721010171,0.2012285624045435
CSN003.AG,Italy,Italy_Tuscany_Grosseto_Etruscan.AG,2231.0,0.3898377418518066,-0.06901510460460314,-0.724818817233475,0.17306929903068113
CSN004.AG,Italy,Italy_Tuscany_Grosseto_Etruscan.AG,2350.0,0.394154816865921,-0.10051640737230415,-0.7217437366219117,0.21378167478055357
CSN005.AG,Italy,Italy_Tuscany_Grosseto_Etruscan.AG,2350.0,0.0729092061519622,-0.10082937222186364,-0.729684002650019,0.18875728497615668
CSN006.AG,Italy,Italy_Tuscany_Grosseto_Etruscan.AG,2396.0,0.530823290348053,-0.13413644853968076,-0.7351695054877815,0.21152349523484526
CSN008.AG,Italy,Italy_Tuscany_Grosseto_Etruscan.AG,2350.0,0.1921334117650985,-0.09807862898483642,-0.7139954570363163,0.20183745816272328
CSN009.AG,Italy,Italy_Tuscany_Grosseto_Etruscan.AG,2300.0,0.2223999202251434,-0.053007984872833556,-0.739665798739166,0.22956395166538798
CSN010.AG.SG,Italy,Italy_Tuscany_Etruscan.AG.SG,2263.0,0.166376993060112,-0.03648167250875911,-0.729686437528198,0.2004116878156126
CSN013.AG,Italy,Italy_Tuscany_Grosseto_Etruscan.AG,2350.0,0.5640362501144409,-0.061589707419628006,-0.6950138871129566,0.2446134763118847
ETR003.AG,Italy,Italy_Tuscany_Siena_EarlyMedieval.AG,877.0,0.2245458960533142,-0.09280891787745195,-0.7027754362197798,0.21624549101137575
ETR005.AG,Italy,Italy_Tuscany_Siena_Etruscan.AG,2737.0,0.1214269399642944,-0.058031119721212984,-0.7187045461169008,0.2244892561000484
ETR007.AG,Italy,Italy_Tuscany_Siena_EarlyMedieval.AG,1088.0,0.4625693261623382,-0.047102171037229495,-0.7350133237299485,0.21977687915731975
ETR010.AG,Italy,Italy_Tuscany_Siena_EarlyMedieval.AG,1000.0,0.5650556683540344,-0.08050205223701036,-0.7314937153769923,0.20769397968534298
ETR013.AG,Italy,Italy_Tuscany_Siena_EarlyMedieval.AG,982.0,0.5497452020645142,-0.04695562066366093,-0.7131978583913735,0.21426266219448023
ETR014.AG,Italy,Italy_Tuscany_Siena_EarlyMedieval.AG,944.0,0.3001249730587005,-0.04483352495531317,-0.6907260867386179,0.20820638278099413
MAG001.AG,Italy,Italy_Tuscany_Grosseto_Etruscan.AG,2617.0,0.4701329171657562,-0.013821603965589254,-0.7349085752429507,0.19471839132823726
MAS001.AG,Italy,Italy_Tuscany_Grosseto_Etruscan_oLevant.AG,2136.0,0.358416348695755,-0.0605417574129338,-0.7112259824949229,0.1830174142585723
MAS002.AG,Italy,Italy_Tuscany_Grosseto_Imperial.AG,1638.0,0.3015256226062774,-0.016619859989017067,-0.7321199514828258,0.2041663542302595
MAS004.AG,Italy,Italy_Tuscany_Grosseto_Etruscan.AG,2675.0,0.0985455960035324,-0.059014165191103314,-0.69963951300277,0.2166948617822379
POP001.AG,Italy,Italy_Tuscany_Grosseto_EarlyMedieval.AG,1089.0,0.6886123418807983,-0.09392051623925189,-0.7191313253531265,0.24433115137499264
PRZ001.AG,Italy,Italy_Tuscany_Siena_Etruscan.AG,2610.0,0.5958217978477478,-0.10599664209319007,-0.6539306921745486,0.18513915155511587
PRZ002.AG,Italy,Italy_Tuscany_Siena_Etruscan.AG,2579.0,0.618727445602417,-0.07006424031134677,-0.746830109231259,0.18752969848908943
TAQ001.AG,Italy,Italy_Lazio_Viterbo_Etruscan_sister.TAQ024.TAQ017.AG,2175.0,0.6833926439285278,-0.05769861469288202,-0.6923265630724459,0.1932732186264817
TAQ002.AG,Italy,Italy_Lazio_Viterbo_Etruscan.AG,1960.0,0.7032431960105896,-0.11346002273349043,-0.7373808497820005,0.23980949742724278
TAQ003.AG,Italy,Italy_Lazio_Viterbo_EarlyMedieval.AG,1109.0,0.6065986156463623,-0.1273128758599115,-0.7125033239419768,0.245320255971418
TAQ004.AG,Italy,Italy_Lazio_Viterbo_Etruscan.AG,2151.0,0.6565843224525452,-0.025775978391525615,-0.7041882603069932,0.22259307227093267
TAQ005.AG,Italy,Italy_Lazio_Viterbo_Etruscan_father.TAQ018.TAQ015.AG,2143.0,0.6960453987121582,-0.023392558419297372,-0.7212379990730111,0.17896633312050517
TAQ006.AG,Italy,Italy_Lazio_Viterbo_Etruscan.AG,2151.0,0.270803302526474,-0.045175717691807046,-0.7385890068238612,0.20765107749822623
TAQ007.AG,Italy,Italy_Lazio_Viterbo_Etruscan.AG,2240.0,0.6007211804389954,0.0052174945344386605,-0.7301498326307732,0.29580479189735
TAQ008.AG,Italy,Italy_Lazio_Viterbo_Etruscan.AG,2151.0,0.4187985062599182,-0.09453820138105243,-0.6955339766237483,0.20707499558673859
TAQ009.AG,Italy,Italy_Lazio_Viterbo_EarlyMedieval.AG,972.0,0.7271229028701782,-0.12155383974514619,-0.7272748383062397,0.2272242619245523
TAQ010.AG,Italy,Italy_Lazio_Viterbo_Etruscan.AG,2151.0,0.5317575931549072,-0.0537532555555208,-0.6909347280576448,0.19614964148604716
TAQ011.AG,Italy,Italy_Lazio_Viterbo_EarlyMedieval.AG,991.0,0.6508511900901794,-0.07042103422162121,-0.7478387197005403,0.2301269813326016
TAQ012.AG,Italy,Italy_Lazio_Viterbo_Etruscan.AG,2151.0,0.5405101180076599,-0.07371221386461263,-0.7338730269307029,0.2055876911595776
TAQ013.AG,Italy,Italy_Lazio_Viterbo_Etruscan.AG,2151.0,0.3863552212715149,-0.04402085423470733,-0.707577686724521,0.20935255174301762
TAQ015.AG,Italy,Italy_Lazio_Viterbo_Etruscan.AG,2096.0,0.7199202179908752,-0.03179428738905159,-0.7203377586031433,0.19375881365775527
TAQ016.AG,Italy,Italy_Lazio_Viterbo_Etruscan.AG,2151.0,0.7016835808753967,-0.07399918584326513,-0.7800060737795231,0.19355067213202923
TAQ017.AG,Italy,Italy_Lazio_Viterbo_Etruscan_brother.TAQ024.TAQ001.AG,2175.0,0.6748428344726562,0.008742640343470963,-0.6583968545349683,0.1183420236341577
TAQ018.AG,Italy,Italy_Lazio_Viterbo_Etruscan_son.TAQ005.brother.TAQ015.AG,2143.0,0.7068076133728027,-0.05720837787078206,-0.651704137869488,0.1758235755903642
TAQ019.AG,Italy,Italy_Lazio_Viterbo_Etruscan.AG,2173.0,0.7471267580986023,-0.09343950881811973,-0.7090388804668105,0.20462419464807818
TAQ020.AG,Italy,Italy_Lazio_Viterbo_Imperial.AG,1754.0,0.0868798643350601,-0.050461564210034955,-0.7560138505060517,0.21847467203895715
TAQ021.AG,Italy,Italy_Lazio_Viterbo_Imperial.AG,1564.0,0.2774431407451629,-0.07320627735745965,-0.6810603610401764,0.20581798806723703
TAQ022.AG,Italy,Italy_Lazio_Viterbo_EarlyMedieval.AG,859.0,0.5158640146255493,-0.10327536243007764,-0.7124854161440787,0.20345813443840516
TAQ023.AG,Italy,Italy_Lazio_Viterbo_Etruscan.AG,2265.0,0.6543734669685364,-0.05705696909953694,-0.7041158884122151,0.20220324170515686
TAQ024.AG,Italy,Italy_Lazio_Viterbo_Etruscan.AG,2167.0,0.710612952709198,0.056517584948243306,-0.7806284259434793,0.17379153990717727
VEN001.AG,Italy,Italy_Basilicata_Venosa.AG,1225.0,0.5148964524269104,-0.06841708634855642,-0.7759202805559011,0.2381766849126006
VEN005.AG,Italy,Italy_Basilicata_Venosa.AG,1250.0,0.1851497143507003,-0.05019202784337448,-0.7307465526351613,0.23046545527297727
VEN006.AG,Italy,Italy_Basilicata_Venosa.AG,1250.0,0.3921864628791809,-0.08551161364602353,-0.7241084449883642,0.1886331832865977
VEN008.AG,Italy,Italy_Basilicata_Venosa.AG,1250.0,0.0697527080774307,-0.07584167941895872,-0.6965366317307861,0.18119837461791996
VEN009.AG,Italy,Italy_Basilicata_Venosa.AG,1250.0,0.0842862129211425,-0.05915672661820136,-0.7237771610224699,0.18699564904428603
VEN010.AG,Italy,Italy_Basilicata_Venosa.AG,1250.0,0.0898254960775375,-0.1385437711887844,-0.7016628472295269,0.20886457496023791
VEN012.AG,Italy,Italy_Basilicata_Venosa.AG,1250.0,0.1612586379051208,-0.0568664261139774,-0.6637072123871489,0.20699368133804558
VEN013.AG,Italy,Italy_Basilicata_Venosa.AG,1250.0,0.4684403240680694,-0.11147835727297896,-0.7511469773438472,0.17071103002872884
VEN015.AG,Italy,Italy_Basilicata_Venosa.AG,1250.0,0.7307473421096802,0.08895199666848194,-0.7313707993043232,0.2064434031512194
VEN016.AG,Italy,Italy_Basilicata_Venosa.AG,1250.0,0.3522485196590423,-0.052066183586325004,-0.7744754846569509,0.20572252732465682
VEN018.AG,Italy,Italy_Basilicata_Venosa.AG,1250.0,0.0531713776290416,-0.034222520062698436,-0.7183998890130642,0.19551495851773323
VET001.AG,Italy,Italy_Tuscany_Grosseto_Etruscan.AG,2500.0,0.1513414680957794,-0.09000286254855633,-0.717019848657542,0.22718821969831002
VET002.AG,Italy,Italy_Tuscany_Grosseto_Etruscan.AG,2614.0,0.5306829810142517,-0.11602879638519982,-0.6787762993292326,0.20639722450593095
VET003_4.AG,Italy,Italy_Tuscany_Grosseto_Etruscan.AG,2705.0,0.7889227271080017,-0.1107586870500711,-0.7668706703841691,0.16816888633232158
VET005.AG,Italy,Italy_Tuscany_Grosseto_Etruscan_oSteppe.AG,2226.0,0.5669980645179749,-0.06220536034322474,-0.7088631533555223,0.192395694866075
VET006_9.AG,Italy,Italy_Tuscany_Grosseto_Etruscan_oEastMed.AG,2225.0,0.6116148233413696,-0.0880011864737121,-0.7642554571239262,0.19480788964462875
VET007.AG,Italy,Italy_Tuscany_Grosseto_Etruscan.AG,2721.0,0.6409680843353271,-0.1023766509246948,-0.7047425780323191,0.19048036744937494
VET008.AG,Italy,Italy_Tuscany_Grosseto_Etruscan_oEastMed.AG,2229.0,0.6441359519958496,-0.11275110757708429,-0.7581062638584429,0.19267106591471964
VET010.AG,Italy,Italy_Tuscany_Grosseto_Etruscan.AG,2603.0,0.3417271375656128,-0.09046883370255811,-0.7567060056579951,0.1706799369302962
VEU001.AG,Italy,Italy_Tuscany_Grosseto_Etruscan.AG,2615.0,0.2035404294729232,-0.08969272110391198,-0.7580357010619343,0.1717663752786467
VOL001.AG,Italy,Italy_Tuscany_Pisa_Etruscan.AG,2072.0,0.7562742829322815,-0.06744507667208069,-0.7857629416214542,0.20062023151190542
KFH2_KFH002.A0101.AG,Israel,Israel_Middle_Late_PPNB.AG,9591.0,0.1110685765743255,1.4267383483701812,-1.0255629988762345,0.9506075384074834
ZBC_IPB001.B-C0101_Luk2-Pinarbasi.AG,Turkey,Turkey_Central_Pinarbasi_Epipaleolithic.AG,15411.0,0.7569952607154846,1.469940168908507,-0.5925616523429084,0.5725929988183671
ZHAG_BON004.A0101_Luk10.AG,Turkey,Turkey_Central_Boncuklu_PPN.AG,9900.0,0.6923032999038696,1.477235476555494,-0.6011763282749069,0.5268029195608086
ZHAJ_BON034.A0101_Luk9.AG,Turkey,Turkey_Central_Boncuklu_PPN.AG,9900.0,0.4563350081443786,1.5272408673042224,-0.5803441029203732,0.5182787917864362
ZHJ_BON024.A0101_Luk84.AG,Turkey,Turkey_Central_Boncuklu_PPN.AG,10190.0,0.4966411590576172,1.4346440424804359,-0.596786935250944,0.5407680558974233
ZKO_BON001.A0101_Luk7.AG,Turkey,Turkey_Central_Boncuklu_PPN.AG,9900.0,0.5407655835151672,1.4427043301028262,-0.5768040779339743,0.5348075960877716
ZMOJ_BON014.A0101_Luk21.AG,Turkey,Turkey_Central_Boncuklu_PPN.AG,9900.0,0.4926225543022156,1.4796856649611656,-0.5988950485124146,0.5354404198721723
ASH008.AG,Israel,Israel_Ashkelon_IA2.AG,3095.0,0.3349275290966034,1.4486460608704734,-1.0314395072619342,0.9756660308082228
ASH029.AG,Israel,Israel_Ashkelon_LBA.AG,3513.0,0.0942277163267135,1.4382570041471257,-1.0262459682449077,0.9699006940617505
ASH033.AG,Israel,Israel_Ashkelon_LBA.AG,3639.0,0.0839528888463974,1.448902084755648,-1.0360246913070486,0.9721539290393321
ASH034.AG,Israel,Israel_Ashkelon_LBA.AG,3550.0,0.2551222145557403,1.4476429285418404,-1.0369493907889207,0.9866353187671785
ASH066.AG,Israel,Israel_Ashkelon_IA1.AG,3184.0,0.1343505680561065,1.4395405583034744,-1.0259010471621566,0.9766764687022073
ASH067.AG,Israel,Israel_Ashkelon_IA1.AG,3206.0,0.1280351430177688,1.4269356813960068,-1.0136561133587203,0.9566938634944774
ASH068.AG,Israel,Israel_Ashkelon_IA1_o.AG,3167.0,0.1880199164152145,1.4535296557448505,-1.0111800285361885,0.9783860456194496
ASH087.AG,Israel,Israel_Ashkelon_IA2.AG,3100.0,0.1536050289869308,1.4346003044100517,-1.0328790879891248,0.9513843460218853
ASH135.AG,Israel,Israel_Ashkelon_IA2.AG,3100.0,0.0691987872123718,1.4318114680998164,-1.02764980313712,0.9626544193545622
ASH2-3.AG,Israel,Israel_Ashkelon_IA1.AG,3213.0,0.0597219988703727,1.4564675575443544,-1.0371936476873311,0.9815989762132038
N18.SG,Poland,Poland_TRB.SG,5459.0,0.8795381784439087,-0.20859290409161646,1.8984046074085907,-0.22631247168260693
N19.SG,Poland,Poland_TRB_o.SG,5490.0,0.8787239193916321,-0.1589808021389894,1.8406426437380334,-0.20823295528512414
N20.SG,Poland,Poland_TRB.SG,5467.0,0.6546062231063843,-0.1467590515011017,1.8670790784094375,-0.2172623861700352
N22.SG,Poland,Poland_BKG_o2.SG,6263.0,0.8559577465057373,-0.24307601471915338,1.632427540511258,-0.20404001192890386
N25.SG,Poland,Poland_BKG.SG,6250.0,0.9184744954109192,-0.1931406405179957,1.8432557203440483,-0.21408928769880756
N26.SG,Poland,Poland_BKG.SG,6177.0,0.9109774231910706,-0.1300948358115645,1.7872967145874832,-0.21324002542991533
N27.SG,Poland,Poland_BKG.SG,6250.0,0.8779947757720947,-0.13066789192480704,1.8576049303696243,-0.19925650681633247
N28.SG,Poland,Poland_BKG.SG,6074.0,0.864393949508667,-0.13645045454605534,1.845741776081811,-0.21891688426018188
N31.SG,Poland,Poland_BKG.SG,6130.0,0.8572447896003723,-0.1624502073566577,1.8260178493262542,-0.24053482620527253
N36.SG,Poland,Poland_BKG.SG,6250.0,0.8668440580368042,-0.11914334826315298,1.8583573015864072,-0.23702860900856654
N38.SG,Poland,Poland_GlobularAmphora.SG,4959.0,0.8896759152412415,-0.19131706087028513,1.9019287661689412,-0.2227057361018927
N42.SG,Poland,Poland_BKG_o1.SG,6049.0,0.5508319735527039,-0.20268985553660618,1.8013154701146785,-0.20003949483024816
N44.SG,Poland,Poland_CordedWare_3.SG,4400.0,0.8660703301429749,-0.18063909909961195,1.847112384496632,-0.2208982389767124
N45.SG,Poland,Poland_CordedWare_3.SG,4375.0,0.8967821002006531,-0.16014337485339716,1.8367235662093007,-0.2475819360183268
N47.SG,Poland,Poland_CordedWare_1.SG,4375.0,0.910769820213318,-0.24678573660300343,1.9001488978878411,-0.20321689003444943
N49.SG,Poland,Poland_CordedWare_1.SG,4375.0,0.8805178999900818,-0.20071499766294862,1.8811078660472145,-0.20997663466772132
ATT27.SG,France,France_Oise_IA.SG,2220.0,0.1467113494873047,-0.98452784500847,-0.9183797947456684,-0.09838746855742145
ATT3.SG,France,France_Oise_IA.SG,2220.0,0.2431758642196655,-1.007416616758708,-0.8619676409571325,0.0250170365189815
ATT52-2.SG,France,France_Oise_IA.SG,2220.0,0.1704913079738617,-1.0012093563618245,-0.8305943359003254,-0.016570245351275215
BES1096B.SG,France,France_Aude_IA.SG,2413.0,0.0978440642356872,-1.0187592067103364,-0.8148763457853052,-0.02978215964812623
BES1154.SG,France,France_Aude_IA.SG,2443.0,0.0918141156435012,-0.970480130674382,-0.8275148766139588,-0.029027051764960055
BES1249.SG,France,France_Aude_IA.SG,2000.0,0.0708265006542205,-0.9659955442897569,-0.802048120321813,-0.004340270586368157
BFT228.SG,France,France_Aisne_IA.SG,2275.0,0.1120036840438842,-1.0668234958063596,-0.7869688460001855,-0.05579387260827293
BLH447.SG,France,France_Aisne_IA.SG,2275.0,0.0986072346568107,-0.9907345910323546,-0.818242188135053,0.007203843072346282
BPV1445.SG,France,France_Aube_BA.SG,5575.0,0.1538937538862228,-0.9480796090137973,-0.8354433894574937,-0.03798140886530799
BPV1455.SG,France,France_Aube_BA.SG,5575.0,0.1105600669980049,-0.9763145081926051,-0.8644810400718074,-0.020970303439072423
BUCH48-1.SG,France,France_Aube_IA.SG,2313.0,0.2109807431697845,-0.9800389269927352,-0.7977599955744631,-0.00845553539477112
BUCH48-2.SG,France,France_Aube_IA.SG,2313.0,0.1086168587207794,-0.9840862172803743,-0.843493513430464,-0.0401282532468276
BUCH82.SG,France,France_Aube_IA.SG,2425.0,0.088517315685749,-0.9880642083493925,-0.8414450950436763,-0.024606278180457016
CHF106.SG,France,France_Marne_IA.SG,2388.0,0.1455613225698471,-1.0228345403083268,-0.8361586682482064,-0.04236955068423082
CLR23.SG,France,France_Aude_IA.SG,2300.0,0.2138201296329498,-0.9974205928919312,-0.8341626608169094,-0.036485692951944565
CLR24.SG,France,France_Aude_IA.SG,2300.0,0.2419293224811554,-1.0124389704287124,-0.8253167589347677,-0.027867796132437166
CLR31.SG,France,France_Aude_IA.SG,2300.0,0.2786475121974945,-0.9875305865139278,-0.8391793984726612,-0.022370633445261613
CLR35.SG,France,France_Aude_IA.SG,2300.0,0.3400012850761413,-1.0477461472579226,-0.8674914952104644,-0.055571178347897904
CLR44.SG,France,France_Aude_IA.SG,2300.0,0.2491847276687622,-0.9999313748251375,-0.8382076910703569,0.00259219436751399
COL239.SG,France,France_HautRhin_IA.SG,2515.0,0.1911901980638504,-0.9729501969209469,-0.8204878145332711,-0.00444333147066473
COL330.SG,France,France_HautRhin_IA.SG,2625.0,0.1358501464128494,-1.0146473407693875,-0.8408225615669268,0.0032504666650687727
CROI1-4.SG,France,France_HautRhin_IA.SG,2663.0,0.0771816670894622,-0.9548119487974894,-0.8169176185723321,-0.011073607382487598
CROI11.SG,France,France_HautRhin_IA.SG,2625.0,0.1137384623289108,-0.9818686375798924,-0.8678300935583074,-0.008406401341842258
ERS83-2.SG,France,France_BasRhin_IA.SG,2200.0,0.198741614818573,-0.9897268235971635,-0.8107027453062138,-0.03608679398553974
GDF1231.SG,France,France_Aube_IA.SG,2350.0,0.5162224769592285,-1.054617517872299,-0.8165759541558133,0.050009217400208944
GDF1264.SG,France,France_Aube_IA.SG,2350.0,0.4408031404018402,-1.0560980984344301,-0.8497693190184444,-0.06310484667081423
GDF1341.SG,France,France_Aube_IA.SG,2350.0,0.2241330742835998,-0.9848173607546247,-0.8458810139808504,-0.04161960259207336
GDF1348.SG,France,France_Aube_IA.SG,2350.0,0.3447822630405426,-0.9551096563427267,-0.8302803118605118,-0.015450796197121574
GDF1349-A.SG,France,France_Aube_IA.SG,2350.0,0.6818224787712097,-0.9644652748295761,-0.824813861497553,-0.03920663542545128
GLN141.SG,France,France_Yonne_IA.SG,2150.0,0.1413683444261551,-1.005671143782844,-0.8281289473638851,-0.01755599014457441
GLN29-A.SG,France,France_Yonne_IA.SG,2150.0,0.0869236588478088,-0.9675740913485157,-0.8668080673067184,-0.010291675874045269
GLN32.SG,France,France_Yonne_IA.SG,2150.0,0.0626027435064315,-1.008476269414793,-0.9007570344198405,-0.03399239095564056
ISL6950.SG,France,France_BasRhin_IA.SG,2140.0,0.6095426678657532,-0.9718556651455432,-0.8158783694585897,0.031097136843477608
PAL170.SG,France,France_PasDeCalais_IA.SG,2500.0,0.1150839477777481,-0.987976457697909,-0.8293094952861316,-0.01424510249407522
PECH3.SG,France,France_Aude_IA.SG,3250.0,0.2443510293960571,-0.9910807202151782,-0.8332136465673415,-0.013815606321276543
PECH9.SG,France,France_Aude_IA.SG,2400.0,0.1459749341011047,-1.018874114291607,-0.8797108237351692,-0.030696781070442065
PEY73.SG,France,France_Herault_IA.SG,2125.0,0.113076664507389,-0.981855035421472,-0.8094983403491911,-0.014142199737623953
PT7.SG,France,France_Gard_IA.SG,2363.0,0.1536447703838348,-0.982518693301761,-0.8645443083708891,0.03563111457218037
SCPG2.SG,France,France_HautRhin_IA.SG,2176.0,0.1036088019609451,-0.9570438995950132,-0.8278230873657972,-0.016702340259104383
UN129.SG,France,France_Manche_IA.SG,2050.0,0.1399271488189697,-0.9980652484967736,-0.7972169637694964,-0.02051980722007296
UN85.SG,France,France_Manche_IA.SG,2050.0,0.1635619401931762,-0.9870262490362255,-0.8598389547239571,-0.03568751013138808
VAS75.SG,France,France_Aisne_IA.SG,2350.0,0.164015308022499,-0.9809004022326842,-0.8500689025489185,-0.030703454366583723
VAS79-2.SG,France,France_Aisne_IA.SG,2350.0,0.1666722148656845,-0.9621117926414116,-0.8120619584256038,0.012022246071265832
WET429.SG,France,France_HautRhin_IA.SG,2176.0,0.1277504712343216,-0.9955636671051882,-0.8404976016132285,-0.010593703534024137
TOR.6.WGC.SG,Spain,Spain_EN.WGC.SG,6900.0,0.1988470554351806,-1.1247182316995932,-2.3878316917719142,0.1070023812502927
TOR.7.WGC.SG,Spain,Spain_EN_1d.or.2d.rel.TOR.6.WGC.SG,6900.0,0.0562954321503639,-1.174925837194973,-2.329670148171231,0.0862217919268341
TOR.8.WGC.SG,Spain,Spain_EN.WGC.SG,6900.0,0.1021059826016426,-1.142643054443454,-2.3603043325260726,0.022176775051295245
Aes10.AG,Switzerland,Switzerland_LN.AG,4833.0,0.3092603385448456,-1.212349078404393,-2.661180188443642,-1.8934881845322071
Aes11.AG,Switzerland,Switzerland_LN_daughter.Aes17.AG,4885.0,0.4561371207237243,-1.222596420656687,-2.6864931851261753,-1.8982233000361164
Aes12.AG,Switzerland,Switzerland_LN_father.or.son.Aes24.1d.rel.Aes19.1d.rel.Aes3.AG,4864.0,0.3875774145126343,-1.2059309193618126,-2.6900373104821,-1.9013836259394292
Aes13.AG,Switzerland,Switzerland_LN.AG,4902.0,0.4547016024589538,-1.225976432650447,-2.6709810018807305,-1.8826577428829259
Aes14.AG,Switzerland,Switzerland_LN.AG,4897.0,0.4000087678432464,-1.2468153694241229,-2.664872444563355,-1.9145545761319636
Aes15.AG,Switzerland,Switzerland_LN_1d.rel.Aes14.AG,4899.0,0.2953115701675415,-1.213175672819558,-2.657904337807318,-1.9144131724877704
Aes16.AG,Switzerland,Switzerland_LN.AG,4942.0,0.1478573232889175,-1.2347269985051372,-2.6650605060480723,-1.9071907882939283
Aes17.AG,Switzerland,Switzerland_LN.AG,4878.0,0.4715830385684967,-1.2181652811846442,-2.691741773495288,-1.9123961925560673
Aes18.AG,Switzerland,Switzerland_LN.AG,4838.0,0.521123468875885,-1.2303431572151804,-2.6915859828227697,-1.920829285210872
Aes19.AG,Switzerland,Switzerland_LN_1d.rel.Aes12.1d.rel.Aes3.AG,4825.0,0.4678255617618561,-1.238175688939308,-2.686683809488278,-1.9039545814671577
Aes1.AG,Switzerland,Switzerland_LN.AG,4939.0,0.3965935409069061,-1.221576965766341,-2.6669008392737155,-1.9011536364116055
Aes20.AG,Switzerland,Switzerland_LN.AG,4842.0,0.4532742202281952,-1.2454295852760915,-2.7062335794894063,-1.940651912971544
Aes21.AG,Switzerland,Switzerland_LN.AG,4825.0,0.455579936504364,-1.2081553505203124,-2.6602749288636005,-1.8959956683329597
Aes22.AG,Switzerland,Switzerland_LN.AG,4740.0,0.3913121819496155,-1.2355685539092767,-2.6572447529542456,-1.9277651689692215
Aes23.AG,Switzerland,Switzerland_LN.AG,4722.0,0.5001398921012878,-1.2347688420090548,-2.7018213701865608,-1.929158784104568
Aes24.AG,Switzerland,Switzerland_LN.AG,4839.0,0.4744386374950409,-1.2326228009601634,-2.6908118599788233,-1.902770017581076
Aes25.AG,Switzerland,Switzerland_LN_oSteppe.AG,4635.0,0.5469269156455994,-1.2141490269991722,-2.6294314955847637,-1.8860836623194812
Aes2.AG,Switzerland,Switzerland_LN.AG,4885.0,0.2864032983779907,-1.2290195000200586,-2.6666798502419957,-1.9081876120940013
Aes3.AG,Switzerland,Switzerland_LN.AG,4919.0,0.4762139618396759,-1.223608629230966,-2.667852606752899,-1.8923247237004723
Aes4.AG,Switzerland,Switzerland_LN.AG,4970.0,0.4377618134021759,-1.2295702913651496,-2.683316734292283,-1.920340242634156
Aes5.AG,Switzerland,Switzerland_LN.AG,4906.0,0.39769247174263,-1.2386461575220074,-2.67101005993092,-1.9517800387476343
Aes8.AG,Switzerland,Switzerland_LN.AG,4851.0,0.4087483286857605,-1.2298410833780395,-2.6813896103968924,-1.9190796723234154
Aes9.AG,Switzerland,Switzerland_LN.AG,4848.0,0.3155432939529419,-1.2328025284205977,-2.6471230933899497,-1.9212932848934368
MX150.AG,Switzerland,Switzerland_LN.AG,5164.0,0.1611418575048446,-1.2127007432736259,-2.6552256200469198,-1.9024977265786351
MX182.AG,Switzerland,Switzerland_LN.AG,5158.0,0.30073082447052,-1.2196872762788507,-2.671607630524032,-1.9091033896491367
MX183.AG,Switzerland,Switzerland_LN_brother.MX211.AG,5160.0,0.4049089550971985,-1.2367554008678936,-2.686999944683529,-1.9364778250476997
MX184.AG,Switzerland,Switzerland_LN.AG,4950.0,0.352622389793396,-1.2106967984461174,-2.657180653585563,-1.9129117134372289
MX187.AG,Switzerland,Switzerland_LN_father.or.son.MX212.MX150.AG,5055.0,0.3862497806549072,-1.2203583077716664,-2.687982986175757,-1.9215744894413573
MX188.AG,Switzerland,Switzerland_EBA_2.AG,4399.0,0.5560582280158997,-1.2257999771075383,-2.6506837171307738,-1.9130571925890076
MX189.AG,Switzerland,Switzerland_EBA_2.AG,4058.0,0.4364268779754638,-1.209523711996617,-2.6218651004971023,-1.883048821932265
MX190.AG,Switzerland,Switzerland_EBA_2_brother.MX188.AG,4530.0,0.4309151768684387,-1.2652087843037054,-2.6504020520267377,-1.9300208294721581
MX191.AG,Switzerland,Switzerland_EBA_2.AG,4523.0,0.5222207903862,-1.2031216196075805,-2.6178899824567528,-1.8815972468122593
MX192.AG,Switzerland,Switzerland_EBA_2_1d.rel.MX195.MX197.AG,4470.0,0.4270863234996795,-1.1885100682534386,-2.664488348555065,-1.9030839531314636
MX193.AG,Switzerland,Switzerland_EBA_1.AG,4087.0,0.4510301053524017,-1.2311452148605715,-2.693434076377534,-1.9494784646823555
MX195.AG,Switzerland,Switzerland_EBA_2_1d.rel.MX192.MX197.AG,4225.0,0.4487925171852112,-1.2151886407870365,-2.6097750188194766,-1.8827321306834348
MX196.AG,Switzerland,Switzerland_EBA_2.AG,4495.0,0.4922040700912475,-1.22509298054871,-2.642527295541648,-1.9140968983231366
MX197.AG,Switzerland,Switzerland_EBA_2.AG,4351.0,0.4764629304409027,-1.2402466712275155,-2.6369257075237846,-1.867439788353905
MX198.AG,Switzerland,Switzerland_EBA_2.AG,4509.0,0.4753842949867248,-1.1938080382918517,-2.611418064092688,-1.899559159691433
MX199.AG,Switzerland,Switzerland_EBA_2.AG,4235.0,0.5184406042098999,-1.2131543011454478,-2.619848542343299,-1.8854100878816276
MX203.AG,Switzerland,Switzerland_LN.AG,4950.0,0.1233368963003158,-1.2352927791348216,-2.690685467070205,-1.9355972094594296
MX204.AG,Switzerland,Switzerland_LN.AG,4950.0,0.286738246679306,-1.216030644242921,-2.6819208495287814,-1.9092703228352759
MX209.AG,Switzerland,Switzerland_LN.AG,4950.0,0.2861445844173431,-1.2363766436183914,-2.701921860868039,-1.9325605803458157
MX210.AG,Switzerland,Switzerland_LN.AG,4950.0,0.5521158576011658,-1.2382687000902495,-2.662404866390069,-1.9082644567973155
MX211.AG,Switzerland,Switzerland_LN.AG,4992.0,0.428465873003006,-1.2345650074783103,-2.693252296039296,-1.911035273444972
MX212.AG,Switzerland,Switzerland_LN.AG,5165.0,0.2933448255062103,-1.226109788401913,-2.6565154841826124,-1.90459551423874
MX213.AG,Switzerland,Switzerland_LN.AG,5125.0,0.3489452302455902,-1.2413276652055198,-2.678576288670289,-1.902920986717712
MX251.AG,Germany,Germany_SouthernGermany_Singen_EBA_o.AG,4039.0,0.0922171920537948,-0.41265839702620327,-0.3098077885874938,0.14381648105087871
MX252.AG,Germany,Germany_SouthernGermany_Singen_EBA.AG,3808.0,0.3561592698097229,-0.40673461564252555,-0.30394771342122745,0.031386522338245876
MX254.AG,Germany,Germany_SouthernGermany_Singen_EBA.AG,3900.0,0.5290244221687317,-0.36503430940682635,-0.18448368066313067,0.10633787517608767
MX257.AG,Germany,Germany_SouthernGermany_Singen_EBA.AG,3742.0,0.3464051187038421,-0.3888045871394069,-0.24789676078493122,0.0718371803663397
MX258.AG,Germany,Germany_SouthernGermany_Singen_EBA.AG,3917.0,0.1633121520280838,-0.40135469237347393,-0.24712203330247764,0.06810608909005632
MX259.AG,Germany,Germany_SouthernGermany_Anselfingen_EBA.AG,4246.0,0.2463015466928482,-0.33892580581931925,-0.21260362625597415,0.13063029584500255
MX265.AG,Germany,Germany_SouthernGermany_Singen_IA.AG,2569.0,0.3818069994449615,-0.4227167919035883,-0.2176197362805251,0.12864368320146202
MX270.AG,Germany,Germany_SouthernGermany_Singen_EBA.AG,3900.0,0.2557272315025329,-0.4011697884883096,-0.2276455217084979,0.08832688367527579
MX275.AG,Germany,Germany_SouthernGermany_Singen_EBA_brother.MX270.father.MX286.AG,4002.0,0.3540846705436706,-0.3955766672906462,-0.25184743203131466,0.12972836244420002
MX277.AG,Germany,Germany_SouthernGermany_Singen_EBA.AG,3791.0,0.3362105786800384,-0.37527931883359733,-0.21141919817633717,0.12577636742292958
MX279.AG,Germany,Germany_SouthernGermany_Singen_EBA.AG,3758.0,0.289011538028717,-0.37965189255031373,-0.2121701335250819,0.0976003149369802
MX280.AG,Germany,Germany_SouthernGermany_Singen_EBA.AG,3931.0,0.4970442354679107,-0.371372775604011,-0.172963816855458,0.15077828008194794
MX283.AG,Germany,Germany_SouthernGermany_Singen_EBA_brother.MX254.son.MX286_contam.AG,3946.0,0.5499722957611084,-0.3191453203274173,-0.2134208785903502,0.15306363553370225
MX283_d.AG,Germany,Germany_SouthernGermany_Singen_EBA_brother.MX254.son.MX286.AG,3946.0,0.0555809214711189,-0.4058744262951123,-0.26394630989963247,0.09901247489080113
MX286.AG,Germany,Germany_SouthernGermany_Singen_EBA_son.MX275.father.MX254.MX283_contam.AG,3913.0,0.440207839012146,-0.3788840957287466,-0.23862694884561078,0.12471502718924482
MX288.AG,Germany,Germany_SouthernGermany_Singen_EBA.AG,4051.0,0.5222264528274536,-0.3379188976095224,-0.19906724937411052,0.14748939025074617
MX299.AG,Switzerland,Switzerland_LN_contam_o.AG,4757.0,0.0609539411962032,-1.2331365881242655,-2.6796926400719516,-1.9146910515892608
RA42.AG,Switzerland,Switzerland_LN.AG,5165.0,0.1318136900663375,-1.227190907116096,-2.6535616134646336,-1.8950363656417195
RA44.AG,Switzerland,Switzerland_LN.AG,4828.0,0.1659552603960037,-1.2282484548723493,-2.629621781085347,-1.866187328169762
RA45.AG,Switzerland,Switzerland_LN.AG,4975.0,0.1667962968349456,-1.2354464026389373,-2.6992984290712583,-1.9372275895203355
RA54.AG,Switzerland,Switzerland_EBA_1.AG,4498.0,0.1075333356857299,-1.2374881489019576,-2.6836776472764985,-1.932504671098488
RA57.AG,Switzerland,Switzerland_LN.AG,4806.0,0.3330702781677246,-1.2353005194687325,-2.67128729810483,-1.9296489676242776
RA58.AG,Switzerland,Switzerland_LN.AG,4865.0,0.2844560444355011,-1.2353902007505706,-2.67280044911283,-1.9240445116024583
RA59.Furtwangler.AG,Switzerland,Switzerland_LN.AG,4830.0,0.2359042465686798,-1.224137390967995,-2.6938052847234846,-1.9387825824282212
RA61.AG,Switzerland,Switzerland_LN.AG,4804.0,0.4435468316078186,-1.2302647489928917,-2.675063962502435,-1.9120470418475046
RA62.AG,Switzerland,Switzerland_LN.AG,4853.0,0.4599651396274566,-1.213283411045023,-2.676706937626615,-1.9039654890824618
RA63.AG,Switzerland,Switzerland_EBA_2_father.or.son.RA64.AG,3970.0,0.3724843263626098,-1.2059301680637264,-2.6361296781630097,-1.8976947838372107
RA64.AG,Switzerland,Switzerland_EBA_2.AG,4099.0,0.4104417264461517,-1.2196746528614557,-2.645621347466632,-1.909925435706689
TU876_SX10.AG,Switzerland,Switzerland_EBA_1.AG,4550.0,0.3426281809806824,-1.2327532473907128,-2.68113410425072,-1.9074243978419787
TU877_SX11.AG,Switzerland,Switzerland_LN.AG,6355.0,0.6139278411865234,-1.2199133958451156,-2.662884077137382,-1.901239721603863
TU904_SX17.AG,Switzerland,Switzerland_EBA_1.AG,4344.0,0.1653867363929748,-1.2158334719343624,-2.6659690850186344,-1.9236416835360368
TU905_SX18.AG,Switzerland,Switzerland_EBA_2.AG,2032.0,0.515495777130127,-1.23381290096658,-2.684173989069428,-1.9268906059513236
TU907_SX20.AG,Switzerland,Switzerland_EBA_2.AG,3576.0,0.5400307774543762,-1.229291971427113,-2.6702421519546946,-1.922473918385605
TU908_SX21.AG,Switzerland,Switzerland_EBA_1.AG,4327.0,0.4936695694923401,-1.1953152386302468,-2.6608090978016983,-1.9049438406556394
TU910_SX22.AG,Switzerland,Switzerland_EBA_1.AG,4949.0,0.4628045260906219,-1.1974782232631331,-2.641255276088733,-1.9208655060827142
TU911_SX23.AG,Switzerland,Switzerland_EBA_2.AG,3762.0,0.4555020928382873,-1.2331257534236173,-2.6572100404087426,-1.9509727642237842
TU914_SX26.AG,Switzerland,Switzerland_EBA_1.AG,4322.0,0.4081368148326874,-1.194633596801713,-2.64291839424187,-1.8794450834401384
TU915_SX29.AG,France,France_Alsace_Lingolsheim_MN.AG,6600.0,0.2931015193462372,-0.958774363094911,-0.84538249817211,-0.022139505110737243
TU916_SX30.AG,France,France_Alsace_Lingolsheim_MN.AG,6662.0,0.3772661089897156,-0.9454582536156697,-0.841323415896394,-0.013073222601923165
TU918_SX32.AG,France,France_Alsace_Lingolsheim_EBA.AG,4289.0,0.3180826008319855,-0.9552113182912616,-0.8276775816390219,0.026868904278199136
TU919_SX33.AG,France,France_Alsace_Lingolsheim_MN_o.AG,6625.0,0.4811417162418365,-0.9327704414073098,-0.8056825952047185,-0.032950155792355273
TU874_SX8.AG,Switzerland,Switzerland_EBA_1_1d.rel.TU876(SX10).AG,4573.0,0.1876663118600845,-1.227388631218164,-2.669928915540358,-1.904976123501858
TU875_SX9.AG,Switzerland,Switzerland_LN.AG,6338.0,0.4319362342357635,-1.221903988247987,-2.693465723389467,-1.9202728084200946
VERT015.SG,Ukraine,Ukraine_Eneolithic_Trypillia.SG,5589.0,0.843594491481781,-0.054716640715375985,1.3698598865050653,0.8212984536408612
VERT030.SG,Ukraine,Ukraine_Eneolithic_Trypillia.SG,5600.0,0.7520869374275208,-0.05871152518176199,1.3657973577850178,0.8153169933222429
VERT035.SG,Ukraine,Ukraine_Eneolithic_Trypillia.SG,5671.0,0.5953124761581421,-0.0746704906597449,1.3992625768560976,0.8180117517707027
VERT100B.SG,Ukraine,Ukraine_Eneolithic_Trypillia.SG,5646.0,0.8303781151771545,-0.07436875974663543,1.3734519590181191,0.8208564534638668
VERT103B.SG,Ukraine,Ukraine_Eneolithic_Trypillia.SG,5600.0,0.5218144655227661,-0.07281368843060898,1.3840556293439328,0.8081265475883233
VERT104B.SG,Ukraine,Ukraine_Eneolithic_Trypillia.SG,5642.0,0.8972882032394409,0.019117737769710416,1.349978419011431,0.8540384953411303
VERT105B.SG,Ukraine,Ukraine_Eneolithic_Trypillia.SG,5600.0,0.5646160840988159,-0.047545289642508995,1.3697661886388188,0.8231500640385723
VERT106C.SG,Ukraine,Ukraine_Eneolithic_Trypillia.SG,5669.0,0.2207365185022354,-0.03698658690933378,1.3452694953140194,0.7872987332079187
VERT111.SG,Ukraine,Ukraine_Eneolithic_Trypillia.SG,5600.0,0.3808994591236114,-0.06385314426586129,1.3956928868495064,0.823827142072354
VERT113B.SG,Ukraine,Ukraine_MBA_CordedWare.SG,3823.0,0.6848111152648926,-0.09025430321917223,1.3791192332517672,0.8132298012921336
VERT114.SG,Ukraine,Ukraine_LBA_EIA.SG,2843.0,0.2265588492155075,-0.029037842936950612,1.3800823480702016,0.8603492001943362
VERT115.SG,Ukraine,Ukraine_Eneolithic_Trypillia.SG,5600.0,0.2654027044773102,-0.055045055588994196,1.3606985744230728,0.8270489717982511
VERT117.SG,Ukraine,Ukraine_Eneolithic_Trypillia.SG,5600.0,0.3612030148506164,-0.06838664972947009,1.3728081620201835,0.8027194364072703
VERT118.SG,Ukraine,Ukraine_Eneolithic_Trypillia.SG,5600.0,0.4423449039459228,-0.054862529646185605,1.373879521193729,0.8091908744718328
Hum1.SG,Norway,Norway_Mesolithic.SG,9364.0,0.3184070289134979,-0.6111210693209439,1.580611785378649,0.7827196832991177
Hum2.SG,Norway,Norway_Mesolithic.SG,9364.0,0.9170130491256714,-0.587735026132076,1.552724456172579,0.7658352281638315
SBj.SG,Sweden,Sweden_Mesolithic.SG,8771.0,0.2536939978599548,-0.9213939920909319,2.409810669376099,0.8621160924627917
SF11.SG,Sweden,Sweden_Mesolithic_o.SG,8892.0,0.0946218743920326,-0.9511113361296024,2.43901292154874,0.8255353686712654
SF12.SG,Sweden,Sweden_Mesolithic.SG,8895.0,0.9754657745361328,-0.7824617366691475,2.2490886294270203,0.8368814714718273
SF9.SG,Sweden,Sweden_Mesolithic.SG,9144.0,0.6315975785255432,-0.9276912903551903,2.428745059227625,0.8343858541522897
Steigen.SG,Norway,Norway_N_oMesolithic.SG,5857.0,0.6345480680465698,-0.5972666952886726,1.5766859539073705,0.7669764461926207
ILK001.AG,Ukraine,Ukraine_EBA_GlobularAmphorae.AG,4773.0,0.7504786849021912,-0.08659801423455864,1.3971964687646699,0.8158778092930112
ILK002.AG,Ukraine,Ukraine_EBA_GlobularAmphorae.AG,4734.0,0.7708142399787903,-0.07736356669331107,1.3694667407365375,0.8020115310941499
ILK003.AG,Ukraine,Ukraine_EBA_GlobularAmphorae.AG,4781.0,0.728367805480957,-0.08465418403085233,1.3831347368705371,0.81392093007913
COV20126.SG,Spain,Spain_BA.SG,3632.0,0.1384486556053161,-1.1025984827554365,-2.4026316441554005,0.09316002063938467
LD1174.SG,Spain,Spain_C.SG,4466.0,0.888396143913269,-1.107525769687246,-2.3769551402906655,0.09011326803779769
LD270.SG,Portugal,Portugal_MN.SG,4380.0,0.8489991426467896,-1.1413909063866403,-1.335725045188967,0.2461225927289158
LU339.SG,Portugal,Portugal_MN.SG,4849.0,0.9708161950111388,-1.1323700919833684,-1.3638038380961355,0.2397003712205315
Canes.SG,Spain,Spain_Mesolithic.SG,7089.0,0.6527530550956726,-1.1135839539126746,-2.2439377209837956,0.09118832006337863
Chan.SG,Spain,Spain_Mesolithic.SG,9109.0,0.8540931940078735,-1.1022508922660819,-2.228733126701776,0.08421175334662186
M95.SG,Romania,Romania_IronGates_Mesolithic.SG,8814.0,0.5639948844909668,1.1958484404187193,0.4143506168115201,0.22505641211034075
M96.SG,Romania,Romania_IronGates_Mesolithic.SG,8825.0,0.8334429860115051,1.195044353728565,0.4708070066063203,0.22772393985815997
QED-12.SG,Lebanon,Lebanon_Roman.SG,1525.0,0.3030292391777038,0.6321219524261136,-0.3787641493063636,0.6075018668366327
QED-2.SG,Lebanon,Lebanon_Roman.SG,1610.0,0.7385348081588745,0.6524595854865668,-0.36486229290869326,0.6061061851937724
QED-4.SG,Lebanon,Lebanon_Roman.SG,1406.0,0.5903595685958862,0.6233658436122311,-0.3811536289637777,0.6044526038616388
QED-7.SG,Lebanon,Lebanon_Roman.SG,1627.0,0.7820104360580444,0.6452717266632417,-0.38771266475167104,0.6093494820816875
SI-38.SG,Lebanon,Lebanon_Medieval.SG,800.0,0.4197984933853149,0.6332723318355495,-0.3587726680028875,0.6071141743588178
SI-39.SG,Lebanon,Lebanon_Medieval_o2.SG,702.0,0.4626098871231079,0.6238627877075645,-0.34400199082281685,0.6103274822793113
SI-40.SG,Lebanon,Lebanon_Medieval_o5.SG,800.0,0.3323760628700256,0.6393669945037669,-0.36137329175565414,0.6100481901673261
SI-42.SG,Lebanon,Lebanon_Medieval.SG,725.0,0.4819576144218445,0.63898950181657,-0.36663186148952026,0.6077245428324198
SI-44.SG,Lebanon,Lebanon_Medieval_o3.SG,800.0,0.3789522051811218,0.6420084082013856,-0.3649132902115159,0.6019477589418303
SI-45.SG,Lebanon,Lebanon_Medieval.SG,698.0,0.9587984681129456,0.6306233071206997,-0.3504652969568921,0.608114742466838
SI-47.SG,Lebanon,Lebanon_Medieval_o2.SG,800.0,0.3439793288707733,0.5934695141343911,-0.3174609014287276,0.6248600969027488
SFI-11.SG,Lebanon,Lebanon_ERoman.SG,1984.0,0.1056550070643425,0.6273676381983279,-0.365094230076677,0.605998541952133
SFI-12.SG,Lebanon,Lebanon_Hellenistic.SG,2123.0,0.0864954367280006,0.6446272415584113,-0.3807022640398642,0.6056225476610456
SFI-15.SG,Lebanon,Lebanon_ERoman.SG,2027.0,0.7642393112182617,0.6353705834715647,-0.37103412535334296,0.603783956203357
SFI-20.SG,Lebanon,Lebanon_Hellenistic.SG,2043.0,0.5723792314529419,0.629988684549573,-0.37515688338156244,0.5990116923535879
SFI-24.SG,Lebanon,Lebanon_ERoman.SG,1946.0,0.9272051453590392,0.6513148031055614,-0.37617296148311763,0.6006829820751032
SFI-33.SG,Lebanon,Lebanon_ERoman.SG,1804.0,0.9221022129058838,0.6273237127729251,-0.37722849031359523,0.6077329291068811
SFI-34.SG,Lebanon,Lebanon_IA3.SG,2385.0,0.8015876412391663,0.6331857152746905,-0.36624806276131233,0.5953221069964145
SFI-35.SG,Lebanon,Lebanon_IA3.SG,2385.0,0.285764217376709,0.6392126307685965,-0.3771943112016436,0.6132061211119855
SFI-36.SG,Lebanon,Lebanon_IA3.SG,2385.0,0.5193367600440979,0.6367554841225004,-0.36630597388155745,0.6089602454810411
SFI-39.SG,Lebanon,Lebanon_IA3.SG,2385.0,0.4948293268680572,0.6362090407020616,-0.36821531645375033,0.6098178797398748
SFI-42.SG,Lebanon,Lebanon_IA3.SG,2415.0,0.3856358230113983,0.6355160512572824,-0.3830346491176401,0.6041525613343045
SFI-43.SG,Lebanon,Lebanon_IA3_o1_1d.rel.SFI44.SG,2487.0,0.3831419348716736,0.6335903428841604,-0.36524248287828914,0.596275229845864
SFI-44.SG,Lebanon,Lebanon_IA3_o2.SG,2385.0,0.7851579785346985,0.6283543848858766,-0.3759061172062281,0.5993947654409154
SFI-45.SG,Lebanon,Lebanon_IA3.SG,2385.0,0.4241147637367248,0.654881797795924,-0.36048911841280973,0.604827518626898
SFI-47.SG,Lebanon,Lebanon_IA3.SG,2385.0,0.6343063712120056,0.6477233633554388,-0.3724086320725612,0.6162440779500986
SFI-50.SG,Lebanon,Lebanon_IA3.SG,2385.0,0.616937518119812,0.6437908421044733,-0.3698412787681448,0.5986612075785989
SFI-55.SG,Lebanon,Lebanon_IA2.SG,2720.0,0.3548648655414581,0.6425617407617955,-0.3582089611370637,0.5996264244367288
SFI-56.SG,Lebanon,Lebanon_IA2.SG,2720.0,0.5087472796440125,0.6547740246106308,-0.3701910232707927,0.6105460645799545
SFI-5.SG,Lebanon,Lebanon_Hellenistic.SG,2159.0,0.114426203072071,0.6536648318739984,-0.37703041960674877,0.6098960102123048
ERS1790729.SG,Lebanon,Lebanon_MBA.SG,3750.0,0.2224915772676468,0.6209577905863731,-0.35972326794569454,0.6015238539743464
ERS1790730.SG,Lebanon,Lebanon_MBA.SG,3650.0,0.6452340483665466,0.643522849428034,-0.3794062940780197,0.6128692476450859
ERS1790731.SG,Lebanon,Lebanon_MBA.SG,3750.0,0.6808581948280334,0.6416218460620472,-0.380753962015997,0.6121138385277606
ERS1790732.SG,Lebanon,Lebanon_MBA.SG,3650.0,0.690059244632721,0.6285594497935343,-0.36563016329135484,0.6135842989671223
KH150189_KH150632_KH150636.SG,Germany,Germany_Wartberg_LN.SG,5163.0,0.9598973989486694,-0.36811374485595283,-0.23433719821786228,0.1174668226097873
KH150190.SG,Germany,Germany_Wartberg_LN.SG,5100.0,0.4756697714328766,-0.3566832663125895,-0.29046777656281547,0.06567421463538889
KH150193_KH150286.SG,Germany,Germany_Wartberg_LN.SG,5100.0,0.5265394449234009,-0.3778212451020961,-0.26214583191842,0.09588729979955402
KH150195_KH150196_KH150616.SG,Germany,Germany_Wartberg_LN.SG,5164.0,0.6731534600257874,-0.3909459671047047,-0.2628320610789706,0.11620476049948111
KH150197.SG,Germany,Germany_Wartberg_LN_1d.rel.KH150639.KH150198.SG,5100.0,0.2548132240772247,-0.3949649965854162,-0.23685274119911437,0.13820841164730016
KH150198.SG,Germany,Germany_Wartberg_LN_1d.rel.KH150639.KH150197.SG,5100.0,0.2041243612766266,-0.4160376095524016,-0.20826205718305402,0.10642990509869661
KH150200.SG,Germany,Germany_Wartberg_LN.SG,5100.0,0.4779779314994812,-0.40352724000278095,-0.19512715338648992,0.13606437814000502
KH150204_KH150634.SG,Germany,Germany_Wartberg_LN.SG,5164.0,0.9955474734306335,-0.42016477428141097,-0.2510192062833555,0.07184944385284238
KH150208_KH150210.SG,Germany,Germany_Wartberg_LN.SG,5100.0,0.4195827543735504,-0.3707029022087143,-0.27103139771039086,0.13376398920785534
KH150287.SG,Germany,Germany_Wartberg_LN.SG,5164.0,0.2616339027881622,-0.39720067478165544,-0.207204304930121,0.11621108719779244
KH150289.SG,Germany,Germany_Wartberg_LN.SG,5164.0,0.2700190544128418,-0.3571405249067026,-0.23048436922608959,0.14654053567044706
KH150418.SG,Germany,Germany_Wartberg_LN_1d.rel.KH150613_KH180043.SG,5100.0,0.3633392453193664,-0.3966848856829438,-0.20011033079806476,0.10553787724749394
KH150419.SG,Germany,Germany_Wartberg_LN.SG,5100.0,0.1106046736240387,-0.38635451428104856,-0.18194017166329088,0.1499364956899473
KH150422.SG,Germany,Germany_Wartberg_LN.SG,5180.0,0.2821559906005859,-0.34407698458941804,-0.23050883196969607,0.14531706596310176
KH150610.SG,Germany,Germany_Wartberg_LN.SG,5174.0,0.9625559449195862,-0.43993022855523756,-0.2935935295894585,0.11312454069555981
KH150612.SG,Germany,Germany_Wartberg_LN.SG,5100.0,0.9899214506149292,-0.3349584251892029,-0.21540452357009665,0.15434277938739283
KH150613_KH180043.SG,Germany,Germany_Wartberg_LN.SG,5164.0,0.94115149974823,-0.40362752601321317,-0.2130504422086836,0.1184756995072063
KH150614_KH150615.SG,Germany,Germany_Wartberg_LN.SG,5143.0,0.9947794675827026,-0.44808156007157285,-0.22184191520922134,0.10092170883174609
KH150618.SG,Germany,Germany_Wartberg_LN.SG,5150.0,0.6686855554580688,-0.41359379991684125,-0.27388036187101367,0.13080738320648563
KH150619.SG,Germany,Germany_Wartberg_LN.SG,5128.0,0.9516777396202089,-0.27138222163971193,-0.2186237673809275,0.12562326572049923
KH150621.SG,Germany,Germany_Wartberg_LN_1d.rel.KH150618.SG,5100.0,0.1114019080996513,-0.3438337993636236,-0.23202949932099035,0.11386765998043478
KH150622.SG,Germany,Germany_Wartberg_LN.SG,4995.0,0.9740456938743592,-0.3673854808405362,-0.1721900370744672,0.18922296645343284
KH150625.SG,Germany,Germany_Wartberg_LN.SG,5163.0,0.2086612284183502,-0.4056672043877062,-0.15643277890789659,0.13897898175988935
KH150626.SG,Germany,Germany_Wartberg_LN.SG,5100.0,0.6186398863792419,-0.36960080959626057,-0.2754713916778235,0.07590513551169657
KH150627.SG,Germany,Germany_Wartberg_LN.SG,5139.0,0.9520751237869264,-0.3557294163409548,-0.2307312100674388,0.11897367932838648
KH150628.SG,Germany,Germany_Wartberg_LN.SG,5108.0,0.3646717369556427,-0.38948535783952737,-0.23259042195822582,0.12156720312631107
KH150629.SG,Germany,Germany_Wartberg_LN.SG,5100.0,0.9893261194229126,-0.3562682536761731,-0.24311799276182744,0.10107116439320968
KH150630.SG,Germany,Germany_Wartberg_LN.SG,5230.0,0.9901209473609924,-0.39296650929555993,-0.22835581120800863,0.12730112903296598
KH150633.SG,Germany,Germany_Wartberg_LN.SG,5159.0,0.878666341304779,-0.3690847362913936,-0.2049261785848203,0.1269403439227597
KH150635.SG,Germany,Germany_Wartberg_LN.SG,5034.0,0.9735517501831056,-0.35322420254647746,-0.29598740900152065,0.10243913898638038
KH150637.SG,Germany,Germany_Wartberg_LN.SG,5057.0,0.939983606338501,-0.3717596285371393,-0.17964145559519898,0.14606095404250122
KH150639.SG,Germany,Germany_Wartberg_LN.SG,5100.0,0.5059849619865417,-0.43743106725439224,-0.22462090517829245,0.09240075663202381
KH150640.SG,Germany,Germany_Wartberg_LN.SG,5140.0,0.7149989604949951,-0.3697155078744356,-0.192538837171388,0.1018918908918885
KH150641.SG,Germany,Germany_Wartberg_LN.SG,5152.0,0.8878105878829956,-0.4036783813687614,-0.21726098944548908,0.11037554229799211
KH180044.SG,Germany,Germany_Wartberg_LN.SG,5100.0,0.0823681503534317,-0.4225687295390565,-0.2572816471539192,0.13769762545434522
KH180045.SG,Germany,Germany_Wartberg_LN.SG,5100.0,0.0979632809758186,-0.3548512421634997,-0.28339438155491137,0.09682536911938837
ALA118.AG,Turkey,Turkey_Hatay_Alalakh_MLBA.AG,3550.0,0.2488570660352707,1.49509939430207,-0.6215825444754073,0.5712806072190022
ALA120.AG,Turkey,Turkey_Hatay_Alalakh_MLBA.AG,3550.0,0.7627754211425781,1.4332922316556307,-0.6275704992888007,0.5559673930169409
ALA123.AG,Turkey,Turkey_Hatay_Alalakh_MLBA.AG,3550.0,0.5897066593170166,1.463146625656013,-0.5990669638080195,0.5328359411776212
ALA124.AG,Turkey,Turkey_Hatay_Alalakh_MLBA.AG,3550.0,0.3679969310760498,1.4387582593584076,-0.5939653220397095,0.5622097818150381
ALA128.AG,Turkey,Turkey_Hatay_Alalakh_MLBA.AG,3550.0,0.2033011764287948,1.4533830381469495,-0.5888058087622742,0.5187545783327864
ALA130.AG,Turkey,Turkey_Hatay_Alalakh_MLBA.AG,3550.0,0.6874436736106873,1.4687906432408184,-0.6197939226797291,0.5507975847755939
ALA131.AG,Turkey,Turkey_Hatay_Alalakh_MLBA.AG,3550.0,0.4886623322963714,1.475116278355801,-0.6030095718364904,0.5426441417625405
ALA135.AG,Turkey,Turkey_Hatay_Alalakh_MLBA.AG,3550.0,0.6937996745109558,1.4146121319285565,-0.6010594336160711,0.6001058989985127
ALA136.AG,Turkey,Turkey_Hatay_Alalakh_MLBA.AG,3550.0,0.158257856965065,1.4616387942514548,-0.6044092125769309,0.5591285276879193
ALA138.AG,Turkey,Turkey_Hatay_Alalakh_MLBA.AG,3550.0,0.253019243478775,1.4402235768017986,-0.6254610394815118,0.5781502453106683
MJ-06.SG,Ukraine,Ukraine_EBA_Yamnaya_o.SG,4620.0,0.1308972388505935,-0.03911792501484736,1.3990701927444158,0.7956391936116191
MJ-08.SG,Ukraine,Ukraine_EIA_LateSrubna_o.SG,2587.0,0.1075811833143234,-0.06424051244191774,1.3757744023739953,0.8100407207689436
MJ-09.SG,Ukraine,Ukraine_EBA_Catacomb.SG,4286.0,0.1547039598226547,-0.06817149415416757,1.3832552558138567,0.7844545661846936
MJ-12.SG,Ukraine,Ukraine_Danube_EIA_Cimmerian.SG,2847.0,0.2147195488214492,-0.053655873682025755,1.3923779245418781,0.819627345009096
MJ-13.SG,Ukraine,Ukraine_EIA_Scythian_o1.SG,2495.0,0.2055274397134781,-0.07977142016714826,1.3625798116787293,0.8040315737381248
MJ-14.SG,Ukraine,Ukraine_EIA_Scythian_o1.SG,2593.0,0.1137603595852851,-0.06395617595813968,1.4079342744793126,0.8281285223939188
MJ-16.SG,Ukraine,Ukraine_EIA_Scythian_o1.SG,2544.0,0.2185516357421875,-0.03130687976660036,1.4081473573831806,0.8532982396527262
MJ-19.SG,Ukraine,Ukraine_MigrationPeriod_Chernyakhiv.SG,1537.0,0.1686137914657592,-0.07140174485852724,1.4041008065660665,0.7903651565938524
MJ-31.SG,Ukraine,Ukraine_EIA_Cimmerian_o1.SG,3136.0,0.1782584637403488,-0.07898413814600624,1.3834153905300022,0.8098569252453137
MJ-33.SG,Ukraine,Ukraine_EIA_Scythian_o1.SG,2553.0,0.0779375433921814,-0.05573189696084915,1.3466769166131052,0.8028385955820668
MJ-34.SG,Ukraine,Ukraine_IA_Scythian.SG,2231.0,0.3928750157356262,-0.0925620078646573,1.3929823396794254,0.815733914721178
MJ-35.SG,Ukraine,Ukraine_EIA_Scythian.SG,2515.0,0.1355484426021576,-0.09725673231195589,1.3658622282415045,0.8493229938579093
MJ-37.SG,Ukraine,Ukraine_MigrationPeriod_Chernyakhiv_o.SG,1624.0,0.1289183497428894,-0.10775628378286851,1.4107365815664523,0.772318717918803
MJ-38.SG,Russia,Russia_Sarmatian.SG,2016.0,0.0859747603535652,-0.126423924725457,0.7219614293547095,-0.12166840693474619
MJ-46.SG,Ukraine,Ukraine_EIA_Scythian.SG,2220.0,0.1506302058696746,-0.04955522768547966,1.4037255438071692,0.8251250341520756
MJ-47.SG,Ukraine,Ukraine_EIA_Scythian.SG,2429.0,0.0746147856116294,-0.010777882768623629,1.377618118341358,0.8272836340085401
Syltholm1.SG,Denmark,Denmark_Syltholm_LM_EN.SG,5746.0,0.8970465064048767,-0.8493921011858487,0.8063709672904837,0.3813599530899037
HUN001.AG,Hungary,Hungary_Hun_oEastAsian.AG,1566.0,0.1156678795814514,1.6425964385316003,0.05419381211111968,-0.0941272096779962
BOG019.SG,Turkey,Turkey_Central_Bogazkoy-Hattusa_RomanImperial.SG,1725.0,0.2867333889007568,1.4675624841841415,-0.6365455539150516,0.613099347303841
BOG020.SG,Turkey,Turkey_Central_Bogazkoy-Hattusa_RomanImperial.SG,1790.0,0.8838925361633301,1.4339222776964269,-0.5967546493265535,0.5697883550068051
BOG024.SG,Turkey,Turkey_Central_Bogazkoy-Hattusa_RomanImperial.SG,1790.0,0.3907460868358612,1.4487706220626193,-0.5768502987501419,0.5463893663016983
BOG028.SG,Turkey,Turkey_Central_Bogazkoy-Hattusa_Modern.SG,500.0,0.7017395496368408,1.4326103733567728,-0.5656776735904602,0.5651042809578477
CTG025.SG,Turkey,Turkey_Aegean_Aydin_BA.SG,3834.0,0.0728370249271392,1.451696320093689,-0.6209716320455348,0.5619695995198432
G23.SG,Greece,Greece_Theopetra_EBA.SG,4185.0,0.3238903284072876,1.9436844524671675,-0.4776001813528228,0.004165187907488597
G31.SG,Greece,Greece_Perachora_EBA.SG,4400.0,0.2009402960538864,1.9015903437872497,-0.44278266176684405,0.004106422275331742
G37.SG,Greece,Greece_Sarakenos_EBA.SG,4350.0,0.2240933328866958,1.8974546359998723,-0.42501669234163203,0.049570162279263884
G62.SG,Greece,Greece_Perachora_EBA.SG,4400.0,0.502634584903717,1.901803549559021,-0.4658382194690017,0.015579342412206066
G65.SG,Greece,Greece_Perachora_EBA.SG,4400.0,0.2566282749176025,1.9097599133894785,-0.47601838551655434,-0.010815475274583408
G66.SG,Greece,Greece_Perachora_EBA.SG,4400.0,0.1191139072179794,1.8942187543927238,-0.48013305797896916,-0.0019798980426822405
G76a.SG,Greece,Greece_Perachora_EBA.SG,4403.0,0.5200083255767822,1.885707353865811,-0.47191911261908265,-0.014970375302824534
Gordion001.SG,Turkey,Turkey_Central_Gordion_IA.SG,2603.0,0.9947429299354552,1.4615938899595209,-0.6116872596496161,0.5613674547389739
Gordion002.SG,Turkey,Turkey_Central_Gordion_IA.SG,2127.0,0.0716513097286224,1.465456093832071,-0.5975435210735062,0.5653380323653181
mus005.SG,Turkey,Turkey_Central_Musular_PPN.SG,9225.0,0.8883223533630371,1.4486362399814616,-0.5872216153169315,0.5580590382589559
mus006.SG,Turkey,Turkey_Central_Musular_PPN.SG,9046.0,0.1262825280427932,1.4342495302507794,-0.5639476029977415,0.5546416819491231
ulu117.SG,Turkey,Turkey_Aegean_Izmir_Ulucak_EBA.SG,5450.0,0.2854990065097809,1.44683022517297,-0.5862770031159653,0.548575719886679
cim357.SG,Moldova,Moldova_Cimmerian.SG,2808.0,0.2268564850091934,0.6542612372043606,0.465961871152777,-0.3509486053638892
cim358.SG,Moldova,Moldova_Cimmerian.SG,2822.0,0.0855173468589782,0.6984019150915765,0.44924324205863675,-0.3411578206431014
cim359.SG,Moldova,Moldova_Cimmerian.SG,2875.0,0.4274139702320099,0.7415824062775267,0.42743082559223583,-0.3148503725940864
scy009.SG,Ukraine,Ukraine_EIA_Scythian.SG,2568.0,0.8093385696411133,-0.08749003790640375,1.3837299448963336,0.8099618000753975
scy010.SG,Ukraine,Ukraine_EIA_Scythian.SG,2606.0,0.347065269947052,-0.06988276859760346,1.3865118197371165,0.8072171911973902
scy011.SG,Ukraine,Ukraine_LIA_Scythian.SG,2176.0,0.0768142789602279,-0.018670510700094237,1.3795688089353833,0.8125340300077164
scy192.SG,Moldova,Moldova_Glinoe_Scythian.SG,2225.0,0.3731015026569366,0.6799119168668029,0.4629794740127681,-0.35145000616738997
scy197.SG,Moldova,Moldova_Glinoe_Scythian.SG,2225.0,0.2656695544719696,0.6686917545635207,0.45526110412393495,-0.34697688738569843
scy300.SG,Moldova,Moldova_Glinoe_Scythian.SG,2250.0,0.3132610917091369,0.6867688165580034,0.44858109177278904,-0.34695930141842957
scy301.SG,Moldova,Moldova_Glinoe_Scythian.SG,2237.0,0.6208101511001587,0.6683630925570745,0.45838779750255015,-0.3429783628026628
scy303.SG,Moldova,Moldova_Glinoe_Scythian_o2.SG,2231.0,0.5687150359153748,0.6582986200136822,0.46244198677173665,-0.3475956221490629
scy304.SG,Moldova,Moldova_Glinoe_Scythian.SG,2213.0,0.0723236501216888,0.668784097788972,0.4589559528164203,-0.34682453152978576
scy305.SG,Moldova,Moldova_Glinoe_Scythian.SG,2254.0,0.1654451340436935,0.6918207528410631,0.45862192687748327,-0.3473955845083083
scy311.SG,Moldova,Moldova_Glinoe_Scythian.SG,2235.0,0.2530849277973175,0.681422986769999,0.46292712300838607,-0.344082550506556
vik_84001.SG,Sweden,Sweden_Viking.SG,964.0,0.957360565662384,-0.9180324599575581,2.453271012555029,0.7507265175873492
vik_84005.SG,Sweden,Sweden_Viking.SG,900.0,0.6290136575698853,-0.9437519913701324,2.4866557123361477,0.854321051286318
vik_84035.SG,Sweden,Sweden_Viking_fail.due.to.high.heterozygosity.SG,1061.0,0.1758254021406173,-0.9066949231902539,2.4155332943904027,0.8482337420366473
vik_97002.SG,Sweden,Sweden_Viking.SG,900.0,0.0889658108353614,-0.928237934595197,2.465995800109271,0.8260125373681333
vik_97026.SG,Sweden,Sweden_Viking.SG,900.0,0.0746042430400848,-0.9360529091429497,2.495277317002919,0.8358638161494214
vik_grt035.SG,Sweden,Sweden_Viking.SG,994.0,0.8979783654212952,-0.9700431811379066,2.470462085799404,0.7527447315205099
vik_grt036.SG,Sweden,Sweden_Viking.SG,870.0,0.8232897520065308,-0.9190692237914467,2.4694690520254796,0.7995806936323628
vik_gtm021.SG,Sweden,Sweden_Viking.SG,900.0,0.3253688216209411,-0.9036048939099129,2.4241596856217473,0.8403715080105492
vik_gtm127.SG,Sweden,Sweden_Viking.SG,900.0,0.0561202503740787,-0.8987831296538558,2.466068175175177,0.8569766315447953
vik_KAL006.SG,Sweden,Sweden_Viking_o1.SG,900.0,0.6545429825782776,-0.9325162486495157,2.467264130644506,0.8181794764742459
vik_kal009.SG,Sweden,Sweden_Viking_o1.SG,900.0,0.1420787870883941,-0.9187866513991124,2.471895791319186,0.8525804985601271
vik_kls001.SG,Sweden,Sweden_Viking.SG,900.0,0.1165575683116912,-0.896101856403507,2.469003820340499,0.8712635685183439
vik_nuf002.SG,Sweden,Sweden_Viking.SG,900.0,0.1464120745658874,-0.9114371142868958,2.482558461756853,0.8492538782767982
vik_stg020.SG,Sweden,Sweden_Viking_o1.SG,900.0,0.14756940305233,-0.9105548391531196,2.48365917349362,0.8405523356130479
vik_stg021.SG,Sweden,Sweden_Viking.SG,919.0,0.9199424386024476,-0.8990567438935673,2.379688183852799,0.8229137446665498
vik_stg026.SG,Sweden,Sweden_Viking.SG,1018.0,0.4318948686122894,-0.9016689939902655,2.412801374872616,0.8606756408076761
vik_urm035.SG,Sweden,Sweden_Viking.SG,863.0,0.2190528362989425,-0.9271330974578534,2.4286614467178693,0.8608182413772203
vik_urm045.SG,Sweden,Sweden_Viking.SG,900.0,0.0827850177884101,-0.9179351679134887,2.4640427417865305,0.8156493498573715
vik_urm160.SG,Sweden,Sweden_Viking.SG,798.0,0.7192122340202332,-0.9129439683583147,2.4268438649888804,0.8394011488620436
kum6.SG,Turkey,Turkey_Marmara_Kumtepe_N.SG,5615.0,0.0989632681012153,1.4621764234858947,-0.617422292084592,0.5646828917267318
CHV001.A0101.AG,Russia,Russia_Chalmny_Varre.AG,150.0,0.6148759126663208,-0.04815087981325325,0.6883541694824606,-0.1015445581861404
CHV002.A0101.AG,Russia,Russia_Chalmny_Varre.AG,150.0,0.3424310982227325,-0.049920922558508954,0.6864449429467345,-0.07831889812450782
Ukraine_HG1.SG,Ukraine,Ukraine_Mesolithic.SG,10658.0,0.1419036090373993,-0.10348923829994192,1.3828840547559222,0.8026683701610188
Ukraine_N1.SG,Ukraine,Ukraine_N_son.I1732.SG,7300.0,0.1366246789693832,-0.0686381357510093,1.3993076425736117,0.8564529109977117
Latvia_HG2.SG,Latvia,Latvia_Mesolithic.SG,7677.0,0.9579095840454102,-0.6365141373348907,0.3883725977041975,0.01844687451103237
Latvia_MN1.SG,Latvia,Latvia_MN_o1.SG,6071.0,0.1358112245798111,-0.6311645479879948,0.3876647726318261,0.005551287748489628
Latvia_HG3.SG,Latvia,Latvia_Mesolithic.SG,7033.0,0.5470453500747681,-0.6413243376207105,0.38019132081552987,0.04053705893683464
Latvia_LN1.SG,Latvia,Latvia_LN_CordedWare.SG,4842.0,0.1830605119466781,-0.6504177570875316,0.38507759307942885,0.026289449135871158
Latvia_MN2.SG,Latvia,Latvia_MN_Comb_Ware.SG,5997.0,0.6546978950500488,-0.6198866838366893,0.44405363463466596,0.016817177112009953
Latvia_HG1.SG,Latvia,Latvia_Mesolithic.SG,8316.0,0.6535932421684265,-0.6345528804996947,0.39583546148328774,0.033543827914280386
pcw040.SG,Poland,Poland_Southeast_CordedWare.SG,4400.0,0.8678075671195984,-0.2340707702289748,1.8153336979061563,-0.21265589495659187
pcw041.SG,Poland,Poland_Southeast_CordedWare_father.or.son.pcw040.SG,4400.0,0.2325644642114639,-0.14899801439266475,1.8070402316967222,-0.2326550787407219
pcw061.SG,Poland,Poland_Southeast_CordedWare.SG,4321.0,0.4193889200687408,-0.1566384737305133,1.82401963605118,-0.1987859180468231
pcw070.SG,Poland,Poland_Southeast_CordedWare.SG,4321.0,0.4864304065704345,-0.19951563747253367,1.843950738939945,-0.20493110023071825
pcw191.SG,Poland,Poland_Southeast_CordedWare_MC.SG,4237.0,0.0801540613174438,-0.15827463026457414,1.8647800609917566,-0.18455912732465646
pcw211.SG,Poland,Poland_Southeast_CordedWare.SG,4300.0,0.4897572100162506,-0.17937587205493952,1.831647655361315,-0.2057368194648526
pcw212.SG,Poland,Poland_Southeast_CordedWare.SG,4460.0,0.0835392624139785,-0.20880192979559717,1.848976857624144,-0.2279098733834021
pcw250.SG,Poland,Poland_Southeast_CordedWare.SG,4300.0,0.0722547098994255,-0.1809983914493841,1.864117247045422,-0.2246377478147147
pcw260.SG,Poland,Poland_Southeast_BellBeaker.SG,4237.0,0.7486693263053894,-0.18514904196268725,1.8665201110462173,-0.22806130745657174
pcw270.SG,Poland,Poland_Southeast_BellBeaker.SG,4250.0,0.0768637508153915,-0.16156639647395984,1.8739768184379073,-0.20993762214254752
pcw280.SG,Poland,Poland_Southeast_BellBeaker.SG,4250.0,0.3126852810382843,-0.15658975287646532,1.8511595704917516,-0.23168192362518536
pcw350.SG,Poland,Poland_Southeast_CordedWare.SG,4293.0,0.1678911745548248,-0.16918644283935882,1.9099082954075075,-0.2025908950139513
pcw361.SG,Poland,Poland_Southeast_CordedWare.SG,4300.0,0.9026344418525696,-0.22687847161552846,1.7886322563276975,-0.19364968099582375
pcw362.SG,Poland,Poland_Southeast_CordedWare.SG,4305.0,0.9728299975395204,-0.23848444291664872,1.8049603733974178,-0.22815923404151756
pcw430.SG,Poland,Poland_Southeast_CordedWare.SG,4300.0,0.1069818437099456,-0.17834634739799968,1.8514895279915966,-0.23478268370981425
ajv54.SG,Sweden,Sweden_PWC.SG,4849.0,0.5081260204315186,-0.8772756143395796,2.436382962418823,0.8540438333462692
ber1M.SG,Sweden,Sweden_BAC.SG,4483.0,0.931956112384796,-0.9635432911375263,2.383850608746978,0.9806532748161142
ber2F.SG,Sweden,Sweden_BAC.SG,4492.0,0.2574538886547088,-0.9024165130995726,2.5006507977293126,0.8259666853150593
EKA1.SG,Estonia,Estonia_CordedWare.SG,4195.0,0.8445190787315369,-1.1494410380029012,1.6344153939999517,0.1800129566253555
oll007.SG,Sweden,Sweden_BAC.SG,4617.0,0.6905831694602966,-0.9641186531497506,2.4837478609711865,0.8591010326539339
oll009.SG,Sweden,Sweden_Late_N.SG,3787.0,0.5297673344612122,-0.8981608969847796,2.407802496743157,0.8585040181511624
oll010.SG,Sweden,Sweden_Late_N.SG,3704.0,0.1722706854343414,-0.9484643050861425,2.4802776273147593,0.8831575746754045
poz44.SG,Poland,Poland_CordedWare.SG,4663.0,0.0885903090238571,-0.13843255540691934,1.8488105668556487,-0.18125451060272355
poz81.SG,Poland,Poland_CordedWare.SG,4702.0,0.7892730832099915,-0.2205696312246211,1.7591639926295486,-0.19464690762563724
ros005_renamed.SG,Sweden,Sweden_FBC.SG,4955.0,0.4887491166591644,-0.9350769863148524,2.4768179606108696,0.8590524761169434
ros3.SG,Sweden,Sweden_FBC.SG,5084.0,0.3018524646759033,-0.9321033361009291,2.4864188584226063,0.8410034609146627
AMC001.AG,Italy,Italy_Sardinia_Roman_o.AG,1772.0,0.1332475841045379,-0.08970758628438688,-0.7252176474955804,0.18774075215308947
AMC005.AG,Italy,Italy_Sardinia_Roman.AG,1775.0,0.1145154163241386,-0.07709516182758624,-0.7278149159015502,0.2418927806430126
AMC014.AG,Italy,Italy_Sardinia_Roman.AG,1745.0,0.3168328404426574,-0.055852811079285664,-0.6696663390734063,0.2145133704672421
COR001.AG,Italy,Italy_Sardinia_EarlyMedieval_o_1d.rel.COR002.AG,1017.0,0.6422016620635986,-0.08706798675343771,-0.7392368596834663,0.215557353037252
COR002.AG,Italy,Italy_Sardinia_EarlyMedieval_o.AG,1106.0,0.7212024331092834,-0.09779053366052866,-0.7475266425945588,0.23138519502783644
FIL004.AG,Italy,Italy_Sardinia_C.AG,5155.0,0.1060734987258911,-0.04007477403705688,-0.7503279011653521,0.22818205740838443
S1249.AG,Italy,Italy_Sardinia_EBA.AG,3650.0,0.1086063161492347,-0.09613280275476098,-0.6774876348040576,0.24327099993850043
S1252.AG,Italy,Italy_Sardinia_EBA.AG,3650.0,0.3465291857719421,-0.0758960538064697,-0.6882977140427413,0.1984994576262726
ISB001.AG,Italy,Italy_Sardinia_EBA.AG,3735.0,0.6743554472923279,-0.11325608752617303,-0.7588485513063856,0.18617078862959333
ISC001.AG,Italy,Italy_Sardinia_EBA_Nuragic.AG,4175.0,0.7079690098762512,-0.07934562542933157,-0.740140924786195,0.1859473968969731
LON001.AG,Italy,Italy_Sardinia_EBA.AG,3775.0,0.6393890380859375,-0.10973238193955498,-0.7141318956425464,0.2320724827154424
LON003.AG,Italy,Italy_Sardinia_N.AG,6274.0,0.3375398218631744,-0.06587313680279121,-0.7582974625866151,0.23114591460510725
MA110.AG,Italy,Italy_Sardinia_BA_Nuragic_o.AG,3097.0,0.8445993661880493,-0.13151708423964725,-0.7637482233806703,0.19968446632891976
MA112_renamed.AG,Italy,Italy_Sardinia_BA_Nuragic_o.AG,3111.0,0.1273733526468277,-0.08698620174386924,-0.6854931776501734,0.20406035444887968
MA138.AG,Italy,Italy_Sardinia_BA_Nuragic_o.AG,3096.0,0.0691103860735893,-0.05726499110326594,-0.7516061787336017,0.21612905588162892
MA79.AG,Italy,Italy_Sardinia_N_o.AG,6045.0,0.4743705093860626,-0.11074038630343279,-0.69857461665146,0.1884807665318592
MA82.AG,Italy,Italy_Sardinia_BA_Nuragic_o.AG,3427.0,0.5294923782348633,-0.09599076952577688,-0.865529654642469,0.1665131130413715
MA85.AG,Italy,Italy_Sardinia_EBA_o.AG,3881.0,0.147262841463089,-0.11453892813308143,-0.7403394496543338,0.1964132382108006
MA88.AG,Italy,Italy_Sardinia_EBA_o.AG,4177.0,0.5896150469779968,-0.09448205328965063,-0.7240603835404056,0.21318367956457676
MSR002.AG,Italy,Italy_Sardinia_IA_Punic_2.AG,2674.0,0.3133130073547363,-0.049255613223570895,-0.7283594093069519,0.20578161996390404
MSR003.AG,Italy,Italy_Sardinia_IA_Punic_2.AG,2500.0,0.3990501463413238,0.011799350784411881,-0.7045919715905474,0.20767727812643755
NOE002.AG,Italy,Italy_Sardinia_N.AG,6132.0,0.0564608797430992,-0.07869856790725513,-0.7380434329088456,0.22375289309289434
ORC001.AG,Italy,Italy_Sardinia_BA_Nuragic.AG,3163.0,0.6692476272583008,-0.1171930919852474,-0.7686886132688112,0.2282356528287276
ORC002.AG,Italy,Italy_Sardinia_IA_Punic_2.AG,2249.0,0.7706041932106018,-0.15680528368154792,-0.7420985633534184,0.20841692185294514
ORC003.AG,Italy,Italy_Sardinia_BA_Nuragic.AG,3181.0,0.7144766449928284,-0.12518375311051969,-0.7582216113497933,0.20784609658051986
ORC004.AG,Italy,Italy_Sardinia_BA_Nuragic.AG,3226.0,0.424285888671875,-0.10341628503508364,-0.7442985656862116,0.17042575712447006
ORC005.AG,Italy,Italy_Sardinia_BA_Nuragic.AG,3140.0,0.6876926422119141,-0.10218827516382586,-0.7663987512350091,0.16873815381659918
ORC006.AG,Italy,Italy_Sardinia_BA_Nuragic.AG,3123.0,0.6638518571853638,-0.0909960674087116,-0.7259067194995534,0.19170664034311594
ORC007.AG,Italy,Italy_Sardinia_BA_Nuragic.AG,3173.0,0.7123428583145142,-0.08873772263187413,-0.7890229811272162,0.230475149626795
ORC008.AG,Italy,Italy_Sardinia_BA_Nuragic.AG,3023.0,0.6940291523933411,-0.10539907214204461,-0.7624033459461456,0.20310945868172967
ORC009.AG,Italy,Italy_Sardinia_BA_Nuragic.AG,3062.0,0.7017030715942383,-0.09699604329686726,-0.853847023032204,0.20363057567882892
PJU002.AG,Italy,Italy_Sardinia_EBA.AG,4145.0,0.1272663027048111,-0.09196719113680392,-0.7810684945207766,0.1975374116875684
SEC001.AG,Italy,Italy_Sardinia_LateC.AG,4237.0,0.714582085609436,-0.08983970284542016,-0.7303596983329677,0.21763832585941925
SEC002.AG,Italy,Italy_Sardinia_LateC.AG,4352.0,0.7771742939949036,-0.1280780662771081,-0.7639180355919388,0.15656315421298206
SEC004.AG,Italy,Italy_Sardinia_LateC.AG,4337.0,0.5361646413803101,-0.11777074146141836,-0.7805219293572564,0.19754572475393564
SEC005.AG,Italy,Italy_Sardinia_LateC.AG,4348.0,0.6972805857658386,-0.10935346499260037,-0.7932969602847137,0.17010670783384488
SEC006.AG,Italy,Italy_Sardinia_LateC.AG,4331.0,0.6697674989700317,-0.08376472508944398,-0.7455887852871372,0.2476618228056178
SID005.AG,Italy,Italy_Sardinia_N.AG,6095.0,0.1046314984560012,-0.07497168932527834,-0.72530116035974,0.1908940430953036
SID006.AG,Italy,Italy_Sardinia_C.AG,4663.0,0.1015625968575477,-0.10608429524577587,-0.7727799303058658,0.2016521529515058
SNN001.AG,Italy,Italy_Sardinia_Medieval_o1.AG,603.0,0.1080264374613761,-0.043310034821893086,-0.7778155811367261,0.17778153410890649
SNN002.AG,Italy,Italy_Sardinia_Medieval_o2.AG,604.0,0.1179079189896583,-0.05439319062784021,-0.697896424345314,0.21926597364421044
SNN003.AG,Italy,Italy_Sardinia_Medieval.AG,481.0,0.3485032320022583,-0.04818295381727833,-0.6858322397384021,0.2254049355709096
SNN004.AG,Italy,Italy_Sardinia_Medieval.AG,674.0,0.1934302449226379,-0.09337660747252866,-0.6823060916376091,0.20671815457808512
SUA002.AG,Italy,Italy_Sardinia_EBA.AG,4076.0,0.5902217030525208,-0.09145368112609775,-0.7597038396040438,0.2000615338100174
SUA003.AG,Italy,Italy_Sardinia_BA_Nuragic.AG,3112.0,0.1650193482637405,-0.12788345250096497,-0.7246858580685759,0.2059446969123027
SUA006.AG,Italy,Italy_Sardinia_BA_Nuragic.AG,3128.0,0.2872540652751922,-0.09001800011445457,-0.7174783986766314,0.21920683393544813
SUA007.AG,Italy,Italy_Sardinia_EBA.AG,3904.0,0.1932761520147323,-0.0608076666377237,-0.7304003104994304,0.20190196889731893
SUC001.AG,Italy,Italy_Sardinia_EBA.AG,4020.0,0.6391546726226807,-0.13902650847925416,-0.7311934674871124,0.19806072193173466
SUC002.AG,Italy,Italy_Sardinia_EBA_Nuragic_mother.SUC003.AG,4081.0,0.5966149568557739,-0.12612641988756643,-0.8116659568432406,0.19463749763723734
SUC003.AG,Italy,Italy_Sardinia_EBA.AG,3963.0,0.6284369826316833,-0.14956680824247962,-0.7171315945525533,0.21776316826355105
SUC004.AG,Italy,Italy_Sardinia_EBA.AG,4185.0,0.6631025075912476,-0.11913907029663981,-0.7267796619347596,0.20052493082958683
SUC005.AG,Italy,Italy_Sardinia_EBA.AG,4146.0,0.670602023601532,-0.08912745844082695,-0.7306634377382057,0.23326832813896167
SUC006.AG,Italy,Italy_Sardinia_EBA.AG,4347.0,0.5290082097053528,-0.033943512838932384,-0.7257653666509413,0.20992083743272225
SUC007.AG,Italy,Italy_Sardinia_EBA.AG,4321.0,0.6087859869003296,-0.2224854274881717,-0.7388520286694343,0.2654159553968234
SUC008.AG,Italy,Italy_Sardinia_N.AG,5817.0,0.6697439551353455,-0.13199871347466965,-0.7823972249726847,0.19573096353352049
SUC009.AG,Italy,Italy_Sardinia_EBA.AG,3667.0,0.6489501595497131,-0.07597119909073369,-0.7163139680658157,0.13642986011391517
VIL006.AG,Italy,Italy_Sardinia_IA_Punic_1.AG,2622.0,0.4040525257587433,-0.0575757724673964,-0.7673426562133848,0.20577431626694204
VIL007.AG,Italy,Italy_Sardinia_IA_Punic_1.AG,2409.0,0.3853852450847626,-0.05168112125468936,-0.765042949661792,0.21060716472247615
VIL009.AG,Italy,Italy_Sardinia_IA_Punic_1.AG,2400.0,0.0696464702486991,-0.032114652292485515,-0.7313795513624122,0.20599751244279588
VIL010.AG,Italy,Italy_Sardinia_IA_Punic_1.AG,2741.0,0.1506310105323791,-0.02058179583714314,-0.7111183031535884,0.17646320477497326
VIL011.AG,Italy,Italy_Sardinia_IA_Punic_1.AG,2754.0,0.3119788765907287,-0.08234571120566107,-0.7338432826234998,0.17773046832787165
VK108.SG,Sweden,Sweden_Viking.SG,950.0,0.5819095373153687,-0.9345934007196374,2.45544859254865,0.8124080759678728
VK113.SG,Norway,Norway_Medieval_o.SG,750.0,0.1272590011358261,-0.5999027610688599,1.5732728349364211,0.7885607627905354
VK114.SG,Norway,Norway_Medieval.SG,750.0,0.1776874959468841,-0.5953282009646899,1.567693108032453,0.764998922897994
VK117.SG,Norway,Norway_Medieval.SG,750.0,0.2486867606639862,-0.5916846280129469,1.5953022173101201,0.7839199227721824
VK118.SG,Norway,Norway_Medieval.SG,750.0,0.970844566822052,-0.6005834717412822,1.593391936427027,0.7817918352554358
VK124.SG,Norway,Norway_Medieval.SG,750.0,0.193103402853012,-0.5963292272871691,1.5754243086312323,0.7837099743522419
VK134.SG,Denmark,Denmark_Viking_o2.SG,1000.0,0.4898585677146911,-0.9055673947451154,0.8879996005181684,0.3856533693217585
VK138.SG,Denmark,Denmark_Viking.SG,1000.0,0.31153604388237,-0.9144373561288073,0.8687837131315729,0.38858692735584427
VK139.SG,Denmark,Denmark_Viking.SG,1000.0,0.4394795596599579,-0.8999405119518792,0.8701525706545615,0.41786540562905866
VK141.SG,Denmark,Denmark_Viking.SG,1000.0,0.848268449306488,-0.8820992569118307,0.8404487991864527,0.3662055217585229
VK143.SG,UnitedKingdom,England_Viking.SG,1010.0,0.6392170786857605,-1.4621808199928699,0.14233744245902621,-0.5227041795380556
VK144.SG,UnitedKingdom,England_Viking.SG,1010.0,0.149817556142807,-1.4622787521218648,0.10920430135763383,-0.6226914063246606
VK145.SG,UnitedKingdom,England_Viking.SG,1010.0,0.6604309678077698,-1.3694958952848555,0.17086279669925575,-0.5918419970570953
VK146.SG,UnitedKingdom,England_Viking.SG,1010.0,0.6834834814071655,-1.5703750257767406,0.08709726070495868,-0.729242579170361
VK147.SG,UnitedKingdom,England_Viking.SG,1010.0,0.5570566058158875,-1.447603164607978,0.1271955674233253,-0.45280411796274833
VK14.SG,Russia,Russia_Viking.SG,900.0,0.1618068963289261,-0.14514326381424825,0.7412373722012382,-0.10284710505339731
VK150.SG,UnitedKingdom,England_Viking_o.SG,1010.0,0.6447182893753052,-1.5480459293213746,0.2626284159056125,-0.6036836362010194
VK151.SG,UnitedKingdom,England_Viking.SG,1010.0,0.669765055179596,-1.4785348460361518,0.24246864789127365,-0.5240170268453339
VK153.SG,Poland,Poland_Viking_father.or.son.VK156.SG,950.0,0.0695183277130127,-0.22216835633718962,1.8192170667245888,-0.20889754842627584
VK154.SG,Poland,Poland_Viking.SG,950.0,0.9240170121192932,-0.22599752344469123,1.8871682652549437,-0.1571291129351701
VK155.SG,Poland,Poland_Viking_1d.rel.VK157.SG,950.0,0.2568594217300415,-0.20442639717005445,1.903507713587029,-0.21249181790356608
VK156.SG,Poland,Poland_Viking.SG,950.0,0.6197923421859741,-0.18915797518673338,1.8677801363667434,-0.1980245741516564
VK157.SG,Poland,Poland_Viking.SG,950.0,0.5494678616523743,-0.16814404344300005,1.870371798134209,-0.19216547222207273
VK159.SG,Russia,Russia_Viking.SG,950.0,0.3241952955722809,-0.1041889479133496,0.7071479058321595,-0.10854334976757128
VK15.SG,Russia,Russia_Viking.SG,900.0,0.7322437167167664,-0.08717049272952314,0.7757463338654419,-0.16461061776292393
VK160.SG,Russia,Russia_Viking_o.SG,850.0,0.8244803547859192,-0.15109751831082788,0.7087743708115728,-0.11091511560846981
VK165.SG,UnitedKingdom,England_Viking.SG,1010.0,0.6565640568733215,-1.502984753628754,0.20096666199422603,-0.5504251647322835
VK166.SG,UnitedKingdom,England_Viking.SG,1010.0,0.9593734741210938,-1.5146683169851123,0.14778618262208804,-0.6283201578098545
VK167.SG,UnitedKingdom,England_Viking.SG,1010.0,0.5849824547767639,-1.4811081940784285,0.16939373798164112,-0.5212827246085414
VK168.SG,UnitedKingdom,England_Viking.SG,1010.0,0.692398190498352,-1.4234457495899118,0.22940428492976467,-0.5290835703226312
VK16.SG,Russia,Russia_Viking.SG,900.0,0.2189409136772155,-0.1251432335987519,0.6980741320059703,-0.10642491181847774
VK170.SG,UnitedKingdom,IsleOfMan_Viking.SG,1050.0,0.7178034782409668,-1.4140798320147183,0.1854908476828135,-0.5414339309176568
VK171.SG,UnitedKingdom,England_Viking.SG,945.0,0.0994085222482681,-1.540382108554053,0.10657942004246736,-0.6115963058106487
VK172.SG,UnitedKingdom,England_Viking.SG,1010.0,0.6889659762382507,-1.4809890742943612,0.20435862519206835,-0.4653003433935284
VK173.SG,UnitedKingdom,England_Viking.SG,1010.0,0.6995554566383362,-1.4209380646376495,0.1995982386699584,-0.5567235850344444
VK174.SG,UnitedKingdom,England_Viking.SG,1010.0,0.6018062829971313,-1.4886210206424968,0.13093486159982606,-0.5801942424241042
VK175.SG,UnitedKingdom,England_Viking.SG,1010.0,0.5741764307022095,-1.4351312304427557,0.08468811780599671,-0.5449570965267182
VK176.SG,UnitedKingdom,England_Viking.SG,1010.0,0.8976799249649048,-1.5086533664718982,0.16553224791148774,-0.5751721928025024
VK177.SG,UnitedKingdom,England_Viking.SG,1010.0,0.6367937922477722,-1.428050117291624,0.041087036492044135,-0.5895626654523581
VK178.SG,UnitedKingdom,England_Viking_o.SG,1010.0,0.5408353209495544,-1.4900432542251847,0.13892174997839662,-0.6008390811573237
VK17.SG,Russia,Russia_Viking.SG,900.0,0.4346020817756653,-0.10082082283952652,0.7523765394621282,-0.0996242035502315
VK18.SG,Russia,Russia_Viking_o.SG,900.0,0.5771804451942444,-0.12866471165424978,0.7051072048213057,-0.13154320010932383
VK19.SG,Russia,Russia_Viking.SG,900.0,0.4709625840187073,-0.11437918009715646,0.7045122172991239,-0.08886655650768739
VK201.SG,UnitedKingdom,Scotland_Viking_o.SG,1460.0,0.7691208720207214,-1.511523874823756,0.2738728797215317,-0.6025084705922279
VK202.SG,UnitedKingdom,Scotland_Viking.SG,1000.0,0.6690172553062439,-1.4860823590043895,0.1864299743148559,-0.5043494931420295
VK203.SG,UnitedKingdom,Scotland_Viking.SG,1589.0,0.7407894134521484,-1.536715471504566,0.13257711613307466,-0.5884099772327774
VK204.SG,UnitedKingdom,Scotland_Viking.SG,1000.0,0.6651276350021362,-1.4959832412761696,0.10406004708287254,-0.6325495199365255
VK205.SG,UnitedKingdom,Scotland_Viking_o.SG,1020.0,0.721771776676178,-1.5466834230133806,0.1796921030519412,-0.48951331393141
VK207.SG,UnitedKingdom,Scotland_Viking.SG,930.0,0.5168566703796387,-1.4944661937397294,0.0713288451567639,-0.564367854502125
VK208.SG,UnitedKingdom,Scotland_Viking.SG,1112.0,0.0644964799284935,-1.503826720563753,0.08288645773927106,-0.5688095263616003
VK20.SG,Russia,Russia_Viking.SG,900.0,0.412218689918518,-0.09847714163796438,0.7495578286050607,-0.09635361357538937
VK211.SG,Poland,Poland_Medieval_2.SG,800.0,0.0957678481936454,-0.1703072127832498,1.9254042603867714,-0.21362676273902817
VK212.SG,Poland,Poland_Viking.SG,908.0,0.2986310720443725,-0.19705270276214232,1.8507520323771545,-0.22659706948384284
VK213.SG,Denmark,Denmark_IA.SG,1561.0,0.1168381869792938,-0.9264199677010957,0.8889861706744933,0.40022367354216076
VK214.SG,Denmark,Denmark_LN_BA.SG,3838.0,0.127491757273674,-0.9166676462400885,0.8515382379829535,0.4027937851694507
VK215.SG,Denmark,Denmark_Viking.SG,1100.0,0.0714007094502449,-0.9184099360527498,0.8717784404948953,0.3727448375639677
VK217.SG,Sweden,Sweden_Viking.SG,950.0,0.1359831541776657,-0.9223783601583159,2.4593323172780575,0.8661921426392327
VK218.SG,Russia,Russia_Viking.SG,900.0,0.4742731750011444,-0.08624520854681114,0.6889630762207982,-0.14028700249286297
VK219.SG,Russia,Russia_Viking.SG,950.0,0.8052915930747986,-0.14783048706160673,0.7265161991316542,-0.10684859996048574
VK21.SG,Russia,Russia_Viking_o.SG,900.0,0.168899267911911,-0.10242212799735638,0.715161958596764,-0.12102139887550845
VK220.SG,Russia,Russia_Viking.SG,900.0,0.8518198728561401,-0.0980946721425838,0.7054027218586142,-0.10840333679496371
VK221.SG,Russia,Russia_Viking.SG,1050.0,0.8755438923835754,-0.05121633944917566,0.6952646338458067,-0.15979403537026513
VK223.SG,Russia,Russia_Viking.SG,950.0,0.292743057012558,-0.17909144794523052,0.754736215529754,-0.10483990877600974
VK224.SG,Russia,Russia_Viking.SG,950.0,0.1982939392328262,-0.11339771696113432,0.7171170086808742,-0.104169912459682
VK22.SG,Russia,Russia_Viking.SG,900.0,0.1280497461557388,-0.10330616342644726,0.7035427658368989,-0.10100016410302302
VK232.SG,Sweden,Sweden_Viking.SG,975.0,0.2711966633796692,-0.9000222200925191,2.423829130249469,0.8490941994768461
VK234.SG,Denmark,Faroes_EarlyModern_1d.rel.VK236.VK25.SG,350.0,0.5320308804512024,-0.9284578331365789,0.8967558804526861,0.3747190774976203
VK236.SG,Denmark,Faroes_EarlyModern_1d.rel.VK234.VK25.SG,350.0,0.7733122110366821,-0.8986022412790958,0.8787157272120361,0.3986812133517837
VK237.SG,Denmark,Faroes_EarlyModern.SG,350.0,0.8308809399604797,-0.9239566752699688,0.8614150040488491,0.3803468526606401
VK238.SG,Denmark,Faroes_EarlyModern.SG,350.0,0.7636837363243103,-0.9197308494677718,0.8453316967394922,0.38206294455390977
VK23.SG,Russia,Russia_Viking.SG,900.0,0.3013853132724762,-0.10184972370884025,0.6792934944682191,-0.11875762699549301
VK240.SG,Denmark,Faroes_EarlyModern.SG,350.0,0.5398240089416504,-0.9237981627197873,0.8583995044810199,0.3746636299804134
VK241.SG,Denmark,Faroes_EarlyModern.SG,350.0,0.5345028638839722,-0.8915952600382007,0.8529170537928576,0.3920989244755796
VK242.SG,Denmark,Faroes_EarlyModern.SG,350.0,0.467906653881073,-0.9001430115318192,0.8448865808681222,0.42502203533311395
VK244.SG,Denmark,Faroes_EarlyModern.SG,350.0,0.4551460444927215,-0.9210415040023301,0.8778255151643536,0.37855291339667757
VK245.SG,Denmark,Faroes_EarlyModern_o1.SG,350.0,0.6645153164863586,-0.9201908379885846,0.8655765323144013,0.3916954337462999
VK248.SG,Denmark,Faroes_EarlyModern.SG,350.0,0.0806674361228942,-0.9176959436606849,0.8806682723278467,0.4122159036539251
VK24.SG,Denmark,Faroes_Viking.SG,900.0,0.1824043989181518,-0.9387537923598452,0.892961364759794,0.38083723561280025
VK254.SG,Russia,Russia_Viking.SG,950.0,0.4253791272640228,-0.1310740434309902,0.7801152273843974,-0.11060168890918971
VK255.SG,Russia,Russia_Viking.SG,950.0,0.0741403400897979,-0.14259397160527,0.7143147010320972,-0.12156290538778339
VK256.SG,UnitedKingdom,England_Viking.SG,953.0,0.7386466860771179,-1.4905517827774677,0.10276284337758448,-0.5981674236237842
VK257.SG,UnitedKingdom,England_Viking.SG,953.0,0.6283737421035767,-1.5259905787198562,0.16772568668004326,-0.4957030606186502
VK258.SG,UnitedKingdom,England_Viking.SG,953.0,0.6351408958435059,-1.429685058235449,0.2101269688364867,-0.5479291862047203
VK259.SG,UnitedKingdom,England_Viking.SG,953.0,0.691618800163269,-1.482545576363281,0.21738262633555486,-0.5436581927612845
VK25.SG,Denmark,Faroes_EarlyModern.SG,350.0,0.8723955154418945,-0.9322036280404837,0.864168369809415,0.4111666462191484
VK260.SG,UnitedKingdom,England_Viking.SG,953.0,0.5900529623031616,-1.4426943007293132,0.10042092292916092,-0.48705379659056464
VK261.SG,UnitedKingdom,England_Viking.SG,953.0,0.6461148262023926,-1.476569522250989,0.11212412755396531,-0.599054693781429
VK262.SG,UnitedKingdom,England_Viking.SG,953.0,0.6957493424415588,-1.5511958471069145,0.114015290182708,-0.5552190259585
VK263.SG,UnitedKingdom,England_Viking.SG,953.0,0.737171471118927,-1.450598905562616,0.15797362607403134,-0.5532325661471814
VK265.SG,Sweden,Sweden_Viking.SG,1000.0,0.663282573223114,-0.9192639890705265,2.456704933999316,0.8670796099189566
VK266.SG,Sweden,Sweden_Viking.SG,1000.0,0.5128023624420166,-0.9387539465735979,2.475579864393671,0.8720399987279815
VK268.SG,Sweden,Sweden_Viking.SG,1000.0,0.1492003798484802,-0.9180723824876426,2.5132287161593045,0.834220400743343
VK269.SG,Sweden,Sweden_Viking.SG,1000.0,0.0700471103191375,-0.9667771231200472,2.4651363698417548,0.7543553814367173
VK272.SG,Russia,Russia_Viking.SG,950.0,0.1956159472465515,-0.12763581800248439,0.7311646052805526,-0.11773152211151892
VK273.SG,Russia,Russia_Viking.SG,950.0,0.6568649411201477,-0.13767844712579724,0.7423709072477864,-0.10735318892229731
VK274.SG,Denmark,Denmark_Viking.SG,1000.0,0.8300471901893616,-0.9611582533715362,0.8998356833230887,0.38768813051052575
VK275.SG,Denmark,Denmark_Viking.SG,1000.0,0.3742547631263733,-0.912661471980577,0.8550312730554918,0.39823888455353285
VK276.SG,Denmark,Denmark_Viking.SG,1000.0,0.1085860431194305,-0.9042871661864276,0.8156698878344825,0.3653785290458921
VK278.SG,Denmark,Denmark_Viking.SG,1000.0,0.487001359462738,-0.93552751157109,0.9074257456821426,0.37154797899142017
VK279.SG,Denmark,Denmark_Viking.SG,1000.0,0.9127576351165771,-0.9477999895683127,0.8769945976703079,0.39270848414741744
VK27.SG,Denmark,Faroes_EarlyModern.SG,350.0,0.2503525912761688,-0.9306044952313155,0.8625307819252895,0.3938429525452912
VK280.SG,Denmark,Denmark_Viking.SG,1000.0,0.2922069728374481,-0.8819076582235837,0.8531441449994717,0.3706387983388227
VK281.SG,Denmark,Denmark_Viking.SG,1000.0,0.8848828077316284,-0.8958467878450107,0.8617842427929615,0.35656256737757946
VK282.SG,Denmark,Denmark_Viking.SG,1000.0,0.375267744064331,-0.9042627855897353,0.8560034295300366,0.37708932070658624
VK284.SG,Denmark,Denmark_Viking.SG,1000.0,0.67787766456604,-0.9021000599087804,0.8838007238732114,0.3863534135313284
VK285.SG,Denmark,Denmark_Viking.SG,1000.0,0.4866858720779419,-0.9028393259367631,0.8752253585724472,0.38093888996652775
VK286.SG,Denmark,Denmark_Viking.SG,1000.0,0.5721107721328735,-0.9475632723708018,0.8704853968458506,0.40123742015291763
VK287.SG,Denmark,Denmark_Viking.SG,1000.0,0.4018968045711517,-0.929228819239024,0.8634576589283494,0.37559292763367497
VK288.SG,Denmark,Denmark_Viking.SG,1000.0,0.570243775844574,-0.9267876521089152,0.8692056350240684,0.40399008398564684
VK289.SG,Denmark,Denmark_Viking.SG,1100.0,0.5593598484992981,-0.9044369899375223,0.8709911816990472,0.3594748704005772
VK290.SG,Denmark,Denmark_Viking.SG,1000.0,0.7731759548187256,-0.9541318300457879,0.8530155143949041,0.42551473313430266
VK291.SG,Denmark,Denmark_Viking.SG,1100.0,0.6908231973648071,-0.9237660190591606,0.8537779573458041,0.3818028305155624
VK292.SG,Denmark,Denmark_Viking.SG,1000.0,0.0944580435752868,-0.9141261075857835,0.8648720407077052,0.3965101924568067
VK294.SG,Denmark,Denmark_Viking.SG,1075.0,0.6728169322013855,-0.936167318830448,0.8549766221561064,0.3809443688214184
VK295.SG,Denmark,Denmark_Viking.SG,1000.0,0.4586885869503021,-0.9424060879759986,0.850597310272164,0.3977845086685572
VK296.SG,Denmark,Denmark_EarlyViking.SG,1230.0,0.3710090517997741,-0.8895048815886687,0.8897538140784442,0.3828768582555756
VK297.SG,Denmark,Denmark_EarlyViking.SG,1200.0,0.5003759264945984,-0.9114853164242211,0.8670266879789607,0.4137132771861765
VK298.SG,Denmark,Denmark_Viking.SG,1050.0,0.3424927294254303,-0.9346899340417819,0.8565813851747964,0.3749825183797461
VK29.SG,Sweden,Sweden_Viking.SG,900.0,0.8830863833427429,-0.8945230516573892,2.5004045366203385,0.8609189815467951
VK300.SG,Denmark,Denmark_Viking.SG,1075.0,0.402953565120697,-0.9098812451842816,0.8463462748678284,0.40385302322657357
VK301.SG,Denmark,Denmark_Viking.SG,1185.0,0.5360406041145325,-0.9145781134453782,0.8620318218509876,0.3920424137106024
VK303.SG,Sweden,Sweden_Viking.SG,900.0,0.9086586833000184,-0.9449930442940447,2.4679736527018985,0.7503574530512428
VK306.SG,Sweden,Sweden_Viking.SG,900.0,0.6800349950790405,-0.9704307906843301,2.426873828606784,0.8771026443572897
VK308.SG,Sweden,Sweden_Viking.SG,900.0,0.7922025322914124,-0.9191790437221578,2.415783648611805,0.8432317769088682
VK309.SG,Sweden,Sweden_Viking.SG,900.0,0.2753312289714813,-0.9049869126277749,2.434871615835696,0.8389198177475099
VK30.SG,Sweden,Sweden_Viking.SG,900.0,0.4777954518795013,-0.8818611184082222,2.448922638011837,0.8197345722183106
VK312.SG,Denmark,Denmark_Viking.SG,1075.0,0.3107209801673889,-0.9322529413353894,0.9164893702125654,0.394976102064529
VK313.SG,Denmark,Denmark_Viking.SG,1075.0,0.2872775793075561,-0.9196557044334949,0.8574662369078233,0.3750721778632982
VK314.SG,Denmark,Denmark_Viking.SG,1075.0,0.2629177570343017,-0.9035956037116641,0.8340582630692285,0.3779502525997699
VK315.SG,Denmark,Denmark_Viking.SG,1075.0,0.4466157257556915,-0.8819268711812742,0.8614797518233024,0.34190058044797783
VK316.SG,Denmark,Denmark_Viking.SG,1000.0,0.7780858874320984,-0.8950529488903065,0.8447684878772755,0.3827645362503285
VK317.SG,Denmark,Denmark_Viking_o1.SG,1000.0,0.7212178707122803,-0.9108183971067444,0.8809074190750795,0.3695728062813109
VK319.SG,Denmark,Denmark_Viking.SG,1150.0,0.4361713826656341,-0.9109800322700401,0.8787435384667787,0.3843024384972917
VK31.SG,Sweden,Sweden_Viking.SG,900.0,0.3224767446517944,-0.9190457918713466,2.458694158869908,0.8412717922599947
VK320.SG,Denmark,Denmark_Viking.SG,1000.0,0.757856547832489,-0.8910693134109055,0.8544584417173354,0.3466311464737771
VK322.SG,Denmark,Denmark_Viking.SG,934.0,0.6992999911308289,-0.8865253094762648,0.883556184626308,0.3709278046399496
VK323.SG,Denmark,Denmark_Viking.SG,1000.0,0.7370611429214478,-0.8939474027100167,0.8720963651700968,0.3786129211439807
VK324.SG,Denmark,Denmark_Viking.SG,935.0,0.7382614612579346,-0.9056580492642785,0.8379454759246491,0.40757213954943816
VK325.SG,Denmark,Denmark_Viking.SG,1145.0,0.4548792243003845,-0.9268366168151644,0.8961433500008912,0.390406854449725
VK326.SG,Denmark,Denmark_Viking.SG,1026.0,0.7354139685630798,-0.9075404784224295,0.8533086159618584,0.3738565317084963
VK327.SG,Denmark,Denmark_Viking.SG,979.0,0.6873082518577576,-0.8977856619462943,0.8716989883096777,0.39482565497843314
VK328.SG,Denmark,Denmark_Viking.SG,1104.0,0.7001321315765381,-0.9026714243843682,0.8438776832399268,0.38560437680333165
VK329.SG,Denmark,Denmark_Viking.SG,1183.0,0.7008969187736511,-0.9532004795880975,0.8748203946177717,0.4141778319361247
VK330.SG,Denmark,Denmark_Viking.SG,896.0,0.6402673721313477,-0.9109029657391389,0.8432246411463376,0.37422503010695063
VK332.SG,Sweden,Sweden_Viking.SG,1085.0,0.7617340683937073,-0.915831965797347,2.45379772131377,0.8425848003066428
VK333.SG,Sweden,Sweden_Viking.SG,1052.0,0.6868346333503723,-0.9255107002177398,2.419082241766155,0.8391759537477455
VK334.SG,Sweden,Sweden_Viking.SG,893.0,0.4203459322452545,-0.924116994976026,2.4509658499782523,0.8610589791260178
VK335.SG,Sweden,Sweden_Viking.SG,1000.0,0.6530377268791199,-0.9359534891541003,2.48972631498801,0.812046214740452
VK336.SG,Sweden,Sweden_Viking.SG,1091.0,0.7023794651031494,-0.924107305496016,2.4791683447150947,0.8718555335102326
VK337.SG,Sweden,Sweden_Viking.SG,1069.0,0.8774692416191101,-0.9029068506187887,2.41756643591767,0.8573867296419009
VK338.SG,Denmark,Denmark_Viking.SG,1000.0,0.4397812485694885,-0.9335184033439938,0.7853814365290991,0.3649092107172156
VK33.SG,Sweden,Sweden_Viking_1d.rel.VK406.SG,900.0,0.6290485262870789,-0.9416664715934193,2.4777857327599224,0.8408078524172123
VK340.SG,Denmark,Denmark_Viking.SG,1075.0,0.4852211475372314,-0.900581086408676,0.9285002083177261,0.41711455069721215
VK342.SG,Sweden,Sweden_Viking.SG,1000.0,0.7470424175262451,-0.9057667380046185,2.4361525034360736,0.8204483494172456
VK345.SG,Sweden,Sweden_Viking.SG,1000.0,0.6601009368896484,-0.9193538284595553,2.4545155967862584,0.8628136209985762
VK346.SG,Sweden,Sweden_Viking.SG,1000.0,0.7072415351867676,-0.9147797148134911,2.4845078540284184,0.8695694533862601
VK349.SG,Sweden,Sweden_Viking.SG,1110.0,0.7030615210533142,-0.9214369936599315,2.4500592621494564,0.836711120045908
VK34.SG,Sweden,Sweden_Viking.SG,900.0,0.7115407586097717,-0.9140332611242966,2.4609933994383972,0.8140056937296047
VK350.SG,Sweden,Sweden_Viking.SG,1134.0,0.7902268767356873,-0.9012364028933035,2.5207737461886013,0.8839079793534033
VK352.SG,Sweden,Sweden_Viking.SG,1000.0,0.677384614944458,-0.9065679856159513,2.420835399170785,0.8642410932368085
VK353.SG,Sweden,Sweden_Viking.SG,893.0,0.7131870985031128,-0.9514043395682842,2.439788688446443,0.858831803107078
VK354.SG,Sweden,Sweden_Viking.SG,939.0,0.4928739666938782,-0.9356563097898066,2.4543945105937954,0.8730546235869936
VK355.SG,Sweden,Sweden_Viking.SG,1097.0,0.6744875907897949,-0.9207176242922418,2.431421761000896,0.8008912573197149
VK357.SG,Sweden,Sweden_Viking.SG,887.0,0.7414990663528442,-0.9097507211858601,2.4484966036173095,0.8254989267371837
VK358.SG,Sweden,Sweden_Viking.SG,1092.0,0.6260550618171692,-0.9299627523561306,2.437925785856016,0.817480897319525
VK35.SG,Sweden,Sweden_Viking.SG,900.0,0.7062163949012756,-0.925187597417071,2.5007447569136687,0.8879864848016613
VK361.SG,Denmark,Denmark_Viking.SG,1000.0,0.7355826497077942,-0.9027572964081612,0.8626798119395347,0.38612575592884635
VK362.SG,Denmark,Denmark_Viking.SG,1000.0,0.4999103844165802,-0.9232789492066877,0.8394043793265221,0.4107511676464786
VK363.SG,Denmark,Denmark_Viking.SG,1000.0,0.7561306953430176,-0.8909927024424562,0.8373659228641385,0.4016398040107229
VK364.SG,Denmark,Denmark_Viking.SG,1000.0,0.8035446405410767,-0.8831248519218524,0.8808778204675054,0.42330680420823247
VK365.SG,Denmark,Denmark_Viking.SG,1000.0,0.566604733467102,-0.9261842776480732,0.8706505054147996,0.3902527065506297
VK366.SG,Denmark,Denmark_Viking.SG,1000.0,0.5229734182357788,-0.9355038431694735,0.9009783415948701,0.4204230007124886
VK367.SG,Denmark,Denmark_Viking.SG,1000.0,0.6805670261383057,-0.9310309785780532,0.8544786862657988,0.3706044883920367
VK368.SG,Denmark,Denmark_Viking.SG,1000.0,0.7264724969863892,-0.9062383063602413,0.8492575544443197,0.3792545437731991
VK369.SG,Denmark,Denmark_Viking.SG,1075.0,0.6960015892982483,-0.9276752419524291,0.8969372565997475,0.4048082104521214
VK370.SG,Denmark,Denmark_Viking.SG,1000.0,0.7453157305717468,-0.9493681280405787,0.9207160930970164,0.37408269557953666
VK371.SG,Denmark,Denmark_Viking.SG,1065.0,0.4900670051574707,-0.8995328907892829,0.8473228731972124,0.3548024955501249
VK372.SG,Denmark,Denmark_Viking.SG,1000.0,0.7473546266555786,-0.9484940573313233,0.8807034966489455,0.42815507323459445
VK373.SG,Denmark,Denmark_Viking.SG,1000.0,0.6941792368888855,-0.9127095344772819,0.8489654054174123,0.39816656763144065
VK379.SG,Sweden,Sweden_EarlyViking.SG,1200.0,0.0724688246846199,-0.8979226589170244,2.4793954135448475,0.8516625785211223
VK380.SG,Sweden,Sweden_Viking.SG,1000.0,0.1072259545326232,-0.9059372881013792,2.4389759443258834,0.8724512258162045
VK382.SG,Sweden,Sweden_EarlyViking.SG,1200.0,0.0615881569683551,-0.903293948249428,2.418926952569595,0.8505649081429141
VK384.SG,Denmark,Denmark_Viking.SG,1075.0,0.7174352407455444,-0.9057130198831573,0.8444418732466691,0.3883258976713501
VK385.SG,Denmark,Denmark_Viking.SG,1075.0,0.8038877248764038,-0.9443586502914894,0.8959011891878406,0.3843131670231981
VK386.SG,Norway,Norway_Viking.SG,1000.0,0.7410911321640015,-0.6076875073050109,1.5764643573383945,0.7849900080025695
VK387.SG,Norway,Norway_Viking.SG,950.0,0.6629273295402527,-0.6078525432897721,1.588676883515854,0.7856838934302042
VK388.SG,Norway,Norway_Viking.SG,800.0,0.6482186317443848,-0.5997999855759604,1.557873292744662,0.7743981269167713
VK389.SG,Norway,Norway_Viking.SG,1000.0,0.6675233840942383,-0.6065308343731846,1.56813024477263,0.7786642708310791
VK390.SG,Norway,Norway_IA.SG,1450.0,0.775782585144043,-0.5807546632477616,1.5658103896978812,0.7687344873513633
VK391.SG,Norway,Norway_IA.SG,1450.0,0.3561000525951385,-0.60813620579437,1.566212999091962,0.7789096461614102
VK392.SG,Norway,Norway_Viking.SG,1100.0,0.656499981880188,-0.6255068350140144,1.5799459659523258,0.7892953420034945
VK393.SG,Norway,Norway_Viking.SG,1000.0,0.7097216248512268,-0.5908542032906335,1.579907623644336,0.786783785630741
VK395.SG,Sweden,Sweden_Viking.SG,900.0,0.7769894003868103,-0.9474555287953977,2.453021002172466,0.8386661977395085
VK396.SG,Sweden,Sweden_Viking.SG,900.0,0.7038449645042419,-0.9806564580224841,2.475491717334656,0.8765812516050487
VK397.SG,Sweden,Sweden_Viking.SG,900.0,0.7566919326782227,-0.9321924767604794,2.4350965034581087,0.8668099914504591
VK398.SG,Sweden,Sweden_Viking.SG,900.0,0.7314140200614929,-0.9307077252020045,2.4673983655634553,0.8147634447750394
VK399.SG,Sweden,Sweden_Viking.SG,900.0,0.8303326964378357,-0.9381204235758215,2.4529677381947077,0.8291340451812097
VK39.SG,Sweden,Sweden_Viking.SG,900.0,0.1642594188451767,-0.9337539278803147,2.4775815327262025,0.820555723387079
VK400.SG,Sweden,Sweden_Viking.SG,900.0,0.6664357781410217,-0.8865735611302599,2.400155424248848,0.8373974632359809
VK401.SG,Sweden,Sweden_Viking.SG,900.0,0.7352631092071533,-0.9322534524476666,2.468617810525275,0.8656085853399765
VK402.SG,Sweden,Sweden_Viking.SG,900.0,0.7808863520622253,-0.9435222623808875,2.4648093307614576,0.8008153835023735
VK403.SG,Sweden,Sweden_Viking.SG,900.0,0.77852463722229,-0.956572427098438,2.486518308628745,0.9107647580704626
VK404.SG,Sweden,Sweden_Viking.SG,900.0,0.7660430073738098,-0.9084666002798454,2.454359358297071,0.8700060361470413
VK405.SG,Sweden,Sweden_Viking.SG,900.0,0.6522315740585327,-0.9106709869963235,2.448011395088363,0.8305460963661213
VK406.SG,Sweden,Sweden_Viking.SG,900.0,0.7378883957862854,-0.9107232841205617,2.4917630175798338,0.856698260997664
VK407.SG,Sweden,Sweden_Viking.SG,900.0,0.2124211192131042,-0.9174070903335882,2.465660917982411,0.8579773914167617
VK408.SG,Russia,Russia_Viking.SG,900.0,0.1738586723804474,-0.11279559631134392,0.7225900398702869,-0.12046690103738347
VK409.SG,Russia,Russia_Viking.SG,900.0,0.1662877798080444,-0.14707354699147387,0.745779097441173,-0.10717125591541016
VK40.SG,Sweden,Sweden_Viking.SG,900.0,0.7990742921829224,-0.8883520695474219,2.4367026222976556,0.8488207985684496
VK410.SG,Russia,Russia_Viking.SG,850.0,0.1358736753463745,-0.16086754140218115,0.7070244462096313,-0.13125082268255858
VK414.SG,Norway,Norway_Viking.SG,950.0,0.7209542989730835,-0.6072891494811277,1.598667108617447,0.7965217568126819
VK415.SG,Norway,Norway_Viking.SG,1050.0,0.7000412940979004,-0.5902037100973491,1.569994092643726,0.7837342175720945
VK417.SG,Norway,Norway_Viking.SG,1100.0,0.6902101039886475,-0.6032053750632265,1.5839640603136542,0.7889469335626597
VK418.SG,Norway,Norway_IA.SG,1600.0,0.6250931620597839,-0.5964088377170272,1.5744696396031423,0.783842052876338
VK419.SG,Norway,Norway_Viking.SG,1200.0,0.7141238451004028,-0.6109923228266655,1.571538522207723,0.7922405039331911
VK420.SG,Norway,Norway_Viking.SG,1050.0,0.7974376678466797,-0.6060162207249166,1.5722576559238222,0.7874881615265507
VK422.SG,Norway,Norway_Viking.SG,1000.0,0.6814956665039062,-0.6025521733747138,1.5723368979848336,0.7839648068289228
VK424.SG,Sweden,Sweden_Viking.SG,900.0,0.1313246488571167,-0.9476265017111308,2.5047299231344113,0.8857006606016403
VK425.SG,Sweden,Sweden_Viking.SG,900.0,0.1158333271741867,-0.9176681940793204,2.4343677615872936,0.8560986198733829
VK426.SG,Sweden,Sweden_Viking.SG,900.0,0.1151991114020347,-0.8793459789658765,2.4449722160709677,0.8632019299962865
VK427.SG,Sweden,Sweden_Viking.SG,900.0,0.1074660196900367,-0.9206960553884653,2.4546061973303313,0.8443728268376
VK428.SG,Sweden,Sweden_Viking.SG,975.0,0.1682853251695633,-0.9206150309257201,2.485745652246429,0.8479813568447983
VK429.SG,Sweden,Sweden_Viking.SG,975.0,0.9149181842803956,-0.9064043834055779,2.535295455604891,0.8124772526155747
VK42.SG,Sweden,Sweden_Viking.SG,900.0,0.9976139664649964,-0.8359232211148794,2.5177595932221863,0.8695192919024114
VK430.SG,Sweden,Sweden_Viking.SG,975.0,0.1917992681264877,-0.9507988827929343,2.5073149834417556,0.8878495141663241
VK431.SG,Sweden,Sweden_Viking.SG,975.0,0.234552264213562,-0.907171534028161,2.42598038314418,0.8929886708259233
VK432.SG,Sweden,Sweden_Viking.SG,975.0,0.2788202464580536,-0.9359195712045754,2.426665974276927,0.8377192250487578
VK433.SG,Sweden,Sweden_Viking.SG,975.0,0.8726963996887207,-0.9315399319383677,2.4033547539551656,0.8631669701794131
VK434.SG,Sweden,Sweden_Viking.SG,975.0,0.2397922873497009,-0.9513785870777919,2.425827301872478,0.8304994091998749
VK435.SG,Sweden,Sweden_Viking.SG,975.0,0.0602913349866867,-0.9173252776335056,2.5132439320776143,0.8601742949594776
VK438.SG,Sweden,Sweden_Viking.SG,975.0,0.2040002793073654,-0.9172990940672342,2.42219249583103,0.8210214030655093
VK439.SG,Sweden,Sweden_Viking.SG,975.0,0.1628490537405014,-0.8850357571445796,2.413969750699666,0.8611436213926528
VK440.SG,Sweden,Sweden_Viking.SG,975.0,0.0729100182652473,-0.94525851790368,2.4902636875046857,0.8466606090401742
VK442.SG,Sweden,Sweden_Viking.SG,1097.0,0.7049366235733032,-0.8671692545883769,2.363222813437229,0.8779120462433277
VK443.SG,Sweden,Sweden_Viking.SG,1000.0,0.8984463214874268,-0.9292469827786721,2.466610746337136,0.8240471735121919
VK444.SG,Sweden,Sweden_Viking.SG,1097.0,0.5757570862770081,-0.9202874144108253,2.4826968418646764,0.8213778479243502
VK445.SG,Denmark,Denmark_Viking.SG,1000.0,0.7561241984367371,-0.9039341316833341,0.8702492551657655,0.36869885396832486
VK446.SG,Denmark,Denmark_Viking.SG,1000.0,0.8028755784034729,-0.8899085352377775,0.8604387772210155,0.3904360875664253
VK448.SG,Norway,Norway_Viking.SG,1050.0,0.8882461190223694,-0.6033427323346392,1.5812445118093659,0.7950135629864473
VK449.SG,UnitedKingdom,England_Viking.SG,953.0,0.770584762096405,-1.4744046241181241,0.1541618228992895,-0.587083981434989
VK44.SG,Denmark,Faroes_EarlyModern_o2.SG,350.0,0.3765256404876709,-0.904888861232223,0.8259665740083538,0.38662746637767237
VK450.SG,Sweden,Sweden_Viking.SG,975.0,0.1177830249071121,-0.9097229857743214,2.484391928889771,0.8365824574852914
VK452.SG,Sweden,Sweden_Viking.SG,975.0,0.2169928401708603,-0.8886443804008981,2.4139514544970733,0.8600085737772487
VK453.SG,Sweden,Sweden_Viking.SG,975.0,0.1571062058210373,-0.9777803214382711,2.4949628151711907,0.8227850979208309
VK454.SG,Sweden,Sweden_Viking.SG,975.0,0.2263958305120468,-0.9324847434631933,2.5097123198881137,0.8390660850492898
VK455.SG,Sweden,Sweden_Viking.SG,975.0,0.8038698434829712,-0.9359538484886091,2.430621073589722,0.8389084484883046
VK456.SG,Sweden,Sweden_Viking.SG,975.0,0.7618062496185303,-0.9182419964180774,2.461637318358887,0.8449988556609972
VK457.SG,Sweden,Sweden_Viking.SG,975.0,0.1776729077100753,-0.917297297734845,2.4198642437024125,0.8589560170979574
VK458.SG,Sweden,Sweden_Viking.SG,975.0,0.1706932485103607,-0.9059457524211973,2.399895850611697,0.8710605904627742
VK459.SG,Sweden,Sweden_Viking.SG,975.0,0.1796185374259948,-0.924540288756685,2.4871604952716293,0.8480590403953013
VK45.SG,Denmark,Faroes_EarlyModern_brother.VK245.SG,350.0,0.1269378364086151,-0.9255493504506486,0.8884026440584372,0.39204975782139834
VK460.SG,Sweden,Sweden_Viking.SG,975.0,0.2658747434616089,-0.93966381362082,2.4949927180196436,0.8680446624398197
VK461.SG,Sweden,Sweden_Viking.SG,975.0,0.2591635286808014,-0.9046359130001866,2.416813570446174,0.8297599810483556
VK462.SG,Sweden,Sweden_Viking.SG,975.0,0.0897111371159553,-0.9136485419947118,2.484686879958199,0.8490594855110053
VK463.SG,Sweden,Sweden_Viking.SG,975.0,0.2517240345478058,-0.9088280744489727,2.4764541529434516,0.8193625562200083
VK464.SG,Sweden,Sweden_Viking.SG,975.0,0.0858231037855148,-0.9275739076039995,2.4543023289962544,0.8557001878913516
VK466.SG,Russia,Russia_Viking_o.SG,950.0,0.1273157745599746,-0.16460739256720616,0.7248396455585432,-0.1353018205714822
VK468.SG,Sweden,Sweden_Viking.SG,975.0,0.9404653310775756,-0.942019454645107,2.4016607686884037,0.8369545271629355
VK469.SG,Sweden,Sweden_Viking.SG,975.0,0.2188217043876648,-0.8976083062174423,2.4247786675410263,0.8901118097960127
VK46.SG,Denmark,Faroes_EarlyModern.SG,350.0,0.981293797492981,-0.90295928501222,0.8603445848201525,0.3984751318525276
VK471.SG,Sweden,Sweden_Viking.SG,975.0,0.208322212100029,-0.9588158611372679,2.447123400164359,0.8268716377187119
VK472.SG,Sweden,Sweden_Viking.SG,975.0,0.0656878724694252,-0.9302682069741421,2.3866882030267065,0.8635711789984434
VK473.SG,Sweden,Sweden_Viking.SG,975.0,0.7695896029472351,-0.9045949940058776,2.4961661079428685,0.8450355955877186
VK474.SG,Sweden,Sweden_Viking.SG,975.0,0.806367814540863,-0.873468720067785,2.474832661854716,0.8258069754417564
VK475.SG,Sweden,Sweden_Viking.SG,975.0,0.9843050837516784,-0.827806758542538,2.532371447174339,0.6978062626831801
VK476.SG,Sweden,Sweden_Viking.SG,975.0,0.1181601509451866,-0.9345790567314481,2.4295221689741697,0.8423200605608018
VK477.SG,Sweden,Sweden_Viking.SG,975.0,0.7113874554634094,-0.9513992648821836,2.4692342587204408,0.8347319634601144
VK478.SG,Sweden,Sweden_Viking.SG,975.0,0.7949900031089783,-0.8954233601121973,2.472786941611955,0.8207427316097252
VK479.SG,Sweden,Sweden_Viking.SG,975.0,0.8577395081520081,-0.9030799258062802,2.460134802744901,0.8561601139159943
VK480.SG,Estonia,Estonia_EarlyViking.SG,1200.0,0.598027765750885,-1.1787084175538511,1.669522711611741,0.1471606495208527
VK481.SG,Estonia,Estonia_EarlyViking.SG,1200.0,0.7756771445274353,-1.2146573835449526,1.6587322314591415,0.1594215353723254
VK482.SG,Estonia,Estonia_EarlyViking.SG,1200.0,0.6750253438949585,-1.2016255169696923,1.6597423879152322,0.16642358731955248
VK483.SG,Estonia,Estonia_EarlyViking.SG,1191.0,0.834384560585022,-1.2017095475009179,1.6411453364762272,0.13532226349492277
VK484.SG,Estonia,Estonia_EarlyViking.SG,1200.0,0.7159892320632935,-1.1857280752734867,1.6509311486783673,0.16920351556017757
VK485.SG,Estonia,Estonia_EarlyViking_brother.VK490.VK483.VK497.SG,1244.0,0.5467817187309265,-1.2050491048110616,1.6592736902820537,0.16122524610304717
VK486.SG,Estonia,Estonia_EarlyViking.SG,1200.0,0.8385434746742249,-1.197721145645038,1.6611468926914215,0.16221158642952588
VK487.SG,Estonia,Estonia_EarlyViking.SG,1200.0,0.8600071668624878,-1.1931747434679612,1.656070052690449,0.16927708601532235
VK488.SG,Estonia,Estonia_EarlyViking.SG,1200.0,0.6068135499954224,-1.20073318027176,1.6463057091741788,0.16416106831431082
VK489.SG,Estonia,Estonia_EarlyViking.SG,1200.0,0.8075170516967773,-1.220576289764037,1.6642561470777537,0.17285901498067893
VK48.SG,Sweden,Sweden_Viking.SG,975.0,0.423066109418869,-0.9507848782841364,2.4332428526231613,0.8241626369641987
VK490.SG,Estonia,Estonia_EarlyViking_brother.VK485.VK483.VK497.SG,1227.0,0.6460142731666565,-1.211415855789901,1.6583475569132182,0.1802533375106724
VK491.SG,Estonia,Estonia_EarlyViking.SG,1200.0,0.7674785256385803,-1.2015672677263887,1.6548724186812114,0.1629674594369359
VK492.SG,Estonia,Estonia_EarlyViking.SG,1200.0,0.6530303955078125,-1.1886873410564343,1.6470384268192144,0.15918344934066056
VK493.SG,Estonia,Estonia_EarlyViking.SG,1200.0,0.8500989079475403,-1.2049609788269864,1.6564542171968377,0.15998727177823616
VK494.SG,Poland,Poland_Viking.SG,950.0,0.1654224246740341,-0.15298796546543791,1.8750503526724156,-0.20964347957339782
VK495.SG,Estonia,Estonia_EarlyViking.SG,1200.0,0.6945847272872925,-1.192344902951601,1.6443919351388483,0.17601354944323683
VK496.SG,Estonia,Estonia_EarlyViking.SG,1200.0,0.8662698864936829,-1.214120387156298,1.6723802073190377,0.1722429738230836
VK497.SG,Estonia,Estonia_EarlyViking_brother.VK490.VK483.VK485.SG,1200.0,0.7699189186096191,-1.1921401564876608,1.6417666875223011,0.15718320144084014
VK498.SG,Estonia,Estonia_EarlyViking.SG,1200.0,0.7250377535820007,-1.1873609133631209,1.6405458415230534,0.1679429944350839
VK504.SG,Estonia,Estonia_EarlyViking.SG,1200.0,0.575654923915863,-1.2056290828225085,1.6434491476977193,0.16253260918055237
VK505.SG,Estonia,Estonia_EarlyViking.SG,1200.0,0.6706830859184265,-1.1701111421621562,1.642478520229548,0.16303155078868456
VK506.SG,Estonia,Estonia_EarlyViking.SG,1237.0,0.7206509709358215,-1.1888425251344161,1.6674370040734698,0.16646750249341982
VK507.SG,Estonia,Estonia_EarlyViking.SG,1121.0,0.5832890868186951,-1.1744680232779723,1.6462692451192151,0.17714669067803634
VK508.SG,Estonia,Estonia_EarlyViking.SG,1200.0,0.8366464972496033,-1.1718309784067342,1.6440574548003615,0.14381950046809036
VK509.SG,Estonia,Estonia_EarlyViking.SG,1200.0,0.7452719211578369,-1.1840631917598812,1.652931805104048,0.1598702928826606
VK50.SG,Sweden,Sweden_Viking.SG,975.0,0.9427281022071838,-0.9407383240501114,2.434722572544726,0.7709625270227193
VK510.SG,Estonia,Estonia_EarlyViking.SG,1200.0,0.7939551472663879,-1.1739279436350938,1.6386998165384141,0.16176075064688342
VK511.SG,Estonia,Estonia_EarlyViking.SG,1200.0,0.8278087973594666,-1.19138617243009,1.6391875537320422,0.15675067932068595
VK512.SG,Estonia,Estonia_EarlyViking.SG,1200.0,0.8447972536087036,-1.198589054572833,1.6478266574950096,0.1496448760083842
VK514.SG,Norway,Norway_Viking.SG,1200.0,0.660785436630249,-0.5950756127290242,1.5714006601234196,0.7966303817944808
VK515.SG,Norway,Norway_Viking.SG,1000.0,0.5100984573364258,-0.6054750618432,1.582028521469691,0.7879647179657814
VK516.SG,Norway,Norway_Viking.SG,1000.0,0.7794029712677002,-0.6069961002288092,1.5683128320965518,0.7720692260971793
VK517.SG,Sweden,Sweden_Viking_1d.rel.VK527.SG,900.0,0.6740610003471375,-0.9189163910730526,2.4365830324401676,0.8457411027821402
VK518.SG,Norway,Norway_Viking_o1.SG,1100.0,0.3811898231506347,-0.5688545048564533,1.5628495688010986,0.7637503005777732
VK519.SG,Norway,Norway_Viking_o2.SG,1200.0,0.2161737084388733,-0.5593892508013912,1.548544048035762,0.7764644247399299
VK51.SG,Sweden,Sweden_Viking.SG,975.0,0.4621638357639313,-0.9155337747702933,2.4558512955922343,0.8443926492116295
VK521.SG,Denmark,Denmark_IA.SG,1650.0,0.9843383431434632,-0.9361218894002742,0.8713440268493846,0.383966098543977
VK523.SG,Norway,Norway_IA.SG,1450.0,0.6220412850379944,-0.6022922409346136,1.5770852936925008,0.7639447368271448
VK524.SG,Norway,Norway_Viking.SG,1000.0,0.8086029887199402,-0.6048558718881083,1.5682433172905563,0.7559283773338408
VK525.SG,Norway,Norway_Viking.SG,1100.0,0.679709792137146,-0.5971191071640458,1.5899521201631572,0.7874726322770124
VK526.SG,Norway,Norway_Viking.SG,1100.0,0.8616145849227905,-0.6206270414294464,1.5907950470252001,0.807070805273785
VK527.SG,Sweden,Sweden_Viking.SG,900.0,0.6839935779571533,-0.8952257650476796,2.4262991787618073,0.8518860877637895
VK529.SG,Norway,Norway_Viking.SG,1150.0,0.8549820780754089,-0.6044242318163269,1.5939049662544156,0.7850226035896282
VK530.SG,Norway,Norway_Viking.SG,1000.0,0.6406745314598083,-0.591827950864868,1.5754421543503077,0.7819243308131794
VK532.SG,Denmark,Denmark_IA.SG,1850.0,0.9723612070083618,-0.8948613871319827,0.8584240518408256,0.3729246650629426
VK535.SG,Italy,Italy_Medieval.SG,700.0,0.7082301378250122,-0.044597831207210496,-0.7075532527044843,0.20418546133938972
VK536.SG,Italy,Italy_Medieval.SG,800.0,0.63422691822052,-0.05511717338375503,-0.7294211800923192,0.20819432099849478
VK537.SG,Italy,Italy_Medieval_o2.SG,800.0,0.7380960583686829,-0.055072119363879936,-0.7340077323386477,0.2337182761409274
VK538.SG,Italy,Italy_Medieval_o1.SG,800.0,0.7010412812232971,-0.043269470004677596,-0.7276433766329348,0.22248981359246822
VK539.SG,Ukraine,Ukraine_Medieval_Rus_Viking.SG,900.0,0.8177294135093689,-0.085578341971396,1.415850218885407,0.8363438285157235
VK53.SG,Sweden,Sweden_Viking.SG,975.0,0.5201753973960876,-0.9195108118217111,2.4894197403341485,0.8789927040711771
VK540.SG,Ukraine,Ukraine_Medieval_Rus_Viking_1d.rel.VK539.SG,900.0,0.6110543608665466,-0.07657160481733492,1.373677308992068,0.7941978875919222
VK542.SG,Ukraine,Ukraine_Medieval_Rus_Viking_o.SG,900.0,0.6998295783996582,-0.05531828447445173,1.395404398863654,0.8361838606972025
VK543.SG,Ireland,Ireland_Viking.SG,1100.0,0.6358091831207275,-1.537157464841122,-0.0368667765436351,0.016600602527953628
VK544.SG,Ireland,Ireland_Viking.SG,1100.0,0.7730672955513,-1.5309316697295576,-0.046531345625629314,0.022121654996814625
VK545.SG,Ireland,Ireland_Viking.SG,1185.0,0.83076012134552,-1.550951493333963,-0.05941426339640923,0.029310323752708027
VK546.SG,Ireland,Ireland_Viking.SG,1100.0,0.1047061160206794,-1.6043627860626881,-0.04115449079191486,0.0013543253343701648
VK547.SG,Norway,Norway_Viking.SG,1050.0,0.9876676201820374,-0.6015883862586765,1.5805689221078867,0.8056553324285568
VK548.SG,Norway,Norway_Viking.SG,1100.0,0.9480410814285278,-0.5973077345291298,1.5654971581613182,0.764726189778135
VK549.SG,Estonia,Estonia_EarlyViking.SG,1200.0,0.8212646842002869,-1.2274476194418327,1.6792963694642222,0.18723288434532995
VK550.SG,Estonia,Estonia_EarlyViking.SG,1200.0,0.84001225233078,-1.2126158587062834,1.6722960578205914,0.16338859004911993
VK551.SG,Estonia,Estonia_EarlyViking.SG,1200.0,0.9014714360237122,-1.1956132965654076,1.6645973972671584,0.16744514626652332
VK552.SG,Estonia,Estonia_EarlyViking.SG,1200.0,0.7583034634590149,-1.2091066790633016,1.6693961052736532,0.1633227279269883
VK553.SG,Estonia,Estonia_EarlyViking.SG,1200.0,0.7324294447898865,-1.1957904201768537,1.6768703355837655,0.168205942088088
VK554.SG,Estonia,Estonia_EarlyViking.SG,1120.0,0.6264329552650452,-1.1923959599555654,1.6572138799674268,0.16366556875878516
VK555.SG,Estonia,Estonia_EarlyViking.SG,1200.0,0.6760982871055603,-1.1873752545192804,1.6589271202989184,0.17085926164055742
VK56.SG,Sweden,Sweden_Viking.SG,975.0,0.6506030559539795,-0.9373345423324392,2.4045488442192333,0.8170678749540061
VK579.SG,Sweden,Sweden_IA_1.SG,1650.0,0.1210717186331749,-0.9579608930451634,2.442968473640119,0.8759890280323511
VK57.SG,Sweden,Sweden_Viking.SG,975.0,0.1955437660217285,-0.9323981516362966,2.4621438645597498,0.9346071115337196
VK582.SG,Denmark,Denmark_IA.SG,1900.0,0.1082770451903343,-0.958175351913255,0.8418332858724056,0.38777537468145057
VK58.SG,Sweden,Sweden_Viking.SG,975.0,0.9497904777526855,-1.0485930311499267,2.4455319258536647,0.8339373739043159
VK60.SG,Sweden,Sweden_Viking.SG,975.0,0.5743799805641174,-0.9073882102412192,2.4214472321155527,0.8448387322322433
VK63.SG,Sweden,Sweden_Viking.SG,975.0,0.1849461495876312,-0.9138738058684495,2.417413810202507,0.8035916057834823
VK64.SG,Sweden,Sweden_Viking.SG,975.0,0.611061692237854,-0.8974680695008362,2.4352075270622446,0.8298632313444064
VK65.SG,Denmark,Denmark_EarlyViking.SG,1100.0,0.4078805446624756,-0.9282813475631841,0.85790580991995,0.40050322952887457
VK69.SG,Denmark,Denmark_EarlyViking.SG,1100.0,0.5352417230606079,-0.9070284896324535,0.8477494779149601,0.38225160921457013
VK70.SG,Denmark,Denmark_EarlyViking.SG,1100.0,0.9847916960716248,-0.955783114832016,0.9189993012286838,0.40890504753164775
VK71.SG,Denmark,Denmark_EarlyViking.SG,1100.0,0.1726786345243454,-0.9036219572116096,0.856140944181465,0.3908468677536102
VK84.SG,Denmark,Denmark_Viking.SG,1075.0,0.6795727014541626,-0.9107580083804526,0.8794739879712414,0.39702698241160983
VK87.SG,Denmark,Denmark_Viking.SG,1075.0,0.9476947784423828,-0.9376073638030835,0.8520590463321379,0.3901497016304401
VK90.SG,Denmark,Denmark_Viking.SG,1075.0,0.2809370160102844,-0.9080404150776481,0.8713914119773943,0.39261556308010037
VK92.SG,Denmark,Denmark_Viking.SG,1075.0,0.2966797649860382,-0.9152708391061715,0.8428182146408126,0.37286242687674104
VK94.SG,Denmark,Denmark_Viking.SG,1000.0,0.1340464353561401,-0.9307139866436173,0.8004112445993612,0.3543851302874101
ACG-19.SG,Hungary,Hungary_EarlyAvar.SG,1286.0,0.8265444040298462,1.6454499672634109,0.11437921595293714,-0.04497576382985487
AGY-49.SG,Hungary,Hungary_Conqueror_Elite.SG,1005.0,0.8774611353874207,1.8451147257895102,0.03448482483080095,-0.18381922075508275
AGY-75.SG,Hungary,Hungary_Conqueror_Elite.SG,1000.0,0.5546843409538269,1.6900097058374637,0.11294899804675552,-0.15564218491442589
AGY-87.SG,Hungary,Hungary_Conqueror_Elite.SG,1000.0,0.8596276044845581,1.6007565723467803,-0.04370911998204847,-0.2954414769795361
AGY-92.SG,Hungary,Hungary_Conqueror_Elite.SG,1009.0,0.857609748840332,1.5520289271666519,0.16648719179357954,-0.10534976722095908
ALT-224.SG,Hungary,Hungary_MidAvar.SG,1250.0,0.7380124926567078,1.7189156885429984,0.09164419742544104,-0.12164128647501583
ALT-369.SG,Hungary,Hungary_LateEarlyAvar.SG,1150.0,0.936344563961029,1.9012024174825386,0.01780950750368825,-0.10386050112877754
ALT-412.SG,Hungary,Hungary_LateEarlyAvar.SG,1150.0,0.7171871066093445,1.6801539386662372,0.05833604226391311,-0.13647128152668928
ALT-414.SG,Hungary,Hungary_LateEarlyAvar.SG,1150.0,0.6072725653648376,1.7032560231510234,0.07082412726530989,-0.08704484060500658
ALT-442.SG,Hungary,Hungary_MidLateEarlyAvar.SG,1250.0,0.8051350712776184,1.6491939702506502,-0.023160232530167038,-0.05868379389444928
ALT-596.SG,Hungary,Hungary_LateEarlyAvar.SG,1150.0,0.9438667893409728,1.8285593128404485,0.1554192029561686,-0.20349195033750797
ALT-77.SG,Hungary,Hungary_EarlyMidAvar.SG,1314.0,0.8021870255470276,1.8314804123794024,0.025951545892226938,-0.21299112770761333
AN-286.SG,Hungary,Hungary_EarlyAvar.SG,1305.0,0.7390919923782349,1.639350422563909,-0.022624311173732443,-0.12140467942489577
AN-376.SG,Hungary,Hungary_EarlyAvar.SG,1305.0,0.7901092767715454,1.4722300768662744,0.21873872829481955,0.03415580883681025
Anapa-10.SG,Russia,Russia_Caucasus_Medieval.SG,1015.0,0.7239623665809631,-0.1640231721228608,0.7461607868499696,-0.10741656034367132
Anapa-11.SG,Russia,Russia_Caucasus_Medieval.SG,1020.0,0.8455920815467834,-0.0386687537109459,0.6883136382010578,-0.13857383663565692
Anapa-9.SG,Russia,Russia_Caucasus_Medieval.SG,857.0,0.6931248903274536,-0.1270472078131069,0.7381952422835941,-0.12077278532289246
ANY-4027.SG,Hungary,Hungary_Starcevo_EN.SG,6450.0,0.5174787044525146,1.6620010847924176,0.06991042741641613,-0.09205384781748419
ARK-11.SG,Hungary,Hungary_LateEarlyAvar.SG,1150.0,0.9089036583900452,1.5568407221163196,0.1046898586129469,-0.08289145575769953
ARK-14.SG,Hungary,Hungary_LateEarlyAvar.SG,1156.0,0.8070068955421448,1.7094145718893208,0.09337515488380241,-0.01956322190964866
ARK-16.SG,Hungary,Hungary_LateEarlyAvar.SG,1150.0,0.949655830860138,1.7493684450071627,0.13465508241658422,-0.1358854319580262
ARK-17.SG,Hungary,Hungary_LateEarlyAvar.SG,1200.0,0.9450711607933044,1.7897118228203452,0.15070821648434884,-0.14640847736201779
ARK-19.SG,Hungary,Hungary_LateEarlyAvar.SG,1150.0,0.9455715417861938,1.7677309077647,0.20111513855885563,-0.07150960486647265
ARK-20.SG,Hungary,Hungary_LateEarlyAvar.SG,1150.0,0.9015014171600342,1.62124761418359,0.07657238351294782,-0.12522831794508293
ARK-21.SG,Hungary,Hungary_LateEarlyAvar.SG,1069.0,0.7146493792533875,1.67224765572064,0.13283465556956395,-0.07231780918827943
ARK-24.SG,Hungary,Hungary_LateEarlyAvar.SG,1224.0,0.9842483401298524,1.6844220583376768,0.10005545374086049,-0.10241034945636211
ARK-29.SG,Hungary,Hungary_LateEarlyAvar.SG,1220.0,0.9305059909820556,1.5897876539223368,0.1487268200435727,-0.021581918332779313
ARK-36.SG,Hungary,Hungary_LateEarlyAvar.SG,1226.0,0.8249004483222961,1.5652662739686387,0.12523730698525312,-0.08128883465237208
ARK-38.SG,Hungary,Hungary_LateEarlyAvar.SG,1232.0,0.8450551629066467,1.8757663908385673,0.16330417280377224,-0.16413016292629753
ARK-41.SG,Hungary,Hungary_MidLateEarlyAvar.SG,1244.0,0.8922330737113953,1.6470420913328345,0.14612660597703186,-0.1308680464510735
ARK-43.SG,Hungary,Hungary_LateEarlyAvar.SG,1205.0,0.7822277545928955,1.8015701475038908,0.10891304392041923,-0.038442208642817915
ARK-48.SG,Hungary,Hungary_LateEarlyAvar.SG,1150.0,0.7847062349319458,1.6849596416306103,0.23026873407277595,-0.0596614758107556
ARK-49.SG,Hungary,Hungary_LateEarlyAvar.SG,1090.0,0.6336405277252197,1.7290265307088322,0.051714699242373964,-0.08191428724585195
ARK-50.SG,Hungary,Hungary_LateEarlyAvar.SG,1217.0,0.8004506230354309,1.5494322412283978,0.09710499881301536,0.029192800589299146
ARK-6.SG,Hungary,Hungary_LateEarlyAvar.SG,1200.0,0.9261524677276612,1.669590747364453,0.04340051224592109,-0.05223823635825001
ASZK-1.SG,Hungary,Hungary_Hun_oEastAsian.SG,1525.0,0.7690802812576294,1.5022288839022508,0.11117749030874027,0.0222768939583578
BK-2.SG,Hungary,Hungary_Conqueror_Elite.SG,975.0,0.9083123803138732,1.6193407288129293,-0.01834933347911794,-0.004582419757667767
CSB-3.SG,Hungary,Hungary_Hun.SG,1550.0,0.6604293584823608,1.7083372574233286,0.1201481758272848,-0.05482994109675257
CSB-9.SG,Hungary,Hungary_EarlyAvar.SG,1350.0,0.7000656127929688,1.5691023428826383,0.11633787377010964,-0.11407857460804596
CSPF-114.SG,Hungary,Hungary_EarlyAvar.SG,1357.0,0.8770824074745178,1.510447965477644,0.11875557628043477,0.052037714467755465
CSPF-182.SG,Hungary,Hungary_MidAvar_oEastAsiaHigh.SG,1265.0,0.6647318601608276,1.6573383338813392,0.07981338646048164,-0.022295987937334404
CSPF-213.SG,Hungary,Hungary_LateEarlyAvar.SG,1250.0,0.8766209483146667,1.5227042886895672,0.10927572758858309,0.04426080353092625
CSPF-37.SG,Hungary,Hungary_MiddlEarlyAvar.SG,1300.0,0.8543235063552856,1.5014644192163276,0.24193650387438106,-0.036856412137785094
CSU-11.SG,Hungary,Hungary_Conqueror_Elite.SG,1000.0,0.8489026427268982,1.794998592588621,0.19936774109045594,-0.3197133655701779
DK-701.SG,Hungary,Hungary_EarlyAvar_Elite.SG,1305.0,0.7540642023086548,1.736933119976488,0.11822322360792344,0.025152607026867044
FGD-4.SG,Hungary,Hungary_EarlyAvar_Elite.SG,1365.0,0.7565240859985352,1.5910188107453758,0.18580798054701483,0.060219057827082624
FU-193.SG,Hungary,Hungary_EarlyAvar.SG,1227.0,0.91217041015625,1.5238899940143433,0.03710677957306591,-0.027601954498254127
FU-215.SG,Hungary,Hungary_EarlyAvar.SG,1227.0,0.926864504814148,1.528080312189836,0.13326754834678647,0.04393208568009412
HC-168.SG,Hungary,Hungary_EarlyAvar.SG,1285.0,0.7617705464363098,1.6723309783053488,0.12896411124708687,-0.12081127456018027
HGO-26.SG,Hungary,Hungary_LN_Tisza.SG,6700.0,0.5402116775512695,1.6057219925377857,0.09052032707810301,-0.09132763586107982
HH-10.SG,Hungary,Hungary_LateEarlyAvar.SG,1231.0,0.7394545078277588,1.7238832992792275,0.033896574666221126,-0.027739529161618173
HH-102.SG,Hungary,Hungary_MidAvar.SG,1288.0,0.8522124290466309,1.824757217584061,0.10777455887848413,-0.33999223229238973
HH-22.SG,Hungary,Hungary_LateEarlyAvar.SG,1250.0,0.9348644614219666,1.814447680033823,0.0566778436041645,-0.030838884477571597
HMSZ-157.SG,Hungary,Hungary_Conqueror_Commoner.SG,950.0,0.6900932788848877,1.6675830795667779,0.17527694453181591,-0.15436490346773585
HMSZ-229.SG,Hungary,Hungary_Conqueror_Commoner.SG,950.0,0.8334551453590393,1.7072174609284259,-0.1153735399503037,0.018330484690239363
HMSZ-231.SG,Hungary,Hungary_Conqueror_Commoner.SG,950.0,0.8831042051315308,1.7133417501449937,0.18294702216595976,-0.02678830930797195
HMSZ-245.SG,Hungary,Hungary_Conqueror_Commoner.SG,950.0,0.8325564861297607,1.696083494038365,0.05939059623948769,-0.09301543886993023
HMSZ-43.SG,Hungary,Hungary_Conqueror_Commoner.SG,1022.0,0.6849943995475769,1.7445927075684324,0.13786702505158885,-0.07821526116745366
HMSZ-5.SG,Hungary,Hungary_Conqueror_Commoner.SG,1016.0,0.6666588187217712,1.6843924929642557,0.13440835919422472,-0.22688515069616258
HMSZ-50.SG,Hungary,Hungary_Conqueror_Commoner.SG,1021.0,0.4339329898357391,1.6784494318576373,0.07521902083793013,-0.10839552786016489
HMSZ-86.SG,Hungary,Hungary_Conqueror_Commoner.SG,950.0,0.7165123224258423,1.6772054078305645,0.10769981828131873,-0.0630801003894969
HMSZ-88.SG,Hungary,Hungary_Conqueror_Commoner.SG,950.0,0.824077308177948,1.541794999184592,0.07298796772946836,-0.18906929929773264
IBE-106.SG,Hungary,Hungary_EarlyArpadian.SG,900.0,0.6568600535392761,1.651338640486556,0.13111056848827968,-0.1260779233286848
IBE-107.SG,Hungary,Hungary_EarlyArpadian.SG,900.0,0.7435428500175476,1.7577721261321586,0.12822733325880728,-0.19474825375296237
IBE-116.SG,Hungary,Hungary_EarlyArpadian.SG,900.0,0.8591555953025818,1.7319094590360598,0.2489361969520063,-0.28716032932790636
IBE-154.SG,Hungary,Hungary_Conqueror_Commoner.SG,1000.0,0.7021921277046204,1.7120454700160201,0.15861842973022147,-0.09779542891828572
IBE-161.SG,Hungary,Hungary_Conqueror_Commoner.SG,1000.0,0.9778704643249512,1.72923682432819,0.08657395478285705,-0.16974859608407084
IBE-176.SG,Hungary,Hungary_Conqueror_Commoner.SG,944.0,0.7705652713775635,1.73469861374564,-0.11740542854223292,-0.1657144916375297
IBE-206.SG,Hungary,Hungary_Conqueror_Commoner.SG,1000.0,0.641244649887085,1.77929451929969,0.10286728115223535,-0.1247234330263537
IBE-90.SG,Hungary,Hungary_EarlyArpadian.SG,900.0,0.6108435392379761,1.7708237464299035,0.07220608009351524,-0.09533341292644357
JHT-130.SG,Hungary,Hungary_LateEarlyAvar.SG,1150.0,0.6834242343902588,1.6657066676761465,-0.036722881619117846,-0.06970335396542471
JHT-154.SG,Hungary,Hungary_MidLateEarlyAvar.SG,1250.0,0.7530310153961182,1.6388471479798492,0.0008175257362780841,-0.08234234508627811
JHT-30.SG,Hungary,Hungary_LateEarlyAvar.SG,1121.0,0.7556846737861633,1.6768774175174543,-0.021167769130600325,-0.10683326419616605
K1-1.SG,Hungary,Hungary_Conqueror_Elite.SG,1025.0,0.6932019591331482,1.6669042330835881,0.10791560648629671,-0.14066322366763565
K1-10.SG,Hungary,Hungary_Conqueror_Elite.SG,1025.0,0.8811245560646057,1.701612030801439,0.1881622558497729,0.04117618303425842
K1-3286.SG,Hungary,Hungary_Conqueror_Elite.SG,1025.0,0.8447672724723816,1.7420738128339817,0.1441407779896376,-0.008431164802775226
K2-16.SG,Hungary,Hungary_Conqueror_Elite.SG,1025.0,0.7386816143989563,1.6485836636208615,0.13455551472798924,-0.08681420388448692
K2-18.SG,Hungary,Hungary_Conqueror_Elite.SG,970.0,0.6764640808105469,1.7039164144803738,0.13627880886440372,-0.03797232848882837
K2-26.SG,Hungary,Hungary_Conqueror_Elite.SG,970.0,0.1640339493751526,1.7349742903627425,0.13870974197169975,-0.13005407013432885
K2-29.SG,Hungary,Hungary_Conqueror_Elite.SG,970.0,0.8804610967636108,1.677206372697362,0.12112837316207409,-0.054863514709763306
K2-33.SG,Hungary,Hungary_Conqueror_Elite_oEurope.SG,970.0,0.8936977982521057,1.7100109490732593,0.03931283852322088,-0.22828203296117086
K2-52.SG,Hungary,Hungary_Conqueror_Elite.SG,1025.0,0.6578357219696045,1.6299626950771025,0.05307718364817756,-0.048326756020263414
K2-61.SG,Hungary,Hungary_Conqueror_Elite.SG,1025.0,0.7665417790412903,1.6341363222383198,0.05964338864202119,-0.1969808940267726
K3-12.SG,Hungary,Hungary_Conqueror_Elite.SG,970.0,0.8600906729698181,1.495232938716708,0.12922078272880594,-0.1040369940215455
K3-13.SG,Hungary,Hungary_Conqueror_Elite.SG,970.0,0.7451364994049072,1.7016889790897538,0.20802678153980614,-0.11458399447980298
K3-6.SG,Hungary,Hungary_Conqueror_Elite.SG,970.0,0.3510287404060364,1.6904673115040922,0.11671449162964716,-0.08079441224010407
KD-16.SG,Hungary,Hungary_MidAvar_oEastAsiaMedium.SG,1200.0,0.9068022966384888,1.6119313187690125,-0.014269543088806083,-0.09851986747528804
KD-29.SG,Hungary,Hungary_MidLateEarlyAvar_twin.OBH52.SG,1241.0,0.8777466416358948,1.800417221303664,0.1331772480951878,-0.08919830336288227
KDA-188.SG,Hungary,Hungary_MidAvar.SG,1244.0,0.9272870421409608,1.6707845876065972,0.06615336577478684,-0.08506261267807
KDA-485.SG,Hungary,Hungary_MidAvar.SG,1270.0,0.9038785696029664,1.6389326688173278,0.06880398299813667,-0.1695395108097314
KDA-517.SG,Hungary,Hungary_MidAvar.SG,1270.0,0.7940338253974915,1.606845262812147,0.19436732141481614,-0.21228865919817455
KDA-520.SG,Hungary,Hungary_MidAvar.SG,1270.0,0.8085526823997498,1.7860324549596007,0.06548312102538632,-0.0066844948721997
KeF1-10936.SG,Hungary,Hungary_Conqueror_Elite.SG,970.0,0.9097341299057008,1.4597821838081533,0.02461912861317232,-0.046978781140271486
KeF2-1045.SG,Hungary,Hungary_Conqueror_Elite.SG,970.0,0.2020838409662246,1.6933712824693528,0.031165623700152436,-0.05583882950472968
KFP-30a.SG,Hungary,Hungary_EarlyAvar.SG,1305.0,0.7609911561012268,1.5509598551031596,0.17135863595507136,0.015888066457637528
KFP-31.SG,Hungary,Hungary_EarlyAvar.SG,1300.0,0.6343931555747986,1.620447240077966,0.12951133359351202,0.005525458078391633
KFP-6.SG,Hungary,Hungary_EarlyAvar_Elite.SG,1305.0,0.709963321685791,1.6486958656175728,0.10598920920380772,-0.018224343998398555
KFP-7.SG,Hungary,Hungary_EarlyAvar_Elite.SG,1367.0,0.6609435677528381,1.6319795661984542,0.15355879943788917,-0.0071601021096127865
KH-500.SG,Hungary,Hungary_Conqueror_Elite.SG,975.0,0.5288249254226685,1.7200046714628932,0.03759373822368219,-0.15241502993077866
KH-596.SG,Hungary,Hungary_Conqueror_Elite.SG,975.0,0.8314957022666931,1.6937726217838418,-0.13584866501729392,-0.21080792650643856
KK1-245.SG,Hungary,Hungary_MidLateEarlyAvar.SG,1243.0,0.7915050387382507,1.7059562688852985,0.19649626603144407,-0.37835503994051684
KK1-251.SG,Hungary,Hungary_LateEarlyAvar.SG,1243.0,0.931265950202942,1.776025306313248,0.017475039167992423,-0.15582231178837358
KK1-252.SG,Hungary,Hungary_LateEarlyAvar.SG,1270.0,0.7638532519340515,1.7034590334783823,0.010293456219573012,-0.31815564970275595
KK1-368.SG,Hungary,Hungary_LateEarlyAvar.SG,1230.0,0.8722786903381348,1.7685217333183338,-0.04221874868843147,-0.08502111066774985
KK2-429.SG,Hungary,Hungary_MidLateEarlyAvar.SG,1175.0,0.5590614080429077,1.6428946717940718,0.10424511843741495,-0.006219041744893288
KK2-441.SG,Hungary,Hungary_LateEarlyAvar.SG,1175.0,0.7109981775283813,1.6249028134270127,0.07547568252549001,-0.05156856371451992
KK2-445.SG,Hungary,Hungary_LateEarlyAvar.SG,1175.0,0.821204662322998,1.5484207841240423,0.30431530290453057,-0.06948546614658878
KK1-541.SG,Hungary,Hungary_LateEarlyAvar.SG,1270.0,0.8037604093551636,1.6325224361884505,-0.06590136257896247,-0.13085865338546251
KK2-670.SG,Hungary,Hungary_LateEarlyAvar.SG,1175.0,0.93158221244812,1.607347848807864,0.11879936088066732,0.03644793103861097
KMT-2785.SG,Hungary,Hungary_Hun.SG,1509.0,0.8737620711326599,1.57175000494347,0.13084903319406624,0.019876751665532537
KPM-14.SG,Hungary,Hungary_EarlyMidAvar.SG,1310.0,0.8188397288322449,1.7896304782095276,0.08272351134707025,-0.296646347490096
KPM-23.SG,Hungary,Hungary_MidAvar.SG,1228.0,0.5080814361572266,1.7065815110811247,0.10409123763777,-0.13077771926296863
KPM-27.SG,Hungary,Hungary_MidLateEarlyAvar.SG,1250.0,0.86231529712677,1.602402174032083,0.04966239692717235,-0.1825679871813069
KV-3367.SG,Hungary,Hungary_MidAvar_Elite.SG,1265.0,0.3526118397712707,1.6236701713020454,0.11803217553603357,-0.09950275012078309
KV-3369.SG,Hungary,Hungary_EarlyAvar_Elite.SG,1417.0,0.515192449092865,1.6262012674280126,0.09706007804562986,-0.009480681961795969
KV-3450.SG,Hungary,Hungary_LateEarlyAvar_Elite.SG,1260.0,0.6193584203720093,1.6383387463099008,0.05347760451780303,-0.030617348543903865
KV-3456.SG,Hungary,Hungary_MidLateEarlyAvar_Elite.SG,1137.0,0.542557954788208,1.6456960861138756,0.04507716359288138,-0.06706679260479675
LB-1432.SG,Hungary,Hungary_Conqueror_Elite.SG,1025.0,0.7620260119438171,1.6537874196070852,0.17083528151871386,-0.08848735590190504
MH-106.SG,Hungary,Hungary_EarlyArpadian.SG,900.0,0.581691324710846,1.5417966840199566,0.08287788752324206,-0.10648299106951412
MH-107.SG,Hungary,Hungary_EarlyArpadian.SG,900.0,0.9316665530204772,1.7331541899544063,-0.004173557115710824,-0.033641490493522476
MH1-14.SG,Hungary,Hungary_Conqueror_Elite.SG,1000.0,0.7165828943252563,1.653005319124346,0.1257508370038344,-0.015571720156156257
MH1-23.SG,Hungary,Hungary_Conqueror_Elite.SG,1000.0,0.2975378334522247,1.661820168503443,0.11632607049297498,-0.04285249326036201
MH-137.SG,Hungary,Hungary_EarlyArpadian.SG,900.0,0.1686867922544479,1.5675102558704004,0.12595245178166714,-0.008792808691754998
MH1-4.SG,Hungary,Hungary_Conqueror_Elite.SG,1000.0,0.7555127143859863,1.6939595653031798,0.04053397791508769,-0.10852266291670754
MH-153.SG,Hungary,Hungary_EarlyArpadian.SG,900.0,0.8867311477661133,1.732454079410769,0.2017326102502888,-0.196384297125206
MH1-9.SG,Hungary,Hungary_Conqueror_Elite.SG,1000.0,0.5810587406158447,1.7144885609412461,0.03377827107190873,-0.10000544080536923
MH-88.SG,Hungary,Hungary_EarlyArpadian.SG,900.0,0.7862780094146729,1.8265705843472853,0.17673636577483923,-0.20382039218290518
MM-131.SG,Hungary,Hungary_EarlyAvar.SG,1325.0,0.7494997978210449,1.8592778539031596,0.15979528330585718,-0.20989222405155392
MM-151.SG,Hungary,Hungary_EarlyAvar.SG,1325.0,0.5852785110473633,1.574844556999728,0.1524276966076846,-0.1251468352041489
MM-240.SG,Hungary,Hungary_EarlyAvar.SG,1410.0,0.8344064354896545,1.6944167234459655,-0.15422414018875624,0.08390025134125645
MM-245.SG,Hungary,Hungary_EarlyAvar.SG,1391.0,0.7639781832695007,1.5706129947326595,0.15752659715054362,-0.03312757455054214
MM-61.SG,Hungary,Hungary_EarlyAvar.SG,1333.0,0.8301793932914734,1.5679366174341745,0.1350637885649183,-0.030960326725956566
MM-80.SG,Hungary,Hungary_EarlyAvar.SG,1328.0,0.8301980495452881,1.509738560166366,0.0955534062539358,0.02760211689020877
MM-83.SG,Hungary,Hungary_EarlyAvar.SG,1325.0,0.9528844952583312,1.7105851017082416,0.1663028234555055,-0.13095973892140625
MS-43.SG,Hungary,Hungary_EarlyAvar.SG,1305.0,0.7201967835426331,1.6784982166915736,0.021659555709398357,-0.10739363090823191
MS-45.SG,Hungary,Hungary_EarlyAvar.SG,1322.0,0.6156439781188965,1.7371655884866266,0.05973925059714193,-0.16492507217141142
MS-50.SG,Hungary,Hungary_MidAvar.SG,1270.0,0.6587562561035156,1.6587206483797305,0.07617737322610482,-0.1391857064177992
MSG-1.SG,Romania,Romania_Hun_oEastAsian_identical.to.data.from.ASZK1.SG,1476.0,0.7690802812576294,1.295863547585261,0.3612952298564308,0.18506288561800718
MT-17.SG,Hungary,Hungary_MidAvar.SG,1265.0,0.896911084651947,1.6729334740949502,0.2120999782282583,-0.3205517251799654
MT-23.SG,Hungary,Hungary_MidAvar_oEastAsiaMedium.SG,1265.0,0.5300374031066895,1.648302920619842,-0.04164387897120118,-0.08691237393787586
MT-29.SG,Hungary,Hungary_EarlyAvar.SG,1290.0,0.5505375862121582,1.7178587479082228,-0.0037542954575631275,-0.06499681128460412
MT-74.SG,Hungary,Hungary_MidAvar_oEastAsiaHigh.SG,1286.0,0.8230910897254944,1.5171240209476051,0.15021082187499585,-0.03151205657654346
NK-2.SG,Hungary,Hungary_Conqueror_Elite.SG,1000.0,0.9329179525375366,1.7181905770803674,0.154651263465383,-0.10299014437222262
NTH-1.SG,Hungary,Hungary_Conqueror_Commoner.SG,975.0,0.7114142179489136,1.6749300868749526,0.11907093016816551,-0.02656967973430428
NTH-19.SG,Hungary,Hungary_Conqueror_Commoner.SG,975.0,0.6065086126327515,1.631470929504726,0.022181812925215472,-0.06541245060421615
NTH-2.SG,Hungary,Hungary_Conqueror_Commoner.SG,1008.0,0.6869935393333435,1.6279156158668475,0.029254496466732945,-0.05876223061872475
NTH-20.SG,Hungary,Hungary_Conqueror_Commoner.SG,975.0,0.6418439745903015,1.6669401042920116,0.1253802896593029,-0.15010744002736184
OBH-37.SG,Hungary,Hungary_LateEarlyAvar.SG,1228.0,0.8549123406410217,1.6953029457658448,0.21770428904261657,-0.20386505690370127
OBH-52.SG,Hungary,Hungary_MidLateEarlyAvar.SG,1200.0,0.8797579407691956,1.9447674360246092,0.06299751630455458,-0.21371406446914606
OBT-106.SG,Hungary,Hungary_LateEarlyAvar.SG,1250.0,0.4948115050792694,1.6287461468899194,0.0890858182776289,-0.029313724932426975
OBT-108.SG,Hungary,Hungary_LateEarlyAvar.SG,1250.0,0.9145832061767578,1.6836878645690643,-0.10773621910489635,-0.12311149910997583
OBT-3.SG,Hungary,Hungary_LateEarlyAvar.SG,1200.0,0.914493203163147,1.6302633497241563,0.044775451435412034,-0.10022678706289968
OBT-51.SG,Hungary,Hungary_LateEarlyAvar.SG,1230.0,0.9170852303504944,1.5478505516912744,0.07920668981199012,-0.09068110487904785
OBT-56.SG,Hungary,Hungary_LateEarlyAvar.SG,1200.0,0.8425888419151306,1.799496363717798,0.11055773633874415,-0.1213598427391771
PLE-115.SG,Hungary,Hungary_EarlyArpadian.SG,925.0,0.7054151296615601,1.6744154821653237,0.036079114758524725,-0.1166965638525978
PLE-195.SG,Hungary,Hungary_Conqueror_Commoner.SG,975.0,0.3215375542640686,1.680972151638178,0.09378480271307106,-0.09849840504108273
PLE-200.SG,Hungary,Hungary_Conqueror_Commoner.SG,1007.0,0.708045244216919,1.6811558411794394,0.08203796329863526,-0.01736242820149307
PLE-216.SG,Hungary,Hungary_Conqueror_Commoner_oEastAsia.SG,975.0,0.9110050201416016,1.560151810442201,0.053730122243111314,-0.02120848587780596
PLE-23.SG,Hungary,Hungary_Conqueror_Commoner.SG,975.0,0.9116724729537964,1.7335307778873428,-0.0034111089732254676,-0.18127903217337257
PLE-28.SG,Hungary,Hungary_Conqueror_Commoner.SG,975.0,0.5885428786277771,1.6628605519602293,0.15556538601893347,-0.1512210486251804
PLE-327.SG,Hungary,Hungary_EarlyArpadian.SG,900.0,0.7266703844070435,1.6561664785489247,0.21897184199587816,-0.07696553215308347
PLE-38.SG,Hungary,Hungary_Conqueror_Commoner.SG,1003.0,0.9165856242179872,1.6091311726558295,-0.0014163981423621816,-0.012539833726429863
PLE-384.SG,Hungary,Hungary_EarlyArpadian.SG,870.0,0.856583833694458,1.7096762888618435,0.19964030103099173,-0.3652405632229279
PLE-418.SG,Hungary,Hungary_EarlyArpadian.SG,870.0,0.8846370577812195,1.841126674145871,0.16513673493028383,-0.027875758225380534
PLE-441.SG,Hungary,Hungary_EarlyArpadian.SG,900.0,0.9759159088134766,1.6749926923501686,0.022637916723565212,-0.05471076552818273
PLE-57.SG,Hungary,Hungary_Conqueror_Commoner.SG,975.0,0.9010480642318726,1.6591864183733143,0.085214128000028,-0.2358567877862178
PLE-95.SG,Hungary,Hungary_EarlyArpadian.SG,925.0,0.7869649529457092,1.6695320376827458,0.23652662670549696,-0.1043582113307121
PV-116.SG,Hungary,Hungary_MidAvar.SG,1191.0,0.9464336633682252,1.8249985679583343,0.1664636264588606,-0.05343738665116327
PV-12.SG,Hungary,Hungary_LateEarlyAvar.SG,1200.0,0.907014787197113,1.6241295752888152,0.11796890647954644,-0.10855545888839514
PV-125.SG,Hungary,Hungary_MidAvar.SG,1417.0,0.7451551556587219,1.7324849931076807,0.1485067588994804,-0.120606205021096
PV-200.SG,Hungary,Hungary_LateEarlyAvar.SG,1223.0,0.9379065632820128,1.701510165770728,0.13209745697470196,-0.037433109362554715
PV-205.SG,Hungary,Hungary_LateEarlyAvar.SG,1226.0,0.9720278978347778,1.6183709295533182,0.09115711283155326,-0.08864450535779922
SE-114.SG,Hungary,Hungary_Conqueror_Elite.SG,970.0,0.9201257228851318,1.7200468442846317,0.04770233086036875,-0.14945440366048582
SE-16.SG,Hungary,Hungary_Conqueror_Elite.SG,1015.0,0.8757904171943665,1.5912549422592845,0.0557231375899898,-0.06586692993780972
SE-23.SG,Hungary,Hungary_Conqueror_Elite.SG,970.0,0.9608917236328124,1.7250772320110965,0.10443523497718386,-0.03435180796385371
SE-64.SG,Hungary,Hungary_Conqueror_Elite.SG,970.0,0.7603885531425476,1.6698048774261065,0.17613297086126378,-0.13039934095768413
SEI-1.SG,Hungary,Hungary_Hun.SG,1513.0,0.6942887306213379,1.691241759596883,0.143305223436424,-0.11323564462027272
SEI-5.SG,Hungary,Hungary_Hun.SG,1513.0,0.7040663957595825,1.7444629445585786,0.06166595887140395,-0.0778566285347806
SEI-6.SG,Hungary,Hungary_Hun.SG,1513.0,0.7448210120201111,1.745650698349206,0.1313906644930952,-0.2505541342155109
SEO-3.SG,Hungary,Hungary_Conqueror_Elite.SG,1000.0,0.5586988925933838,1.674658581773927,0.07839240511014832,-0.04385882720267269
SEO-4.SG,Hungary,Hungary_Conqueror_Elite.SG,1000.0,0.7216022610664368,1.7579816814154916,0.08675127566256782,-0.08188566895321243
SH-103.SG,Hungary,Hungary_Conqueror_Commoner.SG,1000.0,0.7241796851158142,1.6825122508120616,0.06100500149810258,-0.01688251420889019
SH-106.SG,Hungary,Hungary_Conqueror_Commoner.SG,1000.0,0.8557922840118408,1.6997111216846053,0.15434443042843846,-0.386284892546791
SH-12.SG,Hungary,Hungary_Conqueror_Commoner.SG,1000.0,0.6109967827796936,1.7234783521264723,0.026480200560614918,-0.17238332505322018
SH-143.SG,Hungary,Hungary_Conqueror_Commoner.SG,1000.0,0.7678807973861694,1.642257163111435,0.2108306676848757,-0.03695655891277583
SH-175.SG,Hungary,Hungary_Conqueror_Commoner.SG,1000.0,0.7978309988975525,1.5633617919341147,0.02198244490837579,-0.3059267949450672
SH-182.SG,Hungary,Hungary_Conqueror_Commoner.SG,1000.0,0.7037217020988464,1.6864953847863298,0.10536383891450489,-0.0798845992175379
SH-251.SG,Hungary,Hungary_Conqueror_Commoner.SG,975.0,0.7067257165908813,1.6278845750325195,0.011821253355977918,-0.0933994262758857
SH-41.SG,Hungary,Hungary_Conqueror_Commoner.SG,975.0,0.8160797953605652,1.8479315582828713,0.24718478342885974,-0.15549928625033527
SH-81.SG,Hungary,Hungary_Conqueror_Commoner.SG,975.0,0.5295856595039368,1.6657445261469446,0.10242766319176072,-0.1889852917664181
SH-98.SG,Hungary,Hungary_Conqueror_Commoner.SG,1000.0,0.7892852425575256,1.6781055911576928,0.09412949193606712,-0.32552706104425416
SO-5.SG,Hungary,Hungary_Conqueror_Elite.SG,1000.0,0.8739907741546631,1.5853278401390603,0.055180427735700706,-0.005632979152633742
SP-10.SG,Hungary,Hungary_Conqueror_Elite.SG,970.0,0.737129271030426,1.6298667306777461,-0.021474663875771818,0.017966946457287514
SP-2.SG,Hungary,Hungary_Conqueror_Elite.SG,970.0,0.5154146552085876,1.7156431915164272,0.0650351764923266,-0.10357339989400494
SP-9.SG,Hungary,Hungary_Conqueror_Elite.SG,970.0,0.8576697707176208,1.5706740027009984,0.2378753553596945,-0.10151778362536393
SSD-144.SG,Hungary,Hungary_MidAvar.SG,1265.0,0.8760434985160828,1.830120787251177,-0.07618136921701482,-0.10820749657168471
SSD-151.SG,Hungary,Hungary_MidAvar.SG,1265.0,0.7203240990638733,1.6652794925962608,0.10819733730252622,-0.11916592711274117
SSD-17.SG,Hungary,Hungary_EarlyAvar.SG,1305.0,0.6656183004379272,1.7266027903567576,0.059996032666678245,-0.10898485056857403
SSD-198.SG,Hungary,Hungary_MidAvar.SG,1265.0,0.5278427600860596,1.7040376163829427,0.025912263948998596,-0.1519386902087297
SSD-35.SG,Hungary,Hungary_MidAvar_oEastAsiaHigh.SG,1259.0,0.5494703054428101,1.6702636095721934,0.09086913609700173,-0.00862555547980806
SSD-58.SG,Hungary,Hungary_EarlyAvar.SG,1305.0,0.6461602449417114,1.6915051840076207,0.021301312067270272,-0.11863266545724464
SZA-154.SG,Hungary,Hungary_Conqueror_Commoner.SG,1011.0,0.8803978562355042,1.6691642339555606,0.15606728406508716,0.016212377549939993
SZA-20.SG,Hungary,Hungary_Conqueror_Commoner.SG,1000.0,0.8073418736457825,1.65413147359902,0.011388071266144774,-0.08401643206442752
SZA-29.SG,Hungary,Hungary_Conqueror_Commoner.SG,1000.0,0.8605408072471619,1.632919235809759,0.12123537646806186,-0.26719782685294613
SZA-44.SG,Hungary,Hungary_Conqueror_Commoner.SG,1000.0,0.9149489998817444,1.7788415827719373,-0.07841146997291001,-0.07372437008930384
SZA-52.SG,Hungary,Hungary_Conqueror_Commoner.SG,1000.0,0.9312999844551086,1.617773643700401,0.1251565261582424,-0.13690548271021205
SZA-7.SG,Hungary,Hungary_Conqueror_Commoner.SG,1000.0,0.912242591381073,1.5993926846425932,-0.021193086456769945,-0.03291705899547856
SZAK-1.SG,Hungary,Hungary_Conqueror_Elite.SG,1000.0,0.2475651055574417,1.6937889246553721,0.04500084503678072,-0.09010438675026369
SZAK-4.SG,Hungary,Hungary_Conqueror_Elite.SG,1000.0,0.6937801837921143,1.6854166893398708,0.09248770413128395,-0.11524672470510554
SZAK-6.SG,Hungary,Hungary_Conqueror_Elite.SG,1000.0,0.5789103507995605,1.6796679600806421,0.1053771372048344,-0.010323344070048195
SZAK-7.SG,Hungary,Hungary_Conqueror_Elite.SG,1000.0,0.5833588242530823,1.6721143911770702,0.03166223315565576,-0.0737888797398827
SZF-181.SG,Hungary,Hungary_EarlyAvar.SG,1267.0,0.8724652528762817,1.8218098971146695,0.026151585414081625,-0.03365824069807393
SZF-371.SG,Hungary,Hungary_EarlyAvar.SG,1288.0,0.8128746151924133,1.851307829286555,0.24137897280469045,-0.13596432599251332
SZF-43.SG,Hungary,Hungary_EarlyAvar.SG,1300.0,0.7354058623313904,1.6371188496475864,0.060311397371039674,-0.182338957384657
SZK-102.SG,Hungary,Hungary_EarlyAvar.SG,1300.0,0.8451322317123413,1.8030849624390473,0.10880501872484238,-0.1458782577743924
SZK-130.SG,Hungary,Hungary_LateEarlyAvar.SG,1200.0,0.8721692562103271,1.7805981633701398,-0.07977047837477463,-0.05831366550698129
SZK-180.SG,Hungary,Hungary_MidAvar.SG,1275.0,0.9210365414619446,1.6977142759873702,-0.08611472073447783,-0.01900338925492513
SZK-213.SG,Hungary,Hungary_EarlyAvar.SG,1300.0,0.8401193022727966,1.6631400178311422,0.08199169614494825,-0.05795493868810222
SZK-83.SG,Hungary,Hungary_MidAvar.SG,1275.0,0.5135688185691833,1.7232384568164256,0.026242369075563238,-0.10862651901073206
SZKT-265.SG,Hungary,Hungary_LateEarlyAvar.SG,1200.0,0.537765622138977,1.720810309220057,0.09844154471058049,-0.0946377951553816
SZKT-311.SG,Hungary,Hungary_LateEarlyAvar.SG,1263.0,0.942758083343506,1.826106960470886,0.23997048137037896,-0.14386991670324867
SZKT-62.SG,Hungary,Hungary_LateEarlyAvar.SG,1200.0,0.8827400803565979,1.8067375263755978,0.2022635934174898,-0.1888346931408905
SZKT-70.SG,Hungary,Hungary_LateEarlyAvar.SG,1200.0,0.9634845852851868,1.7565457106058682,-0.00676653063581233,-0.19103152561679887
SZKT-89.SG,Hungary,Hungary_LateEarlyAvar.SG,1227.0,0.927759051322937,1.7678387104401756,0.08743817768868722,-0.033270157993577805
SZLA-646.SG,Hungary,Hungary_Hun.SG,1597.0,0.7013729810714722,1.597648599287632,0.0900201184244182,-0.05174665197514391
SZM-24.SG,Hungary,Hungary_MidAvar.SG,1270.0,0.826474666595459,1.538892931070521,-0.04052317933337484,-0.32337946273235607
SZM-255.SG,Hungary,Hungary_MidAvar.SG,1240.0,0.9326763153076172,1.7140096109266727,0.0528846785007418,-0.09679153106248889
SZM-259.SG,Hungary,Hungary_MidAvar.SG,1300.0,0.658360481262207,1.7478510569102257,0.05060570072977521,-0.08602846379052526
SZM-332.SG,Hungary,Hungary_LateEarlyAvar.SG,1225.0,0.835208535194397,1.7345652183437008,0.020765511374568647,-0.1107083716285432
SZM-38.SG,Hungary,Hungary_MidAvar.SG,1300.0,0.8694993257522583,1.716295835188741,-0.06576256843629147,-0.08579818180358251
SZOD1-127.SG,Hungary,Hungary_EarlyAvar.SG,1325.0,0.7521412968635559,1.6485480955506564,0.025714390274222537,-0.04324307396286521
SZOD1-187.SG,Hungary,Hungary_EarlyAvar.SG,1300.0,0.8475880026817322,1.7102741912181767,0.07811390467508221,-0.04864840138771496
SZOD1-554.SG,Hungary,Hungary_EarlyAvar.SG,1288.0,0.763643205165863,1.6485435718670836,0.16861760519863483,-0.1273159163285986
SZOD1-76.SG,Hungary,Hungary_EarlyAvar.SG,1325.0,0.7814751267433167,1.6907362852641337,0.1351966032581904,-0.06623318403000168
SZOD1-829.SG,Hungary,Hungary_EarlyAvar.SG,1288.0,0.8114334344863892,1.8547875222764794,0.016817874143584863,-0.23229472280370286
SZOD-376.SG,Hungary,Hungary_Conqueror_Commoner.SG,875.0,0.6364198923110962,1.674378968241036,0.025654451834633392,-0.10392791699298155
SZOD-394.SG,Hungary,Hungary_Conqueror_Commoner.SG,1000.0,0.8698026537895203,1.6204740363680312,-0.06603510621342527,-0.053334731684647134
SZOD-426.SG,Hungary,Hungary_Conqueror_Commoner.SG,900.0,0.8418264985084534,1.8059475692368683,0.23682813102023942,-0.0808038482007642
SZOD-566.SG,Hungary,Hungary_Conqueror_Commoner.SG,1000.0,0.8724782466888428,1.6597839015581022,0.07795369291542631,0.007704795665004392
SZRV-147.SG,Hungary,Hungary_MidAvar_oEastAsiaMedium.SG,1275.0,0.9665753841400146,1.644980267489139,0.0495695003737743,-0.05952645272513172
SZRV-168.SG,Hungary,Hungary_LateEarlyAvar.SG,1263.0,0.9637911319732666,1.6908254466718102,0.029742120596520462,-0.0811401567392388
SZRV-212.SG,Hungary,Hungary_LateEarlyAvar.SG,1200.0,0.8830377459526062,1.6439610371597857,0.1820700485680185,-0.1567620636642617
SZRV-266.SG,Hungary,Hungary_LateEarlyAvar.SG,1162.0,0.7868368029594421,1.605372446966435,0.13261375954739651,-0.02441000815986025
SZRV-277.SG,Hungary,Hungary_LateEarlyAvar.SG,1200.0,0.8854351043701172,1.7799675222011382,0.22841068137622839,-0.14337114037506418
SZRV-316.SG,Hungary,Hungary_LateEarlyAvar.SG,1200.0,0.8443771600723267,1.7830675151303395,0.2055612886714126,-0.10429880979978519
SZRV-54.SG,Hungary,Hungary_EarlyAvar.SG,1300.0,0.8016671538352966,1.5924288925143728,0.10007830824740765,0.05458450344689231
SZRV-67.SG,Hungary,Hungary_LateEarlyAvar.SG,1200.0,0.8617087006568909,1.5522880005342585,0.17554668625254344,-0.16425973495068144
TCS-18.SG,Hungary,Hungary_Conqueror_Elite.SG,963.0,0.6446647644042969,1.6512603254865088,0.03700121392676821,-0.11949743593053681
TCS-2.SG,Hungary,Hungary_Conqueror_Elite.SG,1150.0,0.6837705969810486,1.6835540461523248,0.11468018269030263,-0.07858220990336443
TCS-5.SG,Hungary,Hungary_Conqueror_Elite.SG,970.0,0.7025238275527954,1.6258117364435631,0.1343000736319507,-0.122227381726825
TMH-1273.SG,Hungary,Hungary_LateEarlyAvar.SG,1263.0,0.7359054684638977,1.6781065788144571,0.05947415665720015,0.006337490482552703
TMH-199.SG,Hungary,Hungary_LateEarlyAvar.SG,1223.0,0.6818451881408691,1.6367805822614518,0.14249430466257174,-0.14527073463452445
TMH-388.SG,Hungary,Hungary_MidAvar.SG,1275.0,0.9043716192245485,1.602319725962958,0.03969728571260867,-0.12360998894741206
TMH-509.SG,Hungary,Hungary_LateEarlyAvar.SG,1150.0,0.8743557333946228,1.782488532221341,0.1352548606660833,-0.15147436201993927
TMH-756.SG,Hungary,Hungary_MidAvar.SG,1250.0,0.8072745203971863,1.7549421381506678,-0.04967742402307194,0.03644063342769558
TMH-798.SG,Hungary,Hungary_LateEarlyAvar.SG,1150.0,0.913917362689972,1.7025211386379224,0.04927898605964771,-0.12222546820311753
TTSZ-43.SG,Hungary,Hungary_LateEarlyAvar.SG,1132.0,0.7515841126441956,1.5962285893137564,0.1384030311590998,-0.03388560943831289
VM-33.SG,Hungary,Hungary_LN_Tisza.SG,6700.0,0.7029131054878235,1.6495177251055744,0.14355219337869338,-0.15856594337561877
VPB-118.SG,Hungary,Hungary_EarlyArpadian.SG,950.0,0.5314412713050842,1.6783196637438116,0.039827534291246,-0.029785495220394666
VPB-167.SG,Hungary,Hungary_Conqueror_Elite.SG,1038.0,0.5768519639968872,1.6752701145832973,0.07905055456467905,-0.03856786684476524
VPB-279.SG,Hungary,Hungary_Carolingian.SG,1100.0,0.0787623524665832,1.6253699584981063,0.12955340017589587,-0.1200231837086018
VPB-307.SG,Hungary,Hungary_LateEarlyAvar_Elite.SG,1150.0,0.7710810899734497,1.6539335049403872,0.12145774102723621,-0.0654495965858195
VPB-31.SG,Hungary,Hungary_LateEarlyAvar.SG,1150.0,0.7917369604110718,1.559058764795301,0.16177839738480168,-0.1332018998688103
VPB-310.SG,Hungary,Hungary_Conqueror_Elite.SG,1008.0,0.6483897566795349,1.6666600779660221,0.05397335466416428,-0.0327492098030597
VPB-588.SG,Hungary,Hungary_Conqueror_Commoner.SG,950.0,0.7501105070114136,1.637465538981568,0.018218824772086115,-0.11779839470184958
VPB-600.SG,Hungary,Hungary_EarlyArpadian.SG,950.0,0.6425414681434631,1.6516827416457198,0.08688451993255718,-0.08791192387728518
VZ-12673.SG,Hungary,Hungary_Hun_oEastAsian.SG,1500.0,0.8278266191482544,1.4824959632104449,0.18842475896030603,-0.07440543158151625
CabecoArruda117B.SG,Portugal,Portugal_C.SG,5050.0,0.3182772696018219,-1.138728559095062,-1.370698974088096,0.2464196631646296
CabecoArruda122A.SG,Portugal,Portugal_C.SG,5050.0,0.8021975159645081,-1.1478187626215193,-1.3681530199809953,0.22777131190103908
CovaMoura364.SG,Portugal,Portugal_LN_C.SG,4850.0,0.5497168302536011,-1.1208784209158456,-1.3598080109667154,0.2327267355384017
CovaMoura9B.SG,Portugal,Portugal_LN_C.SG,4750.0,0.9047374129295348,-1.1330632780658505,-1.3739811902426668,0.2361854656404159
DolmenAnsiao96B.SG,Portugal,Portugal_LN_C.SG,5450.0,0.8243635892868042,-1.1446867269536565,-1.3851003283506507,0.2345816318576456
LugarCanto41.SG,Portugal,Portugal_MN.SG,5950.0,0.6352438926696777,-1.121548843955368,-1.3680427548366807,0.23654216423476007
LugarCanto42.SG,Portugal,Portugal_MN.SG,5950.0,0.9207485914230348,-1.126676024346643,-1.3657467568705886,0.2344912595746329
LugarCanto44.SG,Portugal,Portugal_MN.SG,5950.0,0.8422725200653076,-1.1210755099536331,-1.3674177996531838,0.2394291060887714
LugarCanto45.SG,Portugal,Portugal_MN.SG,5950.0,0.0719319283962249,-1.128963655098701,-1.3451349889047421,0.24501550138349149
MonteGato104.SG,Portugal,Portugal_MBA.SG,3546.0,0.6025856733322144,-1.1436853095841086,-1.355522205562294,0.23549804009776107
TV32032extra.SG,Portugal,Portugal_MBA.SG,3550.0,0.5351452231407166,-1.1228794099732993,-1.3533681668261066,0.2534738378095784
TV3831.SG,Portugal,Portugal_MBA.SG,3550.0,0.5900683999061584,-1.1288166732906308,-1.3497782537549843,0.23716209692454246
ValeOuro10207.SG,Portugal,Portugal_MBA.SG,3550.0,0.2100853770971298,-1.1337736775774196,-1.3504975119785703,0.236050187635223
Popovo2.AG,Russia,Russia_Popovo_Mesolithic.AG,8200.0,0.0562102757394313,-0.08859608924835803,0.7058660358042047,-0.14080011337638187
Donkalnis6.AG,Lithuania,Lithuania_EMN_Narva.AG,6569.0,0.797157883644104,-0.5414560013411455,0.23787238241885456,-0.520758273154702
Donkalnis7.AG,Lithuania,Lithuania_EMN_Narva.AG,7110.0,0.3893924951553345,-0.5419989392827941,0.24175468991795973,-0.5479475020430236
Gyvakarai1_10bp.AG,Lithuania,Lithuania_LN.AG,4495.0,0.956306219100952,-0.5421896585206878,0.26705815803805943,-0.5600565807138814
Kivisaare3.AG,Estonia,Estonia_EMN_Narva.AG,6594.0,0.148709699511528,-1.1902631093459688,1.5893761961852162,0.15605545649514735
Kivutkalns153.AG,Latvia,Latvia_BA.AG,2633.0,0.2079507708549499,-0.6643553742897906,0.38256893551727716,0.030235105895916006
Kivutkalns164.AG,Latvia,Latvia_BA.AG,2423.0,0.0801605507731437,-0.6363610751977525,0.40206161883657515,0.026586097537160194
Kivutkalns194.AG,Latvia,Latvia_BA.AG,2298.0,0.1113840639591217,-0.639319906796981,0.3902506932910373,0.020545452898431134
Kivutkalns19.AG,Latvia,Latvia_BA.AG,2433.0,0.7782764434814453,-0.637884302676499,0.3803910139054366,0.02359250959480612
Kivutkalns207.AG,Latvia,Latvia_BA.AG,2600.0,0.7813453674316406,-0.6323366733338524,0.3856151195675499,0.014750351122528716
Kivutkalns209.AG,Latvia,Latvia_BA.AG,2616.0,0.6957063674926758,-0.6245485588194749,0.3908421932709009,0.011537663642848377
Kivutkalns215.AG,Latvia,Latvia_BA.AG,2559.0,0.723457932472229,-0.6416240707612856,0.37404342200343826,0.035423387311320415
Kivutkalns222.AG,Latvia,Latvia_BA.AG,2473.0,0.5488190054893494,-0.631984971241732,0.3944732414821091,0.015568075158190812
Kivutkalns25.AG,Latvia,Latvia_BA.AG,2637.0,0.585223376750946,-0.6316423524511275,0.39661214365563624,0.024218628218536112
Kivutkalns42.AG,Latvia,Latvia_BA.AG,2697.0,0.4982972741127014,-0.624940347602189,0.39434616044185783,0.023802047235715103
Kretuonas1.AG,Lithuania,Lithuania_EMN_Narva.AG,6123.0,0.2511636018753052,-0.5480312497737417,0.24781482276402142,-0.573270249355089
Kretuonas2.AG,Lithuania,Lithuania_EMN_Narva.AG,6150.0,0.5423333048820496,-0.5494415306083846,0.22176537776693764,-0.5216549034139798
Kretuonas4.AG,Lithuania,Lithuania_EMN_Narva.AG,6150.0,0.8484857678413391,-0.563575418907169,0.2685646508737683,-0.5238743810832689
Kretuonas5.AG,Lithuania,Lithuania_EMN_Narva_twin.Kretuonas2.AG,6150.0,0.1622764766216278,-0.5379139494896139,0.26474413932280466,-0.5575886913931564
Kunila2.AG,Estonia,Estonia_CordedWare.AG,4416.0,0.3109683394432068,-1.2169073680163545,1.6291620545726437,0.14579713151737023
Kvarlov5164.AG,Sweden,Sweden_MN_TRB.AG,5746.0,0.3097980320453644,-0.9052615011329045,2.453386841687811,0.8130373445797563
Olsund.AG,Sweden,Sweden_LNBA.AG,4306.0,0.5826767683029175,-0.8937810192821164,2.410085698331149,0.8323090345457294
Plinkaigalis241.AG,Lithuania,Lithuania_LN.AG,4528.0,0.156081885099411,-0.5412907623559515,0.26828271329759446,-0.5841982844243959
Plinkaigalis242.AG,Lithuania,Lithuania_LN.AG,4842.0,0.7336865067481995,-0.5541205196624233,0.2636688041554923,-0.5534663447855915
Spiginas1.AG,Lithuania,Lithuania_EMN_Narva.AG,6263.0,0.8372206687927246,-0.5614322380551694,0.240335493429534,-0.5572075683585724
Spiginas2.AG,Lithuania,Lithuania_LN_o.AG,3880.0,0.7531850934028625,-0.5242179805283099,0.2592966550028159,-0.554257689932429
Spiginas4.AG,Lithuania,Lithuania_Mesolithic.AG,8276.0,0.5653727650642395,-0.5250045479791429,0.23317516379249428,-0.5186179687757019
Tamula1.AG,Estonia,Estonia_MN_CCC_1.AG,5407.0,0.1352670192718505,-1.186197818873709,1.6188365150565742,0.16302439427260837
Tamula3.AG,Estonia,Estonia_MN_CCC_2.AG,5666.0,0.1289086192846298,-1.1797867580184442,1.6151563009191918,0.16095823005436244
Turlojiske1932.AG,Lithuania,Lithuania_BA.AG,3036.0,0.0696943178772926,-0.5383171378380394,0.2511502280506108,-0.5631448939271511
Turlojiske1.AG,Lithuania,Lithuania_BA.AG,2819.0,0.1070953831076622,-0.5560005509850711,0.25210030083457236,-0.5746394590498877
Turlojiske3.AG,Lithuania,Lithuania_BA.AG,2846.0,0.3979779481887817,-0.5401977024593597,0.24447710437933323,-0.5599466276543624
Turlojiske5.AG,Lithuania,Lithuania_BA.AG,3300.0,0.0500408336520195,-0.5482134298677839,0.26946822277227606,-0.5607663161921361
UzOO77.AG,Russia,Russia_YuzhniyOleniyOstrov_Mesolithic.AG,7200.0,0.4483780860900879,-0.1932921606876206,0.6578578493396173,-0.11900450879894112
Veibri4.AG,Estonia,Estonia_EMN_Narva.AG,6760.0,0.4588491916656494,-1.183982463481859,1.6149878790413532,0.15820746298771324
AITI_119.AG,Germany,Germany_Lech_EBA.AG,3747.0,0.453521579504013,-0.32887309884430777,-0.2528430011733443,0.13609314379210102
AITI_120.AG.SG,Germany,Germany_Lech_EBA.AG.SG,3662.0,0.4308592081069946,-0.44274304354726124,-0.22053609552579947,0.11872273601742686
AITI_2.AG,Germany,Germany_Lech_EBA.AG,3753.0,0.6418229341506958,-0.3537207879382196,-0.2282114036962124,0.16091555549544992
AITI_40.AG.SG,Germany,Germany_Lech_EBA.AG.SG,3746.0,0.1692220568656921,-0.35221496788749573,-0.228688945320384,0.09454607394261064
AITI_43.AG,Germany,Germany_Lech_EBA.AG,3760.0,0.7386816143989563,-0.3858569562954586,-0.2148671650392895,0.10394791105413714
AITI_50.AG.SG,Germany,Germany_Lech_EBA.AG.SG,3773.0,0.2708576619625091,-0.3624470294796712,-0.13902701212043078,0.14270640701026238
AITI_70.AG.SG,Germany,Germany_Lech_EBA.AG.SG,3901.0,0.3153348863124847,-0.42856019996072386,-0.19793418013956923,0.08322971249331569
AITI_72.AG.SG,Germany,Germany_Lech_EBA.AG.SG,3776.0,0.6001777648925781,-0.39235139662587265,-0.20736530809611084,0.13626970255204657
AITI_78.AG.SG,Germany,Germany_Lech_EBA.AG.SG,3748.0,0.5648505091667175,-0.39773043660106777,-0.21367486990288606,0.11559952196498129
AITI_98.AG.SG,Germany,Germany_Lech_EBA.AG.SG,3605.0,0.2786726355552673,-0.39931109772559775,-0.21108628536987348,0.1083128712811881
OBKR_80.AG,Germany,Germany_Lech_EBA.AG,4000.0,0.6189432144165039,-0.3744203042068397,-0.22661759472969414,0.05606633743082034
OTTM_156.AG.SG,Germany,Germany_Lech_MBA.AG.SG,3448.0,0.114328883588314,-0.31551225280661377,-0.23012432953456602,0.14076471187065284
POST_28.AG,Germany,Germany_Lech_EBA.AG,3917.0,0.4068440496921539,-0.3525140357096133,-0.23260061784858374,0.1486980422210407
POST_44.AG,Germany,Germany_Lech_EBA_contam.AG,4023.0,0.7361593246459961,-0.35947705900138344,-0.2655869840420444,0.1278652767427763
POST_47.AG,Germany,Germany_Lech_EBA.AG,3997.0,0.0511673428118228,-0.40976341065867644,-0.3392230118447101,0.19717665626072575
POST_50.AG,Germany,Germany_Lech_EBA_contam.AG,4045.0,0.6592039465904236,-0.3224565479477108,-0.19963494558425143,0.08687792839489475
POST_6.AG,Germany,Germany_Lech_EBA.AG,3873.0,0.8098536133766174,-0.3724345041365817,-0.20886420954281643,0.08956116229915506
UNTA58_153.AG,Germany,Germany_Lech_EBA.AG,3839.0,0.1664905399084091,-0.3819676102147283,-0.18902175091917137,0.09824800848394638
UNTA58_68Sk1.AG,Germany,Germany_Lech_BellBeaker_oEEF.AG,4250.0,0.4742642641067505,-0.2999187022502287,-0.19980954148827587,0.09633916239718586
UNTA85_1343.AG,Germany,Germany_Lech_BellBeaker.AG,4208.0,0.6838622093200684,-0.36634077292335987,-0.22716224104982796,0.11787372563594702
UNTA85_1412.AG,Germany,Germany_Lech_EBA.AG,3910.0,0.2549535036087036,-0.4480221337465349,-0.24939437872168882,0.06889684854802522
WEHR_1192SkA.AG,Germany,Germany_Lech_BellBeaker.AG,4193.0,0.8105194568634033,-0.4512176439899094,-0.22428441742620242,0.09920456743378027
WEHR_1415child.AG,Germany,Germany_Lech_EBA_contam.AG,3902.0,0.4474973082542419,-0.36645451511186194,-0.21971843089145737,0.07933427916924139
R10337.SG,Italy,Italy_TarquiniaMonterozzi_IA_oLevant.SG,2028.0,0.6497166156768799,0.031128897518799055,-0.7300559740478872,0.25264571451402695
R10338.SG,Italy,Italy_TarquiniaMonterozzi_IA.SG,2328.0,0.6718882918357849,-0.04218226902855523,-0.8078397790208076,0.14495399549391072
R10339.SG,Italy,Italy_TarquiniaMonterozzi_IA.SG,2054.0,0.4683949053287506,-0.07239597844323897,-0.6858422289857674,0.18521087664643457
R10340.SG,Italy,Italy_TarquiniaMonterozzi_IA.SG,2328.0,0.634154736995697,-0.0845122453607753,-0.6888959111210802,0.2393547592174682
R10341.SG,Italy,Italy_TarquiniaMonterozzi_IA_oLevant.SG,2054.0,0.634415864944458,-0.017914263175238025,-0.6996025354946852,0.20917144606728408
R10342.SG,Italy,Italy_TarquiniaMonterozzi_IA.SG,2044.0,0.6989309787750244,-0.12868269804164248,-0.7142498752162719,0.22449470977528618
R10343.SG,Italy,Italy_TarquiniaMonterozzi_IA.SG,2328.0,0.6775086522102356,-0.07226342552947879,-0.7027673285856654,0.20523498073951152
R10344.SG,Italy,Italy_TarquiniaMonterozzi_IA.SG,2592.0,0.4417650103569031,-0.16857919714108874,-0.7261855224266821,0.1825737439056521
R10359.SG,Italy,Italy_TarquiniaMonterozzi_IA.SG,2224.0,0.6753456592559814,-0.10006100574734322,-0.7272765841162986,0.15122241961250238
R10361.SG,Italy,Italy_TarquiniaMonterozzi_IA.SG,2328.0,0.8263862729072571,-0.11444448504432994,-0.6653512864196435,0.1846842732634623
R10363.SG,Italy,Italy_TarquiniaMonterozzi_IA.SG,2253.0,0.6754065155982971,-0.11639650696738814,-0.7011017910125389,0.1764952979137514
R11102.SG,Italy,Italy_PianSultano_BA.SG,3787.0,0.5101097822189331,-0.08838312979038267,-0.7687257621257959,0.2323390344660915
R11104.SG,Italy,Italy_PianSultano_BA.SG,3719.0,0.6944290399551392,-0.08882083959579447,-0.6391225161183096,0.15154236048509936
R11105.SG,Italy,Italy_PianSultano_BA.SG,3610.0,0.6945433616638184,-0.16101369594047227,-0.71050897069542,0.2429571099072903
R11107.SG,Italy,Italy_PianSultano_BA.SG,3719.0,0.4936793148517608,-0.07988419995231788,-0.7296413054519791,0.1748215621804049
BOL001_antiquity1240k.AG,Russia,Russia_Davydovskoye_Antiquity.AG,1656.0,0.3820478916168213,-0.10218247526121549,0.7456215134405715,-0.10405175891839347
BOL002_antiquity1240k.AG,Russia,Russia_Davydovskoye_Antiquity.AG,1762.0,0.7173995971679688,-0.10407650873237272,0.6767463569084138,-0.1259553757325047
BOL003_antiquity1240k.AG,Russia,Russia_Davydovskoye_Antiquity.AG,1658.0,0.0961693003773689,-0.10454589890570912,0.6814166235329365,-0.1188866626177785
BOL004.AG,Russia,Russia_Davydovskoye_Antiquity.AG,1687.0,0.5561295747756958,-0.09212087601015163,0.6890481370698175,-0.10550520668489241
BOL005.AG,Russia,Russia_Davydovskoye_Antiquity.AG,1731.0,0.4749471545219421,-0.07899641521325193,0.7189713345719447,-0.10280616087937687
BOL006.AG,Russia,Russia_Davydovskoye_Antiquity.AG,1758.0,0.6632955074310303,-0.053834530564050055,0.6770786969696696,-0.10794260147358832
BOL007.AG,Russia,Russia_Davydovskoye_Antiquity.AG,1577.0,0.7327335476875305,-0.06272504412367623,0.6701648375041477,-0.12296349134426876
BOL008.AG,Russia,Russia_Davydovskoye_Antiquity.AG,1661.0,0.7531996965408325,-0.025163991381252502,0.6996278466099773,-0.12397793063042781
BOL009.AG,Russia,Russia_Davydovskoye_Antiquity.AG,1655.0,0.720140814781189,-0.05919378554930756,0.668700942103674,-0.11005240201034142
GOS001.AG,Russia,Russia_Gorokhovets_Medieval.AG,793.0,0.4666325449943542,-0.13480216772143616,0.7088850096317866,-0.11068972910048248
GOS002.AG,Russia,Russia_Gorokhovets_Medieval.AG,839.0,0.3285902142524719,-0.161734130235282,0.7256203560958148,-0.09378141778983776
GOS003.AG,Russia,Russia_Gorokhovets_Medieval.AG,860.0,0.1778926849365234,-0.16088014524826372,0.7060699020280208,-0.09372862606060126
KBL002.AG,Russia,Russia_Kibol_Modern.AG,163.0,0.7725830674171448,-0.10151722701150885,0.751413467091833,-0.12715884760266954
KBL003.AG,Russia,Russia_Kibol_Modern.AG,222.0,0.2537451088428497,-0.10494375875162505,0.705221724234237,-0.10231216365350301
KED001.AG,Russia,Russia_Kideksha_Modern.AG,203.0,0.7139827609062195,-0.1555850584600957,0.752642407234737,-0.1157751942737596
KED002.AG,Russia,Russia_Kideksha_Modern.AG,178.0,0.5080344080924988,-0.14069841944801478,0.7414521856661973,-0.10128920284223722
KED003.AG,Russia,Russia_Kideksha_Modern.AG,316.0,0.7611971497535706,-0.12888978587061328,0.7021759309315307,-0.11809508342132871
KED004.AG,Russia,Russia_Kideksha_Medieval.AG,536.0,0.6542931795120239,-0.09413773367457774,0.7565470880764635,-0.10781444725163278
KRS001.AG,Russia,Russia_Krasnoe_Medieval.AG,521.0,0.7734087109565735,-0.14167404327620528,0.7028899199803045,-0.12098856218194294
SHE001.AG,Russia,Russia_Shekshovo9_EarlyMedieval.AG,1020.0,0.0822197347879409,-0.1663108422978681,0.7218649266100895,-0.10159652261138614
SHE002.AG,Russia,Russia_Shekshovo9_EarlyMedieval.AG,940.0,0.0520148612558841,-0.11456802794056024,0.6955518540875124,-0.11847496979936456
SHE003.AG,Russia,Russia_Shekshovo9_EarlyMedieval.AG,1109.0,0.6225343942642212,-0.09104299466179926,0.7227971046320765,-0.11983889533825422
SHE004.AG,Russia,Russia_Shekshovo9_EarlyMedieval.AG,1014.0,0.6997817754745483,-0.08332756327955099,0.737486772845753,-0.1094367519696156
SHE005.AG,Russia,Russia_Shekshovo9_HighMedieval.AG,904.0,0.124808095395565,-0.09943124952109418,0.708524628301022,-0.11957032401512706
SHE006.AG,Russia,Russia_Shekshovo9_HighMedieval.AG,938.0,0.5144333243370056,-0.12404358566955745,0.714568313199653,-0.09716344799450054
SHE007.AG,Russia,Russia_Shekshovo9_HighMedieval.AG,825.0,0.1780005544424057,-0.08875067405117316,0.6889281235811072,-0.11238014911126747
SHE008.AG,Russia,Russia_Shekshovo9_HighMedieval.AG,602.0,0.2516461610794067,-0.14445099323889224,0.7143809072820045,-0.12028794538779317
SHE009.AG,Russia,Russia_Shekshovo9_HighMedieval.AG,604.0,0.5276821851730347,-0.09409835855154398,0.7302043995434601,-0.07845087571071047
SHK001.AG,Russia,Russia_Shekshovo2_Medieval.AG,743.0,0.4649659097194671,0.08200709820656765,0.6648420361424721,-0.07711261038253717
SHK002.AG,Russia,Russia_Shekshovo2_Medieval.AG,771.0,0.2708698213100433,0.004579056715797785,0.64876681532926,-0.09535527606738098
DLV005.AG,Czechia,Czechia_Gravettian.AG,31015.0,0.6383217573165894,-0.2918008140912652,-0.04340942111195597,-0.10936373744474172
KVH002.AG,Russia,Russia_Mesolithic_Veretye.AG,8330.0,0.3900583386421203,-0.15857338665146167,0.651934008157209,-0.1144986240022704
MN2001.AG,Russia,Russia_Minino_Mesolithic.AG,10550.0,0.2718105912208557,-0.16716714493744292,0.7078045212255656,-0.09493142394433295
MN2002.AG,Russia,Russia_Minino_Mesolithic.AG,10657.0,0.5652008652687073,-0.13603622080440783,0.7060926700353449,-0.08713718580958231
UOO015.AG,Russia,Russia_YuzhniyOleniyOstrov_Mesolithic.AG,8125.0,0.146396666765213,-0.12671095265346194,0.6713096443230147,-0.10696222736072682
UOO025.AG,Russia,Russia_YuzhniyOleniyOstrov_Mesolithic.AG,8125.0,0.2066304236650467,-0.1228548296025755,0.7172792614133808,-0.11873380654615925
UOO029.AG,Russia,Russia_YuzhniyOleniyOstrov_Mesolithic.AG,8125.0,0.0613107904791832,-0.09128254939162574,0.7015085166084736,-0.12633069624971457
UOO037.AG,Russia,Russia_YuzhniyOleniyOstrov_Mesolithic.AG,8125.0,0.6335253715515137,-0.20078193254809032,0.6944657286521021,-0.12161769376519663
UOO047.AG,Russia,Russia_YuzhniyOleniyOstrov_Mesolithic.AG,8220.0,0.4068448543548584,-0.16017314816804332,0.6819143216629073,-0.1171932066135418
UOO053.AG,Russia,Russia_YuzhniyOleniyOstrov_Mesolithic.AG,8125.0,0.2898225784301758,-0.15574380147239517,0.7072174388709513,-0.11425512245614049
VO1004.AG,Ukraine,Ukraine_N.AG,7458.0,0.2950715124607086,-0.11220526372722937,1.402040399071821,0.8178452756393656
AAT001.AG,Belgium,Belgium_Mesolithic.AG,10835.0,0.8645975589752197,-0.053313438751375695,-0.157681691964767,0.004095364007916409
DOG004.AG,Netherlands,Netherlands_Doggerland_Mesolithic_contam.AG,10067.0,0.0792797803878784,-1.2487729899292084,0.11203490819715752,0.5535526685974134
BDB001.AG,Germany,Germany_Mesolithic.AG,8600.0,0.6839570999145508,-0.3748336543570906,-0.19027277254284725,0.12179178923072169
BOT005.AG,Germany,Germany_Mesolithic.AG,7548.0,0.0735085532069206,-0.4116942017860238,-0.2000318712803614,0.12946867558665495
FLR001.AG,France,France_MN.AG,6414.0,0.4377285540103912,-1.0080198903529647,-0.849652792318386,-0.015622143116152657
FLR002.AG,France,France_MN.AG,5972.0,0.4406717419624328,-0.9815079919524866,-0.8371127880478175,-0.020177441356794158
FLR003.AG,France,France_MN.AG,6376.0,0.5851843953132629,-1.0338411861391676,-0.8554593877358857,-0.011221203426539664
FLR004.AG,France,France_MN.AG,6512.0,0.6180429458618164,-0.9984798001450872,-0.8625748896659348,-0.04452655808970859
FLR005.AG,France,France_MN.AG,6301.0,0.518063485622406,-0.9592597525711997,-0.8222204641703321,0.00014407411620977808
FLR007.AG,France,France_MN.AG,6326.0,0.6251848340034485,-0.9898632236251667,-0.8467126272479922,-0.024513436674564175
FLR010.AG,France,France_MN.AG,6345.0,0.2671739757061004,-1.0102250499364174,-0.8523942185764614,-0.029704042461055277
FLR013.AG,France,France_MN.AG,6356.0,0.310821533203125,-1.0375557861668765,-0.7811631184617981,0.015675364860957386
FLR014.AG,France,France_MN.AG,6426.0,0.3198165893554687,-1.0038605093675455,-0.8132057391928358,-0.040904799772870405
GRG003.AG,France,France_MN.AG,6450.0,0.6219212412834167,-1.0375968421952775,-0.8926800434192925,-0.05584033458423289
GRG008.AG,France,France_MN.AG,6450.0,0.5588351488113403,-0.9855135140194413,-0.8831994958879213,-0.020957768191928353
GRG015.AG,France,France_MN_1d.rel.GLN215A.AG,6450.0,0.6549931168556213,-1.0064841968896467,-0.8626677756568594,-0.03105216677962202
GRG016.AG,France,France_MN_1d.rel.GLN319_brother.GLN260.GLN241.AG,6407.0,0.5498449802398682,-1.001258043145613,-0.8303333681350755,-0.0003057685370826484
GRG018.AG,France,France_MN.AG,6593.0,0.3151548206806183,-0.9739098850999685,-0.8288508922653801,-0.014859695073119123
GRG019.AG,France,France_MN_1d.rel.GLN226.AG,6450.0,0.6370176076889038,-0.9965145587813462,-0.8548148566091912,-0.00450712897878484
GRG021.AG,France,France_MN_1d.rel.GLN268A.GLN267.GLN269.AG,6450.0,0.5952410697937012,-1.045386480490074,-0.8804880465060717,-0.04192289178792104
GRG022.AG,France,France_MN.AG,6450.0,0.5737149715423584,-1.0744244326809145,-0.873819598658418,0.030976136757731313
GRG023.AG,France,France_MN_father.or.son.GLN322_1d.rel.GLN270B.AG,6450.0,0.3230322897434234,-1.0003072136807247,-0.8553229093086865,-0.023075128699859216
GRG025.AG,France,France_MN.AG,6450.0,0.5799509286880493,-0.9886044107762265,-0.8472033720639007,-0.024302154032388754
GRG027.AG,France,France_MN_father.or.son.GLN266_father.GLN262.AG,6690.0,0.635960042476654,-1.0097582377841774,-0.8220078238094234,-0.03597004382507332
GRG028.AG,France,France_MN.AG,6671.0,0.5151227116584778,-0.9710782405415862,-0.8440462040821228,0.00015212204399356414
GRG032.AG,France,France_MN_1d.rel.GLN285B.AG,6088.0,0.6172611117362976,-0.9328550324357529,-0.8663751618992509,-0.04923295839572259
GRG035.AG,France,France_MN_father.or.son.GLN250_1d.rel.GLN261.AG,6450.0,0.4940994083881378,-0.9729910257728641,-0.8255431949932832,0.012268148278285585
GRG041.AG,France,France_MN_father.or.son.GLN275_1d.rel.GLN325.AG,6450.0,0.4779195487499237,-0.9916153675263075,-0.8601948103972469,0.007821949406069216
GRG043.AG,France,France_MN_father.or.son.GLN305_1d.rel.GLN300.GLN298.AG,6450.0,0.5772145390510559,-0.9810325855831351,-0.861978686489611,0.027241312445674105
GRG047.AG,France,France_MN_1d.rel.GLN310B.AG,6450.0,0.3955789506435394,-0.9989282279809711,-0.8211182890832319,-0.004974223707821591
GRG049.AG,France,France_MN.AG,6571.0,0.0720592588186264,-1.0185127970882948,-0.8558335593864742,-0.020877233540101778
GRG050.AG,France,France_MN.AG,6450.0,0.3502761125564575,-1.0160757039254924,-0.869032135637487,0.0062920065435229915
GRG052.AG,France,France_MN_father.or.son.GLN302.AG,6450.0,0.5071763396263123,-0.9760807491913558,-0.8280654606953481,-0.019337453990219466
GRG056.AG,France,France_MN.AG,6450.0,0.3909034132957458,-0.9938467708462422,-0.8101462019800629,0.01240235377569383
GRG057.AG,France,France_MN_1d.rel.GLN202.GLN255.GLN224.GLN213.GLN212.AG,6615.0,0.4493010342121124,-1.0047520705251693,-0.7681336154508811,-0.0015455613042690461
HBS002.AG,Germany,Germany_EN_LBK.AG,6975.0,0.0541421696543693,-0.38407046704109976,-0.19592508361335417,0.12775967793086668
HBS004.AG,Germany,Germany_EN_LBK.AG,6975.0,0.0917792469263076,-0.33287128672010013,-0.20135544810988557,0.1377151585134669
HBS005.AG,Germany,Germany_EN_LBK.AG,6975.0,0.0622840151190757,-0.2653449626210712,-0.16402237665861763,0.1532980590169026
HBS006.AG,Germany,Germany_EN_LBK.AG,6975.0,0.2215921431779861,-0.2864424823284698,-0.20626329719475106,0.13525316673609056
HBS007.AG,Germany,Germany_EN_LBK.AG,6975.0,0.1139996126294136,-0.3284862064749403,-0.2504177755254996,0.09055031472269517
HBS008.AG,Germany,Germany_EN_LBK.AG,6975.0,0.0988748669624328,-0.339539271976652,-0.1636649835132612,0.11317035075498659
HBS009.AG,Germany,Germany_EN_LBK.AG,6975.0,0.2226310670375824,-0.29591721352572414,-0.2304646977488955,0.10536029720604415
LBR001.AG,France,France_EN_MN.AG,6740.0,0.5814740061759949,-0.996854203907785,-0.9029027460301942,-0.044600614931100756
LBR002.AG,France,France_EN_MN.AG,6991.0,0.5539454817771912,-0.9888014945151364,-0.8499472071306771,-0.05578247339856877
LBR003.AG,France,France_EN_MN.AG,6680.0,0.5601968765258789,-1.0431045975101096,-0.9098711680452397,-0.08713376589416144
LBR004.AG,France,France_EN_MN.AG,6797.0,0.5433340668678284,-1.031462352275871,-0.8568435576473497,-0.023792641372995367
LBR005.AG,France,France_EN_MN_o.AG,7051.0,0.6593069434165955,-0.9736358270449237,-0.8382887398395524,0.00763022302116414
OBN001.AG,France,France_MN_o.AG,6609.0,0.2119612693786621,-0.9485631402534792,-0.7990556940112835,-0.02746689896144025
OBN002.AG,France,France_MN.AG,6700.0,0.354396104812622,-1.0041715968452716,-0.8063077900631014,0.023963576627020658
OBN003.AG,France,France_MN_o.AG,6544.0,0.5065494179725647,-0.9842817194607804,-0.7981655499862392,0.0014052913212752424
OBN004.AG,France,France_MN.AG,6528.0,0.430883526802063,-0.9249608972514949,-0.8122262277549552,0.011080382788276784
OBN005.AG,France,France_MN.AG,6888.0,0.3735629618167877,-0.9785773758352615,-0.8896968751498536,-0.037018169321600826
OBN006.AG,France,France_MN.AG,7026.0,0.4500690698623657,-0.9170242626090376,-0.7978123096042237,0.015641082067858282
OBN007.AG,France,France_MN.AG,6377.0,0.4669934511184692,-0.9514766398806813,-0.8220092190908734,-0.015102602296126744
OBN008.AG,France,France_MN.AG,6543.0,0.7046349048614502,-0.9987146955373635,-0.8276145820306512,-0.025238261940893188
OBN009.AG,France,France_MN.AG,6398.0,0.5657223463058472,-0.8899909029607389,-0.8136361098300449,-0.03833642867555498
OBN010.AG,France,France_MN.AG,6700.0,0.525482714176178,-0.9759275576494724,-0.79265787539905,-0.007691626491076752
OBN011.AG,France,France_MN.AG,6549.0,0.4734589159488678,-0.9535168983672179,-0.8073591484710735,-0.008250805699629188
PEN001_real1.AG,France,France_EN_o.AG,7361.0,0.7860833406448364,-0.9690672784410104,-0.8312704860264948,-0.00178703244283899
PEN001_real2.AG,France,France_EN.AG,7359.0,0.585917592048645,-0.9728777544179321,-0.8105608756917925,0.028947075668721376
PEN003.AG,France,France_EN.AG,7363.0,0.5747936367988586,-0.9560964257461143,-0.7611411293513223,-0.03202008074824099
PRI001.AG,France,France_MN.AG,6218.0,0.4944522082805633,-1.024169255856354,-0.8280787205682243,-0.03848073577570174
PRI006.AG,France,France_MN.AG,6150.0,0.3214483559131622,-0.9158454515191975,-0.8494085241811542,0.01547369636978917
SCH001.AG,Germany,Germany_EN_LBK.AG,7050.0,0.0537374690175056,-0.21904611729936144,-0.30660478874550967,0.0713888577868639
SCH007.AG,Germany,Germany_EN_LBK.AG,7050.0,0.1028553619980812,-0.34561493553032446,-0.24246598302052003,0.12609822134051984
SCH009.AG,Germany,Germany_EN_LBK.AG,7050.0,0.2002955377101898,-0.3095479048794586,-0.18795379262811154,0.12359094387625798
SCH010.AG,Germany,Germany_EN_LBK.AG,7050.0,0.2444515973329544,-0.308221001929154,-0.19654642936026057,0.10071322068350827
SCH014.AG,Germany,Germany_EN_LBK.AG,7050.0,0.2812914252281189,-0.33532699648944664,-0.19781477612618106,0.11329876109121695
SCH016.AG,Germany,Germany_EN_LBK.AG,7091.0,0.2404678612947464,-0.339795335147403,-0.20999800323994441,0.11249896752689716
SMH004.AG,Germany,Germany_EN_LBK.AG,7116.0,0.2501417398452759,-0.27084623364954025,-0.21155091396845974,0.09531598984066593
TGM009.AG,Germany,Germany_LN_oWHG.AG,5208.0,0.5817254185676575,-0.45476950364388746,-0.20426813690149845,0.11591998315623765
XN164.AG,Germany,Germany_EN_LBK.AG,7110.0,0.3144038319587707,-0.32708095314851593,-0.2283030470490044,0.09903445853724163
XN165.AG,Germany,Germany_EN_LBK.AG,7099.0,0.3778338134288788,-0.2927198097888403,-0.2140914565236558,0.10901456155961194
XN166.AG,Germany,Germany_EN_LBK.AG,7100.0,0.2784544825553894,-0.3017030943435834,-0.26192395448143635,0.08104772400495082
XN167.AG,Germany,Germany_EN_LBK.AG,7176.0,0.3533393442630768,-0.26404012195041193,-0.1772215865589545,0.13293104944019965
XN168.AG,Germany,Germany_EN_LBK.AG,7093.0,0.2310429811477661,-0.3698308021474067,-0.25727179854257015,0.13489937310767175
XN169.AG,Germany,Germany_EN_LBK.AG,7081.0,0.3200753033161163,-0.28650879062235957,-0.24231105368271474,0.0920716159937551
XN170.AG,Germany,Germany_EN_LBK.AG,7024.0,0.2776831984519958,-0.33298260408288366,-0.19323745786779448,0.11885061933093989
XN171.AG,Germany,Germany_EN_LBK.AG,7106.0,0.3912018835544586,-0.31201421777116123,-0.25716622822633256,0.12718659769941085
XN172.AG,Germany,Germany_EN_LBK.AG,7101.0,0.3433232307434082,-0.24279066141152775,-0.20860674138750146,0.12169962065015566
XN173.AG,Germany,Germany_EN_LBK.AG,7060.0,0.1292062550783157,-0.3425472341597418,-0.28954780943720565,0.12821127562705664
XN174.AG,Germany,Germany_EN_LBK.AG,6800.0,0.2059726864099502,-0.3702054796194888,-0.2147164733038385,0.09948172777050471
XN175.AG,Germany,Germany_EN_LBK.AG,7092.0,0.3025045096874237,-0.2717142764904182,-0.23310230325322082,0.13167269935195025
XN180.AG,Germany,Germany_EN_LBK.AG,7068.0,0.1619253009557724,-0.3523937729248253,-0.19363914929532292,0.11896199946421482
XN182.AG,Germany,Germany_EN_LBK.AG,7069.0,0.104755587875843,-0.35982630330146814,-0.2199538072638642,0.09997644670584598
XN183.AG,Germany,Germany_EN_LBK.AG,7152.0,0.1020832732319831,-0.26813646546580217,-0.16915818114562534,0.07080121055584052
XN188.AG,Germany,Germany_EN_LBK.AG,7130.0,0.2041730284690857,-0.32755179245284166,-0.21673213238655567,0.07806218623932402
XN205.AG,Germany,Germany_EN_LBK.AG,7100.0,0.0636416673660278,-0.35577584174591026,-0.22678037033527867,0.11653075565388869
XN207.AG,Germany,Germany_EN_LBK.AG,7100.0,0.1366400867700576,-0.3335419726318313,-0.239795071576218,0.13466887085394147
XN211.AG,Germany,Germany_EN_LBK.AG,7068.0,0.0574357286095619,-0.3463504820698188,-0.19974961600763333,0.14195136538450487
XN225.AG,Germany,Germany_EN_LBK.AG,7100.0,0.1098269000649452,-0.38495505883778053,-0.24683557900462422,0.04401360867030491
FLR008.AG,France,France_Calvados_N_Norman_father.or.son.FLR002.AG,6183.0,0.1547355949878692,-1.0130675182247846,-0.8623337026262813,-0.03843928602771061
FLR009.AG,France,France_Calvados_N_Norman.AG,5806.0,0.1027118116617202,-1.0034497647653644,-0.8476027613513812,-0.010204096948166362
FLR015.AG,France,France_Calvados_N_Norman_father.or.son.FLR007.AG,6315.0,0.1104075983166694,-0.9317257789179816,-0.8248899726303027,-0.0020036712380760878
A1801.AG,Hungary,Hungary_DanubeTisza_EarlyAvar.AG,1300.0,0.8611668944358826,1.4599168842469643,0.15910688191560327,0.005334187267523956
A1802.AG,Hungary,Hungary_DanubeTisza_EarlyAvar.AG,1300.0,0.6716076731681824,1.57429206524764,0.13534918287050549,-0.05128774412660542
A1804.AG,Hungary,Hungary_Transtisza_EarlyAvar.AG,1300.0,0.901213526725769,1.5376056831923997,0.15375994508227384,-0.0796392128848236
A1805.AG,Hungary,Hungary_Transtisza_EarlyAvar_daughter.A1817.AG,1300.0,0.5269628167152405,1.6259330332572497,0.04999102811691877,-0.04755066067932301
A1806.AG,Hungary,Hungary_Transtisza_EarlyAvar.AG,1300.0,0.7342039346694946,1.5373808947066103,0.1390337926946407,-0.08023387796642928
A1807.AG,Hungary,Hungary_Transtisza_EarlyAvar.AG,1300.0,0.9150958061218262,1.5464866126661976,0.19579981709873379,0.008792179309014197
A1808.AG,Hungary,Hungary_DanubeTisza_EarlyAvar.AG,1330.0,0.0824289768934249,1.6919741508207642,0.09494143094561273,-0.09332767853340893
A1809.AG,Hungary,Hungary_DanubeTisza_LateEarlyAvar.AG,1175.0,0.7905172109603882,1.6465835813543381,0.03943195219694891,-0.18402223632012432
A181013.AG,Hungary,Hungary_DanubeTisza_LSarmation_EHun.AG,1500.0,0.2070845961570739,1.7006698530559805,0.12977257563713698,-0.07670039085149384
A181014.AG,Hungary,Hungary_DanubeTisza_LSarmation_EHun.AG,1500.0,0.8821585774421692,1.8273089745287343,0.061733363958269546,-0.2221084153187921
A181015.AG,Hungary,Hungary_DanubeTisza_LSarmation_EHun.AG,1500.0,0.8979994654655457,1.6489576254495395,0.12670425236841082,-0.28696080649114936
A181016.AG,Hungary,Hungary_DanubeTisza_LSarmation_EHun.AG,1500.0,0.2205653935670852,1.6341228004169188,0.07136594898348378,-0.10853052187311722
A181017.AG,Hungary,Hungary_DanubeTisza_LSarmation_EHun.AG,1500.0,0.3197411596775055,1.6624959568516688,0.1070826549919589,-0.07324181200100707
A181018.AG,Hungary,Hungary_DanubeTisza_LSarmation_EHun_oWest.AG,1500.0,0.8920003175735474,1.639126114530994,0.22060966191495357,-0.2199352426705511
A181019.AG,Hungary,Hungary_DanubeTisza_LSarmation_EHun.AG,1500.0,0.6814372539520264,1.5194103920686592,0.1699623277573766,-0.13766484680620827
A181020.AG,Hungary,Hungary_DanubeTisza_LSarmation_EHun.AG,1500.0,0.4694435596466064,1.6596977415710874,0.07095073588568139,-0.057956822668220956
A181021.AG,Hungary,Hungary_Transtisza_LSarmation_EHun.AG,1550.0,0.9034276008605956,1.6587338677573864,0.045108745746096864,-0.15592845669885605
A181022.AG,Hungary,Hungary_Transtisza_LSarmation_EHun.AG,1550.0,0.8416439890861511,1.8145585009507568,0.04829391931874497,-0.12009379567637915
A181023.AG,Hungary,Hungary_Transtisza_LSarmation_EHun.AG,1550.0,0.8982573747634888,1.5847098512282507,0.18995989876754096,-0.25897088138160423
A181024.AG,Hungary,Hungary_Transtisza_LSarmation_EHun.AG,1550.0,0.903409779071808,1.7140141886622018,0.003899846724424437,-0.1901477081269036
A181025.AG,Hungary,Hungary_Transtisza_LSarmation_EHun.AG,1550.0,0.9058542251586914,1.61014720859307,0.026685531631513017,-0.1301884243131693
A181026.AG,Hungary,Hungary_Transtisza_LSarmation_EHun.AG,1550.0,0.8996401429176331,1.6644974850485295,0.043184203404014035,-0.3260271078307011
A181027.AG,Hungary,Hungary_Transtisza_LSarmation_EHun_oEast.AG,1550.0,0.8806168437004089,1.8413581993635417,0.11524906292407067,-0.2680718869752785
A181028.AG,Hungary,Hungary_Transtisza_LSarmation_EHun.AG,1550.0,0.8890579342842102,1.79554835391594,0.23541296075003662,-0.17215479772737666
A181029.AG,Hungary,Hungary_NorthTransdanubia_Hun.AG,1500.0,0.8593875169754028,1.4551425413064927,0.1372709573079167,-0.14998081873357388
A1810.AG,Hungary,Hungary_DanubeTisza_LateEarlyAvar.AG,1200.0,0.8256717324256897,1.6082946280150556,0.10447734093340878,-0.05650801500438815
A1811.AG,Hungary,Hungary_DanubeTisza_MiddleLateAvar.AG,1200.0,0.7815221548080444,1.5228993527662444,0.12226274883579132,0.07520180208034521
A1812.AG,Hungary,Hungary_DanubeTisza_MiddleAvar.AG,1300.0,0.7835740447044373,1.567386024607508,0.13364097696019694,0.035480990531393815
A1813.AG,Hungary,Hungary_DanubeTisza_LateEarlyAvar.AG,1250.0,0.7573950886726379,1.7806535941260984,-0.017332863303170788,-0.05003069195147627
A1814.AG,Hungary,Hungary_DanubeTisza_LateEarlyAvar.AG,1175.0,0.8970676064491272,1.6778126722366016,-0.023575050052791018,-0.04659974618632934
A1815.AG,Hungary,Hungary_DanubeTisza_LateEarlyAvar.AG,1200.0,0.8050247430801392,1.7335218402527108,-0.06355259938134088,-0.10519665790159984
A1816.AG,Hungary,Hungary_DanubeTisza_EarlyAvar.AG,1300.0,0.8377405405044556,1.502940119245426,0.14631422801390845,0.08592367727935415
A1817.AG,Hungary,Hungary_DanubeTisza_EarlyAvar_o.AG,1300.0,0.823081374168396,1.6699121447959215,0.21944981151623338,-0.144821545256894
A1818.AG,Hungary,Hungary_DanubeTisza_EarlyAvar.AG,1300.0,0.810207188129425,1.5511820236903622,0.2354620139477555,0.04642530397536158
A1819.AG,Hungary,Hungary_DanubeTisza_EarlyAvar.AG,1300.0,0.9121185541152954,1.5299235265072106,0.09970701200072478,0.03284240933315336
A1820.AG,Hungary,Hungary_DanubeTisza_EarlyAvar.AG,1300.0,0.1110280230641365,1.628074931978141,0.12455186286314879,-0.03983342005885943
A1821.AG,Hungary,Hungary_DanubeTisza_EarlyAvar.AG,1300.0,0.607481837272644,1.5652596011800373,0.15037168601219553,0.005630952693498572
A1822.AG,Hungary,Hungary_DanubeTisza_EarlyAvar.AG,1300.0,0.8650752305984497,1.4373670586356657,0.14310771335029077,0.10209839362949377
A1823.AG,Hungary,Hungary_DanubeTisza_EarlyAvar.AG,1300.0,0.7554510831832886,1.5791404802582005,0.12449050373580627,0.019182255527328093
A1824.AG,Hungary,Hungary_SouthTransdanubia_EarlyAvar_1.AG,1325.0,0.8317795395851135,1.6343975156356265,0.036694702769669234,-0.009856574913735741
A1825.AG,Hungary,Hungary_SouthTransdanubia_EarlyAvar_2.AG,1325.0,0.2692704796791076,1.670906270739959,0.052481335049826223,-0.13568973982146734
s19_0LS03_1.SG,Estonia,Estonia_Medieval.SG,740.0,0.0694477707147598,-1.1959594990048028,1.6487105075180182,0.15579980628890455
s19_0LS10_1.SG,Estonia,Estonia_IA.SG,2609.0,0.2697992622852325,-1.1893090233827823,1.667383881391519,0.16756212350905908
s19_0LS11_1.SG,Estonia,Estonia_BA.SG,2918.0,0.1905770599842071,-1.1995015177177677,1.6488962567770136,0.15447948901793704
s19_IIa_1.SG,Estonia,Estonia_Medieval.SG,685.0,0.4976711571216583,-1.20038450454252,1.654756008182471,0.17279700461643321
s19_IIf_1.SG,Estonia,Estonia_Medieval.SG,575.0,0.1974853426218032,-1.206268348959073,1.6441765602184164,0.14620724549556255
s19_IIg_1.SG,Estonia,Estonia_Medieval.SG,740.0,0.0965780541300773,-1.209392613874078,1.6541577318438048,0.1458552064833971
s19_IVLS09KT_1.SG,Estonia,Estonia_Medieval.SG,365.0,0.2884130179882049,-1.197046024322816,1.643002373202694,0.16215565632113202
s19_V10_2.SG,Estonia,Estonia_IA.SG,2573.0,0.3222074806690216,-1.19613879275844,1.6496458667393834,0.17141125612656416
s19_V11_1.SG,Estonia,Estonia_IA.SG,2229.0,0.2406008690595626,-1.2141201961155392,1.6715793915080923,0.16698481962911557
s19_V12_1.SG,Estonia,Estonia_IA.SG,2104.0,0.2156757414340973,-1.2176758958494875,1.6786057743081302,0.17284126238623695
s19_V14_2.SG,Estonia,Estonia_BA.SG,3130.0,0.3649888634681701,-1.190866424543013,1.650712482895938,0.16757898533250093
s19_V16_1.SG,Estonia,Estonia_BA.SG,2434.0,0.2057950794696808,-1.1563942143204344,1.6202295528267274,0.1596994857605225
s19_V9_2.SG,Estonia,Estonia_BA.SG,3072.0,0.3725159466266632,-1.182896413064106,1.668246531028346,0.15248582343596173
s19_VII15_1.SG,Russia,Russia_IA_Ingria.SG,1911.0,0.2168411910533905,-0.1341953375097463,0.7017476486129132,-0.13600460252207786
s19_VII4_1.SG,Estonia,Estonia_IA.SG,2493.0,0.2975791692733764,-1.199887684697176,1.6469330366754866,0.16665475319249504
s19_VIII5_2.SG,Russia,Russia_IA_Ingria.SG,1763.0,0.3377028405666351,-0.17726192387620368,0.7186093196861997,-0.0565075530744505
s19_VIII7_1.SG,Russia,Russia_IA_Ingria.SG,1813.0,0.0553043633699417,-0.1255116895980965,0.7210904351869961,-0.10630224995186424
s19_VIII9_1.SG,Russia,Russia_IA_Ingria.SG,1813.0,0.2479933351278305,-0.08677060379237182,0.7135838666543179,-0.12073782204394819
s19_X04_1.SG,Estonia,Estonia_IA.SG,2345.0,0.2211412191390991,-1.2006268805082436,1.6506265815244814,0.16160235788490235
s19_X08_1.SG,Estonia,Estonia_BA.SG,2819.0,0.2516599595546722,-1.1808186352611458,1.6605064221139036,0.17072886276705224
s19_X10_1.SG,Estonia,Estonia_BA.SG,3075.0,0.2024552822113037,-1.1959808263731995,1.6475252002309546,0.17952713955797256
s19_X11_1.SG,Estonia,Estonia_BA.SG,2906.0,0.2028583586215973,-1.211649926179999,1.6749367618707864,0.16329428178214492
s19_X14_1.SG,Estonia,Estonia_BA.SG,2580.0,0.275263100862503,-1.174804505364558,1.6538856339828278,0.15385398625139216
s19_X15_2.SG,Estonia,Estonia_BA.SG,3037.0,0.274648368358612,-1.2153605850044624,1.640744382733622,0.16156412870970263
s19_X17_2.SG,Estonia,Estonia_BA.SG,2819.0,0.3152172863483429,-1.1995060883003938,1.6538868800206294,0.1483477432590545
s19_X20_1.SG,Estonia,Estonia_BA.SG,2787.0,0.0772668272256851,-1.2111408408749513,1.664244003977341,0.17927373012630682
MA969.SG,Estonia,Estonia_CordedWare_o2.SG,4652.0,0.5361459851264954,-1.2025702883439475,1.6480165807088483,0.15985229340195978
MA971.SG,Estonia,Estonia_CordedWare.SG,4400.0,0.3808313310146332,-1.1606174729404348,1.6352776898202028,0.15718712215449926
MA973.SG,Estonia,Estonia_CordedWare.SG,4416.0,0.7289590835571289,-1.1736155721942951,1.6371267923823885,0.1401358617646774
MA975.SG,Estonia,Estonia_N_CombCeramic.SG,5488.0,0.0895797535777092,-1.170839580773319,1.627368477894789,0.14643759233488526
BER001.SG,Russia,Russia_Yaroslavl_Lyalovo_Volosovo_N.SG,6283.0,0.1195234730839729,-0.12886183794123326,0.7148648787450338,-0.08531593063601031
BOL001.SG,Russia,Russia_Tver_Fatyanovo_BA.SG,4478.0,0.1116265580058097,-0.10836434458234015,0.671950535024311,-0.10528159555795545
BOL002.SG,Russia,Russia_Tver_Fatyanovo_BA.SG,4306.0,0.111084796488285,-0.1324270399145606,0.6782488187973594,-0.09646977300801206
BOL003.SG,Russia,Russia_Tver_Fatyanovo_BA.SG,4414.0,0.6764859557151794,-0.11481971305735113,0.7258576472222864,-0.1015652290182376
GOL001.SG,Russia,Russia_Yaroslavl_Fatyanovo_BA.SG,4441.0,0.1174148172140121,-0.14680970587842995,0.7396806601042241,-0.10866767981251799
HAL001.SG,Russia,Russia_Yaroslavl_Fatyanovo_BA.SG,4504.0,0.7460545897483826,-0.11299553883314081,0.714035982949076,-0.10030902787580001
HAN002.SG,Russia,Russia_Moscow_Fatyanovo_BA.SG,4605.0,0.7220410704612732,-0.1304998190458059,0.7193761727366916,-0.10497388103194386
HAN004.SG,Russia,Russia_Moscow_Fatyanovo_BA.SG,4511.0,0.7135188579559326,-0.18037576898122878,0.7129452325104582,-0.09951712924944665
IVA001.SG,Russia,Russia_Moscow_Fatyanovo_BA.SG,4624.0,0.7151570916175842,-0.13307837045614831,0.7114014786497638,-0.11495372063540737
KAR001.SG,Russia,Russia_Mesolithic_Veretye.SG,8321.0,0.1704248040914535,-0.19045084158238512,0.7102127146306485,-0.12720382345383285
MIL001.SG,Russia,Russia_Ivanovo_Fatyanovo_BA.SG,4494.0,0.1518994569778442,-0.15062217077505613,0.7006537341709245,-0.10489009953570298
MIL002.SG,Russia,Russia_Ivanovo_Fatyanovo_BA.SG,4127.0,0.1053516864776611,-0.1393978797791917,0.7417968517475536,-0.11334457096423162
NAU001.SG,Russia,Russia_Yaroslavl_Fatyanovo_BA.SG,4526.0,0.77638840675354,-0.14754352289146136,0.7288085598430118,-0.10358155549839677
NAU002.SG,Russia,Russia_Yaroslavl_Fatyanovo_BA.SG,4516.0,0.6756765842437744,-0.13839669579176286,0.7115567735820424,-0.1090179915689977
NIK002.SG,Russia,Russia_Yaroslavl_Fatyanovo_BA.SG,4637.0,0.1249037906527519,-0.14966282671439932,0.7014204505128292,-0.10169656013487043
NIK003.SG,Russia,Russia_Yaroslavl_Fatyanovo_BA.SG,4430.0,0.1158203557133674,-0.1416083910504123,0.7057986802467104,-0.1121783943432881
NIK004.SG,Russia,Russia_Yaroslavl_Fatyanovo_BA.SG,4552.0,0.1692853271961212,-0.14554137902802905,0.7646778548861267,-0.11042816144807052
NIK005.SG,Russia,Russia_Yaroslavl_Fatyanovo_BA.SG,4646.0,0.1002690121531486,-0.13143136396247893,0.7317014743154922,-0.08454761221193799
NIK007.SG,Russia,Russia_Yaroslavl_Fatyanovo_BA.SG,4540.0,0.1195153668522834,-0.1425468630872431,0.7460002492765135,-0.12240084690187926
NIK008AB.SG,Russia,Russia_Yaroslavl_Fatyanovo_BA.SG,4508.0,0.734589159488678,-0.12935601497637914,0.7319289773112301,-0.07973230988730054
PES001.SG,Russia,Russia_Mesolithic_Veretye.SG,12711.0,0.9777107238769532,-0.14975748127648297,0.7283883263538659,-0.07190683172391482
SOP002.SG,Estonia,Estonia_IdaViru_CordedWare_Neolithic_dup.NEO306.SG,4620.0,0.1111204847693443,-1.1993881570201579,1.6530009969668515,0.16735080012225964
TIM006.SG,Russia,Russia_Ivanovo_Fatyanovo_BA.SG,4502.0,0.1157416850328445,-0.12150284867556632,0.7559362449265823,-0.13310943306363163
TIM008.SG,Russia,Russia_Ivanovo_Fatyanovo_BA.SG,4473.0,0.1059396788477897,-0.19429660573813332,0.7583808274340446,-0.1025827297488468
VOD001.SG,Russia,Russia_Yaroslavl_Fatyanovo_BA.SG,4383.0,0.2122483700513839,-0.1486931671067003,0.7013634947874515,-0.11378831817826089
VORONKOVO003.SG,Russia,Russia_Yaroslavl_Fatyanovo_BA.SG,4465.0,0.1075925379991531,-0.10824412278531967,0.740331299116077,-0.12490640993745164
VOR004.SG,Russia,Russia_Yaroslavl_Fatyanovo_BA.SG,4698.0,0.7322307229042053,-0.09528241481953073,0.7197422225492317,-0.11746799286324744
VOR005.SG,Russia,Russia_Yaroslavl_Fatyanovo_BA.SG,4481.0,0.1081334874033927,-0.13152606204870704,0.7428141053228808,-0.09496675520794673
ans003.SG,Sweden,Sweden_Ansarve_Megalithic.SG,5282.0,0.120625652372837,-0.9190078744400035,2.4451845990183183,0.80625189196063
ans005.SG,Sweden,Sweden_Ansarve_Megalithic.SG,5367.0,0.1085268333554267,-0.8788124565505374,2.536397708109928,0.8550131208477221
ans008.SG,Sweden,Sweden_Ansarve_Megalithic.SG,5154.0,0.4044142365455627,-0.9096307843342611,2.456569415406021,0.8367277249285779
ans014.SG,Sweden,Sweden_Ansarve_Megalithic.SG,5111.0,0.8959491848945618,-0.9984476892470128,2.512120980599937,0.8582743525639676
ans016.SG,Sweden,Sweden_Ansarve_Megalithic.SG,4705.0,0.2068940103054046,-0.9156900521920758,2.442897633039991,0.8942782272528983
ans017.SG,Sweden,Sweden_Ansarve_Megalithic.SG,5053.0,0.9901355504989624,-0.9253193161439072,2.5061887493082007,0.8654694321997041
bal004.SG,UnitedKingdom,Scotland_Megalithic.SG,5186.0,0.7390822172164917,-1.512170081230262,0.11205508424074709,-0.5880514128095509
kol6.SG,Czechia,Czechia_MN.SG,6775.0,0.6912335753440857,-0.2898429075282307,0.06348146747108109,-0.10848121405991729
lai001.SG,UnitedKingdom,Scotland_Megalithic.SG,5178.0,0.1589448004961013,-1.480559136050581,0.11699619619414309,-0.5642762690533507
mid001.SG,UnitedKingdom,Scotland_Megalithic.SG,5173.0,0.2138030976057052,-1.5668144346588488,0.10157613287236324,-0.601741717551437
mid002.SG,UnitedKingdom,Scotland_Megalithic.SG,5410.0,0.219999298453331,-1.5194705766502936,0.031087476720815622,-0.6218532317764079
prs002.SG,Ireland,Ireland_Megalithic.SG,5665.0,0.9693068861961364,-1.54378710997454,-0.0668392429353368,0.012631105282478801
prs003.WGC.SG,Ireland,Ireland_Megalithic.WGC.SG,5643.0,0.1267326474189758,-1.580986436203069,-0.07683618700663124,0.013928394030228363
prs006.WGC.SG,Ireland,Ireland_Megalithic.WGC.SG,5480.0,0.1646633148193359,-1.5742141908568044,-0.03374491953178915,0.02486088449693889
prs010.WGC.SG,Ireland,Ireland_Megalithic.WGC.SG,5522.0,0.1330375224351883,-1.6350652530196086,-0.039243788341712604,-0.012620738667815226
prs012.WGC.SG,Ireland,Ireland_Megalithic.WGC.SG,5650.0,0.1710995733737945,-1.6183374347501027,-0.07399275908056181,-0.0229878487224959
prs016.SG,Ireland,Ireland_Megalithic.SG,5539.0,0.9964241981506348,-1.647634430352128,-0.08884927138333767,-0.011877689772667828
prs017.WGC.SG,Ireland,Ireland_Megalithic_father.prs002ALL_DATA.WGC.SG,5657.0,0.1424356400966644,-1.6086765500967726,-0.055025521993116375,-0.0014832182490946175
prs018.WGC.SG,Ireland,Ireland_Megalithic.WGC.SG,5643.0,0.0723933950066566,-1.5828548049902171,-0.05175047968832659,0.007244041099110078
BRC001.SG,Italy,Italy_Broion_CA.SG,5061.0,0.1670582592487335,-0.06050445926849329,-0.7223647702363011,0.21622832240802706
BRC003.SG,Italy,Italy_Broion_BA.SG,3447.0,0.7227709889411926,-0.06534793959216004,-0.8221977814249812,0.28474785551864384
BRC007.SG,Italy,Italy_Broion_BA.SG,3491.0,0.1791886985301971,-0.06445337485892176,-0.7335198678556833,0.2346922986398279
BRC010.SG,Italy,Italy_Broion_EBA.SG,3804.0,0.3102003037929535,-0.05193111198160999,-0.714087724306837,0.1953452794156867
BRC022.SG,Italy,Italy_Broion_CA.SG,5152.0,0.1349782943725586,-0.10720006401235001,-0.7088425758816963,0.1968101197013906
BRC030.SG,Italy,Italy_Broion_EBA.SG,3772.0,0.0944012776017189,-0.010629459034626268,-0.6733043237732008,0.16834172249059504
GCP003.SG,Italy,Italy_ReginaMargherita_BA.SG,3497.0,0.1251689940690994,-0.07274715107981175,-0.6691688540146111,0.17142605112156775
LSC002.SG,Italy,Italy_LaSassa_CA.SG,4619.0,0.6774510741233826,-0.06669164330389495,-0.6615231861892665,0.20537626592873678
LSC005.SG,Italy,Italy_LaSassa_CA.SG,4633.0,0.1180019974708557,-0.08589011160894305,-0.7465866107242605,0.25158724134333416
LSC011.SG,Italy,Italy_LaSassa_CA_1d.rel.LSC002.SG,4586.0,0.0613691844046115,-0.11826611583313613,-0.7407317181533539,0.1928265772224143
TRPTN_611.SG,UnitedKingdom,England_Trumpington_N.SG,5418.0,0.8577736020088196,-1.513676324448006,0.1089759995150045,-0.5542910933523824
TRPTN_613.SG,UnitedKingdom,England_Trumpington_N_brother.TRPTN_611.SG,5639.0,0.7564559578895569,-1.4927696222858213,0.05709164250926246,-0.5427229567009658
RISE1159.SG,Poland,Poland_Koszyce_GlobularAmphora.SG,4724.0,0.9250981211662292,-0.1644466707275651,1.8553709114419787,-0.22444798926982593
RISE1160.SG,Poland,Poland_Koszyce_GlobularAmphora_son.RISE1159.son.RISE1168.SG,4721.0,0.8597508668899536,-0.20037917103384106,1.8824142387128746,-0.2014948346960174
RISE1161.SG,Poland,Poland_Koszyce_GlobularAmphora.SG,4785.0,0.7086389064788818,-0.17531205428985044,1.8602690955142982,-0.21098809043177041
RISE1163.SG,Poland,Poland_Koszyce_GlobularAmphora.SG,4736.0,0.9763822555541992,-0.1759153132500016,1.8251702386707496,-0.21404733951618
RISE1164.SG,Poland,Poland_Koszyce_GlobularAmphora_son.RISE1170.brother.RISE1164.SG,4463.0,0.6634163856506348,-0.19867833669855128,1.8620073691195942,-0.23239281803875936
RISE1165.SG,Poland,Poland_Koszyce_GlobularAmphora.SG,4754.0,0.879562497138977,-0.16905845421775723,1.9599725983644551,-0.193594386099841
RISE1166.SG,Poland,Poland_Koszyce_GlobularAmphora.SG,4904.0,0.9311548471450806,-0.1676823773657769,1.855518180805909,-0.2076483533553722
RISE1169.SG,Poland,Poland_Koszyce_GlobularAmphora_brother.RISE1168.brother.RISE1173.brother.RISE1163.SG,4747.0,0.6309958100318909,-0.19494834075153278,1.8145413561435488,-0.21415280887326507
RISE1170.SG,Poland,Poland_Koszyce_GlobularAmphora.SG,4754.0,0.9528990983963012,-0.17656107406950644,1.9320015334857277,-0.22924368012216245
RISE1241.SG,Poland,Poland_Sandomierz_GlobularAmphora.SG,4773.0,0.5664514303207397,-0.20133129683516152,1.8903611375714917,-0.19583837691153877
RISE1243.SG,Poland,Poland_Ksiaznice_GlobularAmphora_mother.or.daughter.RISE1249.SG,4725.0,0.2107779830694198,-0.20649909677507589,1.8610455151460692,-0.22166993893012016
RISE1246.SG,Poland,Poland_Ksiaznice_GlobularAmphora.SG,4721.0,0.3735491931438446,-0.16127646588131053,1.8970763809183315,-0.21659051184567793
RISE1247.SG,Poland,Poland_Ksiaznice_GlobularAmphora_mother.or.daughter.RISE1248.SG,4725.0,0.5250163674354553,-0.1836054639014523,1.8704315635947246,-0.22722424074333
RISE1248.SG,Poland,Poland_Ksiaznice_GlobularAmphora.SG,4725.0,0.5476714372634888,-0.1749639761095611,1.8616779555213567,-0.21307076861830887
RISE1249.SG,Poland,Poland_Ksiaznice_GlobularAmphora.SG,4737.0,0.6424806714057922,-0.20266036604806997,1.8809678140518697,-0.22087592026388145
RISE1250.SG,Poland,Poland_Sandomierz_GlobularAmphora.SG,4750.0,0.3778938353061676,-0.18017454670670027,1.8595902016660304,-0.2063711919993837
RISE1252.SG,Poland,Poland_Mierzanowice_GlobularAmphora.SG,4725.0,0.3372859954833984,-0.15698254458093283,1.8254707062676692,-0.20204297257550724
RISE1254.SG,Poland,Poland_Wilczyce_GlobularAmphora.SG,4725.0,0.3474359214305877,-0.19011029268787893,1.861250352387484,-0.22296346994879468
f1R.SG,Italy,Italy_Pompeii_Roman.SG,1871.0,0.3352819383144378,-0.03616020224201437,-0.731290588088031,0.1795678367211575
1H04.SG,France,France_MontAime_MLN.SG,4851.0,0.3925506174564361,-1.0071456472495404,-0.841440923650831,-0.030776257285940533
1H06.SG,France,France_MontAime_MLN_daughter.2H11.SG,5115.0,0.5422019362449646,-0.9903201122254833,-0.7546170311731725,0.015411593615444684
1H07.SG,France,France_MontAime_MLN.SG,5166.0,0.2261087298393249,-1.01278408331855,-0.8114478885623003,-0.03550392326280131
1H13.SG,France,France_MontAime_MLN.SG,4950.0,0.5715049505233765,-0.9786201262772195,-0.790000129877804,-0.011906632910703166
1H14.SG,France,France_MontAime_MLN.SG,5160.0,0.4399020969867706,-0.9749785465339773,-0.8197413705909351,-0.004488061826602262
2H07.SG,France,France_MontAime_MLN.SG,5184.0,0.348485380411148,-0.9970798755422933,-0.8460436136388947,-0.022024467032026776
2H10.SG,France,France_MontAime_MLN.SG,5165.0,0.9982514381408693,-1.0032497778875638,-0.8982243531374392,-0.01614291544011742
2H17.SG,France,France_MontAime_MLN_father.or.son.2H10.SG,5157.0,0.6903374195098877,-0.9916138018275895,-0.7949185903303517,-0.011493101745491433
2HC51961131.SG,France,France_MontAime_MLN.SG,5161.0,0.4616009593009949,-1.0182463205819465,-0.8549456483656878,-0.027336327561442195
GBVPK.SG,France,France_LaClape_LN_EMBA_BellBeakerPossible.SG,4336.0,0.6067389249801636,-1.0256685076692758,-0.8546746658669233,-0.05220350215962442
GBVPL.SG,France,France_LaClape_LN_EMBA_BellBeakerPossible_oNeolithic.SG,4474.0,0.5620394945144653,-0.9559662010293354,-0.8801975362355612,-0.029483435324227057
GBVPO.SG,France,France_LaClape_LN_EMBA_BellBeakerPossible.SG,3598.0,0.7284172773361206,-1.0243962539251288,-0.8555573625109696,0.024612601416609748
MAS15.SG,France,France_MasRouge_LN_Ferrieres.SG,4950.0,0.15523761510849,-1.0312934113489691,-0.7867307775147389,0.0013193065981404553
ROUQCC.SG,France,France_LaClape_LN_EMBA.SG,5346.0,0.3038540482521057,-1.067526581677501,-0.9132329129364918,-0.02113724680395274
ROUQEE.SG,France,France_LaClape_LN_EMBA.SG,5047.0,0.631355881690979,-1.0130388651194493,-0.8605668813146448,-0.022878636976134115
ROUQFF.SG,France,France_LaClape_LN_EMBA.SG,5166.0,0.4689163863658905,-0.9963100302971385,-0.8203741166573619,-0.006776035264174939
ROUQHH.SG,France,France_LaClape_LN_EMBA.SG,5163.0,0.4565142393112182,-0.9891689236223337,-0.8890417850068573,-0.037387723849381695
ROUQV.SG,France,France_LaClape_LN_EMBA.SG,5159.0,0.6138313412666321,-1.001768662190825,-0.837362064876197,-0.0001640234129175894
ROUQW.SG,France,France_LaClape_LN_EMBA.SG,5165.0,0.372541069984436,-1.0100849202717632,-0.904446600653268,0.0034220034187717324
TORTC.SG,France,France_LaClape_LN_EBA_Veraza.SG,4476.0,0.1792300641536712,-1.0245003337923928,-0.8572810650269462,-0.015144602653496955
TORTD.SG,France,France_LaClape_LN_EBA_Veraza.SG,4973.0,0.160136193037033,-1.0528379853545347,-0.8843159421919154,-0.04171872156031239
TORTE.SG,France,France_LaClape_LN_EBA_Veraza.SG,4574.0,0.6071768999099731,-0.9597030921761106,-0.8573071124911796,0.03583259866838294
TORTF.SG,France,France_LaClape_LN_EBA_Veraza_oSteppe.SG,3861.0,0.6571812033653259,-0.9843802354316719,-0.8355303400907775,-0.05629680202431758
MS060.SG,Spain,Spain_Segorbe_Medieval_Islamic.SG,800.0,0.0810551047325134,-1.1704416853307542,-2.397569385009368,0.05724455778173121
ALA001_d.AG,Turkey,Turkey_Hatay_Alalakh_MLBA.AG,3378.0,0.1106127798557281,1.471994133275104,-0.6190464047680656,0.5601285917210158
ALA002.AG,Turkey,Turkey_Hatay_Alalakh_MLBA.AG,3388.0,0.6094915270805359,1.4414270831363416,-0.6011535652547628,0.5505842579336868
ALA004.AG,Turkey,Turkey_Hatay_Alalakh_MLBA.AG,3773.0,0.5902979373931885,1.4665642763353226,-0.6162529355680522,0.5598722510566726
ALA008.AG,Turkey,Turkey_Hatay_Alalakh_MLBA.AG,3752.0,0.6130275726318359,1.4589383802561045,-0.575999526116922,0.544100854485174
ALA009.AG,Turkey,Turkey_Hatay_Alalakh_MLBA_contam.AG,3699.0,0.0930046960711479,1.4533152235637354,-0.5951687120548794,0.5552387518358749
ALA011.AG,Turkey,Turkey_Hatay_Alalakh_MLBA_brother.ALA123.AG,3620.0,0.5920546054840088,1.4679320450039648,-0.6101336817901326,0.5206089640490187
ALA013.AG,Turkey,Turkey_Hatay_Alalakh_MLBA.AG,3734.0,0.7822828888893127,1.4593903949439397,-0.6016109116809105,0.557115715578695
ALA014_d.AG,Turkey,Turkey_Hatay_Alalakh_MLBA.AG,3629.0,0.0713536664843559,1.427786429345324,-0.5724300561132494,0.5530672194557334
ALA016.AG,Turkey,Turkey_Hatay_Alalakh_MLBA.AG,3503.0,0.3078499436378479,1.426219553150922,-0.6104559927672845,0.5486745226208855
ALA017.AG,Turkey,Turkey_Hatay_Alalakh_MLBA.AG,3478.0,0.4597275257110595,1.4260256676853518,-0.6474986281071857,0.5961436438240206
ALA018.AG,Turkey,Turkey_Hatay_Alalakh_MLBA.AG,3382.0,0.5840149521827698,1.4753709631559562,-0.5757352512154936,0.5869920275258129
ALA019.AG,Turkey,Turkey_Hatay_Alalakh_MLBA_o.AG,3514.0,0.6247630715370178,1.4518180457477434,-0.5870629949838837,0.5614260031796926
ALA020.AG,Turkey,Turkey_Hatay_Alalakh_MLBA.AG,3395.0,0.5654879808425903,1.4749070313475994,-0.6231660294435154,0.5614173883731791
ALA023.AG,Turkey,Turkey_Hatay_Alalakh_MLBA.AG,3785.0,0.1234058365225792,1.451043463725799,-0.6068625827362046,0.5665969668327808
ALA024.AG,Turkey,Turkey_Hatay_Alalakh_MLBA.AG,3889.0,0.0599693581461906,1.4718648415169862,-0.5782863118517932,0.5713903591320594
ALA025.AG,Turkey,Turkey_Hatay_Alalakh_MLBA.AG,3711.0,0.5897886157035828,1.4639563115191427,-0.6141930971399193,0.5588072695811648
ALA026.AG,Turkey,Turkey_Hatay_Alalakh_MLBA.AG,3627.0,0.7831223011016846,1.4718900134712274,-0.6012689153920766,0.5469167066026501
ALA028.AG,Turkey,Turkey_Hatay_Alalakh_MLBA.AG,3705.0,0.7205974459648132,1.3951713027762007,-0.6007162668790788,0.559485930956219
ALA029.AG,Turkey,Turkey_Hatay_Alalakh_MLBA.AG,3743.0,0.569708526134491,1.4544501841388655,-0.6107536218937369,0.5692692474629241
ALA030.AG,Turkey,Turkey_Hatay_Alalakh_MLBA.AG,3467.0,0.6250947713851929,1.4704962910356605,-0.5928520256238957,0.546427350580986
ALA034.AG,Turkey,Turkey_Hatay_Alalakh_MLBA.AG,3697.0,0.686322033405304,1.4093363708353392,-0.5934360457339062,0.5511491527492176
ALA035.AG,Turkey,Turkey_Hatay_Alalakh_MLBA.AG,3820.0,0.1954026371240615,1.4394559590714497,-0.6252484315268739,0.5670960605504606
ALA037.AG,Turkey,Turkey_Hatay_Alalakh_MLBA.AG,3754.0,0.1959371119737625,1.4260664599623523,-0.5879805901690957,0.573405519483749
ALA038.AG,Turkey,Turkey_Hatay_Alalakh_MLBA_daughter.ALA001.AG,3473.0,0.0520302690565586,1.458389478820339,-0.6047710373457629,0.5535807152972428
ALA039.AG,Turkey,Turkey_Hatay_Alalakh_MLBA.AG,3337.0,0.641807496547699,1.4137924774727313,-0.6309707542533595,0.5778202920133552
ALA084.AG,Turkey,Turkey_Hatay_Alalakh_MLBA.AG,3844.0,0.1010508388280868,1.486102209033712,-0.6080994440692389,0.5718019897284536
ALA095.AG,Turkey,Turkey_Hatay_Alalakh_MLBA.AG,3780.0,0.4913216531276703,1.4721551816860798,-0.651983050613323,0.5647344071409198
ART001.AG,Turkey,Turkey_East_Arslantepe_EBA.AG,4342.0,0.6778663396835327,1.4412101438564655,-0.6130664159138717,0.5351235248156399
ART004.AG,Turkey,Turkey_East_Arslantepe_Chalcolithic.AG,5632.0,0.0865343660116195,1.450780969025001,-0.5950043996471415,0.5516464209582992
ART005.AG,Turkey,Turkey_East_Arslantepe_Chalcolithic.AG,5650.0,0.4089778363704681,1.4506103733809523,-0.602999670703945,0.588627170085764
ART009.AG,Turkey,Turkey_East_Arslantepe_EBA.AG,4553.0,0.848832905292511,1.4502684981130698,-0.6562040437089608,0.6008516957632517
ART010.AG,Turkey,Turkey_East_Arslantepe_EBA.AG,4625.0,0.6675752997398376,1.4579400431027814,-0.6071306110833806,0.537282631371416
ART011.AG,Turkey,Turkey_East_Arslantepe_EBA.AG,4640.0,0.5540014505386353,1.4267598463770303,-0.6453135235685693,0.5428814933701028
ART012.AG,Turkey,Turkey_East_Arslantepe_Chalcolithic.AG,5159.0,0.7533367276191711,1.4639773389489081,-0.6319541451705781,0.5368132990775886
ART014.AG,Turkey,Turkey_East_Arslantepe_Chalcolithic.AG,5255.0,0.6578916907310486,1.4255358739407622,-0.6067408401015787,0.5259414275980561
ART015.AG,Turkey,Turkey_East_Arslantepe_Chalcolithic.AG,5212.0,0.8720411062240601,1.438331805790328,-0.6340749027646382,0.5485607247859614
ART017.AG,Turkey,Turkey_East_Arslantepe_Chalcolithic.AG,5166.0,0.633406937122345,1.4503690175593047,-0.6151520983304043,0.5703289933948336
ART018.AG,Turkey,Turkey_East_Arslantepe_Chalcolithic.AG,5260.0,0.7312242388725281,1.4348181387264,-0.6074015382330651,0.5151392218004192
ART019.AG,Turkey,Turkey_East_Arslantepe_Chalcolithic.AG,5393.0,0.393903374671936,1.469935551271595,-0.6298189625200561,0.5323473349079054
ART020_d.AG,Turkey,Turkey_East_Arslantepe_Chalcolithic.AG,5177.0,0.24850994348526,1.4766914962808597,-0.6050692021225814,0.5435820598707216
ART022.AG,Turkey,Turkey_East_Arslantepe_Chalcolithic.AG,5413.0,0.6976187825202942,1.4477192042763436,-0.6922824954317497,0.5257051804331163
ART023.AG,Turkey,Turkey_East_Arslantepe_Chalcolithic.AG,5227.0,0.3098840117454529,1.4386829255600335,-0.5911599005969548,0.5414448743846123
ART024.AG,Turkey,Turkey_East_Arslantepe_Chalcolithic_brother.ART014.AG,5384.0,0.6198312640190125,1.4461918254021289,-0.6212232982665022,0.5570088756560005
ART026.AG,Turkey,Turkey_East_Arslantepe_Chalcolithic.AG,5163.0,0.7073404788970947,1.4022307780728387,-0.6169857766378664,0.5247512753392646
ART027_d.AG,Turkey,Turkey_East_Arslantepe_Chalcolithic.AG,5190.0,0.1280359625816345,1.4467392654706859,-0.6196639343203681,0.5692225825829779
ART032.AG,Turkey,Turkey_East_Arslantepe_Chalcolithic.AG,5254.0,0.7572669386863708,1.4754217048775062,-0.5974805529852754,0.5591869449293841
ART038.AG,Turkey,Turkey_East_Arslantepe_Chalcolithic.AG,5175.0,0.2783417403697967,1.4731250411450705,-0.6184452875436894,0.5879774071169057
ART039.AG,Turkey,Turkey_East_Arslantepe_Chalcolithic.AG,5638.0,0.0843113586306572,1.472834387412225,-0.5905074813010647,0.5576635800180655
ART042.AG,Turkey,Turkey_East_Arslantepe_Chalcolithic.AG,5767.0,0.8131147027015686,1.4466455791099153,-0.6194364095899065,0.5636899505502286
CBT001.AG,Turkey,Turkey_Central_CamlibelTarlasi_Chalcolithic.AG,5446.0,0.5247308611869812,1.4528143082109537,-0.6053052870202156,0.5471027261913904
CBT002.AG,Turkey,Turkey_Central_CamlibelTarlasi_Chalcolithic_1d.rel.CBT016.CBT017.AG,5529.0,0.2564936578273773,1.4543206361544065,-0.6385954792935525,0.5786188361703557
CBT003.AG,Turkey,Turkey_Central_CamlibelTarlasi_Chalcolithic.AG,5450.0,0.0555833540856838,1.4516048473039906,-0.6115004589592931,0.5709036538262677
CBT004.AG,Turkey,Turkey_Central_CamlibelTarlasi_Chalcolithic.AG,5526.0,0.5305013060569763,1.4569204003068421,-0.6064992661671441,0.5232523933383949
CBT005.AG,Turkey,Turkey_Central_CamlibelTarlasi_Chalcolithic.AG,5415.0,0.4426628053188324,1.4617039482213452,-0.5854632239824502,0.534508830609708
CBT010.AG,Turkey,Turkey_Central_CamlibelTarlasi_Chalcolithic.AG,5480.0,0.4569505751132965,1.4716784909305953,-0.5875881141599577,0.5556125920135488
CBT011.AG,Turkey,Turkey_Central_CamlibelTarlasi_Chalcolithic.AG,5480.0,0.5763945579528809,1.4650727701812587,-0.5983132770858646,0.5152182475104685
CBT013.AG,Turkey,Turkey_Central_CamlibelTarlasi_Chalcolithic_1d.rel.CBT004.AG,5526.0,0.4569748938083648,1.482328577104361,-0.577579670505964,0.5894743467642117
CBT014.AG,Turkey,Turkey_Central_CamlibelTarlasi_Chalcolithic.AG,5518.0,0.6107543110847473,1.4597299941092328,-0.5970720349075044,0.573863752253449
CBT015.AG,Turkey,Turkey_Central_CamlibelTarlasi_Chalcolithic.AG,5525.0,0.5482066869735718,1.450482827453961,-0.5723548176779527,0.5709327800005521
CBT016.AG,Turkey,Turkey_Central_CamlibelTarlasi_Chalcolithic.AG,5538.0,0.6142684817314148,1.4588513240115533,-0.6001849413117093,0.5544568338681103
CBT017.AG,Turkey,Turkey_Central_CamlibelTarlasi_Chalcolithic_1d.rel.CBT016.CBT002.AG,5480.0,0.5893425345420837,1.4346204274781162,-0.5838964736013733,0.525893174684488
CBT018.AG,Turkey,Turkey_Central_Buyukkaya_Chalcolithic.AG,7516.0,0.5207138657569885,1.457980206838345,-0.6167996269071838,0.5227212599127202
ETM001.AG,Syria,Syria_Ebla_EMBA.AG,3800.0,0.096307173371315,0.8491003848384018,-1.0785890734852526,0.1626603870016605
ETM004.AG,Syria,Syria_Ebla_EMBA.AG,3850.0,0.0601899586617946,0.8418780738887447,-1.0663958127905109,0.14725618771110238
ETM005.AG,Syria,Syria_Ebla_EMBA.AG,3850.0,0.1416416466236114,0.854699886475513,-1.08919942242414,0.15194470047999128
ETM006.AG,Syria,Syria_Ebla_EMBA.AG,3850.0,0.2362919151782989,0.8468367921783311,-1.0629238582858107,0.1528071505610373
ETM012.AG,Syria,Syria_Ebla_EMBA.AG,4470.0,0.6178985834121704,0.8483688603811491,-1.075166308472044,0.16843688344911742
ETM014.AG,Syria,Syria_Ebla_EMBA.AG,3850.0,0.5330673456192017,0.8451485147313439,-1.092924771754005,0.16135764628536792
ETM016.AG,Syria,Syria_Ebla_EMBA.AG,3914.0,0.3552914559841156,0.8385661025506348,-1.075416848834758,0.15344633680693773
ETM018.AG,Syria,Syria_Ebla_EMBA.AG,4004.0,0.0632134452462196,0.829345538063132,-1.0652149240709068,0.13573730835319878
ETM023.AG,Syria,Syria_Ebla_EMBA.AG,4275.0,0.5963311195373535,0.8369525562554223,-1.076547264506781,0.14856835834342627
ETM026.AG,Syria,Syria_Ebla_EMBA.AG,3850.0,0.2747967839241028,0.8502237096736749,-1.0667842513344368,0.1600094066301448
IKI002.AG,Turkey,Turkey_BlackSea_Ikiztepe_Chalcolithic.AG,5165.0,0.0646603107452392,1.4299983516829287,-0.5943880165562566,0.5595145444800169
IKI009.AG,Turkey,Turkey_BlackSea_Ikiztepe_Chalcolithic.AG,5206.0,0.0710308849811554,1.492241397083467,-0.6065256841325091,0.5188201002816893
IKI012.AG,Turkey,Turkey_BlackSea_Ikiztepe_Chalcolithic.AG,5218.0,0.1032762825489044,1.4545603521486885,-0.5651469646033283,0.5455572095575026
IKI016.AG,Turkey,Turkey_BlackSea_Ikiztepe_Chalcolithic.AG,5396.0,0.1661117970943451,1.4608237093283234,-0.6162849363840001,0.5595049892094672
IKI017.AG,Turkey,Turkey_BlackSea_Ikiztepe_Chalcolithic.AG,5284.0,0.0517829097807407,1.450666311324341,-0.5748079423962608,0.5614249989169203
IKI024.AG,Turkey,Turkey_BlackSea_Ikiztepe_Chalcolithic.AG,5821.0,0.0961733609437942,1.4410160289520686,-0.6113948486784094,0.5555962663925025
IKI034.AG,Turkey,Turkey_BlackSea_Ikiztepe_Chalcolithic.AG,5392.0,0.1225064098834991,1.4570699024019336,-0.589434123082893,0.5301817295580228
IKI036.AG,Turkey,Turkey_BlackSea_Ikiztepe_Chalcolithic.AG,5405.0,0.0587066002190113,1.4523638903204663,-0.5875533726627671,0.5377216058061428
IKI037.AG,Turkey,Turkey_BlackSea_Ikiztepe_Chalcolithic.AG,5496.0,0.0888774096965789,1.470487038701499,-0.5976258980264789,0.5487958386988266
KRD001.AG,Turkey,Turkey_Hatay_TellKurdu_Chalcolithic.AG,7629.0,0.2060781121253967,1.4821204690872778,-0.5813026623743812,0.5775406937199308
KRD002.AG,Turkey,Turkey_Hatay_TellKurdu_Chalcolithic.AG,6889.0,0.1518086194992065,1.4438732748745124,-0.6186217511473815,0.5428127015650559
KRD003.AG,Turkey,Turkey_Hatay_TellKurdu_Chalcolithic.AG,7602.0,0.3581373393535614,1.455942651875427,-0.6174515969009609,0.5566370767875425
KRD004.AG,Turkey,Turkey_Hatay_TellKurdu_Chalcolithic.AG,7620.0,0.0605411306023597,1.463002404040289,-0.6196307288280009,0.5520989049421647
KRD006.AG,Turkey,Turkey_Hatay_TellKurdu_Chalcolithic.AG,7550.0,0.2204088717699051,1.4253843405419662,-0.6068209867270202,0.5375004630337666
TIT021.AG,Turkey,Turkey_Southeast_Titris_Hoyuk_EBA.AG,4182.0,0.0875805839896202,1.4660301522547334,-0.584173272233585,0.5610992605215892
AID001.AG,Greece,Greece_Aidonia_LBA.AG,3250.0,0.633144199848175,1.916651980583595,-0.4881643134958428,-0.009620644160204344
AID007.AG,Greece,Greece_Aidonia_LBA.AG,3250.0,0.6463070511817932,1.9267541614714925,-0.4649792262737445,-0.017907996025033894
AID009.AG,Greece,Greece_Aidonia_LBA.AG,3250.0,0.0795530974864959,1.9379939466490559,-0.47842324287478505,-0.027285591840131095
AID014.AG,Greece,Greece_Aidonia_LBA.rel.of.AID012andAID017.AG,3200.0,0.0873786434531211,1.9298138863574743,-0.48413675476840184,-0.0017003504204930583
AID017.AG,Greece,Greece_Aidonia_LBA.AG,3425.0,0.1408525258302688,1.9544142376111024,-0.49736716063242414,0.013450539458618816
APO004.AG,Greece,Greece_Crete_Aposelemis_N.AG,7935.0,0.2446543574333191,1.915140304348127,-0.4910231758299574,-0.018712008424786635
APO022.AG,Greece,Greece_Crete_Aposelemis_LBA.AG,3504.0,0.1281754523515701,1.935976339399104,-0.4859283175674603,-0.013777348760662559
APO023.AG,Greece,Greece_Crete_Aposelemis_LBA.AG,3504.0,0.1857855468988418,1.9146325490332223,-0.47782365812991107,-0.005979884269715085
APO025.AG,Greece,Greece_Crete_Aposelemis_LBA.AG,3526.0,0.2094730585813522,1.9338509699855633,-0.49199645162544264,-0.02117122420098068
APO028.AG,Greece,Greece_Crete_Aposelemis_N.AG,7956.0,0.0502281822264194,1.9098935743032983,-0.4781017752785652,0.003014684031803332
APO029.AG,Greece,Greece_Crete_Aposelemis_N.AG,7935.0,0.1657168269157409,1.9022731254956173,-0.4824606326724057,0.011690676107139768
APO043.AG,Greece,Greece_Crete_Aposelemis_N.AG,7851.0,0.129563108086586,1.8959588521222852,-0.47212774627938486,0.0037512377630351517
APO044.AG,Greece,Greece_Crete_Aposelemis_N.AG,7946.0,0.1109307035803794,1.920098682872576,-0.4884792843182838,-0.01531471823312424
GLI002.AG,Greece,Greece_GlykaNera_LBA.AG,3312.0,0.0504033602774143,1.9524418580758724,-0.47929800670429423,-0.05619128108003873
GLI003.AG,Greece,Greece_GlykaNera_LBA.AG,3318.0,0.7906867265701294,1.9217881390559846,-0.48553885544339676,0.014204968897017297
HGC001.AG,Greece,Greece_Crete_HgCharalambos_EMBA.AG,4074.0,0.8433544635772705,1.9006378827325305,-0.48532216450949006,-0.005824326305914706
HGC002.AG,Greece,Greece_Crete_HgCharalambos_EMBA.rel.of.HGC026andI0074.AG,4150.0,0.1429206281900406,1.9536291986090728,-0.4985733078362368,-0.008608701280967548
HGC003.AG,Greece,Greece_Crete_HgCharalambos_EMBA.AG,3971.0,0.4251585304737091,1.8941117469138287,-0.48735053546812,-0.018086423701326088
HGC005.AG,Greece,Greece_Crete_HgCharalambos_EMBA.AG,4118.0,0.3153892159461975,1.9431938983140127,-0.4772576478152855,-0.020998050644962962
HGC006-035.AG,Greece,Greece_Crete_HgCharalambos_EMBA.AG,4129.0,0.8514305949211121,1.9177769802840186,-0.479274209356528,-0.018750132747378016
HGC008.AG,Greece,Greece_Crete_HgCharalambos_EMBA.AG,4177.0,0.6157599091529846,1.9253891402324415,-0.47465964651474396,-0.005736741950043665
HGC009.AG,Greece,Greece_Crete_HgCharalambos_EMBA.AG,3933.0,0.6386761665344238,1.918401871859909,-0.5009288646938292,0.001692444231828234
HGC010.AG,Greece,Greece_Crete_HgCharalambos_EMBA.AG,4050.0,0.0986526533961296,1.9085902262140657,-0.48149539311449346,-0.01207330238335231
HGC011.AG,Greece,Greece_Crete_HgCharalambos_EMBA.AG,4050.0,0.7305121421813965,1.915908655964045,-0.4768837215988561,-0.0014180945433205998
HGC013.AG,Greece,Greece_Crete_HgCharalambos_EMBA.rel.of.HGC024.AG,4050.0,0.5121438503265381,1.9271960191036634,-0.4765919630372192,-0.015401149041093737
HGC015.AG,Greece,Greece_Crete_HgCharalambos_EMBA.AG,4050.0,0.2618869245052337,1.987510727194443,-0.4815412399422533,-0.0051497554988723295
HGC017-023-029.AG,Greece,Greece_Crete_HgCharalambos_EMBA.AG,4050.0,0.7457852959632874,1.9371857589237833,-0.489351762694848,-0.01073476884310791
HGC018.AG,Greece,Greece_Crete_HgCharalambos_EMBA.AG,4050.0,0.5315134525299072,1.9221045492141011,-0.4830471789291653,-0.021650050340265535
HGC020.AG,Greece,Greece_Crete_HgCharalambos_EMBA.AG,4050.0,0.2545236647129059,1.9059261041721527,-0.4801865226877262,-0.004168172677560895
HGC024.AG,Greece,Greece_Crete_HgCharalambos_EMBA.AG,4050.0,0.5227649807929993,1.923584845833315,-0.49646206179560415,-0.021535450519507154
HGC025.AG,Greece,Greece_Crete_HgCharalambos_EMBA.AG,4050.0,0.468613862991333,1.9274377435218721,-0.4984652066671225,-0.025757839387469256
HGC027.AG,Greece,Greece_Crete_HgCharalambos_EMBA.AG,4050.0,0.3269625008106231,1.9077019890547608,-0.4924807903239558,-0.010299776474714367
HGC031.AG,Greece,Greece_Crete_HgCharalambos_EMBA.AG,4050.0,0.3978481888771057,1.953881665186558,-0.5063055020364341,-0.03230221743341627
HGC032.AG,Greece,Greece_Crete_HgCharalambos_EMBA.AG,4050.0,0.2378515005111694,1.9259277748686028,-0.45666863946290737,0.011124798734563589
HGC033.AG,Greece,Greece_Crete_HgCharalambos_EMBA.rel.of.HGC033.AG,4050.0,0.6183211207389832,1.9137635983939507,-0.48459664338174474,-0.006735216646322242
HGC036.AG,Greece,Greece_Crete_HgCharalambos_EMBA.AG,4050.0,0.1795163601636886,1.9673224123221151,-0.4690104120047822,0.010238317772801202
HGC037.AG,Greece,Greece_Crete_HgCharalambos_EMBA.AG,4050.0,0.1129314973950386,1.9355097982045846,-0.4772035606103232,-0.0039049329259576173
HGC040.AG,Greece,Greece_Crete_HgCharalambos_EMBA.AG,4106.0,0.2324971407651901,1.9550779525673625,-0.5045247864066841,-0.01287825840944754
HGC041-052.AG,Greece,Greece_Crete_HgCharalambos_EMBA.AG,4050.0,0.0810259133577346,1.9322918344337827,-0.4764886597075743,-0.02441309382581286
HGC053-057.AG,Greece,Greece_Crete_HgCharalambos_EMBA.AG,4050.0,0.0722101032733917,1.9192415207232119,-0.4935831907791152,-0.00626532680461391
HGC055-065.AG,Greece,Greece_Crete_HgCharalambos_EMBA.AG,4050.0,0.3172837495803833,1.9266859144597963,-0.4807250641316304,-0.037995379583433915
HGC063.AG,Greece,Greece_Crete_HgCharalambos_EMBA.rel.of.HGC024.AG,4050.0,0.1323757320642471,1.9545328974128735,-0.5052931898131388,-0.032906819038521586
KUK001.AG,Greece,Greece_Koukounaries_LBA.AG,3113.0,0.5108981132507324,1.9523759648023282,-0.5024263437577787,0.0006641068702388587
KUK002.AG,Greece,Greece_Koukounaries_LBA.AG,3113.0,0.2974461615085602,1.9442154079236067,-0.5102851274705511,-0.019232442571436584
KUK005.AG,Greece,Greece_Koukounaries_LBA.AG,3113.0,0.8830726146697998,1.913421555190497,-0.47719585711184165,-0.0040060567229922295
KUK006.AG,Greece,Greece_Koukounaries_LBA.AG,3113.0,0.8409457206726074,1.9263933130786615,-0.5008799635102661,-0.0021472464872133255
LAZ017.AG,Greece,Greece_Lazarides_EBA.AG,4716.0,0.3546369671821594,1.9238025188678822,-0.49259101448801,0.01702973080532274
LAZ018.AG,Greece,Greece_Lazarides_LBA.AG,3307.0,0.4344933927059173,1.920947055683179,-0.4806901108022873,-0.016938523470566205
LAZ019.AG,Greece,Greece_Lazarides_LBA.AG,3261.0,0.1887725442647934,1.9276758044397624,-0.4546856841282786,-0.018433970709736146
LAZ020.AG,Greece,Greece_Lazarides_LBA.AG,3274.0,0.8198040127754211,1.9246013676020084,-0.47312048070429186,-0.026174472663922033
LAZ021.AG,Greece,Greece_Lazarides_LBA.AG,3523.0,0.1470503509044647,1.9383836249120645,-0.4544956041216296,-0.020897366084892722
MYG001.AG,Greece,Greece_Mygdalia_LBA.rel.AG,3478.0,0.5040498375892639,1.952608950668648,-0.49350874408872536,-0.025836273658706145
MYG002.AG,Greece,Greece_Mygdalia_LBA.rel.AG,3526.0,0.3569889366626739,1.905906140754107,-0.48063263572582976,-0.022485036423380962
MYG003.AG,Greece,Greece_Mygdalia_LBA.AG,3441.0,0.7689140439033508,1.9042463638645286,-0.4863988325668602,0.013483535381681231
MYG004.AG,Greece,Greece_Mygdalia_LBA.AG,3462.0,0.7913947105407715,1.9090926926626663,-0.4845180830789099,-0.008880641570889546
MYG005.AG,Greece,Greece_Mygdalia_LBA.rel.AG,3416.0,0.6023683547973633,1.931182298225621,-0.4941947073970484,-0.012939862466636405
MYG006.AG,Greece,Greece_Mygdalia_LBA.rel.AG,3478.0,0.7577033042907715,1.9076986413706882,-0.4904392742572378,0.0019088190040784932
MYG008.AG,Greece,Greece_Mygdalia_LBA.rel.AG,3473.0,0.7147516012191772,1.928299178633452,-0.4725315626083508,-0.003018640034025137
NST004.AG,Greece,Greece_NeaStyra_EBA.AG,4454.0,0.1206434965133667,1.9512242370255426,-0.4875621588791839,0.007874756996172492
NST005.AG,Greece,Greece_NeaStyra_EBA.AG,4324.0,0.2814414799213409,1.8857892740526916,-0.4796681273572592,0.004989982605912745
NST010.AG,Greece,Greece_NeaStyra_EBA.AG,4581.0,0.1330594271421432,1.9171422027428295,-0.4843715512758509,0.018549595310964166
NST012.AG,Greece,Greece_NeaStyra_EBA.AG,4367.0,0.1545620411634445,1.9224095694460301,-0.48818393210876604,-0.027222459249514833
TIR001.AG,Greece,Greece_Tiryns_LBA.AG,3271.0,0.1026234105229377,1.9129376105044242,-0.4863798274571854,-0.00043316098729725505
TIR002.AG,Greece,Greece_Tiryns_LBA.AG,3261.0,0.6197817921638489,1.918827126221764,-0.46761425494660863,0.02649481040555798
TIR008.AG,Greece,Greece_Tiryns_IA.AG,2851.0,0.3260890245437622,1.8933768323120441,-0.48216771216288706,-0.015133369531526273
TIR010.AG,Greece,Greece_Tiryns_LBA.AG,3325.0,0.4072398245334625,1.8900967355330636,-0.4545398067479063,-0.0073272137477302145
XAN013.AG,Greece,Greece_Crete_Chania_LBA.AG,3225.0,0.3251960873603821,1.9184623051927743,-0.48959629450139674,0.0005359064437530632
XAN014.AG,Greece,Greece_Crete_Chania_LBA.AG,3225.0,0.2885054647922516,1.9052107931995768,-0.4761404903162523,0.003216745569289987
XAN015.AG,Greece,Greece_Crete_Chania_LBA.AG,3225.0,0.2275628894567489,1.9245246655926274,-0.5335735696740287,-0.029285313430770163
XAN016.AG,Greece,Greece_Crete_Chania_LBA.rel.of.XAN017.AG,3200.0,0.1575903892517089,1.9294754539298629,-0.47515520947363604,-0.014088552072383787
XAN017.AG,Greece,Greece_Crete_Chania_LBA.AG,3200.0,0.3263826072216034,1.9155923171997964,-0.46779397670524603,-0.029953574539884304
XAN018.AG,Greece,Greece_Crete_Chania_LBA.AG,3200.0,0.1415548771619796,1.9338777604701776,-0.48251813462362886,0.04066370102982549
XAN021.AG,Greece,Greece_Crete_Chania_LBA.AG,3175.0,0.4184497594833374,1.9034067390523637,-0.45377374500635037,0.010319943402090054
XAN022.AG,Greece,Greece_Crete_Chania_LBA.AG,3175.0,0.2136270999908447,1.9416392288038318,-0.48152919069216565,0.030943216285051096
XAN023.AG,Greece,Greece_Crete_Chania_LBA.AG,3175.0,0.3882124423980713,1.9199431703515968,-0.4725108369758268,0.0166954199593697
XAN025.AG,Greece,Greece_Crete_Chania_LBA.AG,3175.0,0.5161178112030029,1.9194425722888504,-0.4743035285968772,0.025963695696398458
XAN026.AG,Greece,Greece_Crete_Chania_LBA.AG,3175.0,0.1590810418128967,1.931095209594572,-0.4686350956111547,-0.01825750639020524
XAN027.AG,Greece,Greece_Crete_Chania_LBA.AG,3175.0,0.2311013787984848,1.9049141619365622,-0.4679757223111485,-0.007992134264437522
XAN028.AG,Greece,Greece_Crete_Chania_LBA.AG,3225.0,0.1952444911003112,1.9218641528245295,-0.47177523563416623,0.0045730102166873
XAN029.AG,Greece,Greece_Crete_Chania_LBA.AG,3225.0,0.4385866224765777,1.9125469978436025,-0.47583693524897747,-0.01775644940189795
XAN030.AG,Greece,Greece_Crete_Chania_LBA.AG,3225.0,0.3906860649585724,1.9276331519415464,-0.49305236385530676,0.015939128926547346
XAN031.AG,Greece,Greece_Crete_Chania_LBA.AG,3225.0,0.3312819898128509,1.9236833990836963,-0.49093816151516306,-0.018508182231862038
XAN034.AG,Greece,Greece_Crete_Chania_LBA.AG,3225.0,0.4667241871356964,1.8955875437056116,-0.4819492109408357,-0.006271177708195633
XAN035.AG,Greece,Greece_Crete_Chania_LBA.AG,3525.0,0.1413391381502151,1.9347188879764114,-0.4719215843012849,-0.020060875079661207
XAN036.AG,Greece,Greece_Crete_Chania_LBA.AG,3225.0,0.42509526014328,1.9251354869220931,-0.5033237174284105,-0.004003815114109963
XAN040.AG,Greece,Greece_Crete_Chania_LBA.AG,3250.0,0.0750543624162674,1.905382428550314,-0.5028538942413041,0.0007869368773131947
XAN053.AG,Greece,Greece_Crete_Chania_LBA.AG,3250.0,0.4159120917320251,1.9427064912072056,-0.4816502314526765,-0.01335160429299149
syr005.SG,Syria,Syria_TellQarassa_Umayyad.SG,1233.0,0.1561208218336105,0.8435857754492441,-1.0617821821778612,0.16846094106863724
syr013.SG,Syria,Syria_TellQarassa_Umayyad.SG,1235.0,0.9661471247673036,0.8401271687639149,-1.0503677825131623,0.15926290047793065
NIEcap9.AG,Germany,Germany_EarlyMedieval_Alemanic_brother.NIEcap12b_father.NIEcap1_father.NIEcap3a.AG,1345.0,0.171075239777565,-0.3405834596662929,-0.15555739710121336,0.09944751001864302
NIEcap1.AG,Germany,Germany_EarlyMedieval_Alemanic.AG,1345.0,0.4709488153457641,-0.3544646453581948,-0.23348349233755267,0.10198783047495392
NIEcap3a.AG,Germany,Germany_EarlyMedieval_Alemanic_son.NIEcap9_brother.NIEcap1_3d.or.3dplus.NIEcap3c.AG,1345.0,0.4005270004272461,-0.3742600923543275,-0.21249358884964617,0.07188643938811387
NIEcap3c.AG,Germany,Germany_EarlyMedieval_Alemanic_SEurope.AG,1345.0,0.2087025791406631,-0.390057494887552,-0.2875888770854116,0.09249784180601106
NIEcap6.AG,Germany,Germany_EarlyMedieval_Alemanic_son.NIEcap1.AG,1345.0,0.2791714370250702,-0.3381821788782546,-0.21573684687608463,0.10128950798653966
NIEcap3b.AG,Germany,Germany_EarlyMedieval_Alemanic_SEurope.AG,1345.0,0.565767765045166,-0.31010444423644695,-0.22171652570276118,0.14814812182355944
NIEcap12b.AG,Germany,Germany_EarlyMedieval_Alemanic_brother.NIEcap9.AG,1345.0,0.1138495728373527,-0.3910125138569624,-0.20130148002823703,0.11918209368694704
NIEcap12c.AG,Germany,Germany_EarlyMedieval_Alemanic.AG,1345.0,0.2525650560855865,-0.34524658533000785,-0.22410040077689863,0.1345497040473601
atp005.SG,Spain,Spain_EN.SG,7069.0,0.0799204856157302,-1.126629007270347,-2.3939214725689784,0.07177372621383292
atp016.SG,Spain,Spain_C.SG,4971.0,0.9739710688591005,-1.141560787659373,-2.366959193168989,0.06443713031896174
c40331.SG,Spain,Spain_LN.SG,5630.0,0.24709552526474,-1.1080267414856588,-2.336127090535722,0.09355175623426229
esp005.SG,Spain,Spain_BA.SG,3400.0,0.8493543863296509,-1.159817222928446,-2.314999260779632,0.05960482213571992
mur.SG,Spain,Spain_EN.SG,7127.0,0.912903606891632,-1.1322010316336633,-2.3569812437800994,0.08568712466463592
pir001.SG,Spain,Spain_BA.SG,3725.0,0.1801481395959854,-1.1280803389468124,-2.307027248345521,0.06479725520599576
por002.SG,Spain,Spain_C.SG,5111.0,0.5181697010993958,-1.1137041125864826,-2.384188897303806,0.0986835996691171
por004.SG,Spain,Spain_C.SG,4955.0,0.099328227341175,-1.1421803709645901,-2.3518197443189055,0.08608814069478818
san216.SG,Spain,Spain_LN.SG,5657.0,0.1797604709863662,-1.1743235327760069,-2.3327106323341544,0.05733034473566732
AED106.SG,Germany,Germany_EarlyMedieval.SG,1455.0,0.1406416594982147,-0.38754992410713734,-0.1696913461528209,0.051611733468146015
AED1108.SG,Germany,Germany_EarlyMedieval_o2.SG,1469.0,0.1424786299467086,-0.3093552938391459,-0.22813270650937528,0.11557620606029777
AED1119.SG,Germany,Germany_EarlyMedieval.SG,1430.0,0.0813495069742202,-0.35163786021325016,-0.20706572987956262,0.12504399726253126
AED1135b.SG,Germany,Germany_EarlyMedieval_o3.SG,1445.0,0.1321770399808883,-0.2911498265047517,-0.1520278272253369,0.15119471621208383
AED204.SG,Germany,Germany_EarlyMedieval.SG,1455.0,0.1212347298860549,-0.3466354451550704,-0.19603532811535399,0.1412159317107882
AED249.SG,Germany,Germany_EarlyMedieval_o3.SG,1455.0,0.1452993601560592,-0.41064484171382215,-0.1019738517909845,0.1024532791334386
AED432b.SG,Germany,Germany_EarlyMedieval.SG,1445.0,0.0952998846769332,-0.41467674909430485,-0.1894343268920549,0.14992806613153098
AED513.SG,Germany,Germany_EarlyMedieval_o3.SG,1525.0,0.1262955069541931,-0.34090589612869016,-0.18777221112049902,0.09001681607610028
AED92b.SG,Germany,Germany_EarlyMedieval.SG,1455.0,0.0929819867014885,-0.44976428000605584,-0.21392472277108707,0.1542204930622681
AEHIb.SG,Germany,Germany_EarlyMedieval_o1.SG,1503.0,0.1000776141881942,-0.36595906929627536,-0.1768451984849634,0.12106411702057913
Alh10.SG,Germany,Germany_EarlyMedieval.SG,1477.0,0.9468310475349426,-0.33053562216880067,-0.07972667525287974,0.13571873341345553
Alh1.SG,Germany,Germany_EarlyMedieval.SG,1500.0,0.9619736075401306,-0.37940310427944335,-0.16735943411407003,0.11315607043714807
Alh2.SG,Germany,Germany_EarlyMedieval.SG,1529.0,0.064231276512146,-0.411886603287408,-0.19113986827417243,0.12912657175335723
Alh3a.SG,Germany,Germany_EarlyMedieval.SG,1491.0,0.3427117168903351,-0.3418796835937356,-0.1724594375727537,0.14948628136871514
BIM33.SG,Germany,Germany_EarlyMedieval.SG,1475.0,0.1362143009901046,-0.37392670686498236,-0.20816343990946465,0.1448994739975491
BIM37b.SG,Germany,Germany_EarlyMedieval.SG,1350.0,0.1079137027263641,-0.37219536991014474,-0.21614659601507152,0.11299355818045072
Ker1.SG,Ukraine,Crimea_Pantikapaion.SG,1604.0,0.3885230720043182,-0.06016373754177231,1.4020970263571777,0.7826310601674568
NW255a.SG,Germany,Germany_EarlyMedieval_oSteppe.SG,1467.0,0.1545222997665405,-0.37119752991561544,-0.18902252998623703,0.19132648300222893
NW54.SG,Germany,Germany_EarlyMedieval_o1.SG,1482.0,0.1777523905038833,-0.36010620889407235,-0.21012279731679712,0.08341333282375585
STR220c.SG,Germany,Germany_EarlyMedieval.SG,1445.0,0.3976227343082428,-0.42206358611249994,-0.22965469063356586,0.15098933191883124
STR228.SG,Germany,Germany_EarlyMedieval_o3.SG,1471.0,0.1971325576305389,-0.3705492776711286,-0.15824838274406333,0.16065949067344512
STR241.SG,Germany,Germany_EarlyMedieval.SG,1455.0,0.0762806236743927,-0.34973118192086056,-0.19751891199424942,0.1151365005120481
STR248b.SG,Germany,Germany_EarlyMedieval_o3.SG,1405.0,0.1061886623501777,-0.3639930435379148,-0.18085842539579317,0.12236494220794722
STR266b.SG,Germany,Germany_EarlyMedieval.SG,1430.0,0.0503944419324398,-0.41596374061841973,-0.20579568944942794,0.09238014287334508
STR300b.SG,Germany,Germany_EarlyMedieval_o1.SG,1430.0,0.32862588763237,-0.3570537031236886,-0.22032117901258272,0.14050080751901767
STR310.SG,Germany,Germany_EarlyMedieval_o1.SG,1430.0,0.5236230492591858,-0.38744710309275804,-0.15675685339505085,0.18466455331149492
STR316b.SG,Germany,Germany_EarlyMedieval.SG,1455.0,0.1624954491853714,-0.36390847487534494,-0.1890464437147093,0.1117642109995467
STR328c.SG,Germany,Germany_EarlyMedieval_o2.SG,1497.0,0.2188225090503692,-0.32439541198886845,-0.21964971388249033,0.11509328316625607
STR355c.SG,Germany,Germany_EarlyMedieval.SG,1430.0,0.4652375876903534,-0.46142221509035275,-0.17221595943621554,0.18820138692864286
STR360c.SG,Germany,Germany_EarlyMedieval_o4.SG,1430.0,0.0559604801237583,-0.3759677876133294,-0.1418982356888785,0.11083214161536746
STR393b.SG,Germany,Germany_EarlyMedieval.SG,1455.0,0.0846901014447212,-0.3713682163654513,-0.16664486910473902,0.10478734143193663
STR480.SG,Germany,Germany_EarlyMedieval.SG,1430.0,0.157823160290718,-0.3547070459303722,-0.20520789317996524,0.13333924517420262
STR486.SG,Germany,Germany_EarlyMedieval.SG,1455.0,0.2821551859378814,-0.3943311234243826,-0.2123664900403829,0.10881827724333569
STR502b.SG,Germany,Germany_EarlyMedieval_o1.SG,1364.0,0.0614478513598442,-0.307730580957218,-0.271220495984755,0.1412993657071248
STR535.SG,Germany,Germany_EarlyMedieval_o1.SG,1483.0,0.1310205161571502,-0.3775251796704471,-0.18825972810155076,0.10858437785128025
Vim2b.SG,Serbia,Serbia_Medieval_Gepidian.SG,1400.0,0.3789822161197662,0.4148273689680933,0.11321278708537323,0.8246860235518662
ALM001_merged.AG,Spain,Spain_Almoloya_Argar_Early.AG,3821.0,0.401544839143753,-1.0911109557796588,-2.378243371735576,0.0883934286637955
ALM002_merged.AG,Spain,Spain_Almoloya_Argar_Early.AG,3800.0,0.4443870484828949,-1.1112734808242577,-2.3803185568566665,0.0870433278504786
ALM003.AG,Spain,Spain_Almoloya_Argar_Late.AG,3825.0,0.4871108531951904,-1.1429591373753158,-2.369671414698489,0.07186412446604147
ALM004.AG,Spain,Spain_Almoloya_Argar_Early.AG,3825.0,0.2525147795677185,-1.201562939653059,-2.411035109012085,0.10583588295252457
ALM006.AG,Spain,Spain_Almoloya_Argar_Early.AG,3780.0,0.655083954334259,-1.1384515805884077,-2.3965005749595756,0.06812759539427071
ALM007.AG,Spain,Spain_Almoloya_Argar_Early.AG,3825.0,0.418917715549469,-1.1160705584534913,-2.373633442887713,0.07915019141439793
ALM008.AG,Spain,Spain_Almoloya_Argar_Early.AG,3825.0,0.603053629398346,-1.132482087077164,-2.40265086787479,0.0898052629655007
ALM014.AG,Spain,Spain_Almoloya_Argar_Early.AG,3825.0,0.1399020105600357,-1.1658886756586144,-2.3917783821962586,0.10399527069665677
ALM015_merged.AG,Spain,Spain_Almoloya_Argar_Early.AG,3773.0,0.5698772072792053,-1.1490347559357375,-2.385376645940073,0.109505435290044
ALM016_merged.AG,Spain,Spain_Almoloya_Argar_Early.AG,3803.0,0.7086040377616882,-1.1254208354955118,-2.380565564079043,0.09364292745960498
ALM017.AG,Spain,Spain_Almoloya_Argar_Early.AG,3752.0,0.6658681035041809,-1.1141902924534934,-2.392424245042514,0.07466079497269855
ALM018.AG,Spain,Spain_Almoloya_Argar_Early.AG,3825.0,0.2520857453346252,-1.1207177141163296,-2.3872067375860317,0.09742777759782083
ALM019_merged.AG,Spain,Spain_Almoloya_Argar_Early.AG,3946.0,0.7094604969024658,-1.12310106371427,-2.405265360393483,0.07697069441021537
ALM020.AG,Spain,Spain_Almoloya_Argar_Early.AG,3825.0,0.5346618294715881,-1.1005654643084801,-2.3947082898902003,0.08368659332305378
ALM021.AG,Spain,Spain_Almoloya_Argar_Early.AG,3825.0,0.5942962765693665,-1.1501334133433643,-2.401007453885064,0.1191914674267262
ALM024.AG,Spain,Spain_Almoloya_Argar_Early.AG,3825.0,0.1162720918655395,-1.1161905326316026,-2.364997173753142,0.09101283707232274
ALM025.AG,Spain,Spain_Almoloya_Argar_Early.AG,3825.0,0.3358601927757263,-1.1409531250819054,-2.385117971417547,0.0836593626193142
ALM026.AG,Spain,Spain_Almoloya_Argar_Early.AG,3825.0,0.4212080538272857,-1.1446320309782585,-2.3826032481175674,0.11500522367042854
ALM027.AG,Spain,Spain_Almoloya_Argar_Early.AG,3825.0,0.1126849427819252,-1.1640581880248917,-2.3690938044096534,0.06690562138576853
ALM028_merged.AG,Spain,Spain_Almoloya_Argar_Early.AG,3825.0,0.5264356732368469,-1.173132566962393,-2.342673089894991,0.12211308018232668
ALM029.AG,Spain,Spain_Almoloya_Argar_Late.AG,3825.0,0.3269422054290771,-1.2007149003532855,-2.3963524275393207,0.08276000976214501
ALM030.AG,Spain,Spain_Almoloya_Argar_Late_daughter.ALM039.ALM038.AG,3825.0,0.0782643780112266,-1.183505845306966,-2.397946180781498,0.06343569690795832
ALM031.AG,Spain,Spain_Almoloya_Argar_Late_daughter.ALM039.AG,3600.0,0.2322497814893722,-1.1169798529990644,-2.405985404804471,0.08808521903594484
ALM032.AG,Spain,Spain_Almoloya_Argar_Late.AG,3600.0,0.3903073072433471,-1.1730466305793332,-2.3987692391277835,0.11748080454761733
ALM034.AG,Spain,Spain_Almoloya_Argar_Early_father.or.son.ALM049.1d.rel.ALM048.MMI003.AG,3822.0,0.5754140615463257,-1.1368091052006735,-2.41955820476098,0.11683446101374158
ALM035.AG,Spain,Spain_Almoloya_Argar.AG,3725.0,0.5739834308624268,-1.1443261157396574,-2.3632496716710296,0.11212951283357932
ALM036.AG,Spain,Spain_Almoloya_Argar_Late.AG,3825.0,0.5379399657249451,-1.1299174564972734,-2.3710322348192845,0.11220136045265512
ALM038_merged.AG,Spain,Spain_Almoloya_Argar_Late.AG,3598.0,0.3229349553585052,-1.1321354142366737,-2.398757665053572,0.06494229120128799
ALM039.AG,Spain,Spain_Almoloya_Argar_Late.AG,3580.0,0.5518571138381958,-1.09720736844625,-2.442110143459649,0.03147228612090662
ALM040.AG,Spain,Spain_Almoloya_Argar_Early.AG,3842.0,0.2587385475635528,-1.101384420222179,-2.414710979745062,0.1328390596072615
ALM041.AG,Spain,Spain_Almoloya_Argar_Early.AG,3814.0,0.6448999047279358,-1.1489894574057775,-2.376154239585559,0.08546128723039138
ALM042.AG,Spain,Spain_Almoloya_Argar_Early.AG,3825.0,0.5909816026687622,-1.1383006251795649,-2.4148946211307774,0.05190691367560664
ALM043.AG,Spain,Spain_Almoloya_Argar_Early.AG,3754.0,0.2706102728843689,-1.1660019322469442,-2.4071096308585935,0.11897066271915897
ALM044.AG,Spain,Spain_Almoloya_Argar_Early.AG,3775.0,0.0666448771953582,-1.1238840606080784,-2.369869193210521,0.0995215769868463
ALM046.AG,Spain,Spain_Almoloya_Argar_Early.AG,3763.0,0.1094092279672622,-1.1302679169169483,-2.4225235767607782,0.09422791809265786
ALM047.AG,Spain,Spain_Almoloya_Argar.AG,3725.0,0.3473361730575561,-1.1251251660933572,-2.392858419493272,0.09795400659719367
ALM048.AG,Spain,Spain_Almoloya_Argar_Early.AG,3825.0,0.1022397950291633,-1.176063020170967,-2.398188977321397,0.057297049578837515
ALM049.AG,Spain,Spain_Almoloya_Argar_Early.AG,3825.0,0.0807396173477172,-1.1649310869992948,-2.4374373471129043,0.09260425893617319
ALM050.AG,Spain,Spain_Almoloya_Argar_Early.AG,3825.0,0.6275408267974854,-1.12912366771217,-2.360675835552837,0.1324379869078804
ALM051.AG,Spain,Spain_Almoloya_Argar_Late.AG,3825.0,0.5049022436141968,-1.1366998702991575,-2.3805221737205082,0.05062769014175978
ALM052.AG,Spain,Spain_Almoloya_Argar_son.ALM015.ALM016.AG,3765.0,0.1642683446407318,-1.1039331030114354,-2.405134824709987,0.07784467788399906
ALM053.AG,Spain,Spain_Almoloya_Argar.AG,3600.0,0.4451064169406891,-1.1010357806662683,-2.407434216410859,0.05432118544903843
ALM055.AG,Spain,Spain_Almoloya_Argar_Late.AG,3825.0,0.2794423103332519,-1.0978316621901019,-2.411903646353681,0.09666876785190308
ALM056_merged.AG,Spain,Spain_Almoloya_Argar.AG,3725.0,0.139883354306221,-1.1323523836317915,-2.360026039363888,0.11617524992625002
ALM057.AG,Spain,Spain_Almoloya_Argar_Late.AG,3696.0,0.3075555562973022,-1.1337807842638679,-2.4183795991047465,0.08652095930852917
ALM058.AG,Spain,Spain_Almoloya_Argar_Late_son.ALM064.ALM086.AG,3825.0,0.4904733300209045,-1.1159400597362972,-2.352590232930968,0.09023028022232986
ALM060.AG,Spain,Spain_Almoloya_Argar_daughter.ALM017.AG,3713.0,0.6710156202316284,-1.1364805579755806,-2.3882248927182617,0.08417440851792274
ALM062.AG,Spain,Spain_Almoloya_Argar.AG,3825.0,0.1843808591365814,-1.1102414560528304,-2.41773312650971,0.053580156095071406
ALM063.AG,Spain,Spain_Almoloya_Argar_Late.AG,3600.0,0.5181575417518616,-1.1723271460693125,-2.4074948232196993,0.10748704265370024
ALM064.AG,Spain,Spain_Almoloya_Argar_Late.AG,3825.0,0.6143787503242493,-1.1261509610091276,-2.4079576063823747,0.11784346690800701
ALM067.AG,Spain,Spain_Almoloya_Argar_Late.AG,3600.0,0.519795835018158,-1.16746475512095,-2.40733900556509,0.09802570515365779
ALM068.AG,Spain,Spain_Almoloya_Argar_Late.AG,3600.0,0.5911518931388855,-1.1665593177702047,-2.4314522546379767,0.03795511197366967
ALM069.AG,Spain,Spain_Almoloya_Argar.AG,3600.0,0.4406458139419555,-1.1425745760510542,-2.3432002227919853,0.11849276787239539
ALM070.AG,Spain,Spain_Almoloya_Argar.AG,3600.0,0.1035933941602706,-1.138375546869784,-2.417753749139523,0.10337033182527268
ALM071.AG,Spain,Spain_Almoloya_Argar.AG,3825.0,0.2900658845901489,-1.0815742878159724,-2.3470882660717867,0.06962869463792844
ALM075.AG,Spain,Spain_Almoloya_Argar.AG,3825.0,0.3015093803405761,-1.1346188270159439,-2.380162573638932,0.09617130034576257
ALM076.AG,Spain,Spain_Almoloya_Argar_Late.AG,3825.0,0.5962938070297241,-1.1220359481186242,-2.412450661989468,0.0809384246928191
ALM077.AG,Spain,Spain_Almoloya_Argar_mother.or.daughter.ALM068.AG,3825.0,0.1584606170654297,-1.1490757527614572,-2.3498448043686455,0.07736559877815373
ALM078.AG,Spain,Spain_Almoloya_Argar_Late.AG,3600.0,0.304498016834259,-1.1697839686762228,-2.449046475624809,0.10805955601604483
ALM079.AG,Spain,Spain_Almoloya_Argar.AG,3825.0,0.0842553973197937,-1.1840163944747708,-2.406071988606755,0.11980196641140227
ALM080.AG,Spain,Spain_Almoloya_Argar_Late_brother.ALM081.AG,3600.0,0.6599816679954529,-1.1588148543216974,-2.3651950430843964,0.08097005197302759
ALM081.AG,Spain,Spain_Almoloya_Argar_Late.AG,3825.0,0.694534420967102,-1.1318688983950616,-2.3880912891152453,0.07384779749477371
ALM084.AG,Spain,Spain_Almoloya_Argar.AG,3600.0,0.5873798727989197,-1.1331797899012046,-2.386373893635602,0.09630116707905516
ALM086.AG,Spain,Spain_Almoloya_Argar_Late.AG,3788.0,0.5494597554206848,-1.1052753339168804,-2.3834930742732006,0.08976820499269493
ALM087.AG,Spain,Spain_Almoloya_Argar_Late.AG,3825.0,0.2345133423805236,-1.2022893589005377,-2.3824591119191547,0.07424193911357199
ALM088.AG,Spain,Spain_Almoloya_Argar.AG,3600.0,0.4469539225101471,-1.173770740633329,-2.405299436016904,0.06147076809515829
BAS002.AG,Spain,Spain_Bastida_Argar_Late.AG,3515.0,0.5345223546028137,-1.0938745285961993,-2.381801347583226,0.0759223653483447
BAS003.AG,Spain,Spain_Bastida_Argar.AG,3914.0,0.0552605688571929,-1.121105389803548,-2.3451613015528032,0.13126581090194678
BAS018.AG,Spain,Spain_Bastida_Argar_Late.AG,3670.0,0.2150723487138748,-1.141026731014017,-2.4086057880663034,0.06876858429526446
BAS022.AG,Spain,Spain_Bastida_Argar.AG,3600.0,0.6201791763305664,-1.1373676480576647,-2.398694719127688,0.04789304109448558
BAS023.AG,Spain,Spain_Bastida_Argar.AG,3961.0,0.5236197710037231,-1.1203227276684826,-2.39956605652336,0.07410687630621532
BAS024.AG,Spain,Spain_Bastida_Argar.AG,4029.0,0.6129156947135925,-1.1551595765470506,-2.350884951412899,0.11689080435409745
BAS025.AG,Spain,Spain_Bastida_Argar.AG,3981.0,0.5066094398498535,-1.1417228267829225,-2.407892157718503,0.10333986268441187
BAS026.AG,Spain,Spain_Bastida_Argar_Late.AG,3825.0,0.1142258867621421,-1.1629986677292428,-2.3614194236901835,0.06657244435917414
BAS027.AG,Spain,Spain_Bastida_Argar.AG,3825.0,0.4177766144275665,-1.173075009060923,-2.3388751960583494,0.08518737964217588
CBR004.AG,Spain,Spain_SE_CabezoRedondo_BA.AG,3448.0,0.6170607805252075,-1.1383562780340284,-2.3833800631889255,0.09944491885099781
CDM001.AG,Spain,Spain_SE_Iberia_CA.AG,4337.0,0.3189763724803924,-1.1344039418739449,-2.367867360886228,0.06072523622095891
CDM002.AG,Spain,Spain_SE_Iberia_CA.AG,4435.0,0.3611373007297516,-1.128957159513972,-2.346005830135641,0.08650224109281139
CDM003.AG,Spain,Spain_SE_Iberia_CA.AG,4750.0,0.302211731672287,-1.1048568639568708,-2.4052175181401445,0.13382353486292653
CDM004.AG,Spain,Spain_SE_Iberia_CA.AG,4750.0,0.0839918181300163,-1.1739054574997185,-2.361841959544958,0.03113557410108877
CDM005.AG,Spain,Spain_SE_Iberia_CA.AG,4750.0,0.1131796687841415,-1.1069687074504544,-2.327892036082719,0.07975376642346031
CDM006.AG,Spain,Spain_SE_Iberia_CA.AG,4239.0,0.3223193883895874,-1.1310290682391044,-2.348829538969701,0.07682880568076576
CDP001.AG,Spain,Spain_SE_Iberia_CA.AG,4750.0,0.5793653726577759,-1.169640309600729,-2.3912788871272066,0.07291076608316285
CDP002.AG,Spain,Spain_SE_Iberia_CA.AG,4750.0,0.3583733439445495,-1.130959829220255,-2.352607690609169,0.0722541470117356
CDP003.AG,Spain,Spain_SE_Iberia_CA_father.CDP011.AG,4750.0,0.090444304049015,-1.094686957369412,-2.3528246843328353,0.14768221834276826
CDP006.AG,Spain,Spain_SE_Iberia_CA.AG,4750.0,0.2022476643323898,-1.092908238697188,-2.344141349265155,0.11657981290050741
CDP009.AG,Spain,Spain_SE_Iberia_CA_father.or.son.CDP006.AG,4750.0,0.0711241513490676,-1.1021862048083508,-2.37487007279964,0.12254965335951239
CDP011.AG,Spain,Spain_SE_Iberia_CA.AG,4750.0,0.4204959869384765,-1.1410980657118812,-2.3973555659320334,0.07580688209192246
CLL001.AG,Spain,Spain_SE_Iberia_CA.AG,4750.0,0.3900291323661804,-1.1321834748203543,-2.3696404466339485,0.08027504752026669
CLL002.AG,Spain,Spain_SE_Iberia_CA.AG,4750.0,0.4087953567504883,-1.1872726511153686,-2.4179598384387537,0.07903200945836282
CLL003.AG,Spain,Spain_SE_Iberia_CA.AG,4750.0,0.2532446980476379,-1.128222387571766,-2.3567998442489664,0.050787746960701895
CLL004.AG,Spain,Spain_SE_Iberia_CA.AG,4750.0,0.5638326406478882,-1.1280258361613948,-2.345370997751279,0.1092866210162452
CLL005.AG,Spain,Spain_SE_Iberia_CA.AG,4750.0,0.1747921556234359,-1.1489735274232893,-2.4058084574341376,0.09716047554838254
CLL006.AG,Spain,Spain_SE_Iberia_CA.AG,4750.0,0.434867262840271,-1.183969258053471,-2.386223090729628,0.09567240942403486
CLL008.AG,Spain,Spain_SE_Iberia_CA.AG,4750.0,0.3394749164581299,-1.1235271462799432,-2.370823059009437,0.12262635229878287
CLL009.AG,Spain,Spain_SE_Iberia_CA.AG,4750.0,0.3954743444919586,-1.116167582867625,-2.3710882568988016,0.06158213893392207
CLL010.AG,Spain,Spain_SE_Iberia_CA.AG,4750.0,0.3311100602149963,-1.1891837569815433,-2.358888793667803,0.1033606942468273
CLL011.AG,Spain,Spain_SE_Iberia_CA.AG,4750.0,0.2829402387142181,-1.1335131949490025,-2.409640881309138,-0.003467529594659919
CMO001.AG,Spain,Spain_SE_Iberia_BA_Argar.AG,3729.0,0.3007535338401794,-1.1796861000341028,-2.3435910548783254,0.07444487661132553
CMO002.AG,Spain,Spain_SE_Iberia_BA_Argar.AG,3764.0,0.1988000124692917,-1.1740698637077147,-2.3813352903134275,0.07973187257698833
CMO003.AG,Spain,Spain_SE_Iberia_BA_Argar.AG,3600.0,0.1103621795773506,-1.0689989803408573,-2.3674597698704227,0.1000177630068526
EFA006.AG,Spain,Spain_Aritgues_LBA.AG,3050.0,0.1557372063398361,-1.1222704262794088,-2.3849061644889527,0.07842516391461242
EFA007.AG,Spain,Spain_Aritgues_LBA_father.or.son.EFA006.AG,3050.0,0.116537295281887,-1.1447105819984793,-2.3311389337062836,0.08206087792480603
EFA009.AG,Spain,Spain_Aritgues_LBA.AG,3050.0,0.0733779743313789,-1.1211592129774937,-2.4094752112932536,0.09670053707523873
EFA010.AG,Spain,Spain_Aritgues_LBA.AG,3050.0,0.2351410686969757,-1.141352051542102,-2.352651999348244,0.15142203256398845
EFA011.AG,Spain,Spain_Aritgues_LBA.AG,3050.0,0.2980333566665649,-1.1635433214191502,-2.4199701554912374,0.0807941557441259
LHO001.AG,Spain,Spain_LaHorna_BA_1d.LHO001_brother.LHO002.AG,3461.0,0.6171954274177551,-1.1332259939648435,-2.3805867968607357,0.07800002401017365
LHO002.AG,Spain,Spain_LaHorna_BA_1d.LHO001.AG,3500.0,0.6327183842658997,-1.0979846373375555,-2.3987265365410066,0.09667607823520263
LHO003.AG,Spain,Spain_SE_Iberia_BA_Valencian.AG,3524.0,0.5801430940628052,-1.1496451506702683,-2.3998557250055934,0.09937458975591758
LOT001.AG,Spain,Spain_SE_Iberia_BA_Argar.AG,3849.0,0.0914661884307861,-1.128165278501902,-2.3555097048108973,0.10641455064582521
MDP001.AG,Spain,Spain_MolinosPapel_Early_Argar_father.or.son.MDP003.AG,4155.0,0.104899950325489,-1.1483735596884301,-2.4063238373758544,0.06269972761465505
MDP002.AG,Spain,Spain_MolinosPapel_Early_Argar.AG,4050.0,0.3252942264080047,-1.0898055758552159,-2.3722240489171873,0.137169090229025
MDP003.AG,Spain,Spain_MolinosPapel_Early_Argar.AG,4040.0,0.1610031723976135,-1.113910520044206,-2.366685245044061,0.09524716028137169
MIV001.AG,Spain,Spain_NE_Iberia_BA.AG,4050.0,0.1771222203969955,-1.1845170621879846,-2.430144935055984,0.040455246960898035
MMI004.AG,Spain,Spain_SE_Iberia_BA_Argar.AG,3450.0,0.0617373846471309,-1.2030948091574105,-2.4023919667555833,0.05431720190484177
VLBA013.AG,Spain,Spain_SW_Iberia_CA.AG,4350.0,0.3178287744522095,-1.1550641561147132,-2.3875856421719974,0.09076585804057774
VLBA014.AG,Spain,Spain_SW_Iberia_CA.AG,3600.0,0.206819400191307,-1.1582223108853045,-2.3355144296313566,0.09304898439869443
VLBA015.AG,Spain,Spain_SW_Iberia_CA.AG,4750.0,0.1660201400518417,-1.1116267268182463,-2.380133634064897,0.056799943826509866
VLBA016.AG,Spain,Spain_SW_Iberia_CA.AG,4750.0,0.2959522604942322,-1.1424962679234978,-2.3062833052714673,0.11536703174914005
VLBA017.AG,Spain,Spain_SW_Iberia_CA.AG,4750.0,0.2416568249464035,-1.1364245363258456,-2.406806240180057,0.06283961449338435
VLBA019.AG,Spain,Spain_SW_Iberia_CA.AG,4750.0,0.2159831225872039,-1.1491041183062323,-2.376371166194685,0.07332696799899259
VLBA020.AG,Spain,Spain_SW_Iberia_CA.AG,4750.0,0.2284988015890121,-1.1594687993814614,-2.4026502754761743,0.08436237331956983
VLBA021.AG,Spain,Spain_SW_Iberia_CA.AG,4750.0,0.3861540853977203,-1.1473845072346476,-2.3949357288821984,0.08634665937186761
VLBA033.AG,Spain,Spain_SW_Iberia_CA.AG,4750.0,0.2889604568481445,-1.1354202888039715,-2.3789441310186183,0.11706732211715433
PLZ001.AG,Spain,Spain_SE_Iberia_BA_Valencian.AG,4750.0,0.6344580054283142,-1.149738858260118,-2.398373257301089,0.06768942800721627
PUC001.AG,Spain,Spain_SE_Iberia_BA_Valencian.AG,3741.0,0.6252424120903015,-1.1304540711799829,-2.410857862203554,0.04042154088534065
PUC002.AG,Spain,Spain_SE_Iberia_BA_Valencian.AG,3610.0,0.6408659219741821,-1.0995771874052163,-2.4194268937675254,0.08790930894734207
PUC003.AG,Spain,Spain_SE_Iberia_BA_Valencian.AG,3761.0,0.5947601795196533,-1.1377082820936488,-2.4231453817024646,0.09272622940980559
PUC004.AG,Spain,Spain_SE_Iberia_BA_Valencian.AG,3644.0,0.6014081239700317,-1.1654709823732339,-2.3666292558322044,0.10823526165071512
ZAP002.AG,Spain,Spain_Zapateria_Argar.AG,3825.0,0.5287105441093445,-1.1197527787352175,-2.357923826414211,0.06794044457446476
BAL051_merged.AG,Spain,Spain_Azilian.AG,13015.0,0.2860999703407287,-1.0858483656891116,-2.261607730275536,0.09844652850512879
CHA001_merged.AG,Spain,Spain_EN.AG,7127.0,0.2903172969818115,-1.092480773524165,-2.2934271886860658,0.027031400767739217
CHA002_merged.AG,Spain,Spain_EN.AG,7127.0,0.1231479346752166,-1.0596610249210852,-2.467438941972634,0.0718035246350013
CHA003_merged.AG,Spain,Spain_EN.AG,7075.0,0.3237678706645965,-1.1690035817032534,-2.3670407370450257,0.0488984841307269
CHA004.A0102.AG,Spain,Spain_EN.AG,6420.0,0.056718785315752,-1.1175013271012142,-2.352593135793325,0.0922360182197543
CMS001_merged.AG,Portugal,Portugal_Mesolithic.AG,8067.0,0.1534379571676254,-1.1209020715005353,-1.3465022742680144,0.22918545767849843
ELT002_merged.AG,Spain,Spain_MLN.AG,5753.0,0.7002683877944946,-1.1313949682663547,-2.362930858014775,0.07154646331032626
ELT006_merged.AG,Spain,Spain_MLN.AG,5809.0,0.6034818887710571,-1.0758753683255446,-2.364662963033558,0.11519385831275213
FUC003_merged.AG,Spain,Spain_EN.AG,7019.0,0.3758581578731537,-1.1007375963066393,-2.299915119767479,0.08066333465080781
MLZ005003.AG,Spain,Spain_Solutrean.AG,22889.0,0.1821756958961486,-1.1165049357597412,-2.232350689585342,0.11562566643665673
AY2001.AG,Russia,Russia_Steppe_Maikop_o2.AG,5397.0,0.7060971856117249,-0.11962134160760952,0.6897694947800966,-0.10585792925497309
AY2003.AG,Russia,Russia_Steppe_Maikop.AG,5452.0,0.6479282975196838,-0.13760183657906855,0.6178357960179014,-0.11623227902932433
BU2001.AG,Russia,Russia_North_Caucasus.AG,4675.0,0.2750230431556701,-0.1462249902114631,0.7055890187269477,-0.10685983673637697
GW1001.AG,Russia,Russia_North_Caucasus.AG,4718.0,0.4655555188655853,-0.1552707424466028,0.6738814082652429,-0.10998578327628478
I1722.AG,Russia,Russia_Caucasus_Eneolithic_sibling.I2055_sibling.I2056.AG,6408.0,0.1745261400938034,-0.12258095521776932,0.6752042614542604,-0.11323309669780479
I1723.AG,Russia,Russia_North_Caucasus.AG,4696.0,0.0695840194821357,-0.10002033302687292,0.728854482666434,-0.11638038278324066
I2051.AG,Russia,Russia_Caucasus_LBA_Dolmen.AG,3275.0,0.0781370475888252,-0.11481160338804616,0.7343328365994234,-0.09290363328256351
I2055.AG,Russia,Russia_Caucasus_Eneolithic_sibling.I2056_sibling.I1722.AG,6508.0,0.1705602407455444,-0.1387746218824972,0.6995862427468371,-0.10504728141821426
I2056.AG,Russia,Russia_Caucasus_Eneolithic.AG,6466.0,0.6395228505134583,-0.016532683071260865,0.7277939799044957,-0.09256153439046497
I6266.AG,Russia,Russia_Caucasus_Maikop_Novosvobodnaya.AG,5385.0,0.467408686876297,-0.06571829572996214,0.5803838558631638,-0.09517583217264468
I6267.AG,Russia,Russia_Caucasus_Maikop_Novosvobodnaya.AG,5410.0,0.1731060445308685,-0.1360132719845703,0.7245960217465841,-0.11325406669823036
I6268.AG,Russia,Russia_Caucasus_Maikop_Novosvobodnaya.AG,5550.0,0.3197914361953735,-0.11879312300360603,0.6964310541939852,-0.1054544179028713
I6272.AG,Russia,Russia_Caucasus_Maikop_Novosvobodnaya.AG,5040.0,0.4117336869239807,-0.0991693635648295,0.7229869431050261,-0.11509856072696759
IV3002.AG,Russia,Russia_Steppe_Maikop_o.AG,5201.0,0.2156278938055038,-0.13553683574661057,0.7174660259674055,-0.13491181259068508
KBD001.AG,Russia,Russia_North_Caucasus_MBA.AG,4030.0,0.7916420698165894,-0.12965016666042098,0.6888358349829132,-0.11827874147023565
KBD002.AG,Russia,Russia_North_Caucasus_MBA_rel.KBD001.AG,4035.0,0.666257381439209,-0.13017511072524734,0.7127275221472905,-0.11899890082084871
KDC001.AG,Russia,Russia_North_Caucasus_MBA.AG,3838.0,0.6291863918304443,-0.05347642528667337,0.7180210471558248,-0.09115096465343571
KDC002.AG,Russia,Russia_North_Caucasus_MBA.AG,3750.0,0.576695442199707,-0.12012238080289643,0.6883551255707668,-0.1184008567958429
LYG001.AG,Russia,Russia_North_Caucasus.AG,4670.0,0.48764368891716,-0.1743509115028923,0.6921809947712947,-0.11100584203603914
MK3003.AG,Russia,Russia_Steppe_Catacomb.AG,4477.0,0.4052122831344604,-0.0746504892149511,0.6642436104680982,-0.12194758704753063
MK5001.AG,Russia,Russia_Caucasus_LateMaikop_rel.MK5004.AG,5150.0,0.6304143071174622,-0.10545060832590902,0.7040294996377764,-0.10540305092393248
MK5004.AG,Russia,Russia_Caucasus_LateMaikop.AG,5150.0,0.6968742609024048,-0.1604654098700115,0.7140159421083038,-0.11076900091238832
MK5009.AG,Russia,Russia_North_Caucasus.AG,4705.0,0.3822652399539947,-0.13476308067918993,0.714781428590079,-0.12262520911744204
NV3001.AG,Russia,Russia_Steppe_Lola.AG,3945.0,0.6927623748779297,-0.11550483386841495,0.6318193470268915,-0.1290862689766788
OSS001.AG,Russia,Russia_Caucasus_Maikop.AG,5582.0,0.3571065366268158,-0.1181195786112106,0.7322600439732023,-0.10449342759077744
PG2001.AG,Russia,Russia_Steppe_Eneolithic.AG,6850.0,0.7539555430412292,-0.11652912594235103,0.6988020237752532,-0.12662627282578082
PG2002.AG,Russia,Russia_NorthCaucasus_EBA.AG,4361.0,0.2545115053653717,-0.10052895941913825,0.7104914767109168,-0.11202427853032525
PG2004.AG,Russia,Russia_Steppe_Eneolithic.AG,6088.0,0.7433968782424927,-0.21166262730456933,0.6738564135139191,-0.11433583134478552
RK1001.AG,Russia,Russia_Caucasus_EBA_Yamnaya.AG,4717.0,0.5381459593772888,-0.13344989375726715,0.6716831659045365,-0.12161603378166802
RK1003.AG,Russia,Russia_North_Caucasus.AG,4764.0,0.1570145636796951,-0.10461331012449164,0.7034651839688453,-0.12377912389424493
RK1007.AG,Russia,Russia_Caucasus_EBA_Yamnaya.AG,5105.0,0.1697832942008972,-0.15504176048743606,0.697066783358519,-0.12759903654104907
RK4001.AG,Russia,Russia_Steppe_Catacomb.AG,4238.0,0.4798011183738708,-0.14161720785201046,0.678736145828989,-0.10364151764103313
RK4002.AG,Russia,Russia_Steppe_Catacomb.AG,4510.0,0.5510874390602112,-0.13325352569035903,0.6723680598978317,-0.12229178883676116
SA6001.AG,Russia,Russia_Steppe_Maikop.AG,5397.0,0.6465211510658264,-0.15184444006637618,0.6447792458225614,-0.12083744752365698
SA6002.AG,Russia,Russia_LateMaikop.AG,5126.0,0.6306073069572449,-0.07980859179469511,0.7008384244395546,-0.10625059367130754
SA6003.AG,Russia,Russia_Steppe_Catacomb.AG,4318.0,0.3461682796478271,-0.18299922823418258,0.6998006813253527,-0.12768798854156985
SA6004.AG,Russia,Russia_Steppe_Maikop.AG,5159.0,0.6668989062309265,-0.16736445244315673,0.7159042302986582,-0.1153707859350554
SA6010.AG,Russia,Russia_EBA_Yamnaya_o.AG,4728.0,0.3303736448287964,-0.10058255231088144,0.7156645796195586,-0.10865720812069977
SA6013.AG,Russia,Russia_Steppe_Maikop_o.AG,5167.0,0.3683132231235504,-0.1275492572617824,0.7182668673802242,-0.11863811677263954
SIJ002.AG,Russia,Russia_LateMaikop_1d.rel.I11132.I11133.AG,5164.0,0.6162457466125488,-0.09084840142730646,0.6913433808436195,-0.12690456971161646
SIJ003.AG,Russia,Russia_LateMaikop_1d.rel.I11131.I11133.AG,5164.0,0.6498203873634338,-0.04204304738122257,0.7011593522096747,-0.12655442224770394
VJ1001.AG,Russia,Russia_Steppe_Eneolithic.AG,6230.0,0.7001288533210754,-0.16732264954205286,0.6980158783018617,-0.12332481355803618
ZO2002.AG,Russia,Russia_Caucasus_EBA_Yamnaya.AG,4850.0,0.4569781422615051,-0.16980554233403167,0.6818719310142097,-0.11224401766984661
UZZ5054.AG,Italy,Italy_Epigravettian.AG,10661.0,0.7056957483291626,-0.24416083643998948,-0.5495152844719576,0.12898873517752565
UZZ4446.AG,Italy,Italy_Epigravettian.AG,8488.0,0.4247432947158813,-0.17555486476026763,-0.6975726736072304,0.18091036343593622
UZZ026.AG,Italy,Italy_Epigravettian.AG,10666.0,0.0599823370575904,-0.1309779972382005,-0.6930819742854483,0.19105545533647766
UZZ033.AG,Italy,Italy_Sicily_N_Stentinello.AG,7245.0,0.3216219246387481,-0.0695188430491564,-0.7290265680584063,0.23143703544069724
UZZ034.AG,Italy,Italy_Sicily_N_Stentinello.AG,7265.0,0.298522412776947,-0.09086979986692946,-0.7012432243246532,0.20616699764351282
UZZ057.AG,Italy,Italy_Sicily_EBA.AG,4043.0,0.1968576163053512,-0.08593136252084092,-0.7199534945296987,0.20027423980017017
UZZ069.AG,Italy,Italy_Epigravettian.AG,8628.0,0.6157518029212952,-0.18318640462795582,-0.6644298625430498,0.18036629721688108
UZZ071.AG,Italy,Italy_Sicily_Mesolithic.AG,7884.0,0.4786770343780517,-0.12400724277812994,-0.6677940412960958,0.2114730105166525
UZZ074.AG,Italy,Italy_Sicily_N_Stentinello.AG,7217.0,0.1633016020059585,-0.05835710663686658,-0.734587734277122,0.18944786994979962
UZZ075.AG,Italy,Italy_Sicily_N_Stentinello.AG,7217.0,0.7498307228088379,-0.028492250520787885,-0.7196709598488557,0.16327854145185783
UZZ077.AG,Italy,Italy_Sicily_EN.AG,7367.0,0.1377276629209518,-0.04545371775553762,-0.6936014986653907,0.20469811606340355
UZZ079.AG,Italy,Italy_Epigravettian.AG,8580.0,0.7696074843406677,-0.08817614828822143,-0.6112967217917871,0.21229116241675913
UZZ080.AG,Italy,Italy_Epigravettian.AG,8580.0,0.8602269291877747,-0.09751229226646478,-0.6399723137968675,0.22365416753923564
UZZ081.AG,Italy,Italy_Epigravettian.AG,8578.0,0.2679152488708496,-0.11493243636131224,-0.7201245774773244,0.20272212626788688
UZZ082.AG,Italy,Italy_Epigravettian.AG,8580.0,0.7593536972999573,-0.14130290042161361,-0.5650735519108276,0.16569473344987384
UZZ088.AG,Italy,Italy_Sicily_Mesolithic.AG,7875.0,0.5324469208717346,-0.12017945203286541,-0.6722396308995219,0.20661289890430545
UZZ096.AG,Italy,Italy_Epigravettian.AG,10250.0,0.0560918673872947,-0.0970104393399342,-0.6603831666717007,0.2064705484072171
MS10614.SG,Spain,Ibiza_Punic.SG,2217.0,0.2916035652160644,-1.0957350284585843,-2.352965075782675,0.041237893893982594
MOK10B.SG,Serbia,Serbia_Mokrin_EBA_Maros_1d.rel.MOK24A.SG,3900.0,0.6472015976905823,0.2971039975192753,0.11276614237388756,0.8577473249503447
MOK12.SG,Serbia,Serbia_Mokrin_EBA_Maros.SG,3900.0,0.4960872232913971,0.3097539021309718,0.1248026578249243,0.8824193416850714
MOK13.SG,Serbia,Serbia_Mokrin_EBA_Maros.SG,3900.0,0.7012131810188293,0.354434459459197,0.11293505848595016,0.8880472205892784
MOK14.SG,Serbia,Serbia_Mokrin_EBA_Maros_1d.rel.MOK32.SG,3900.0,0.6037876605987549,0.3461035096980976,0.12912119186182824,0.8732932312523884
MOK15.SG,Serbia,Serbia_Mokrin_EBA_Maros.SG,3900.0,0.7497544884681702,0.30519313011548443,0.13060391505827643,0.882431846774151
MOK16A.SG,Serbia,Serbia_Mokrin_EBA_Maros_1d.rel.MOK15.SG,3900.0,0.7399589419364929,0.3480712265758235,0.14160837455122977,0.8811178008647021
MOK17A.SG,Serbia,Serbia_Mokrin_EBA_Maros_oAegean.SG,3900.0,0.5107083320617676,0.31158309417849117,0.11792855029207448,0.8370563856917361
MOK18A.SG,Serbia,Serbia_Mokrin_EBA_Maros_1d.rel.MOK12.SG,3900.0,0.2927325069904327,0.3523559932943239,0.1151409947782135,0.8691298516882678
MOK19A.SG,Serbia,Serbia_Mokrin_EBA_Maros.SG,3900.0,0.6137859225273132,0.3552726457932423,0.14001329529698286,0.86174188129872
MOK20.SG,Serbia,Serbia_Mokrin_EBA_Maros.SG,3900.0,0.5274088978767395,0.30205272287170953,0.11030427092002466,0.8916575308702079
MOK21A.SG,Serbia,Serbia_Mokrin_EBA_Maros.SG,3900.0,0.3478941321372986,0.257060456845785,0.11552647515489813,0.8543204718908286
MOK22.SG,Serbia,Serbia_Mokrin_EBA_Maros.SG,3900.0,0.5975557565689087,0.3181714126890863,0.13250113831375132,0.8808057942587235
MOK23.SG,Serbia,Serbia_Mokrin_EBA_Maros_1d.rel.MOK28A.SG,3900.0,0.6207655668258667,0.32047176075292017,0.1524071402422361,0.8758386241797489
MOK24A.SG,Serbia,Serbia_Mokrin_EBA_Maros.SG,3900.0,0.6785557270050049,0.3398047868011746,0.1306557017597136,0.8499522273368852
MOK25A.SG,Serbia,Serbia_Mokrin_EBA_Maros.SG,3900.0,0.7247093319892883,0.343259066166978,0.13346049872109472,0.8359127460830337
MOK26A.SG,Serbia,Serbia_Mokrin_EBA_Maros.SG,3900.0,0.6851047277450562,0.40385300839379024,0.14013208267751986,0.8753051737492706
MOK27.SG,Serbia,Serbia_Mokrin_EBA_Maros.SG,3900.0,0.515971839427948,0.3591398910748701,0.11920503356723713,0.8878480481992541
MOK28A.SG,Serbia,Serbia_Mokrin_EBA_Maros.SG,3900.0,0.6716166138648987,0.3273129137633267,0.1275848213903479,0.8914236880309541
MOK29A.SG,Serbia,Serbia_Mokrin_EBA_Maros.SG,3900.0,0.8093385696411133,0.33940214009585407,0.12875791138500706,0.8513879230879705
MOK30.SG,Serbia,Serbia_Mokrin_EBA_Maros.SG,3900.0,0.616777777671814,0.33100285722860384,0.13771156823331346,0.8701772873255429
MOK31.SG,Serbia,Serbia_Mokrin_EBA_Maros_oAegean.SG,3900.0,0.6055256724357605,0.34622734996165866,0.1163864607518085,0.904597458764583
MOK32.SG,Serbia,Serbia_Mokrin_EBA_Maros.SG,3900.0,0.6209423542022705,0.32823958518336227,0.1158716323990443,0.8403372132020599
MOK33.SG,Serbia,Serbia_Mokrin_EBA_Maros.SG,3900.0,0.6439372301101685,0.33592418528565876,0.14876720495960272,0.8461239935928779
MOK9B.SG,Serbia,Serbia_Mokrin_EBA_Maros.SG,3900.0,0.6486946940422058,0.3248111110727482,0.12099634030074208,0.8663890773898075
Goyet.SG,Belgium,Goyet_Neanderthal.SG,42436.0,0.8120490312576294,0.14136156865875757,-0.15878840486683296,-0.021210242383865326
Mezmaiskaya2.SG,Russia,Mezmaiskaya2_Neanderthal.SG,43449.0,0.5851941704750061,0.0730979396521273,0.3796900894091478,-0.09543172291878738
Spy.SG,Belgium,Spy_Neanderthal.SG,40922.0,0.3637333810329437,0.14518905161625134,-0.14140482039274796,-0.03010456688353148
VindijaG1.SG,Croatia,VindijaG1_Neanderthal.SG,50000.0,0.4513569474220276,0.6345628815701648,-0.03712241712816144,-0.138571467011405
RISE109.SG,Poland,Poland_EBA_Unetice.SG,3821.0,0.1714604794979095,-0.18600892678176695,1.8832187478244549,-0.22390325877106587
RISE150.SG,Poland,Poland_EBA_Unetice.SG,3744.0,0.5218314528465271,-0.177384657892139,1.874525263003924,-0.21036789741449569
RISE154.SG,Poland,Poland_EBA_Unetice.SG,3786.0,0.1369766592979431,-0.21216781017329808,1.892944167360004,-0.19319207032398203
RISE174.SG,Sweden,Sweden_IA.SG,1405.0,0.5276367664337158,-0.9279560088954293,2.4604089739983017,0.8266341077403637
RISE175.SG,Sweden,Sweden_BA.SG,3233.0,0.0907678976655006,-0.9294682220403755,2.389257244735258,0.8591922644119725
RISE240.SG,Russia,Russia_Remontnoye_EBA_Yamnaya.SG,4705.0,0.1753574311733245,-0.09228486671438199,0.6623237049654829,-0.1198134396183032
RISE247.SG,Hungary,Hungary_MBA_Vatya.SG,3607.0,0.1933329105377197,1.6931297747047551,0.0577861193832679,-0.1402767601040198
RISE276.SG,Denmark,Denmark_LBA.SG,2612.0,0.0735199078917503,-0.9481750941328639,0.8891839427352681,0.37193082857678444
RISE373.SG,Hungary,Hungary_Maros_EBA.SG,3751.0,0.2080772817134857,1.613556496035841,0.09708927529846216,-0.06584526056818692
RISE374.SG,Hungary,Hungary_Maros_EBA.SG,3643.0,0.1120961382985115,1.5814781314252713,0.14237919413880148,-0.08688598850038382
RISE431.SG,Poland,Poland_CordedWare_ProtoUnetice.SG,4125.0,0.0918944105505943,-0.1690731033531649,1.8887259382234103,-0.21206740194681345
RISE434.SG,Germany,Germany_CordedWare.SG,4703.0,0.0881750658154487,-0.27383124725663716,-0.1571157065807426,0.06885648614748127
RISE446.SG,Germany,Germany_CordedWare.SG,4486.0,0.1494112461805343,-0.4010117949561519,-0.19601691404412525,0.12835178145458734
RISE471.SG,Germany,Germany_BA.SG,3543.0,0.0882204845547676,-0.3288654921216369,-0.19349642644187187,0.027815039614353134
RISE479.SG,Hungary,Hungary_MBA_Vatya_o2.SG,3700.0,0.7161708474159241,1.608411291486396,0.04039247554451386,-0.06303397223645008
RISE47.SG,Denmark,Denmark_BA.SG,3380.0,0.0806220173835754,-0.9256127088978701,0.8738889409294109,0.4241751334385341
RISE480.SG,Hungary,Hungary_MBA_Vatya.SG,3550.0,0.1274658143520355,1.658071360882366,0.14241506268232157,-0.08080979601916478
RISE483.SG,Hungary,Hungary_MBA_Vatya.SG,3700.0,0.1031951829791069,1.6729778009690062,0.0820376998782253,-0.164073721315384
RISE484.SG,Hungary,Hungary_MBA_Vatya.SG,3700.0,0.128246009349823,1.6641066422691657,0.07019450290343518,-0.07732619422360171
RISE486.SG,Italy,Italy_North_Remedello_EBA.SG,3902.0,0.1530105471611023,-0.030682510943410273,-0.7215704419749808,0.18491952603006082
RISE487.SG,Italy,Italy_North_Remedello_C.SG,5207.0,0.1838261187076568,-0.06526553471641439,-0.7098063388271648,0.20582304273570065
RISE489.SG,Italy,Italy_North_Remedello_C.SG,4702.0,0.3873438537120819,-0.08975768788376537,-0.7049457145557745,0.1894282114059147
RISE546.SG,Russia,Russia_Remontnoye_EBA_Yamnaya.SG,4700.0,0.1382215768098831,-0.07957504965969527,0.7099889877522608,-0.10476030686491751
RISE547.SG,Russia,Russia_Remontnoye_EBA_Yamnaya.SG,4713.0,0.5122087001800537,-0.12067361018390435,0.6982898496093299,-0.12776714708688405
RISE548.SG,Russia,Russia_BA_Steppe_NorthCaucasus.SG,4600.0,0.596916675567627,-0.14193006340714018,0.7103196406770996,-0.10910170150673976
RISE550.SG,Russia,Russia_Kalmykia_EBA_Yamnaya.SG,4916.0,0.3837250769138336,-0.14670739923708584,0.6466950073002798,-0.11364236965513519
RISE552.SG,Russia,Russia_Kalmykia_EBA_Yamnaya.SG,4382.0,0.7816981673240662,-0.1097615058093348,0.6625754944145399,-0.09279764109433422
RISE555.SG,Russia,Russia_EBA_o1.SG,4598.0,0.1767337471246719,-0.12982906489717697,0.7053343345589397,-0.09467613403787266
RISE559.SG,Germany,Germany_Lech_BellBeaker_oEEF.SG,4278.0,0.1086330786347389,-0.36739851689818903,-0.13255076919359415,0.13777317777875667
RISE562.SG,Germany,Germany_BellBeaker.SG,4267.0,0.0518923960626125,-0.27048658062049463,-0.14275457064505923,0.04507844340050063
RISE563.SG,Germany,Germany_BellBeaker.SG,4411.0,0.1871951073408126,-0.39401374254009275,-0.16518066356782735,0.13586516286981143
RISE566.SG,Czechia,Czechia_BellBeaker.SG,4089.0,0.0941011980175972,-0.3914073614067042,0.017075783823747435,-0.12527812703941815
RISE568.SG,Czechia,Czechia_EarlyMedieval_EarlySlav.SG,1250.0,0.0501754656434059,-0.3551434318581577,0.06550810828904143,-0.14996700389996012
RISE569.SG,Czechia,Czechia_EarlyMedieval_EarlySlav.SG,1229.0,0.5822939276695251,-0.35160977852707337,0.09738497940781954,-0.13206007393570934
RISE577.SG,Czechia,Czechia_EBA_Starounetice.SG,4150.0,0.5901795029640198,-0.3833301111257518,0.13439270824012028,-0.10996216938955075
RISE586.SG,Czechia,Czechia_EBA_Unetice_oEEF.SG,4250.0,0.1489927470684051,-0.39701626184687805,0.08153476850785701,-0.13420168587060988
RISE61.SG,Denmark,Denmark_MN_B.SG,4569.0,0.1887255012989044,-0.8607439781805291,0.8580222704856689,0.3913048444091374
RISE71.SG,Denmark,Denmark_LN.SG,4040.0,0.1567615270614624,-0.8993321211768248,0.8827817616918514,0.36562499056030734
RISE94.SG,Sweden,Sweden_BattleAxe.SG,4487.0,0.4956533312797546,-0.9143982440032206,2.3989489506659325,0.8350024038701823
RISE97.SG,Sweden,Sweden_LN.SG,3895.0,0.4611549079418182,-0.9141093317837937,2.449161898766351,0.8113432726301552
RISE98.SG,Sweden,Sweden_LN.SG,4082.0,0.9108793139457704,-0.886368791933027,2.4740809692228876,0.845739615703948
Klei10.SG,Greece,Greece_North_N.SG,6348.0,0.850523054599762,1.8856594331462821,-0.4569087955492717,-0.02334094248166721
Pal7.SG,Greece,Greece_North_N.SG,6348.0,0.6846099495887756,1.9240499150646344,-0.47969302985207773,-0.0035172460107028443
Rev5.SG,Greece,Greece_North_N.SG,8316.0,0.6169334650039673,1.844150091129697,-0.4539514117896513,-0.021334782341434107
BR1.SG,Hungary,Hungary_EBA_Mako.SG,4026.0,0.4820646643638611,1.6652082234606722,0.023037760848998036,-0.10964107281048255
BR2.SG,Hungary,Hungary_LBA_EIA_Piliny_Kyjatice.SG,2858.0,0.9993438720703124,1.6305447908611381,0.14369685346760047,-0.005413334619735222
CO1.SG,Hungary,Hungary_Baden_LateCA.SG,5019.0,0.5935046672821045,1.7695077647892676,0.09576538883268025,-0.10953222710596522
IR1.SG,Hungary,Hungary_LBA_EIA_Piliny_Kyjatice.SG,2849.0,0.652025580406189,1.702952322380364,0.07501744742206562,-0.0574961364954542
KO1.SG,Hungary,Hungary_EN_Koros_oMesolithic.SG,7661.0,0.657396137714386,1.4451297875522524,0.05213252693957225,-0.08254850301227695
KO2.SG,Hungary,Hungary_EN_Koros_o.SG,7591.0,0.081675536930561,1.68673433582869,-0.018517342078468797,-0.11606962141228912
NE1.SG,Hungary,Hungary_MN_AVK.SG,7146.0,0.9747301936149596,1.6460896715631974,0.059868464781498605,-0.16699386066058788
NE2.SG,Hungary,Hungary_MN_AVK.SG,7094.0,0.1419960707426071,1.6435508508000098,0.1325063334087526,-0.016611014936537504
NE3.SG,Hungary,Hungary_MN_AVK_Bukk.SG,7077.0,0.0803916901350021,1.6908712886297617,0.11774616628781856,-0.10098514770196126
NE4.SG,Hungary,Hungary_MN_AVK.SG,7057.0,0.0703390836715698,1.6607069060377782,0.07976616954222572,-0.09055694732911942
NE5.SG,Hungary,Hungary_MN_AVK.SG,7058.0,0.5585504770278931,1.6372525683918857,0.12206188832986369,-0.05661336432888599
NE6.SG,Hungary,Hungary_MN_LBK.SG,7040.0,0.6352406740188599,1.6462930565568041,0.05595272761428674,-0.12902073023871516
NE7.SG,Hungary,Hungary_LN_Lengyel.SG,6367.0,0.614713728427887,1.7448096682125456,0.09822643699008897,-0.04821449006955051
ATP9.SG,Spain,Spain_BA.SG,3628.0,0.320086658000946,-1.1227684613750724,-2.309715867931801,0.08215701383665391
CB13.SG,Spain,Spain_EN.SG,7345.0,0.5996814370155334,-1.1051062347101366,-2.3387421469837353,0.08530016111347692
bally.SG,Ireland,Ireland_N.SG,5131.0,0.9744722843170166,-1.593827165699725,-0.06123755988445357,0.005956428831316449
rath1.SG,Ireland,Ireland_EBA.SG,3897.0,0.9989140629768372,-1.6325546049650248,-0.05416184923644101,-0.014393697976734938
rath2.SG,Ireland,Ireland_EBA.SG,3819.0,0.7782967686653137,-1.5656737567429897,-0.045810395922068696,0.001900825226920779
rath3.SG,Ireland,Ireland_EBA.SG,3580.0,0.544479250907898,-1.5862677682177602,-0.03927676801200938,0.013961925079914042
ANI160.AG,Bulgaria,Bulgaria_Varna_Chalcolithic.AG,6533.0,0.0534990318119525,1.3240831749944875,-0.3078654303545833,0.43760443767011087
ANI163.AG,Bulgaria,Bulgaria_Varna_Chalcolithic_contam.AG,6569.0,0.3547529578208923,1.3095313167862945,-0.316068940082086,0.45781447994076413
Bul10.AG,Bulgaria,Bulgaria_Sabrano_EBA.AG,4951.0,0.0576660595834255,1.3727592732016012,-0.3147503504971942,0.4639703632297092
Bul4.AG,Bulgaria,Bulgaria_EBA_Yamnaya_o.AG,4895.0,0.3177500963211059,1.3035167292133392,-0.3077347539132637,0.44826306462461674
Bul6.AG,Bulgaria,Bulgaria_BeliBreyag_EBA.AG,4450.0,0.3150891363620758,1.281183899617485,-0.30548745666621235,0.431482668270348
ANI159-ANI181.AG,Bulgaria,Bulgaria_Varna_Chalcolithic.AG,6566.0,0.3575728833675384,1.292941106660857,-0.3182335831921471,0.45696604943549357
Bon001.WGC.SG,Turkey,Turkey_Central_Boncuklu_PPN.WGC.SG,10032.0,0.0619328431785106,1.4421598453211786,-0.5622457212478142,0.5675501832500913
Bon002.WGC.SG,Turkey,Turkey_Central_Boncuklu_PPN.WGC.SG,10078.0,0.8897724747657776,1.4345607354593688,-0.5935442223548614,0.543285891718747
Bon004.WGC.SG,Turkey,Turkey_Central_Boncuklu_PPN.WGC.SG,10075.0,0.0895100086927414,1.47185894980471,-0.5995853469802105,0.543908805329707
Tep002.WGC.SG,Turkey,Turkey_Central_TepecikCiftlik_N.WGC.SG,8487.0,0.233908325433731,1.4421826676973868,-0.5779609359410025,0.5461994693564219
Tep003.WGC.SG,Turkey,Turkey_Central_TepecikCiftlik_N.WGC.SG,8419.0,0.3959349989891052,1.4286075124317978,-0.5966527277146267,0.5618348584397281
Tep004.WGC.SG,Turkey,Turkey_Central_TepecikCiftlik_N.WGC.SG,8237.0,0.2120050638914108,1.445546810041783,-0.6052392623487862,0.5565193705949344
Tep006.WGC.SG,Turkey,Turkey_Central_TepecikCiftlik_N_father.or.son.Tep004.WGC.SG,8099.0,0.0875708535313606,1.4718552140296672,-0.617149327017262,0.5822726029695197
Kostenki14.SG,Russia,Russia_Kostenki14_UP.SG,38052.0,0.8996003866195679,-0.037421694532786855,0.5423063690712353,-0.1481643678976069
I0017.SG,Sweden,Sweden_Mesolithic_HG.SG,7624.0,0.8747904300689697,-0.8987272268903842,2.4109212751371665,0.8525709974460988
3DT16.SG,UnitedKingdom,England_IA_Roman.SG,1750.0,0.4796591699123382,-1.4925599475116202,0.0883367480002046,-0.6249787903260768
3DT26.SG,UnitedKingdom,England_IA_Roman_oMiddleEast.SG,1750.0,0.6500418186187744,-1.286151562095174,0.0006153655870658442,-0.5001696350366205
6DT18.SG,UnitedKingdom,England_IA_Roman.SG,1750.0,0.6572380065917969,-1.548656977458934,0.11543209009319619,-0.5579401688296406
6DT21.SG,UnitedKingdom,England_IA_Roman.SG,1750.0,0.6812807321548462,-1.3917840169323734,0.18734708967674996,-0.6363175209155345
6DT22.SG,UnitedKingdom,England_IA_Roman.SG,1750.0,0.669748842716217,-1.4800835342556313,0.16337629989904942,-0.5813473385454163
6DT23.SG,UnitedKingdom,England_IA_Roman.SG,1750.0,0.4697582125663757,-1.5267621240583347,0.1185713396954161,-0.6115273858425531
6DT3.SG,UnitedKingdom,England_IA_Roman.SG,1750.0,0.8035900592803955,-1.4496081962944745,0.19559247956537965,-0.5445930702079098
M1489.SG,UnitedKingdom,England_IA_o.SG,2035.0,0.3924581408500671,-1.4857266429724363,0.1401326943535823,-0.6058527193677072
NO3423.SG,UnitedKingdom,England_EarlyMedieval_Saxon.SG,1200.0,0.6338481307029724,-1.5040815118881514,0.20559644789627463,-0.6125526470622787
I0156.SG,UnitedKingdom,England_IA_ERoman.SG,1981.0,0.5760758519172668,-1.5740597299963723,0.10400531086601836,-0.5452324500918964
I0157.SG,UnitedKingdom,England_EarlyMedieval_Saxon.SG,1227.0,0.918995201587677,-1.4669119963611132,0.11243199809112812,-0.6486150507794707
I0159.SG,UnitedKingdom,England_EarlyMedieval_Saxon.SG,1234.0,0.9042118787765504,-1.4650959067349716,0.09978684422847252,-0.5751436517905534
I0160.SG,UnitedKingdom,England_IA.SG,1973.0,0.9907737970352172,-1.5157980718514599,0.07409273810768886,-0.6121183450855396
I0161.SG,UnitedKingdom,England_EarlyMedieval_Saxon.SG,1157.0,0.5225241184234619,-1.4988865935124251,0.04991342231278076,-0.7155200492326714
I0769.SG,UnitedKingdom,England_EarlyMedieval_Saxon.SG,1449.0,0.8054926991462708,-1.48523930442914,0.11488068113635692,-0.6067700117089445
I0773.SG,UnitedKingdom,England_EarlyMedieval_Saxon.SG,1479.0,0.7177605032920837,-1.4645852882444768,0.23304529384933734,-0.6109959841318401
I0774.SG,UnitedKingdom,England_EarlyMedieval_Saxon.SG,1469.0,0.9587879180908204,-1.530477033132802,0.15798838112282515,-0.6326654193753956
I0777.SG,UnitedKingdom,England_EarlyMedieval_Saxon.SG,1465.0,0.9546266198158264,-1.508833116392272,0.14561237578171332,-0.6310284655213134
I0789.SG,UnitedKingdom,England_IA.SG,2163.0,0.5238565802574158,-1.4472571321657657,0.08817383959552863,-0.572741129763032
Ajvide52.SG,Sweden,Sweden_PWC.SG,4700.0,0.0539994314312934,-0.8960749224148685,2.4504323381256636,0.8729950499315975
Ajvide58.SG,Sweden,Sweden_PWC.SG,4700.0,0.8420600891113281,-0.8887145123264945,2.4498708015220294,0.8563858112021773
Ajvide70.SG,Sweden,Sweden_PWC.SG,4700.0,0.0981530621647834,-0.9295888800680214,2.410817740655412,0.8746471447752452
Gokhem2.SG,Sweden,Sweden_MN_TRB.SG,4928.0,0.5848178267478943,-0.9273604571784725,2.4498572112029926,0.8843848770978814
StoraForvar11.SG,Sweden,Sweden_Mesolithic.SG,7365.0,0.0723058059811592,-0.8945521505619474,2.401173512867933,0.8665836507242322
EHU001.AG,Spain,Spain_C_oSteppe.AG,4367.0,0.4527932703495025,-1.164879151585076,-2.4032637463070445,0.09016583560999633
VAD001.AG,Spain,Spain_EBA.AG,3641.0,0.4527932703495025,-1.1346906281928857,-2.4047410942509573,0.09477508808549587
VAD002.AG,Spain,Spain_EBA.AG,3650.0,0.4527932703495025,-1.1481327809724444,-2.3944405576042382,0.0739435953220361
VAD003.AG,Spain,Spain_EBA.AG,3650.0,0.4527932703495025,-1.173856749136517,-2.3859059064036723,0.0789391458680221
VAD004.AG,Spain,Spain_EBA.AG,3650.0,0.4527932703495025,-1.1023019806107786,-2.423837946933996,0.13078325440277852
VAD005.AG,Spain,Spain_EBA_oSteppe.AG,3590.0,0.4527932703495025,-1.1390812582607168,-2.386234712489717,0.09572859922604787
I10372.AG,Italy,Italy_Sicily_LBA.AG,3198.0,0.6647383570671082,-0.05410920671494125,-0.6567658526858251,0.17345167513546958
I10373.AG,Italy,Italy_Sicily_LBA_son.I3878.AG,3200.0,0.644402801990509,-0.06741040681867887,-0.7321408801586482,0.18402316330596966
I4064.AG,Italy,Italy_Sicily_MN.AG,6718.0,0.6669248342514038,-0.04192266415222887,-0.6887704539108649,0.19911829346982285
I10379.AG,NorthMacedonia,NorthMacedonia_IA.AG,2591.0,0.6499777436256409,1.3458491925413822,-0.6631667245184126,-0.32003104732379256
I10381.AG,NorthMacedonia,NorthMacedonia_IA.AG,2586.0,0.221910074353218,1.3512601325220202,-0.666801929090211,-0.33213116241874974
I10382.AG,NorthMacedonia,NorthMacedonia_IA.AG,2550.0,0.0755515173077583,1.3646606972375406,-0.6728238192758497,-0.32856120150366386
I10383.AG,NorthMacedonia,NorthMacedonia_IA.AG,2607.0,0.6638267636299133,1.3745765861512798,-0.6786714946224794,-0.35304884695418687
I10384.AG,NorthMacedonia,NorthMacedonia_IA.AG,2550.0,0.6533921360969543,1.3444849237173522,-0.6619481529309952,-0.3256485811582252
I10385.AG,NorthMacedonia,NorthMacedonia_IA.AG,2591.0,0.6816959977149963,1.3553365129895318,-0.6625532593005268,-0.3545116330811736
I10387.AG,NorthMacedonia,NorthMacedonia_IA.AG,2550.0,0.4395841658115387,1.3560826953590606,-0.6731923975671996,-0.33100023047397786
I10388.AG,NorthMacedonia,NorthMacedonia_IA.AG,2658.0,0.6719458699226379,1.353057824171723,-0.6642865368125763,-0.324391940338616
I10389.AG,NorthMacedonia,NorthMacedonia_IA.AG,2550.0,0.1570097059011459,1.3394412311964996,-0.6640824260342496,-0.33777878907656556
I10390.AG,NorthMacedonia,NorthMacedonia_Classical_Hellenistic.AG,2343.0,0.6768890619277954,1.350878861406034,-0.6564525945318173,-0.3471366067999504
I10391.AG,NorthMacedonia,NorthMacedonia_Classical_Hellenistic.AG,2250.0,0.6530093550682068,1.3561241606472747,-0.6748854048813829,-0.34958684548808583
I10392.AG,NorthMacedonia,NorthMacedonia_Classical_Hellenistic_o.AG,2250.0,0.6682573556900024,1.3431831679610204,-0.6613521071887682,-0.312140776716276
I10412.AG,Moldova,Moldova_MBA_MultiCordonedWare.AG,3900.0,0.605865478515625,0.6538624448086325,0.4724579115910212,-0.3477340712424155
I10420.AG,Moldova,Moldova_BA.AG,3950.0,0.635152280330658,0.6358669606723802,0.45676685538891587,-0.3480250368692731
I10421.AG,Moldova,Moldova_BA.AG,3950.0,0.3554131090641022,0.682107661212234,0.4624045092013684,-0.34827927765441924
I10430.AG,Turkey,Turkey_Marmara_Ilipinar_Byzantine3.AG,1218.0,0.6717317700386047,1.3980845223933032,-0.587226542771225,0.5795956142074584
I10436.AG,Moldova,Moldova_MBA_MultiCordonedWare.AG,3860.0,0.6460986137390137,0.6371388051900626,0.45814459383628886,-0.3457109962154413
I10438.AG,Moldova,Moldova_LBA_Sabatinovka.AG,3450.0,0.2660239636898041,0.6450949004947876,0.4716553372185009,-0.34542590552621344
I10479.AG,Romania,Romania_BA_Arman.AG,3932.0,0.4478452503681183,1.256030821259316,0.42682209400232046,0.2160558090847654
I10480.AG,Romania,Romania_BA_Arman.AG,3931.0,0.5364631414413452,1.2667798513702941,0.45826989738845175,0.2441765795764097
I10481.AG,Romania,Romania_BA_Arman.AG,3950.0,0.123988963663578,1.3027095510326119,0.39817242891964133,0.19070941384797113
I10483.AG,Romania,Romania_BA_Arman.AG,3950.0,0.3216559886932373,1.2794241357336034,0.4241177092754549,0.1904846697879523
I10494.AG,Romania,Romania_BA_1.AG,4914.0,0.6026562452316284,1.270572055003476,0.43123225847579766,0.20713579597301127
I10495.AG,Romania,Romania_Medieval.AG,943.0,0.6767544150352478,1.3116669026340044,0.4305657414735105,0.181208295841686
I10542.AG,Turkey,Turkey_Marmara_Ilipinar_Chalcolithic.AG,5461.0,0.6766773462295532,1.4383783486236519,-0.6115476471645843,0.5461953307352101
I10545.AG,Turkey,Turkey_Marmara_Ilipinar_Chalcolithic.AG,6450.0,0.5617613196372986,1.4334541194950576,-0.6676315961933753,0.5536479285415074
I10546.AG,Turkey,Turkey_Marmara_Ilipinar_Byzantine2.AG,1250.0,0.446342408657074,1.4319587581466018,-0.6267214836983263,0.5668466194964484
I10547.AG,Turkey,Turkey_Marmara_Ilipinar_Chalcolithic.AG,6450.0,0.3819059431552887,1.4762124844047013,-0.650192527967097,0.5631545172474614
I10548.AG,Bulgaria,Bulgaria_Medieval.AG,825.0,0.7001004815101624,1.3614359414278197,-0.30089229952150237,0.45239747835320515
I10552.AG,Italy,Italy_Sardinia_LBA.AG,3234.0,0.7102877497673035,-0.14991904637423692,-0.7541862889964079,0.21820722455599345
I10553.AG,Italy,Italy_Sardinia_LBA.AG,3110.0,0.6872514486312866,-0.08278492908962297,-0.7380849606294123,0.19045967962249247
I10554.AG,Italy,Italy_Sardinia_LBA.AG,3122.0,0.6772158741950989,-0.097779911573956,-0.7182818184534381,0.20175951138198805
I10558.AG,Romania,Romania_BA_Arman.AG,3958.0,0.6281507015228271,1.2680987438409241,0.4357951421830198,0.2054867337505296
I10559.AG,Romania,Romania_BA_Arman_o.AG,3950.0,0.0866738632321357,1.2554303823032797,0.4237202345530789,0.18511939918429482
I10561.AG,Romania,Romania_BA_Arman.AG,3888.0,0.0569515489041805,1.2921643519775907,0.4187939334262293,0.22524920896951395
I10562.AG,Romania,Romania_BA_Arman.AG,3950.0,0.2429698705673217,1.2847683808319956,0.43303347524959246,0.20882014598494725
I10768.AG,Israel,Israel_MLBA.AG,3500.0,0.3117225766181946,1.4390759743206734,-1.0314826514560622,0.966441114405339
I10769.AG,Israel,Israel_MLBA_brother.I10770.AG,3450.0,0.6128581166267395,1.4344562996361065,-1.0134744206002744,0.975197335392961
I10770.AG,Israel,Israel_MLBA.AG,3450.0,0.6182100176811218,1.4298501164997495,-1.0033823758288976,0.9606490138995691
I10771.AG,Israel,Israel_MLBA.AG,3550.0,0.3934962451457977,1.436928877674464,-0.9969816833822436,0.9560603308609574
I10852.AG,Spain,Spain_Medieval.AG,908.0,0.2646127939224243,-1.1240820416489756,-2.3671075270808832,0.04688781300283346
I10853.AG,Spain,Spain_Medieval.AG,876.0,0.2145111262798309,-1.0962666582309222,-2.36851437014937,0.0842581015800505
I10866.AG,Spain,Spain_Roman_oMixed.AG,1947.0,0.6827065348625183,-1.1306162669888313,-2.3537041434885757,0.07761224511177998
I10892.AG,Spain,Spain_Medieval.AG,950.0,0.4729025661945343,-1.1422346661657203,-2.4077607273714823,0.07832628887241985
I10895.AG,Spain,Spain_Medieval.AG,1038.0,0.5365020632743835,-1.113896375435387,-2.3798478639643776,0.06701122031209232
I10897.AG,Spain,Spain_Medieval.AG,828.0,0.1005739569664001,-1.0394503428356228,-2.357370125910482,0.09269336010452657
I10899.AG,Spain,Spain_Cariguela_UP.AG,24450.0,0.4011312127113342,-1.0916627680589344,-2.2585958991990727,0.06468215744770267
I11033.AG,UnitedKingdom,England_EastYorkshire_EIA_MIA.AG,2421.0,0.6856366991996765,-1.5528444992033807,0.07563233386900832,-0.6233766663678344
I11034.AG,UnitedKingdom,England_EastYorkshire_MIA_LIA.AG,2175.0,0.6658226847648621,-1.53944725764453,0.05637748266160338,-0.6104874097369314
I11094.AG,Israel,Israel_Medieval_oNAfrica_sister.I11095.AG,400.0,0.3188660740852356,1.427139116589267,-1.017984332383777,0.9609427472419607
I11095.AG,Israel,Israel_Medieval_oNAfrica.AG,400.0,0.5917285680770874,1.4059455384851132,-1.0234464664553424,0.9468732279482436
I11134.AG,Bulgaria,Bulgaria_N.AG,7725.0,0.6257833242416382,1.285900390498547,-0.3061027589443656,0.4283050932203953
I11135.AG,Bulgaria,Bulgaria_N.AG,7725.0,0.6526808738708496,1.305121143293717,-0.3097626222659049,0.4500917035060599
I11142.AG,UnitedKingdom,England_LIA.AG,2067.0,0.6455641388893127,-1.4939370550543678,0.060333467292879424,-0.5975686190842483
I11143.AG,UnitedKingdom,England_MIA_LIA.AG,2145.0,0.6490191221237183,-1.468171232051301,0.1393274556851866,-0.6561109237022675
I11144.AG,UnitedKingdom,England_LIA.AG,1976.0,0.6724519729614258,-1.418775493554177,0.03298768751816086,-0.6263208190574627
I11145.AG,UnitedKingdom,England_LIA.AG,2022.0,0.6769936680793762,-1.5700501825355109,0.1525999341737537,-0.487881664671146
I11146.AG,UnitedKingdom,England_MIA.AG,2250.0,0.1367000937461853,-1.4936573428684852,0.11133449007975547,-0.619599428366405
I11147.AG,UnitedKingdom,England_MIA.AG,2241.0,0.6702581644058228,-1.5047396274642657,0.20581593749933627,-0.5955276895058468
I11148.AG,UnitedKingdom,England_MIA.AG,2292.0,0.6659224033355713,-1.5720079109307459,0.10015445168216702,-0.5386338934228733
I11149.AG,UnitedKingdom,England_EIA.AG,2443.0,0.6605615615844727,-1.4754548395065765,0.08252348917194777,-0.6627328709749912
I11150.AG,UnitedKingdom,England_MIA.AG,2227.0,0.6670675873756409,-1.5138420447928969,0.07447045578719233,-0.5798048455334754
I11151.AG,UnitedKingdom,England_MIA.AG,2227.0,0.662316620349884,-1.5162938076412662,0.10259945876153538,-0.7326638311573946
I11152.AG,UnitedKingdom,England_MIA_LIA.AG,2179.0,0.6742029190063477,-1.468277335495097,0.053917301226855535,-0.6894589734795703
I11153.AG,UnitedKingdom,England_MIA.AG,2285.0,0.6838711500167847,-1.4997050400414011,-0.01622269811626379,-0.6598713568221503
I11154.AG,UnitedKingdom,England_EIA.AG,2469.0,0.6561325788497925,-1.5910672939297157,0.09065895415756076,-0.623569231905576
I11156.AG,UnitedKingdom,England_MIA.AG,2229.0,0.6763667464256287,-1.5782771521799341,0.08586903250039944,-0.5815535437148166
I11248.AG,Spain,Spain_MLN.AG,5050.0,0.7016316652297974,-1.1414592552010905,-2.372799461614547,0.08972350450744332
I11249.AG,Spain,Spain_MLN.AG,5050.0,0.6153982281684875,-1.1060685126093863,-2.3547453437428105,0.08891873376436278
I11270.AG,Bulgaria,Bulgaria_N.AG,7725.0,0.2796434462070465,1.3018537991135581,-0.3069826211880002,0.43757338773767385
I11300.AG,Spain,Spain_MLN.AG,5050.0,0.0554041191935539,-1.1241814465426498,-2.358696343454423,0.029519924378345577
I11301.AG,Spain,Spain_MLN.AG,5050.0,0.4488192796707153,-1.1510684153558304,-2.373334783635698,0.05977300719887613
I11303.AG,Spain,Spain_MLN.AG,4900.0,0.0618955343961715,-1.1399806438308373,-2.395223159550962,0.07951195170343305
I11304.AG,Spain,Spain_MLN.AG,4900.0,0.0592045672237873,-1.155360711099254,-2.3572658664267667,0.1285885121283545
I11305.AG,Spain,Spain_MLN.AG,4900.0,0.4225202798843384,-1.0961416818633172,-2.415604739994597,0.06440438418097433
I11306.AG,Spain,Spain_MLN.AG,4900.0,0.367936909198761,-1.13579235164093,-2.3776176304919616,0.07397517768855794
I11567.AG,UnitedKingdom,England_EarlyMedieval.AG,1294.0,0.0760324522852897,-1.487875992614563,0.07792262956100722,-0.5656442224873535
I11569.AG,UnitedKingdom,England_EarlyMedieval.AG,1350.0,0.2275174707174301,-1.5331453402375166,0.10494734918907206,-0.6642417015605764
I11571.AG,UnitedKingdom,England_EarlyMedieval.AG,1350.0,0.2172475010156631,-1.5002275992055685,0.15848171877359246,-0.6230383877544581
I11574.AG,UnitedKingdom,England_EarlyMedieval.AG,1321.0,0.0606944113969802,-1.5043364619597637,0.15966187730447087,-0.5956444269117094
I11576.AG,UnitedKingdom,England_EarlyMedieval.AG,1326.0,0.0790640488266944,-1.5542601753216836,0.07431891223142613,-0.6266900177574144
I11577.AG,UnitedKingdom,England_EarlyMedieval.AG,1350.0,0.0711679458618164,-1.497469711196026,0.08647263245774718,-0.6471113902945531
I11579.AG,UnitedKingdom,England_EarlyMedieval.AG,1436.0,0.2530605792999267,-1.5167308814289688,0.1239569819142149,-0.5783255756530759
I11581.AG,UnitedKingdom,England_EarlyMedieval.AG,1350.0,0.1712090671062469,-1.486596538667221,0.10072104823573591,-0.5787034507892652
I11583.AG,UnitedKingdom,England_EarlyMedieval_Saxon.AG,1450.0,0.3735629618167877,-1.5250794220004102,0.0674134395572483,-0.6276960798161465
I11584.AG,UnitedKingdom,England_EarlyMedieval_Saxon.AG,1450.0,0.2909231185913086,-1.457835242107188,0.1454584738940769,-0.5753373899240836
I11585.AG,UnitedKingdom,England_EarlyMedieval_Saxon.AG,1450.0,0.4409718215465545,-1.5277120326935774,0.08253024430005276,-0.579165077268864
I11586.AG,UnitedKingdom,England_EarlyMedieval_Saxon.AG,1450.0,0.4072106182575226,-1.5487369539792677,0.13691461581876022,-0.5820449196224372
I11587.AG,UnitedKingdom,England_EarlyMedieval_Saxon.AG,1450.0,0.5180788636207581,-1.4671778288637314,0.047149085296131384,-0.6280723190902473
I11588.AG,UnitedKingdom,England_EarlyMedieval_Saxon.AG,1450.0,0.190557599067688,-1.4893413705105107,0.1082857260669154,-0.6113246017251293
I11589.AG,UnitedKingdom,England_EarlyMedieval_Saxon.AG,1450.0,0.5913092494010925,-1.543942192457375,0.020561267736392972,-0.5732394724406088
I11590.AG,UnitedKingdom,England_EarlyMedieval_Saxon.AG,1450.0,0.5150237679481506,-1.5820366807684476,0.06183013667729026,-0.6728254485633689
I11592.AG,Portugal,Portugal_C.AG,4650.0,0.4991317987442016,-1.1447633483574782,-1.3837911618768697,0.23055166492663462
I11599.AG,Portugal,Portugal_C.AG,5050.0,0.3776456415653229,-1.1295148953242369,-1.3742156877022287,0.24156817417769375
I11601.AG,Portugal,Portugal_C.AG,5050.0,0.1237926930189132,-1.1540844175030085,-1.382938850903099,0.22527455049527612
I11604.AG,Portugal,Portugal_LN_Megalithic.AG,4725.0,0.0525379702448844,-1.1176097404661833,-1.3703172590168973,0.23853355335891785
I11605.AG,Portugal,Portugal_LN_Megalithic_father.or.son.I32555.AG,4725.0,0.4493788778781891,-1.1595356983848764,-1.3593525994967377,0.23782976789294158
I11614.AG,Portugal,Portugal_C.AG,4650.0,0.505146324634552,-1.1190878705582472,-1.3620118562321875,0.238333537350196
I11629.AG,Netherlands,Netherlands_MBA_LBA.AG,3200.0,0.2350105047225952,-1.265572651577378,0.13852319544587466,0.5801085775320636
I11699.AG,Austria,Austria_IA_LaTene.AG,2300.0,0.722650945186615,0.6215393801231813,-0.6718917670819795,-0.2633736487602936
I11701.AG,Austria,Austria_IA_LaTene.AG,2300.0,0.7343264222145081,0.6037542519347527,-0.6630645872782991,-0.21987845298136485
I11708.AG,Austria,Austria_IA_LaTene.AG,2300.0,0.6878297328948975,0.6181273713769176,-0.642971132523305,-0.18746148758425946
I11710.AG,Slovakia,Slovakia_LIA.AG,1967.0,0.7129105925559998,1.155225084573513,0.12144830494794429,-0.8135985785972176
I11712.AG,Slovakia,Slovakia_LIA_LaTene.AG,2011.0,0.6788379549980164,1.1648715839263961,0.09709469878818354,-0.8134299071759183
I11713.AG,Slovakia,Slovakia_LIA_LaTene.AG,2046.0,0.7245389819145203,1.1837305422449271,0.11412163815837433,-0.8188011967573829
I11715.AG,Slovakia,Slovakia_LIA_LaTene.AG,2046.0,0.2965905368328094,1.1713825306761931,0.10697672758121009,-0.8245598317415005
I11716.AG,Slovakia,Slovakia_LIA_LaTene.AG,2051.0,0.7307157516479492,1.155442020538422,0.130493555149097,-0.8319821863985577
I11717.AG,Slovakia,Slovakia_IA_Vekerzug.AG,2525.0,0.4473764598369598,1.1897572213771666,0.10911363997587922,-0.8210591901624292
I11719.AG,Slovakia,Slovakia_IA_Vekerzug.AG,2576.0,0.5374160408973694,1.191364024895878,0.12365384124161108,-0.8314433374814179
I11721.AG,Slovakia,Slovakia_IA_Vekerzug.AG,2525.0,0.6544716358184814,1.1576617795811688,0.1475974851660742,-0.8326488206381522
I11722.AG,Slovakia,Slovakia_IA_Vekerzug.AG,2525.0,0.7181505560874939,1.1699897147306417,0.12072207819814935,-0.8265455376418782
I11912.AG,Romania,Romania_Glavanesti_o1.AG,4250.0,0.0552654340863227,1.2483204127747123,0.4323393333492094,0.1832902875539321
I11971.AG,Netherlands,Netherlands_LBA.AG,3060.0,0.6167128682136536,-1.2717648120496448,0.13269002311456587,0.6023996016512395
I11972.AG,Netherlands,Netherlands_MBA.AG,3381.0,0.7273248434066772,-1.2407291920269174,0.13008324765876292,0.5870300998652679
I11973.AG,Netherlands,Netherlands_MBA.AG,3280.0,0.716041088104248,-1.2455307881465205,0.12650156280859093,0.6004280775153311
I11993.AG,UnitedKingdom,England_MIA_LIA.AG,2200.0,0.7170987129211426,-1.5202463214574082,0.14919146151825036,-0.6510243964562974
I11994.AG,UnitedKingdom,England_MIA_LIA.AG,2200.0,0.7194368839263916,-1.5534999141279007,0.10346625242907624,-0.6000140396295554
I11995.AG,UnitedKingdom,England_EIA.AG,2457.0,0.7031118273735046,-1.479081333737917,0.10454565660600104,-0.5939529025086149
I11997.AG,UnitedKingdom,England_MIA.AG,2227.0,0.7393855452537537,-1.4813116168527956,0.14953326629285532,-0.5530047344360088
I12031.AG,Spain,Spain_Visigoth.AG,1392.0,0.4788741171360016,-1.1000383537454108,-2.3499040837426075,0.09106096828004737
I12032.AG,Spain,Spain_Visigoth.AG,1392.0,0.1839331835508346,-1.1065465418853278,-2.3962148728863113,0.09089090058594765
I12034.AG,Spain,Spain_Visigoth.AG,1392.0,0.4354220032691955,-1.101752014955904,-2.3402032619477704,0.1106632960353099
I12081.AG,Netherlands,Netherlands_MBA.AG,3257.0,0.6697593331336975,-1.2744360796458694,0.13817065837231776,0.596786322243836
I12082.AG,Netherlands,Netherlands_MBA.AG,3300.0,0.6548665761947632,-1.248409165548255,0.12367663511686562,0.581553337982747
I12083.AG,Netherlands,Netherlands_MBA_LBA.AG,3100.0,0.6612030863761902,-1.264581312959129,0.114547537387562,0.586190971695756
I12097.AG,Slovakia,Slovakia_IA_Vekerzug.AG,2525.0,0.6697942614555359,1.1964362197258895,0.10639797046035356,-0.8520105498661031
I12098.AG,Slovakia,Slovakia_IA_Vekerzug.AG,2525.0,0.2277088761329651,1.1776567305243921,0.10909243007511961,-0.820473623950389
I12099.AG,Slovakia,Slovakia_IA_Vekerzug.AG,2525.0,0.611842691898346,1.182662635816657,0.09475417323509777,-0.8131069772086954
I12103.AG,Slovakia,Slovakia_IA_Vekerzug.AG,2525.0,0.542111873626709,1.1500834255578298,0.10437540969426974,-0.7998009759459463
I12105.AG,Slovakia,Slovakia_IA_Vekerzug.AG,2525.0,0.5362246632575989,1.1893960309958322,0.09276515568291617,-0.8342749525136121
I12106.AG,Slovakia,Slovakia_IA_Vekerzug.AG,2614.0,0.5508206486701965,1.1611145374434217,0.11353308625282163,-0.8049089060132883
I12107.AG,Slovakia,Slovakia_IA_Vekerzug.AG,2525.0,0.5879200100898743,1.1580847050696026,0.11558444169930435,-0.7963966843003115
I12110.AG,Slovakia,Slovakia_IA_Vekerzug.AG,2525.0,0.5904009342193604,1.1946915630718018,0.1238778695968592,-0.8772780972833231
I12162.AG,Spain,Spain_Visigoth.AG,1392.0,0.373283177614212,-1.1034584224036514,-2.3619110809402666,0.057918981466241366
I12163.AG,Spain,Spain_Visigoth.AG,1392.0,0.3596036732196808,-1.138230632397405,-2.3694811428169436,0.11467662197594636
I12208.AG,Spain,Spain_MBA.AG,3250.0,0.733272910118103,-1.1698870228884184,-2.4058973709295692,0.06455132385817106
I12209.AG,Spain,Spain_MBA.AG,3250.0,0.7602085471153259,-1.129808093720194,-2.3911189866347935,0.08389677081552545
I12221.AG,Italy,Italy_Sardinia_EarlyMedieval.AG,1005.0,0.0674104839563369,-0.13444183717073205,-0.7019949474301957,0.1724666602785681
I12317.AG,UnitedKingdom,Scotland_N_mediumlowEEF.AG,5448.0,0.5551060438156128,-1.5107430639975725,0.02538405958675783,-0.5662106367504889
I12410.AG,Spain,Spain_IA.AG,2375.0,0.6925336718559265,-1.1306897791282944,-2.357535218050823,0.11174164436136112
I12411.AG,UnitedKingdom,England_EastYorkshire_MIA_LIA.AG,2175.0,0.6817073225975037,-1.3708461046086189,0.04220452246248696,-0.6455822683785352
I12412.AG,UnitedKingdom,England_EastYorkshire_MIA.AG,2238.0,0.6963949203491211,-1.654349608571101,-0.020498219948784067,-0.6454364895999416
I12413.AG,UnitedKingdom,England_EastYorkshire_MIA_LIA.AG,2175.0,0.7097670435905457,-1.5335162107143712,0.03240158977689245,-0.5633594284762456
I12414.AG,UnitedKingdom,England_EastYorkshire_MIA_LIA.AG,2175.0,0.7051450610160828,-1.5211305489200126,0.07020979805104047,-0.6095415197058488
I12415.AG,UnitedKingdom,England_EastYorkshire_MIA_LIA.AG,2175.0,0.6892027854919434,-1.6021462876337498,0.21860742237855899,-0.5405919376659961
I12440.AG,UnitedKingdom,England_N_Megalithic_son.I30300.son.I30302.brother.I30299.AG,5600.0,0.5985094904899597,-1.520639084212218,0.0821551779752885,-0.6996065564180975
I12510.AG,Moldova,Moldova_MBA.AG,4003.0,0.5622090101242065,0.6378580043274314,0.46847245569544116,-0.3442493811269664
I12514.AG,Spain,Spain_Islamic.AG,854.0,0.4344552755355835,-1.130198434976306,-2.339000999911752,0.08322907887233753
I12515.AG,Spain,Spain_Islamic.AG,750.0,0.4983361959457397,-1.1592437071560198,-2.366193325935963,0.0982754675715564
I12516.AG,Spain,Spain_Islamic.AG,937.0,0.3679644763469696,-1.1184001824357113,-2.3373797326218066,0.10624013360745717
I12640.AG,Spain,Spain_IA.AG,2550.0,0.0528242588043212,-1.1687009716582815,-2.40415983367148,0.05816366033186993
I12641.AG,Spain,Spain_IA.AG,2599.0,0.0628468617796897,-1.1423696779268342,-2.4358595859291787,0.07918222948754369
I12644.AG,Spain,Spain_Islamic.AG,750.0,0.4739528298377991,-1.0898384827538912,-2.3261346723050824,0.10267465035407322
I12647.AG,Spain,Spain_Islamic.AG,750.0,0.532598614692688,-1.098202917714553,-2.3545937975300895,0.07372627463495342
I12649.AG,Spain,Spain_Islamic.AG,750.0,0.1194715723395347,-1.0480845474471785,-2.344472305569731,0.0812189358098944
I12770.AG,UnitedKingdom,England_MIA.AG,2225.0,0.6973219513893127,-1.5178206854747867,0.10278220847568456,-0.6002982566044394
I12771.AG,UnitedKingdom,England_MIA.AG,2326.0,0.717814028263092,-1.4932198348762333,0.15553072479252608,-0.6166289612764163
I12772.AG,UnitedKingdom,England_IA.AG,2329.0,0.6926982998847961,-1.4427290571154459,0.17914670337989347,-0.5984827740730359
I12774.AG,UnitedKingdom,England_EIA_highEEF.AG,2554.0,0.7156347632408142,-1.4921750336169872,-0.018868070725065966,-0.5782350887686888
I12775.AG,UnitedKingdom,England_MIA.AG,2225.0,0.6798955202102661,-1.533012141770504,0.1199598638786928,-0.4502266382899742
I12776.AG,UnitedKingdom,England_C_EBA_highEEF.AG,3778.0,0.673331081867218,-1.4600593564342448,0.08009988975463726,-0.7138196898834223
I12778.AG,UnitedKingdom,England_MIA.AG,2230.0,0.7215893268585205,-1.4342815433840936,0.04973748916436569,-0.5563165245494617
I12779.AG,UnitedKingdom,England_MIA_lowEEF.AG,2225.0,0.7454779744148254,-1.4826973389116194,0.1207054410568566,-0.6053440723009522
I12783.AG,UnitedKingdom,England_EIA.AG,2599.0,0.6058200597763062,-1.4847236213089812,0.06239477037830074,-0.5541851789677474
I12785.AG,UnitedKingdom,England_LIA.AG,2051.0,0.695819079875946,-1.4818989881274187,0.08275158674433278,-0.5900849326022657
I12786.AG,UnitedKingdom,England_C_EBA.AG,4137.0,0.5640094876289368,-1.4452591721514652,0.1372402060903736,-0.6392148702693589
I12787.AG,UnitedKingdom,England_EIA.AG,2391.0,0.6063504815101624,-1.487893091926261,0.052612089203835914,-0.5886103106464367
I12790.AG,UnitedKingdom,England_MIA_LIA.AG,2200.0,0.647608757019043,-1.5613614083132068,0.20007099128263026,-0.6382192384346307
I12791.AG,UnitedKingdom,England_LIA.AG,2051.0,0.6684990525245667,-1.5282667734752278,0.10768336161891108,-0.590277805941477
I12792.AG,UnitedKingdom,England_MIA_LIA_mother.I12793.AG,2200.0,0.5706314444541931,-1.5672349752229089,0.15328405241161047,-0.49251411713505977
I12793.AG,UnitedKingdom,England_MIA_LIA.AG,2200.0,0.6546857357025146,-1.5291621389510384,0.12751071889837523,-0.5394309364937147
I12878.AG,Spain,Spain_IA.AG,2360.0,0.1394737958908081,-1.0964216040591268,-2.3816781481138185,0.06591131139868411
I12879.AG,Spain,Spain_IA.AG,2429.0,0.2386706322431564,-1.1760887039751022,-2.377556487816498,0.090587051695306
I12900.AG,Netherlands,Netherlands_LNB_BellBeaker.AG,4239.0,0.0713852941989898,-1.2782704230262703,0.12492876919394266,0.5864042592073639
I12903.AG,Netherlands,Netherlands_EIA.AG,2600.0,0.0649457871913909,-1.2660375007222828,0.12591687836399126,0.6003768808594704
I12905.AG,Netherlands,Netherlands_EIA.AG,2500.0,0.1593413800001144,-1.262390657061514,0.14337532450342405,0.5826621246582151
I12906.AG,Netherlands,Netherlands_MIA_LIA.AG,2210.0,0.2717424631118774,-1.250736040415526,0.11703592870451439,0.5623632326726288
I12907.AG,Netherlands,Netherlands_MIA_LIA.AG,2176.0,0.2778924405574798,-1.2492089636646342,0.12734465708819453,0.5731969107339482
I12926.AG,UnitedKingdom,England_MIA_LIA.AG,2200.0,0.6305505037307739,-1.5114542987575355,0.15363832188771148,-0.67817580029328
I12927.AG,UnitedKingdom,England_LIA.AG,1825.0,0.7031401991844177,-1.4635875778042198,0.1256443359901094,-0.6022382005389947
I12931.AG,UnitedKingdom,England_LIA.AG,1825.0,0.587981641292572,-1.470547219605455,0.08602992010337195,-0.5502113463256731
I12932.AG,UnitedKingdom,England_LIA.AG,1825.0,0.704319417476654,-1.46100757677429,0.11705681792366088,-0.6338991952837768
I12935.AG,UnitedKingdom,England_EBA_highEEF.AG,4000.0,0.6126893758773804,-1.5484559767727524,0.06783731796675359,-0.5397863443759255
I12991.AG,Slovakia,Slovakia_EBA_Nitrianska.AG,1133.0,0.6242797374725342,1.1455645412617852,0.1147862154518749,-0.8254206685948677
I13025.AG,Netherlands,Netherlands_LNB_EBA_BellBeaker.AG,3958.0,0.7052894234657288,-1.2708692519637435,0.1465427058887664,0.5965136357127148
I13026.AG,Netherlands,Netherlands_LNB_EBA_BellBeaker.AG,3951.0,0.0786836817860603,-1.2560196909314003,0.16076708097669695,0.5811971436576836
I13027.AG,Netherlands,Netherlands_LNB_EBA_BellBeaker.AG,4039.0,0.5451913475990295,-1.2895694222265883,0.10810160819003607,0.6509368977719153
I13028.AG,Netherlands,Netherlands_LNB_BellBeaker.AG,4250.0,0.7314545512199402,-1.2586501248288633,0.12061832532249693,0.5574064210209267
I13125.AG,Italy,Italy_Sicily_IA_Sicani.AG,2550.0,0.3339056372642517,-0.023334114047174333,-0.6857809598216528,0.18950845167276464
I13167.AG,Montenegro,Montenegro_MLBA.AG,3090.0,0.7190378308296204,2.5490106441915867,3.2081989056214386,-13.840237693902496
I13168.AG,Montenegro,Montenegro_MLBA.AG,3293.0,0.7267052531242371,2.553860273052714,3.2317646077184867,-13.813907135505035
I13169.AG,Montenegro,Montenegro_MLBA.AG,3287.0,0.7212819457054138,2.5347855803684234,3.189763762444337,-13.823080507452344
I13171.AG,Montenegro,Montenegro_MLBA.AG,3175.0,0.674558162689209,2.556693273007629,3.22143095063067,-13.862685739079597
I13172.AG,Montenegro,Montenegro_MLBA.AG,3207.0,0.7150841355323792,2.549595584385514,3.205133670795497,-13.846714585345008
I13376.AG,Italy,Italy_Sicily_IA.AG,2650.0,0.7367278337478638,-0.024988365523448394,-0.7628990146512618,0.1929929925485178
I13377.AG,Italy,Italy_Sicily_IA.AG,2650.0,0.7265503406524658,-0.04732884548272393,-0.7287117803778883,0.165936644979859
I13378.AG,Italy,Italy_Sicily_IA.AG,2650.0,0.7193160057067871,-0.03291157150416351,-0.7177828158925573,0.1759768764860643
I13379.AG,Italy,Italy_Sicily_IA.AG,2650.0,0.4298794865608215,-0.02603778336069111,-0.7199457330004597,0.19442208635398994
I13380.AG,Italy,Italy_Sicily_IA.AG,2650.0,0.7188091278076172,-0.03740156391695396,-0.7476182108608738,0.16957205539018855
I13381.AG,Italy,Italy_Sicily_IA.AG,2650.0,0.7325502634048462,-0.09251561974807378,-0.7724471672780275,0.17364227921056885
I13382.AG,Italy,Italy_Sicily_IA.AG,2650.0,0.3548194468021393,-0.04743518682117976,-0.7182643949957674,0.1824203765301561
I13383.AG,Italy,Italy_Sicily_IA.AG,2733.0,0.7639246582984924,-0.09910393504933944,-0.7031497453837913,0.2923187185566729
I13384.AG,Italy,Italy_Sicily_IA.AG,2650.0,0.564555287361145,-0.08291906326291396,-0.6982606156328576,0.20992981375139494
I13385.AG,Italy,Italy_Sicily_IA.AG,2592.0,0.761782705783844,-0.13814919393656977,-0.7632417468332925,0.23034391998520842
I13386.AG,Italy,Italy_Sicily_IA.AG,2650.0,0.7196517586708069,-0.03021473402396059,-0.7028033526061711,0.23646991147375301
I13387.AG,Italy,Italy_Sicily_IA.AG,2650.0,0.6964005827903748,-0.020263026447172643,-0.7126202953662638,0.20328904979609894
I13389.AG,Italy,Italy_Sicily_IA.AG,2650.0,0.7077240943908691,-0.0541930332618909,-0.7315335479290006,0.18746964832692423
I13390.AG,Italy,Italy_Sicily_IA.AG,2650.0,0.6929942965507507,-0.02633894431624569,-0.7826403172220877,0.22262473976362987
I13391.AG,Italy,Italy_Sicily_IA.AG,2650.0,0.7400716543197632,0.027650809902430618,-0.7627640204056073,0.23197697862839892
I13392.AG,Italy,Italy_Sicily_IA.AG,2650.0,0.7283086180686951,-0.15481709758735282,-0.6113848713728212,0.20174149234306904
I13393.AG,Italy,Italy_Sicily_IA.AG,2650.0,0.6664341688156128,-0.013317406060744746,-0.6768852979306696,0.182701950714946
I13394.AG,Italy,Italy_Sicily_IA.AG,2684.0,0.739265501499176,-0.03927149042653277,-0.7139288776300978,0.1945537383135175
I13395.AG,Italy,Italy_Sicily_IA.AG,2650.0,0.6282131671905518,-0.046305964822241266,-0.7775967896173728,0.18958768308355076
I13458.AG,Slovakia,Slovakia_EBA_Nitrianska.AG,1107.0,0.6943106055259705,1.1732582743155449,0.1109914535160659,-0.8227740011570223
I13467.AG,Czechia,Czechia_EBA_CordedWare_2.AG,4289.0,0.7297838926315308,-0.38495632932862134,0.02661365930985382,-0.10899367486993297
I13468.AG,Czechia,Czechia_EBA_Unetice.AG,3950.0,0.7024094462394714,-0.35510292551853356,0.09080165707977374,-0.16851656820841882
I13469.AG,Czechia,Czechia_EBA_Unetice.AG,3945.0,0.693234384059906,-0.37182677500845346,0.07206093043890477,-0.12327639165732517
I13470.AG,Czechia,Czechia_EBA_Unetice.AG,3943.0,0.7080541849136353,-0.34827067086929925,0.01987502884988414,-0.14308188394320884
I13471.AG,Czechia,Czechia_EBA_Unetice.AG,3950.0,0.7145301699638367,-0.39367903485058514,0.07426725626893381,-0.1410121554103616
I13510.AG,Greece,Greece_PalaceOfNestor_BA.AG,3278.0,0.0776569247245788,1.935983213521359,-0.504671443836455,-0.017615043313603466
I13615.AG,UnitedKingdom,England_MIA.AG,2250.0,0.5962905287742615,-1.586572768447128,0.09982362916539168,-0.6717529164635939
I13620.AG,France,France_SouthEast_IA2.AG,2250.0,0.1750451922416687,-0.973199224659708,-0.8764702003330284,-0.023028895608019462
I13623.AG,France,France_SouthEast_IA2.AG,2250.0,0.2334898263216018,-0.9495074917695085,-0.8402911408491395,-0.01299605053613221
I13680.AG,UnitedKingdom,England_MIA.AG,2224.0,0.3550879061222076,-1.4999309104568912,0.17287147667535163,-0.5905028008863601
I13685.AG,UnitedKingdom,England_MIA.AG,2265.0,0.6091079115867615,-1.4882953823868401,0.03803738723113722,-0.5530687739366206
I13687.AG,UnitedKingdom,England_MIA.AG,2222.0,0.6677820682525635,-1.5451683185328084,0.13557308215062558,-0.6053777479794704
I13688.AG,UnitedKingdom,England_EIA.AG,2589.0,0.5739931464195251,-1.5597717983617492,0.01836761318217985,-0.5368630056341732
I13689.AG,UnitedKingdom,England_EIA.AG,2531.0,0.5646647810935974,-1.535269284112688,0.15141869460121773,-0.6214763808878724
I13711.AG,UnitedKingdom,England_LBA_lowEEF.AG,2928.0,0.7209226489067078,-1.4189289954969198,0.140880349274881,-0.6108079879633908
I13712.AG,UnitedKingdom,England_LBA.AG,2914.0,0.7056803107261658,-1.5166049735699474,0.07093924930206295,-0.6805774978537451
I13713.AG,UnitedKingdom,England_LBA.AG,2912.0,0.7076389193534851,-1.4869327344909316,0.1503805005300407,-0.6412157548279442
I13714.AG,UnitedKingdom,England_MBA.AG,3423.0,0.6911078691482544,-1.4066925307254499,0.10092085128130625,-0.5872991926040956
I13717.AG,UnitedKingdom,England_MIA.AG,2259.0,0.6957980394363403,-1.5376361455771501,0.05962819855958257,-0.7228590210370224
I13727.AG,UnitedKingdom,England_MIA.AG,2243.0,0.7187750935554504,-1.4784972155260994,-0.03925394740933061,-0.6305538841594024
I13728.AG,UnitedKingdom,England_MIA.AG,2227.0,0.714970588684082,-1.4775847878057782,0.10279904552527294,-0.685005127401883
I13729.AG,UnitedKingdom,England_MIA.AG,2350.0,0.7011280655860901,-1.5411348680594816,0.22732212468455423,-0.6514609722040196
I13730.AG,UnitedKingdom,England_MIA.AG,2237.0,0.6942254304885864,-1.5069225918368154,0.1413200116916942,-0.661171672739972
I13731.AG,UnitedKingdom,England_MIA.AG,2246.0,0.7196249961853027,-1.5036358280841964,0.09142571393522934,-0.6045588339872349
I13732.AG,UnitedKingdom,England_MIA.AG,2269.0,0.476385086774826,-1.492607811376184,0.0822362374906332,-0.6339502142890685
I13751.AG,UnitedKingdom,England_EastYorkshire_MIA_LIA.AG,2175.0,0.5380592346191406,-1.479929955439333,0.06636095638310105,-0.609449047793737
I13752.AG,UnitedKingdom,England_EastYorkshire_MIA_LIA_sister.I5511.AG,2121.0,0.5490185618400574,-1.5776981899465414,0.12525417715793297,-0.6007087161882412
I13753.AG,UnitedKingdom,England_EastYorkshire_MIA_LIA.AG,2175.0,0.6289560794830322,-1.4260228848719463,0.05289643364740474,-0.5954101282499746
I13754.AG,UnitedKingdom,England_EastYorkshire_MIA_LIA.AG,2175.0,0.5706849694252014,-1.4907473902319137,0.05768571865802452,-0.5561950648847991
I13755.AG,UnitedKingdom,England_EastYorkshire_MIA_LIA.AG,2175.0,0.3711299002170563,-1.5079647805747705,0.07297948622096803,-0.6545749314881975
I13756.AG,UnitedKingdom,England_EastYorkshire_MIA_LIA.AG,2175.0,0.5959693789482117,-1.597089716543978,0.08802534831625401,-0.6410312372916577
I13757.AG,UnitedKingdom,England_EastYorkshire_MIA_LIA.AG,2175.0,0.5734246373176575,-1.531736334770312,0.06218423437025031,-0.5650984327731188
I13758.AG,UnitedKingdom,England_EastYorkshire_MIA_LIA_brother.I21558.AG,2175.0,0.5079686641693115,-1.4748490529797622,0.09416510874037175,-0.5902841876219918
I13759.AG,UnitedKingdom,England_EastYorkshire_MIA_LIA.AG,2175.0,0.6628535389900208,-1.4983999534925005,0.05716200949106135,-0.6427000738360409
I13760.AG,UnitedKingdom,England_EastYorkshire_MIA_LIA.AG,2175.0,0.5446674227714539,-1.5178754981699203,0.17162893857739878,-0.6065165219230743
I13775.AG,Montenegro,Montenegro_MLBA.AG,3300.0,0.5060814619064331,2.5365324041766,3.182151582989747,-13.820635066996012
I13777.AG,Montenegro,Montenegro_MLBA_brother.I13169_son.or.brother.I13776.AG,3300.0,0.6961994767189026,2.533551487091445,3.1872473473863288,-13.807742649089827
I13778.AG,Montenegro,Montenegro_MLBA.AG,3234.0,0.7150062322616577,2.5490941292879166,3.2178509928180503,-13.846647286367597
I13780.AG,Czechia,Czechia_IA_LaTene.AG,2250.0,0.6642290353775024,-0.36416028897130026,0.045134365512652694,-0.24191802595269415
I13781.AG,Czechia,Czechia_LBA_IA_Knoviz_Hallstatt.AG,2977.0,0.6802053451538086,-0.3721375445183576,0.014269913141443439,-0.14864608395511214
I13783.AG,Czechia,Czechia_LBA_Knoviz.AG,3022.0,0.6844964623451233,-0.32047349790700846,0.0356237914262985,-0.15113013497711275
I13786.AG,Czechia,Czechia_LBA_Knoviz_o3.AG,3050.0,0.7133241891860962,-0.30824984344871686,2.420815022406102e-06,-0.15824571252523856
I13787.AG,Czechia,Czechia_LBA_Knoviz.AG,2958.0,0.6713351607322693,-0.40553042933093825,0.03301473830234705,-0.12745964981956598
I13788.AG,Czechia,Czechia_LBA_Knoviz.AG,3000.0,0.6978004574775696,-0.40429614091299576,0.07163463730547323,-0.12526425795006702
I13789.AG,Czechia,Czechia_LBA_Knoviz.AG,3000.0,0.715088963508606,-0.4053407918756877,0.04631374804535872,-0.13629881570527605
I13791.AG,Czechia,Czechia_LBA_IA_Knoviz_Hallstatt.AG,2975.0,0.6764105558395386,-0.3834553309878509,0.03166161488545894,-0.11157680536309027
I13792.AG,Czechia,Czechia_LBA_Knoviz.AG,3000.0,0.7127808332443237,-0.49221924692880603,0.0427453397717063,-0.05166451895426278
I13793.AG,Czechia,Czechia_LBA_Knoviz.AG,3000.0,0.7164490818977356,-0.4758180695722543,0.05596479374904758,-0.15117427091188543
I13794.AG,Czechia,Czechia_LBA_Knoviz_o3.AG,3050.0,0.6884874701499939,-0.33824867292200805,0.05424621999528512,-0.2048799981674325
I13795.AG,Czechia,Czechia_LBA_Knoviz.AG,3035.0,0.7309533357620239,-0.3927976639370106,0.04793967799553868,-0.11836173698826434
I13796.AG,Czechia,Czechia_LBA_Knoviz.AG,3000.0,0.6833528876304626,-0.39722502980785857,0.06306454867291013,-0.21203793459117032
I13798.AG,Czechia,Czechia_LBA_Knoviz.AG,3050.0,0.6830657720565796,-0.4079557208116111,0.031019562163429507,-0.13754416310750678
I13799.AG,Czechia,Czechia_LBA_Knoviz.AG,3050.0,0.7153606414794922,-0.38704434994940445,0.004947785664107125,-0.14729198848776767
I13838.AG,Albania,Albania_TrenCave_NChalcolithic.AG,6200.0,0.7225487232208252,1.9518670836682877,-0.37273420342648256,-0.6825434932623414
I13839.AG,Albania,Albania_Shtike_Medieval.AG,1014.0,0.6929991841316223,1.971298710428389,-0.36764967723193726,-0.703828510423041
I13840.AG,Albania,Albania_TrenCave_NChalcolithic.AG,6102.0,0.7293621301651001,1.9630213940532608,-0.372017779542155,-0.7149685003564824
I13861.AG,Germany,Germany_Medieval_Jewish.AG,625.0,0.2808243036270141,-0.3260742868008229,-0.21423573202037796,0.17800867609982224
I13862.AG,Germany,Germany_Medieval_Jewish.AG,625.0,0.7064410448074341,-0.3249719452375952,-0.23835734228580685,0.08928348210756802
I13863.AG,Germany,Germany_Medieval_Jewish.AG,625.0,0.2281930595636367,-0.3663597241357082,-0.2503618332086814,0.12743592883371035
I13864.AG,Germany,Germany_Medieval_Jewish.AG,625.0,0.5800595879554749,-0.32658515971494095,-0.18551439014058882,0.08668128128286429
I13865.AG,Germany,Germany_Medieval_Jewish.AG,625.0,0.4713145792484283,-0.3154954061647299,-0.20965034018224396,0.10254234512202323
I13866.AG,Germany,Germany_Medieval_Jewish.AG,625.0,0.5528376698493958,-0.27747276327302545,-0.19945818018108524,0.16303621437451896
I13867.AG,Germany,Germany_Medieval_Jewish.AG,625.0,0.6616921424865723,-0.3905282072281356,-0.21422658016965407,0.1033800601559047
I13868.AG,Germany,Germany_Medieval_Jewish.AG,625.0,0.5281712412834167,-0.36440897852197907,-0.18886942767274398,0.1434196488644345
I13869.AG,Germany,Germany_Medieval_Jewish_daughter.I14904.AG,659.0,0.5157642364501953,-0.40417849494860425,-0.2483278555446355,0.14344219312398532
I13870.AG,Germany,Germany_Medieval_Jewish.AG,625.0,0.3138709664344787,-0.36522749168567714,-0.24427931537424874,0.09550487837054195
I13888.AG,UnitedKingdom,England_N_Megalithic_son.I12437.brother.I21393.I30302.AG,5601.0,0.6798809170722961,-1.5361312661779658,0.05928017942712403,-0.523048907998722
I13889.AG,UnitedKingdom,England_N_Megalithic.AG,5624.0,0.7088651657104492,-1.5051835637263644,0.08917005316130147,-0.5728260759161801
I13892.AG,UnitedKingdom,England_N_Megalithic.AG,5677.0,0.6534627079963684,-1.45299941952297,-0.11701664370576459,-0.6680699177296211
I14088.AG,UnitedKingdom,England_Scorton_Anglian.AG,1427.0,0.4126152694225311,-1.4739062288709048,0.11366625898952862,-0.6386920883873336
I14089.AG,UnitedKingdom,England_Scorton_Anglian.AG,1378.0,0.40254807472229,-1.499732057945578,0.09111878649618235,-0.6063315183345841
I14090.AG,UnitedKingdom,England_Scorton_Anglian.AG,1382.0,0.2573403418064117,-1.4801167157548503,0.08249350697689732,-0.6241637773968421
I14091.AG,UnitedKingdom,England_Scorton_Anglian.AG,1392.0,0.5335726141929626,-1.497725859588455,0.07364901995366425,-0.6086036571903488
I14095.AG,UnitedKingdom,England_Scorton_Anglian.AG,1466.0,0.6463322043418884,-1.450198917620153,0.13462185976238122,-0.5296418264394521
I14096.AG,UnitedKingdom,England_LIA.AG,1973.0,0.3554634153842926,-1.4964946770424306,0.12415557074171091,-0.5982177462228871
I14097.AG,UnitedKingdom,England_LIA.AG,2002.0,0.4484956860542297,-1.510009733570568,0.07961208660396962,-0.5951927992513437
I14099.AG,UnitedKingdom,England_EastYorkshire_MIA_LIA.AG,2175.0,0.6327005624771118,-1.4829306845777084,0.09834850234589884,-0.6303626637915329
I14100.AG,UnitedKingdom,England_EastYorkshire_MIA.AG,2302.0,0.6234800219535828,-1.5291586014641574,0.0622937030487663,-0.6449775994716263
I14101.AG,UnitedKingdom,England_EastYorkshire_MIA_LIA.AG,2175.0,0.6393784880638123,-1.4790430206344847,0.04375833315457791,-0.6619010031273136
I14102.AG,UnitedKingdom,England_EastYorkshire_MIA_LIA.AG,2175.0,0.6557684540748596,-1.516269778654204,0.09286298968020165,-0.6028054203665256
I14103.AG,UnitedKingdom,England_EastYorkshire_MIA_LIA.AG,2175.0,0.3059132397174835,-1.4734087496113255,0.0813222731969982,-0.5639955356714045
I14104.AG,UnitedKingdom,England_EastYorkshire_MIA_LIA.AG,2175.0,0.656876266002655,-1.504205829695684,0.21788541715741916,-0.5633906898719088
I14105.AG,UnitedKingdom,England_EastYorkshire_MIA_LIA.AG,2175.0,0.6510953307151794,-1.4803662385988798,0.023737712628245086,-0.6976601266044143
I14106.AG,UnitedKingdom,England_EastYorkshire_MIA_LIA.AG,2045.0,0.5883733630180359,-1.5469547975115214,0.05656680572279531,-0.6055515266897198
I14107.AG,UnitedKingdom,England_EastYorkshire_MIA_LIA_son.I21698.AG,2175.0,0.5169848203659058,-1.5217782702900098,0.07080384497709247,-0.6018297482169509
I14108.AG,UnitedKingdom,England_EastYorkshire_MIA_LIA.AG,2045.0,0.6511512994766235,-1.4442053554331664,0.015904938167415436,-0.7694305841807427
I14157.AG,Romania,Romania_C_Bodrogkeresztur.AG,5900.0,0.6608778834342957,1.2755649850758053,0.47071043440966037,0.1946045496580211
I14159.AG,Romania,Romania_C_Bodrogkeresztur.AG,5900.0,0.6980332136154175,1.2769664524911097,0.39698156633767345,0.19461313605741135
I14160.AG,Romania,Romania_C_Bodrogkeresztur.AG,5900.0,0.6722621917724609,1.267339058947302,0.4097795418467406,0.19722273229789228
I14161.AG,Romania,Romania_C_Bodrogkeresztur.AG,5900.0,0.6643425226211548,1.2668513955172773,0.43938809033626836,0.19734921412689377
I14162.AG,Romania,Romania_C_Bodrogkeresztur.AG,5900.0,0.6659889221191406,1.2601245000478705,0.4040120330874974,0.1662828852836886
I14163.AG,Romania,Romania_C_Bodrogkeresztur.AG,5900.0,0.6562955975532532,1.2721649749300732,0.377352199004882,0.16314482778317513
I14164.AG,Romania,Romania_C_Bodrogkeresztur.AG,5900.0,0.6113463640213013,1.302244826463712,0.42307083087395386,0.18343210925512707
I14165.AG,Romania,Romania_C_Bodrogkeresztur.AG,5900.0,0.6837146282196045,1.2386306172073747,0.4198482086304538,0.18687542862916784
I14166.AG,Romania,Romania_C_Bodrogkeresztur.AG,5900.0,0.6513231992721558,1.2719958677066565,0.4257341261917943,0.20624298601195926
I14167.AG,Czechia,Czechia_C_Baalberge.AG,5850.0,0.6489128470420837,-0.37241770650827133,0.03745219240902242,-0.11907630057465456
I14168.AG,Czechia,Czechia_C_Baalberge_o2.AG,5850.0,0.6189318299293518,-0.4290615369098382,-0.0958371537974264,-0.14802025127657875
I14169.AG,Czechia,Czechia_C_Baalberge.AG,5850.0,0.6848662495613098,-0.34750407549973605,0.03623932899357884,-0.1337267254771884
I14170.AG,Czechia,Czechia_C_Baalberge.AG,5850.0,0.6764227151870728,-0.3622050688842861,0.021155812063394556,-0.11029612005267175
I14171.AG,Czechia,Czechia_C_Baalberge.AG,5850.0,0.662807285785675,-0.3376606996841424,-0.02753904307338561,-0.17495638569072505
I14172.AG,Czechia,Czechia_C_Baalberge.AG,5850.0,0.6748380064964294,-0.3522648293778743,0.06858911947023523,-0.13417548600398727
I14173.AG,Czechia,Czechia_C_Baalberge.AG,5850.0,0.6993600130081177,-0.3997219269474402,0.014384985756620783,-0.13407024325498063
I14174.AG,Czechia,Czechia_C_Baalberge.AG,5850.0,0.6652208566665649,-0.34249063736092356,0.03981284877776608,-0.12901298997605112
I14175.AG,Czechia,Czechia_C_Baalberge.AG,5526.0,0.6635898947715759,-0.4084337774564557,0.03995218088766605,-0.11142014961451464
I14176.AG,Czechia,Czechia_C_Baalberge.AG,5550.0,0.6583214998245239,-0.3588554931928422,0.043019136459466034,-0.14637949279729112
I14177.AG,Slovakia,Slovakia_N_LBK.AG,7100.0,0.1109120473265647,1.1685442797230294,0.1167510891104638,-0.8482158716335078
I14178.AG,Slovakia,Slovakia_N_LBK.AG,7100.0,0.6612858176231384,1.195378879862873,0.08870568410072462,-0.7846610639896049
I14179.AG,Slovakia,Slovakia_N_LBK.AG,7100.0,0.3583498299121856,1.1849451140163567,0.09918232767414645,-0.808048800584873
I14180.AG,Slovakia,Slovakia_N_LBK.AG,7100.0,0.6658064723014832,1.175699757170003,0.12051588298710526,-0.786454847632683
I14181.AG,Slovakia,Slovakia_N_LBK.AG,7100.0,0.3146641552448272,1.1716336000114542,0.11233511508535483,-0.8250484148493483
I14182.AG,Slovakia,Slovakia_N_LBK.AG,7100.0,0.4831725358963012,1.183079770403481,0.10334970243380959,-0.817007049018057
I14183.AG,Slovakia,Slovakia_N_LBK.AG,7100.0,0.5591433048248291,1.1866501604927409,0.12108514220770604,-0.8432746109998438
I14185.AG,Czechia,Czechia_EBA_Unetice.AG,3850.0,0.6412438750267029,-0.4033452766239466,0.0467448964872447,-0.16557491640668404
I14186.AG,Czechia,Czechia_EBA_Unetice.AG,3850.0,0.5025948882102966,-0.4043391962161155,0.002357286511121382,-0.11528101523342618
I14188.AG,Czechia,Czechia_EBA_Unetice_brother.I14585.AG,3850.0,0.3563571572303772,-0.38851434112873345,0.04136511738528561,-0.16906706805749064
I14189.AG,Czechia,Czechia_EBA_Unetice.AG,3850.0,0.6504684090614319,-0.3604748072820775,0.04320791142345811,-0.13429763323914015
I14190.AG,Czechia,Czechia_MN.AG,6450.0,0.6995344161987305,-0.34907752500116473,0.03632785125518355,-0.11601913238196634
I14191.AG,Czechia,Czechia_EBA_Unetice.AG,3850.0,0.6087754368782043,-0.38323093830270344,0.05595717919766916,-0.13710357799054368
I14192.AG,Czechia,Czechia_EBA_Unetice.AG,3850.0,0.5686323046684265,-0.38583918460166083,0.06749569274476877,-0.1382846290386392
I14193.AG,Czechia,Czechia_EBA_Unetice.AG,3850.0,0.6815499663352966,-0.41905047096319653,0.12674936224513966,-0.12561612621584772
I14326.AG,UnitedKingdom,England_N.AG,4908.0,0.6772588491439819,-1.474545201773338,0.040655524929692266,-0.5399552683915749
I14327.AG,UnitedKingdom,England_EastYorkshire_MIA_LIA.AG,2081.0,0.690087616443634,-1.4973712844354048,0.0921757871073319,-0.5214032354234328
I14347.AG,UnitedKingdom,England_MIA.AG,2224.0,0.6393654942512512,-1.543244067948632,0.08076691337030084,-0.5599445803229381
I14348.AG,UnitedKingdom,England_MIA.AG,2222.0,0.6164711713790894,-1.5515145198508278,0.11783296720829597,-0.6197520038577037
I14351.AG,UnitedKingdom,England_LIA.AG,2048.0,0.5975460410118103,-1.4205143706324257,0.1288812666472737,-0.6583058605483647
I14352.AG,UnitedKingdom,England_LIA_sister.I14351.AG,2048.0,0.4686374068260193,-1.50799289676484,0.09757574992511904,-0.5674231288468474
I14353.AG,UnitedKingdom,England_MIA_LIA.AG,2120.0,0.6575251221656799,-1.6127481769108256,0.09912175082734995,-0.5284061521120093
I14358.AG,UnitedKingdom,England_LBA.AG,2808.0,0.6277395486831665,-1.5664894033698182,0.1508170767160851,-0.4727625204869288
I14360.AG,UnitedKingdom,England_LIA_o.AG,1984.0,0.4563674628734588,-1.5283887909070597,0.0878486486450785,-0.5893015845843991
I14377.AG,UnitedKingdom,England_LBA.AG,2889.0,0.6619524955749512,-1.5256401032785867,0.03369598010933508,-0.7631312291759451
I14378.AG,UnitedKingdom,England_MIA_lowEEF.AG,2264.0,0.669519305229187,-1.4961433586049406,0.20525427491627027,-0.5431756887402253
I14380.AG,UnitedKingdom,England_MIA.AG,2235.0,0.6856797337532043,-1.5180369216451401,0.0911865520645861,-0.6096344635374292
I14381.AG,UnitedKingdom,England_EIA.AG,2443.0,0.6154801249504089,-1.531415144981715,0.13413975396837455,-0.5561050832876223
I14465.AG,Slovakia,Slovakia_IA_Vekerzug.AG,2525.0,0.167903333902359,1.1755511357578328,0.09539043736095676,-0.8085880512809086
I14497.AG,Montenegro,Montenegro_MLBA_o_1d.rel_I14500.AG,3100.0,0.0720884501934051,2.559617641582542,3.2352737379493877,-13.90486100262726
I14498.AG,Montenegro,Montenegro_MLBA.AG,3100.0,0.5127537250518799,2.55788636309025,3.2116537271780534,-13.908514548050519
I14500.AG,Montenegro,Montenegro_MLBA.AG,3100.0,0.1135511174798011,2.5567722265386403,3.217929509804111,-13.904795051522745
I14501.AG,Montenegro,Montenegro_MLBA.AG,3175.0,0.4948698878288269,2.534584754554296,3.1716881032519963,-13.811350166715252
I14533_d.AG,UnitedKingdom,England_EarlyMedieval.AG,1350.0,0.054185964167118,-1.4896121677664147,0.054707158788151876,-0.6001527430925664
I14534.AG,UnitedKingdom,England_EarlyMedieval.AG,1350.0,0.6599606275558472,-1.4498420859142802,0.11141110765129353,-0.5935440853999243
I14535.AG,UnitedKingdom,England_EarlyMedieval_father.I14536.AG,1350.0,0.5379440188407898,-1.4738057077956674,0.06439923242188843,-0.6090771187243477
I14536.AG,UnitedKingdom,England_EarlyMedieval.AG,1350.0,0.5671302676200867,-1.5537127596049174,0.085172494994579,-0.6518099172336485
I14538.AG,UnitedKingdom,England_EarlyMedieval.AG,1350.0,0.5890538096427917,-1.5468400459487317,0.02090229669423848,-0.5015376524044383
I14539.AG,UnitedKingdom,England_EarlyMedieval_o.AG,1350.0,0.337104320526123,-1.4984020056033007,0.07692871257948168,-0.5576632367080433
I14541.AG,UnitedKingdom,England_EarlyMedieval.AG,1350.0,0.6376721262931824,-1.4789846331213743,0.0771853548220392,-0.6879175909205272
I14542.AG,UnitedKingdom,England_EarlyMedieval.AG,1350.0,0.5888080596923828,-1.4919167335193015,0.026648612237656834,-0.44747544503034525
I14543.AG,UnitedKingdom,England_C_EBA.AG,3975.0,0.6394871473312378,-1.5867523546991735,0.10117346035329255,-0.6142678497225998
I14549.AG,UnitedKingdom,England_MIA.AG,2267.0,0.390156477689743,-1.572185889195406,0.07230125764246434,-0.6005646367452879
I14550.AG,UnitedKingdom,England_IA_EarlyMedieval.AG,1850.0,0.6706336140632629,-1.656428567856804,0.18564653308474854,-0.5956978908738335
I14551.AG,UnitedKingdom,England_MIA.AG,2349.0,0.6361019611358643,-1.558507959176084,0.09694754372070555,-0.6755697347107728
I14552_d.AG,UnitedKingdom,England_LIA.AG,1947.0,0.1102526932954788,-1.4909102060691297,0.13759770859962264,-0.585152834392027
I14553.AG,UnitedKingdom,England_C_EBA.AG,3807.0,0.6509712338447571,-1.4293566373120365,-0.004695917545446329,-0.6266741791293782
I14585.AG,Czechia,Czechia_EBA_Unetice.AG,3850.0,0.6300622820854187,-0.43386131784896054,0.056216749247551004,-0.11835492068348971
I14586.AG,Austria,Austria_EN_LBK.AG,7113.0,0.6676790714263916,0.63064110117975,-0.6256350794329185,-0.22161975108676613
I14599.AG,Slovakia,Slovakia_N_LBK.AG,7100.0,0.645833432674408,1.1562185801380196,0.07327111214218804,-0.7946600608747477
I14600.AG,Slovakia,Slovakia_N_LBK.AG,7100.0,0.6426752805709839,1.1443475446207632,0.06866837317226157,-0.7719695569708528
I14622.AG,Albania,Albania_Kenete_Medieval.AG,1121.0,0.5829500555992126,1.9948940382461504,-0.3803770656832697,-0.7212355702347942
I14627.AG,Turkey,Turkey_Southeast_Batman_Chalcolithic.AG,5535.0,0.3109999597072601,1.4498673986200663,-0.6135472186683989,0.5624482123633768
I14635.AG,Turkey,Turkey_Southeast_Batman_Ancient.AG,2500.0,0.6651430130004883,1.434090732401778,-0.6131372864114032,0.5515315916596675
I14644.AG,Turkey,Turkey_Southeast_Batman_Ancient.AG,2593.0,0.6526322364807129,1.45077781686293,-0.5769868261071714,0.5449139218498761
I14645.AG,Turkey,Turkey_Southeast_Gaziantep_Byzantine.AG,750.0,0.5868251323699951,1.4304874274528518,-0.621383488652656,0.5802990988152582
I14647.AG,Turkey,Turkey_Southeast_Gaziantep_Byzantine.AG,750.0,0.3461050391197204,1.457204528648281,-0.5938627207050617,0.5868222280601296
I14648.AG,Turkey,Turkey_Southeast_Gaziantep_Byzantine.AG,851.0,0.663573682308197,1.5084149771495186,-0.6002706617169923,0.49428963405121124
I14649_enhanced.AG,Turkey,Turkey_Southeast_Gaziantep_BA.AG,4168.0,0.1195583492517471,1.4751677869587185,-0.5792900668146695,0.5637595474903296
I14650.AG,Turkey,Turkey_Southeast_Gaziantep_Byzantine_father.or.son.I14651.AG,750.0,0.2419374287128448,1.4422647236390584,-0.5960818279826062,0.554622202227672
I14651.AG,Turkey,Turkey_Southeast_Gaziantep_Byzantine.AG,750.0,0.5255321860313416,1.4307812741381412,-0.608111746338311,0.5669343232895717
I14652.AG,Turkey,Turkey_Southeast_Gaziantep_Byzantine.AG,750.0,0.1814571321010589,1.4605362297255793,-0.5911686936215949,0.5456742111459061
I14675.AG,Italy,Italy_Sardinia_C_MonteClaro.AG,4021.0,0.673315703868866,-0.1281939736622856,-0.7913898566839478,0.2137881688399486
I14676.AG,Italy,Italy_Sardinia_C_MonteClaro.AG,4053.0,0.689338207244873,-0.12749258314851106,-0.7916361715899835,0.22480650752110118
I14677.AG,Italy,Italy_Sardinia_C_MonteClaro.AG,4329.0,0.6711153984069824,-0.1330054284721077,-0.7776180423682928,0.21429243784335303
I14678.AG,Italy,Italy_Sardinia_C_MonteClaro.AG,4247.0,0.6888816356658936,-0.12575758480256224,-0.7328477268484204,0.1638435392903533
I14686.AG,Albania,Albania_Bardhoc_PostMedieval.AG,400.0,0.6716822981834412,1.9909336472215522,-0.3633065365787823,-0.7432175934870292
I14687.AG,Albania,Albania_Bardhoc_PostMedieval.AG,400.0,0.62330162525177,2.0036110670078453,-0.3750693764178313,-0.7266224978796885
I14688.AG,Albania,Albania_Cinamak_BA_IA.AG,2450.0,0.6588754653930664,1.9741915220451502,-0.38513436605083184,-0.7225461496746002
I14689.AG,Albania,Albania_Cinamak_EBA.AG,4505.0,0.4871919453144073,1.9637524486793114,-0.3662102215637601,-0.7239791722332117
I14690.AG,Albania,Albania_Cinamak_BA_IA.AG,3000.0,0.6453679203987122,1.991565299223237,-0.37597599948228705,-0.7255509924451011
I14692.AG,Albania,Albania_Cinamak_BA_IA.AG,2900.0,0.6795224547386169,1.9882816737429372,-0.3649418123025776,-0.732532258931474
I14730.AG,Turkey,Turkey_Southeast_Batman_Chalcolithic.AG,5950.0,0.0775231048464775,1.45448517466283,-0.6087604753852041,0.5517856513958258
I14733.AG,Turkey,Turkey_Southeast_Batman_Ancient.AG,2401.0,0.6165263652801514,1.4302572647824827,-0.5899102554766673,0.5329649261805143
I14734.AG,Turkey,Turkey_Southeast_Batman_Ancient.AG,2500.0,0.4758757650852203,1.449900917889858,-0.5440114605962391,0.5375163217181668
I14735.AG,Turkey,Turkey_Southeast_Batman_Ancient.AG,2500.0,0.111517883837223,1.4535051480427894,-0.5863717912385958,0.5623225425422848
I14736.AG,Germany,Germany_Medieval_Jewish.AG,625.0,0.5743329524993896,-0.387837742896508,-0.23243449667214122,0.10057735487894562
I14737.AG,Germany,Germany_Medieval_Jewish.AG,604.0,0.3295650482177734,-0.35740258048526186,-0.25644009450920613,0.11731716519014924
I14738.AG,Germany,Germany_Medieval_Jewish.AG,625.0,0.6907404661178589,-0.3627470995094538,-0.22477182852244107,0.1590997204466671
I14739.AG,Germany,Germany_Medieval_Jewish.AG,625.0,0.2783563435077667,-0.3354634372264592,-0.23001484183225518,0.15557760608392043
I14740.AG,Germany,Germany_Medieval_Jewish.AG,603.0,0.698488175868988,-0.32181090763855646,-0.22242249306804945,0.10521677244985472
I14741.AG,Germany,Germany_Medieval_Jewish.AG,609.0,0.1058715507388114,-0.36746488306707564,-0.21954139056746488,0.1247303327253716
I14743_d.AG,UnitedKingdom,England_EIA.AG,2594.0,0.0681574344635009,-1.547120696285058,0.09423625136028861,-0.62718106122996
I14747.AG,UnitedKingdom,England_EIA.AG,2374.0,0.1496699601411819,-1.5575927325867025,0.08883884560651772,-0.5669782922232336
I14759.AG,Turkey,Turkey_Southeast_Kilis_MBA.AG,3700.0,0.5565569996833801,1.4360175058761702,-0.6543940658588037,0.597577705967689
I14760.AG,Turkey,Turkey_Southeast_Kilis_Byzantine.AG,1127.0,0.1577071845531463,1.4408203196778724,-0.6029305505046211,0.5427503706732683
I14761.AG,Turkey,Turkey_Southeast_Kilis_MBA.AG,3700.0,0.410004585981369,1.4729292780786596,-0.6120555683297048,0.5520019662593667
I14762.AG,Turkey,Turkey_Southeast_Kilis_MBA.AG,3583.0,0.6957988142967224,1.4394985267397742,-0.6213173680174792,0.5556598617534758
I14764.AG,Turkey,Turkey_East_Van_Urartian_outlier.AG,2582.0,0.7037249207496643,1.464712719452664,-0.6112741390896484,0.5666013167785449
I14765.AG,Turkey,Turkey_East_Van_Urartian.AG,2750.0,0.6695906519889832,1.4532334734850403,-0.6147302612418742,0.596981754917748
I14767.AG,Turkey,Turkey_East_Van_BIA_pre-Urartian.AG,3256.0,0.6953033208847046,1.4602988673198571,-0.6165362331526246,0.5735584775437108
I14782.AG,Turkey,Turkey_Southeast_Kilis_MBA_father.I14784.father.I14789.AG,3700.0,0.651605486869812,1.4538867724956774,-0.6189208926837417,0.562235716853165
I14784.AG,Turkey,Turkey_Southeast_Kilis_MBA.AG,3695.0,0.6941102743148804,1.4201967905542463,-0.5040831041914505,0.5852418123126524
I14785.AG,Turkey,Turkey_Southeast_Kilis_MBA_brother.I14786.AG,3700.0,0.2257794588804245,1.4715506016209603,-0.6226808851532609,0.5745215398458375
I14786.AG,Turkey,Turkey_Southeast_Kilis_MBA.AG,3540.0,0.6762588620185852,1.4128837711304365,-0.6126358330533384,0.5459140464626859
I14787.AG,Turkey,Turkey_Southeast_Kilis_Byzantine.AG,950.0,0.3070559799671173,1.4851233009351732,-0.5779258952594664,0.5257378227913752
I14788.AG,Turkey,Turkey_Southeast_Kilis_MBA.AG,4450.0,0.5895980000495911,1.431682003752221,-0.588074817838878,0.5520916466603176
I14789.AG,Turkey,Turkey_Southeast_Kilis_MBA_sister.I14784.daughter.I14782.AG,3658.0,0.6258336305618286,1.4896985900589144,-0.6172942714385048,0.5809427915867283
I14790.AG,Turkey,Turkey_Southeast_Kilis_Byzantine_mother.or.daughter.I14791.AG,950.0,0.3720147311687469,1.4741888057141097,-0.6028593145486765,0.5751084328851555
I14791.AG,Turkey,Turkey_Southeast_Kilis_Byzantine.AG,942.0,0.5364542007446289,1.459922959108359,-0.5859393249910452,0.5345774896056794
I14792.AG,Turkey,Turkey_Southeast_Kilis_EBA_A.AG,4247.0,0.6431699991226196,1.4696264590580208,-0.6202526379390063,0.5681355809239622
I14794.AG,Turkey,Turkey_Southeast_Kilis_EBA_A.AG,4450.0,0.445720374584198,1.4249876145793667,-0.5855715097674492,0.5705376479006061
I14797.AG,Turkey,Turkey_Southeast_Kilis_EBA_A.AG,4450.0,0.5826061964035034,1.4320022489086592,-0.6027997735448001,0.5723419003128718
I14798.AG,Turkey,Turkey_Southeast_Kilis_EBA_A.AG,4450.0,0.5404930710792542,1.4136939624831515,-0.6139072255039144,0.5284876933552162
I14799.AG,Turkey,Turkey_Marmara_Iznik_Basilica_Roman_Byzantine_A.AG,1575.0,0.518337607383728,1.46700410790891,-0.5767031002786084,0.5468967238627085
I14800.AG,UnitedKingdom,England_MIA.AG,2228.0,0.6116796731948853,-1.4659961968521233,0.08049241391493052,-0.6118983898509346
I14801.AG,UnitedKingdom,England_MIA.AG,2214.0,0.5972418785095215,-1.549099265927441,0.20119091870672562,-0.6721644537808406
I14802.AG,UnitedKingdom,England_MIA.AG,2247.0,0.3026294112205505,-1.5302617894742525,0.09689054338483895,-0.6233586120910825
I14803.AG,UnitedKingdom,England_MIA_highEEF.AG,2224.0,0.2818185985088348,-1.5061544817969557,0.1198834327782807,-0.6392784165220011
I14804.AG,UnitedKingdom,England_MIA.AG,2233.0,0.6303623914718628,-1.5612503728612015,0.15693302733317327,-0.5928990574960649
I14807.AG,UnitedKingdom,England_MIA.AG,2241.0,0.5304794311523438,-1.532834040450991,0.12037061478621731,-0.6205492612385745
I14808.AG,UnitedKingdom,England_MIA.AG,2274.0,0.3026391565799713,-1.4672466813463352,0.14696154101515202,-0.5988408067317909
I14809.AG,UnitedKingdom,England_MIA_LIA.AG,2199.0,0.4468493163585663,-1.4466136987549154,0.06632731400088136,-0.56065337779358
I14820.AG,Turkey,Turkey_Marmara_Balikesir_Byzantine.AG,390.0,0.6925725936889648,1.4851595762941712,-0.6359859158938961,0.5575928475519739
I14821.AG,Turkey,Turkey_Marmara_Balikesir_Byzantine.AG,1150.0,0.6715120077133179,1.4536454096791829,-0.5604379945889401,0.6197275915896233
I14822.AG,Turkey,Turkey_Marmara_Balikesir_Byzantine.AG,1150.0,0.6834153532981873,1.4667773615822481,-0.6084646239464847,0.5576523345943994
I14823.AG,Turkey,Turkey_Marmara_Balikesir_PostMedieval.AG,377.0,0.7079527974128723,1.497814233470834,-0.6062620104054761,0.5693789525784769
I14824.AG,Turkey,Turkey_Marmara_Balikesir_Byzantine.AG,1456.0,0.6858678460121155,1.4899944069427045,-0.6609141207138397,0.538725087378016
I14831.AG,Turkey,Turkey_Marmara_Balikesir_Byzantine.AG,1150.0,0.687375545501709,1.4337892047214156,-0.5965315105775577,0.5298854360053582
I14832.AG,Turkey,Turkey_Marmara_Balikesir_Byzantine.AG,1150.0,0.7021799683570862,1.479295049068966,-0.5687155574606313,0.5731358563115801
I14833.AG,Turkey,Turkey_Marmara_Iznik_Y.kapi_Byzantine.AG,1400.0,0.4108456373214721,1.4641888362401394,-0.5876350065633271,0.5492059006633421
I14837.AG,UnitedKingdom,England_MIA_LIA.AG,2046.0,0.495331346988678,-1.5628289168432958,0.0629370593793916,-0.6060102202138007
I14839.AG,Turkey,Turkey_Marmara_Iznik_Y.kapi_Byzantine.AG,1466.0,0.7077443599700928,1.4486051713855916,-0.6171868183021794,0.5420681692228632
I14840.AG,Turkey,Turkey_Marmara_Iznik_Y.kapi_Byzantine.AG,1478.0,0.3961807489395141,1.441397648923917,-0.534422489754307,0.535337442582559
I14842.AG,Turkey,Turkey_Marmara_Iznik_Y.kapi_Byzantine.AG,1400.0,0.6474716663360596,1.4595041715492865,-0.612415018975997,0.6110275534186117
I14843.AG,Turkey,Turkey_Marmara_Iznik_Y.kapi_Byzantine.AG,1400.0,0.659647524356842,1.4731917702725141,-0.6105109419667926,0.5696894321687885
I14844.AG,Turkey,Turkey_Marmara_Iznik_Y.kapi_PostMedieval.AG,386.0,0.7219315767288208,1.44984345988907,-0.6240475607321428,0.6010551560198515
I14845.AG,Turkey,Turkey_Marmara_Apollonia_Roman.AG,1900.0,0.4536626935005188,1.4456862774015127,-0.5922626664423443,0.5565896250216016
I14846.AG,Germany,Germany_Medieval_Jewish.AG,625.0,0.0503644309937953,-0.42519740214852847,-0.17827829035163073,0.17931338538872854
I14847.AG,Germany,Germany_Medieval_Jewish.AG,625.0,0.7152876853942871,-0.33029002631870075,-0.25088356947920054,0.1237974645485616
I14850.AG,Germany,Germany_Medieval_Jewish.AG,604.0,0.4688490629196167,-0.35026539121200706,-0.20387951074139965,0.13949542016252495
I14851.AG,Germany,Germany_Medieval_Jewish.AG,604.0,0.3626563549041748,-0.3298298794091244,-0.21075958349363816,0.1112573875907508
I14852.AG,Germany,Germany_Medieval_Jewish.AG,625.0,0.2195751368999481,-0.32276369504339436,-0.22845828739042054,0.14194724173532405
I14853.AG,Germany,Germany_Medieval_Jewish_son.I14850.brother.I14898.AG,606.0,0.4419263899326324,-0.3489603904661788,-0.19511601166024367,0.1032535687537846
I14857.AG,UnitedKingdom,England_EIA.AG,2408.0,0.1434623897075653,-1.6467423298258852,0.17271011248793378,-0.5797173732444755
I14858.AG,UnitedKingdom,England_MIA.AG,2254.0,0.6170032024383545,-1.5471926986131042,0.14621907766610695,-0.5838044732729122
I14859.AG,UnitedKingdom,England_MIA.AG,2227.0,0.6082603931427002,-1.5088658287238819,0.19224006736603877,-0.5422026926682487
I14860.AG,UnitedKingdom,England_MIA.AG,2231.0,0.6713416576385498,-1.4956196895744298,0.052618576844226425,-0.657158464618758
I14861.AG,UnitedKingdom,England_LBA_highEEF.AG,2810.0,0.6041947603225708,-1.511797937618581,0.1442554822446553,-0.5373986865468101
I14862.AG,UnitedKingdom,England_LBA.AG,2834.0,0.7041807174682617,-1.5013573330612093,0.08410343266005303,-0.5990320884906967
I14863.AG,UnitedKingdom,England_MIA.AG,2225.0,0.6798087358474731,-1.589064908451236,0.212357568072574,-0.5034848799645901
I14864.AG,UnitedKingdom,England_LBA.AG,2839.0,0.6445941925048828,-1.4727661451183254,0.1843708490965386,-0.6204283373842489
I14865.AG,UnitedKingdom,England_LBA_highEEF.AG,2823.0,0.2105436027050018,-1.526526279917762,0.08649215101008619,-0.5545909941032336
I14866.AG,UnitedKingdom,England_MIA.AG,2226.0,0.6376769542694092,-1.415110920284691,-0.002483735599536879,-0.6634555762445256
I14897.AG,Germany,Germany_Medieval_Jewish.AG,603.0,0.1989476233720779,-0.29626744412006617,-0.33756984001656976,0.1362908153188199
I14898.AG,Germany,Germany_Medieval_Jewish.AG,615.0,0.0980971008539199,-0.3226600861680858,-0.2993839673387029,0.11699289773100519
I14901.AG,Germany,Germany_Medieval_Jewish.AG,625.0,0.0564900785684585,-0.39094661891698973,-0.21243281804201772,0.11542240627625319
I14903.AG,Germany,Germany_Medieval_Jewish.AG,625.0,0.511756181716919,-0.3905171894216605,-0.23535830726768517,0.13092613292516694
I14904.AG,Germany,Germany_Medieval_Jewish.AG,606.0,0.6025475859642029,-0.36505972310690604,-0.20117878208283957,0.1160818716045812
I14916.AG,Greece,Greece_Crete_Zakros_BA.AG,3768.0,0.1334519535303115,1.896237772191413,-0.4661824357960398,0.013434294423538664
I14962.AG,Hungary,Hungary_N_Koros.AG,7544.0,0.6967785358428955,1.581797056867442,-0.013779481775649942,-0.05139017877578089
I14965.AG,Hungary,Hungary_N_Koros.AG,7500.0,0.271936297416687,1.6376207341702504,0.0337084452397784,-0.04866390206169454
I14980.AG,Czechia,Czechia_IA_Hallstatt.AG,2625.0,0.6607367396354675,-0.30380310986248926,-0.04153771767584921,-0.1604034276905516
I14983.AG,Czechia,Czechia_IA_Hallstatt.AG,2625.0,0.5451369881629944,-0.39846475998251624,0.05029792549584885,-0.12986748648058566
I14985.AG,Czechia,Czechia_IA_LaTene.AG,2225.0,0.6554553508758545,-0.39177471040566797,0.0766950624884985,-0.14459234438056406
I14986.AG,Czechia,Czechia_IA_LaTene.AG,2255.0,0.68880295753479,-0.4001323358247318,-0.01898494303860598,-0.04636281689979081
I14987.AG,Czechia,Czechia_IA_LaTene.AG,2255.0,0.4438347220420837,-0.3928976626540245,0.05206277771354233,-0.16086812550284924
I14988.AG,Czechia,Czechia_IA_LaTene_father.or.son.I17142.AG,2255.0,0.4141408205032348,-0.38090017356452505,-0.002829368719026587,-0.09112818510364315
I15027.AG,France,France_Medieval_o.AG,685.0,0.6940088868141174,-1.0268894656794993,-0.8421615763778357,-0.03247799159385443
I15028.AG,France,France_EBA.AG,4218.0,0.6821444630622864,-0.9958632642610056,-0.8634818794073185,-0.00013170237862245365
I15029.AG,France,France_N.AG,5700.0,0.6933317184448242,-0.9686324961003101,-0.850357606384193,-0.019980557523296662
I15030.AG,France,France_N.AG,5700.0,0.6408910751342773,-0.980639702838702,-0.8254593117347032,0.007218458591030536
I15031.AG,France,France_N.AG,5700.0,0.6871825456619263,-0.968305382490452,-0.9092406237812293,-0.062625809506104
I15032.AG,France,France_N.AG,5700.0,0.6944176554679871,-1.0193054367722432,-0.8444728550968371,0.0005538605153498555
I15033.AG,France,France_EBA.AG,3765.0,0.7092269062995911,-0.9829589600186427,-0.7945481034129307,0.014582799383690568
I15034.AG,France,France_N_BA.AG,5000.0,0.6678040027618408,-1.024740321589643,-0.8807596045070499,-0.021981236274131025
I15035.AG,France,France_N.AG,5000.0,0.7044718861579895,-0.9777038346181526,-0.8383016886211915,-0.008343256468103636
I15039.AG,Czechia,Czechia_IA_LaTene.AG,2185.0,0.6962602734565735,-0.3602363584552956,0.022817303932427604,-0.10802819701544294
I15040.AG,Czechia,Czechia_IA_LaTene.AG,2240.0,0.624154806137085,-0.4003768213164417,0.07409447428850396,-0.14424386159743663
I15041.AG,Czechia,Czechia_LBA_Knoviz.AG,3151.0,0.6651446223258972,-0.39746928946707966,0.04629900327308694,-0.15707914744825108
I15042.AG,Czechia,Czechia_IA_LaTene.AG,2225.0,0.7060566544532776,-0.4126095221199515,0.07205865625244323,-0.16844591682620638
I15043.AG,Czechia,Czechia_IA_LaTene.AG,2240.0,0.7074021100997925,-0.39526508567216273,0.03191560580222474,-0.11447969249104338
I15044.AG,Czechia,Czechia_IA_LaTene.AG,2230.0,0.7183306217193604,-0.3743525246872626,0.0694798313453413,-0.20868481155238452
I15045.AG,Czechia,Czechia_IA_LaTene.AG,2255.0,0.7065489292144775,-0.3799723663446175,0.0526000229603759,-0.15056903432752747
I15046.AG,Czechia,Czechia_IA_LaTene.AG,2256.0,0.7096413373947144,-0.3506195743769246,0.10304641370933434,-0.13448394918571507
I15047.AG,Czechia,Czechia_IA_LaTene.AG,2170.0,0.4640251100063324,-0.40746234130101117,0.03366229660040441,-0.15760344786251393
I15048.AG,Czechia,Czechia_IA_LaTene.AG,2385.0,0.6501594185829163,-0.36465032876478765,0.03638010145720738,-0.15596264361210715
I15049.AG,Czechia,Czechia_IA_LaTene.AG,2275.0,0.3895822763442993,-0.4020413175798072,0.05853645700345976,-0.15865215551795195
I15071.AG,Czechia,Czechia_IA_Hallstatt.AG,2625.0,0.2785104513168335,-0.43723940119801546,0.03815173218267436,-0.14813746912802053
I15073.AG,Hungary,Hungary_EN_Koros.AG,7610.0,0.6981304883956909,1.5450666521716705,0.01596557400146881,-0.04726168252117735
I15074.AG,Hungary,Hungary_N_Koros.AG,7500.0,0.5610573291778564,1.6233213513198874,0.11066367841306514,-0.05114957512875889
I15463.AG,Croatia,Croatia_Medieval_sister.I15744.AG,1200.0,0.6780358552932739,0.912551286587097,-0.023959507984951774,-0.19266366714801555
I15486.AG,Serbia,Serbia_Roman.AG,1750.0,0.3315731585025787,0.41637321665664473,0.12065083737356354,0.8692856957207977
I15488.AG,Serbia,Serbia_Roman.AG,1700.0,0.4860386848449707,0.3438257634620082,0.13803449225852,0.8809973117883078
I15489.AG,Serbia,Serbia_Roman.AG,1700.0,0.3493491113185882,0.3401412876433002,0.10601734164718768,0.8564753960958253
I15490.AG,Serbia,Serbia_Roman.AG,1750.0,0.2437362819910049,0.37645435498221913,0.11052774936042516,0.8496589054144463
I15492.AG,Serbia,Serbia_Roman.AG,1648.0,0.4980036616325378,0.3451695285068642,0.14597474212952868,0.8617688631891499
I15494.AG,Serbia,Serbia_Roman.AG,1750.0,0.1483058184385299,0.3339187495563581,0.11563061998794792,0.8521888748029576
I15495.AG,Serbia,Serbia_Roman.AG,1750.0,0.3294750452041626,0.3634550385815427,0.16363316032237185,0.8968261514235357
I15500.AG,Serbia,Serbia_Roman.AG,1740.0,0.0812205523252487,0.38128839340411563,0.12990308357019953,0.8832901754062772
I15502.AG,Serbia,Serbia_Roman.AG,1680.0,0.1384551525115966,0.3562882525443631,0.09700927178982119,0.8897279217527876
I15504.AG,Serbia,Serbia_Roman.AG,1700.0,0.550814151763916,0.3006478904707042,0.12506626426489117,0.8453005145904653
I15507.AG,Serbia,Serbia_Roman.AG,1700.0,0.3050778806209564,0.36862965071197706,0.17430720140037997,0.8749210772026386
I15508.AG,Serbia,Serbia_Roman.AG,1700.0,0.4724905490875244,0.3512843220878288,0.13081639455013194,0.8804564460209451
I15509.AG,Serbia,Serbia_Roman.AG,1750.0,0.0580642707645893,0.3427950858366466,0.13045744294687744,0.8798702796192951
I15510.AG,Serbia,Serbia_Roman.AG,1750.0,0.4617477655410766,0.3236325340106952,0.1313748994290842,0.8423570086892858
I15513.AG,Serbia,Serbia_Roman.AG,1775.0,0.3854565918445587,0.36396402573188613,0.11497548874132717,0.8477781518709778
I15514.AG,Serbia,Serbia_Roman.AG,1750.0,0.1577363759279251,0.33259786835416966,0.1371965121201745,0.8812026460103695
I15515.AG,Serbia,Serbia_Roman.AG,1750.0,0.066519983112812,0.35768773160758754,0.1362650649737207,0.8540644076095069
I15516.AG,Serbia,Serbia_Roman.AG,1769.0,0.1908998489379882,0.35059659213041744,0.12680275989988735,0.8739437991838014
I15517.AG,Serbia,Serbia_Roman.AG,1777.0,0.120624840259552,0.33852037484160824,0.12259822578266422,0.8615373399577677
I15518.AG,Serbia,Serbia_Roman.AG,1688.0,0.2345060408115387,0.3442670735015679,0.12664619153255405,0.8440895558364956
I15520.AG,Serbia,Serbia_Roman.AG,1696.0,0.4634046852588653,0.30555881722048106,0.14557484039157678,0.8296849621821025
I15521.AG,Serbia,Serbia_Roman.AG,1756.0,0.1993831396102905,0.33944682069989673,0.1347759745263959,0.8692521047557135
I15522.AG,Serbia,Serbia_Roman.AG,1700.0,0.325825423002243,0.33128105738386143,0.13374700706134587,0.8729441303211478
I15524.AG,Serbia,Serbia_Roman.AG,1700.0,0.1636130362749099,0.353175884881775,0.10208103506766636,0.8674563575019771
I15525.AG,Serbia,Serbia_Roman.AG,1750.0,0.3573547005653381,0.35845244771328505,0.12728829960034,0.839813836539244
I15526.AG,Serbia,Serbia_Roman.AG,1680.0,0.2491149753332138,0.36395913836028515,0.11008164225559325,0.9314403793138474
I15527.AG,Serbia,Serbia_Roman.AG,1815.0,0.5561603903770447,0.31875694163932444,0.11827448718347995,0.8579967432608914
I15528.AG,Serbia,Serbia_Roman.AG,1795.0,0.2573371231555938,0.3672654476067705,0.13310366922241385,0.854830680501194
I15529.AG,Serbia,Serbia_Roman.AG,1800.0,0.3431293964385986,0.360706021374681,0.12436763729954484,0.8411062455321244
I15531.AG,Serbia,Serbia_Roman.AG,1595.0,0.254217118024826,0.32929670232137276,0.13695262032364286,0.8307745835164401
I15532.AG,Serbia,Serbia_Roman.AG,1600.0,0.1279589086771011,0.3515332537645027,0.11683556142494879,0.8649195798892191
I15533.AG,Serbia,Serbia_Roman.AG,1644.0,0.1874513924121856,0.3288619691447138,0.12544060323793488,0.8463229505881382
I15534.AG,Serbia,Serbia_Roman.AG,1654.0,0.0732863321900367,0.3262857546442816,0.11075590706836863,0.8597103315500669
I15535.AG,Serbia,Serbia_Roman.AG,1610.0,0.1217700019478797,0.3474248742684221,0.13216040369954418,0.8677625579546753
I15537.AG,Serbia,Serbia_EarlyMedieval_Slavic.AG,1050.0,0.3724526762962341,0.3310936381345609,0.14524046246476377,0.8381360628136034
I15540.AG,Serbia,Serbia_EarlyMedieval_Slavic.AG,1026.0,0.524964451789856,0.34199445126747263,0.11743187244048525,0.8704790226657234
I15541.AG,Serbia,Serbia_EarlyMedieval_Slavic.AG,1050.0,0.3621348738670349,0.31778428988563406,0.11911704794150182,0.8443280302934502
I15542.AG,Serbia,Serbia_EarlyMedieval_Slavic.AG,980.0,0.4811076521873474,0.34261130542012525,0.13633398078887154,0.8765746199031303
I15543.AG,Serbia,Serbia_EarlyMedieval_Slavic.AG,1050.0,0.5108526945114136,0.37835911043265014,0.15257110374244628,0.8817453319206532
I15544.AG,Serbia,Serbia_Roman.AG,1581.0,0.4148431420326233,0.3965502289037004,0.1298602422919108,0.8175182015861526
I15545.AG,Serbia,Serbia_Roman.AG,1472.0,0.5616015195846558,0.317958958386642,0.12118070201598409,0.9033099018319741
I15546.AG,Serbia,Serbia_Roman.AG,1555.0,0.3388334214687347,0.3802437278744164,0.1400818292741574,0.8725353199764276
I15548.AG,Serbia,Serbia_Roman.AG,1555.0,0.4421834945678711,0.3388892704731867,0.15985766942692733,0.8339801848335506
I15549.AG,Serbia,Serbia_Gepid.AG,1598.0,0.3804298937320709,0.3648085297955107,0.15615934034821868,0.8754356056212947
I15551.AG,Serbia,Serbia_Roman.AG,1645.0,0.3225270211696625,0.38641303193175036,0.12669136777715523,0.8400130147543678
I15552.AG,Serbia,Serbia_Roman.AG,1555.0,0.2837520837783813,0.363062067372701,0.1398032835191425,0.8910720043899151
I15553.AG,Serbia,Serbia_Roman.AG,1585.0,0.3669653236865997,0.38721306414068857,0.1370974829158274,0.8823037247304374
I15554.AG,Serbia,Serbia_Roman.AG,1520.0,0.152451753616333,0.3475825068289677,0.13888102684430598,0.8611697479377487
I15555.AG,Serbia,Serbia_Roman.AG,1520.0,0.3012758195400238,0.3333505118897899,0.10878193293285669,0.8512827936536237
I15556.AG,Serbia,Serbia_Roman.AG,1555.0,0.0574803352355957,0.3842956727446852,0.13445298148026485,0.8726738283322935
I15571.AG,Greece,Greece_Attica_Kolikrepi_BA.AG,3417.0,0.4292963743209839,1.9753520994158864,-0.5026022675414676,-0.00625722146942009
I15582.AG,Greece,Greece_Attica_Kolikrepi_BA.AG,3466.0,0.2551311254501343,1.9108974406255819,-0.4956266725012927,-0.00943217245766149
I15617.AG,Romania,Romania_C_Bodrogkeresztur_brother.I18114.brother.I7135.AG,5900.0,0.6352755427360535,1.2879249781290536,0.3849558333368928,0.18823119224444368
I15618.AG,Romania,Romania_C_Bodrogkeresztur.AG,5900.0,0.5794886350631714,1.2632263599299172,0.4274397570006309,0.19626471009458932
I15619.AG,Romania,Romania_C_Bodrogkeresztur.AG,5900.0,0.6274994611740112,1.2405391886769837,0.3991532513328244,0.19848927416200393
I15621.AG,Romania,Romania_C_Bodrogkeresztur.AG,5900.0,0.574658989906311,1.269484935018928,0.4237012447656876,0.18589046003662815
I15622.AG,Romania,Romania_C_Bodrogkeresztur_sister.I7133.AG,5900.0,0.5370819568634033,1.2541782088225457,0.40651082093477997,0.2059147512520764
I15623.AG,Romania,Romania_C_Bodrogkeresztur_o1.AG,6088.0,0.5641181468963623,1.2913826865008895,0.4093041632081594,0.2063098402110694
I15642.AG,Czechia,Czechia_EBA_Unetice.AG,3950.0,0.3147193193435669,-0.3573349444955373,0.013033819632201557,-0.15704471838584375
I15643.AG,Czechia,Czechia_EBA_Unetice.AG,3950.0,0.5896774530410767,-0.3420754259295666,0.05152711682873235,-0.14159594832743921
I15644.AG,Czechia,Czechia_EBA_Unetice.AG,3950.0,0.6273007392883301,-0.40954131732071064,0.035830445060953904,-0.17949336410752306
I15646.AG,Czechia,Czechia_EBA_Unetice_son.I13470.AG,3950.0,0.5919240117073059,-0.3946552303771464,0.0586992089135702,-0.1250800419406377
I15648.AG,Czechia,Czechia_N.AG,5397.0,0.4833882451057434,-0.40844779461559977,0.06693736969894794,-0.1906140243936308
I15650.AG,Czechia,Czechia_N_possible.AG,3058.0,0.5832023024559021,-0.35139126307213686,0.027159764866954178,-0.15175105110738543
I15705.AG,Albania,Albania_Podgorie_N.AG,8096.0,0.0876122117042541,1.9955365997872045,-0.3710671843226254,-0.7074229119070528
I15706.AG,Albania,Albania_Pazhok_PostMedieval.AG,320.0,0.6866756677627563,2.0030151491841175,-0.3598690158296966,-0.7225433405851023
I15707.AG,Albania,Albania_Bardhoc_PostMedieval.AG,399.0,0.6821355223655701,1.9940388439679753,-0.3874284972244258,-0.696413178094583
I15741.AG,Croatia,Croatia_Medieval.AG,1096.0,0.6841574311256409,0.8280704160394247,-0.007874913238170508,-0.23048673713175327
I15742.AG,Croatia,Croatia_Medieval_o.AG,1232.0,0.6735379099845886,0.8008540167350745,0.022253222110777744,-0.24531114689824365
I15743.AG,Croatia,Croatia_Medieval.AG,1029.0,0.6954411864280701,0.8401223794912038,-0.003775686527139629,-0.1975680433206474
I15744.AG,Croatia,Croatia_Medieval.AG,1228.0,0.6794186234474182,0.8403897515485248,-0.03852981449805135,-0.18460558548473713
I15818.AG,Czechia,Czechia_EN_LBK.AG,7200.0,0.6372998356819153,-0.30590778526761486,0.02150065176908769,-0.15461106830296795
I15819.AG,Czechia,Czechia_N.AG,7200.0,0.2348434329032898,-0.3884352040344711,0.04812724814285288,-0.14565266839065208
I15823.AG,Czechia,Czechia_C.AG,5550.0,0.5073409676551819,-0.3153981934777911,0.027120885248976604,-0.12721426823867016
I15824.AG,Czechia,Czechia_EBA_Unetice.AG,3900.0,0.6159862279891968,-0.35557413956656153,-0.013221475410276816,-0.11286327936839416
I15825.AG,Czechia,Czechia_EBA_Unetice.AG,3850.0,0.4305907487869262,-0.36693200989443214,0.05008599586269986,-0.13471176922612998
I15826.AG,Czechia,Czechia_C.AG,5505.0,0.1962704360485077,-0.3848815413677601,-0.005552101972345361,-0.1398307327354342
I15940.AG,Italy,Italy_Sardinia_N_oAfrica.AG,4203.0,0.4567461907863617,-0.041363921608809216,-0.7964798955718888,0.21252840503887505
I15941.AG,Italy,Italy_Sardinia_N.AG,4196.0,0.6168037056922913,-0.067806399524884,-0.77781947523857,0.19051403106076817
I15942.AG,Italy,Italy_Sardinia_N.AG,4297.0,0.4897442162036896,-0.08946206610150867,-0.7225803442534952,0.20889744874753302
I15943.AG,Italy,Italy_Sardinia_N.AG,5723.0,0.1190839037299156,-0.0751646815796546,-0.714922427207222,0.203121343946368
I15945.AG,Italy,Italy_Sardinia_N.AG,5825.0,0.152491495013237,-0.00767546324713522,-0.7436706914628697,0.21601450620860774
I15946.AG,Italy,Italy_Sardinia_N.AG,5968.0,0.3961304426193237,-0.12650130554170796,-0.7212709269095817,0.19064241943603796
I15947.AG,Italy,Italy_Sardinia_N_contam.AG,5575.0,0.1116849556565284,-0.045842887943268996,-0.7335836867322622,0.19388357476577484
I15950.AG,Czechia,Czechia_IA_LaTene.AG,2385.0,0.596672534942627,-0.41277595171348097,-0.0048898654188320595,-0.0934651657568904
I15951.AG,Czechia,Czechia_IA_LaTene.AG,2235.0,0.6015548706054688,-0.38196399485128835,0.03551752396503927,-0.11186505619765799
I15952.AG,Czechia,Czechia_IA_LaTene.AG,2310.0,0.621917188167572,-0.3637537782263931,0.05479518723948031,-0.1443075959461516
I15953.AG,Czechia,Czechia_IA_LaTene_mother.or.daughter.I15039.AG,2185.0,0.6077405214309692,-0.42243177380656594,0.06186581660815673,-0.10992943693260258
I15954.AG,Czechia,Czechia_IA_LaTene.AG,2305.0,0.625424861907959,-0.40097834886557787,0.06997001281811122,-0.17426621298021172
I15955.AG,Czechia,Czechia_LBA_Knoviz.AG,3059.0,0.5646339654922485,-0.40966614565132803,0.05983986962847658,-0.09378899478591914
I15956.AG,Czechia,Czechia_LBA_Knoviz.AG,3050.0,0.5134528279304504,-0.37519399750446397,0.020846545605418758,-0.12351145211857174
I15957.AG,Czechia,Czechia_LBA_Knoviz.AG,3050.0,0.6024989485740662,-0.35666323552715495,0.07320610445889164,-0.12807227948050415
I15958.AG,Czechia,Czechia_LBA_Knoviz.AG,3050.0,0.6114209890365601,-0.3790390572384913,0.04459382940550749,-0.15000996492633148
I15959.AG,Czechia,Czechia_LBA_Knoviz.AG,3022.0,0.6275399923324585,-0.47162487625029803,0.041742417294941346,-0.05510117369409542
I15960.AG,Czechia,Czechia_LBA_Knoviz.AG,3050.0,0.6229796409606934,-0.40058116228156637,0.035773912437063266,-0.1343591073229075
I15961.AG,Czechia,Czechia_LBA_Knoviz_o3.AG,3050.0,0.3412234783172607,-0.3997098446148408,0.055488126081329185,-0.12368215602551359
I16006.AG,Austria,Austria_EN_LBK.AG,7019.0,0.6250396370887756,0.6475910064443102,-0.637285236025923,-0.2090425492307193
I16007.AG,Slovakia,Slovakia_N_LBK_sister.I14178.AG,7100.0,0.6541236639022827,1.1678668293586447,0.11443826128507399,-0.8113307422581116
I16008.AG,Slovakia,Slovakia_N_LBK.AG,7100.0,0.6466598510742188,1.179226033739273,0.08205877766678188,-0.8136851430137977
I16009.AG,Slovakia,Slovakia_N_LBK_mother.or.daughter.I14599.AG,7100.0,0.6422470808029175,1.1358903158847378,0.11871512801038359,-0.8015869360685224
I16010.AG,Slovakia,Slovakia_N_LBK.AG,7100.0,0.6497360467910767,1.192795047963782,0.12108345603337654,-0.7929481838197117
I16011.AG,Slovakia,Slovakia_N_LBK.AG,7100.0,0.6269398331642151,1.1778331759733536,0.10828765926066737,-0.794717793759984
I16012.AG,Slovakia,Slovakia_N_LBK.AG,7100.0,0.649976909160614,1.1902434126446582,0.13638518586341516,-0.8084888447330479
I16013.AG,Slovakia,Slovakia_N_LBK.AG,7100.0,0.6211710572242737,1.1624343562735435,0.10526819422874627,-0.8152032178836068
I16014.AG,Slovakia,Slovakia_N_LBK.AG,7100.0,0.269215315580368,1.179812065490904,0.09661196527102653,-0.82038474773857
I16015.AG,Slovakia,Slovakia_N_LBK.AG,7100.0,0.6339357495307922,1.1905006215496914,0.08991803474310035,-0.8069727271185403
I16016.AG,Slovakia,Slovakia_N_LBK.AG,7100.0,0.654448926448822,1.1484370082292616,0.1001797786852167,-0.8173860582900739
I16088.AG,Czechia,Czechia_IA_Hallstatt.AG,2593.0,0.3441407382488251,-0.3884717129600616,0.04921534431992041,-0.1450101814436962
I16089.AG,Czechia,Czechia_LBA_Knoviz.AG,3000.0,0.6776400804519653,-0.3849454226874381,0.020537044837091113,-0.12274459874507081
I16090.AG,Czechia,Czechia_IA_LaTene_Hallstatt.AG,2350.0,0.6739888191223145,-0.35265502321794456,0.05071867965459277,-0.2245262277896711
I16092.AG,Czechia,Czechia_N.AG,5385.0,0.6100633144378662,-0.3465241009998294,0.05859324164992929,-0.1986473581324139
I16099.AG,Czechia,Czechia_MBA_Tumulus.AG,3325.0,0.5941137671470642,-0.31847447958080133,-0.08149341972690793,-0.15783527765532815
I16100.AG,Czechia,Czechia_MBA_Tumulus.AG,3325.0,0.5037384033203125,-0.33052413054394336,0.09083643747026017,-0.13586127260904557
I16108.AG,Czechia,Czechia_LN.AG,5526.0,0.2206229716539383,-0.3759535417764999,0.04912909148155402,-0.1312667244216097
I16109.AG,Czechia,Czechia_EBA_Unetice.AG,3950.0,0.5140473246574402,-0.3596514028283319,0.04282711817574542,-0.14239499353776894
I16110.AG,Czechia,Czechia_EBA_Unetice_brother.I7958.AG,3950.0,0.1569894254207611,-0.3563422639709716,0.02466278227168111,-0.15327573813526973
I16111.AG,Czechia,Czechia_MBA_Tumulus.AG,3325.0,0.4563139379024505,-0.3948537054508958,0.05890651346299581,-0.11556726617771469
I16112.AG,Czechia,Czechia_MBA_Tumulus.AG,3325.0,0.5469439625740051,-0.37903380601630254,-0.01019780887661104,-0.17138422846348766
I16113.AG,Czechia,Czechia_Medieval.AG,1462.0,0.5799468159675598,-0.45278406719630443,0.034005804331818566,-0.15198824897521146
I16121.AG,Czechia,Czechia_C_Baalberge.AG,5850.0,0.4977303445339203,-0.36278130495243627,0.015085755926769438,-0.1316240556806524
I16122.AG,Czechia,Czechia_C_Baalberge.AG,5850.0,0.4526278376579284,-0.34435358297963614,-0.0796823433802356,-0.11679415211545564
I16163.AG,Italy,Italy_Sardinia_IA_2.AG,2576.0,0.4768668413162231,0.0045709086391289445,-0.7230877976517663,0.25983008069894553
I16164.AG,Italy,Italy_Sardinia_C.AG,4415.0,0.416925847530365,-0.07997606016179759,-0.7255588496301547,0.24218371618119644
I16165.AG,Italy,Italy_Sardinia_N.AG,5671.0,0.4372467994689941,-0.08777046254610774,-0.7676130076483875,0.2210652588259874
I16166.AG,Italy,Italy_Sardinia_N.AG,5746.0,0.1059299483895301,-0.06338642955741816,-0.7235625200845507,0.2249183218064653
I16168.AG,Italy,Italy_Sardinia_N.AG,5807.0,0.3603457510471344,-0.12205370708261705,-0.7318239663780192,0.20161910756615356
I16169.AG,Italy,Italy_Sardinia_N.AG,4177.0,0.3800041079521179,-0.09304796832597671,-0.7469463666066136,0.22286750806015734
I16170.AG,Italy,Italy_Sardinia_MBA.AG,3337.0,0.4817467331886291,-0.10567065647394035,-0.7343109637560836,0.19612660592391992
I16182.AG,Czechia,Czechia_LBA_Knoviz.AG,3050.0,0.5114771723747253,-0.45684572303351567,0.04742680281669183,-0.12805952378743515
I16183.AG,Italy,Italy_Sardinia_N.AG,5164.0,0.1558158695697784,-0.0899670848424108,-0.695722250503976,0.20991894706590344
I16239.AG,Slovakia,Slovakia_N_LBK.AG,7100.0,0.1575587540864944,1.1964735307310626,0.0907275189866839,-0.8014284041923295
I16240.AG,Slovakia,Slovakia_N_LBK.AG,7100.0,0.2062249183654785,1.1458870806693042,0.10501645654770536,-0.7954763358109954
I16241.AG,Slovakia,Slovakia_N_LBK_son.I17545.AG,7100.0,0.3358253240585327,1.1805904510603433,0.11119354159988322,-0.8302190922823067
I16242.AG,Slovakia,Slovakia_N_LBK.AG,7100.0,0.0556222833693027,1.182075998343787,0.10951947069429697,-0.8224551243375657
I16245.AG,Slovakia,Slovakia_N_LBK.AG,7100.0,0.4092130362987518,1.1921942939857941,0.10954022879272851,-0.8085444411473567
I16246.AG,Slovakia,Slovakia_N_LBK_mother.or.daughter.I16008.AG,7100.0,0.2100399583578109,1.186299157959696,0.10596376545757505,-0.8488040500130901
I16247.AG,France,France_GrandEst_EBA.AG,4534.0,0.3892164826393127,-1.038660451881039,-0.8824589117662314,-0.03295491140715126
I16251.AG,Albania,Albania_Cinamak_BA_IA.AG,2225.0,0.3680350482463836,1.971908032351349,-0.37105399312041326,-0.7146880090847932
I16253.AG,Albania,Albania_Cinamak_BA_IA.AG,2426.0,0.330487996339798,1.9861622562215329,-0.3693048267115084,-0.7049794869799737
I16254.AG,Albania,Albania_Cinamak_BA_IA.AG,2450.0,0.1321454048156738,1.9635396375577254,-0.36116867045530976,-0.7309623587708058
I16256.AG,Albania,Albania_Cinamak_IA.AG,2525.0,0.2509065270423889,1.9774339284465305,-0.3777254733848498,-0.6982339272981524
I16268.AG,Czechia,Czechia_IA_LaTene.AG,2250.0,0.4905073940753937,-0.42070312604997506,0.04068362302358685,-0.1516469905717274
I16269.AG,Czechia,Czechia_IA_LaTene.AG,2250.0,0.099663995206356,-0.3786739127080727,0.053189537080269016,-0.09994746787958633
I16270.AG,Czechia,Czechia_IA_LaTene.AG,2250.0,0.160650372505188,-0.3758480904879033,0.04809605578256434,-0.14227514488099355
I16271.AG,Czechia,Czechia_IA_LaTene.AG,2250.0,0.5259052515029907,-0.38542444983361135,0.04737664824315601,-0.14852232410883218
I16272.AG,Czechia,Czechia_IA_LaTene.AG,2239.0,0.529553234577179,-0.35160016117371407,0.048361980488905255,-0.1328151207184271
I16273.AG,Czechia,Czechia_IA_LaTene.AG,2046.0,0.3692013025283813,-0.446137740102326,0.08601565498629668,-0.14650826127154892
I16326.AG,Czechia,Czechia_IA_Hallstatt.AG,2625.0,0.4189655780792236,-0.4362799042243059,0.03809922189569343,-0.12338898344802339
I16327.AG,Czechia,Czechia_IA_Hallstatt.AG,2592.0,0.4192980825901031,-0.3973998224274057,0.07252360790036465,-0.12992711676119115
I16380.AG,UnitedKingdom,England_IA.AG,2329.0,0.3167882263660431,-1.5084246141845759,0.02773867201770858,-0.5950136298238273
I16383.AG,UnitedKingdom,England_EarlyMedieval.AG,1250.0,0.2114649266004562,-1.541951637192206,0.14778598085515487,-0.5486522875923139
I16385.AG,UnitedKingdom,England_EarlyMedieval.AG,1250.0,0.078005664050579,-1.3755547265070511,0.09706837106629863,-0.568482851644351
I16386.AG,UnitedKingdom,England_MIA_LIA.AG,2050.0,0.1418979316949844,-1.482519272894202,0.0746161005675218,-0.6059481035777365
I16388.AG,UnitedKingdom,England_IA.AG,2329.0,0.3225180804729461,-1.4951020720280253,0.0713967205336391,-0.6228868561783347
I16389.AG,UnitedKingdom,England_EarlyMedieval.AG,1250.0,0.1522562950849533,-1.499585238961935,0.04848068423724604,-0.6359200812228029
I16392.AG,UnitedKingdom,England_EarlyMedieval.AG,1225.0,0.1362272799015045,-1.4713419269379355,0.06454186049136405,-0.560220162583736
I16395.AG,UnitedKingdom,England_C_EBA.AG,3950.0,0.1079145148396492,-1.4917896970948366,0.14175907950150504,-0.6117945433547208
I16396.AG,UnitedKingdom,England_C_EBA.AG,3950.0,0.155367374420166,-1.4609051127866994,0.12945919429692054,-0.6128600322567083
I16400.AG,UnitedKingdom,England_C_EBA.AG,3900.0,0.3925911486148834,-1.447013946728935,0.0747494816456287,-0.5706859702312624
I16403.AG,UnitedKingdom,England_MBA.AG,3425.0,0.3671696782112121,-1.4783318525516125,0.09663675127271516,-0.5768686498701585
I16413.AG,UnitedKingdom,Scotland_LIA.AG,1920.0,0.1614686995744705,-1.489753486254175,0.1265873367441764,-0.6107322986155831
I16416.AG,UnitedKingdom,Scotland_MIA_LIA_father.or.son.I16503.AG,2110.0,0.3468795418739319,-1.5036338956940272,0.12929742783951328,-0.587562045463215
I16418.AG,UnitedKingdom,Scotland_LIA.AG,1955.0,0.2531992793083191,-1.5207268757792636,0.01579530188022359,-0.629592899645627
I16422.AG,UnitedKingdom,Scotland_MIA_LIA.AG,2208.0,0.3395706415176391,-1.4786830589244198,0.09398553873977047,-0.6463949068345969
I16424.AG,UnitedKingdom,England_C_EBA.AG,4106.0,0.6722118854522705,-1.4334042611580766,0.1110762980564563,-0.601708555194259
I16425.AG,UnitedKingdom,ChannelIslands_LN.AG,4929.0,0.4330319166183471,-1.5133478645446587,0.062467097807563036,-0.6044864265971199
I16429.AG,UnitedKingdom,ChannelIslands_LN.AG,4935.0,0.0618087574839592,-1.51104887445162,0.09727542150252619,-0.6025381545511101
I16430.AG,UnitedKingdom,ChannelIslands_IA.AG,2084.0,0.305493950843811,-1.5671439837855712,0.1000615788986263,-0.6126577024561659
I16437.AG,UnitedKingdom,ChannelIslands_MN.AG,6091.0,0.1491865813732147,-1.4945856942138087,-0.028505886395742922,-0.6058163742650061
I16438.AG,UnitedKingdom,ChannelIslands_LN.AG,4384.0,0.1718311160802841,-1.555557392321193,0.10855923140655244,-0.6093008310701267
I16439.AG,UnitedKingdom,England_IA.AG,2329.0,0.663790225982666,-1.5348788862068927,0.02344509722772339,-0.5707698970505712
I16440.AG,UnitedKingdom,England_IA.AG,2329.0,0.4001060724258423,-1.495463429414774,0.11947233934824227,-0.6282364922940084
I16441.AG,UnitedKingdom,England_IA.AG,2329.0,0.6150462031364441,-1.5616374598848253,0.17962766409071315,-0.60904096586194
I16442.AG,UnitedKingdom,England_IA.AG,2329.0,0.646755576133728,-1.4727743261760986,0.24232741066350902,-0.6506952120419567
I16444.AG,UnitedKingdom,ChannelIslands_MN.AG,6048.0,0.6192489266395569,-1.4563723309348522,-0.01483535749252972,-0.5644727908304624
I16450.AG,UnitedKingdom,England_MIA_LIA.AG,2050.0,0.6328157186508179,-1.544075505599794,0.1537502040564624,-0.5868539124541834
I16454.AG,UnitedKingdom,England_MBA.AG,3162.0,0.4952932298183441,-1.4912193356700438,0.078469744335508,-0.6396131108594024
I16455.AG,UnitedKingdom,England_MIA_LIA.AG,2050.0,0.059280801564455,-1.5375784615264363,0.2157726742833991,-0.5784646711530806
I16457.AG,UnitedKingdom,England_MIA_LIA.AG,2050.0,0.5047903060913086,-1.5141707150967576,0.013180087485044244,-0.614957984697061
I16458.AG,UnitedKingdom,England_MIA_LIA.AG,2050.0,0.4024547934532165,-1.5168749439948523,0.08601191026384895,-0.5369538096443394
I16463.AG,UnitedKingdom,England_N.AG,5700.0,0.4209614992141723,-1.5248708623891483,0.06309137695976735,-0.6116923091171337
I16488.AG,UnitedKingdom,Wales_LBA.AG,3050.0,0.4700420796871185,-1.4833272935835584,0.14209632194716246,-0.6013764582877471
I16491.AG,UnitedKingdom,Wales_N.AG,4686.0,0.0832716301083564,-1.4966608967600945,0.13381646556218288,-0.6440567175563645
I16495.AG,UnitedKingdom,Scotland_LIA.AG,2055.0,0.6229317784309387,-1.5025923854125474,0.061815234878824954,-0.5790756849925052
I16498.AG,UnitedKingdom,Scotland_EIA.AG,2495.0,0.4816096723079681,-1.4937470626709752,0.09520551368472951,-0.6145968896237687
I16499.AG,UnitedKingdom,Scotland_MIA_LIA.AG,2069.0,0.6524838209152222,-1.5502117042329655,0.041103602431067005,-0.6332367412636273
I16503.AG,UnitedKingdom,Scotland_MIA_LIA_father.or.son.I16503.AG,2120.0,0.6757000684738159,-1.46656916983138,0.02367955174251792,-0.655906295946245
I16504.AG,UnitedKingdom,Scotland_IA.AG,1916.0,0.5674603581428528,-1.4916802940174534,0.1259465785680048,-0.650472440013551
I16505.AG,UnitedKingdom,ChannelIslands_IA.AG,2058.0,0.158016175031662,-1.4987040188519125,0.12432512165732085,-0.5459648062800111
I16508.AG,UnitedKingdom,England_EarlyMedieval.AG,1276.0,0.5848908424377441,-1.4257524235039112,0.15527453723437942,-0.5838625174751709
I16509.AG,UnitedKingdom,England_EarlyMedieval.AG,1311.0,0.6549833416938782,-1.5664903480873928,0.13256011962779513,-0.5192581333540831
I16510.AG,UnitedKingdom,England_EarlyMedieval.AG,1324.0,0.6498885154724121,-1.4582479271181712,0.10738464017082813,-0.6272432834441346
I16538.AG,Czechia,Czechia_EMBA.AG,3975.0,0.5022850632667542,-0.3662234711022754,0.07845340490221472,-0.12786168498107264
I16549.AG,Czechia,Czechia_LBA_Knoviz.AG,2868.0,0.458365797996521,-0.43571317220460426,0.020523610458726877,-0.12773712067237644
I16571.AG,Turkey,Turkey_Southeast_Gaziantep_Byzantine.AG,750.0,0.0504179596900939,1.478451385630758,-0.6040999251103175,0.5665700506571187
I16580.AG,Turkey,Turkey_Southeast_Kilis_EBA_A.AG,4450.0,0.054723672568798,1.4323046659023377,-0.5594653523678443,0.5557346085470448
I16591.AG,UnitedKingdom,England_MIA.AG,2311.0,0.1838934421539306,-1.4748733458394327,0.10284257842598164,-0.6102944842190562
I16595.AG,UnitedKingdom,England_MIA.AG,2236.0,0.0739756971597671,-1.4700167214493745,0.11062835963337313,-0.5780262374637303
I16597.AG,UnitedKingdom,England_MIA.AG,2283.0,0.4656358063220978,-1.5313693000223403,0.08328133779385712,-0.5932446573585193
I16599.AG,UnitedKingdom,England_MIA.AG,2295.0,0.3457003235816955,-1.4663094028583794,0.11797645687745766,-0.5978224481526431
I16601.AG,UnitedKingdom,England_MIA_LIA.AG,2082.0,0.4982405006885528,-1.4950970193877728,0.08167922863111134,-0.6020958122413632
I16602.AG,UnitedKingdom,England_EIA.AG,2455.0,0.2405603229999542,-1.4943392239788769,0.08713226686791524,-0.5996532406013967
I16611.AG,UnitedKingdom,England_MIA.AG,2267.0,0.2499284297227859,-1.4754746873144158,0.12863317746161276,-0.5803485011666092
I16612.AG,UnitedKingdom,England_EIA.AG,2419.0,0.1364462524652481,-1.5520065294827772,0.0952220603308514,-0.6042796829891226
I16619.AG,UnitedKingdom,England_MIA_LIA.AG,2198.0,0.0608444511890411,-1.5177914955347627,0.14104891765750044,-0.6665169461835767
I16620.AG,UnitedKingdom,England_IA.AG,2117.0,0.1444096714258194,-1.531326992264846,0.10866640782493481,-0.6411330757378962
I16709.AG,Greece,Greece_Attica_Kolikrepi_BA.AG,3369.0,0.1543965935707092,1.94200613537345,-0.5203396349440521,0.001977204475027168
I16741.AG,Hungary,Hungary_Transtisza_LateEarlyAvar.AG,1175.0,0.295651376247406,1.6530626617297084,0.06913179016272296,-0.07254994715252916
I16743.AG,Hungary,Hungary_Transtisza_LateEarlyAvar.AG,1150.0,0.3447189927101135,1.704400895997181,0.07630708956276415,-0.10428206050415724
I16744.AG,Hungary,Hungary_Transtisza_EarlyAvar.AG,1325.0,0.6645063757896423,1.698509728093418,0.12155487940917319,-0.04431560736081032
I16750.AG,Hungary,Hungary_Transtisza_Maros_EarlyAvar.AG,1325.0,0.6548479199409485,1.7224832084633468,0.10372243964787672,-0.07716510736845374
I16751.AG,Hungary,Hungary_NorthHungaryMountains_LateEarlyAvar.AG,1200.0,0.6418991684913635,1.6948330908893665,0.12330725810737024,-0.07945184683930132
I16752.AG,Hungary,Hungary_NorthHungaryMountains_LateEarlyAvar.AG,1200.0,0.6607124209403992,1.6716849544303691,0.00977884598543569,-0.21773291693577454
I16753.AG,Hungary,Hungary_NorthHungaryMountains_LateEarlyAvar.AG,1200.0,0.6672524809837341,1.6924090393266351,0.06609698099495136,-0.19369932818927998
I16759.AG,Hungary,Hungary_SouthTransdanubia_LateEarlyAvar.AG,1225.0,0.5648707747459412,1.6603112104301607,0.1323592627537741,-0.02442886794125537
I16791.AG,France,France_BA.AG,3737.0,0.0649019926786422,-0.9819003417079891,-0.8361368484142483,-0.020867462737859242
I16803.AG,Serbia,Serbia_Mokrin_EBA_Maros.AG,3894.0,0.6568722128868103,0.3718673234860681,0.15440221338523769,0.8112706422732398
I16812.AG,Hungary,Hungary_Transtisza_EarlyAvar.AG,1325.0,0.6786895394325256,1.6559495223008405,0.04207234890291694,-0.04062716807905059
I16813.AG,Serbia,Serbia_BA_o.AG,3966.0,0.6677983403205872,0.35991250277472275,0.141937801240711,0.8630189687467893
I16814.AG,Serbia,Serbia_LBA.AG,2903.0,0.628831148147583,0.3487355026140712,0.13911483296705016,0.8173280164816763
I16994.AG,Montenegro,Montenegro_LN_Hvar_possible.AG,4950.0,0.1658222526311874,2.544961105525661,3.2121762941773193,-13.741468469041644
I16995.AG,Montenegro,Montenegro_Mesolithic_LN_Hvar_possible_oMesolithic.AG,4950.0,0.0622945576906204,2.440633027169001,3.096772807799528,-13.374096654114616
I17014.AG,UnitedKingdom,England_MIA.AG,2227.0,0.5640386343002319,-1.4737274578762765,0.12847365872671934,-0.6758667966503362
I17015.AG,UnitedKingdom,England_MIA.AG,2227.0,0.5587297081947327,-1.5319889401324849,0.061672342164349865,-0.6133158473458477
I17016.AG,UnitedKingdom,England_MIA.AG,2226.0,0.7091749906539917,-1.4838471233605661,0.11938315459399164,-0.558929046499127
I17017.AG,UnitedKingdom,England_LIA_highEEF.AG,2051.0,0.6750739812850952,-1.586385075522353,0.02764172984042066,-0.5940293878458691
I17019.AG,Netherlands,Netherlands_MBA.AG,3270.0,0.4016364812850952,-1.2430327732789856,0.13033576312355397,0.5813374281469614
I17139.AG,Czechia,Czechia_IA_LaTene.AG,2220.0,0.48942631483078,-0.3698139874679388,0.01911341642761607,-0.15312188627174836
I17143.AG,Czechia,Czechia_IA_LaTene.AG,2220.0,0.3974791765213012,-0.38152179818122844,0.022104071465321687,-0.0945482092615158
I17145.AG,Czechia,Czechia_IA_LaTene.AG,2255.0,0.6024526953697205,-0.3801928997208189,0.023813389565526352,-0.17395052815432976
I17146.AG,Czechia,Czechia_IA_LaTene.AG,2197.0,0.5235865116119385,-0.331614160919731,0.029982329095594333,-0.1539414022705741
I17258.AG,UnitedKingdom,England_EIA.AG,2415.0,0.5780539512634277,-1.4799828662361858,0.1624082768019888,-0.6662110635634552
I17259.AG,UnitedKingdom,England_EIA.AG,2438.0,0.5586072206497192,-1.443488268652154,0.0360592050104442,-0.6388643335241122
I17260.AG,UnitedKingdom,England_EIA.AG,2550.0,0.5756208300590515,-1.4310589258702922,0.04522773213404351,-0.6689375708999744
I17261.AG,UnitedKingdom,England_MIA.AG,2224.0,0.5935614705085754,-1.473701783833784,0.07415599087821256,-0.6966809299641471
I17262.AG,UnitedKingdom,England_MIA_LIA.AG,2176.0,0.5350162386894226,-1.5579602626399511,0.07048189196264085,-0.6225431160990862
I17263.AG,UnitedKingdom,England_MIA_LIA.AG,2114.0,0.5656493306159973,-1.5067482882442653,0.14680331652138492,-0.6915296711138729
I17266.AG,UnitedKingdom,England_MIA_LIA.AG,2183.0,0.0788994133472442,-1.5216126207555076,0.11663583205648118,-0.6540554491834066
I17267.AG,UnitedKingdom,England_MIA_LIA.AG,2225.0,0.5747206211090088,-1.4764073007149483,0.00837617909566917,-0.5724401939092123
I17268.AG,UnitedKingdom,England_EarlyMedieval_Saxon.AG,1200.0,0.5403592586517334,-1.5187145107909017,0.14705208205768272,-0.5775811121850569
I17269.AG,UnitedKingdom,England_EarlyMedieval.AG,1200.0,0.5645617842674255,-1.5045375849754734,0.14925786407788855,-0.6382859706864377
I17270.AG,UnitedKingdom,England_EarlyMedieval.AG,1200.0,0.5330713987350464,-1.5036173769234142,0.08085841808660628,-0.5797585322557054
I17271.AG,UnitedKingdom,England_EarlyMedieval.AG,1200.0,0.5693500638008118,-1.5370418166708881,0.01893797367217626,-0.5270485152838831
I17272.AG,UnitedKingdom,England_EarlyMedieval.AG,1400.0,0.5252020955085754,-1.448754069663931,0.10606233271056165,-0.6115885511107721
I17273.AG,UnitedKingdom,England_EarlyMedieval.AG,1400.0,0.560874879360199,-1.5382543643230022,0.14917250251097441,-0.6655316710345008
I17274.AG,UnitedKingdom,England_EarlyMedieval.AG,1400.0,0.5481791496276855,-1.5053614528912718,0.07591377959024877,-0.5698427065714881
I17275.AG,UnitedKingdom,England_EarlyMedieval.AG,1400.0,0.5354501605033875,-1.5240437406161966,0.09725690171990561,-0.6056444566998398
I17276.AG,UnitedKingdom,England_EarlyMedieval.AG,1400.0,0.7197953462600708,-1.4326280848322148,0.022493727583490566,-0.6451303522666614
I17277.AG,UnitedKingdom,England_EarlyMedieval.AG,1200.0,0.5414428114891052,-1.5482874483530598,0.08893666605012593,-0.6046754503365841
I17310.AG,Czechia,Czechia_C.AG,5397.0,0.3789376020431518,-0.31354416736470037,-0.03585280853085296,-0.1612094226289041
I17311.AG,Czechia,Czechia_LBA_IA_Knoviz_Hallstatt.AG,2975.0,0.3364360332489013,-0.3715999286411774,0.06460596195702317,-0.13399054532153162
I17314.AG,Czechia,Czechia_IA_LaTene.AG,2250.0,0.3963607847690582,-0.3974906555991032,0.0664188391274821,-0.1052347903259712
I17315.AG,Czechia,Czechia_IA_LaTene.AG,2221.0,0.1432588249444961,-0.40664176875069374,0.04936729612594067,-0.1424983550460151
I17316.AG,Czechia,Czechia_IA_LaTene.AG,2250.0,0.279037594795227,-0.36600717280735445,0.06493866812934183,-0.13309624222915434
I17317.AG,Czechia,Czechia_IA_LaTene.AG,2250.0,0.4136533737182617,-0.4025670344242778,0.04872396296591657,-0.15198357625474873
I17320.AG,Czechia,Czechia_IA_LaTene.AG,2250.0,0.2234088331460952,-0.40045742264928913,0.04945203125298638,-0.14805346361722282
I17321.AG,Czechia,Czechia_IA_LaTene.AG,2225.0,0.4259557723999023,-0.3374870420191018,0.035214003260531375,-0.1258692354457711
I17322.AG,Czechia,Czechia_IA_LaTene.AG,2250.0,0.4903306066989898,-0.32716930581491316,0.09676451253201986,-0.11476139802574574
I17323.AG,Czechia,Czechia_IA_LaTene.AG,2250.0,0.3535672426223755,-0.36670977469689514,-0.06401159660284214,-0.16899715417155045
I17324.AG,Czechia,Czechia_IA_LaTene.AG,2250.0,0.0770267620682716,-0.34715598923551644,0.0380511053954377,-0.15568551768969072
I17327.AG,Czechia,Czechia_IA_LaTene.AG,2250.0,0.4127807319164276,-0.38633776755449506,0.03119097437954156,-0.11349936190943302
I17339.AG,Slovakia,Slovakia_N_LBK.AG,7100.0,0.2040651589632034,1.1826071188846974,0.11586196296379253,-0.8241066786625448
I17340.AG,Slovakia,Slovakia_N_LBK.AG,7100.0,0.4194984138011932,1.1874145713993502,0.11187542395486459,-0.816944486153008
I17341.AG,Slovakia,Slovakia_N_LBK.AG,7100.0,0.4119680821895599,1.186048431988614,0.11385094490518204,-0.8273389724579745
I17343.AG,Slovakia,Slovakia_N_LBK.AG,7100.0,0.2021430432796478,1.1792855014582035,0.07217885608173347,-0.8006058810630484
I17344.AG,Slovakia,Slovakia_N_LBK.AG,7100.0,0.3877817988395691,1.1829374038026355,0.10657429868890504,-0.8176958880323701
I17345.AG,Slovakia,Slovakia_N_LBK.AG,7100.0,0.4476489722728729,1.173206235692305,0.09968498331631921,-0.815559027357145
I17362.AG,Hungary,Hungary_MN.AG,7214.0,0.0835806280374527,1.6906376892749562,0.03684563136207794,-0.1214707140434835
I17363.AG,Hungary,Hungary_MN.AG,7144.0,0.0564470924437046,1.7548005856450979,0.023964250467410703,-0.11299495537021614
I17365.AG,Hungary,Hungary_MN_AVK.AG,7125.0,0.2963602244853973,1.6494559277022316,0.0838040371840616,-0.039614768598202246
I17366.AG,Hungary,Hungary_MN_AVK.AG,7205.0,0.2438773959875106,1.6918765215835667,0.1205411367916974,-0.0799298055357959
I17538.AG,Slovakia,Slovakia_N_LBK_father.or.son.I14180.AG,7100.0,0.5612609386444092,1.1795497746225891,0.09997900775757981,-0.8052770750104266
I17545.AG,Slovakia,Slovakia_N_LBK.AG,7100.0,0.6585915684700012,1.1644984886120775,0.07779736795048423,-0.8047964962431114
I17607.AG,Czechia,Czechia_IA_Hallstatt.AG,2625.0,0.0804792791604995,-0.37701495628171067,0.033383650654839524,-0.13863693414105568
I17616.AG,Czechia,Czechia_IA_LaTene_1d.rel.I15951.AG,2220.0,0.06712257117033,-0.390476323870575,0.038593944114549986,-0.14061446158429355
I17750.AG,Netherlands,Netherlands_LIA.AG,2031.0,0.5332530736923218,-1.2704511067656288,0.1437056006740782,0.6009962232967299
I17835.AG,Romania,Romania_EN.AG,7700.0,0.1453626155853271,1.2749889373907675,0.43306679718170876,0.18326448692386635
I17909.AG,Hungary,Hungary_MN_AVK.AG,7075.0,0.5810717344284058,1.7035462583932073,0.009211576102473487,-0.2219271276293791
I17910.AG,Hungary,Hungary_MN_AVK_sister.I21897.AG,7075.0,0.5701091289520264,1.7177141942653371,0.022568895069109383,-0.16426967036897971
I17911.AG,Hungary,Hungary_MN_AVK.AG,7334.0,0.5544232130050659,1.7214309283393399,-0.009345562438812766,-0.10896639980285644
I17912.AG,Serbia,Serbia_BA_Maros.AG,3900.0,0.5021042227745056,0.33183927109503986,0.12551434399611783,0.8654758695118274
I17913.AG,Serbia,Serbia_BA_Maros.AG,3900.0,0.5665633678436279,0.4221102738479658,0.15817360023737045,0.8052615571202532
I17914.AG,Serbia,Serbia_C_BA_Tiszapolgar_Bodrogkerestur.AG,6125.0,0.5952151417732239,0.34482926281219795,0.1262985282685413,0.8352843052568159
I17915.AG,Serbia,Serbia_C_BA_Tiszapolgar_Bodrogkerestur.AG,6125.0,0.5834780335426331,0.35529773034494494,0.1380603609953828,0.8715126512436974
I17916.AG,Serbia,Serbia_Mokrin_EBA_Maros.AG,3900.0,0.1411225944757461,0.3717307567126524,0.15939225931107104,0.8584343087703002
I17927.AG,Hungary,Hungary_EN_Starcevo_1.AG,7519.0,0.542961835861206,1.647669171029328,0.04277415672029851,-0.05389239404046343
I17931.AG,Hungary,Hungary_EN_Koros.AG,7500.0,0.5793507695198059,1.6581949944366736,0.057935755023785875,-0.11378503718269181
I17933.AG,Hungary,Hungary_MN_AVK.AG,6850.0,0.5404062867164612,1.6542686517015182,0.17690900255001854,-0.046706866874620646
I17934.AG,Hungary,Hungary_MN_AVK.AG,7050.0,0.502590000629425,1.6862858981501803,0.02390350612010298,-0.15299933188388137
I17938.AG,Hungary,Hungary_MN_AVK.AG,7106.0,0.5849021673202515,1.6126006446085055,0.0374882744850886,-0.12019713558468635
I17939.AG,Hungary,Hungary_MN_AVK.AG,6850.0,0.5916944742202759,1.7042062411322,0.11344577044415788,-0.05404695115791356
I17941.AG,Hungary,Hungary_MN_Szakalhat.AG,6848.0,0.5714538097381592,1.6797189992516366,0.03194701873077317,-0.12326967990185632
I17948.AG,Hungary,Hungary_MN_AVK.AG,7105.0,0.3282552659511566,1.6332177515214572,0.09871606192837744,-0.03551875769601751
I17950.AG,Hungary,Hungary_MN_AVK.AG,7100.0,0.236477643251419,1.6703074384698562,0.06430148057861124,-0.030510319248301863
I17980.AG,Bulgaria,Bulgaria_Medieval.AG,797.0,0.6317849159240723,1.3377573256142112,-0.31875834452896457,0.45981262598381684
I17981.AG,Bulgaria,Bulgaria_N_o.AG,7725.0,0.7030655741691589,1.3101691851717385,-0.2990734373826808,0.4393713308639819
I18071.AG,Croatia,Croatia_MLBA.AG,3450.0,0.1611069738864898,0.8108602085663089,-0.008540553046259046,-0.21443548947985727
I18072.AG,Croatia,Croatia_MLBA.AG,3450.0,0.3704080879688263,0.827837361773242,0.006119420642492843,-0.23184094861991766
I18073.AG,Croatia,Croatia_MLBA.AG,3450.0,0.1460268497467041,0.7719845780979424,-0.008122102890344587,-0.20178953294038626
I18074.AG,Croatia,Croatia_MLBA.AG,3450.0,0.0830299407243728,0.80436479873683,-0.001394382847282343,-0.2077042302388846
I18075.AG,Croatia,Croatia_MLBA.AG,3450.0,0.06373330950737,0.8139121796211666,-0.010357709417063484,-0.20716423983272234
I18077.AG,Croatia,Croatia_MLBA.AG,3450.0,0.3996097445487976,0.7953067595511794,-0.00996692850125644,-0.2202158419274662
I18078.AG,Croatia,Croatia_MLBA.AG,3450.0,0.3276064395904541,0.7737436926448451,-0.013887256309872637,-0.22349796755646018
I18079.AG,Croatia,Croatia_MLBA.AG,3450.0,0.2045444846153259,0.8145421671544121,-0.011937583227165186,-0.21525142936974992
I18082.AG,Croatia,Croatia_MLBA.AG,3450.0,0.3811460137367248,0.8231964745369836,0.031023453768619293,-0.20639666004858595
I18087.AG,Croatia,Croatia_MLBA.AG,3450.0,0.2928314507007599,0.7946891051581042,0.004202925311731899,-0.20695903767954746
I18088.AG,Croatia,Croatia_MBA_Cetina.AG,3550.0,0.0869212225079536,0.8096089300528472,-0.002445241025385179,-0.20873144180624842
I18091.AG,Slovakia,Slovakia_N_LBK_father.or.son.I14600.1d.rel.I18144.AG,7100.0,0.1169452369213104,1.1825265684155872,0.08816049280182685,-0.8082708734245252
I18093.AG,Slovakia,Slovakia_N_LBK.AG,7100.0,0.1184196770191192,1.178843168292033,0.1121800510285392,-0.8431205551622404
I18097.AG,Slovakia,Slovakia_N_LBK.AG,7100.0,0.179008662700653,1.1634435375513101,0.10206423996893987,-0.829987935816223
I18143.AG,Slovakia,Slovakia_N_LBK.AG,7100.0,0.064336709678173,1.1769077927777576,0.10969484941788234,-0.8356153605353072
I18144.AG,Slovakia,Slovakia_N_LBK.AG,7100.0,0.3334563374519348,1.17597003708912,0.1170356334794713,-0.8189637271429298
I18154.AG,Romania,Romania_C_Bodrogkeresztur_o2.AG,5900.0,0.1368679851293563,1.28913012276752,0.41473139193065195,0.17069221523968492
I18174.AG,Hungary,Hungary_Tiszaregion_EarlyAvar_father.or.son.I38710.AG,1350.0,0.5242167115211487,1.667657046801982,0.08390661878480642,-0.10896175204895069
I18181.AG,Hungary,Hungary_IA_LaTene.AG,2185.0,0.1094716787338256,1.6608508468062035,0.14837398348188016,-0.08954629032023159
I18182.AG,Hungary,Hungary_IA_LaTene_o.AG,2185.0,0.4865925908088684,1.6733137794555524,0.0711444653485732,-0.1001118962702529
I18183.AG,Hungary,Hungary_IA_LaTene_o.AG,2239.0,0.4951213002204895,1.5833122006582871,0.09745924718506596,-0.04310578438487974
I18184.AG,Hungary,Hungary_Tiszaregion_EarlyAvar.AG,1350.0,0.5544158816337585,1.6698228970563744,0.1326078941452038,-0.17081575970470414
I18185.AG,Hungary,Hungary_Tiszaregion_EarlyAvar.AG,1350.0,0.4058521687984466,1.6903620135508166,0.040148612349569575,-0.08831510389745648
I18211.AG,Hungary,Hungary_EIA_Prescythian_Mezocsat.AG,2725.0,0.6424514651298523,1.7095740796052863,0.1184818216502119,-0.06988453236945996
I18213.AG,Hungary,Hungary_EIA_Prescythian_Mezocsat.AG,2725.0,0.6426582932472229,1.6878262195922749,0.08029016950373341,-0.07589485418380561
I18220.AG,Hungary,Hungary_IA_LaTene.AG,2312.0,0.6567813754081726,1.650143993511533,0.07936591610777495,-0.09904995522455524
I18222.AG,Hungary,Hungary_DanubeTisza_LateEarlyAvar.AG,1225.0,0.6648762226104736,1.7317631934069653,0.09573333575247946,-0.0640331116312169
I18223.AG,Hungary,Hungary_DanubeTisza_MiddleLateAvar.AG,1250.0,0.6194857358932495,1.5332698493556705,0.13209789660658555,0.003628535494998959
I18224.AG,Hungary,Hungary_DanubeTisza_MiddleLateAvar.AG,1250.0,0.6630968451499939,1.6566259939723185,0.1139635702128784,-0.018646174538968118
I18225.AG,Hungary,Hungary_DanubeTisza_LateEarlyAvar.AG,1225.0,0.6586986780166626,1.689360223467897,0.08358243597970925,-0.07006038229151323
I18226.AG,Hungary,Hungary_IA_LaTene_o.AG,2295.0,0.6348611116409302,1.6531536756451457,0.09494785411257022,-0.07833446794409711
I18227.AG,Hungary,Hungary_EIA_Hallstatt.AG,2525.0,0.6781347990036011,1.75741527079121,0.01600483975681612,-0.11868812720097996
I18239.AG,Hungary,Hungary_EIA_Prescythian_Mezocsat.AG,2725.0,0.6500831842422485,1.6596520686821554,0.07876561408755477,-0.1331833355660913
I18241.AG,Hungary,Hungary_EIA_Prescythian_Mezocsat_o1.AG,2725.0,0.4063525795936584,1.638517212047866,0.06660450574703418,-0.07378157726027762
I18245.AG,Hungary,Hungary_EIA_Prescythian_Mezocsat.AG,2725.0,0.6678948402404785,1.6881482101574665,0.07136898864507091,-0.0927137308106448
I18246.AG,Hungary,Hungary_EIA_Prescythian_Mezocsat.AG,2725.0,0.662129282951355,1.5800055368979853,0.060201317257126144,-0.11751442881586185
I18259.AG,Hungary,Hungary_IA_Syrmian_SremGroup.AG,2310.0,0.6316843628883362,1.6824501985503222,0.0663880481613762,-0.11381330770435263
I18413.AG,Croatia,Croatia_MLBA.AG,3100.0,0.3569346070289612,0.8213844635459925,0.006865960211088527,-0.21395490470097045
I18414_d.AG,Croatia,Croatia_MLBA.AG,3100.0,0.1107165962457656,0.8140361702856008,-0.010007801211221391,-0.21514578079222277
I18415.AG,Croatia,Croatia_MLBA.AG,3100.0,0.6264467835426331,0.8214163853274726,-0.008832213842512782,-0.2167422683217764
I18416.AG,Croatia,Croatia_MLBA.AG,3100.0,0.6149042844772339,0.8120576026918256,-0.0036039362477507195,-0.2164545498583265
I18417.AG,Croatia,Croatia_MLBA.AG,3100.0,0.621266782283783,0.7768329190957977,-0.017748093980871932,-0.19041888750879712
I18428.AG,France,France_LN.AG,5400.0,0.2200820297002792,-1.010693225625769,-0.878039664154803,-0.03633556256570314
I18488.AG,Hungary,Hungary_IA_LaTene.AG,2240.0,0.6409502625465393,1.7072667717738008,0.1657075389228063,-0.00201388587105777
I18489.AG,Hungary,Hungary_LaTene.AG,2240.0,0.7287019491195679,1.718280780335786,0.08503695367090107,-0.08234234931515594
I18490.AG,Hungary,Hungary_IA_LaTene_brother.I18492.AG,2240.0,0.6207550168037415,1.6394740483546284,0.05362852091771663,-0.1806283570165569
I18491.AG,Hungary,Hungary_LaTene.AG,2240.0,0.7382622957229614,1.7247924615353154,0.0744527927473205,-0.06803975394399846
I18492.AG,Hungary,Hungary_LaTene.AG,2240.0,0.7484633326530457,1.7037146889274053,0.11381477324476329,-0.23962760165010713
I18493.AG,Hungary,Hungary_LaTene.AG,2240.0,0.7069463133811951,1.6796573483015924,0.043141676383176925,-0.11910836912932893
I18526.AG,Hungary,Hungary_IA_LaTene.AG,2200.0,0.6379259824752808,1.7113113552659083,0.08849938723463766,-0.09274282721611132
I18527.AG,Hungary,Hungary_IA_LaTene.AG,2200.0,0.5892557501792908,1.659570228489644,0.08990955693046034,-0.07823222596802658
I18528.AG,Hungary,Hungary_IA_LaTene.AG,2200.0,0.5291663408279419,1.6706843391273545,0.02741999067598213,-0.07972862949153933
I18529.AG,Hungary,Hungary_IA_LaTene.AG,2200.0,0.6242878437042236,1.6901934066816036,-0.0009662794660893071,-0.15636569537423997
I18530.AG,Hungary,Hungary_IA_LaTene.AG,2230.0,0.6173722147941589,1.605516219624386,0.08453896674297116,-0.11500938221612216
I18531.AG,Hungary,Hungary_IA_LaTene.AG,2200.0,0.6289868950843811,1.7169086130444728,0.13867032733058848,-0.15299874699461727
I18599.AG,UnitedKingdom,England_LIA.AG,1924.0,0.5709842443466187,-1.5333556439968068,0.044894922613885294,-0.5649555831342102
I18606.AG,UnitedKingdom,England_C_EBA.AG,3770.0,0.5804870128631592,-1.4048715950549309,0.11222618677578351,-0.6805289355795572
I18635.AG,Hungary,Hungary_MN_AVK.AG,7130.0,0.5904398560523987,1.728259839840963,-0.020202645204547804,-0.02471153651302712
I18636.AG,Hungary,Hungary_MN_AVK.AG,7125.0,0.5894349813461304,1.6910830663286782,0.07797191486996945,-0.1347394081592045
I18637.AG,Hungary,Hungary_MN_AVK.AG,7125.0,0.5781714916229248,1.7751650669603887,0.04310109536963328,-0.05489401261343617
I18642.AG,Hungary,Hungary_MN_ALBK.AG,7209.0,0.5661684274673462,1.6525980685226638,-0.020016623899875213,-0.20688032852957478
I18656.AG,Hungary,Hungary_MN_AVK.AG,7075.0,0.5876239538192749,1.639980309641621,0.09800398753011261,-0.1002897412393899
I18657.AG,Hungary,Hungary_MN_AVK_o.AG,7168.0,0.5683289766311646,1.6693254373558257,-0.0057586827137346384,-0.22584990949815212
I18658.AG,Hungary,Hungary_MN_AVK.AG,7100.0,0.52789306640625,1.7159946422153296,0.12277614892931032,-0.08788743613538051
I18659.AG,Hungary,Hungary_MN_AVK.AG,7075.0,0.5788073539733887,1.7621965691314907,0.04900218263413676,0.05913785594699604
I18660.AG,Hungary,Hungary_MN_AVK_daughter.I21898.sister.I21902.AG,7340.0,0.5260220170021057,1.6579583258803943,0.03896851885265109,-0.12536322083521
I18661.AG,Hungary,Hungary_MN_AVK.AG,7075.0,0.5609673261642456,1.6255985377844422,0.14654838242623786,-0.043236260347121344
I18662.AG,Hungary,Hungary_MN_AVK_son.I21840.AG,7075.0,0.5449115037918091,1.6995743008003081,0.07714042167850735,-0.12586357366748788
I18695.AG,Hungary,Hungary_MN_AVK_mother.I21827.AG,7075.0,0.5609527230262756,1.7439051938901198,0.12528682778325143,-0.045147479317345786
I18696.AG,Hungary,Hungary_MN_AVK.AG,7078.0,0.5602520108222961,1.720093337453641,0.025241326163313576,-0.05180214396080563
I18712.AG,Croatia,Croatia_BA.AG,3600.0,0.5104155540466309,0.7662331098170829,-0.02433112435685285,-0.1988876506030268
I18717.AG,Croatia,Croatia_MLBA_brother.I18078.father.I18071.AG,3100.0,0.4446417093276977,0.7380716823404851,-0.032176204971980656,-0.17262861208471011
I18720.AG,Croatia,Croatia_MLBA.AG,3100.0,0.397981196641922,0.8183620515221756,0.0156366823310363,-0.21318001129352548
I18721.AG,Croatia,Croatia_MLBA.AG,3100.0,0.5383211970329285,0.8044636279449402,-0.00023731925965043843,-0.20355504288859683
I18722.AG,Croatia,Croatia_MLBA.AG,3100.0,0.0547480024397373,0.7875188152737076,-0.0038857685055706066,-0.20705457914409497
I18723.AG,Croatia,Croatia_MLBA.AG,3100.0,0.5096101760864258,0.7889995789068734,-0.003946269759824896,-0.20797783598691916
I18724.AG,Croatia,Croatia_MLBA.AG,3100.0,0.5498863458633423,0.8046696805709054,0.02232414954969237,-0.21219148986215983
I18725.AG,Croatia,Croatia_MLBA.AG,3100.0,0.5579705834388733,0.7687536843703107,0.014687641627619298,-0.22138044140980936
I18727.AG,Croatia,Croatia_MLBA.AG,3100.0,0.3905230462551117,0.8067635243164422,0.03528429531828183,-0.20781974616136076
I18729.AG,Croatia,Croatia_MLBA.AG,3100.0,0.5152305960655212,0.7924462409772556,0.003932437104373455,-0.21019054221164263
I18730.AG,Croatia,Croatia_MLBA.AG,3100.0,0.4950961470603943,0.8051850900496218,0.004686670060951028,-0.21178710363830525
I18732.AG,Croatia,Croatia_MLBA.AG,3100.0,0.5314753651618958,0.8017771614959261,0.008318372975110339,-0.2164387999939942
I18734.AG,Croatia,Croatia_MLBA.AG,3100.0,0.3820292353630066,0.8013596518560067,0.0004192317214111775,-0.20854516415173507
I18735.AG,Croatia,Croatia_MLBA_1d.rel.I18077.AG,3100.0,0.0527139604091644,0.8207806730776264,-0.0048722397824526925,-0.22046494816369755
I18737.AG,Croatia,Croatia_MLBA.AG,3100.0,0.4863346815109253,0.8114148306751446,-0.005521293383810741,-0.20340916196758152
I18738.AG,Croatia,Croatia_MLBA.AG,3100.0,0.4989087581634521,0.8150866112156218,-0.013261851033375188,-0.21721912023079487
I18739.AG,Croatia,Croatia_MLBA.AG,3100.0,0.4241536855697632,0.8207486424173983,0.017772801960645925,-0.22488433754411571
I18742.AG,Hungary,Hungary_DanubeTisza_MiddleAvar.AG,1250.0,0.5768568515777588,1.612325909629542,0.1967242381445804,0.10516547959368877
I18743.AG,Hungary,Hungary_DanubeTisza_EarlyAvar.AG,1313.0,0.6026002764701843,1.575573429301247,0.12137786603825777,-0.03396744233394996
I18744.AG,Hungary,Hungary_DanubeTisza_MiddleLateAvar_oWest.AG,1250.0,0.4358745515346527,1.6956836812067566,0.07442437933335146,-0.04035353165513733
I18745.AG,Croatia,Croatia_MBA_Cetina.AG,3550.0,0.5844707489013672,0.8097880451242401,-0.008663441396499478,-0.21345249926326373
I18746.AG,Croatia,Croatia_MBA_Cetina.AG,3530.0,0.5471434593200684,0.8370161715902894,0.002726052383338631,-0.22316530042243934
I18747.AG,Croatia,Croatia_MBA_Cetina.AG,3550.0,0.3738792836666107,0.8260815250100396,-0.007298820699213184,-0.24239063339840522
I18748.AG,Croatia,Croatia_BA.AG,3700.0,0.462703138589859,0.8754670458944165,0.023452368742622003,-0.24175369723034187
I18752.AG,Croatia,Croatia_MBA_Cetina.AG,3550.0,0.5040084719657898,0.8042395787527807,-0.027503544028411736,-0.2173287576155183
I18792.AG,Bulgaria,Bulgaria_LateAntiquity.AG,1550.0,0.117990642786026,1.3300907837115203,-0.31442662273376004,0.44212204455058457
I18793.AG,Bulgaria,Bulgaria_EBA_Ezero.AG,4051.0,0.3239324986934662,1.2656512140747824,-0.28292620512274286,0.436737834772607
I18794.AG,Bulgaria,Bulgaria_EBA_Yamnaya.AG,4757.0,0.3338285982608795,1.3046287934293854,-0.2602426287787472,0.43714000798079516
I18801_d.AG,Bulgaria,Bulgaria_EBA_Yamnaya.AG,4775.0,0.1005115136504173,1.295971706031701,-0.25502570236692645,0.4366014768415097
I18830.AG,Croatia,Croatia_LIA_brother.I18831.AG,2201.0,0.547711193561554,0.7945672324155896,-0.017003127285447808,-0.22793105340708406
I18831.AG,Croatia,Croatia_LIA.AG,2201.0,0.5880010724067688,0.7513137755404881,-0.022929012153166933,-0.2598619597940022
I18832.AG,Hungary,Hungary_IA_LaTene_oEast.AG,2210.0,0.564629077911377,1.686309950080777,0.04431263985898757,-0.04969326390456152
I18833.AG,Hungary,Hungary_IA_LaTene_oWest.AG,2210.0,0.0590488500893116,1.6719883389923376,0.048623848149307404,-0.08618616272072957
I18834.AG,Hungary,Hungary_IA_LaTene.AG,2210.0,0.5809727907180786,1.6578547832164787,0.05392733371429847,-0.15613893612888288
I18835.AG,Hungary,Hungary_IA_LaTene_father.or.son.I18838.AG,2210.0,0.5644603967666626,1.695537418247119,-0.0349272788477481,-0.16120375079278948
I18837.AG,Hungary,Hungary_IA_LaTene_oWest.AG,2210.0,0.2651804983615875,1.660954723974382,0.04522799238866984,-0.023668211176525
I18838.AG,Hungary,Hungary_IA_LaTene.AG,2210.0,0.5842233896255493,1.7648284108573582,0.12318398370196408,-0.11896531959955861
I18839.AG,Hungary,Hungary_IA_LaTene.AG,2200.0,0.5486373901367188,1.6835044096232874,0.03940405872035329,-0.17081006034721757
I18840.AG,Hungary,Hungary_IA_LaTene.AG,2200.0,0.5735300183296204,1.6902034835160353,0.08923853226677635,-0.131676982192177
I19040.AG,UnitedKingdom,England_MIA_LIA.AG,2200.0,0.110666312277317,-1.4386515366530508,0.05730906218903962,-0.5909521166032417
I19042.AG,UnitedKingdom,England_MIA_LIA.AG,2245.0,0.7000599503517151,-1.4900361276148304,0.2561030472437356,-0.5927584128557736
I19044.AG,UnitedKingdom,England_MIA.AG,2228.0,0.6727163195610046,-1.5094715743768954,0.08452064361771235,-0.7658695384869552
I19045.AG,UnitedKingdom,England_MIA.AG,2238.0,0.4268714189529419,-1.5053334802640326,0.030412028456571195,-0.619352320080155
I19046.AG,UnitedKingdom,England_MIA.AG,2228.0,0.616992712020874,-1.4665578622825513,0.17964577744386226,-0.6487231118079342
I19207.AG,UnitedKingdom,England_MIA.AG,2232.0,0.0902796611189842,-1.4965536747269377,0.1430130411995762,-0.6307684882017311
I19210.AG,UnitedKingdom,England_MIA.AG,2201.0,0.1342816352844238,-1.4875865054614628,0.05310966727493486,-0.6617856597378118
I19211.AG,UnitedKingdom,England_MIA.AG,2250.0,0.4437049627304077,-1.5184574140295966,0.09194938573080949,-0.6442542317573808
I19286.AG,UnitedKingdom,Scotland_N.AG,5130.0,0.077587179839611,-1.5590623112860305,0.11079787162185929,-0.6400420375521862
I19287.AG,UnitedKingdom,England_EIA.AG,2570.0,0.3920526504516601,-1.4781076541707534,0.07781262598278875,-0.639746474533118
I19356.AG,France,France_GrandEst_IA2.AG,2200.0,0.7335461974143982,-0.986770019127752,-0.8136984740840163,0.0021583940802369843
I19357.AG,France,France_GrandEst_IA2.AG,2200.0,0.7541931867599487,-0.986633887191386,-0.820925648055294,-0.01591016259427239
I19358.AG,France,France_GrandEst_IA2.AG,2200.0,0.1952915340662002,-0.9883859597687429,-0.8517642393283902,-0.012252622522514545
I19359.AG,France,France_GrandEst_IA2.AG,2200.0,0.0529499687254428,-0.9845713113211569,-0.8307485004582982,-0.04405447973764791
I19360.AG,France,France_GrandEst_IA2_son.I19358.son.I19362.brother.I19363.AG,2200.0,0.6713140606880188,-0.9789529037088915,-0.7985058252170626,-0.017050399968006856
I19362.AG,France,France_GrandEst_IA2.AG,2200.0,0.2779994904994964,-0.9565697564904968,-0.8246903839982394,0.00477097778912732
I19363.AG,France,France_GrandEst_IA2_son.I19358.son.I19362.brother.I19360.AG,2200.0,0.2879093587398529,-0.9989881561645718,-0.8248238068243544,-0.025562196349338043
I19364_enhanced.AG,Greece,Greece_PalaceOfNestor_BA.AG,3085.0,0.1222509443759918,1.9504918878340132,-0.5009542646037196,0.0010119082659661087
I19366.AG,Greece,Greece_PalaceOfNestor_BA.AG,3278.0,0.4975495040416717,1.9238368785074789,-0.4826970538406666,-0.0094059266835698
I19368.AG,Greece,Greece_PalaceOfNestor_EIA.AG,2960.0,0.1075763180851936,1.922961321117613,-0.48696178370280807,0.002018377769824025
I19452.AG,Bulgaria,Bulgaria_EBA.AG,4450.0,0.3246210813522339,1.330152676776905,-0.3071940706347714,0.45598968280392754
I19453.AG,Bulgaria,Bulgaria_EBA.AG,4450.0,0.0513084605336189,1.3090952674776761,-0.30674688972314257,0.452463729935083
I19454.AG,Bulgaria,Bulgaria_EBA.AG,4766.0,0.4073663353919983,1.3029780641065645,-0.30788802478503213,0.46445973019407427
I19456.AG,Bulgaria,Bulgaria_EBA.AG,4450.0,0.4081870913505554,1.3462467907280928,-0.2919812496401751,0.437343604522023
I19456_d.AG,Bulgaria,Bulgaria_EBA.AG,4450.0,0.0806633830070495,1.3537216126052547,-0.32879934690678375,0.43916774844507495
I19457_enhanced.AG,Bulgaria,Bulgaria_EBA_oNorth_in.preparation.AG,4325.0,0.1655010879039764,1.3229270203650414,-0.30641415580222436,0.4462672504066767
I19458.AG,Bulgaria,Bulgaria_EBA_oNorth.AG,4337.0,0.1904821693897247,1.3162641769236612,-0.2856058089119939,0.4440521704499614
I19459.AG,Bulgaria,Bulgaria_EBA.AG,4325.0,0.1926703155040741,1.3601124201915482,-0.31660911368640987,0.4626907670315036
I19460.AG,Bulgaria,Bulgaria_EBA.AG,4325.0,0.1248429641127586,1.3515836006447641,-0.33430710102162675,0.4580033449273377
I19462.AG,Bulgaria,Bulgaria_EBA.AG,4450.0,0.0766472071409225,1.3492671290099167,-0.2881880472124126,0.4303208702479681
I19539.AG,Turkey,Turkey_Aegean_Mugla_Stratonikeia_Byzantine.AG,650.0,0.4747824966907501,1.4001564595047382,-0.6101516286042267,0.4775281116941254
I19612.AG,Turkey,Turkey_East_Van_Urartian.AG,2750.0,0.2468895316123962,1.4538096632094968,-0.5961905840085847,0.5511956278306579
I19613.AG,Turkey,Turkey_East_Van_Urartian.AG,2750.0,0.6316267251968384,1.4404315627389706,-0.5847864885474183,0.5575237014173645
I19652.AG,UnitedKingdom,England_MIA.AG,2247.0,0.1632991731166839,-1.4565652330024563,0.0712252155177257,-0.6123152932390179
I19654.AG,UnitedKingdom,England_MIA.AG,2250.0,0.2665795087814331,-1.4850835403427647,0.1280309632930831,-0.6078606530060321
I19655.AG,UnitedKingdom,England_MIA_LIA_alt.AG,2200.0,0.0953996405005455,-1.507677105141826,0.08531413642711093,-0.6307904821863952
I19656.AG,UnitedKingdom,England_MIA.AG,2231.0,0.5800393223762512,-1.5355522315168242,0.06686329549698126,-0.660981559705946
I19657.AG,UnitedKingdom,England_MIA_LIA.AG,2183.0,0.7370441555976868,-1.5262777135478218,0.10172073406514381,-0.5306428156960147
I19722.AG,Spain,Spain_IA.AG,2347.0,0.0880817994475364,-1.11906449243496,-2.2949389108088627,0.10772343098519852
I19854.AG,UnitedKingdom,England_MIA_LIA.AG,2200.0,0.6184874176979065,-1.4773347110456385,0.09812335258980442,-0.655783457798629
I19855.AG,UnitedKingdom,England_MIA_LIA.AG,2200.0,0.4600859880447387,-1.493041545056964,0.05758764124778211,-0.6387331846406908
I19856.AG,UnitedKingdom,England_MIA.AG,2250.0,0.0818344950675964,-1.510039080431226,0.12026478498706189,-0.5558071888528556
I19857.AG,UnitedKingdom,England_MBA.AG,3423.0,0.587157666683197,-1.4928992889925068,0.12215526808713732,-0.5260322477042505
I19858.AG,UnitedKingdom,England_MBA.AG,3429.0,0.5664206147193909,-1.539050863498724,0.20071327835054795,-0.5736427544427882
I19859.AG,UnitedKingdom,England_MBA.AG,3401.0,0.5917950868606567,-1.4505209857627908,0.059208551601891285,-0.6282503322898211
I19860.AG,UnitedKingdom,England_MBA.AG,3398.0,0.4621938169002533,-1.4714462585227592,0.0870728379902333,-0.6034089374274378
I19861.AG,UnitedKingdom,England_EIA.AG,2597.0,0.582831621170044,-1.4638303973653422,0.14306850253493644,-0.6542575005995311
I19862.AG,UnitedKingdom,England_EIA.AG,2571.0,0.5689080357551575,-1.4975061492185615,0.09839604872594367,-0.5700371254937655
I19863.AG,UnitedKingdom,England_EIA.AG,2352.0,0.5054869651794434,-1.4453719884554834,0.07765396664490212,-0.5625019628941229
I19867.AG,UnitedKingdom,England_EIA_highEEF.AG,2598.0,0.6023910641670227,-1.4838710778852748,0.12323363653699601,-0.6034501163476754
I19868.AG,UnitedKingdom,England_EIA.AG,2579.0,0.4962648451328277,-1.5277983570691978,0.08960285232479318,-0.6053401078658529
I19869.AG,UnitedKingdom,England_LIA_daughter.I19870.AG,2043.0,0.6309390068054199,-1.493313732139756,0.08228707352854149,-0.5811303053925841
I19870.AG,UnitedKingdom,England_LIA.AG,2051.0,0.6394904255867004,-1.5179960452477417,0.07812535731525865,-0.5768906891441576
I19872.AG,UnitedKingdom,England_MIA.AG,2275.0,0.6034956574440002,-1.4077766813486579,0.07082177667695805,-0.6693731094001877
I19873.AG,UnitedKingdom,England_MIA.AG,2250.0,0.5753783583641052,-1.5891615668968342,0.08698781460699806,-0.5617415780065124
I19874.AG,UnitedKingdom,England_MIA.AG,2250.0,0.6595478057861328,-1.4414711377689378,0.10212461782424861,-0.582104163131512
I19907.AG,UnitedKingdom,England_MIA.AG,2250.0,0.6137948036193848,-1.5199639932334,0.14396462907828725,-0.5303875964510497
I19908.AG,UnitedKingdom,England_MIA.AG,2250.0,0.6721421480178833,-1.5247613626982754,0.04389406927150138,-0.6057322061276551
I19909.AG,UnitedKingdom,England_MIA.AG,2227.0,0.6919335126876831,-1.5074471432389367,0.16281874368838445,-0.6163196449654375
I19910.AG,UnitedKingdom,England_MIA.AG,2250.0,0.6428318023681641,-1.5944873575498315,0.0977572891703357,-0.5235372015117878
I19911.AG,UnitedKingdom,England_MIA.AG,2250.0,0.6623928546905518,-1.4792519411955563,-0.023769472049092227,-0.6171159509907983
I19912.AG,UnitedKingdom,England_MIA.AG,2222.0,0.6791582703590393,-1.4671496832620994,0.1466741642195612,-0.5829763701843534
I19913.AG,UnitedKingdom,England_MBA.AG,3271.0,0.5773937702178955,-1.5201792277045663,0.12721147848311462,-0.6441559218989752
I19914.AG,UnitedKingdom,England_MIA.AG,2233.0,0.6360313892364502,-1.541987451894111,0.12362896125717329,-0.6747514998649174
I19915.AG,UnitedKingdom,England_MBA.AG,3422.0,0.6616288423538208,-1.496016678782983,0.08387909826827522,-0.6226119579462072
I19916.AG,France,France_SouthEast_IA2.AG,2250.0,0.6732824444770813,-0.9864652531332108,-0.8451600049967088,-0.017684513220912034
I19917.AG,France,France_SouthEast_IA2.AG,2250.0,0.6386599540710449,-0.9923929932163214,-0.841625608095446,-0.0418918965548791
I19918.AG,France,France_SouthEast_IA2.AG,2250.0,0.6131338477134705,-0.9753569814888488,-0.7626715071662247,0.03043565938346345
I19990.AG,Spain,Spain_LIA.AG,2036.0,0.098202534019947,-1.1427845547212188,-2.343969560758286,0.04339502485999232
I20001.AG,Turkey,Turkey_Aegean_Mugla_Camandras_Dalagoz_Roman.AG,1726.0,0.684400737285614,1.4372015590641463,-0.5944021477811987,0.5837536478902671
I20062.AG,Netherlands,Netherlands_LBA.AG,2810.0,0.6848516464233398,-1.2483900633681015,0.13473527994117657,0.5826856718121282
I20063.AG,Netherlands,Netherlands_EBA.AG,3797.0,0.2066150158643722,-1.268069804605769,0.1305428151056033,0.5892195502934695
I20071.AG,Moldova,Moldova_IA.AG,2749.0,0.3056407272815704,0.6938522318902691,0.4662302407980328,-0.3458650332466954
I20077.AG,Moldova,Moldova_MBA_Catacomb.AG,4450.0,0.415307879447937,0.6653449175714766,0.4428737007551628,-0.3436915311075038
I20083.AG,Moldova,Moldova_MBA_Catacomb.AG,4450.0,0.198340967297554,0.6838495747472384,0.4487319559175523,-0.34501776184634675
I20086.AG,Moldova,Moldova_LBA.AG,2824.0,0.1192452982068061,0.679567743860847,0.46119765204245006,-0.34593054284649877
I20088.AG,Moldova,Moldova_MBA_Catacomb.AG,4660.0,0.0743309259414672,0.6491941846386063,0.46576204289308437,-0.3455468325188123
I20139.AG,Turkey,Turkey_Aegean_Mugla_Camandras_Dalagoz_Roman.AG,1726.0,0.5691975951194763,1.4646618083237553,-0.5946891008933886,0.5472990522183975
I20140.AG,Turkey,Turkey_Aegean_Mugla_Stratonikeia_Byzantine_brother.I20141.AG,850.0,0.5796581506729126,1.4339909339255306,-0.6365688725133191,0.5638845731237897
I20141.AG,Turkey,Turkey_Aegean_Mugla_Stratonikeia_Byzantine.AG,850.0,0.6758087873458862,1.4295759149712681,-0.6069357083300179,0.5514881733009305
I20142.AG,Turkey,Turkey_Aegean_Mugla_Stratonikeia_Byzantine.AG,650.0,0.4508646726608276,1.4530055580337542,-0.6142408290939058,0.5680342764413421
I20143.AG,Turkey,Turkey_Aegean_Mugla_Stratonikeia_Byzantine.AG,650.0,0.4498971104621887,1.4478539469074116,-0.6044226583197162,0.5516673213192698
I20144.AG,Turkey,Turkey_Aegean_Mugla_Stratonikeia_Byzantine.AG,650.0,0.302643209695816,1.500649587962155,-0.605354725399081,0.5261027463848805
I20145.AG,Turkey,Turkey_Aegean_Mugla_Stratonikeia_Byzantine.AG,650.0,0.6944119930267334,1.4636456627023262,-0.6300798617813,0.5973115347819236
I20147.AG,Turkey,Turkey_Aegean_Mugla_Stratonikeia_Byzantine.AG,650.0,0.6255935430526733,1.440648940784123,-0.5988565602680704,0.5220793933050097
I20163.AG,Italy,Italy_Sicily_Himera_Classical_1.AG,2500.0,0.095383420586586,-0.034421082855355334,-0.7164320072743792,0.22305997153658338
I20166.AG,Italy,Italy_Sicily_Himera_Classical_oAegean.AG,2500.0,0.1186597347259521,-0.016458161907437957,-0.7365661373762793,0.20746231300589169
I20180.AG,Bulgaria,Bulgaria_EIA.AG,2750.0,0.6830430626869202,1.3386633398222323,-0.29791452557989956,0.4562097671328005
I20181.AG,Bulgaria,Bulgaria_EIA.AG,2750.0,0.7293751239776611,1.348882941677743,-0.28227544056171894,0.45653752828277344
I20182.AG,Bulgaria,Bulgaria_EBA_MBA.AG,4100.0,0.6767706274986267,1.3585260105780146,-0.335586466363564,0.4798135636355641
I20183.AG,Bulgaria,Bulgaria_EIA.AG,2750.0,0.6886001825332642,1.312653625769526,-0.30241491218213506,0.45583187580566376
I20184.AG,Bulgaria,Bulgaria_EIA.AG,2750.0,0.6992351412773132,1.3419503611776935,-0.2978979172643942,0.4529083210113337
I20185.AG,Bulgaria,Bulgaria_EIA.AG,2750.0,0.7530958652496338,1.3385728950352835,-0.2979584977089176,0.44316578967637954
I20186.AG,Bulgaria,Bulgaria_EIA.AG,2750.0,0.7442249059677124,1.3261155676842478,-0.31957119786207183,0.45905838843042823
I20187.AG,Turkey,Turkey_Aegean_Mugla_Stratonikeia_Byzantine.AG,660.0,0.7306321859359741,1.5111454132928221,-0.5812820695208903,0.5531955849808451
I20224.AG,Turkey,Turkey_Aegean_Mugla_Degirmendere_Ancient.AG,2565.0,0.6986852288246155,1.4762449000340272,-0.622445024371648,0.5178904031631777
I20225.AG,Turkey,Turkey_Aegean_Mugla_Degirmendere_Ancient_father.or.son.I20224.AG,2565.0,0.6658161878585815,1.4921422816959158,-0.6039728874633938,0.5382016828779155
I20226.AG,Turkey,Turkey_Aegean_Mugla_Degirmendere_Ancient_sister.I20229.AG,2565.0,0.5229361057281494,1.4623470540499193,-0.5762753358756537,0.5452059272439267
I20227.AG,Turkey,Turkey_Aegean_Mugla_Degirmendere_Ancient.AG,2565.0,0.6727553009986877,1.509976168079476,-0.5958845455569621,0.5703277909597446
I20228.AG,Turkey,Turkey_Aegean_Mugla_Degirmendere_Ancient.AG,2565.0,0.5379772782325745,1.459957497840899,-0.5904249613999002,0.5524702563288412
I20229.AG,Turkey,Turkey_Aegean_Mugla_Degirmendere_Ancient.AG,2565.0,0.7266225218772888,1.4398342506677215,-0.5860710168255654,0.5274647178916864
I20230.AG,Turkey,Turkey_Aegean_Mugla_Degirmendere_Ancient.AG,2565.0,0.7117824554443359,1.4913472676400226,-0.5796053046668275,0.5527804009002945
I20231.AG,Turkey,Turkey_Aegean_Mugla_Degirmendere_Ancient.AG,2565.0,0.489202469587326,1.482906764917385,-0.6213980443859055,0.5714124218891662
I20232.AG,Turkey,Turkey_Aegean_Mugla_Degirmendere_Ancient.AG,2565.0,0.5328435301780701,1.4843402991344066,-0.5902351130274701,0.5829103333661573
I20233.AG,Turkey,Turkey_Aegean_Mugla_Degirmendere_Ancient.AG,2565.0,0.6838370561599731,1.4671556506884198,-0.588565878334949,0.5545824476476788
I20257.AG,Turkey,Turkey_Aegean_Mugla_Degirmendere_Ancient.AG,2565.0,0.6910291910171509,1.449831022835193,-0.5751295896699522,0.5121870000358568
I20258.AG,Turkey,Turkey_Aegean_Mugla_Degirmendere_Ancient.AG,2565.0,0.676013171672821,1.481252481098895,-0.6132148534802785,0.5560531045866416
I20259.AG,Turkey,Turkey_Aegean_Mugla_Samantas_Byzantine.AG,1346.0,0.7375380396842957,1.4500649502925904,-0.6023587139148714,0.5632135567847923
I20260.AG,Turkey,Turkey_Aegean_Mugla_Samantas_Byzantine.AG,1346.0,0.7217823266983032,1.4334366324152754,-0.6076363304162953,0.5938598799130689
I20261.AG,Turkey,Turkey_Aegean_Mugla_Samantas_Byzantine.AG,1346.0,0.2493031322956085,1.4370235641422173,-0.6016172156179167,0.5194669915579191
I20264.AG,Turkey,Turkey_Aegean_Mugla_Samantas_Byzantine_brother.I20265.AG,1346.0,0.7140711545944214,1.4480851647765798,-0.5882084237382008,0.5320307346252353
I20265.AG,Turkey,Turkey_Aegean_Mugla_Samantas_Byzantine.AG,1346.0,0.7161781787872314,1.4637935634070882,-0.5909782525450366,0.5528874811412317
I20266.AG,Turkey,Turkey_Aegean_Mugla_Samantas_Byzantine.AG,1346.0,0.6942773461341858,1.4847135005472476,-0.5635814033309927,0.6038811553596901
I20320.AG,Turkey,Turkey_Aegean_Mugla_Samantas_Byzantine.AG,1346.0,0.235411137342453,1.4889580969898577,-0.5646814135880657,0.5188522560228785
I20322_d.AG,Turkey,Turkey_Aegean_Mugla_Capalibag_Medieval.AG,475.0,0.2393502742052078,1.4613735882793704,-0.5920664340160423,0.558596028632618
I20323.AG,Turkey,Turkey_Aegean_Mugla_Capalibag_Medieval.AG,475.0,0.7183436155319214,1.476477627479011,-0.575630889975964,0.5396006598211645
I20324.AG,Turkey,Turkey_Aegean_Mugla_Capalibag_Medieval.AG,475.0,0.7256671190261841,1.4659503478166045,-0.5629875730620274,0.5498354350838298
I20325.AG,Turkey,Turkey_Aegean_Mugla_Capalibag_Medieval.AG,475.0,0.6925733685493469,1.4827121354325072,-0.5382620943660772,0.5491122759416437
I20326.AG,Turkey,Turkey_Aegean_Mugla_Capalibag_Medieval.AG,475.0,0.7220329642295837,1.4641114880679336,-0.54272251168806,0.5308534779310197
I20327.AG,Turkey,Turkey_Aegean_Mugla_Capalibag_Medieval.AG,400.0,0.7294830083847046,1.4749005352461306,-0.574369343721221,0.5137424286919537
I20328.AG,Turkey,Turkey_Aegean_Mugla_Capalibag_Medieval.AG,399.0,0.7036592364311218,1.4670167196183859,-0.5921187137022507,0.5597198901995655
I20329.AG,Turkey,Turkey_Aegean_Mugla_Capalibag_Medieval.AG,400.0,0.7241902351379395,1.4637665919703924,-0.5601436835501992,0.5187193350446593
I20502.AG,Croatia,Croatia_C.AG,5950.0,0.6724770665168762,0.8431198934087681,0.05338111013159723,-0.23535197950244902
I20504.AG,Czechia,Czechia_IA_LaTene.AG,2223.0,0.134373277425766,-0.33862735572521224,0.04777893550498963,-0.14760741252675033
I20509.AG,Czechia,Czechia_IA_LaTene.AG,2250.0,0.2116644382476806,-0.38556142792430215,0.05024434774279497,-0.14619368059941137
I20513.AG,Czechia,Czechia_IA_LaTene.AG,2250.0,0.0992463156580925,-0.35056065087002003,0.05669245147941662,-0.15687186676357165
I20515.AG,Czechia,Czechia_Medieval.AG,1009.0,0.2609421014785766,-0.38630042825200056,0.037857610836692215,-0.1374548167078627
I20517.AG,Czechia,Czechia_LBA_Knoviz.AG,3000.0,0.3351059556007385,-0.4179496674520083,0.054411116424023506,-0.16162503639937953
I20518.AG,Czechia,Czechia_IA_LaTene.AG,2255.0,0.0512233041226863,-0.3684274347589625,0.059695044535824825,-0.1339730935257716
I20519.AG,Czechia,Czechia_IA_LaTene.AG,2250.0,0.2512690424919128,-0.3816903039537865,0.07803059124056337,-0.1363816332108507
I20521.AG,Czechia,Czechia_IA_LaTene.AG,2250.0,0.0836471319198608,-0.39055676735493494,0.06147269504758643,-0.11574662102382458
I20522.AG,Czechia,Czechia_IA_LaTene.AG,2230.0,0.3858507573604584,-0.4382858383008159,0.021966328446115187,-0.1779629938352361
I20525.AG,Czechia,Czechia_LBA_Knoviz.AG,2850.0,0.2382351160049438,-0.37653142620821506,0.08665508497505621,-0.14005077284365353
I20526.AG,Czechia,Czechia_LBA_Knoviz.AG,2850.0,0.1939282119274139,-0.3817723598754833,0.08285813515437425,-0.15748947041267614
I20570.AG,Turkey,Turkey_Aegean_Mugla_Capalibag_Medieval.AG,400.0,0.719113290309906,1.4803577079080321,-0.6324367208541847,0.5490008532783881
I20571.AG,Turkey,Turkey_Aegean_Mugla_Capalibag_Medieval.AG,464.0,0.7429962158203125,1.4744567452934672,-0.545091901972703,0.5542379612107126
I20572.AG,Turkey,Turkey_Aegean_Mugla_Capalibag_Medieval.AG,562.0,0.7363515496253967,1.4617350961494027,-0.605779799177333,0.5679270111436066
I20573.AG,Turkey,Turkey_Aegean_Mugla_Capalibag_Medieval.AG,529.0,0.731482982635498,1.489741918132975,-0.553882548825737,0.5411975839008437
I20574.AG,Turkey,Turkey_Aegean_Mugla_Stratonikeia_Byzantine.AG,650.0,0.7319095730781555,1.4084971689933745,-0.6308314799017789,0.5631617831531472
I20577.AG,Turkey,Turkey_East_Van_Urartian.AG,2750.0,0.686277449131012,1.431964173268552,-0.6379959074181258,0.520694650785644
I20582.AG,UnitedKingdom,England_MIA.AG,2217.0,0.6774672865867615,-1.445319755464649,0.18373630842628247,-0.5581703952665502
I20583.AG,UnitedKingdom,England_MIA_highEEF.AG,2233.0,0.7040688395500183,-1.5599612677068577,0.06609999879668095,-0.5931622188960496
I20584.AG,UnitedKingdom,England_MIA_LIA.AG,2161.0,0.6131662726402283,-1.4666501281376858,0.13149144304357607,-0.6141210396207998
I20585.AG,UnitedKingdom,England_EIA.AG,2550.0,0.6351197957992554,-1.525833778888224,0.03046483304696175,-0.6868872204983673
I20586.AG,UnitedKingdom,England_MIA.AG,2250.0,0.698214054107666,-1.5472418579784097,0.004159369982300827,-0.47631102554056354
I20587.AG,UnitedKingdom,England_MIA.AG,2244.0,0.704869270324707,-1.56272259410959,0.03972085768572734,-0.6724500892938368
I20588.AG,UnitedKingdom,England_MIA.AG,2225.0,0.6797008514404297,-1.5141586053814835,0.22343955216748612,-0.6644141392728589
I20589.AG,UnitedKingdom,England_MIA.AG,2250.0,0.6913171410560608,-1.4552158698261386,0.2278449025497815,-0.5565844456697602
I20601.AG,UnitedKingdom,England_EarlyMedieval_Saxon.AG,1425.0,0.0514941848814487,-1.4945765503948734,0.12718594424537324,-0.6336392618914625
I20602.AG,UnitedKingdom,England_EarlyMedieval_Saxon.AG,1320.0,0.0817250087857246,-1.4851011824604896,0.06227109409940879,-0.6383160832152894
I20605.AG,UnitedKingdom,England_EarlyMedieval_Saxon.AG,1450.0,0.1682666838169098,-1.4446865164173979,0.10695438656892008,-0.6348287051345443
I20607.AG,UnitedKingdom,England_EarlyMedieval_Saxon.AG,1400.0,0.1851399838924408,-1.5073098248863406,0.1706949212405953,-0.6293034845690976
I20608.AG,UnitedKingdom,England_EarlyMedieval_Saxon.AG,1383.0,0.0999624505639076,-1.4755658628299992,0.07068400908823026,-0.6194548390626581
I20615.AG,UnitedKingdom,England_Roman.AG,1786.0,0.4696203470230102,-1.553352445056131,0.0766543562821924,-0.5958767470969321
I20621.AG,UnitedKingdom,England_MIA_LIA.AG,2175.0,0.4358583390712738,-1.5309872043578157,0.06919149673082975,-0.5510424741923994
I20622.AG,UnitedKingdom,England_MIA_LIA.AG,2186.0,0.6568365693092346,-1.5282869696070795,0.19280216441569034,-0.5617924324142716
I20623.AG,UnitedKingdom,England_MIA_LIA.AG,2225.0,0.6488455533981323,-1.469665006839677,0.11781413687280715,-0.570883460054374
I20624.AG,UnitedKingdom,England_MIA_LIA.AG,2194.0,0.1416084021329879,-1.5030736912577016,0.09880376049746942,-0.6326131525285477
I20625.AG,UnitedKingdom,England_MIA_LIA.AG,2092.0,0.086196169257164,-1.4723831659989106,0.12000168347902189,-0.5877604236262268
I20626.AG,UnitedKingdom,England_MIA_LIA.AG,2118.0,0.198234736919403,-1.4975415833885923,0.08933971373166046,-0.6092868454827618
I20627.AG,UnitedKingdom,England_MIA.AG,2227.0,0.3936600685119629,-1.4557697670983942,0.07136738630729102,-0.6767352806143976
I20628.AG,UnitedKingdom,England_MIA_LIA.AG,2131.0,0.4363717138767242,-1.4918988669903481,0.09900886515012201,-0.5487559220974563
I20630_d.AG,UnitedKingdom,England_MIA_LIA.AG,2175.0,0.0637860298156738,-1.4996666209296827,0.11207169863293329,-0.5704328715173483
I20631.AG,UnitedKingdom,England_MIA_LIA.AG,2175.0,0.6865191459655762,-1.6209120705155904,0.020670042492701202,-0.5921655252074732
I20634.AG,UnitedKingdom,England_MIA_LIA.AG,2175.0,0.0506774857640266,-1.560045938405456,0.10420947543023305,-0.5581595166919611
I20637.AG,UnitedKingdom,England_EarlyMedieval.AG,1350.0,0.4089397192001343,-1.5409888323287806,0.09493814488349231,-0.6803688744503755
I20638.AG,UnitedKingdom,England_EarlyMedieval_Saxon_father.or.son.I20649.father.or.son.I11588.AG,1450.0,0.4211569428443908,-1.483395435040696,0.106002612844512,-0.5854410039073452
I20639.AG,UnitedKingdom,England_EarlyMedieval_Saxon.AG,1450.0,0.4291106462478637,-1.4942971234151923,0.1503641512471807,-0.5888662733627393
I20640.AG,UnitedKingdom,England_EarlyMedieval_Saxon.AG,1450.0,0.7217888236045837,-1.5306846655088915,0.19635395246900714,-0.6037035200650384
I20641.AG,UnitedKingdom,England_EarlyMedieval_Saxon.AG,1450.0,0.6145637035369873,-1.4980662677714591,0.1107314192102975,-0.5658036776503921
I20642.AG,UnitedKingdom,England_EarlyMedieval_Saxon.AG,1450.0,0.0774517357349395,-1.5018765986523603,0.11767264148077414,-0.5873091882415172
I20643.AG,UnitedKingdom,England_EarlyMedieval_Saxon.AG,1450.0,0.2863789796829223,-1.448815296641169,0.1296071876735095,-0.598191196838194
I20644.AG,UnitedKingdom,England_EarlyMedieval_Saxon.AG,1450.0,0.755301833152771,-1.5130237328435834,0.10217008923230908,-0.5406738440424481
I20645.AG,UnitedKingdom,England_EarlyMedieval_Saxon.AG,1450.0,0.2355003505945205,-1.5013029716215351,0.15465236561594403,-0.5638305768449826
I20646.AG,UnitedKingdom,England_EarlyMedieval_Saxon.AG,1450.0,0.617555558681488,-1.4520167409238898,0.10700888812377313,-0.6175842993407514
I20649.AG,UnitedKingdom,England_EarlyMedieval_Saxon.AG,1450.0,0.543467104434967,-1.4784876794259478,0.16535001785485443,-0.603623211424382
I20650.AG,UnitedKingdom,England_EarlyMedieval_Saxon.AG,1450.0,0.6390045881271362,-1.4259608772890568,0.056425754811894054,-0.6462834949978882
I20652.AG,UnitedKingdom,England_EarlyMedieval_Saxon.AG,1450.0,0.7774013876914978,-1.5776802172242452,0.1397882304954007,-0.5667295232953902
I20653.AG,UnitedKingdom,England_EarlyMedieval_Saxon.AG,1450.0,0.4396847486495971,-1.5439846733417706,0.15379809713771916,-0.655038556791852
I20654.AG,UnitedKingdom,England_EarlyMedieval_Saxon.AG,1450.0,0.7464925646781921,-1.4848975398183353,0.16167476731198022,-0.5701344918587976
I20655.AG,UnitedKingdom,England_EarlyMedieval_Saxon.AG,1450.0,0.6480491161346436,-1.4628053035870812,0.0927960411310312,-0.6574706997493209
I20656.AG,UnitedKingdom,England_EarlyMedieval_Saxon_oSteppe.AG,1450.0,0.6836318969726562,-1.4913069094190405,-0.025974306387535596,-0.6263699992368786
I20658.AG,UnitedKingdom,England_EarlyMedieval_Saxon.AG,1450.0,0.6974103450775146,-1.5238657356976646,0.064781238187447,-0.6240682796976744
I20659.AG,UnitedKingdom,England_EarlyMedieval_Saxon.AG,1450.0,0.6779036521911621,-1.651476734731535,0.18119207115694863,-0.5292901077491844
I20660.AG,UnitedKingdom,England_EarlyMedieval_Saxon.AG,1450.0,0.6767300963401794,-1.5190185253256747,0.1003678285083684,-0.6048641301665466
I20661.AG,UnitedKingdom,England_EarlyMedieval_Saxon.AG,1450.0,0.6755922436714172,-1.4680663887666174,0.08623890902662294,-0.6694672000461559
I20666.AG,UnitedKingdom,England_EarlyMedieval_Saxon.AG,1450.0,0.1334462761878967,-1.5194857220486773,0.11454881327845852,-0.6347770841425238
I20667.AG,UnitedKingdom,England_EarlyMedieval_Saxon.AG,1450.0,0.2781511545181274,-1.5039503268554906,0.14747513677951624,-0.597250812962316
I20668.AG,UnitedKingdom,England_EarlyMedieval_Saxon.AG,1450.0,0.695109486579895,-1.5141254626977245,0.11797523563573545,-0.6369185624453764
I20669.AG,UnitedKingdom,England_EarlyMedieval_Saxon.AG,1450.0,0.2122353911399841,-1.563873408890106,0.04358958884935188,-0.5736428810011835
I20670.AG,UnitedKingdom,England_EarlyMedieval_Saxon.AG,1450.0,0.6696685552597046,-1.445757051712041,0.1617210573737607,-0.608998012027846
I20671.AG,UnitedKingdom,England_EarlyMedieval_Saxon.AG,1450.0,0.7208269238471985,-1.549284590952046,0.08339364251496942,-0.5319335066661802
I20672.AG,UnitedKingdom,England_EarlyMedieval_Saxon.AG,1450.0,0.1333668082952499,-1.4621057141086482,0.12573652680259004,-0.5704762021164601
I20673.AG,UnitedKingdom,England_EarlyMedieval_Saxon.AG,1450.0,0.5143254995346069,-1.5252216589441636,0.07809505266685704,-0.5477645722396961
I20674.AG,UnitedKingdom,England_EarlyMedieval_Saxon.AG,1450.0,0.6263559460639954,-1.517522435520954,0.0874823409337682,-0.6006021598624363
I20676.AG,UnitedKingdom,England_EarlyMedieval_Saxon.AG,1450.0,0.289544403553009,-1.4868563525504235,0.16492417852662952,-0.5862074993984441
I20677.AG,UnitedKingdom,England_EarlyMedieval_Saxon.AG,1450.0,0.7446393370628357,-1.5323406352863909,0.12704703415006463,-0.5805374580074957
I20678.AG,UnitedKingdom,England_EarlyMedieval_Saxon.AG,1450.0,0.612994372844696,-1.5188119160248186,0.1476050746120473,-0.6168259003905704
I20679.AG,UnitedKingdom,England_EarlyMedieval_Saxon.AG,1450.0,0.7356045842170715,-1.4554249219761792,0.07297650478371763,-0.638882189392038
I20680.AG,UnitedKingdom,England_EarlyMedieval_Saxon.AG,1450.0,0.7009617686271667,-1.4912373501129372,0.09122000222217486,-0.5945641151666582
I20736.AG,Spain,Spain_LBA_1d.rel.I23440.I23441.AG,3100.0,0.0830753594636917,-1.106761970681112,-2.3775976605726825,0.10072509336598422
I20740.AG,Spain,Spain_LBA.AG,3100.0,0.1911780387163162,-1.150609773108192,-2.3770895889112023,0.05831990380553893
I20766.AG,Hungary,Hungary_IA_Scythian.AG,2100.0,0.1849226206541061,1.6522138581561332,0.06594069947148824,-0.09997692008896487
I20798.AG,Hungary,Hungary_Transtisza_LateEarlyAvar.AG,1200.0,0.7214425206184387,1.700797571183576,0.031322112560475256,-0.06640439820391048
I20799.AG,Hungary,Hungary_Transtisza_LateEarlyAvar.AG,1200.0,0.727543830871582,1.7100441419840917,0.11131079572014983,-0.17003195995117512
I20800.AG,Hungary,Hungary_Transtisza_EarlyAvar.AG,1325.0,0.7390943765640259,1.6661839966704715,0.058575883992449604,-0.08966227380052556
I20801.AG,Hungary,Hungary_Transtisza_EarlyAvar.AG,1325.0,0.6833593845367432,1.6685750275560565,0.15711262966870485,-0.07538595101910975
I20802.AG,Hungary,Hungary_Transtisza_Roman_Sarmation.AG,1700.0,0.7351917624473572,1.7045720381249478,-0.04085473485059479,-0.09842840008097684
I20806.AG,Romania,Romania_C_Bodrogkeresztur.AG,5900.0,0.7528631091117859,1.2579480747403786,0.42632081288426976,0.20042046816429188
I20809.AG,Romania,Romania_C_Bodrogkeresztur.AG,6147.0,0.7410002946853638,1.2622453664019309,0.40490129936559616,0.17997980483210838
I20810.AG,Romania,Romania_C_Bodrogkeresztur.AG,5900.0,0.7189510464668274,1.2674448114797359,0.41397296434723857,0.20400854574509858
I20815.AG,France,France_GrandEst_IA2.AG,2200.0,0.3614511787891388,-0.9625186416463918,-0.8090060526534479,-0.009583428408575822
I20817.AG,France,France_GrandEst_IA2.AG,2200.0,0.6944241523742676,-0.9872654718923463,-0.7867119368575398,-0.02419173997962981
I20827.AG,France,France_GrandEst_IA2.AG,2200.0,0.4269525110721588,-0.9889436281393899,-0.7999547238985409,-0.02460914624704725
I20982.AG,UnitedKingdom,England_MIA_LIA.AG,2176.0,0.6230088472366333,-1.41097558858545,0.07328314599323947,-0.6057642331774377
I20983.AG,UnitedKingdom,England_MIA_LIA.AG,2176.0,0.5582284927368164,-1.4618327367034585,-0.020547353979827116,-0.6971860423408751
I20984.AG,UnitedKingdom,England_MIA_LIA.AG,2176.0,0.6242659091949463,-1.5448037181035337,0.04191997227266209,-0.6662092065970264
I20985.AG,UnitedKingdom,England_MIA_LIA.AG,2176.0,0.5289449691772461,-1.47393267085896,0.12660255772934528,-0.6127128169598685
I20986.AG,UnitedKingdom,England_MIA_LIA.AG,2176.0,0.593033492565155,-1.61879443759586,0.0461225859831917,-0.6715179487009317
I20987.AG,UnitedKingdom,England_MIA_LIA.AG,2176.0,0.3770252168178558,-1.4805907859956382,0.1002839146831307,-0.6135381500976499
I20988.AG,UnitedKingdom,England_MIA_LIA.AG,2225.0,0.6343493461608887,-1.4928376756872965,0.19874815951674046,-0.6679318502075821
I20989.AG,UnitedKingdom,England_MIA_LIA.AG,2173.0,0.6610952019691467,-1.4467717086817886,0.09911258932975735,-0.6882480808164695
I20990.AG,UnitedKingdom,England_MIA.AG,2220.0,0.4933913946151733,-1.5032608071644975,0.1102479071205465,-0.642107514612433
I20997.AG,UnitedKingdom,England_C_EBA.AG,4075.0,0.5395579934120178,-1.4335470303709676,0.07749430168822705,-0.6058730523307277
I21178.AG,UnitedKingdom,England_MIA.AG,2250.0,0.730285108089447,-1.4080909076250527,0.09878776572242601,-0.6127044754090617
I21179.AG,UnitedKingdom,England_MIA.AG,2228.0,0.7289339303970337,-1.4505664517846952,0.09489418606407996,-0.6841498835037128
I21180.AG,UnitedKingdom,England_MIA.AG,2267.0,0.7568063139915466,-1.5202024990226322,0.11924642164526138,-0.5268900484768061
I21181.AG,UnitedKingdom,England_MIA.AG,2250.0,0.7544527053833008,-1.5323915246413737,0.09011416920859137,-0.6083338184902437
I21182.AG,UnitedKingdom,England_MIA.AG,2250.0,0.7428559064865112,-1.5871529243346896,0.13667027260384831,-0.5517240187907851
I21271.AG,UnitedKingdom,England_MIA_LIA.AG,2200.0,0.758907675743103,-1.5683265784144722,0.09506168528085317,-0.6679858132127637
I21272.AG,UnitedKingdom,England_MIA_LIA.AG,2200.0,0.6682540774345398,-1.5321241763429583,0.10942997849934757,-0.5580376268528041
I21274.AG,UnitedKingdom,England_MIA_LIA.AG,2200.0,0.7431203126907349,-1.5665514985259963,0.11787158567325491,-0.6461688361563556
I21277.AG,UnitedKingdom,England_MIA.AG,2225.0,0.7280612587928772,-1.5339517368452558,0.21720385657805957,-0.6416872099713514
I21293.AG,UnitedKingdom,England_MIA.AG,2263.0,0.5177358388900757,-1.4708787400719,0.12253255814337509,-0.6178478318829422
I21302.AG,UnitedKingdom,England_LIA.AG,1922.0,0.652949333190918,-1.5527343643160352,0.08915275355258714,-0.6285998201336691
I21303.AG,UnitedKingdom,England_LIA.AG,1995.0,0.4062179327011108,-1.5944504770575358,0.12778123176626868,-0.6201743203224664
I21305.AG,UnitedKingdom,England_IA.AG,2300.0,0.2205734997987747,-1.5010349911582683,0.11835567888017656,-0.5430296164980525
I21306.AG,UnitedKingdom,England_LIA.AG,2147.0,0.4219533801078796,-1.56851020247539,0.00246126820186694,-0.6224387861533109
I21307.AG,UnitedKingdom,England_MIA_LIA.AG,2117.0,0.3105092942714691,-1.5113044269443672,0.06249394561703987,-0.5986571852958312
I21308.AG,UnitedKingdom,England_MIA_LIA.AG,2058.0,0.3313857913017273,-1.4895910414069673,0.1487617876418618,-0.5937465190622555
I21309.AG,UnitedKingdom,England_MIA_LIA.AG,2165.0,0.7181392312049866,-1.4953761171082722,0.0004524048659805927,-0.6213494080673336
I21310.AG,UnitedKingdom,England_MIA_LIA.AG,2115.0,0.6887105107307434,-1.6184362153601575,0.0746116438165586,-0.48544792431078193
I21311.AG,UnitedKingdom,England_MIA_LIA.AG,2078.0,0.6888710856437683,-1.5273257973099224,0.14751721014448327,-0.5241580452296013
I21312.AG,UnitedKingdom,England_MIA_LIA.AG,2096.0,0.6680983901023865,-1.5433352875836612,0.2461310459657596,-0.5032336627415187
I21313.AG,UnitedKingdom,England_MIA_LIA.AG,2165.0,0.6910073161125183,-1.4917559255352433,0.11270182504118016,-0.6210163686259544
I21314.AG,UnitedKingdom,England_MIA_LIA.AG,2095.0,0.6834266781806946,-1.4438273219407465,0.0977435195687371,-0.6977852686656991
I21315.AG,UnitedKingdom,England_LIA.AG,2043.0,0.0756407305598259,-1.445871262831022,0.12052216477776634,-0.6305821071527409
I21390.AG,UnitedKingdom,England_N_Megalithic.AG,5630.0,0.7104945182800293,-1.4818024528307006,0.1261568950856476,-0.5722116131269561
I21399.AG,France,France_GrandEst_IA2.AG,2200.0,0.6103180050849915,-0.9599484859382741,-0.7796728161434656,-0.03047180847802592
I21402.AG,France,France_GrandEst_IA2.AG,2200.0,0.7265105843544006,-1.0025472507905109,-0.8489998781811585,-0.03596092744016562
I21403.AG,France,France_GrandEst_IA2_father.or.son.I21399.AG,2200.0,0.20492485165596,-1.0030746587708659,-0.8284231362292666,-0.007028155400435076
I21714.AG,Hungary,Hungary_MN_AVK.AG,7060.0,0.7662320137023926,1.7943373205583575,-0.013274231782514115,-0.23836043785039246
I21763.AG,Hungary,Hungary_MN_AVK.AG,7075.0,0.5654125213623047,1.7292530662694465,-0.004948329604038413,-0.17133546338313319
I21764.AG,Hungary,Hungary_MN_AVK.AG,7075.0,0.1427389681339264,1.7418834472769318,0.07018357524493464,-0.12368687747956811
I21765.AG,Hungary,Hungary_MN_AVK.AG,7075.0,0.2727505564689636,1.706660825869624,0.08537248364661389,-0.09255894261901944
I21766.AG,Hungary,Hungary_MN_AVK.AG,7075.0,0.0687746182084083,1.6691450582704705,0.07349733112894924,-0.12301044533636703
I21767.AG,Hungary,Hungary_MN_AVK.AG,7075.0,0.4006551504135132,1.6868747246736864,0.0627623033412837,-0.09462887211167041
I21768.AG,Hungary,Hungary_MN_AVK.AG,7075.0,0.2778251469135284,1.7236622435736322,0.010397881350293953,-0.11178836160905548
I21769.AG,Hungary,Hungary_MN_AVK.AG,7075.0,0.3450247347354889,1.6525228622672328,0.07771157939400833,-0.12692881147686308
I21770.AG,Hungary,Hungary_MN_AVK_oLevant.AG,6897.0,0.104570671916008,1.6569266123364492,-0.00246450432994518,-0.08073986522511344
I21771.AG,Hungary,Hungary_MN_AVK.AG,7075.0,0.0788134410977363,1.6918864992657454,0.09977527849280804,-0.10548468451985021
I21824.AG,Hungary,Hungary_MN_AVK_sister.I11933.AG,7075.0,0.3182204961776733,1.6793908596534297,0.06731169051885183,-0.104204966245093
I21825.AG,Hungary,Hungary_MN_AVK_son.I21826.son.I18658.AG,7140.0,0.615347146987915,1.6892960963039516,0.08791600497000839,-0.13289706198518278
I21826.AG,Hungary,Hungary_MN_AVK.AG,7125.0,0.6664049625396729,1.7765851076431325,0.05223481035986173,-0.05149523132432311
I21827.AG,Hungary,Hungary_MN_AVK.AG,7075.0,0.6335448026657104,1.6493448054520035,0.07567384349843362,-0.12731658308165655
I21828.AG,Hungary,Hungary_N_LateAVK.AG,6894.0,0.5723273158073425,1.679261295626592,0.05020862595923819,-0.1700947036308251
I21829.AG,Hungary,Hungary_N_LBK.AG,7254.0,0.6093569397926331,1.6441083780786934,0.018634466393540806,-0.14406902967197818
I21830.AG,Hungary,Hungary_N_LateAVK.AG,6928.0,0.6023991703987122,1.659089582295259,0.06775988713104719,-0.10945517194313392
I21840.AG,Hungary,Hungary_MN_AVK.AG,7075.0,0.6155328154563904,1.771958443404427,0.12073621226487267,-0.11822118313352521
I21841.AG,Hungary,Hungary_MN_AVK_brother.I21843.AG,7177.0,0.6856116056442261,1.6585129610094118,0.03714434323021128,-0.05091716437012489
I21842.AG,Hungary,Hungary_MN_AVK.AG,7075.0,0.710137665271759,1.7377452832590023,0.13211962591832319,-0.16535824434626265
I21843.AG,Hungary,Hungary_MN_AVK.AG,7150.0,0.7632863521575928,1.830956007554079,0.002960274022611684,-0.15471660320910194
I21844.AG,Hungary,Hungary_MN_AVK.AG,7075.0,0.5897083282470703,1.807390062029313,0.08519488952154908,-0.12209232648318497
I21846.AG,Hungary,Hungary_MN_AVK.AG,7075.0,0.5556713342666626,1.7493288201619095,0.054388439997168206,-0.12162612360381854
I21847.AG,Hungary,Hungary_MN_AVK.AG,7065.0,0.7163549661636353,1.7479743123724805,0.04186443865969889,-0.13354246319721044
I21897.AG,Hungary,Hungary_MN_AVK.AG,7092.0,0.7768928408622742,1.7395270845356057,-0.049030896775423057,-0.07820378014952614
I21898.AG,Hungary,Hungary_MN_AVK_oHG1.AG,7273.0,0.7945868968963623,1.6174811987029367,0.05651565195509184,-0.1301519294512727
I21899.AG,Hungary,Hungary_MN_AVK.AG,7075.0,0.7253232598304749,1.6199958166052655,0.09366726652196146,-0.08158561250725255
I21901.AG,Hungary,Hungary_MN_AVK.AG,7150.0,0.6328684091567993,1.5535814605998133,0.11268946088916047,-0.03918914578819375
I21902.AG,Hungary,Hungary_MN_AVK_son.I21898.brother.I18660.AG,7239.0,0.7407326698303223,1.7091564385872968,-0.004428592621706392,-0.15312547083948588
I21906_d.AG,Romania,Romania_EN_Cris.AG,7510.0,0.3423775732517242,1.2862437407405116,0.41517741786210044,0.1863772328694172
I21931.AG,France,France_GrandEst_IA2.AG,2200.0,0.2573873996734619,-0.979678046018532,-0.8372716540751948,-0.03364470595696002
I22052.AG,UnitedKingdom,England_EastYorkshire_MIA_LIA.AG,2104.0,0.6804372668266296,-1.4788977118115543,0.2565268101634714,-0.6524876443033907
I22055.AG,UnitedKingdom,England_EastYorkshire_MIA.AG,2237.0,0.6779060959815979,-1.582682355764028,0.12382549177515702,-0.5697618397923199
I22056.AG,UnitedKingdom,England_EastYorkshire_MIA.AG,2238.0,0.6641049385070801,-1.5468581280208196,0.042699913862876054,-0.6587674353271891
I22057.AG,UnitedKingdom,England_EastYorkshire_LIA.AG,1970.0,0.668090283870697,-1.5762450281856633,0.13880628348213905,-0.487866528425925
I22060.AG,UnitedKingdom,England_EastYorkshire_MIA_LIA.AG,2074.0,0.7158432006835938,-1.5880475648769456,-0.00589443492225253,-0.6831398050861129
I22062.AG,UnitedKingdom,England_EastYorkshire_LIA.AG,1930.0,0.6827681660652161,-1.5738157088875526,0.2198857772743571,-0.6723321032266102
I22064.AG,UnitedKingdom,England_EastYorkshire_LIA.AG,1971.0,0.6540685296058655,-1.588062763032779,0.01605744092735536,-0.6519794969606104
I22065.AG,UnitedKingdom,England_EastYorkshire_MIA_LIA.AG,2149.0,0.6978758573532104,-1.5122995117168538,0.04418181569567003,-0.5988222022352451
I22933.AG,Slovenia,Slovenia_EIA.AG,2625.0,0.2645998001098633,3.939815149094648,-0.6269083597564006,0.5940092173780238
I22934.AG,Slovenia,Slovenia_EIA_father.I22935.I5684.I5685.I5686.AG,2625.0,0.1141009852290153,3.9526781195682417,-0.6286164987464008,0.6006713735448057
I22935.AG,Slovenia,Slovenia_EIA_son.I22934.brother.I5684.brother.I5685.brother.I5686.AG,2625.0,0.5629470348358154,3.934901833611683,-0.6307021247463077,0.5917296687234479
I22937.AG,Slovenia,Slovenia_EIA.AG,2446.0,0.1667719632387161,3.9373397500395173,-0.6257115920391275,0.5991709409757698
I22938.AG,Slovenia,Slovenia_EIA.AG,2425.0,0.7637048363685608,3.9277754240151244,-0.621437593473513,0.591035372370015
I22940.AG,Slovenia,Slovenia_EIA.AG,2425.0,0.4671151041984558,3.9379300809202293,-0.6181673994589031,0.6047527011990748
I23093.AG,Hungary,Hungary_MN_AVK.AG,7075.0,0.7183744311332703,1.6355663360345594,0.07844787624637813,-0.042254301487721795
I23094.AG,Hungary,Hungary_MN_AVK.AG,7112.0,0.708896815776825,1.6640756685407543,0.017308549228995725,-0.0716423087173775
I23205.AG,Serbia,Serbia_Mokrin_EBA_Maros.AG,3900.0,0.726286768913269,0.3781144999240443,0.13754004105495013,0.8674661313985836
I23206.AG,Serbia,Serbia_Mokrin_EBA_Maros.AG,3900.0,0.7380424737930298,0.3823666531965541,0.12155892241733839,0.8573643201750124
I23207.AG,Serbia,Serbia_Mokrin_EBA_Maros.AG,3900.0,0.7300418019294739,0.337367847667439,0.1430896848066941,0.8705766283366163
I23208.AG,Serbia,Serbia_Mokrin_EBA_Maros.AG,3900.0,0.5259295701980591,0.3265202171652912,0.135040669452781,0.8413855299798867
I23209.AG,Serbia,Serbia_BA_Maros.AG,3900.0,0.713341236114502,0.4030208828304071,0.09088822922300732,0.9285377751116546
I23210.AG,Serbia,Serbia_BA_Maros.AG,3900.0,0.710035502910614,0.27979666469981285,0.11385368575707926,0.8563689660846056
I23211.AG,Serbia,Serbia_BA_Maros.AG,3900.0,0.718680202960968,0.3569963563094938,0.1105617767620266,0.9393196413239657
I23212.AG,Serbia,Serbia_Mokrin_EBA_Maros.AG,3900.0,0.713411808013916,0.38319791830179245,0.09628058027302958,0.9541679645984179
I23569.AG,Spain,Spain_EBA.AG,4037.0,0.09560077637434,-1.1463773640307193,-2.3875388949891607,0.13905686724078814
I23904.AG,Croatia,Croatia_EIA.AG,2642.0,0.6884769201278687,0.8000137697577295,-0.014668260526335145,-0.21969623566476532
I23911.AG,Croatia,Croatia_EIA.AG,2765.0,0.693625271320343,0.7905841316954425,-0.001151625770678102,-0.23376391356977846
I23971.AG,Slovenia,Slovenia_EIA.AG,2636.0,0.4821717143058777,3.9403021896871016,-0.6295169536470677,0.5977315830824926
I23974.AG,Slovenia,Slovenia_LBA_EIA.AG,2600.0,0.4636812508106231,3.9290880888184514,-0.6336016240502049,0.590887592288635
I23978.AG,Slovenia,Slovenia_EIA.AG,2459.0,0.6268482208251953,3.9449259095753324,-0.6245975187309646,0.5977002483819788
I23995.AG,Croatia,Croatia_EIA.AG,2729.0,0.6857113242149353,0.7726324368960482,0.004306540017843084,-0.21872444756169973
I23996.AG,Croatia,Croatia_EIA.AG,2744.0,0.6418123841285706,0.8061035145443834,-0.022732828149285223,-0.23265319820534677
I24015.AG,Austria,Austria_N_LBK.AG,7100.0,0.722710132598877,0.6615838457966652,-0.5963948664811646,-0.19811217758550842
I24016.AG,Austria,Austria_N_LBK_brother.I30411.AG,6896.0,0.2583833336830139,0.6261121030622386,-0.6474148347539376,-0.2314821109733826
I24017.AG,Austria,Austria_N_LBK.AG,7100.0,0.7086251378059387,0.6275451146599343,-0.6251900900351757,-0.231126095801614
I24018.AG,Austria,Austria_N_LBK.AG,7111.0,0.734241247177124,0.6107915282526433,-0.6420880903227105,-0.20770980348655535
I24021.AG,Austria,Austria_N_LBK.AG,7100.0,0.6892352104187012,0.6446083714039792,-0.6047390673483037,-0.21319559039226083
I24022.AG,Austria,Austria_N_LBK.AG,7100.0,0.7204474210739136,0.6179536526780312,-0.6417448647885846,-0.2059464422427374
I24023.AG,Austria,Austria_N_LBK.AG,7100.0,0.7230629324913025,0.6288546038247381,-0.6122625102814497,-0.1994903039682498
I24024.AG,Austria,Austria_N_LBK.AG,7100.0,0.182927519083023,0.6412654058675694,-0.6410639179517142,-0.20780515382290507
I24026.AG,Austria,Austria_N_LBK.AG,7091.0,0.0997953787446022,0.6168912300890864,-0.640416056390835,-0.20253303926029764
I24027.AG,Austria,Austria_N_LBK.AG,7100.0,0.118528351187706,0.6204617131907384,-0.6411072167371348,-0.21476359718036978
I24268.AG,Austria,Austria_N_LBK.AG,7100.0,0.7064443230628967,0.6422234465652353,-0.6107278519950202,-0.2200579837860765
I24269.AG,Austria,Austria_N_LBK.AG,7100.0,0.6821907162666321,0.6298060322598485,-0.6366822703271163,-0.23087211042159095
I24270.AG,Austria,Austria_N_LBK.AG,7100.0,0.6057989597320557,0.6325664801837909,-0.6307185011820601,-0.21348691680014828
I24271.AG,Austria,Austria_N_LBK.AG,7100.0,0.4259930849075317,0.6172249397385636,-0.6332553953941421,-0.22990869045440565
I24272.AG,Austria,Austria_N_LBK.AG,7100.0,0.7029430866241455,0.6276682675639106,-0.6265913658748686,-0.20270741796993416
I24275.AG,Austria,Austria_N_LBK.AG,7100.0,0.6292812824249268,0.5870180773579248,-0.6363218855800092,-0.22361225204584714
I24278.AG,Austria,Austria_N_LBK.AG,7100.0,0.6335821151733398,0.6510280315168218,-0.6167541477418612,-0.2105168426844167
I24279.AG,Austria,Austria_N_LBK.AG,7100.0,0.5737709403038025,0.6161732998180722,-0.6363696807521935,-0.21703123667156338
I24281.AG,Austria,Austria_N_LBK.AG,7026.0,0.6567635536193848,0.6347131314870746,-0.6376368007482633,-0.22091636604904108
I24282.AG,Austria,Austria_N_LBK.AG,7528.0,0.5024569630622864,0.6149895138572373,-0.6164569505634077,-0.23418278985647026
I24283.AG,Austria,Austria_N_LBK.AG,7100.0,0.594723641872406,0.6273725528967232,-0.6303885761816315,-0.21528158734170888
I24285.AG,Austria,Austria_N_LBK.AG,7100.0,0.503831684589386,0.6546588839485631,-0.6231443809164321,-0.22242555355316423
I24286_d.AG,Austria,Austria_N_LBK.AG,7100.0,0.0911531373858451,0.6565019947164756,-0.6119256414870691,-0.20644418817571755
I24289.AG,Austria,Austria_N_LBK.AG,7100.0,0.6824372410774231,0.6232927712913553,-0.6359632194697457,-0.20893906264502943
I24295.AG,Slovakia,Slovakia_N_ZeliezovceGroup.AG,7050.0,0.1791773438453674,1.1845665926442406,0.08689362788754129,-0.8149944603322218
I24342.AG,Croatia,Croatia_MBA.AG,3410.0,0.7127751111984253,0.7800170678486207,0.03931921225306012,-0.213356165775839
I24345.AG,Croatia,Croatia_LBA_EIA.AG,2900.0,0.0516353026032447,0.790741485437621,-0.009690984632945111,-0.20437528917623776
I24638.AG,Croatia,Croatia_EIA.AG,2658.0,0.6755508780479431,0.7651787139823277,-0.044388464839919074,-0.22139287714513475
I24639.AG,Croatia,Croatia_EIA.AG,2658.0,0.6814461946487427,0.7674917707804974,-0.011208070180412791,-0.23489229501342038
I24868.AG,Slovakia,Slovakia_N_ZeliezovceGroup.AG,7041.0,0.3419201672077179,1.1619399548523037,0.10398587376550286,-0.8225786721490362
I24879.AG,Croatia,Croatia_EIA.AG,2599.0,0.6888102293014526,0.8649464128886277,0.025399357133657593,-0.24500564795646854
I24882.AG,Croatia,Croatia_EIA.AG,2599.0,0.7080866098403931,0.8405804861168958,-0.03726749097263384,-0.21685205442022826
I24886.AG,Austria,Austria_N_LBK.AG,7100.0,0.7162706255912781,0.6166074067081351,-0.625415093305394,-0.22451531349249654
I24887.AG,Austria,Austria_N_LBK.AG,7100.0,0.7184068560600281,0.6645229729222532,-0.6334509679246757,-0.20362937611140025
I24888.AG,Austria,Austria_N_LBK.AG,7181.0,0.6904379725456238,0.6143210516027364,-0.6482898740328189,-0.2131845464359912
I24889.AG,Austria,Austria_N_LBK.AG,7187.0,0.7083550691604614,0.6692360554384926,-0.5879274812956602,-0.19084148200950243
I24890.AG,Austria,Austria_N_LBK.AG,7100.0,0.6935352683067322,0.6379673763649201,-0.6264894928841992,-0.23860038815188045
I24892.AG,Austria,Austria_N_LBK_father.or.son.I24280.AG,6904.0,0.7105472683906555,0.6321618504564073,-0.6510712933571177,-0.20515222072445394
I24893.AG,Austria,Austria_N_LBK.AG,7050.0,0.7508606910705566,0.5899234076248552,-0.6354553951383957,-0.20213035510355962
I24894.AG,Austria,Austria_N_LBK.AG,7100.0,0.6738144755363464,0.6322768406511623,-0.6261523371487192,-0.21778787405031352
I24895.AG,Austria,Austria_N_LBK.AG,7100.0,0.6554408073425293,0.6227455360027085,-0.6467828127468673,-0.20527757410700448
I24896.AG,Austria,Austria_N_LBK.AG,7100.0,0.7217710018157959,0.61715965819368,-0.6179383871013432,-0.22219560020757492
I24897.AG,Austria,Austria_N_LBK.AG,7100.0,0.6080235838890076,0.6047644300696143,-0.6429091681468062,-0.21365252256639872
I24900.AG,Austria,Austria_N_LBK.AG,7100.0,0.6754868030548096,0.6358024757231422,-0.6344921350574183,-0.2003844401600967
I24901.AG,Austria,Austria_N_LBK.AG,7100.0,0.7092772126197815,0.6264876799777024,-0.6082535322456141,-0.25155593791099407
I24902.AG,Austria,Austria_N_LBK.AG,7100.0,0.7331658005714417,0.6684114071856825,-0.6396820542254327,-0.22080664739665873
I24903.AG,Austria,Austria_N_LBK.AG,7100.0,0.7171432971954346,0.6142361025470239,-0.6585032433025686,-0.262002591366742
I24904.AG,Austria,Austria_N_LBK.AG,7100.0,0.7395331859588623,0.6376245507698816,-0.6364810772945334,-0.2183629345039609
I24905.AG,Austria,Austria_N_LBK.AG,7100.0,0.7022504806518555,0.6470125107251852,-0.6294489376038801,-0.22303498092105897
I24906.AG,Austria,Austria_N_LBK_sister.I25332.AG,7100.0,0.7264570593833923,0.6041230861795155,-0.6165655371182447,-0.2139905891930058
I24907.AG,Austria,Austria_N_LBK.AG,7100.0,0.3525623679161072,0.6224295190402815,-0.6425050765741573,-0.22388978027262135
I25175.AG,Slovakia,Slovakia_N_LBK.AG,7100.0,0.447842001914978,1.1857245494984152,0.09362506012291909,-0.8044262046948089
I25176.AG,Slovakia,Slovakia_N_LBK.AG,7100.0,0.2605065703392029,1.1826478673057705,0.11747504921771845,-0.8244981953761434
I25201.AG,Slovakia,Slovakia_N_LBK.AG,7100.0,0.1244480013847351,1.1820806244138884,0.11234007404889129,-0.8147275887803362
I25323.AG,Austria,Austria_N_LBK.AG,7100.0,0.0855481624603271,0.6611100788793335,-0.6642314469663538,-0.2709696985438461
I25349.AG,Austria,Austria_N_LBK.AG,6981.0,0.0685086026787757,0.6174439268807114,-0.6491606327160768,-0.22702186229212692
I25504.AG,Hungary,Hungary_LBA.AG,2875.0,0.7640690207481384,1.7242384682897514,0.10742853454999896,-0.2605653460545504
I25505.AG,Hungary,Hungary_LBA.AG,2911.0,0.414710134267807,1.6972459871536625,0.05764259585173645,-0.05799178676576013
I25507.AG,Hungary,Hungary_EIA.AG,2841.0,0.6763675808906555,1.7179858927206024,-0.021339500570040318,-0.09423474503025442
I25508.AG,Hungary,Hungary_EIA.AG,2809.0,0.7299501299858093,1.6540157642140922,0.1743927519917277,-0.09559132527877535
I25509.AG,Hungary,Hungary_IA_LaTene_o3.AG,2131.0,0.723285973072052,1.625821673301209,0.15580843640987882,-0.07105699248490312
I25510.AG,Hungary,Hungary_IA_LaTene.AG,2150.0,0.6892254948616028,1.6768488303199287,0.018801012324391644,-0.16107265509420352
I25512.AG,Hungary,Hungary_IA_LaTene.AG,2150.0,0.2653767764568329,1.6584098697229508,0.1287702421197052,-0.10753444415597982
I25516.AG,Hungary,Hungary_IA_LaTene.AG,2150.0,0.1590996980667114,1.6254828779453192,0.0604768156096913,-0.1469613831130111
I25518.AG,Hungary,Hungary_IA_LaTene.AG,2150.0,0.3893259763717651,1.6991140172353463,0.11198689785161324,-0.10694028887379073
I25519.AG,Hungary,Hungary_IA_LaTene.AG,2150.0,0.7139389514923096,1.5882605020524236,0.06643338821516652,-0.12703444177011308
I25522.AG,Hungary,Hungary_IA_LaTene.AG,2150.0,0.7173209190368652,1.6724553244869549,-0.0009670292439633633,-0.13312557510316297
I25524.AG,Hungary,Hungary_IA_LaTene_o3.AG,2218.0,0.6940972805023193,1.6586488220964413,0.06715185324084831,-0.1625519480804431
I25525.AG,Hungary,Hungary_EIA_o3.AG,2550.0,0.6731380820274353,1.5765040165056816,0.12662824538667533,-0.10564268594516023
I26628.AG,UnitedKingdom,ChannelIslands_EIA.AG,2549.0,0.2071219086647033,-1.4924963529938298,0.14561870001613203,-0.6700160770885084
I26629.AG,UnitedKingdom,ChannelIslands_LIA_LaTene.AG,1990.0,0.111582763493061,-1.4698802391471653,0.08184390051681238,-0.5881707381429805
I26702.AG,Croatia,Croatia_Roman_EarlyImperial_brother.I26708.AG,1850.0,0.7509969472885132,0.833247315768244,0.013445679427721619,-0.21853698729796586
I26703.AG,Croatia,Croatia_Roman_EarlyImperial_o3.AG,1850.0,0.7498525977134705,0.8007527052034309,-0.007895969978070962,-0.2095930408263256
I26704.AG,Croatia,Croatia_Roman_EarlyImperial.AG,1850.0,0.7459669709205627,0.8486695351529226,-0.007377727950601325,-0.19421500352616733
I26705.AG,Croatia,Croatia_Roman_EarlyImperial_o1.AG,1850.0,0.5837326645851135,0.8307857166156665,0.02459246052001305,-0.22124500227600843
I26707.AG,Croatia,Croatia_Roman_EarlyImperial.AG,1850.0,0.7363401651382446,0.8526765171868838,-0.03488661112666487,-0.19233804944014243
I26708.AG,Croatia,Croatia_Roman_EarlyImperial.AG,1850.0,0.7509928941726685,0.8004789716755965,-0.02928507629746747,-0.21360911838208452
I26709.AG,Croatia,Croatia_Roman_LateImperial_oLevant.AG,1500.0,0.7502288818359375,0.8106705857354015,-0.0640491168969451,-0.2527357627246819
I26718.AG,Croatia,Croatia_Roman_LateImperial.AG,1700.0,0.309823989868164,0.8264699358402613,0.001954226037100996,-0.21587508445261808
I26719.AG,Croatia,Croatia_Roman_LateImperial_oEurope.AG,1700.0,0.4673008322715759,0.8195093107362845,-0.019065084946519574,-0.22086082419235914
I26738.AG,Croatia,Croatia_MN.AG,7125.0,0.55824875831604,0.7997278394721071,-0.038637564326787895,-0.2131811903020827
I26741.AG,Croatia,Croatia_MN_Sopot.AG,6585.0,0.7509750723838806,0.8393964239179512,0.00033527110098217536,-0.22487432784520028
I26742.AG,Croatia,Croatia_LBA_EIA.AG,2650.0,0.8029899001121521,0.8202188397595455,-0.014990384254866979,-0.21369134695562042
I26745.AG,Croatia,Croatia_EarlyMedieval_EarlySlav.AG,1226.0,0.732178807258606,0.8153668161350769,-0.003736363850793189,-0.2171770664634573
I26746.AG,Croatia,Croatia_EarlyMedieval_EarlySlav_oAegean.AG,1249.0,0.7690178155899048,0.8146756007575414,-0.017492751668647003,-0.22803155277473208
I26747.AG,Croatia,Croatia_EarlyMedieval_EarlySlav.AG,1227.0,0.7524518966674805,0.794918164266353,0.023696255761070588,-0.2566652502912327
I26748.AG,Croatia,Croatia_EarlyMedieval.AG,1112.0,0.7308893203735352,0.7548988912323165,0.0802675791281446,-0.17246841796307485
I26749.AG,Croatia,Croatia_EarlyMedieval_oAegean.AG,1118.0,0.6459388732910156,0.7712633612027266,-0.006550956176839939,-0.2231370879337047
I26750.AG,Croatia,Croatia_OsijekTrg_Roman_LateImperial.AG,1700.0,0.7490488886833191,0.8097563274986848,0.003281630666070812,-0.21610917042005984
I26751.AG,Croatia,Croatia_OsijekTrg_Roman_LateImperial.AG,1700.0,0.6646475195884705,0.8436071095784873,-0.02432292048721724,-0.23265524651286512
I26752.AG,Croatia,Croatia_OsijekTrg_Roman_LateImperial.AG,1700.0,0.7693884968757629,0.8538694548648281,-0.015584087226239548,-0.24617404967063655
I26753.AG,Croatia,Croatia_OsijegTrg_Roman_LateImperial_oLevant.AG,1700.0,0.7629205584526062,0.8301592744269575,-0.04959069190822907,-0.18738371859845307
I26754.AG,Croatia,Croatia_OsijekTrg_Roman_LateImperial.AG,1700.0,0.4599440693855285,0.8516254929105391,0.048313498290238066,-0.24317992306561315
I26761.AG,Croatia,Croatia_Roman_LateImperial_oEurope.AG,1575.0,0.113982580602169,0.8061539541038591,0.01730997961132827,-0.20995234221551132
I26762.AG,Croatia,Croatia_Roman_LateImperial_oEurope.AG,1575.0,0.6945506930351257,0.7966850834646213,0.02092361714905381,-0.2185563221912172
I26763.AG,Croatia,Croatia_Roman_LateImperial_oEurope.AG,1575.0,0.7793875932693481,0.7955014956949784,-0.022003320709676515,-0.22180117945434982
I26764.AG,Croatia,Croatia_SisakPogorelec_Roman_LateImperial.AG,1575.0,0.7741637825965881,0.8153174263617834,0.01006790214589883,-0.20559446565836248
I26765.AG,Croatia,Croatia_LateAntiquity.AG,1250.0,0.765346348285675,0.8302787565878009,-0.030062055711868266,-0.23279504629784228
I26766.AG,Croatia,Croatia_LateAntiquity.AG,1250.0,0.7805067896842957,0.8331183760662526,-0.030700205935699217,-0.2143242632046077
I26767.AG,Croatia,Croatia_LateAntiquity.AG,1324.0,0.6985992789268494,0.8175208259256459,-0.021553315304553775,-0.2056417870772344
I26773.AG,Croatia,Croatia_MBA.AG,3325.0,0.6226097941398621,0.8223986277125437,0.007475784660558328,-0.19621905590578553
I26774.AG,Croatia,Croatia_MBA.AG,3325.0,0.7081709504127502,0.8362249902815603,-0.01753168748920221,-0.20904739632953465
I26775.AG,Croatia,Croatia_Roman_oAfrica.AG,1750.0,0.6816359758377075,0.7133488420884149,-0.05528517488595239,-0.20493384250777527
I26776.AG,Croatia,Croatia_Roman.AG,1650.0,0.5796622037887573,0.8136839438153735,0.0216610636121817,-0.1694500625378427
I26828.AG,Netherlands,Netherlands_MBA.AG,3400.0,0.7308601140975952,-1.2342358732169443,0.12047074577925174,0.5587262116447906
I26829.AG,Netherlands,Netherlands_MBA.AG,3400.0,0.7079665660858154,-1.2377385039284627,0.11103602630675576,0.5561933936010316
I26830.AG,Netherlands,Netherlands_MBA.AG,3429.0,0.7261934876441956,-1.2462785668304852,0.10403583715354502,0.5798686530505729
I26831.AG,Netherlands,Netherlands_MBA.AG,3400.0,0.1695610731840133,-1.2777001343858847,0.1498319832154596,0.5751486835698668
I26832.AG,Netherlands,Netherlands_MBA.AG,3400.0,0.7209340333938599,-1.2444677537079278,0.12135914671590557,0.561167994219698
I26893.AG,Croatia,Croatia_MBA.AG,3325.0,0.7343053221702576,0.824883822883937,-0.003396642953420906,-0.22852154715470196
I26894.AG,Croatia,Croatia_LateAntiquity.AG,1470.0,0.7424803972244263,0.813392082003746,-0.002953674084996019,-0.20063937615316432
I26895.AG,Croatia,Croatia_LateAntiquity.AG,1470.0,0.7133955359458923,0.8206083545465889,-0.019307183368653936,-0.1995575146958464
I27295.AG,Croatia,Croatia_Gepidic.AG,1450.0,0.6955181956291199,0.7804417256298193,-0.026534890662115066,-0.24082117699686692
I27296.AG,Croatia,Croatia_Gepidic.AG,1427.0,0.7016763091087341,0.7750358941439862,0.016415594938576906,-0.20940990718000171
I27297.AG,Croatia,Croatia_Gepidic_oAegean.AG,1540.0,0.7033607959747314,0.8278005101059231,-0.0498675740381714,-0.21615041156831613
I27298.AG,Croatia,Croatia_Gepidic.AG,1450.0,0.6819539070129395,0.8306063328168946,0.07095286853449562,-0.22578692649112841
I27379.AG,UnitedKingdom,England_LIA.AG,2068.0,0.6466996073722839,-1.525003901846496,0.20371522528471558,-0.6076357214286613
I27380.AG,UnitedKingdom,England_EBA_BellBeaker.AG,4228.0,0.7193200588226318,-1.437522643932728,0.07776426878407323,-0.6029710110463787
I27381.AG,UnitedKingdom,England_EIA.AG,2487.0,0.717656672000885,-1.5267725806306844,0.09444215976240161,-0.6755155085532599
I27382.AG,UnitedKingdom,England_EIA.AG,2592.0,0.73747318983078,-1.5539928187916652,0.09043582254650052,-0.6047193776759052
I27383.AG,UnitedKingdom,England_EIA.AG,2522.0,0.7317384481430054,-1.4741457539492255,0.07185296901454298,-0.603354459031606
I27384.AG,UnitedKingdom,Scotland_LIA.AG,1945.0,0.5971096754074097,-1.5402771264738322,0.0671747514540108,-0.6120703886074517
I27385.AG,UnitedKingdom,Scotland_LIA.AG,1916.0,0.7221229672431946,-1.515429733102753,0.031929351679410016,-0.5500418461521098
I27771.AG,Austria,Austria_N_LBK.AG,7025.0,0.2172296643257141,0.6385674345233293,-0.630343234499611,-0.2138477510202008
I27772.AG,Austria,Austria_N_LBK.AG,7137.0,0.518528163433075,0.6294438761628908,-0.6462503006972468,-0.21443545657093757
I27773.AG,Austria,Austria_N_LBK.AG,7092.0,0.7723065614700317,0.6362956550420723,-0.6298441207639048,-0.2218170457330628
I27774.AG,Austria,Austria_N_LBK.AG,7100.0,0.7567949295043945,0.6219884053562758,-0.6172284799025268,-0.2206561301543668
I27776.AG,Austria,Austria_N_LBK.AG,7006.0,0.2197860032320022,0.6285567213926111,-0.6259306768791523,-0.21051910707398658
I27778.AG,Austria,Austria_N_LBK.AG,7208.0,0.7489855885505676,0.6258078897255506,-0.63308691706095,-0.21575095148044965
I27780.AG,Austria,Austria_N_LBK.AG,7100.0,0.0673107281327247,0.6160911051175666,-0.6332523444448844,-0.2267514974884659
I27783.AG,Austria,Austria_N_LBK.AG,7100.0,0.7503765225410461,0.6479031348481824,-0.6356771372105776,-0.18966071905930948
I27784.AG,Austria,Austria_N_LBK.AG,7100.0,0.7440530061721802,0.6448925245434401,-0.623559402148277,-0.2589624064778118
I27785.AG,Austria,Austria_N_LBK.AG,7100.0,0.0568120516836643,0.6293206138784542,-0.6297094793969772,-0.2134648894653904
I27787_d.AG,Austria,Austria_N_LBK_1d.rel.I24906.AG,7100.0,0.2118023037910461,0.6384954472776027,-0.6380684489537908,-0.2358966045779122
I27791.AG,Austria,Austria_N_LBK.AG,7100.0,0.0939381793141365,0.6329360256345176,-0.6229693916080168,-0.20620671522199668
I27793.AG,Austria,Austria_N_LBK.AG,7100.0,0.7713041305541992,0.6216673192171513,-0.6554544514797837,-0.2021523940601473
I27794.AG,Austria,Austria_N_LBK.AG,7100.0,0.7662749886512756,0.6885136637274635,-0.615874599428362,-0.20890472487342984
I27796.AG,Austria,Austria_N_LBK.AG,7100.0,0.5928372144699097,0.6379319756124499,-0.6382352787738953,-0.2193640369214055
I27805.AG,Austria,Austria_N_LBK.AG,7100.0,0.0782270729541778,0.6346422940317599,-0.6364597266342515,-0.20323354895907822
I28390.AG,Croatia,Croatia_EarlyMedieval_Avar_oNorthEurope.AG,1103.0,0.7082383036613464,0.7627910882803381,0.028866943011737787,-0.2406389092349663
I28392.AG,Croatia,Croatia_EarlyMedieval_Avar.AG,1150.0,0.7158278226852417,0.8037523666748488,-0.023511552094934683,-0.21236625826970945
I28393.AG,Croatia,Croatia_EarlyMedieval_Avar.AG,1150.0,0.7011823654174805,0.8343102330401044,-0.061363113681211015,-0.20430297863561017
I28397.AG,Croatia,Croatia_EarlyMedieval_Avar.AG,1150.0,0.713153064250946,0.8426284205118426,0.029805858173506616,-0.23158451077259323
I28398.AG,Croatia,Croatia_EarlyMedieval_Avar.AG,1150.0,0.7169478535652161,0.7791383701893599,-0.009274703140555833,-0.2084795535893718
I28400.AG,Croatia,Croatia_EarlyMedieval_Avar.AG,1150.0,0.7316460013389587,0.7462894981654364,-0.009388918757705995,-0.19949194932904463
I28425.AG,Croatia,Croatia_EN_Starcevo.AG,7500.0,0.7060501575469971,0.8221415765478693,0.003056120445118708,-0.21415765488618344
I28426.AG,Croatia,Croatia_EN_Starcevo.AG,7511.0,0.7002594470977783,0.825052678034371,-0.02038073514882046,-0.24353659638500158
I28427.AG,Croatia,Croatia_EN_Starcevo.AG,7500.0,0.1549651175737381,0.8295109475947735,0.0032646548312068257,-0.21498940674182848
I28446.AG,Croatia,Croatia_LateAntiquity.AG,1575.0,0.6546475887298584,0.7695516389084218,0.013371394879562857,-0.22519938354169233
I28447.AG,Croatia,Croatia_LateAntiquity.AG,1575.0,0.7275300621986389,0.7828618174261454,-0.008066618600795144,-0.21915501128636916
I28448.AG,Croatia,Croatia_LateAntiquity.AG,1575.0,0.7251343131065369,0.8233042105700419,0.03334553833143274,-0.23501959418563262
I29876.TW,Hungary,Hungary_EN_Starcevo.TW,7550.0,0.8077781796455383,1.6361031907075503,-0.17138085885229135,-0.12979566790265684
I29877.TW,Hungary,Hungary_EN.TW,7940.0,0.8533900380134583,1.6014159134424635,0.11393127147436646,-0.3154231972984849
I29891.TW,Hungary,Hungary_MN_LBK.TW,6982.0,0.8277771472930908,1.5496332866868048,-0.06080558379896206,-0.2615532201148951
I29957.TW,Hungary,Hungary_MN_ALBK.TW,7100.0,0.7381885051727295,1.6548052702465201,-0.0475281495405787,-0.026397622495842408
I29958.TW,Hungary,Hungary_MN_ALBK.TW,7100.0,0.6183195114135742,1.7065272140988679,0.1100390572281862,-0.10460498139881852
I30300.TW,UnitedKingdom,England_N_Megalithic.TW,5575.0,0.8480721712112427,-1.5127435968574057,0.11095553416511729,-0.6234321337046426
I32299.TW,Serbia,Serbia_Medieval_Slav.TW,750.0,0.3992528915405273,0.2927478703197145,0.13541875446288387,0.8477830284729302
I32300.TW,Serbia,Serbia_Medieval_Slav.TW,750.0,0.4102584421634674,0.3687883321821515,0.15679431043211703,0.8434477882876832
I32305.TW,Serbia,Serbia_Roman_AfricanPossible.TW,1850.0,0.7797670960426331,0.32918109082531066,0.13046531762271082,0.8592021248076455
I33809.TW,Croatia,Croatia_LateAntiquity_oLevant1.TW,1550.0,0.7816657423973083,0.7864360749553831,0.02391197020142077,-0.17563088119097234
I33885.TW,Croatia,Croatia_LateAntiquity.TW,1550.0,0.9211832880973816,0.8309014468178978,-0.012274369919561616,-0.17545226767563143
I33886.TW,Croatia,Croatia_LateAntiquity_oAegean.TW,1550.0,0.7281423807144165,0.7955654914250843,-0.013088907419736673,-0.21805022759793805
I33888.TW,Croatia,Croatia_LateAntiquity.TW,1550.0,0.8997974991798401,0.8160294274913782,-0.006122960453910574,-0.20548180324301252
I33890.TW,Croatia,Croatia_LateAntiquity.TW,1550.0,0.8593705296516418,0.8009059097813065,0.018920789943074005,-0.1946923155876902
I33893.TW,Croatia,Croatia_LateAntiquity_oLevant1.TW,1550.0,0.8708059191703796,0.8162055629829804,-0.04667304358798074,-0.19047269650926169
I34290.TW,Croatia,Croatia_LateAntiquity.TW,1550.0,0.1399717628955841,0.82148935429287,-0.042580726099411305,-0.21917864250787067
I34980.TW,Croatia,Croatia_EarlyMedieval.TW,784.0,0.9337865710258484,0.8066952907844046,0.037153020284953694,-0.22035781563807383
I35008.TW,Croatia,Croatia_EarlyMedieval.TW,825.0,0.9477248191833496,0.7804532558728415,-0.014037417658840338,-0.2417817320532532
I35009.TW,Croatia,Croatia_LateAntiquity.TW,1650.0,0.8615594506263733,0.8465645247551777,-0.002454976414071073,-0.2012570233148033
I35010.TW,Croatia,Croatia_EarlyMedieval.TW,825.0,0.932450830936432,0.8095483383543559,0.027225928353916715,-0.23034597672150595
I35012.TW,Croatia,Croatia_EarlyMedieval.TW,825.0,0.9160576462745668,0.823774153718297,0.01902038985138145,-0.22298536525363596
I35014.TW,Croatia,Croatia_EarlyMedieval.TW,825.0,0.3041979372501373,0.8053529352913007,0.0019329516745043049,-0.2199041773061227
I35080.TW,Croatia,Croatia_LateAntiquity.TW,1650.0,0.1197505593299865,0.8182987881615678,0.004863112006313631,-0.21608539427656157
I35081.TW,Croatia,Croatia_EarlyMedieval.TW,1190.0,0.9410800933837892,0.7925672808076992,0.03938600561242243,-0.20781205158414298
I35082.TW,Croatia,Croatia_LateAntiquity.TW,1650.0,0.314471960067749,0.8159841127114746,0.013911008141200476,-0.21682155593580899
I35095.TW,Croatia,Croatia_EarlyMedieval.TW,825.0,0.9307265877723694,0.7842067532330909,0.040636724215884976,-0.20835343241960905
I8134.AG,Spain,Spain_MLN.AG,6100.0,0.5699591040611267,-1.1471673714266848,-2.3302565941362112,0.058474733653295204
I10429.AG,Turkey,Turkey_Marmara_Ilipinar_Byzantine1.AG,1250.0,0.1908025294542312,1.4465231033287969,-0.6048430049520572,0.5500115353922428
I1072.AG,Israel,Israel_Natufian.AG,12700.0,0.4931464493274688,1.3888265172052536,-1.0182451269563888,0.9354084203053492
I1072_d.AG,Israel,Israel_Natufian_d.AG,12700.0,0.1201698631048202,1.4288494483139644,-1.023811515643692,0.954543168303358
I10944.AG,Italy,Italy_Sicily_Himera_480BCE_Sarmatian.AG,2430.0,0.5861414074897766,0.007822677417494579,-0.7173753692412252,0.19883517974198225
I10949.AG,Italy,Italy_Sicily_Himera_480BCE_NEurope.AG,2540.0,0.483537495136261,-0.052900519432094985,-0.6715426028307727,0.208327968215906
I11683.AG,Hungary,Hungary_EIA_Prescythian_Mezocsat.AG,2586.0,0.6794608235359192,1.6892750809167882,0.09319953230281335,-0.09813280739728354
I11843.AG,Croatia,Croatia_MBA_Cetina.AG,3550.0,0.3416054844856262,0.8089702161818606,-0.0037659515952506236,-0.20247432813042932
I11902.AG,Romania,Romania_C_Bodrogkeresztur.AG,6112.0,0.7895115613937378,1.275114241260032,0.416400719117948,0.24312031258372985
I11906.AG,Romania,Romania_C_Bodrogkeresztur.AG,5900.0,0.7085529565811157,1.3032209097125242,0.4423189265942401,0.19365099942241193
I11929.AG,Hungary,Hungary_MN_AVK.AG,7075.0,0.6612768769264221,1.7043619155521326,0.11257131864200667,-0.15458275378364078
I11933.AG,Hungary,Hungary_MN_AVK.AG,7075.0,0.7485638856887817,1.7212657828136115,-0.040952039776983085,-0.190173774941816
I11991.AG,UnitedKingdom,England_MIA_LIA.AG,2116.0,0.802702009677887,-1.5652437913306856,0.09417877301969575,-0.57954083062392
I11992.AG,UnitedKingdom,England_MIA_LIA.AG,2095.0,0.7823810577392578,-1.5004197200742349,0.05442774731267209,-0.5766291846944508
I12171.AG,Spain,Spain_EIA_Tartessian.AG,2608.0,0.3160575032234192,-1.1466229907678518,-2.3666714344116904,0.09005302390942319
I12220.AG,Italy,Italy_Sardinia_LateAntiquity.AG,1306.0,0.1943118125200271,-0.05964984095660963,-0.7440354443493067,0.20686599302085934
I12314.AG,UnitedKingdom,Scotland_N_lowEEF.AG,5551.0,0.5388888716697693,-1.446265167671623,0.08076476720226418,-0.5513767057444817
I12439.AG,UnitedKingdom,England_N_Megalithic.AG,5600.0,0.7659635543823242,-1.4888988565701295,-0.012592051545552183,-0.7041462704465808
I12610.AG,UnitedKingdom,England_EIA.AG,2586.0,0.0600950680673122,-1.5657789484367706,0.052336242809460455,-0.59708041671842
I12614.AG,UnitedKingdom,England_LBA.AG,2900.0,0.1203344985842704,-1.475190969509093,0.12113240256591613,-0.5967098092861981
I12624.AG,UnitedKingdom,England_LBA.AG,2800.0,0.2160772085189819,-1.499963533644544,0.026811954539407958,-0.6135646007358617
I1298_enhanced.AG,Bulgaria,Bulgaria_N.AG,7883.0,0.1946240663528442,1.3161753309139779,-0.3104760822750203,0.44737875930494353
I13128.AG,Italy,Italy_Sicily_IA_Sicani.AG,2586.0,0.2668025493621826,-0.07586410833437797,-0.7350893376403543,0.20572729666566286
I13162.AG,Serbia,Serbia_EN_Starcevo.AG,7962.0,0.7564688920974731,0.36307435055568715,0.12110346662250138,0.8131793895632439
I13170.AG,Montenegro,Montenegro_IA.AG,2550.0,0.739928126335144,2.5360049496000077,3.204464465687876,-13.838412098403367
I13428.AG,Greece,Greece_Kastrouli_BA.AG,3243.0,0.063380517065525,1.9232105194191103,-0.48923045124643905,-0.025506503748181922
I13506_d.AG,Greece,Greece_PalaceOfNestor_BA_father.or.son.I13518.AG,3085.0,0.2679266035556793,1.9164646169940147,-0.49798826534751234,-0.00829270941356746
I13514.AG,Greece,Greece_PalaceOfNestor_BA.AG,3165.0,0.7478704452514648,1.9185353307147626,-0.47155157043278195,0.024470165264097454
I13516.AG,Greece,Greece_PalaceOfNestor_BA.AG,3335.0,0.0692085176706314,1.9132411110039615,-0.47361642048982083,0.015263168896336998
I13517.AG,Greece,Greece_PalaceOfNestor_BA_1d.rel.I13510.AG,3278.0,0.7921481728553772,1.9451542635016674,-0.46667315807112536,-0.024316716605018163
I13517_d.AG,Greece,Greece_PalaceOfNestor_BA_1d.rel.I13510.AG,3278.0,0.3092449009418487,1.950545117694909,-0.48946861533286623,0.008887995759734061
I13518.AG,Greece,Greece_PalaceOfNestor_BA.AG,3085.0,0.8069233894348145,1.8944611426857572,-0.4915902261426167,-0.01911170891439467
I13577.AG,Greece,Greece_Kastrouli_BA.AG,3200.0,0.2454970031976699,1.9132190040695634,-0.47929855178756997,-0.011594039686703113
I13578.AG,Greece,Greece_Kastrouli_BA.AG,3262.0,0.1273952573537826,1.9339735577540467,-0.4881617019977544,-0.018519508727320767
I13579.AG,Greece,Greece_Kastrouli_BA.AG,3216.0,0.1804806590080261,1.8886591508551016,-0.4826666689413521,-0.002796942364943242
I13616.AG,UnitedKingdom,England_MIA_LIA.AG,2153.0,0.5241956114768982,-1.4745118121931642,0.12253409756263746,-0.5700020230469781
I13617.AG,UnitedKingdom,England_LBA_highEEF.AG,3086.0,0.4237652122974396,-1.4508763133564335,0.09822779046289394,-0.498691454139062
I13682.AG,UnitedKingdom,England_EIA.AG,2612.0,0.6367167234420776,-1.4819349210843014,0.052058968654366725,-0.6032944614154325
I13684.AG,UnitedKingdom,England_EIA.AG,2408.0,0.7639773488044739,-1.4802726349876267,0.11877287541979689,-0.6206289764873963
I13710.AG,UnitedKingdom,England_MBA.AG,3252.0,0.2039500027894973,-1.531395722815559,0.15844374634128963,-0.5907563363037255
I13716.AG,UnitedKingdom,England_MBA_highEEF.AG,3223.0,0.7311342358589172,-1.5703868260149403,0.1766221123361697,-0.6891594059085142
I13726.AG,UnitedKingdom,England_MIA_LIA.AG,2133.0,0.7151197791099548,-1.529690287793989,0.13771365474210095,-0.7279572948336129
I13833.AG,Albania,Albania_Barc_PostMedieval.AG,325.0,0.8669016361236572,2.000025245800795,-0.34822594641239674,-0.7347420287082913
I13834.AG,Albania,Albania_Barc_Medieval_o.AG,531.0,0.7581063508987427,1.9879240937306661,-0.37716384476096515,-0.7174977753889364
I13835.AG,Albania,Albania_Barc_PostMedieval.AG,246.0,0.851243257522583,1.9495484306602375,-0.361697389074939,-0.6933853116254391
I13893.AG,UnitedKingdom,England_N_Megalithic.AG,5517.0,0.7524470686912537,-1.4986087223239537,0.05090501834619375,-0.6273123331771603
I13896.AG,UnitedKingdom,England_N_Megalithic_sister.I21395.daughter.I30332.AG,5486.0,0.5565107464790344,-1.4444511883883806,0.002318233385864833,-0.59781495465196
I14158.AG,Romania,Romania_C_Bodrogkeresztur.AG,5900.0,0.5432635545730591,1.2650672492085557,0.4047944213154094,0.1831606864801191
I14200.AG,UnitedKingdom,England_BellBeaker_highEEF.AG,4328.0,0.1420479714870453,-1.4525011345950742,0.1195101183053433,-0.6232346070598687
I14379.AG,UnitedKingdom,England_LBA.AG,2801.0,0.5686265826225281,-1.5969664387370808,0.20594713272373158,-0.5161650106290832
I14481.AG,Czechia,Czechia_LBA_Knoviz.AG,2834.0,0.0760340690612793,-0.3721722126109537,0.04214467193454699,-0.14453402946112315
I14685.AG,Albania,Albania_Bardhoc_PostMedieval.AG,400.0,0.6509323120117188,1.9702997458334126,-0.3786207995995381,-0.6986164219473494
I14984.AG,Czechia,Czechia_IA_LaTene.AG,2270.0,0.6506808996200562,-0.3731867713364353,0.042684977457885596,-0.16704098071772114
I15462.AG,Croatia,Croatia_Medieval.AG,1216.0,0.7360765933990479,0.814608563113784,0.015103590702240188,-0.21216260294712455
I15538.AG,Serbia,Serbia_EarlyMedieval_Slavic_o.AG,1011.0,0.3004307448863983,0.37610236357940435,0.14142763210364492,0.8629432490084339
I15616.AG,Romania,Romania_C_Bodrogkeresztur.AG,5900.0,0.7058408856391907,1.3013097055742786,0.41908551988816595,0.18537117373480172
I15620.AG,Romania,Romania_C_Bodrogkeresztur.AG,5900.0,0.7646237015724182,1.2788750766354051,0.4453476670116181,0.22503440172021577
I1584.AG,Turkey,Turkey_Marmara_Barcin_Chalcolithic.AG,5770.0,0.5005916357040405,1.465148004111428,-0.6100049329903504,0.5381823711090531
I1584_enhanced.AG,Turkey,Turkey_Marmara_Barcin_Chalcolithic.AG,5770.0,0.8221567869186401,1.4463792413726366,-0.6070059342089464,0.5782484970754816
I16161.AG,Italy,Italy_Sardinia_MBA.AG,3434.0,0.5929750800132751,-0.1580375932236339,-0.7384016325045285,0.21152537531228535
I16170_enhanced.AG,Italy,Italy_Sardinia_MBA.AG,3337.0,0.7284189462661743,-0.16892489240558758,-0.7238186347108402,0.2245543660536109
I16405.AG,UnitedKingdom,Wales_MIA.AG,2250.0,0.7253848910331726,-1.4897287597682622,0.08783035736473128,-0.6098524251718387
I16448.AG,UnitedKingdom,Scotland_C_EBA_highEEF.AG,4175.0,0.4098707735538482,-1.5000750355936938,0.11559693788661048,-0.6195379845000947
I16453.AG,UnitedKingdom,England_IA.AG,2350.0,0.0558696463704109,-1.472612539559174,0.09970679818267389,-0.5728581165258022
I16469.AG,UnitedKingdom,England_LBA.AG,2945.0,0.3175514042377472,-1.4841489478205985,0.08733495413809604,-0.6301217337323504
I16475.AG,UnitedKingdom,Wales_MIA_LIA.AG,2226.0,0.186534121632576,-1.4957227488640417,0.013426412983987552,-0.5823817526707631
I16592.AG,UnitedKingdom,England_MIA.AG,2231.0,0.743480384349823,-1.515692947751165,0.1332150364591638,-0.641797785080763
I16600.AG,UnitedKingdom,England_EIA.AG,2396.0,0.2226537764072418,-1.5340632253594273,0.08998569160064067,-0.552820038414404
I16617.AG,UnitedKingdom,England_EIA.AG,2591.0,0.0741330385208129,-1.4781906464133456,0.1111090980583589,-0.6002372383644938
I16618.AG,UnitedKingdom,England_EIA.AG,2604.0,0.3831168115139007,-1.4685103306666067,0.10322336140272327,-0.5227470505096583
I17264.AG,UnitedKingdom,England_MIA_LIA.AG,2225.0,0.6871184706687927,-1.5320850010522606,0.060029437555716464,-0.6198202557920683
I17313.AG,Czechia,Czechia_Modern.AG,199.0,0.4821595549583435,-0.3547488697467114,0.03397098666152447,-0.19374798632232973
I17455.AG,Hungary,Hungary_MN_ALBK.AG,7200.0,0.5694863200187683,1.5995417432266397,0.07266050186661523,-0.11165825866598604
I17962.AG,Greece,Greece_Kastrouli_IA.AG,2594.0,0.4098018407821655,1.908145623935223,-0.46224052426698603,-0.010762599412509774
I18110.AG,Hungary,Hungary_IA_LaTene.AG,2200.0,0.5130741000175476,1.6095976775526892,0.11617281901152289,0.005550305175048516
I18111.AG,Slovakia,Slovakia_N_LBK_o.AG,7062.0,0.7402663230895996,1.1479723178722643,0.09109986808157798,-0.8304927313107642
I18113.AG,Romania,Romania_C_Bodrogkeresztur.AG,5900.0,0.3521163165569305,1.2579771784276403,0.41502909881419014,0.18748723720667276
I18114.AG,Romania,Romania_C_Bodrogkeresztur_brother.I15617.brother.I7135.AG,5900.0,0.7410092353820801,1.2677838017574175,0.42741421140991237,0.18560688136622977
I18115.AG,Romania,Romania_C_Bodrogkeresztur.AG,5900.0,0.792250394821167,1.261177402000546,0.4283548238470907,0.18735463135905253
I18116.AG,Romania,Romania_C_Bodrogkeresztur.AG,6128.0,0.7612093091011047,1.2038093963251835,0.37095232034533426,0.14920369246530002
I18117_d.AG,Romania,Romania_C_Bodrogkeresztur_possible_dup.I18154_1d.rel.I7137.AG,5900.0,0.1769843399524688,1.2759124834848758,0.39927605196496097,0.164750612075349
I18719.AG,Croatia,Croatia_MLBA_alt.AG,3100.0,0.7116550803184509,0.764997901114163,-0.0007902257423338506,-0.2002259432007615
I19017.AG,Croatia,Croatia_MBA_Cetina.AG,3550.0,0.0999802947044372,0.8334244279041856,0.0012920185169644932,-0.214977443634809
I19027.AG,Croatia,Croatia_MBA_Cetina.AG,3550.0,0.3286940157413482,0.8270117642748963,0.017543062116283408,-0.21932536660908655
I19220.AG,UnitedKingdom,England_EBA.AG,3759.0,0.1524225622415542,-1.4962681506309556,0.0997321421508704,-0.5692901833958658
I19451.AG,Bulgaria,Bulgaria_EBA.AG,4750.0,0.3033358156681061,1.2970913947463478,-0.28977488486878933,0.4273920498389899
I19481.AG,Bulgaria,Bulgaria_EIA.AG,2550.0,0.1660566478967666,1.3217374744573966,-0.29903171192096595,0.4287839612065545
I19493.AG,Bulgaria,Bulgaria_EIA.AG,2750.0,0.0646513849496841,1.35087435171844,-0.32118386549521105,0.4575217645733883
I19500.AG,Bulgaria,Bulgaria_LIA.AG,2200.0,0.3771939277648926,1.2963518181750062,-0.27867588352117584,0.4419412747993353
I19987.AG,Spain,Spain_LIA.AG,2025.0,0.2746986448764801,-1.1116874208354548,-2.4490730069735838,0.06681464714388952
I19991.AG,Spain,Spain_LIA.AG,2050.0,0.3419428765773773,-1.1567986275239743,-2.3613808601577886,0.06205256178011811
I20000.AG,Turkey,Turkey_Aegean_Mugla_Camandras_Dalagoz_Roman.AG,1726.0,0.7381552457809448,1.4431288465396157,-0.6109099058039508,0.5646494334408033
I20146.AG,Turkey,Turkey_Aegean_Mugla_Stratonikeia_Byzantine.AG,650.0,0.7759220600128174,1.487365938560082,-0.5741764209807901,0.5743905005863509
I20632.AG,UnitedKingdom,England_MIA_LIA_o.AG,2175.0,0.4044556021690368,-1.491636657539054,0.06623581535434868,-0.5983833186852592
I20749.AG,Hungary,Hungary_LBA_Halva.AG,3200.0,0.4705984592437744,1.662561260409602,0.06149612722664219,-0.0883999877798261
I20750.AG,Hungary,Hungary_MBA_Fuzesabony.AG,3900.0,0.4395679533481598,1.6631173649279731,0.10871856665091124,-0.04097332119171451
I20751.AG,Hungary,Hungary_LBA.AG,3200.0,0.7285811305046082,1.655287917624943,0.13254378036026898,-0.11652565363982335
I20752.AG,Hungary,Hungary_IA_LaTene.AG,2256.0,0.7875593900680542,1.6614644862862593,0.1774244648069231,-0.31258878816439095
I20818.TW,UnitedKingdom,England_N_Megalithic.TW,5545.0,0.6884517669677734,-1.563942764254984,0.04908095437545663,-0.5291592368649883
I2180.AG,Bulgaria,Bulgaria_EBA.AG,4959.0,0.7165260910987854,1.3302561719578254,-0.31032001022764955,0.4733351465455605
I2357.AG,Hungary,Hungary_MN_ALBK_Szakalhat.AG,7050.0,0.3357888460159302,1.6690862331171394,0.06472415643595927,-0.16652484440082688
I2446.AG,UnitedKingdom,England_BellBeaker_highWHG.AG,4215.0,0.424315869808197,-1.5054648380998084,0.14858638870354426,-0.6101223465855106
I2448.AG,UnitedKingdom,England_MBA.AG,3200.0,0.433877021074295,-1.429162308402772,0.059191713836963276,-0.5702235873933011
I2469.AG,Spain,Spain_LBA.AG,2826.0,0.1882737725973129,-1.123458448924981,-2.382585106701694,0.08578759880729517
I2470_enhanced.AG,Spain,Spain_MBA.AG,3275.0,0.7516360282897949,-1.1323323962517184,-2.4030888706576357,0.09627488374595433
I24884.AG,Austria,Austria_N_LBK.AG,6936.0,0.8638132810592651,0.6273174371428096,-0.6152188676363745,-0.20999792335215495
I24885.AG,Austria,Austria_N_LBK.AG,7071.0,0.7083688378334045,0.5917039181097231,-0.6658629689604132,-0.23308334147303109
I24891.AG,Austria,Austria_N_LBK.AG,6872.0,0.7084605097770691,0.6120548976510317,-0.6592661610944088,-0.20427642618404324
I24899.AG,Austria,Austria_N_LBK.AG,7071.0,0.5197885036468506,0.6159014575181642,-0.6225335994762499,-0.21683191882943698
I2500.AG,Turkey,Turkey_Marmara_Barcin_Chalcolithic_dup.I1584_do.not.merge.AG,5770.0,0.2728559970855713,1.4731260486803675,-0.6106066262129521,0.5499362319713695
I25334.AG,Austria,Austria_N_LBK.AG,7100.0,0.4331519603729248,0.6178822659786307,-0.6502372249065331,-0.21458446170826462
I2565.AG,UnitedKingdom,England_BellBeaker.AG,4237.0,0.0503157712519168,-1.512426294044202,0.13667229334511088,-0.6044249841589909
I2574.AG,UnitedKingdom,Wales_MBA.AG,3277.0,0.2725080847740173,-1.568115741406288,0.11316626039657983,-0.5464340913759899
I2598.AG,UnitedKingdom,England_C_EBA.AG,3998.0,0.1463253051042556,-1.4565149066131071,0.06410359004318539,-0.5872916812987343
I2611.AG,UnitedKingdom,England_N_o.AG,4939.0,0.2414491921663284,-1.4759198730813177,0.06598420096063051,-0.5665696091009315
I26714.AG,Croatia,Croatia_Roman_LateImperial.AG,1600.0,0.8141268491744995,0.8232010776491455,-0.006336071637508281,-0.22251707763339457
I26897.AG,Croatia,Croatia_LateAntiquity_oAegean.AG,1327.0,0.8184836506843567,0.8282222887060174,-0.012166774105128519,-0.20638528782995114
I27789.AG,Austria,Austria_N_LBK.AG,7100.0,0.1766015440225601,0.6396290201635785,-0.6508478346703809,-0.21089905108483553
I30293.TW,UnitedKingdom,England_N_Megalithic.TW,5575.0,0.9087479114532472,-1.53223734578104,0.07851786690515282,-0.5892756461868368
I30301.TW,UnitedKingdom,England_N_Megalithic.TW,5575.0,0.8248331546783447,-1.4939112160689927,0.05493760915436971,-0.5559030064664596
I30302.TW,UnitedKingdom,England_N_Megalithic_son.I12437.brother.I13888.I21393.TW,5575.0,0.586639404296875,-1.524966127879774,0.032256861523605934,-0.6160453153422203
I30304.TW,UnitedKingdom,England_N_Megalithic.TW,5600.0,0.1330059021711349,-1.451267929736306,0.039311089221865374,-0.6290623945169193
I30311.TW,UnitedKingdom,England_N_Megalithic_brother.I13891.TW,5575.0,0.4733575284481048,-1.4951043392232763,0.16716267754056757,-0.6546960830161016
I30334.TW,UnitedKingdom,England_N_Megalithic.TW,5575.0,0.9285611510276794,-1.5327539939427526,0.09890381903518437,-0.6268254042919549
I3141.AG,Ukraine,Ukraine_EBA_Yamnaya.AG,4850.0,0.0987807884812355,-0.0755651369630404,1.357525749017616,0.8037156168918396
I32301.TW,Serbia,Serbia_Medieval_Slav.TW,750.0,0.2543801367282867,0.3462050002199421,0.1441887312346426,0.8710142482673559
I3315.AG,Spain,Spain_Menorca_LBA_enhanced.AG,2809.0,0.6893041729927063,-1.1273957002161183,-2.375106287848151,0.0940601205160963
I33812.TW,Croatia,Croatia_LateAntiquity.TW,1550.0,0.657075822353363,0.7599553634462152,-0.0013715271566969386,-0.2059518787735755
I33891.TW,Croatia,Croatia_LateAntiquity.TW,1550.0,0.9410922527313232,0.8691660730540198,-0.012767337413760028,-0.24337203357964912
I34292.TW,Croatia,Croatia_LateAntiquity.TW,1550.0,0.9417362213134766,0.7447429450944961,-0.047431398382384665,-0.1829797401985342
I34294.TW,Croatia,Croatia_LateAntiquity.TW,1550.0,0.964865744113922,0.8293466910263857,0.008243458577923727,-0.2308175204016797
I34296.TW,Croatia,Croatia_LateAntiquity.TW,1550.0,0.9634643197059632,0.8608162025767331,-0.011681550599236434,-0.21006703579668298
I34297.TW,Croatia,Croatia_LateAntiquity.TW,1550.0,0.971380650997162,0.7438448268594554,-0.034161152577942853,-0.1957343882729504
I34299.TW,Croatia,Croatia_LateAntiquity.TW,1550.0,0.8887075781822205,0.8596121465726909,0.013718138219674226,-0.23563527206979754
I3878.AG,Italy,Italy_Sicily_LBA.AG,3216.0,0.7154547572135925,-0.08763835043694673,-0.6730870786677707,0.1826082971242799
I4188_enhanced.AG,Hungary,Hungary_MN_AVK_new.AG,7050.0,0.3572143912315368,1.6519758315226445,0.0520771710909198,-0.11859043244995168
I4556.AG,Spain,Spain_IA.AG,2550.0,0.2528278231620788,-1.1561128553284645,-2.355513859251625,0.08921567705033062
I4622.AG,Turkey,Turkey_Southeast_Sirnak_Chalcolithic_B.AG,5525.0,0.1955097019672393,1.453750467300402,-0.6090171068839992,0.5501911682477979
I4949_enhanced.AG,UnitedKingdom,England_N.AG,5417.0,0.0798629075288772,-1.4978784703665928,0.09215258786240789,-0.5751826126487899
I5243.AG,Serbia,Serbia_IronGates_MBA.AG,4306.0,0.7257847189903259,0.3000751949736984,0.1398895970941304,0.8634394920642487
I5395.AG,Turkey,Turkey_Marmara_Barcin_Chalcolithic_dup.I1584_do.not.merge.AG,5770.0,0.7686082720756531,1.4373607918557143,-0.576033994772556,0.6032153044112275
I5404.AG,Serbia,Serbia_IronGates_Medieval.AG,485.0,0.3270622491836548,0.283859917559717,0.14777414638742772,0.8494482441704264
I5432.AG,Turkey,Turkey_Marmara_Barcin_Chalcolithic_dup.I1584_do.not.merge.AG,5770.0,0.1984342485666275,1.4828212140349362,-0.5952474561511365,0.5728850805141384
I5504.AG,UnitedKingdom,England_EastYorkshire_Anglian.AG,1350.0,0.0542184077203273,-1.4956887329440371,0.033533479162321425,-0.5574907056234834
I5505.AG,UnitedKingdom,England_EastYorkshire_MIA.AG,2236.0,0.7579587697982788,-1.5477855915944194,0.09810122331813081,-0.587815118191263
I5655.AG,Germany,Germany_BellBeaker.AG,4200.0,0.0640098676085472,-0.390764739490269,-0.22478328528081631,0.08959844755811619
I5657.AG,Germany,Germany_BellBeaker_1d.rel.I5658.AG,4200.0,0.1005869358777999,-0.469780796969465,-0.16086160814846504,-0.03115348109806031
I5660.AG,Germany,Germany_BellBeaker_1d.rel.I6624.AG,4200.0,0.1039259135723114,-0.3410366077709631,-0.15781964409186525,0.1211202754700426
I5661.AG,Germany,Germany_BellBeaker.AG,4200.0,0.1351421326398849,-0.35259029689329663,-0.2405485503801157,0.08017727967377052
I5689.AG,Slovenia,Slovenia_EIA.AG,2540.0,0.801144003868103,3.927216344583823,-0.6167576771556617,0.6013815026741984
I5690.AG,Slovenia,Slovenia_EIA.AG,2574.0,0.8175072073936462,3.917136438435768,-0.6297219416244066,0.5872659720103927
I5695.AG,Slovenia,Slovenia_MBA.AG,3296.0,0.8098276257514954,3.9240246866622175,-0.6244980280869233,0.5907601573956248
I5696.AG,Slovenia,Slovenia_MIA_oSouth.AG,2272.0,0.8028690814971924,3.9331229217098778,-0.6276242586515025,0.601788674585393
I5697.AG,Slovenia,Slovenia_LBA.AG,2799.0,0.7849414348602295,3.922434203283833,-0.624547404817617,0.593137219463933
I5698.AG,Slovenia,Slovenia_EIA.AG,2593.0,0.7947028875350952,3.947321907029218,-0.6280650629008574,0.6064411684038707
I5744.AG,Turkey,Turkey_BlackSea_Amasya_EBA.AG,4700.0,0.3452737331390381,1.4660692324236846,-0.5909612901812414,0.5555832963994587
I6912.AG,Austria,Austria_N_LBK_oHG.AG,7088.0,0.0776074528694152,0.6159116012548281,-0.6451141262200198,-0.2166415366051187
I7629.AG,UnitedKingdom,England_LBA.AG,3015.0,0.6322245001792908,-1.517885878365979,0.2186492064491298,-0.6175484569417328
I7964.AG,Czechia,Czechia_EBA_Unetice.AG,3950.0,0.7800720930099487,-0.3880942525036098,0.03964970428886062,-0.15125238189790455
I8368.AG,Turkey,Turkey_Marmara_Iznik_Basilica_Roman_Byzantine_A.AG,1350.0,0.2305531203746795,1.4705055916767602,-0.5860807724401118,0.5576671229672128
I8370.AG,Turkey,Turkey_Marmara_Iznik_Basilica_Roman_Byzantine_A.AG,1350.0,0.4756186604499817,1.4488345389841337,-0.6129762675440116,0.5478704123778612
I8373.AG,Turkey,Turkey_Marmara_Iznik_Basilica_Roman_Byzantine_A.AG,1350.0,0.5567248463630676,1.5095402934742863,-0.5711035296225312,0.547691137667935
I8432.AG,Turkey,Turkey_Southeast_Mardin_PPN.AG,10700.0,0.1373132318258285,1.459698843999075,-0.6124445519835087,0.5487124180524561
I8582.AG,UnitedKingdom,IsleofMan_EBA_lowsteppe.AG,4025.0,0.086445152759552,-1.5267903104542253,0.07414901576456505,-0.6043978524814375
I21275.AG,UnitedKingdom,England_MIA.AG,2231.0,0.7360401153564453,-1.536424386355022,0.07025909715483666,-0.6243488413230924
I21276.AG,UnitedKingdom,England_MIA.AG,2229.0,0.6527068018913269,-1.561840352733884,0.09610040046127606,-0.6461084120711761
EAS003.SG,UnitedKingdom,England_Saxon_oAfrica.SG,1200.0,0.6270720362663269,-1.289553067984786,-0.011421090818653576,-0.5532844845954495
SED016.SG,UnitedKingdom,England_Saxon_oIran.SG,1200.0,0.3437409102916717,-1.5275595985240418,0.1012499649620548,-0.6126105410558922
EAS001.SG,UnitedKingdom,England_Saxon.SG,1200.0,0.788153886795044,-1.571880000580713,0.11421282059880364,-0.5967292893449868
EAS002.SG,UnitedKingdom,England_Saxon.SG,1200.0,0.362213522195816,-1.480580733589064,0.03906269350123859,-0.6012623756140109
EAS004.SG,UnitedKingdom,England_Saxon.SG,1200.0,0.3234848380088806,-1.5173487536850774,0.12266470980686958,-0.5819119966659954
ELY001.SG,UnitedKingdom,England_Saxon.SG,1200.0,0.3236502707004547,-1.499383710704726,0.1193918070042585,-0.5083347146845001
ELY002.SG,UnitedKingdom,England_Saxon.SG,1200.0,0.8131601214408875,-1.5676197645133165,0.13712095675588357,-0.6378396441214914
ELY003.SG,UnitedKingdom,England_Saxon.SG,1200.0,0.4352687299251556,-1.4740119173040918,0.09231741277238344,-0.5637173106868294
ELY004.SG,UnitedKingdom,England_Saxon.SG,1200.0,0.209413856267929,-1.5042550179165857,0.109820663983372,-0.5848456765572596
ELY005.SG,UnitedKingdom,England_Saxon.SG,1200.0,0.8834472894668579,-1.5055305401289925,0.08864124997108214,-0.5645277118012264
ELY006.SG,UnitedKingdom,England_Saxon.SG,1200.0,0.4112843871116638,-1.61416076038899,0.17336162498637192,-0.6326900022888128
HAD001.SG,UnitedKingdom,England_Saxon.SG,1200.0,0.8700557351112366,-1.434350418344325,0.058912512616033856,-0.5517100524182164
HAD002.SG,UnitedKingdom,England_Saxon.SG,1200.0,0.8463130593299866,-1.5300475762776884,0.1629894509305877,-0.6195039676581038
HAD003.SG,UnitedKingdom,England_Saxon.SG,1200.0,0.3612711429595947,-1.5008711109883799,0.07870213984069885,-0.5962745404268714
HAD004.SG,UnitedKingdom,England_Saxon.SG,1200.0,0.5787513852119446,-1.4592837244190804,0.15701664612579447,-0.6133140260986005
HAD005.SG,UnitedKingdom,England_Saxon.SG,1200.0,0.8703501224517822,-1.465105937008963,0.12455391225125897,-0.5876508404510267
HAD006.SG,UnitedKingdom,England_Saxon.SG,1200.0,0.120022252202034,-1.466535319649267,0.07277746537017754,-0.5950851256774541
HAD007.SG,UnitedKingdom,England_Saxon.SG,1200.0,0.4127555787563324,-1.51385957655225,0.12347419234129367,-0.6330101890650282
HAD008.SG,UnitedKingdom,England_Saxon.SG,1200.0,0.5814642906188965,-1.4775953619017654,0.15581031077707388,-0.5919676895085634
HAD010.SG,UnitedKingdom,England_Saxon.SG,1200.0,0.6421375870704651,-1.572041646831589,0.09373924201338427,-0.6053757416291348
HAD013.SG,UnitedKingdom,England_Saxon.SG,1200.0,0.6251669526100159,-1.4608049773652112,0.096980551868595,-0.5580027406359587
HAD015.SG,UnitedKingdom,England_Saxon.SG,1200.0,0.6305667757987976,-1.544744497630121,0.13095907355403574,-0.5931929304500358
OAI001.SG,UnitedKingdom,England_Saxon.SG,1200.0,0.5391443371772766,-1.4817006599566687,0.10579916642890404,-0.582237012911207
OAI002.SG,UnitedKingdom,England_Saxon.SG,1200.0,0.2827374935150146,-1.5593677532135426,0.09735075670583214,-0.628500172460864
OAI003.SG,UnitedKingdom,England_Saxon.SG,1450.0,0.5437712073326111,-1.5291779526590463,0.12619596436758124,-0.5949312789282659
OAI004.SG,UnitedKingdom,England_Saxon.SG,1450.0,0.9075459837913512,-1.4872509090093027,0.13766556175456418,-0.6211563196864444
OAI005.SG,UnitedKingdom,England_Saxon.SG,1200.0,0.8681505918502808,-1.4799296621165785,0.0659152818032674,-0.6169916938113544
OAI006.SG,UnitedKingdom,England_Saxon.SG,1200.0,0.3889934718608856,-1.4887732332229642,0.1751387002201184,-0.5833540806004096
OAI007.SG,UnitedKingdom,England_Saxon.SG,1450.0,0.8325921893119812,-1.5034068718012157,0.1040865393598276,-0.6162567144332037
POH001.SG,UnitedKingdom,England_Saxon.SG,1200.0,0.3032328188419342,-1.5105724069662712,0.12936410105751986,-0.5531926853305754
POH002.SG,UnitedKingdom,England_Saxon.SG,1200.0,0.4328226745128631,-1.5368295600772246,0.0912987906974587,-0.5851797796386328
POH006.SG,UnitedKingdom,England_Saxon.SG,1200.0,0.2907690405845642,-1.44791689054803,0.15427975825240678,-0.6033965800231972
SED003.SG,UnitedKingdom,England_Saxon.SG,1200.0,0.385905921459198,-1.519125616089142,0.14412507652127304,-0.5869254150622291
SED005.SG,UnitedKingdom,England_Saxon.SG,1200.0,0.5824885964393616,-1.5237655015533387,0.05155603772263729,-0.664101848296987
SED008.SG,UnitedKingdom,England_Saxon.SG,1200.0,0.471044510602951,-1.4801448486537863,0.04487336367831126,-0.5857737998219038
SED009.SG,UnitedKingdom,England_Saxon.SG,1200.0,0.3843568563461303,-1.4859883080422436,0.1378238853865852,-0.5632459333436085
SED010.SG,UnitedKingdom,England_Saxon.SG,1200.0,0.316117525100708,-1.5390825003313702,0.058625678342573755,-0.5744155354500118
SED017.SG,UnitedKingdom,England_Saxon.SG,1200.0,0.386085957288742,-1.4974915331983603,0.15653199241777443,-0.6292159217356647
I9006.AG,Greece,Greece_Salamis_BA.AG,3283.0,0.2944819033145904,1.9274714211800317,-0.4643033709737967,-0.020719807093630135
I9010.AG,Greece,Greece_Galatas_BA.AG,3250.0,0.1974577754735946,1.939862518847614,-0.4892851262085395,0.0004051522517844621
I9041.AG,Greece,Greece_Galatas_BA.AG,3250.0,0.3410012722015381,1.9111341263781343,-0.4884043067699945,-0.02845306017929159
I9033.AG,Greece,Greece_Peristeria_BA.AG,3296.0,0.2028948664665222,1.9261794645186627,-0.4860184017955674,-0.007048693158435837
I9005.AG,Greece,Greece_Crete_HgCharalambos_EMBA.AG,4000.0,0.3177817165851593,1.9119324253793795,-0.47984062568428887,0.0022764413535261247
I9129.AG,Greece,Greece_Crete_Odigitria_BA.AG,3895.0,0.0538923740386962,1.917555156723671,-0.4845914845062243,-0.007808341451825676
I9130.AG,Greece,Greece_Crete_Odigitria_BA.AG,3895.0,0.076255477964878,1.920921145329632,-0.4742019780813048,0.02266673850193984
I9131.AG,Greece,Greece_Crete_Odigitria_BA.AG,3895.0,0.0817047357559204,1.916090750336293,-0.4716818025020586,-0.009806115684808214
I2158.AG,Italy,Italy_Epigravettian.AG,12000.0,0.0518632009625434,-0.0653639887533836,-0.7276398335747646,0.19530636480987004
RIP001.SG,Italy,Italy_Epigravettian.SG,16736.0,0.1509278416633606,-0.1415103596921116,-0.6882790641800507,0.2187507648572466
OSS002.B0101.AG,Russia,Russia_Maikop.AG,5711.0,0.0564089752733707,-0.07656787820597308,0.6774216027577523,-0.10281372273924376
MK5005.C0101.AG,Russia,Russia_Steppe_Maikop_o2.AG,5450.0,0.1334681808948516,-0.14145575716179262,0.6993148191364891,-0.09952645222211991
Vindija_snpAD.DG,Croatia,Vindija_Neanderthal.DG,50000.0,0.8956815600395203,0.5732380705054587,-0.05636946888013516,-0.12926892193705042
JAG34.SG,Croatia,Croatia_Jagodnjak_MBA.SG,3715.0,0.7613925933837891,0.7651638364416522,0.05558153744826076,-0.17527830847981737
JAG58.SG,Croatia,Croatia_Jagodnjak_MBA.SG,3650.0,0.6217306852340698,0.7771463584415523,-0.000716794583716168,-0.19622658731212014
JAG78.SG,Croatia,Croatia_Jagodnjak_MBA.SG,3650.0,0.7631833553314209,0.7444172506926747,0.024765961868883173,-0.21588816148587225
JAG82.SG,Croatia,Croatia_Jagodnjak_MBA.SG,3650.0,0.7164855599403381,0.7594344150333091,0.04277857207861794,-0.208350038268605
JAG85.SG,Croatia,Croatia_Jagodnjak_MBA.SG,3650.0,0.5983172655105591,0.784985036966467,-0.006392620482615136,-0.19088839542071948
JAG93.SG,Croatia,Croatia_Jagodnjak_MBA.SG,3650.0,0.6610368490219116,0.7914667922828177,0.044774437242487516,-0.2022892776806733
POP02.SG,Croatia,Croatia_Popova_MN.SG,6450.0,0.7022375464439392,0.8203205210834982,0.055731057877708316,-0.18990091276675647
POP04.SG,Croatia,Croatia_Popova_MN.SG,6450.0,0.7280750274658203,0.8164015047179143,-0.027689026237497746,-0.22526416276965672
POP05.SG,Croatia,Croatia_Popova_MN.SG,6450.0,0.6438788771629333,0.791742957281989,0.00782597034688305,-0.20524834011583398
POP06.SG,Croatia,Croatia_Popova_MN.SG,6450.0,0.7777582406997681,0.8005241860422962,-0.011375261933220079,-0.2019594934042037
POP07.SG,Croatia,Croatia_Popova_MN.SG,6635.0,0.7066130042076111,0.7638805957290217,0.07108595868913258,-0.2121903435029899
POP08.SG,Croatia,Croatia_Popova_MN.SG,6450.0,0.654941976070404,0.7983070564298133,0.008499480949540634,-0.20838832147631847
POP09.SG,Croatia,Croatia_Popova_MN.SG,6450.0,0.7093339562416077,0.8070422713179694,0.022245400978690502,-0.19944174690621208
POP12.SG,Croatia,Croatia_Popova_MN.SG,6450.0,0.6902944445610046,0.7755703275356046,0.007241794439898412,-0.1958016005728908
POP13.SG,Croatia,Croatia_Popova_MN.SG,6450.0,0.6507733464241028,0.8254472583505712,0.06496005202706426,-0.20414991025387286
POP14.SG,Croatia,Croatia_Popova_MN.SG,6488.0,0.7507666349411011,0.795844231704311,0.026130218856503015,-0.1727466898540437
POP16.SG,Croatia,Croatia_Popova_MN.SG,6450.0,0.6735574007034302,0.8122394413025866,0.040291843670845304,-0.1928233856220541
POP19.SG,Croatia,Croatia_Popova_MN.SG,6450.0,0.7187077403068542,0.8123897598339397,0.020962454212311927,-0.20099142774335155
POP23.SG,Croatia,Croatia_Popova_RomanP.SG,1586.0,0.7996614575386047,0.797064729197141,0.04521847896066052,-0.2122223330507097
POP24.SG,Croatia,Croatia_Popova_MN.SG,6450.0,0.6476768851280212,0.7824842628066219,0.04503784234838174,-0.20255916299764132
POP27.SG,Croatia,Croatia_Popova_MN.SG,6450.0,0.6825377941131592,0.8134204929724254,0.03409129638070471,-0.20667670314894526
POP33.SG,Croatia,Croatia_Popova_MN.SG,6324.0,0.5777449011802673,0.8067716892293644,0.007370519827466682,-0.20046150737220295
POP36.SG,Croatia,Croatia_Popova_MN.SG,6450.0,0.6185563206672668,0.803506673469764,-0.0038170599100737592,-0.1910254262256395
POP39.SG,Croatia,Croatia_Popova_CA.SG,4626.0,0.8121917843818665,0.7930268283645889,0.012821627334971242,-0.21920743748115343
T21.SG,Italy,Italy_CasalBertone_RomanImperial.SG,1800.0,0.2213683128356933,-0.08828652620674635,-0.7412668009986919,0.20451712409856054
F4_I.SG,Italy,Italy_CasalBertone_RomanImperial.SG,1800.0,0.2498383969068527,-0.08701033850795424,-0.754077054495631,0.20216990159339335
T46.SG,Italy,Italy_CasalBertone_RomanImperial.SG,1800.0,0.1536374688148498,-0.07136927299148628,-0.6764975961463502,0.1949537779740942
VLASA32.SG,Serbia,Serbia_IronGates_Mesolithic.SG,10223.0,0.9982165694236756,0.34519308656173325,0.14570087071947033,0.8452570589482882
VLASA7.SG,Serbia,Serbia_IronGates_Mesolithic.SG,9170.0,0.99858558177948,0.3757450426267241,0.15805455314447725,0.8407364404198902
CE003.SG,UnitedKingdom,England_Derbyshire_IA.SG,2553.0,0.2335798591375351,-1.5094292718362983,0.05455649384985204,-0.625095011254115
KD001.SG,UnitedKingdom,Scotland_BlackIsle_IA.SG,1381.0,0.5320616960525513,-1.4727930314415922,0.08007053973663719,-0.6482575119075947
KD003.SG,UnitedKingdom,England_NorthYorkshire_EBA.SG,3800.0,0.1318801939487457,-1.4887505894948152,0.13314040337653632,-0.583479970294267
KD004.SG,UnitedKingdom,Scotland_Orkney_IA.SG,2062.0,0.2869385778903961,-1.4737047166325914,0.11553435699346667,-0.5754729047854817
KD005.SG,UnitedKingdom,Scotland_Skye_IA.SG,1844.0,0.2274282574653625,-1.4692030070782751,0.14538435883827486,-0.6416105917946796
KD006.SG,UnitedKingdom,Scotland_Orkney_MBA.SG,3504.0,0.0939560234546661,-1.47297950068581,0.15033414421242383,-0.6039431367885962
KD026.SG,UnitedKingdom,Scotland_Skye_N.SG,5200.0,0.3034988343715668,-1.468599755864086,0.04688862830819589,-0.5653327860922657
KD040.SG,UnitedKingdom,England_NorthYorkshire_EBA.SG,3800.0,0.0870915427803993,-1.4844074194668126,0.06117521273671587,-0.6300606577242761
KD041.SG,UnitedKingdom,England_NorthYorkshire_EBA.SG,3800.0,0.1224958673119545,-1.4528934339157342,0.07219125028746598,-0.5858408379549055
KD043.SG,UnitedKingdom,Scotland_Orkney_IA.SG,1826.0,0.1415994763374328,-1.5169509442060165,0.0702784519877154,-0.5881993661932785
KD044.SG,UnitedKingdom,Scotland_Orkney_MBA.SG,3425.0,0.10789505392313,-1.5088407529372292,0.1396493946721575,-0.6380466536699657
KD045.SG,UnitedKingdom,Scotland_Orkney_MBA.SG,3425.0,0.0764168724417686,-1.4928277158795167,0.0763867731170965,-0.5781704723379683
KD047.SG,UnitedKingdom,Scotland_Orkney_MBA.SG,3381.0,0.1655627340078354,-1.4988328926917858,0.07188147943819821,-0.5900032363714136
KD049.SG,UnitedKingdom,Scotland_Orkney_MBA.SG,3425.0,0.4448898732662201,-1.450958785980263,0.08216163351589789,-0.57145485018966
KD050_65.SG,UnitedKingdom,Scotland_Orkney_MBA.SG,3454.0,0.1033290028572082,-1.4922468102202,0.08833155731036278,-0.5755819381085755
KD057.SG,UnitedKingdom,Scotland_Orkney_MBA.SG,3425.0,0.1291381418704986,-1.5786881405776303,0.1149950174516989,-0.600267681246369
KD059.SG,UnitedKingdom,Scotland_Orkney_MBA.SG,3500.0,0.1104230061173439,-1.4358361256328669,0.09208217373320211,-0.5835290881352224
KD060.SG,UnitedKingdom,Scotland_Orkney_MBA.SG,3425.0,0.3515510261058807,-1.5232457745199517,0.15628449100036615,-0.6105874931472013
KD061.SG,UnitedKingdom,Scotland_Orkney_MBA.SG,3425.0,0.4094701409339905,-1.5621296810600023,0.08502049059829572,-0.5737591230319838
KD063.SG,UnitedKingdom,Scotland_Orkney_MBA.SG,3425.0,0.1195283457636833,-1.5431532559042247,0.0762798713347792,-0.6092645139010436
KD064.SG,UnitedKingdom,Scotland_Orkney_MBA.SG,3425.0,0.5732648372650146,-1.5292687375231264,0.06775355232621501,-0.5894066351928302
KD067.SG,UnitedKingdom,Scotland_Orkney_MBA.SG,3425.0,0.1089023426175117,-1.544253615053889,0.09332214850506136,-0.5319561100712351
KD070.SG,UnitedKingdom,England_Northumberland_EBA.SG,4306.0,0.1582027077674865,-1.4566460555260141,0.09007772979901495,-0.5390125307910857
KD073.SG,UnitedKingdom,Scotland_Shetland_IA.SG,1642.0,0.0624413527548313,-1.537707622636853,0.10140854135593218,-0.5995012903165499
VERT107.SG,Ukraine,Ukraine_Eneolithic_Trypillia.SG,5600.0,0.7078514099121094,-0.05467065374623828,1.394914848819536,0.8307677031669005
VERT028.SG,Ukraine,Ukraine_Eneolithic_Trypillia.SG,5600.0,0.6663952469825745,-0.07990443472535236,1.3760190323180195,0.7898642652771632
VERT029.SG,Ukraine,Ukraine_Eneolithic_Trypillia.SG,5600.0,0.743985652923584,-0.08507096035634515,1.4021019697461097,0.817377043666151
VERT031.SG,Ukraine,Ukraine_Eneolithic_Trypillia.SG,5646.0,0.6339503526687622,-0.05390277060635134,1.3798560955275914,0.8235130210599296
VERT033.SG,Ukraine,Ukraine_Eneolithic_Trypillia.SG,5600.0,0.461446076631546,-0.05169128880097791,1.3832473430474497,0.8210914913958934
I13837.AG,Albania,Albania_Barc_PostMedieval_daughter.or.mother.I13835.AG,388.0,0.8327406048774719,1.9598372250987761,-0.3557228668691675,-0.7156657593149403
I17633.AG,Albania,Albania_Cinamak_IA_o_1d.rel.I16256.AG,2512.0,0.0676473006606102,1.969695239425288,-0.3485920841345956,-0.7418698454157486
wes003.SG,Sweden,Sweden_north_Medieval.SG,811.0,0.6619986891746521,-0.9089894425912102,2.503974029976398,0.8727335923575944
wes004.SG,Sweden,Sweden_north_Medieval.SG,811.0,0.9977745413780212,-1.013174259113075,2.4702467202764744,0.8506465492631852
snb017.SG,Sweden,Sweden_south_Pre_Viking.SG,1475.0,0.2036158591508865,-0.9122140145001459,2.4331487925599617,0.8035887938720859
snb018.SG,Sweden,Sweden_south_Pre_Viking.SG,1475.0,0.5937488079071045,-0.9168906169431968,2.452988854277816,0.8571592572804628
kro004.SG,Sweden,Sweden_south_Post_Medieval.SG,274.0,0.2668617367744446,-0.9488149237198495,2.4324493507483838,0.8304834159087547
wes005.SG,Sweden,Sweden_north_Medieval.SG,811.0,0.941369652748108,-0.9928461540106388,2.608873710262482,0.8131695747761557
wes007.SG,Sweden,Sweden_north_Medieval.SG,738.0,0.9983958005905152,-0.960058850202934,2.4575088600447823,0.8368456199675268
gam872.SG,Sweden,Sweden_central_Late_Viking.SG,925.0,0.9987526535987854,-1.0348028772258766,2.400460355954902,0.8727154395520854
kro010.SG,Sweden,Sweden_south_Post_Medieval.SG,274.0,0.2507354021072387,-0.9100094841025382,2.4364533086985176,0.8546516418289998
kro011.SG,Sweden,Sweden_south_Post_Medieval.SG,274.0,0.523288905620575,-0.9122234071126594,2.4514982423611724,0.8031311344885341
kvi001.SG,Sweden,Gotland_Viking.SG,1025.0,0.606617271900177,-0.9509725373987267,2.431327658823656,0.8713630678432633
vls696.SG,Sweden,Sweden_central_Late_Viking.SG,856.0,0.315858781337738,-0.9106758856881924,2.422598915074655,0.8360807813058563
wes001.SG,Sweden,Sweden_north_Medieval.SG,811.0,0.565740168094635,-0.9202370676236425,2.4974334369628983,0.84878846860561
ven001_viking.SG,Sweden,Sweden_central_PreViking.SG,1360.0,0.2736946046352386,-0.9317942691145973,2.459476630270547,0.8476581543165166
als010.SG,Sweden,Sweden_central_Late_Viking.SG,975.0,0.2126709073781967,-0.9264806885731361,2.513828165267826,0.8829378124788486
als015.SG,Sweden,Sweden_central_Late_Viking.SG,1100.0,0.2055752873420715,-0.9137091116367654,2.4691164350437558,0.8464837082315716
ful001.SG,Sweden,Sweden_central_Pre_Viking.SG,1637.0,0.0762173607945442,-0.9251223317285404,2.4082675951343813,0.8139621137426658
kro001.SG,Sweden,Sweden_south_Post_Medieval.SG,274.0,0.300573468208313,-0.9251896516156255,2.4699512488953026,0.858062403078897
kro002.SG,Sweden,Sweden_south_Post_Medieval.SG,274.0,0.1407941430807113,-0.9189301650318444,2.45275518949934,0.887870576144338
kro012.SG,Sweden,Sweden_south_Post_Medieval.SG,274.0,0.279203861951828,-0.9097870453869543,2.5169608204668363,0.8214966071376115
kro013.SG,Sweden,Sweden_south_Post_Medieval.SG,274.0,0.9784762859344482,-0.9309980719621943,2.6153720101730498,0.7958351831496346
gor164.SG,Sweden,Sweden_central_Late_Viking.SG,900.0,0.9904193878173828,-0.9629984706300082,2.496601861864001,0.7849817333365217
gor358.SG,Sweden,Sweden_central_Late_Viking.SG,975.0,0.0889933854341507,-0.9214207730447365,2.4599372289584824,0.8367181303576806
rtp001.SG,Sweden,Sweden_north_Pre_Viking.SG,1475.0,0.5225329995155334,-0.9161324160928191,2.4449326473000124,0.8650119789395979
rtp003.SG,Sweden,Sweden_north_Pre_Viking.SG,1475.0,0.9689135551452636,-0.9829238273546118,2.3728897151995856,0.7538114166714758
lov001.SG,Sweden,Sweden_central_Pre_Viking.SG,1453.0,0.7139641046524048,-0.907720545819029,2.407972615438817,0.827843302283684
kro008_viking.SG,Sweden,Sweden_South_Post_Medieval.SG,274.0,0.2787602543830871,-0.9005011008704882,2.425833194563576,0.9127356342156012
kro009_viking.SG,Sweden,Sweden_South_Post_Medieval.SG,274.0,0.4313117563724518,-0.9204872896775277,2.4473608009383145,0.8624481349321497
snb010.SG,Sweden,Sweden_south_Pre_Viking.SG,1475.0,0.9111534357070924,-0.9439345695225757,2.4167934022661,0.8382680766680817
snb012.SG,Sweden,Sweden_south_Pre_Viking.SG,1475.0,0.8785609006881714,-0.9358256498658643,2.4232538670069865,0.8229010060147297
bro100.SG,Sweden,Sweden_central_Late_Viking.SG,975.0,0.3197614252567291,-0.9770469076149432,2.469539240649242,0.8688626600639594
snb019.SG,Sweden,Sweden_south_Pre_Viking.SG,1475.0,0.95543110370636,-0.9680108131599096,2.4546800719544755,0.7147498804710971
stg018.SG,Sweden,Sweden_central_Late_Viking.SG,989.0,0.7117045521736145,-0.942336836797098,2.4971402919257133,0.8261133710217814
enb508.SG,Sweden,Sweden_central_Late_Viking.SG,925.0,0.9701000452041626,-1.0002310535739063,2.473708204894078,0.7962628240183284
snb013.SG,Sweden,Sweden_south_Pre_Viking.SG,1475.0,0.5802152752876282,-0.8945341087579703,2.4735589529776805,0.8475184557550925
snb014.SG,Sweden,Sweden_south_Pre_Viking.SG,1475.0,0.978752076625824,-0.9534211857027852,2.4329042241713132,0.6827801676631123
kro014.SG,Sweden,Sweden_south_Post_Medieval.SG,274.0,0.1921772062778473,-0.961889483477762,2.506304003407453,0.8719275462649915
kro015.SG,Sweden,Sweden_south_Post_Medieval.SG,274.0,0.2841462194919586,-0.9268034767724987,2.4218560262936935,0.8622603484408006
wes008.SG,Sweden,Sweden_north_Medieval.SG,811.0,0.5623833537101746,-0.9357252038722221,2.4282885342875797,0.8535194900025296
als001.SG,Sweden,Sweden_central_Pre_Viking.SG,1363.0,0.8723500967025757,-0.9074746434965715,2.354818313566683,0.7961230142898593
als007.SG,Sweden,Sweden_central_Late_Viking.SG,975.0,0.2088785767555236,-0.8407972894412542,2.456319191250422,0.7933954401666794
sal002.SG,Sweden,Sweden_central_Late_Viking.SG,975.0,0.9727302193641664,-1.0397771720396178,2.4599551426045423,0.8269174832512245
kro008.SG,Greece,Greece_Crete_Krousonas_LBA.SG,3143.0,0.1660680025815963,1.8942522833881292,-0.46025994387163566,-0.02079751801126482
kro009.SG,Greece,Greece_Crete_Krousonas_LBA.SG,3135.0,0.467062383890152,1.899574231782067,-0.44059310686881537,-0.03157300782634541
XAN003-007.AG,Greece,Greece_Crete_Chania_LBA.AG,3250.0,0.1955486238002777,1.8895437452175468,-0.5071234772156634,-0.01718863281138702
I3758_noDNU.AG,Spain,Spain_IA_Celt.AG,2226.0,0.7311050295829773,-1.1413545232945257,-2.37650941881825,0.09113433472850141
I6767_alt.AG,UnitedKingdom,England_Mesolithic.AG,10280.0,0.754246711730957,-1.2793879783165354,0.029040930417940317,-0.4460888715667467
I2484.TW,Austria,Austria_Gravettian_twin.I2483.TW,30200.0,0.296588122844696,0.5897151313996188,-0.626267002228566,-0.19740437042272888
I13890.AG,UnitedKingdom,England_N_Megalithic.AG,5600.0,0.6935482621192932,-1.4973698608813326,0.016243508126346663,-0.6755519542940377
I13890.AG.TW,UnitedKingdom,England_N_Megalithic.AG.TW,5600.0,0.6958450675010681,-1.4871412838254865,0.0304787091866832,-0.6234639744775179
I13891.TW,UnitedKingdom,England_N_Megalithic.TW,5526.0,0.1090880632400512,-1.5149661765918607,0.033620871531633484,-0.5865384861945363
I13891.AG,UnitedKingdom,England_N_Megalithic.AG,5526.0,0.5869864821434021,-1.4765506370976813,0.02377682659558819,-0.5963403962237303
I13891.AG.TW,UnitedKingdom,England_N_Megalithic.AG.TW,5526.0,0.6190388798713684,-1.5626978236521274,-0.05901708026769273,-0.6135632458853141
I13897.AG,UnitedKingdom,England_N_Megalithic.AG,5600.0,0.6815345883369446,-1.526338122744518,-0.011384238299153058,-0.7546524207556411
I13897.AG.TW,UnitedKingdom,England_N_Megalithic.AG.TW,5600.0,0.6835653781890869,-1.5589083102513313,0.01986179482211345,-0.728120007477546
I13898.TW,UnitedKingdom,England_N_Megalithic_son.I30334.TW,5569.0,0.6189926862716675,-1.5127720279518462,0.08327090712083189,-0.5661754792477771
I13898.AG,UnitedKingdom,England_N_Megalithic_son.I30334.AG,5569.0,0.7597819566726685,-1.514847600382156,0.07882657508502505,-0.6158086045224487
I13898.AG.TW,UnitedKingdom,England_N_Megalithic_son.I30334.AG.TW,5569.0,0.8630428314208984,-1.4808184621223208,0.05833270694543405,-0.5852269698735666
I13899.TW,UnitedKingdom,England_N_Megalithic.TW,5600.0,0.7267652750015259,-1.476017681196179,0.0843691730499902,-0.6019770735204646
I13899.AG,UnitedKingdom,England_N_Megalithic.AG,5600.0,0.647334635257721,-1.5237280508338464,0.10302114249368868,-0.6203443593531405
I13899.AG.TW,UnitedKingdom,England_N_Megalithic.AG.TW,5600.0,0.8601182699203491,-1.5554191174217302,0.06762927866440488,-0.5742236579594624
I20821.TW,UnitedKingdom,England_N_Megalithic.TW,5486.0,0.8609690070152283,-1.5135247360924744,0.09845929405753444,-0.6286043257013223
I20821.AG,UnitedKingdom,England_N_Megalithic.AG,5486.0,0.7741864919662476,-1.5468298704892904,0.1263190006972705,-0.5826686246923128
I20821.AG.TW,UnitedKingdom,England_N_Megalithic.AG.TW,5486.0,0.927886426448822,-1.5450482992046772,0.056554019406688645,-0.5893685640630556
I13895.TW,UnitedKingdom,England_N_Megalithic_father.I20821.son.I21390.TW,5600.0,0.7748880386352539,-1.4848113501903193,0.13392922715504657,-0.5735640890683129
I13895.AG,UnitedKingdom,England_N_Megalithic_father.I20821.son.I21390.AG,5600.0,0.7036576271057129,-1.5314745301356005,0.06598090039989517,-0.6536400492651054
I13895.AG.TW,UnitedKingdom,England_N_Megalithic_father.I20821.son.I21390.AG.TW,5600.0,0.8873361349105835,-1.4876534534116608,0.07748643633313569,-0.6106531638894739
I17866.AG,Italy,Italy_Sicily_Himera_409BCE.AG,2359.0,0.1532619744539261,-0.04754393063575836,-0.6752573196370564,0.24947680205062137
I13836.AG,Albania,Albania_Barc_PostMedieval.AG,448.0,0.8718780875205994,1.9657112441462803,-0.3572240579741942,-0.7103794717767539
I12437.AG,UnitedKingdom,England_N_Megalithic_father.I13888.father.I21393.father.I21389.father.I30304.son.I30334.son.I30300.AG,5600.0,0.4265510439872741,-1.50446815584188,0.08094805525142225,-0.5550399899586764
I21385.TW,UnitedKingdom,England_N_Megalithic.TW,5680.0,0.8556089997291565,-1.4987281673827324,0.018603386308222655,-0.5626311424222804
I21385.AG,UnitedKingdom,England_N_Megalithic.AG,5680.0,0.7926428914070129,-1.4578453075922098,0.09786737150622693,-0.6445061241854799
I21385.AG.TW,UnitedKingdom,England_N_Megalithic.AG.TW,5680.0,0.9327793121337892,-1.539162144410406,0.062020283396969154,-0.5842716672463415
I21387.AG,UnitedKingdom,England_N_Megalithic_mother.I21385.mother.I30332.AG,5600.0,0.1164780929684639,-1.5296828340507953,0.1437374796051847,-0.5607781661115941
I21388.AG,UnitedKingdom,England_N_Megalithic_son.I30300.son.I21390.AG,5657.0,0.1011587083339691,-1.507710141341328,0.10204285068759014,-0.6149984290689882
I21389.TW,UnitedKingdom,England_N_Megalithic.TW,5585.0,0.6888418793678284,-1.5770077617597589,0.08840634804830079,-0.5687924986868836
I21389.AG,UnitedKingdom,England_N_Megalithic.AG,5585.0,0.1575976908206939,-1.5252270403866492,0.10562415634532814,-0.6106031472364767
I21389.AG.TW,UnitedKingdom,England_N_Megalithic.AG.TW,5585.0,0.7234757542610168,-1.5823011778175051,0.06238285291499699,-0.6129932115599831
I21391.TW,UnitedKingdom,England_N_Megalithic.TW,5600.0,0.1286174654960632,-1.5131266353509651,0.004899015386962123,-0.6576922766805934
I21391.AG.TW,UnitedKingdom,England_N_Megalithic.AG.TW,5600.0,0.1476861983537674,-1.5105476916023346,0.10327740290576529,-0.6424203069296232
I21393.TW,UnitedKingdom,England_N_Megalithic.TW,5600.0,0.8645618557929993,-1.5510372299668285,0.08561548065888211,-0.5829445633745192
I21393.AG,UnitedKingdom,England_N_Megalithic.AG,5600.0,0.2837277352809906,-1.5035357565839529,0.07520931617028369,-0.6698072121008699
I21393.AG.TW,UnitedKingdom,England_N_Megalithic.AG.TW,5600.0,0.8846889734268188,-1.5052851388235058,0.0997776913273933,-0.6085050121191361
I21395.TW,UnitedKingdom,England_N_Megalithic.TW,5416.0,0.6398805379867554,-1.5565839583651038,0.03048862494768953,-0.6376584825353963
I21395.AG,UnitedKingdom,England_N_Megalithic.AG,5416.0,0.1353481262922287,-1.5487077008217403,0.044215903970580665,-0.5962471334059259
I21395.AG.TW,UnitedKingdom,England_N_Megalithic.AG.TW,5416.0,0.6738274693489075,-1.5307888588573637,0.07673314988340252,-0.6881722327679858
I24277.AG,Austria,Austria_N_LBK.AG,7100.0,0.5899248719215393,0.6319577149431392,-0.6240592400308642,-0.23054907452125467
I24280.AG,Austria,Austria_N_LBK.AG,7100.0,0.6198499202728271,0.6314138338259321,-0.6374769638945535,-0.20982712054138897
I17432.AG,Italy,Italy_Sicily_Himera_480BCE.AG,2430.0,0.1073443666100502,-0.05135393600629166,-0.7285763088258155,0.192732205794265
I24276.AG,Austria,Austria_N_LBK.AG,7100.0,0.5775932669639587,0.6282792940055824,-0.6489230468953562,-0.22978460117961558
Gordinesti.SG,Moldova,Moldova_Gordinesti_I.SG,5250.0,0.7535378932952881,0.6780791371184112,0.46018818207703993,-0.3438490204223177
Pocrovca1.SG,Moldova,Moldova_Pocrovca_V.SG,5250.0,0.0663537234067916,0.6717805481952113,0.46564414175361857,-0.36118111653297097
Pocrovca2.SG,Moldova,Moldova_Pocrovca_V.SG,5250.0,0.9175134301185608,0.6276992627814848,0.46351138231612693,-0.3501920434337069
MA1863.SG,Italy,Italy_Sicily_Epigravettian.SG,18104.0,0.3531219959259033,-0.12045758304887429,-0.6603520364336684,0.19403610879786615
MA1864.SG,Italy,Italy_Sicily_Epigravettian.SG,18104.0,0.0752027779817581,-0.10868134448157944,-0.7022852985465134,0.18597811911443154
NEV009.AG,Turkey,Turkey_Southeast_NevaliCori_PPN.AG,10041.0,0.4216119349002838,1.469331711553635,-0.602879266724257,0.5685042496728089
NEV020.AG,Turkey,Turkey_Southeast_NevaliCori_Roman.AG,1791.0,0.7353150248527527,1.4426866279681638,-0.6068952223492788,0.5599576147280387
NEV021.AG,Turkey,Turkey_Southeast_NevaliCori_Roman.AG,1760.0,0.6124128699302673,1.4879284162816724,-0.6275130044940826,0.5552171069664826
NEV030.AG,Turkey,Turkey_Southeast_NevaliCori_IA.AG,2583.0,0.4736981689929962,1.4044468349456347,-0.6260612358980117,0.5946626669207441
NEO36.SG,Sweden,Sweden_MN_TRB_N.SG,5161.0,0.8880473971366882,-0.9204018376466317,2.4697213360191985,0.8012572850352218
NEO38.SG,Sweden,Sweden_MN_TRB_N.SG,5037.0,0.1025017574429512,-0.9412260422796301,2.4202907337660364,0.8328299786088466
NEO39.SG,Sweden,Sweden_MN_TRB_N.SG,5039.0,0.1678270995616912,-0.9248809237492128,2.462585390522258,0.9022930915178052
NEO43.SG,Denmark,Denmark_SouthScandinavia_EN.SG,5608.0,0.1084278896450996,-0.9145890883424751,0.868717431428439,0.39511042157552406
NEO44.SG,Sweden,Sweden_MN_BAC.SG,4391.0,0.1090239956974983,-0.9042309515322793,2.5002172614871,0.8488168184592921
NEO46.SG,Sweden,Sweden_EN.SG,5609.0,0.0984547585248947,-0.9623709703534862,2.4754992370720013,0.8598833955650889
NEO492.SG,Ukraine,Ukraine_Mesolithic.SG,11275.0,0.0542516596615314,-0.06547136435064983,1.3950242825557888,0.8062124957812787
NEO121.SG,France,France_Chalcolithic.SG,4482.0,0.4068367481231689,-1.019537308243938,-0.828220631381888,-0.01523584511453455
NEO494.SG,Ukraine,Ukraine_Mesolithic_dup.VSL004.SG,11353.0,0.0624908246099948,-0.07196592482719799,1.390564599914784,0.8053364513067547
NEO497.SG,Ukraine,Ukraine_Mesolithic.SG,11275.0,0.0865822210907936,-0.08534699281165002,1.4079750634072685,0.8096580222394731
NEO498.SG,Ukraine,Ukraine_Dnieper_N_Mariupol.SG,7458.0,0.8598019480705261,-0.08381760481792924,1.362746914041839,0.802999547876547
NEO501.SG,Ukraine,Ukraine_Mesolithic.SG,11254.0,0.1206872910261154,-0.08188011428125043,1.387637307839557,0.7965856833393179
NEO502.SG,Ukraine,Ukraine_Dnieper_N_Mariupol.SG,7126.0,0.7306694984436035,-0.09883229329915903,1.3894003741798915,0.7937145979699899
NEO503.SG,Ukraine,Ukraine_Dnieper_N_Mariupol.SG,7250.0,0.2669801414012909,-0.09537491040156915,1.3727977607691115,0.8180645592942899
NEO507.SG,Ukraine,Ukraine_Dnieper_N_Mariupol.SG,7371.0,0.2347290813922882,-0.09184769039657142,1.3688781093110993,0.8248568997388429
NEO508.SG,Ukraine,Ukraine_Dnieper_N_Mariupol.SG,6761.0,0.0865157172083854,-0.07105097973266797,1.3607125281541246,0.7897482906808446
NEO509.SG,Ukraine,Ukraine_Dnieper_EBA.SG,4669.0,0.8868365287780762,-0.082133031112621,1.3677255668409756,0.8033293081427915
NEO122.SG,Denmark,Denmark_MM_Kongemose.SG,8160.0,0.4073152542114258,-0.9107115382148188,0.8228882094630057,0.3634642422707053
NEO51.SG,Sweden,Sweden_MN_BAC.SG,4364.0,0.4958836734294891,-0.8747112202419911,2.441934649028252,0.8481265804706626
NEO516.SG,Ukraine,Ukraine_Dnieper_N.SG,7465.0,0.2508513629436493,-0.11619203479913434,1.424942112319782,0.8260428033551489
NEO518.SG,Ukraine,Ukraine_Dnieper_EIA.SG,2372.0,0.2752282321453094,-0.05398165873727278,1.3556463312653653,0.804516163886335
NEO52.SG,Sweden,Sweden_LN.SG,3783.0,0.1027856171131134,-0.9310385573999657,2.4986655550788464,0.8767485522052414
NEO521.SG,Ukraine,Ukraine_Dnieper_N.SG,8744.0,0.1414883732795715,-0.06406155516805034,1.3975047022825848,0.8369551851040891
NEO522.SG,Ukraine,Ukraine_Dnieper_Mesolithic.SG,6475.0,0.0878960713744163,-0.1020388385622692,1.3918945089498878,0.808996356756572
NEO524.SG,Ukraine,Ukraine_Dnieper_N_Mariupol.SG,7410.0,0.1039315909147262,-0.09822672666381613,1.369170911233933,0.7999601481724646
NEO527.SG,Ukraine,Ukraine_Dnieper_Mesolithic.SG,11533.0,0.0798174887895584,-0.09984158378435695,1.3461910474313459,0.7803698147892362
NEO528.SG,Ukraine,Ukraine_N.SG,7313.0,0.1925267577171325,-0.07762690879384336,1.3910042220189267,0.8233153568606918
NEO123.SG,Denmark,Denmark_MM_Kongemose.SG,8249.0,0.2491749823093414,-0.896878995381299,0.7766864925338324,0.37524726572366573
NEO529.SG,Ukraine,Ukraine_N.SG,7253.0,0.0911198854446411,-0.11674871482788438,1.4126565994959006,0.8005203204193382
NEO536.SG,Russia,Russia_Minino_Mesolithic.SG,10181.0,0.1767069697380066,-0.15567742280726166,0.7087355193649924,-0.10249248846779437
NEO537.SG,Russia,Russia_Minino_Mesolithic.SG,8434.0,0.1304203569889068,-0.20133785501995297,0.6696726878561711,-0.12145932160212898
NEO539.SG,Russia,Russia_Minino_Mesolithic.SG,10616.0,0.2250049263238906,-0.15655686709009692,0.721709534764365,-0.10228648564472609
NEO551.SG,Ukraine,Ukraine_N_1d.rel.NEO528.NEO552.SG,7589.0,0.0719262510538101,-0.09052576195103874,1.3564382055031419,0.7813270736904823
NEO552.SG,Ukraine,Ukraine_N.SG,7400.0,0.1603194773197174,-0.08479641799630787,1.40504625473241,0.8230163054123374
NEO128.SG,Czechia,Czechia_EN_LBK.SG,7096.0,0.0551178306341171,-0.37672921696936057,0.061509795773179984,-0.16833941894446589
NEO555.SG,Russia,Russia_Mesolithic_Veretye.SG,8456.0,0.8647508025169373,-0.19335195309757533,0.739887584041178,-0.07062862511813582
NEO556.SG,Russia,Russia_Mesolithic_Veretye.SG,7458.0,0.6436736583709717,-0.1602920163688356,0.7797194575696578,-0.0890818768089117
NEO557.SG,Russia,Russia_Mesolithic_Veretye.SG,8342.0,0.4458055198192596,-0.1445346541631783,0.7005300818723709,-0.10760820791459383
NEO558.SG,Russia,Russia_Mesolithic_Veretye.SG,8264.0,0.4471364021301269,-0.13675786111529417,0.7125354449146747,-0.09865804304989055
NEO559.SG,Russia,Russia_Mesolithic_Veretye.SG,8449.0,0.6440540552139282,-0.16093051081995216,0.7415547403877457,-0.10185748724049364
NEO560.SG,Russia,Russia_Mesolithic_Veretye.SG,8117.0,0.7425582408905029,-0.19746833467049318,0.7243911736073624,-0.06850739381006418
NEO561.SG,Russia,Russia_Mesolithic_Veretye_mother.NEO560.SG,8409.0,0.7019698619842529,-0.13463437736498335,0.7389540961165212,-0.09775602808627964
NEO563.SG,Denmark,Denmark_SouthScandinavia_EBA.SG,3380.0,0.5479471683502197,-0.9101603259866715,0.8706157873377908,0.37796972194554534
NEO564.SG,Denmark,Denmark_SouthScandinavia_EN.SG,5519.0,0.0775604173541069,-0.9088431341723548,0.8506380503543067,0.38964694375878967
NEO568.SG,Denmark,Denmark_LM_Ertebølle.SG,6457.0,0.8448556661605835,-0.8859565170381474,0.7821538023328345,0.368713140697797
NEO569.SG,Denmark,Denmark_LM_Ertebølle_1d.rel.NEO568.SG,6351.0,0.4938593506813049,-0.9040319566990891,0.7549491646774099,0.32669631959064105
NEO570.SG,Denmark,Denmark_LM_Ertebølle.SG,6701.0,0.9218159317970276,-0.8543198246945427,0.7781436245796959,0.3648636178386347
NEO583.SG,Denmark,Denmark_LM_Ertebølle.SG,7297.0,0.1621564477682113,-0.8735950088546282,0.8213293996548886,0.36942792497156085
NEO586.SG,Denmark,Denmark_LM_Ertebølle.SG,7307.0,0.1864887028932571,-0.9134119244329243,0.8479162131040329,0.37783401957723617
NEO130.SG,Hungary,Hungary_EN_Koros.SG,7758.0,0.0886122062802314,1.6812464257321613,0.12417213522285499,-0.0415812917768651
NEO587.SG,Denmark,Denmark_EM_Maglemose.SG,7530.0,0.6712897419929504,-0.8977872539720961,0.7832338760842085,0.3446750477286618
NEO589.SG,Denmark,Denmark_MM_Kongemose.SG,7548.0,0.9949967861175536,-0.8764766248635373,0.7404906464985589,0.3682013739633141
NEO590.SG,Denmark,Denmark_SouthScandinavia_EBA.SG,3271.0,0.6209172010421753,-0.9123928039698823,0.8818449898328551,0.38361584054948455
NEO594.SG,Denmark,Denmark_SouthScandinavia_MN.SG,5138.0,0.0556084960699081,-0.9300858581879998,0.8402545766209711,0.3739692076114054
NEO595.SG,Denmark,Denmark_SouthScandinavia_EN.SG,5581.0,0.1998527199029922,-0.9189805313988278,0.856620114817314,0.41076931033322694
NEO597.SG,Denmark,Denmark_SouthScandinavia_EN.SG,5183.0,0.1592675894498825,-0.887276640075523,0.8476983999703179,0.3979113858296629
NEO598.SG,Denmark,Denmark_LM_Ertebølle.SG,6316.0,0.4857710301876068,-0.8964808969699041,0.7705817482083582,0.38100394989179964
NEO599.SG,Denmark,Denmark_MN_TRB_N.SG,5096.0,0.1796963959932327,-0.9305825165754633,0.8909125688334197,0.4108402765324209
NEO600.SG,Denmark,Denmark_MM_Kongemose.SG,7868.0,0.1015220433473587,-0.9045111492784925,0.8063773105428923,0.38517155167782646
NEO137.SG,Hungary,Hungary_EN_Koros.SG,7547.0,0.1606568694114685,1.6728761157383738,0.026501134655230657,-0.09666087853025873
NEO601.SG,Denmark,Denmark_SouthScandinavia_EN.SG,5768.0,0.0773860439658165,-0.9049324143095692,0.8350270508606406,0.38290548991043405
NEO602.SG,Denmark,Denmark_SouthScandinavia_EN.SG,5136.0,0.0817055478692054,-0.8771573451372987,0.8230957639287003,0.3709040968467951
NEO603.SG,Portugal,Portugal_LN.SG,4292.0,0.0705986097455024,-1.1292320789346262,-1.3653860423789042,0.24378561913163832
NEO609.SG,Portugal,Portugal_LN.SG,4286.0,0.1202274411916732,-1.1120551930132772,-1.3590297314755035,0.24375040270326967
NEO624.SG,UnitedKingdom,Great_Britain_Orkney_N.SG,4903.0,0.805907130241394,-1.5026444595997341,0.1165502384171206,-0.5919378710041339
NEO625.SG,UnitedKingdom,Great_Britain_Orkney_N_father.NEO624.SG,5138.0,0.613372266292572,-1.519625559065386,0.07374117847658743,-0.5520296738974907
NEO626.SG,UnitedKingdom,Great_Britain_Orkney_N.SG,5204.0,0.2831170558929443,-1.535349887592696,0.12428790706751315,-0.633612808074849
NEO627.SG,UnitedKingdom,Great_Britain_Orkney_N.SG,5138.0,0.3634860217571258,-1.4901790685145213,0.05917895954717187,-0.6576400459716056
NEO140.SG,Hungary,Hungary_MN_Tisza.SG,6671.0,0.136960431933403,1.6627974088529824,0.14756163382189758,-0.09701133432524792
NEO630.SG,UnitedKingdom,Great_Britain_Orkney_N.SG,4901.0,0.1952509880065918,-1.4990475464559185,0.09166139893488007,-0.5627615633730508
NEO631.SG,Portugal,Portugal_EN_Cardial.SG,7090.0,0.7509020566940308,-1.1100526301313207,-1.3308212930956336,0.23591621743506977
NEO632.SG,Portugal,Portugal_EN_Cardial.SG,7302.0,0.7165066599845886,-1.115648125845688,-1.3610996919628027,0.23758027160482184
NEO640.SG,Poland,Poland_Eneolithic_TRB.SG,5202.0,0.1820499897003173,-0.16190439459612532,1.8640574185354453,-0.22457088789896504
NEO641.SG,Poland,Poland_Eneolithic_TRB.SG,5407.0,0.2319659292697906,-0.22346789902101785,1.799360855445705,-0.223044673069265
NEO645.SG,Denmark,Denmark_SouthScandinavia_EN_oMesolithic.SG,6056.0,0.1934488862752914,-0.9008608267365382,0.7987505735151528,0.3969012502046563
NEO646.SG,Spain,Spain_Asturias_Mesolithic.SG,8413.0,0.775248110294342,-1.0953122929678976,-2.219169191647662,0.09757655370378256
NEO648.SG,Spain,Spain_Asturias_Mesolithic.SG,7611.0,0.8368484377861023,-1.1061621651316251,-2.2111462781171505,0.07714593025175587
NEO142.SG,Hungary,Hungary_MN_Tisza.SG,6580.0,0.5388458967208862,1.6021921882472312,0.16007723324605827,-0.029250694089644067
NEO649.SG,Spain,Spain_Asturias_Chalcolithic.SG,4174.0,0.1895170658826828,-1.132043886768572,-2.3206290018112563,0.06783804316455132
NEO650.SG,Spain,Spain_Asturias_Chalcolithic.SG,4096.0,0.0615143552422523,-1.1427260523071683,-2.322861828243156,0.01738611025985181
NEO653.SG,Spain,Spain_Asturias_BA.SG,3418.0,0.2169166058301925,-1.1037555612094483,-2.2894908658438426,0.054787078604694485
NEO655.SG,Serbia,Serbia_IronGates_Mesolithic_oHighEEF.SG,9175.0,0.1706867665052414,0.34968650534735163,0.12950685509864165,0.8521013288124335
NEO657.SG,Serbia,Serbia_IronGates_Mesolithic_oHighEEF.SG,9175.0,0.0891774892807006,0.34737008095438865,0.15402700134844208,0.8457784349309209
NEO658.SG,Serbia,Serbia_IronGates_Mesolithic_oLowEEF_1d.or.2d.rel.I17391.SG,7920.0,0.4271236360073089,0.2864536912314174,0.11402107795447576,0.824150912993553
NEO669.SG,Serbia,Serbia_IronGates_Mesolithic_dup.I5407.SG,9800.0,0.2183472514152526,0.33774667649659235,0.14448322094473265,0.8472545885036494
NEO671.SG,Romania,Romania_LM_IronGates.SG,9188.0,0.136036679148674,1.2142181285041878,0.416343247529467,0.19997529230515534
NEO143.SG,Hungary,Hungary_MN_Tisza.SG,6611.0,0.0517812855541706,1.6530739598237028,0.047045962011065326,-0.11747895021185868
NEO672.SG,Romania,Romania_LM_IronGates.SG,9361.0,0.3308570086956024,1.2073763848078067,0.4038929917876672,0.21766648986040157
NEO674.SG,Romania,Romania_N_IronGates.SG,5779.0,0.2199952453374862,1.284614861648464,0.4111154209686898,0.20093420571308512
NEO677.SG,Serbia,Serbia_IronGates_Mesolithic.SG,9175.0,0.2676443755626678,0.32486709359559945,0.12493181253174648,0.8388323204913772
NEO679.SG,Sweden,Sweden_LM_Ertebølle.SG,6862.0,0.1520219147205352,-0.938218206536707,2.3712208445606415,0.8484982747331012
NEO683.SG,Denmark,Denmark_MM_Kongemose.SG,7724.0,0.7198286056518555,-0.8744725845181216,0.7850208026636514,0.3645580024407995
NEO694.SG,Spain,Spain_Alicante_Mesolithic.SG,9477.0,0.2361686378717422,-1.1247231537767302,-2.2648622051734297,0.08765006641873009
NEO695.SG,Italy,Italy_N.SG,7455.0,0.2909442186355591,-0.029725768114313048,-0.7421966987845218,0.20367807192055554
NEO145.SG,Hungary,Hungary_MN_Tisza.SG,6704.0,0.2000814229249954,1.6849349815441164,0.10764155970921219,-0.06518873794977138
NEO702.SG,Denmark,Denmark_SouthScandinavia_EN.SG,5262.0,0.0725483000278472,-0.8960151170290577,0.8017560759012892,0.35014545495601834
NEO717.SG,UnitedKingdom,Great_Britain_Orkney_N.SG,4906.0,0.383884847164154,-1.5490117377194177,0.046545790584012224,-0.6097981675303807
NEO721.SG,Spain,Spain_Madrid_Chalcolithic.SG,4450.0,0.2435586601495742,-1.1546450329615212,-2.3596573504438756,0.1129467950300755
NEO732.SG,Denmark,Denmark_LM_Ertebølle_1d.rel.NEO733.SG,7086.0,0.1303206086158752,-0.8806505337088245,0.8196164804005852,0.3742573946379169
NEO733.SG,Denmark,Denmark_LM_Ertebølle.SG,7086.0,0.6470142602920532,-0.8924098863369582,0.8577556077043168,0.39459119860426145
NEO735.SG,Denmark,Denmark_SouthScandinavia_LN.SG,3973.0,0.4353863298892975,-0.9283497555294774,0.8589366659587447,0.36972144390877065
NEO737.SG,Denmark,Denmark_SouthScandinavia_LN.SG,4124.0,0.1909655481576919,-0.9268806937009298,0.8615595229336493,0.39737270675260855
NEO147.SG,Hungary,Hungary_MN_Tisza.SG,6679.0,0.2548334896564483,1.6157800170133219,0.17992718426584783,-0.04991124438140725
NEO738.SG,Denmark,Denmark_SouthScandinavia_LN.SG,4201.0,0.6223965287208557,-0.9241139017226218,0.8510004364123074,0.3781371204434893
NEO739.SG,Denmark,Denmark_SouthScandinavia_LN.SG,3983.0,0.7491980791091919,-0.9162141614635917,0.8519849804337684,0.4008599851578782
NEO744.SG,Denmark,Denmark_SouthScandinavia_EN.SG,5406.0,0.1408184617757797,-0.8961693426164319,0.8675550046005339,0.38062752381634735
NEO745.SG,Denmark,Denmark_LM_Ertebølle.SG,6983.0,0.2412910461425781,-0.9059893672102033,0.8050593629965203,0.360031246807074
NEO746.SG,Denmark,Denmark_LM_Ertebølle.SG,7171.0,0.075724259018898,-0.8739092377983838,0.7765102903830886,0.3736169362225504
NEO747.SG,Denmark,Denmark_LM_Ertebølle.SG,6908.0,0.1463488191366195,-0.9393899485915266,0.8620723169672153,0.3809499061054222
NEO748.SG,Denmark,Denmark_LM_Ertebølle.SG,7274.0,0.0637576431035995,-0.9198134377458194,0.8245230870376103,0.36623437707601175
NEO749.SG,Denmark,Denmark_LM_Ertebølle.SG,7096.0,0.7947701811790466,-0.8730304647878697,0.7707270183528462,0.36567916546498946
NEO751.SG,Denmark,Denmark_LM_Ertebølle.SG,6563.0,0.1954448223114013,-0.9196855488287482,0.801956780304535,0.36057150850296465
NEO148.SG,Hungary,Hungary_MN_Tisza.SG,6567.0,0.0704931765794754,1.6894966901643786,0.10375487171891132,-0.151769473714198
NEO752.SG,Denmark,Denmark_SouthScandinavia_LN.SG,3759.0,0.8485490679740906,-0.8922521655834651,0.852406799396707,0.37460049677307217
NEO753.SG,Denmark,Denmark_SouthScandinavia_EN.SG,5523.0,0.1554663181304931,-0.9141485145375149,0.8682514933228963,0.40640649423092984
NEO757.SG,Denmark,Denmark_SouthScandinavia_EN.SG,5412.0,0.0851823911070823,-0.9134898728817451,0.8337325252720836,0.3796494484803126
NEO759.SG,Denmark,Denmark_EM_Maglemose.SG,9167.0,0.8958162069320679,-0.8562207995549354,0.7864083553785803,0.35517480952652164
NEO790.SG,Denmark,Denmark_SouthScandinavia_EN.SG,5693.0,0.4874384999275207,-0.9278359008386402,0.8718785525474276,0.36597085979386573
NEO791.SG,Denmark,Denmark_MM_Kongemose.SG,7100.0,0.8997577428817749,-0.8778595538384719,0.832528924025219,0.3840736703948714
NEO149.SG,Hungary,Hungary_MN_Tisza.SG,6933.0,0.075699932873249,1.6636214472206936,0.07291965901223045,-0.09026096136461198
NEO792.SG,Denmark,Denmark_MN_TRB_N_CWC.SG,4451.0,0.2272863239049911,-0.8950517798408156,0.8168598869264698,0.3806837166912163
NEO806.SG,Italy,Italy_BA.SG,3163.0,0.7309825420379639,-0.02051355957658588,-0.7733150831871459,0.12303179705521558
NEO814.SG,Denmark,Denmark_SouthScandinavia_Mesolithic.SG,7305.0,0.0514860749244689,-0.8992928105052482,0.8175940423825814,0.3631446358800487
NEO815.SG,Denmark,Denmark_SouthScandinavia_EBA.SG,3430.0,0.0962171554565429,-0.930944799787585,0.8611072260182517,0.37440877516391974
NEO158.SG,Russia,Russia_UpperVolga_Eneolithic_Volosovo.SG,6021.0,0.1130580157041549,-0.13187908833964937,0.7341034936746647,-0.11357723446943342
NEO822.SG,Denmark,Denmark_SouthScandinavia_Mesolithic.SG,7176.0,0.0564041100442409,-0.9000189976838748,0.8396488125150797,0.3717423955076494
NEO823.SG,Italy,Italy_Eneolithic.SG,4665.0,0.3281765878200531,-0.058335682706450336,-0.728556313639164,0.18804510888211529
NEO828.SG,Italy,Italy_Eneolithic_Gaudo.SG,5100.0,0.0775531157851219,-0.06435083111863099,-0.7135635410564629,0.21259882007155365
NEO830.SG,Italy,Italy_Eneolithic_Rinaldone.SG,5348.0,0.0953696370124816,-0.10030801632230031,-0.6750143749521081,0.17105420146406286
NEO834.SG,Italy,Italy_EN.SG,7365.0,0.0789886265993118,-0.08895375379796136,-0.7108442535331564,0.21738259389472125
NEO160.SG,Russia,Russia_Don_Eneolithic_SeredniiStih.SG,5792.0,0.7433676719665527,-0.15454568193591475,0.7053217970718209,-0.09310083749885463
NEO847.SG,UnitedKingdom,Great_Britain_Gloucestershire_N.SG,5416.0,0.7258625626564026,-1.4453063904869201,0.1170313763396855,-0.5194250266487035
NEO852.SG,Denmark,Denmark_LM_Ertebølle.SG,6564.0,0.1759267747402191,-0.9205309478701419,0.8074860930432116,0.3801232076961521
NEO853.SG,Denmark,Denmark_LM_Ertebølle.SG,6253.0,0.805630624294281,-0.8774106837727201,0.848078058504215,0.3821038976051701
NEO855.SG,Denmark,Denmark_LM_Ertebølle.SG,6574.0,0.7482589483261108,-0.8966875991154234,0.750294766105116,0.3783245760240046
NEO856.SG,Denmark,Denmark_LM_Ertebølle.SG,7128.0,0.4410918653011322,-0.9251940285503026,0.7875951343219012,0.343804747212956
NEO860.SG,Denmark,Denmark_SouthScandinavia_LN.SG,3836.0,0.1606803834438324,-0.9274770892630038,0.9148898790636215,0.3968854495575425
NEO861.SG,Denmark,Denmark_SouthScandinavia_LN.SG,4068.0,0.3083803653717041,-0.9009480594988467,0.862985713301817,0.4053362750739352
NEO865.SG,Denmark,Denmark_SouthScandinavia_EN.SG,5392.0,0.0738159269094467,-0.9222613629157298,0.8779001127257888,0.4033188373563557
NEO866.SG,Denmark,Denmark_SouthScandinavia_EN.SG,5412.0,0.7266760468482971,-0.896995769876414,0.8287682211394701,0.3938396313528439
NEO162.SG,Russia,Russia_Don_Eneolithic_SeredniiStih.SG,7253.0,0.1404754072427749,-0.11157376380293896,0.7137238384893928,-0.10702635415347751
NEO87.SG,Russia,Russia_VolgaOka_LM.SG,8419.0,0.1931820660829544,-0.11582964477677694,0.7028283293770107,-0.16507310113632725
NEO870.SG,Denmark,Denmark_SouthScandinavia_LN.SG,4210.0,0.4304455816745758,-0.937117592216057,0.8680413423709815,0.4007215166931529
NEO872.SG,Denmark,Denmark_TRB_N_CWC.SG,3993.0,0.0810121223330497,-0.9053356255920652,0.8560987315644537,0.39534723571747543
NEO875.SG,Denmark,Denmark_TRB_N_CWC.SG,4156.0,0.1545969098806381,-0.9329369240439467,0.8530013166398678,0.37318587425466115
NEO878.SG,Denmark,Denmark_SouthScandinavia_LN.SG,3997.0,0.2205662131309509,-0.8889785093825565,0.8806723637992491,0.3878760790720202
NEO88.SG,Russia,Russia_VolgaOka_LM.SG,8265.0,0.9187048077583312,-0.15735572642889437,0.7657547007719426,-0.07158981034870843
NEO886.SG,Denmark,Denmark_SouthScandinavia_EN.SG,5417.0,0.1995007395744323,-0.9096450215084543,0.8119425614357092,0.3767779358901443
NEO888.SG,Denmark,Denmark_SouthScandinavia_EN.SG,5345.0,0.0552029870450496,-0.9200943509137222,0.8537225876599015,0.3716481854228443
NEO891.SG,Denmark,Denmark_SouthScandinavia_EN.SG,5674.0,0.4019973874092102,-0.8935036182509888,0.8607194185675717,0.3967258374337706
NEO163.SG,Russia,Russia_Don_Eneolithic_SeredniiStih.SG,5826.0,0.2142523974180221,-0.17618857043957928,0.7311201286734075,-0.09905707614739077
NEO896.SG,Denmark,Denmark_SouthScandinavia_EN.SG,5402.0,0.1004441976547241,-0.8891164865886174,0.8449917083472891,0.37645438680686777
NEO898.SG,Denmark,Denmark_SouthScandinavia_MN_oMesolithic.SG,5167.0,0.8616470098495483,-0.8890375694559629,0.8804705328787555,0.38777059436646827
NEO91.SG,Denmark,Denmark_EM_Maglemose.SG,9112.0,0.6834153532981873,-0.8762263256104491,0.8253071071206998,0.39024516536325815
NEO164.SG,Russia,Russia_Don_Eneolithic_SeredniiStih.SG,5988.0,0.2278280854225158,-0.1335158433049245,0.7593522353720286,-0.1193674814954916
NEO92.SG,Denmark,Denmark_SouthScandinavia_LN.SG,4173.0,0.4888958930969238,-0.9006105446469928,0.8837196954189024,0.39661022517063976
NEO166.SG,Russia,Russia_Don_Eneolithic_SeredniiStih.SG,5910.0,0.8802194595336914,-0.1733979932423253,0.7437741161033898,-0.0778894440885119
NEO925.SG,Denmark,Denmark_EN_TRB_N.SG,5170.0,0.2749922275543213,-0.9097794091547804,0.8678941317991661,0.3947563466515374
NEO93.SG,Denmark,Denmark_SouthScandinavia_LN.SG,3743.0,0.8619982004165649,-0.9128645076124317,0.862164374213875,0.41267151044047484
NEO932.SG,Denmark,Denmark_MM_Kongemose.SG,7530.0,0.8916904926300049,-0.8670063890105,0.8010644911908666,0.3754955239021206
NEO933.SG,Denmark,Denmark_SouthScandinavia_EN.SG,5402.0,0.3916203677654266,-0.9123140183759505,0.8335728872836393,0.3696498993251913
NEO934.SG,Denmark,Denmark_SouthScandinavia_LN.SG,3808.0,0.0749310851097107,-0.9590808427206539,0.892197048733648,0.3823021017216042
NEO935.SG,Denmark,Denmark_SouthScandinavia_EN.SG,5204.0,0.9818501472473145,-0.9015667843357374,0.8974849201079308,0.3830959565630925
NEO938.SG,Spain,Spain_Asturias_Mesolithic.SG,7972.0,0.3770090043544769,-1.1033879533502813,-2.235019103969092,0.08860555371452646
NEO941.SG,Denmark,Denmark_LM_Ertebølle.SG,6733.0,0.117082305252552,-0.9310366953114634,0.811655341762485,0.3618733644449133
NEO942.SG,Denmark,Denmark_SouthScandinavia_EN.SG,5547.0,0.5290803909301758,-0.8685084290878726,0.8364072648269408,0.3947702636291818
NEO167.SG,Russia,Russia_Don_Eneolithic_SeredniiStih.SG,5835.0,0.4547162055969238,-0.15487637612878813,0.7560547576565907,-0.13476459696497936
NEO943.SG,Denmark,Denmark_TRB_N_CWC.SG,4574.0,0.7975496053695679,-0.8936887004128985,0.8370805142321222,0.380653238342071
NEO945.SG,Denmark,Denmark_SouthScandinavia_EN.SG,5399.0,0.7138886451721191,-0.8952954096419488,0.8193641326352437,0.37453553074761997
NEO946.SG,Denmark,Denmark_SouthScandinavia_BA.SG,3123.0,0.7051758766174316,-0.9231445398012574,0.8675952044113356,0.39012967594812115
NEO951.SG,Denmark,Denmark_SouthScandinavia_EBA.SG,3271.0,0.3863219618797302,-0.9111228048452243,0.8563045076464176,0.38314322982454
NEO960.SG,Denmark,Denmark_EN_TRB_N.SG,6060.0,0.1253271400928497,-0.9372564249697857,0.8002948102474099,0.3538992650930708
NEO168.SG,Russia,Russia_Don_Eneolithic_SeredniiStih_1d.rel.NEO171.SG,5698.0,0.0626570880413055,-0.16402077192536263,0.7016088137741859,-0.10734657607850161
NEO17.SG,Norway,Norway_Mesolithic.SG,9384.0,0.6614455580711365,-0.5921909552688797,1.5620841031756896,0.7655368474396795
NEO170.SG,Russia,Russia_Don_Eneolithic_SeredniiStih.SG,5779.0,0.3413248658180237,-0.13616204222546743,0.6846791207715915,-0.13401181820826186
NEO171.SG,Russia,Russia_Don_Eneolithic_SeredniiStih.SG,6094.0,0.5455514192581177,-0.13644983484978004,0.7451061657685902,-0.08651439582828975
NEO172.SG,Russia,Russia_Don_N.SG,7052.0,0.0724890977144241,-0.1240945341017334,0.7178999885497578,-0.11144196452341995
NEO173.SG,Russia,Russia_Don_Eneolithic_SeredniiStih.SG,6537.0,0.5213878750801086,-0.13594915902962143,0.7132201749923469,-0.11629951062674691
NEO174.SG,Russia,Russia_Don_Eneolithic_SeredniiStih.SG,5526.0,0.6977550387382507,-0.1329622375500342,0.7103275336821865,-0.10249683410638963
NEO175.SG,Russia,Russia_Don_MBA_Catacomb.SG,4562.0,0.3402770161628723,-0.1198616458439624,0.7475153883154999,-0.11874531219099582
NEO178.SG,Russia,Russia_UpperVolga_Eneolithic_Volosovo.SG,5413.0,0.2918152511119842,-0.15850301226149377,0.7324339074366555,-0.12227227873119866
NEO179.SG,Russia,Russia_UpperVolga_Eneolithic_Volosovo.SG,5611.0,0.4807897508144378,-0.178599313169034,0.7582760696882611,-0.10389954461012382
NEO18.SG,Sweden,Sweden_Mesolithic.SG,9830.0,0.9217291474342346,-0.8425121586912592,2.2996640094182568,0.850847339586461
NEO180.SG,Russia,Russia_UpperVolga_Eneolithic_Volosovo.SG,6084.0,0.3349040150642395,-0.12842247278183241,0.7323797769602413,-0.13869259372781576
NEO181.SG,Russia,Russia_UpperVolga_Eneolithic_Volosovo.SG,6089.0,0.0696878284215927,-0.1492388867318969,0.6904766009639064,-0.10627307383830135
NEO182.SG,Russia,Russia_UpperVolga_Eneolithic_Volosovo.SG,5416.0,0.0745255723595619,-0.14385199943189006,0.7260318798276179,-0.1083203072351437
NEO183.SG,Russia,Russia_UpperVolga_Eneolithic_Volosovo.SG,5707.0,0.0781540796160698,-0.15068699914318212,0.7328135598337641,-0.12091664104319753
NEO184.SG,Russia,Russia_UpperVolga_LN_Lyalovo.SG,5708.0,0.5115436911582947,-0.1672682816723801,0.737479312803688,-0.09476637077767339
NEO185.SG,Russia,Russia_UpperVolga_LN_Lyalovo.SG,7258.0,0.712273120880127,-0.16759146395153393,0.7337925239250439,-0.10155436704336047
NEO186.SG,Russia,Russia_UpperVolga_LN_Lyalovo.SG,7169.0,0.3028573095798492,-0.14797798477216945,0.7152413970511661,-0.12340555633749783
NEO187.SG,Russia,Russia_UpperVolga_Eneolithic_Volosovo.SG,5262.0,0.1644078344106674,-0.08664141773033834,0.7299093896260507,-0.1115552185911071
NEO113.SG,Russia,Russia_Don_N_Mariupol.SG,7458.0,0.1229524761438369,-0.11094218033287408,0.7293506526523394,-0.06593705074949135
NEO188.SG,Russia,Russia_UpperVolga_Eneolithic_Volosovo.SG,5610.0,0.0602556504309177,-0.15009511104046086,0.7473693200727304,-0.10068678450916152
NEO189.SG,Russia,Russia_UpperVolga_Eneolithic_Volosovo.SG,5833.0,0.449689507484436,-0.15143978905396308,0.7880636277448966,-0.10295814530754485
NEO19.SG,Denmark,Denmark_MM_Kongemose.SG,8268.0,0.882607102394104,-0.9145943569816654,0.8450498006752618,0.38130021713634143
NEO192.SG,Russia,Russia_UpperVolga_LN_Lyalovo.SG,7101.0,0.2599356174468994,-0.18727523821084863,0.6540022563049139,-0.13610047406516554
NEO193.SG,Russia,Russia_UpperVolga_Eneolithic_Volosovo.SG,5699.0,0.2124081403017044,-0.15011305474368336,0.6844790132187805,-0.11684670341455936
NEO194.SG,Russia,Russia_UpperVolga_Eneolithic_Volosovo.SG,5829.0,0.8095218539237976,-0.15506250789272963,0.7392835941088457,-0.09482609921177301
NEO195.SG,Russia,Russia_UpperVolga_Eneolithic_Volosovo.SG,5814.0,0.4530584812164306,-0.14794010823319628,0.7250384074335697,-0.10515587707303636
NEO197.SG,Russia,Russia_UpperVolga_Eneolithic_Volosovo.SG,5494.0,0.4656479656696319,-0.14435632434267684,0.7672878566211061,-0.11940871938303517
NEO202.SG,Russia,Russia_Mesolithic_Veretye.SG,11500.0,0.880704402923584,-0.20080235245410097,0.7780085669564889,-0.06719988810459675
NEO204.SG,Russia,Russia_Don_N_Mariupol.SG,7412.0,0.0693399012088775,-0.12811672061389442,0.6634319671617329,-0.11518304225646278
NEO207.SG,Russia,Russia_Don_N_Mariupol.SG,7274.0,0.0612134672701358,-0.13288215965491124,0.7325630514890554,-0.10626776787996403
NEO209.SG,Russia,Russia_Don_N_Mariupol.SG,7457.0,0.0639555305242538,-0.16689573425356463,0.7274843174658295,-0.11278457971933893
NEO210.SG,Russia,Russia_Don_N_Mariupol.SG,7507.0,0.0647414103150367,-0.12472252264329631,0.7376428878004786,-0.1406109191041105
NEO212.SG,Russia,Russia_Don_N_Mariupol.SG,7547.0,0.9393566846847534,-0.13996475403874606,0.7346200202649256,-0.10015025146341001
NEO220.SG,Sweden,Sweden_LN_EBA.SG,3941.0,0.440863162279129,-0.8992328658456713,2.420802658443709,0.8388133991673173
NEO221.SG,Sweden,Sweden_LN_EBA.SG,3653.0,0.0663293898105621,-0.9335709769499781,2.5017656038576837,0.8667091766141484
NEO224.SG,Sweden,Sweden_LN_EBA.SG,3874.0,0.147858127951622,-0.9476819935971492,2.4199453160500215,0.864628178188827
NEO225.SG,Sweden,Sweden_LN_EBA.SG,3703.0,0.9644602537155152,-0.9768308376289061,2.309566339434038,0.7223411663468348
NEO226.SG,Sweden,Sweden_LN_EBA.SG,3716.0,0.3304888010025024,-0.9292648503155096,2.4812277818232364,0.8554266753769164
NEO227.SG,Sweden,Sweden_LN_EBA.SG,3879.0,0.1264601498842239,-0.9490130283039473,2.433680610732882,0.8592461919269674
NEO228.SG,Sweden,Sweden_LN_EBA.SG,3796.0,0.162627637386322,-0.8965644862234976,2.470522628303304,0.8739266223841488
NEO25.SG,Denmark,Denmark_SouthScandinavia_MN.SG,5085.0,0.3287467360496521,-0.9016604780403159,0.8257078677205028,0.39615627367383616
NEO254.SG,Denmark,Denmark_EM_Maglemose.SG,10420.0,0.3256778419017792,-0.9120870974197038,0.7871712660831469,0.3637274103735527
NEO259.SG,Sweden,Sweden_MN_TRB_N.SG,4915.0,0.0510529913008213,-0.9243336178962331,2.4514120426489807,0.8719715834820058
NEO261.SG,Sweden,Sweden_LN.SG,3966.0,0.933515727519989,-0.9247688093755021,2.3737973835566035,0.7875985934552115
NEO262.SG,Ukraine,Ukraine_Dnieper_N_Mariupol.SG,7017.0,0.0699270814657211,-0.12640345089178698,1.3829297305886552,0.8206344344708091
NEO265.SG,Ukraine,Ukraine_Dnieper_N_Mariupol.SG,6017.0,0.0861134454607963,-0.046622545110255334,1.3999705939153344,0.8439205551860253
NEO268.SG,Ukraine,Ukraine_Dnieper_N_Mariupol.SG,7642.0,0.0861807614564895,-0.05264415855257723,1.3676355336440142,0.7744781122355654
NEO27.SG,Sweden,Sweden_Mesolithic.SG,9648.0,0.9307193160057068,-0.8129155583158134,2.2413943834332835,0.8470018484670622
NEO270.SG,Ukraine,Ukraine_Dnieper_N_Mariupol.SG,7605.0,0.1249994933605194,-0.06927387958911191,1.392656240703363,0.8109199328592495
NEO278.SG,Ukraine,Ukraine_Don_LBA_EIA.SG,2929.0,0.0555598363280296,-0.10069427262404247,1.3836353336105838,0.8143970774520845
NEO28.SG,Denmark,Denmark_SouthScandinavia_EN.SG,5485.0,0.6029587388038635,-0.911324126557103,0.8700944718580867,0.3929326913923595
NEO119.SG,France,France_Chalcolithic.SG,4337.0,0.1090126410126686,-0.9978137339025909,-0.8308494196796032,-0.03127789291580369
NEO29.SG,Denmark,Denmark_SouthScandinavia_EN.SG,5521.0,0.4476668238639831,-0.8895940194727768,0.8323426456318316,0.38689290441819607
NEO300.SG,Ukraine,Ukraine_Dnieper_N_Mariupol.SG,7244.0,0.8774359822273254,-0.11294892263809847,1.3856267722010707,0.8193575831357546
NEO302.SG,Ukraine,Ukraine_Dnieper_N_Mariupol.SG,7328.0,0.9262919425964355,-0.09051886554220387,1.371677764969829,0.7899781577882506
NEO304.SG,Ukraine,Ukraine_Dnieper_N_Mariupol.SG,7450.0,0.7078473567962646,-0.10535305535321865,1.3975340731654247,0.8182877455537886
NEO305.SG,Ukraine,Ukraine_N_1d.rel.NEO302.SG,7102.0,0.8738828897476196,-0.10865391552492808,1.3703639584631018,0.7961475589161878
NEO306.SG,Estonia,Estonia_CWC.SG,4453.0,0.8874237537384033,-1.1790302582961678,1.626846999336178,0.15215181876877046
NEO307.SG,Latvia,Latvia_MM_Kunda.SG,8104.0,0.3904987275600433,-0.6602513930561904,0.35751691417176795,0.03256419771365305
NEO120.SG,France,France_BA.SG,3314.0,0.0821791812777519,-0.985457497733237,-0.8416391158900801,-0.025116831966339202
poz1039.SG,Poland,Poland_Mokrzec_Mierzanowice_BA.SG,4113.0,0.2370461672544479,-0.23975097098377568,1.8390067986837548,-0.21400114044902943
buk002.SG,Romania,Romania_Negrilesti_StarcevoCris_EN.SG,7494.0,0.0648216977715492,1.2811273834276478,0.43667212965486285,0.20228986425801687
buk004.SG,Romania,Romania_Gumelnita_Gumelnita_LN_Eneolithic.SG,5880.0,0.1239102929830551,1.276638636713229,0.4173367903711571,0.19663313524538747
buk010.SG,Romania,Romania_Garlesti_Salcuta_EN.SG,7411.0,0.1470057517290115,1.2658769459718133,0.38635681309538056,0.193391641817221
buk019.SG,Romania,Romania_Curatesti_Boian_LN_Eneolithic.SG,6833.0,0.3839432299137115,1.2769656510739298,0.4285163891984598,0.2029835589461596
buk022.SG,Romania,Romania_Curatesti_Boian_LN_Eneolithic.SG,6833.0,0.3283582627773285,1.2545474517811341,0.46947938947434004,0.19153417101749656
buk023.SG,Romania,Romania_Curatesti_Boian_LN_Eneolithic_contam_1d.rel.buk019.SG,6782.0,0.1607233732938766,1.264570121984722,0.4134727580350383,0.19960022044278267
lbk102.SG,Poland,Poland_Kruszyn_ELBK_N.SG,6100.0,0.2843660116195678,-0.14178223543320537,1.837324068971143,-0.19830725926322723
lbk104.SG,Poland,Poland_Kruszyn_ELBK_N.SG,6100.0,0.2354719638824463,-0.14778331385624915,1.8834565668180034,-0.2158956354125504
lbk138.SG,Poland,Poland_KruszaZamkowa_LLBK_LLengyel_N.SG,6111.0,0.4288811087608337,-0.18363973462794597,1.8275897736994737,-0.2044102616883871
poz120.SG,Poland,Poland_KruszaZamkowa_LLBK_LLengyel_N.SG,6144.0,0.9192498326301576,-0.0927493510887709,1.7604729638859717,-0.25187428691319197
poz177.SG,Poland,Poland_Ksiaznice_LublinVolhynian_Eneolithic_contam.SG,5927.0,0.8904488682746887,-0.14135763761002865,1.840888294205353,-0.23560982375958697
poz177_d.SG,Poland,Poland_Ksiaznice_LublinVolhynian_Eneolithic.SG,5927.0,0.2611626982688904,-0.13149806880455936,1.8716851647557433,-0.20570618039963418
poz236.SG,Poland,Poland_Racot_LLBK_LLengyel_N.SG,6131.0,0.637823760509491,-0.14434773921037092,1.8301172259062874,-0.21976699177763842
poz252.SG,Poland,Poland_Siniarzewo_LLBK_LLengyel_N.SG,6391.0,0.4511452913284302,-0.17088899411240727,1.8459801781903096,-0.229853477127252
poz275.SG,Poland,Poland_Ksiaznice_LublinVolhynian_Eneolithic.SG,5782.0,0.7153071165084839,-0.18354497139438433,1.879992127502757,-0.2254498958969768
poz297.SG,Poland,Poland_Lojewo_Mesolithic_contam.SG,7500.0,0.2649761140346527,-0.21311530714744678,1.7643262887861562,-0.21926128020379995
poz375.SG,Poland,Poland_Bronocice_LublinVolhynian_Eneolithic.SG,5780.0,0.1552846580743789,-0.12446988627691127,1.8932466481529011,-0.2211292295528735
poz503.SG,Poland,Poland_Kamienskie_Mesolithic.SG,8597.0,0.0732563212513923,-0.17951264906778952,1.7800508590286168,-0.18562225513338335
rom011.SG,Romania,Romania_Iclod_LN_Eneolithic_contam.SG,6711.0,0.3124841451644897,1.264097542145895,0.42322815979944317,0.21077017656326005
rom011_d.SG,Romania,Romania_Iclod_LN_Eneolithic.SG,6711.0,0.0614324435591697,1.273492258047389,0.4408597605333635,0.1927565097481533
rom047.SG,Romania,Romania_DeceaMuresului_LN_Eneolithic_contam.SG,6209.0,0.1877895891666412,1.2622001893638393,0.450978726375975,0.2005330620284943
rom057_rom058.SG,Romania,Romania_Baciu_StarcevoCris_EN.SG,7504.0,0.6968434453010559,1.2787080979641894,0.4143313816968146,0.18236311388859636
rom061.SG,Romania,Romania_IronGates_Mesolithic_dup.I4081.SG,9487.0,0.3690390884876251,1.223516776862778,0.41791860736630576,0.2144153708859011
rom066.SG,Romania,Romania_IronGates_Mesolithic_dup.I4582.SG,8510.0,0.1669211983680725,1.2344703760614673,0.3877123952704795,0.1964895622044203
ukr005.SG,Ukraine,Ukraine_N_contam_dup.I5878.SG,7296.0,0.1954375207424163,-0.06095915279269961,1.3675945832615648,0.8460243733335965
ukr033.SG,Ukraine,Ukraine_Nikolske_N.SG,6521.0,0.057646594941616,-0.08947014856773522,1.3828376351816387,0.7951370959862573
ukr087.SG,Ukraine,Ukraine_N.SG,7233.0,0.4475078582763672,-0.12165697327775468,1.4078636777618647,0.7916468197195139
ukr102.SG,Ukraine,Ukraine_Mesolithic_contam.SG,8383.0,0.9364986419677734,-0.08303174673186045,1.3877639998890658,0.809200074004077
ukr102_d.SG,Ukraine,Ukraine_Mesolithic.SG,8383.0,0.3263047635555267,-0.06024951182288517,1.3815642803029176,0.8096174875484632
ukr104.SG,Ukraine,Ukraine_Eneolithic_SeredniiStih_dup.I28319.SG,5564.0,0.6184501051902771,-0.09131098061393265,1.383827556489334,0.7951285629098085
ukr108.SG,Ukraine,Ukraine_Mesolithic_contam.SG,7943.0,0.3710455596446991,-0.08059231229636983,1.3650461476622031,0.8043909226220051
ukr108_d.SG,Ukraine,Ukraine_Mesolithic.SG,7943.0,0.1118933856487274,-0.08267454985670904,1.346321990324511,0.8066922761030838
ukr111.SG,Ukraine,Ukraine_N_contam.SG,6677.0,0.5036062002182007,-0.057784491282182195,1.3904989281335691,0.7813599933237354
ukr111_d.SG,Ukraine,Ukraine_N.SG,6677.0,0.1020589396357536,-0.07859361111744481,1.3627650101423334,0.8107336170745689
ukr112.SG,Ukraine,Ukraine_Eneolithic_SeredniiStih.SG,6340.0,0.0885229930281639,-0.06849670864985101,1.4028039974430229,0.761691960226238
ukr113.SG,Ukraine,Ukraine_N_contam_dup.I5890_1d.rel.I5879.SG,6711.0,0.5280260443687439,-0.09522774099144286,1.3725795471218718,0.795182097679313
ukr113_d.SG,Ukraine,Ukraine_N_dup.I5890_1d.rel.I5879.SG,6711.0,0.1287237107753753,-0.06721670347615902,1.4034872762539325,0.8273935582368152
ukr116.SG,Ukraine,Ukraine_Eneolithic_SeredniiStih.SG,6306.0,0.1752495765686035,-0.0911376277900053,1.4166304835465733,0.8433967136715667
ukr117.SG,Ukraine,Ukraine_N_dup.I5886.SG,7132.0,0.0933088287711143,-0.09664786753777602,1.3427130815616208,0.7975227976102786
ukr123.SG,Ukraine,Ukraine_Eneolithic_SeredniiStih.SG,6206.0,0.1140807121992111,-0.09190598397050005,1.3600977684804112,0.8037453650383659
ukr125.SG,Ukraine,Ukraine_Epipaleolithic_Mesolithic_contam.SG,10544.0,0.2320794612169265,-0.0987168899803589,1.3910536482314586,0.7689550064991173
ukr125_d.SG,Ukraine,Ukraine_Epipaleolithic_Mesolithic.SG,10544.0,0.0585890002548694,-0.07047704346962488,1.376532245855523,0.8008924972941526
ukr144.SG,Ukraine,Ukraine_Nikolske_N_contam.SG,7027.0,0.2735932171344757,-0.09261274048284962,1.3545279969641033,0.7815648710725979
ukr144_d.SG,Ukraine,Ukraine_Nikolske_N.SG,7027.0,0.0721654966473579,-0.06004697550177792,1.3987927002571126,0.8282447557132621
ukr147.SG,Ukraine,Ukraine_Nikolske_N_contam.SG,6617.0,0.1724101901054382,-0.0900635404384515,1.3407539566032731,0.788169654082017
ukr158.SG,Ukraine,Ukraine_Yasinovatka_N_contam.SG,7144.0,0.2099012732505798,-0.07976049663523083,1.4169858255983498,0.782742962984231
ukr159.SG,Ukraine,Ukraine_Yasinovatka_N_brother.ukr160_father.I27994.SG,7053.0,0.1585757881402969,-0.1007833836088948,1.4110542643334139,0.8419497076052544
ukr160.SG,Ukraine,Ukraine_Yasinovatka_MT_N_contam.SG,7235.0,0.414528489112854,-0.06908325628509909,1.3932218277292412,0.8134112524933682
ukr160_d.SG,Ukraine,Ukraine_Yasinovatka_MT_N.SG,7235.0,0.1148933544754982,-0.07649132086656195,1.3504580604277763,0.7935468961410569
ukr161.SG,Ukraine,Ukraine_Yasinovatka_N_contam_dup.I27994.SG,7056.0,0.319444328546524,-0.06103898714731623,1.385779957417083,0.7996766906553431
ukr161_d.SG,Ukraine,Ukraine_Yasinovatka_N_dup.I27994.SG,7056.0,0.0790640488266944,-0.08750800447020943,1.3886965012841088,0.8237929659962615
ukr162.SG,Ukraine,Ukraine_Yasinovatka_MT_N_contam_father.or.son.I27986_1d.rel.I27982.SG,6617.0,0.3469825685024261,-0.09947284898748987,1.3467743300834347,0.7787593956356429
ukr162_d.SG,Ukraine,Ukraine_Yasinovatka_MT_N_father.or.son.I27986_1d.rel.I27982.SG,6617.0,0.1168016865849495,-0.08890987634419784,1.3628233338472482,0.7913434622688028
GLN201.AG,France,France_N.AG,6932.0,0.6654236316680908,-0.9716593560010933,-0.8917532168419916,0.007086526376454557
GLN202.AG,France,France_N_father.or.son.GLN201.AG,6381.0,0.6250218152999878,-0.966888520897903,-0.8012433661426697,-0.008440928531890447
GLN204.AG.SG,France,France_N.AG.SG,6550.0,0.0517228916287422,-0.9760395629053217,-0.8447470898754017,-0.02848436248121966
GLN206.AG,France,France_N.AG,6550.0,0.8209654092788696,-0.9553037566165604,-0.8389792076944268,-0.006041779932733018
GLN207A.AG,France,France_N.AG,6550.0,0.612923800945282,-0.9744152151801349,-0.8422034852134871,-0.02638641406992585
GLN207B.AG,France,France_N.AG,6482.0,0.5058519244194031,-1.0325271164537537,-0.8910533989631483,-0.05322022199589633
GLN208.AG,France,France_N.AG,6550.0,0.4805513024330139,-0.9733729127607811,-0.8596859217702085,-0.03666344568426782
GLN209.AG,France,France_N.AG,6456.0,0.7064775228500366,-0.9955515618530394,-0.838132241098377,-0.04212166587144264
GLN211A.AG,France,France_N.AG,6550.0,0.5578173398971558,-1.0285133172408147,-0.8072980219649915,0.015347026721087094
GLN211B.AG,France,France_N_1d.rel.GLN211A.AG,6550.0,0.4389094114303589,-0.9693584104725946,-0.8553654216454937,-0.02291975980662587
GLN212.AG,France,France_N_sister.GLN255.AG,6550.0,0.5454443693161011,-0.9891281958020718,-0.8791040835691528,-0.004395297522276993
GLN213.AG,France,France_N_sister.GLN255.GLN212.AG,6785.0,0.2123651504516601,-1.0334603202896095,-0.8569509740053819,0.011286296268724284
GLN214.AG,France,France_N.AG,6550.0,0.5007084012031555,-0.9529624875523397,-0.8328045581117937,-0.02545413495549349
GLN215A.AG,France,France_N.AG,6550.0,0.6166982650756836,-1.0017760689318436,-0.8661619076210048,-0.006083531020179519
GLN216.AG,France,France_N_father.or.son.GLN275_1d.rel.GLN325.GLN276.GRG041.AG,6690.0,0.8419854640960693,-1.0074274112488653,-0.8649058826445003,-0.02150112778618646
GLN221B.AG,France,France_N_1d.rel.GLN265.GLN325.GLN266.AG,6735.0,0.429822713136673,-1.0001411047082454,-0.8546446159077065,-0.009904145659982436
GLN224.AG,France,France_N_brother.GLN255.GLN213.GLN212.AG,6550.0,0.1432636976242065,-1.0473670036383695,-0.9154203619473774,-0.029231547587713465
GLN226.AG,France,France_N.AG,6550.0,0.4005399644374847,-0.9983224929225563,-0.8571465878424488,-0.02540390717801979
GLN232B.AG,France,France_N.AG,6564.0,0.1677322089672088,-1.0129120792655204,-0.8365502174420298,0.00572429236496831
GLN235.AG,France,France_N.AG,6550.0,0.6405196189880371,-0.9695913144873479,-0.8249607895490837,-0.014242657373629024
GLN236A.AG,France,France_N_1d.rel.GLN262.AG,6550.0,0.5677539706230164,-1.0136215242637587,-0.8258638127730936,-0.03861580659254948
GLN236B.AG,France,France_N.AG,6550.0,0.7235292792320251,-0.946652287174335,-0.8055840996860213,-0.006554270603168132
GLN237A.AG,France,France_N_father.or.son.GLN265.GLN325.GLN221B.GLN266.AG,6739.0,0.362948328256607,-1.0148565187957268,-0.8279622584365859,0.008296858624617128
GLN241.AG,France,France_N.AG,6550.0,0.5733694434165955,-1.0293568349882898,-0.7837165635063789,-0.009656558132441564
GLN242.AG,France,France_N.AG,6415.0,0.3181248009204864,-0.9865655091656489,-0.845153987821085,-0.0246998118556773
GLN244.AG,France,France_N_daughter.GLN245B.AG,6550.0,0.6040763854980469,-0.96544339912946,-0.8529468078684603,-0.037826181538001984
GLN245A.AG,France,France_N_father.or.son.GLN245B.AG,6550.0,0.6270096302032471,-1.0001793575520606,-0.8690257775219855,0.0001590084638732327
GLN245B.AG,France,France_N.AG,6550.0,0.6584821343421936,-1.0089470309078783,-0.8501432536020607,-0.02558197065046398
GLN246.AG,France,France_N.AG,6686.0,0.6218085289001465,-1.0173564111080664,-0.8244757487717856,-0.0030001252112044218
GLN249.AG,France,France_N_mother.GLN258.GLN245A.GLN244.AG,6550.0,0.4461218118667602,-0.9508045556872706,-0.8934251602570807,0.0001618723940712349
GLN250.AG,France,France_N.AG,6862.0,0.4954935610294342,-1.0270419384589944,-0.8351259071056553,-0.020438594380493
GLN253.AG,France,France_N_1d.rel.GLN275.AG,6070.0,0.5651302933692932,-0.9675915551678862,-0.8594128819942168,0.010259305804137175
GLN255.AG,France,France_N.AG,6574.0,0.6156463623046875,-1.0054174535089433,-0.8692068880913619,-0.02943286918089111
GLN257.AG,France,France_N.AG,6665.0,0.5566980838775635,-1.0236693931530583,-0.821778481442376,-0.012161463675352976
GLN258.AG,France,France_N_father.or.son.GLN245B_1d.rel.GLN244.GLN245A.AG,6550.0,0.5013532042503357,-1.0127316601688572,-0.8742975707596898,-0.021642861412377357
GLN260.AG,France,France_N_brother.GLN241_1d.rel.GLN319.AG,6550.0,0.523000955581665,-1.0053467746554423,-0.8563088093013171,-0.015879141569022263
GLN261.AG,France,France_N_father.or.son.GLN245B.AG,6550.0,0.5846759080886841,-0.9921626818817876,-0.8782425786436133,-0.018842119427747515
GLN262.AG,France,France_N.AG,6550.0,0.6274013519287109,-0.976568189556922,-0.8147563446920918,-0.018699328734109705
GLN263.AG,France,France_N_brother.GLN321.AG,6918.0,0.4482329189777374,-0.9734965863455395,-0.8407796203849282,-0.05109854309366751
GLN265.AG,France,France_N_father.or.son.GLN235_1d.rel.GLN325.GLN266.AG,6550.0,0.5325929522514343,-0.9962123949716107,-0.8389847987935718,-0.0052825911977728126
GLN266.AG,France,France_N_1d.rel.GLN325.AG,6550.0,0.5959320664405823,-0.9929871132668843,-0.8508914286031176,-0.016954804290032554
GLN267.AG,France,France_N_1d.rel.GLN268A.GLN269.AG,6550.0,0.4053258299827575,-0.9326272428138879,-0.8066022747988376,0.05075499985421963
GLN268A.AG,France,France_N_1d.rel.GLN269.AG,6550.0,0.5207633376121521,-1.020358939818186,-0.8251662701893936,0.0013512509658573937
GLN269.AG,France,France_N.AG,6550.0,0.6662800908088684,-1.0006959372085467,-0.8519370917947087,-0.021616203499489367
GLN275.AG,France,France_N.AG,6840.0,0.9211663007736206,-1.0128651182461101,-0.8878620385551768,-0.02666645234787037
GLN276.AG,France,France_N_1d.rel.GLN325_father.or.son.GLN275.AG,6550.0,0.8650428056716919,-1.001460278512735,-0.8560299362207974,-0.021574630549673235
GLN277.AG,France,France_N_1d.rel.GLN307.AG,6532.0,0.4917133748531341,-0.9527027356308315,-0.8702589123920914,-0.01429720179204644
GLN279.AG,France,France_N.AG,6550.0,0.1422028839588165,-1.020171083948125,-0.8563807919573589,-0.011695857156303254
GLN282.AG,France,France_N_father.or.son.GLN207A.AG,6550.0,0.5816735029220581,-0.9358580182853217,-0.851432613903304,-0.019702196131278583
GLN284.AG,France,France_N.AG,6402.0,0.575410783290863,-1.0294611268688443,-0.8416084115183586,-0.012678439577275253
GLN285A.AG,France,France_N.AG,6550.0,0.609534502029419,-1.0047244074763446,-0.8595333843956993,-0.042739952909021946
GLN285B.AG,France,France_N_1d.rel.GLN285A.AG,6550.0,0.4970482885837555,-1.0147634115299853,-0.8612254336118923,0.006597651770733432
GLN288.AG,France,France_N.AG,6550.0,0.4818254113197326,-1.0314102847654225,-0.8946375810534654,-0.03127331852959094
GLN291.AG,France,France_N.AG,6550.0,0.6484197378158569,-0.9761050953775934,-0.8467628428322581,-0.02520717427740683
GLN298.AG,France,France_N_1d.rel.GLN291.AG,6495.0,0.5140789151191711,-0.9954525918211761,-0.8761000146430878,0.005743657512498721
GLN300.AG,France,France_N_father.GLN277_father.or.son.GLN305_1d.rel.GLN298.GLN291.AG,6550.0,0.2528294622898102,-0.9858699450145927,-0.8437417003441131,-0.010023236690442985
GLN301.AG,France,France_N.AG,6588.0,0.3697414398193359,-0.9658167906593775,-0.8511507014154631,-0.06484087884913663
GLN302.AG,France,France_N.AG,6550.0,0.44955974817276,-1.0430163478200767,-0.8138024568874407,-9.598234177435105e-05
GLN305.AG,France,France_N_father.or.son.GLN291.AG,6550.0,0.3916244208812713,-1.0214772256398703,-0.9126259247968246,-0.07432538002646132
GLN306.AG,France,France_N_1d.rel.GLN301.AG,6550.0,0.3546377718448639,-0.9668038854679755,-0.8142163245728188,-0.023043196755978324
GLN307.AG,France,France_N.AG,6550.0,0.5777376294136047,-1.007827063839068,-0.9228250780119636,-0.0005810427076167073
GLN308.AG,France,France_N.AG,6550.0,0.6765265464782715,-0.9340230496386711,-0.8110135282552764,-0.002858333649101713
GLN309.AG,France,France_N.AG,6550.0,0.6799401044845581,-0.9783165334542258,-0.8199386214218655,-0.005792227193063982
GLN310B.AG,France,France_N.AG,6550.0,0.529916524887085,-0.9714827087541195,-0.9020075458280162,-0.04450979840658353
GLN315.AG,France,France_N_1d.rel.GLN202.AG,6776.0,0.502388060092926,-0.9634897908546304,-0.8213139589003944,-0.011806520168644622
GLN319.AG,France,France_N_1d.rel.GLN241.AG,6615.0,0.5728739500045776,-1.0158452914946525,-0.8431364382796981,-0.018876264913407038
GLN320.AG,France,France_N.AG,6550.0,0.554668128490448,-1.0328368405825572,-0.9442700055215715,-0.036003224393103196
GLN321.AG,France,France_N.AG,6550.0,0.4658953249454498,-1.0140818104453435,-0.8319579026701849,-0.029766255411676393
GLN322.AG,France,France_N.AG,6550.0,0.4130443036556244,-0.9588001105950982,-0.8259227962515078,0.018262103610402692
GLN325.AG,France,France_N.AG,6874.0,0.8868746757507324,-1.0248585952684919,-0.9014302656748968,-0.03935674357785902
GLN326.AG,France,France_N.AG,6550.0,0.5857991576194763,-0.9337525725610297,-0.8079911836246771,-0.03587167646207979
LAR11.SG,France,FrenchAlps_LPSP.SG,321.0,0.0852221325039863,-0.9857220973089933,-0.8252911501632358,-0.01381639478096668
LAR8.SG,France,FrenchAlps_LPSP.SG,321.0,0.3423864841461181,-1.0174908148588655,-0.7944662000407449,-0.012430588910823489
PCA0001.SG,Poland,Poland_Kowalewko_Wielbark_IA.SG,1806.0,0.0860031470656395,-0.20655312926305824,1.8914039637721825,-0.19931076956721427
PCA0002.SG,Poland,Poland_Kowalewko_Wielbark_IA.SG,1750.0,0.0803795233368873,-0.19238875931678415,1.8667697358710353,-0.22060905805501485
PCA0007.SG,Poland,Poland_Kowalewko_Wielbark_IA.SG,1806.0,0.0927443578839302,-0.22254012800079806,1.8168561488818764,-0.1985116018518714
PCA0011.SG,Poland,Poland_Gaski_Przeworsk_IA.SG,1750.0,0.2694481015205383,-0.26034697402140755,1.8285542692090166,-0.21087021506286255
PCA0012.SG,Poland,Poland_Gaski_Przeworsk_IA.SG,1750.0,0.1676178574562072,-0.19255195025690774,1.8310998973211468,-0.21363928771944832
PCA0015.SG,Poland,Poland_Kowalewko_Wielbark_IA.SG,1797.0,0.1022860258817672,-0.16945201939920204,1.8761141765507532,-0.21546263782451539
PCA0018.SG,Poland,Poland_Kowalewko_Wielbark_IA.SG,1790.0,0.0991789996623992,-0.15540188734168736,1.9110562361994794,-0.2735982697757333
PCA0026.SG,Poland,Poland_Kowalewko_Wielbark_IA.SG,1817.0,0.171042799949646,-0.21812270049216412,1.8965896876058759,-0.2406730589735479
PCA0027.SG,Poland,Poland_Kowalewko_Wielbark_IA.SG,1750.0,0.2419447302818298,-0.18832500775806993,1.8736603317512481,-0.1996123211554023
PCA0028.SG,Poland,Poland_Kowalewko_Wielbark_IA.SG,1889.0,0.3596061170101166,-0.17185714009169437,1.8249067720577337,-0.21771718325988376
PCA0030.SG,Poland,Poland_Kowalewko_Wielbark_IA.SG,1887.0,0.3102805912494659,-0.21222269620721473,1.857154358461585,-0.21394077797927674
PCA0031.SG,Poland,Poland_Kowalewko_Wielbark_IA.SG,1872.0,0.1397098004817962,-0.1896680599539077,1.8340412712598861,-0.20404021053017116
PCA0034.SG,Poland,Poland_Kowalewko_Wielbark_IA.SG,746.0,0.1042195037007331,-0.19133852262720433,1.8543044612874704,-0.19962902509702476
PCA0035.SG,Poland,Poland_Kowalewko_Wielbark_IA.SG,1884.0,0.0703528672456741,-0.18000871405423172,1.9043089955040824,-0.1780410926367793
PCA0036.SG,Poland,Poland_Kowalewko_Wielbark_IA.SG,1835.0,0.1378152519464492,-0.15130362361990274,1.8332306791855344,-0.22413392345156719
PCA0040.SG,Poland,Poland_Kowalewko_Wielbark_IA.SG,1790.0,0.1601605117321014,-0.1807413623913483,1.874312645353204,-0.19605049725870646
PCA0044.SG,Poland,Poland_Kowalewko_Wielbark_IA.SG,1810.0,0.0953144878149032,-0.16891818582193616,1.8891859676837668,-0.20951084283194873
PCA0045.SG,Poland,Poland_Kowalewko_Wielbark_IA.SG,1784.0,0.0599401630461216,-0.21935829911339705,1.957076633579596,-0.22953745120772118
PCA0046.SG,Poland,Poland_Kowalewko_Wielbark_IA_contam.SG,1927.0,0.7722789645195007,-0.175022338129411,1.8943543051161464,-0.2059793393838002
PCA0049.SG,Poland,Poland_Kowalewko_Wielbark_IA.SG,1850.0,0.106715016067028,-0.24571879592153098,1.8661357653568647,-0.21843005553747313
PCA0050.SG,Poland,Poland_Kowalewko_Wielbark_IA.SG,1814.0,0.1075714528560638,-0.18424099392453105,1.8160648300257551,-0.21582938436349408
PCA0051.SG,Poland,Poland_Kowalewko_Wielbark_IA.SG,1750.0,0.1187205612659454,-0.15858843335968112,1.867352608531216,-0.24714526866940933
PCA0052.SG,Poland,Poland_Kowalewko_Wielbark_IA.SG,1872.0,0.1076687723398208,-0.17545870812275902,1.8424703050690918,-0.2090516412819209
PCA0054.SG,Poland,Poland_Kowalewko_Wielbark_IA.SG,1750.0,0.0519621446728706,-0.16174464683591785,1.891707400340299,-0.19500937999895518
PCA0056.SG,Poland,Poland_Kowalewko_Wielbark_IA.SG,1795.0,0.086067222058773,-0.21101310162391093,1.8800967190066573,-0.2740575760022711
PCA0059.SG,Poland,Poland_Kowalewko_Wielbark_IA.SG,1890.0,0.751575231552124,-0.17561214661371882,1.8524941166790383,-0.22015189289013912
PCA0060.SG,Poland,Poland_Kowalewko_Wielbark_IA_contam.SG,1835.0,0.6972781419754028,-0.18723585030578366,1.8498441242393044,-0.19858193299383034
PCA0062.SG,Poland,Poland_Kowalewko_Wielbark_IA.SG,1797.0,0.249937355518341,-0.15794196518700904,1.8842106585092082,-0.20741756915409437
PCA0063.SG,Poland,Poland_Kowalewko_Wielbark_IA.SG,1885.0,0.2565187811851501,-0.17772807280270525,1.8470170169498379,-0.23205770123535274
PCA0065.SG,Poland,Poland_Kowalewko_Wielbark_IA.SG,1750.0,0.0915927067399025,-0.1977456139489312,1.8939955310535814,-0.20314676892491762
PCA0066.SG,Poland,Poland_Kowalewko_Wielbark_IA.SG,1872.0,0.0687827318906784,-0.18623691638141415,1.8846522556470675,-0.20262081947260574
PCA0088.SG,Poland,Poland_Maslomecz_Wielbark_IA.SG,1653.0,0.279052197933197,-0.11497346716405275,1.8706621740619487,-0.18958599226871903
PCA0089.SG,Poland,Poland_Maslomecz_Wielbark_IA.SG,1753.0,0.272441565990448,-0.20090409686339017,1.8863473383428329,-0.2255669729209176
PCA0092.SG,Poland,Poland_Maslomecz_Wielbark_IA.SG,1719.0,0.2855987846851349,-0.19948105250746642,1.855592588516795,-0.22356753340242946
PCA0094.SG,Poland,Poland_Maslomecz_Wielbark_IA.SG,1650.0,0.2402432113885879,-0.19145598510218492,1.9487329139625755,-0.21506017586965695
PCA0100.SG,Poland,Poland_Maslomecz_Wielbark_IA.SG,1757.0,0.8958981037139893,-0.19889226382684402,1.8844399389026263,-0.18898292665491917
PCA0102.SG,Poland,Poland_Maslomecz_Wielbark_IA.SG,1650.0,0.1266661435365677,-0.22165748225369683,1.830382304570053,-0.18978915081539774
PCA0103.SG,Poland,Poland_Maslomecz_Wielbark_IA.SG,1756.0,0.727138340473175,-0.16456272150751666,1.8573408595522114,-0.21331972523063197
PCA0110.SG,Poland,Poland_Maslomecz_Wielbark_IA_oEEF.SG,1760.0,0.0837233662605285,-0.14114948081735182,1.8186121248231055,-0.21437833729767514
PCA0111.SG,Poland,Poland_Maslomecz_Wielbark_IA.SG,1650.0,0.1059615761041641,-0.1635395296964947,1.889471687851915,-0.2268636855105
PCA0114.SG,Poland,Poland_Maslomecz_Wielbark_IA.SG,1650.0,0.1051967814564704,-0.2072083391841952,1.8247380171182968,-0.14182378790474562
PCA0115.SG,Poland,Poland_Niemcza_IA.SG,1000.0,0.0628687590360641,-0.18934184091225326,1.8626724329389293,-0.23025481291882416
PCA0117.SG,Poland,Poland_Niemcza_IA.SG,1000.0,0.0586887560784816,-0.20029820197616277,1.8345049120491308,-0.22474093079293933
PCA0119.SG,Poland,Poland_Niemcza_IA.SG,1000.0,0.0681071504950523,-0.17966789397605482,1.8829387624668767,-0.19981878370630715
PCA0121.SG,Poland,Poland_Niemcza_IA.SG,1000.0,0.065220721065998,-0.12051483745395987,1.8493170618402675,-0.24299056226788612
PCA0122.SG,Poland,Poland_Niemcza_IA.SG,1000.0,0.305249810218811,-0.15090145812489722,1.887480411039791,-0.19119751905624296
PCA0124.SG,Poland,Poland_Niemcza_IA.SG,1000.0,0.3989593088626861,-0.21512344315646093,1.8611744714464182,-0.22741925811055955
PCA0126.SG,Poland,Poland_Niemcza_IA.SG,1000.0,0.2376982271671295,-0.18357726559498622,1.8527027778188188,-0.22109038755711058
PCA0127.SG,Poland,Poland_Niemcza_IA.SG,1000.0,0.1295217424631118,-0.20397908404567436,1.9082746469351495,-0.22501012460868786
PCA0130.SG,Poland,Poland_Niemcza_IA.SG,1000.0,0.0556328296661376,-0.16535964398158567,1.8607407818437738,-0.22113194342663564
PCA0132.SG,Poland,Poland_Niemcza_IA.SG,1000.0,0.1213677376508712,-0.17088418288232574,1.8502342757462527,-0.247643411350069
PCA0133.SG,Poland,Poland_Niemcza_IA.SG,1000.0,0.0827168896794319,-0.2108231896390301,1.8869773167889246,-0.22430448947334697
PCA0137.SG,Poland,Poland_Niemcza_IA.SG,1000.0,0.3040535748004913,-0.15645221924333985,1.8707071495401202,-0.1984287607812236
PCA0138.SG,Poland,Poland_Niemcza_IA.SG,1000.0,0.1058829054236412,-0.18373019181373904,1.9086880253042293,-0.21838684357624594
PCA0140.SG,Poland,Poland_Niemcza_IA.SG,1000.0,0.2506194114685058,-0.19376067906848526,1.898178997532416,-0.1961045680645337
PCA0142.SG,Poland,Poland_Niemcza_IA.SG,1000.0,0.1593454480171203,-0.18460730783912738,1.794562116433128,-0.20729841789862544
PCA0143.SG,Poland,Poland_Niemcza_IA_contam.SG,1077.0,0.3108207285404205,-0.19304562671021286,1.8569511086890285,-0.21841773814758172
PCA0146.SG,Poland,Poland_Niemcza_IA.SG,1000.0,0.1432190835475921,-0.17361807568665946,1.8013637234240256,-0.20791742309507447
PCA0148.SG,Poland,Poland_Niemcza_IA.SG,1000.0,0.4895122647285461,-0.16687900318063875,1.8801494482359704,-0.2261514280426543
PCA0153.SG,Poland,Poland_Markowice_IA.SG,850.0,0.0575752258300781,-0.17928904433490508,1.8583467210248867,-0.21477146549710466
PCA0156.SG,Poland,Poland_Markowice_IA.SG,1002.0,0.0961684882640838,-0.2520225930791965,1.8646292390909256,-0.2468797906117907
PCA0157.SG,Poland,Poland_Markowice_IA.SG,850.0,0.3420028686523437,-0.2210156045787913,1.8789324644096377,-0.23986134975137366
PCA0158.SG,Poland,Poland_Markowice_IA_contam.SG,850.0,0.2606793344020843,-0.14727613925375327,1.894441766486952,-0.2237367873491627
PCA0159.SG,Poland,Poland_Markowice_IA_oEastAsian.SG,1002.0,0.0721046701073646,-0.13170803257980687,1.814346624803881,-0.22799593344511135
PCA0165.SG,Poland,Poland_Legowo_IA.SG,850.0,0.196107417345047,-0.15232170708564327,1.865051445290938,-0.18993171278673807
PCA0166.SG,Poland,Poland_Legowo_IA.SG,850.0,0.1643989086151123,-0.20822913184017972,1.8706613402806742,-0.201858053172911
PCA0167.SG,Poland,Poland_Legowo_IA.SG,850.0,0.3006107807159424,-0.21516313179481497,1.8649288765001584,-0.23821818822032695
PCA0169.SG,Poland,Poland_Legowo_IA.SG,850.0,0.1107798516750335,-0.23018785880847645,1.8997581271910728,-0.23617784046520443
PCA0181.SG,Poland,Poland_Lad_IA.SG,850.0,0.1550770401954651,-0.1943981707442485,1.8596428397654083,-0.17599452484631437
PCA0182.SG,Poland,Poland_Lad_IA.SG,850.0,0.0927378684282302,-0.16755124150827877,1.8857110465282432,-0.20926626456682504
PCA0185.SG,Poland,Poland_Lad_IA.SG,850.0,0.0994506925344467,-0.15710654943878005,1.8732701966460863,-0.20092812390700862
PCA0186.SG,Poland,Poland_Lad_IA.SG,850.0,0.0703788176178932,-0.26372291198842684,1.8677325577949742,-0.21611690753825527
PCA0187.SG,Poland,Poland_Lad_IA.SG,850.0,0.1290448755025863,-0.2291199385117302,1.8327879571866679,-0.22296569068567162
PCA0189.SG,Poland,Poland_Lad_IA.SG,850.0,0.0950038656592369,-0.17684403878802918,1.842888967978618,-0.22459828911515411
PCA0191.SG,Poland,Poland_Lad_IA.SG,850.0,0.1063322126865387,-0.19245866163292968,1.854032841056414,-0.22224313039226679
PCA0192.SG,Poland,Poland_Lad_IA.SG,850.0,0.1313741207122802,-0.17143475550739154,1.8815448973626152,-0.2185414646136405
PCA0193.SG,Poland,Poland_Lad_IA.SG,850.0,0.115179643034935,-0.22805918108936898,1.8978944642379114,-0.19798247655026233
PCA0194.SG,Poland,Poland_Lad_IA.SG,850.0,0.39185231924057,-0.19121493034931633,1.8637078285332953,-0.18915046735781896
PCA0197.SG,Poland,Poland_Lad_IA.SG,850.0,0.1369377225637436,-0.14155188814316563,1.872280218580777,-0.22001088984733186
PCA0198.SG,Poland,Poland_Lad_IA.SG,779.0,0.1713096350431442,-0.16210947828707,1.8507176162018648,-0.19764420441227726
PCA0199.SG,Poland,Poland_Lad_IA.SG,850.0,0.1276499181985855,-0.17112256536871934,1.8572532200456826,-0.21639205359484437
PCA0200.SG,Poland,Poland_Lad_IA.SG,850.0,0.0815847069025039,-0.21974261109215143,1.830675070574549,-0.21616471790742314
PCA0201.SG,Poland,Poland_Lad_IA.SG,850.0,0.1023103594779968,-0.12774204555993135,1.88168585043137,-0.14916637449996917
PCA0202.SG,Poland,Poland_Lad_IA.SG,850.0,0.0698224604129791,-0.17917784442573667,1.8237923068790511,-0.21414151847192225
PCA0203.SG,Poland,Poland_Lad_IA.SG,850.0,0.1150231212377548,-0.20237756585778113,1.9027369519538582,-0.1894491424738654
PCA0205.SG,Poland,Poland_Lad_IA.SG,850.0,0.0944475010037422,-0.1433359030038015,1.8435181055950107,-0.20402993828585195
PCA0206.SG,Poland,Poland_Lad_IA.SG,850.0,0.1075925379991531,-0.15793140596689212,1.8498036072426112,-0.25259475133355447
PCA0211.SG,Poland,Poland_Lad_IA.SG,850.0,0.1082210838794708,-0.16958878609528452,1.8909314649568647,-0.2550397820851548
PCA0216.SG,Poland,Poland_Oblaczkowo_IA.SG,850.0,0.091930091381073,-0.1969112259818418,1.829986600435044,-0.2077371994633786
PCA0218.SG,Poland,Poland_Oblaczkowo_IA.SG,850.0,0.0878757983446121,-0.09388748947538904,1.8431950521763496,-0.1936301620810132
PCA0222.SG,Poland,Poland_Oblaczkowo_IA.SG,850.0,0.0802059695124626,-0.1377410656066688,1.853859815311233,-0.23368161623468692
PCA0225.SG,Poland,Poland_Oblaczkowo_IA.SG,850.0,0.0838069021701812,-0.18128159881187875,1.953316798016384,-0.22935249926901674
PCA0232.SG,Poland,Poland_PoznanSrodka_IA.SG,850.0,0.0600537061691284,-0.1876456099125106,1.812571367682556,-0.21689160282076955
PCA0234.SG,Poland,Poland_PoznanSrodka_IA.SG,850.0,0.0645200014114379,-0.1584009182026847,1.8899646466307374,-0.2210507453869573
PCA0235.SG,Poland,Poland_PoznanSrodka_IA.SG,850.0,0.0644551217555999,-0.14150711443212358,1.8659829856791053,-0.193389338967601
PCA0238.SG,Poland,Poland_PoznanSrodka_IA.SG,850.0,0.0588079765439033,-0.19964459195770026,1.901912640683922,-0.15049902466979964
PCA0244.SG,Poland,Poland_Rumin_IA.SG,861.0,0.1492612063884735,-0.15316233222066178,1.8572964244217163,-0.21846966821257396
PCA0246.SG,Poland,Poland_Rumin_IA.SG,850.0,0.1375159919261932,-0.17289733597924992,1.8550934800856111,-0.22015528118400468
PCA0297.SG,Poland,Poland_Plonsk_IA.SG,850.0,0.1029275432229042,-0.18487116702368178,1.877552571465147,-0.2005536528183626
PCA0300.SG,Poland,Poland_Groszowice_IA.SG,850.0,0.0584900565445423,-0.1451333343478817,1.833989241112423,-0.17091141212002847
PCA0301.SG,Poland,Poland_Konskie_IA.SG,850.0,0.0916056856513023,-0.1775632656829279,1.8895745245108373,-0.2027227990946148
PCA0309.SG,Poland,Poland_Konskie_IA.SG,850.0,0.1429246962070465,-0.20569684961512433,1.8555477134917182,-0.20520487323177117
PCA0312.SG,Poland,Poland_Plonsk_IA.SG,850.0,0.0764606669545173,-0.17574529980450954,1.8650302913949022,-0.18305013688203345
PCA0313.SG,Poland,Poland_Plonsk_IA.SG,850.0,0.0609766468405723,-0.1953813376968668,1.8899487503859604,-0.21984771979678877
PCA0314.SG,Poland,Poland_Plonsk_IA.SG,850.0,0.1209752038121223,-0.16166758456833058,1.8130985034737672,-0.1971849301293684
PCA0317.SG,Poland,Poland_Plonsk_IA.SG,850.0,0.2670985758304596,-0.21488407126414608,1.8916018307975973,-0.23213069880236778
PCA0319.SG,Poland,Poland_Plonsk_IA.SG,850.0,0.2214786112308502,-0.16549005969720498,1.8132651328049223,-0.19454689526662874
PCA0324.SG,Poland,Poland_Plonsk_IA.SG,850.0,0.1768391728401184,-0.20335203642571253,1.8666092852080343,-0.2220958541702505
PCA0327.SG,Poland,Poland_Plonsk_IA.SG,850.0,0.1414859443902969,-0.16367297268593226,1.871291208415001,-0.2088433288858845
PCA0328.SG,Poland,Poland_Plonsk_IA.SG,850.0,0.2196197509765625,-0.1628716491958646,1.8279537689691647,-0.21161846910777124
PCA0332.SG,Poland,Poland_OstrowLednicki_IA.SG,850.0,0.2239165306091308,-0.15654350366156167,1.9038657784086452,-0.2277839772853369
PCA0333.SG,Poland,Poland_OstrowLednicki_IA.SG,850.0,0.2698771357536316,-0.20212247052866728,1.8156200393935007,-0.20383908296675773
PCA0334.SG,Poland,Poland_OstrowLednicki_IA.SG,850.0,0.1062048822641372,-0.1618269779396616,1.886536271268819,-0.18221928588210046
PCA0335.SG,Poland,Poland_OstrowLednicki_IA.SG,850.0,0.1900718063116073,-0.16063323843718788,1.8622930073007151,-0.20459821017025384
PCA0339.SG,Poland,Poland_OstrowLednicki_IA.SG,850.0,0.3482663929462433,-0.15162555105560213,1.8530574035918912,-0.21861503910910593
PCA0340.SG,Poland,Poland_OstrowLednicki_IA.SG,850.0,0.3753861486911773,-0.15197129122727535,1.839305998097579,-0.22567508706209885
PCA0341.SG,Poland,Poland_OstrowLednicki_IA.SG,850.0,0.0793154686689376,-0.1438722508123063,1.8590580323372732,-0.23818619623607978
PCA0343.SG,Poland,Poland_OstrowLednicki_IA.SG,850.0,0.2819061875343323,-0.18152021175993735,1.8983277735073132,-0.1767311968481348
PCA0344.SG,Poland,Poland_OstrowLednicki_IA.SG,850.0,0.3550595045089721,-0.19339781228301348,1.872503501343243,-0.19565446912723417
PCA0354.SG,Poland,Poland_Dziekanowice_IA.SG,850.0,0.5087853670120239,-0.18115516469065585,1.8695419787970182,-0.213978678237609
PCA0359.SG,Poland,Poland_Dziekanowice_IA.SG,850.0,0.2241330742835998,-0.19948256542103165,1.8780939430688124,-0.22922420773822333
PCA0368.SG,Poland,Poland_Dziekanowice_IA.SG,863.0,0.0562946200370788,-0.19015543560640036,1.8236459640115066,-0.21741244059460765
PCA0376.SG,Poland,Poland_Santok_IA.SG,850.0,0.101681001484394,-0.14875994191780445,1.9307855530966491,-0.18251648317688238
PCA0381.SG,Poland,Poland_Santok_IA.SG,850.0,0.0577787905931472,-0.2428315521577189,1.9128830289331615,-0.1848132120366659
PCA0383.SG,Poland,Poland_Santok_IA.SG,850.0,0.0813730284571647,-0.17213253613118248,1.8499203592787403,-0.2071262475320834
PCA0391.SG,Poland,Poland_Santok_IA.SG,850.0,0.112723059952259,-0.24674129336561215,1.8819843163740622,-0.2561140579833353
PCA0397.SG,Poland,Poland_Santok_IA.SG,850.0,0.0648825243115425,-0.18543838204821958,1.815806738063076,-0.19742248694193804
PCA0399.SG,Poland,Poland_Santok_IA.SG,850.0,0.1798350811004638,-0.15703877635697158,1.8491738553943062,-0.18076009964300513
PCA0400.SG,Poland,Poland_Santok_IA.SG,850.0,0.0558493696153163,-0.16409553932704743,1.855861227448741,-0.2203509400757411
PCA0405.SG,Poland,Poland_Santok_IA.SG,696.0,0.073267675936222,-0.17190574645282788,1.8635750591605724,-0.2340981401393094
PCA0408.SG,Poland,Poland_Santok_IA.SG,850.0,0.0864297449588775,-0.13326797890240025,1.8552034547868566,-0.17329823293364663
PCA0410.SG,Poland,Poland_Santok_IA.SG,850.0,0.0817566365003585,-0.16750211054767156,1.8855067393422535,-0.19682002651410951
PCA0411.SG,Poland,Poland_Santok_IA.SG,850.0,0.1076533645391464,-0.18447294429591216,1.8404458566120403,-0.18882223941374074
PCA0412.SG,Poland,Poland_Santok_IA.SG,850.0,0.0547025874257087,-0.15879477289653213,1.8357445713629743,-0.2551855304827408
PCA0420.SG,Poland,Poland_Santok_IA.SG,850.0,0.0587228201329708,-0.213488296156175,1.883517451209341,-0.22409347875287908
PCA0422.SG,Poland,Poland_Santok_IA.SG,850.0,0.0590967014431953,-0.1833567197578192,1.8688974740001236,-0.25285405583391896
PCA0425.SG,Poland,Poland_Santok_IA.SG,850.0,0.0745069161057472,-0.17268093213349908,1.8587858710195357,-0.22192700068252325
PCA0426.SG,Poland,Poland_Santok_IA.SG,844.0,0.1050005182623863,-0.15940615988939275,1.8631409328174906,-0.28945209795682136
PCA0427.SG,Poland,Poland_Santok_IA.SG,850.0,0.0537626110017299,-0.22352126449679374,1.868644881237669,-0.22335402937796356
PCA0451.SG,Poland,Poland_Czarnowko_Wielbark_IA.SG,1750.0,0.0643869936466217,-0.21881611074899074,1.8816589023730588,-0.1479975274062323
PCA0452.SG,Poland,Poland_Czarnowko_Wielbark_IA.SG,1750.0,0.0892229005694389,-0.15747531168689333,1.8293239379233501,-0.2057577438438008
PCA0472.SG,Poland,Poland_PruszczGdanski_Wielbark_IA.SG,1750.0,0.1066931188106536,-0.20356592639822493,1.7801595070047804,-0.25873132017779704
PCA0475.SG,Poland,Poland_PruszczGdanski_Wielbark_IA.SG,1750.0,0.085770383477211,-0.2464065486255471,1.8623474783984184,-0.2046084346791423
PCA0476.SG,Poland,Poland_PruszczGdanski_Wielbark_IA.SG,1750.0,0.057751215994358,-0.14537665012766485,1.8196222054082838,-0.15983208082102726
PCA0477.SG,Poland,Poland_PruszczGdanski_Wielbark_IA.SG,1750.0,0.0594762600958347,-0.1738004956652816,1.9186994103079384,-0.2009194527392965
PCA0478.SG,Poland,Poland_PruszczGdanski_Wielbark_IA.SG,1750.0,0.1508629620075225,-0.2285053794577725,1.8928068461447978,-0.24104968821840247
PCA0479.SG,Poland,Poland_PruszczGdanski_Wielbark_IA.SG,1750.0,0.1161471903324127,-0.24268905704159363,1.9132753477137745,-0.20302035094947513
PCA0480.SG,Poland,Poland_PruszczGdanski_Wielbark_IA.SG,1750.0,0.056932084262371,-0.1746274389303269,1.886952610450653,-0.2211887099241663
PCA0483.SG,Poland,Poland_PruszczGdanski_Wielbark_IA.SG,1750.0,0.0745385512709617,-0.21422264862781668,1.8684395959497901,-0.22547447605694235
PCA0486.SG,Poland,Poland_PruszczGdanski_Wielbark_IA.SG,1750.0,0.1172363981604576,-0.14722223732280185,1.8926073632035891,-0.1841056179530928
PCA0487.SG,Poland,Poland_PruszczGdanski_Wielbark_IA.SG,1750.0,0.0825636088848114,-0.23438887550416135,1.8951376919452394,-0.24432949179679916
PCA0488.SG,Poland,Poland_PruszczGdanski_Wielbark_IA.SG,1750.0,0.0674023702740669,-0.17518543320127958,1.8431166696305958,-0.25135415207989953
PCA0492.SG,Poland,Poland_PruszczGdanski_Wielbark_IA.SG,1750.0,0.1155186519026756,-0.15851972060683078,1.843123860289816,-0.2348720648284894
PCA0493.SG,Poland,Poland_PruszczGdanski_Wielbark_IA.SG,1750.0,0.1033111587166786,-0.13975361891136368,1.936690547537101,-0.16818135011824953
PCA0495.SG,Poland,Poland_PruszczGdanski_Wielbark_IA.SG,1750.0,0.0738994628190994,-0.1747277707920098,1.9218639385030665,-0.23957925897205878
PCA0497.SG,Poland,Poland_PruszczGdanski_Wielbark_IA.SG,1750.0,0.0611639954149723,-0.13089146027595863,1.8172453636994679,-0.22420760854129554
PCA0498.SG,Poland,Poland_PruszczGdanski_Wielbark_IA.SG,1750.0,0.153696671128273,-0.1529984447199059,1.8546492627720055,-0.22466947541133772
PCA0499.SG,Poland,Poland_PruszczGdanski_Wielbark_IA.SG,1750.0,0.0973850265145301,-0.14318271721947048,1.8512807401971547,-0.20980082351419832
PCA0513.SG,Poland,Poland_Milicz_IA.SG,850.0,0.0540399812161922,-0.21776673142320735,1.9048799565543624,-0.2067403922222494
PCA0518.SG,Poland,Poland_Poznan_IA.SG,850.0,0.059140495955944,-0.17988768387227191,1.9077792020090072,-0.22990369804545036
PCA0541.SG,Poland,Poland_Milicz_IA.SG,850.0,0.1077871844172477,-0.14591343865026474,1.797488315783534,-0.21330926851104334
PCA0548.SG,Poland,Poland_Poznan_IA.SG,850.0,0.0570756345987319,-0.2294454914803894,1.88773847497924,-0.21926912499372087
PCA0549.SG,Poland,Poland_Poznan_IA.SG,850.0,0.0986842811107635,-0.2254044643296477,1.827691200459417,-0.2300148796056162
PCA0550.SG,Poland,Poland_Balczewo_IA.SG,850.0,0.0668857470154762,-0.16679447718980553,1.8912778930179421,-0.2201905429879805
PCA0551.SG,Poland,Poland_Balczewo_IA.SG,850.0,0.1199906244874,-0.13833995925114442,1.8626657271435736,-0.1938442597102278
I33811.TW,Croatia,Croatia_LateAntiquity.TW,1550.0,0.7620211839675903,0.8333296461365494,-0.009292619117644946,-0.22903167418904868
hoe001.SG,France,France_Mesolithic.SG,7187.0,0.095535896718502,-0.9517918310068916,-0.8243920157934351,0.005993984760699148
hoe002.SG,France,France_Mesolithic.SG,7216.0,0.9243324995040894,-0.9231911101194472,-0.7118912361575026,0.0015182244587322964
hoe003.SG,France,France_Mesolithic.SG,7500.0,0.9985361099243164,-0.9058822347514536,-0.6445882092028755,0.025748792167850164
hoe004.SG,France,France_Mesolithic.SG,7248.0,0.9352756142616272,-0.941524583692135,-0.6902547649269405,0.012213328210122781
hoe005.SG,France,France_Mesolithic.SG,7324.0,0.9686629176139832,-0.8966486499057678,-0.6918489432419688,0.03706146694314066
stp001.SG,France,France_Mesolithic.SG,8119.0,0.999394953250885,-0.8772591724249883,-0.7019746242866324,-0.008228704090533077
tev001.SG,France,France_Mesolithic.SG,7353.0,0.7529474496841431,-0.9244662235651557,-0.772719006929208,-0.014231111177765023
tev003.SG,France,France_Mesolithic.SG,7402.0,0.998803734779358,-0.9372851327935714,-0.7460717128872382,0.01966745597705069
LEU007.AG,Germany,Germany_EBA_Unetice.AG,3779.0,0.6095994114875793,-0.32366821070834617,-0.2002891327894208,0.1428344602683086
LEU017.AG,Germany,Germany_EBA_Unetice.AG,3900.0,0.5224340558052063,-0.41792375972303375,-0.14271212434199676,0.08732170854484027
LEU018.AG,Germany,Germany_EBA_Unetice.AG,3900.0,0.5075193643569946,-0.3580845658606779,-0.2276010714144223,0.09296441956296847
LEU021.AG,Germany,Germany_EBA_Unetice.AG,3900.0,0.2084608972072601,-0.31819242269426773,-0.19242031233590903,0.11045543238772323
LEU023.AG,Germany,Germany_EBA_Unetice.AG,4033.0,0.4777905941009521,-0.4222281997866328,-0.23108155324739182,0.1513511600559115
LEU024.AG,Germany,Germany_EBA_Unetice.AG,3900.0,0.6268198490142822,-0.3414683363359119,-0.2105977781631489,0.1373485735935256
LEU025.AG,Germany,Germany_EBA_Unetice.AG,3900.0,0.4057726860046386,-0.3474608981091765,-0.22192051043030012,0.18295872935141683
LEU02651.AG,Germany,Germany_EBA_Unetice.AG,3900.0,0.6318822503089905,-0.3629441514315618,-0.24234520974874746,0.09551383698955385
LEU026.AG,Germany,Germany_EBA_Unetice.AG,3900.0,0.6125426292419434,-0.32380979696463424,-0.1980534073652667,0.12163922115999369
LEU027.AG,Germany,Germany_EBA_Unetice.AG,3842.0,0.6342998743057251,-0.403240722395147,-0.23999498592975502,0.10815040620315544
LEU029.AG,Germany,Germany_EBA_Unetice.AG,3900.0,0.2722801864147186,-0.3328234231359514,-0.20194653717941638,0.1867193823785739
LEU008.AG,Germany,Germany_EBA_Unetice.AG,3900.0,0.3351010978221893,-0.33900233274689323,-0.13862357121470525,0.1431785950769277
LEU030.AG,Germany,Germany_EBA_Unetice.AG,3900.0,0.0712522864341735,-0.3712679602323353,-0.19742550016461005,0.12234129707460835
LEU031.AG,Germany,Germany_EBA_Unetice.AG,4001.0,0.3996600210666656,-0.33202344894738667,-0.15950423012006157,0.12931154541602713
LEU032.AG,Germany,Germany_EBA_Unetice.AG,3900.0,0.3072652220726013,-0.3648944921731304,-0.222429681816892,0.14561044604111942
LEU033.AG,Germany,Germany_EBA_Unetice.AG,3900.0,0.0898717194795608,-0.3413741748150474,-0.22203418039073855,0.09748979705882432
LEU034.AG,Germany,Germany_EBA_Unetice.AG,3900.0,0.0849772095680236,-0.37752896206810843,-0.2053418855129383,0.13359637015848672
LEU035.AG,Germany,Germany_EBA_Unetice.AG,3900.0,0.2015445083379745,-0.3907039647813483,-0.2004590471330359,0.13408392086625867
LEU036.AG,Germany,Germany_EBA_Unetice.AG,4045.0,0.073123313486576,-0.3776404847645993,-0.19568438002248012,0.1579847160064264
LEU037.AG,Germany,Germany_EBA_Unetice.AG,3900.0,0.0790535062551498,-0.3291504147363903,-0.1643655566443453,0.15281240559382117
LEU038.AG,Germany,Germany_EBA_Unetice.AG,4046.0,0.5620086789131165,-0.35514843649761474,-0.15291089946375827,0.15331077720204547
LEU039.AG,Germany,Germany_EBA_Unetice.AG,3900.0,0.6764154434204102,-0.3758727803649351,-0.23969653297152343,0.13850906443349925
LEU009.AG,Germany,Germany_EBA_Unetice.AG,3900.0,0.5363244414329529,-0.3334316121541191,-0.2442641686464879,0.1326883841875844
LEU040.AG,Germany,Germany_EBA_Unetice.AG,3900.0,0.4994781017303467,-0.36266054844063245,-0.2252200249294049,0.15203967407426455
LEU041.AG,Germany,Germany_EBA_Unetice.AG,4052.0,0.7061028480529785,-0.34451660078445584,-0.19463083207364967,0.14185115308523283
LEU044.AG,Germany,Germany_EBA_Unetice.AG,3900.0,0.4994107782840729,-0.36270502544248007,-0.22797794575915772,0.08656741351081018
LEU046.AG,Germany,Germany_EBA_Unetice.AG,3900.0,0.615145206451416,-0.4026620111736006,-0.23429400638954428,0.12343543941140804
LEU050.AG,Germany,Germany_EBA_Unetice.AG,4064.0,0.3731428682804107,-0.3633574023273654,-0.1814570854655749,0.12373747475867071
LEU051.AG,Germany,Germany_EBA_Unetice.AG,3900.0,0.0719132721424102,-0.3863849960873901,-0.21932181206395965,0.12473208731905513
LEU052.AG,Germany,Germany_EBA_Unetice.AG,3900.0,0.6170908212661743,-0.39049810148180814,-0.2241084673803656,0.1104036944536481
LEU053.AG,Germany,Germany_EBA_Unetice.AG,3961.0,0.3314133882522583,-0.3751090506254246,-0.17456860414815883,0.10823130767547254
LEU055.AG,Germany,Germany_EBA_Unetice.AG,3900.0,0.5974406003952026,-0.38224539269761293,-0.18199942130104,0.11671611548601109
LEU056.AG,Germany,Germany_EBA_Unetice.AG,3900.0,0.3996705710887909,-0.4042590589369145,-0.2313666938843436,0.14449408498733735
LEU010.AG,Germany,Germany_EBA_Unetice.AG,4026.0,0.5922354459762573,-0.3790036041498155,-0.1944058886166388,0.10826811440667593
LEU057.AG,Germany,Germany_EBA_Unetice.AG,4022.0,0.4880037903785705,-0.40928019074759575,-0.21839557065718224,0.15902830005127414
LEU058.AG,Germany,Germany_EBA_Unetice.AG,4054.0,0.5199969410896301,-0.39455744731101533,-0.2226171379149876,0.13140443633259208
LEU059.AG,Germany,Germany_EBA_Unetice.AG,3896.0,0.6084818243980408,-0.3058607769506092,-0.20902802452270128,0.13763584128016668
LEU060.AG,Germany,Germany_EBA_Unetice.AG,3911.0,0.5184316635131836,-0.39350176910491913,-0.1734432525302573,0.137825231085865
LEU061.AG,Germany,Germany_EBA_Unetice.AG,3900.0,0.4153094887733459,-0.3054432138310471,-0.2071778115282881,0.0874180545213815
LEU063.AG,Germany,Germany_EBA_Unetice.AG,3900.0,0.470640629529953,-0.33234265601256424,-0.15837899911551603,0.12059089176445008
LEU064.AG,Germany,Germany_EBA_Unetice.AG,4019.0,0.2932872474193573,-0.3949684228765667,-0.2044135423139575,0.05160337725956809
LEU065.AG,Germany,Germany_EBA_Unetice.AG,4028.0,0.5679096579551697,-0.3751355950507797,-0.18772421393649172,0.14944447726090532
LEU011.AG,Germany,Germany_EBA_Unetice.AG,4012.0,0.6332293152809143,-0.35085091062437596,-0.18936388628849216,0.10227467112866234
LEU012.AG,Germany,Germany_EBA_Unetice.AG,3900.0,0.6403030753135681,-0.3772383463588405,-0.19686998453345317,0.12774053171199937
LEU013.AG,Germany,Germany_EBA_Unetice.AG,4105.0,0.5484645962715149,-0.3009287774371655,-0.21075640514493704,0.12359340357941465
LEU014.AG,Germany,Germany_EBA_Unetice.AG,4071.0,0.5851803421974182,-0.380482257488917,-0.22784108314801924,0.13117174107145632
LEU015.AG,Germany,Germany_EBA_Unetice.AG,4028.0,0.5134609341621399,-0.35509847675548045,-0.17365353545889783,0.0670806229720582
LEU016.AG,Germany,Germany_EBA_Unetice.AG,4033.0,0.5762355923652649,-0.259660924792696,-0.18613980640972763,0.15868789755350785
WOL001.AG,Austria,Austria_Mesolithic_contam.AG,8784.0,0.1756575107574463,0.5722645101578692,-0.6200017205295615,-0.22052334025420864
AC16.AG,Italy,Italy_Epigravettian.AG,12756.0,0.9338717460632324,-0.18842566098982266,-0.6639732580810612,0.18155840433365564
DOB001.AG,Germany,Germany_Mesolithic.AG,9483.0,0.7449507713317871,-0.44648209525223104,-0.18044602330583215,0.08885172816045353
DOG001.AG,Netherlands,Netherlands_Doggerland_Mesolithic.AG,9592.0,0.4720655679702759,-1.2219607251367661,0.10612947959097128,0.560314165952515
DOG002.AG,Netherlands,Netherlands_Doggerland_Mesolithic.AG,10247.0,0.3651916086673736,-1.2296470177231067,0.10555522639783263,0.5603445153982521
DOG007.AG,Netherlands,Netherlands_Doggerland_Mesolithic.AG,9380.0,0.5781123042106628,-1.1969362949507554,0.08902970372964092,0.519527389643678
DON005.AG,Lithuania,Lithuania_Mesolithic_contam.AG,8373.0,0.2456316351890564,-0.5360668049130034,0.2643973106128246,-0.5747826558224263
DRI001.AG,Germany,Germany_Mesolithic.AG,7144.0,0.6746336221694946,-0.3819325352938436,-0.1844381982188495,0.10244333372528265
FRL006.AG,France,France_Gravettian_contam.AG,28725.0,0.5103433728218079,-0.8617430447148775,-0.84795383859345,-0.010438729869591918
FRL006_d.AG,France,France_Gravettian.AG,28725.0,0.1830191612243652,-0.924947464025944,-0.8393242134613174,-0.010423560555985279
FRM001.AG,France,France_Mesolithic.AG,9964.0,0.0929682031273841,-0.9904877582179183,-0.8042136986703902,-0.014679241954286295
GFW001.AG,Germany,Germany_Mesolithic.AG,7771.0,0.4523691236972809,-0.4023511675398032,-0.22328164630174493,0.12346307677103532
GFW002.AG,Germany,Germany_Mesolithic.AG,7878.0,0.6390321850776672,-0.4087058055324019,-0.15132889701386174,0.09850602964779998
GFW003.AG,Germany,Germany_Mesolithic.AG,7878.0,0.5337778329849243,-0.3947072447789759,-0.1763682712234888,0.08403477770347616
GFW004.AG,Germany,Germany_Mesolithic.AG,8376.0,0.5679364204406738,-0.4098088508292829,-0.1817604980229452,0.12500745269680275
AMI002.AG,Spain,Spain_Mesolithic.AG,7129.0,0.2481385022401809,-1.0782366829676915,-2.2288390220883563,0.06879711014273929
GFW005.AG,Germany,Germany_Mesolithic.AG,7046.0,0.7877200245857239,-0.36688333416262675,-0.1540893552573242,0.12205894226604405
GFW007.AG,Germany,Germany_Mesolithic.AG,7994.0,0.4518103301525116,-0.3921316482333457,-0.23177348221240937,0.1109505313994479
GFW008.AG,Germany,Germany_Mesolithic.AG,7975.0,0.0914856567978859,-0.3956787072483898,-0.23342553752516937,0.018998427086934895
GOY009.AG,Belgium,Belgium_Gravettian_contam.AG,26150.0,0.216369166970253,0.008321088470095077,-0.1765990600471858,-0.013813409344167788
GOY014.AG,Belgium,Belgium_Gravettian.AG,27926.0,0.1612983793020248,0.06731706893153114,-0.15834763333962937,-0.05552861854726787
IGR001.AG,Ukraine,Ukraine_Igren_N.AG,7565.0,0.5596656203269958,-0.0813466508851592,1.3794462965507719,0.8117808667245093
BRM001.AG,Germany,Germany_LN_oOberkassel2_contam.AG,5789.0,0.0872423872351646,-0.30583551692764627,-0.23179203364281212,0.14853379166264358
KVH001.AG,Russia,Russia_Mesolithic_Veretye.AG,8373.0,0.0807469189167022,-0.08702255877515917,0.6935281570510107,-0.09979915999007002
MN2003.AG,Russia,Russia_Minino_Mesolithic.AG,10526.0,0.5289903879165649,-0.16757664351885557,0.6897513013052432,-0.09812196381815068
MNN004.AG,Russia,Russia_Minino_Mesolithic.AG,7589.0,0.0848182439804077,-0.11085003959262091,0.7142747895436306,-0.11291388336404973
MNN005.AG,Russia,Russia_Minino_Mesolithic.AG,10499.0,0.8708399534225464,-0.17744135432433808,0.7290721789688348,-0.06805797556455598
MNN006.AG,Russia,Russia_Minino_Mesolithic.AG,10657.0,0.6054072380065918,-0.16418419686617958,0.7035742375361415,-0.09248822490098044
MNN007.AG,Russia,Russia_Minino_Mesolithic.AG,10916.0,0.1589488536119461,-0.14032091199186678,0.7041080306130085,-0.10407026167163577
MPR001.AG,Belgium,Belgium_Mesolithic.AG,10451.0,0.8491500020027161,-0.039112802868217736,-0.13669084492243871,0.004698448753809206
CRN001.AG,Spain,Spain_Mesolithic.AG,7895.0,0.6119959950447083,-1.1053697411747914,-2.2390163737499438,0.0724856062185182
OKL001.AG,Germany,Germany_LMagdalenian_Federmesser.AG,13958.0,0.7244554758071899,-0.40149429222472804,-0.25299232131918886,0.10186915672877889
OKL002.AG,Germany,Germany_LMagdalenian_Federmesser.AG,13433.0,0.5607799887657166,-0.4012402418998193,-0.26243125863321226,0.09020316079079842
OST001.AG,Germany,Germany_LN_oOberkassel1.AG,5397.0,0.1344649195671081,-0.46350658135498457,-0.2053771653826737,0.08455983077863811
OST003.AG,Germany,Germany_LN_oOberkassel1.AG,5172.0,0.5833701491355896,-0.39680059974794735,-0.2266369351599829,0.1106792619625493
CRN002.AG,Spain,Spain_Mesolithic_contam.AG,7938.0,0.6543012857437134,-1.098657068191717,-2.255366586979281,0.08701941237839127
CRN002_d.AG,Spain,Spain_Mesolithic.AG,7938.0,0.2127528190612793,-1.0941293910721368,-2.239357326779446,0.0628736821429958
PRD001.AG,Italy,Italy_Epigravettian_contam.AG,12991.0,0.2042622417211532,-0.07304119919009558,-0.6756862429549229,0.21004236805350904
RIP001.AG,Italy,Italy_Epigravettian_contam.AG,16736.0,0.5505724549293518,-0.13451472787885302,-0.6080348771455999,0.1911014674249466
STO001.AG,Italy,Italy_Sicily_Epigravettian.AG,13450.0,0.7968131899833679,-0.18835601384944553,-0.5887525717396229,0.15622849778760878
UOO012.AG,Russia,Russia_YuzhniyOleniyOstrov_Mesolithic.AG,8125.0,0.4220450222492218,-0.1597411517519106,0.6429508423664116,-0.12933083913177268
CRW001.AG,Germany,Germany_Mesolithic.AG,6712.0,0.4884766042232513,-0.3710507952125796,-0.2082223243430621,0.13973717725009652
UOO033.AG,Russia,Russia_YuzhniyOleniyOstrov_Mesolithic.AG,8296.0,0.7324602603912354,-0.1913982734210929,0.6625757851333399,-0.07714218852100717
UOO049.AG,Russia,Russia_YuzhniyOleniyOstrov_Mesolithic.AG,7977.0,0.2076239287853241,-0.12716701623470106,0.6932733272990351,-0.12245788290967495
UOO051.AG,Russia,Russia_YuzhniyOleniyOstrov_Mesolithic.AG,8125.0,0.0603829808533191,-0.18317716248772692,0.7322487299560971,-0.11691677596744852
UOO052.AG,Russia,Russia_YuzhniyOleniyOstrov_Mesolithic.AG,8125.0,0.3938287794589996,-0.15224151644205364,0.6893367634121963,-0.09829050651227805
UOO059.AG,Russia,Russia_YuzhniyOleniyOstrov_Mesolithic.AG,8125.0,0.1944245547056198,-0.1321386789014614,0.746754853780858,-0.10932223489310602
VO1001.AG,Ukraine,Ukraine_N_contram.AG,7458.0,0.1403626799583435,-0.046709113211656425,1.3785212235584754,0.8141110650788383
VO1003.AG,Ukraine,Ukraine_N_contram.AG,7458.0,0.4551987648010254,-0.06100145216032916,1.360220463440653,0.8155313751824538
VO1005.AG,Ukraine,Ukraine_N.AG,7458.0,0.1140912547707557,-0.03954680122991046,1.4031208776459967,0.8286979502667512
VO2001.AG,Ukraine,Ukraine_N.AG,7531.0,0.549675464630127,-0.07316350142908584,1.409027240229063,0.8355775869533965
VSL002.AG,Ukraine,Ukraine_Mesolithic.AG,10483.0,0.4089324176311493,-0.07197549145004178,1.3534110491084979,0.795179634927622
VSL003.AG,Ukraine,Ukraine_Mesolithic_contam.AG,10358.0,0.1301162242889404,-0.06849717486649168,1.3656254218535029,0.8215416658755915
VSL004.AG,Ukraine,Ukraine_Mesolithic_contam.AG,10358.0,0.2756872773170471,-0.09113378804968793,1.3370672958063816,0.7794266961764376
WCX002.AG,Belgium,Belgium_Mesolithic_contam.AG,10495.0,0.3158101439476013,-0.027267992170291026,-0.15455804570583384,-0.01573869306689287
WCX002_d.AG,Belgium,Belgium_Mesolithic.AG,10495.0,0.058682270348072,0.02453180789513272,-0.16429701996605237,-0.019180481101935536
WCX004.AG,Belgium,Belgium_Mesolithic_contam.AG,10471.0,0.1446837931871414,0.03768291664917077,-0.17811005272849717,-0.03602916722272008
nalchik2023.SG,Russia,Russia_Nalchik_E.SG,6975.0,0.4128707349300384,-0.14093321509393394,0.7451761170600115,-0.11006276705072932
HNJ002.AG,Hungary,Hungary_MiddleAvar.AG,1250.0,0.8512213826179504,1.6993454045122056,0.2531321521414667,-0.10785761237624401
HNJ003.AG,Hungary,Hungary_MiddleAvar.AG,1250.0,0.7757071256637573,1.7210664058385277,0.015432370630693332,-0.017706296896881617
HNJ004.AG,Hungary,Hungary_MiddleAvar.AG,1250.0,0.3498065173625946,1.7678896864699836,0.05509381072032732,-0.10197741292699962
HNJ006.AG,Hungary,Hungary_MiddleAvar.AG,1250.0,0.1148463189601898,1.6699455336087026,0.04453662994776223,-0.0811797782595653
HNJ007.AG,Hungary,Hungary_MiddleAvar.AG,1250.0,0.1663737595081329,1.6759808026161096,0.08495374335701461,-0.05704935062014478
HNJ008.AG,Hungary,Hungary_MiddleAvar.AG,1250.0,0.1493642032146453,1.6773956404117927,0.1118219076945013,-0.09812165841742664
HNJ010.AG,Hungary,Hungary_MiddleAvar.AG,1250.0,0.7846251130104065,1.715012559536852,0.13970168768012353,-0.01481627622437256
HNJ011.AG,Hungary,Hungary_MiddleAvar.AG,1283.0,0.6226998567581177,1.6750579299601773,0.02640586108953904,-0.04177509748248743
HNJ012.AG,Hungary,Hungary_MiddleAvar.AG,1250.0,0.7049155235290527,1.684852116125887,0.07616404529187733,-0.058275419143809855
HNJ013.AG,Hungary,Hungary_MiddleAvar.AG,1250.0,0.5009858012199402,1.6692097439810447,0.08881307213923528,-0.03528006380980475
HNJ014.AG,Hungary,Hungary_MiddleAvar.AG,1250.0,0.7244554758071899,1.6703289429166484,0.11292045161731078,-0.1424597033183583
HNJ015.AG,Hungary,Hungary_MiddleAvar.AG,1250.0,0.798690676689148,1.5882325241352169,0.10631039375239917,-0.08018644081899796
HNJ016.AG,Hungary,Hungary_MiddleAvar.AG,1263.0,0.4718141555786133,1.695671191571381,0.08669581894822567,-0.07957381164271708
HNJ025.AG,Hungary,Hungary_MiddleAvar.AG,1250.0,0.8399878740310669,2.0177795229561757,-0.061538216451333415,-0.08561488526023309
HNJ026.AG,Hungary,Hungary_MiddleAvar.AG,1250.0,0.8223960399627686,1.5828594575445043,0.20483679110260405,-0.025349538832793433
KFJ001.AG,Hungary,Hungary_LateAvar.AG,1188.0,0.1825422793626785,1.7174263631735947,0.08068108885038784,-0.07884046850101598
KFJ003.AG,Hungary,Hungary_LateAvar.AG,1188.0,0.0768921300768852,1.6369714935046473,0.07294790338265035,-0.095768127502709
KFJ004.AG,Hungary,Hungary_LateAvar.AG,1188.0,0.8006971478462219,1.4458262457325253,0.17201762323375322,0.001984473458753858
KFJ005.AG,Hungary,Hungary_LateAvar.AG,1188.0,0.7196314930915833,1.6876064875745793,0.02647408575869732,-0.06156641911937438
KFJ006.AG,Hungary,Hungary_LateAvar.AG,1188.0,0.8420527577400208,1.7731253966601068,-0.016073525472933354,-0.05646819290803263
KFJ007.AG,Hungary,Hungary_LateAvar.AG,1188.0,0.8082761764526367,1.8191871350172442,-0.036769669344793934,0.014331614233781934
KFJ008.AG,Hungary,Hungary_LateAvar.AG,1188.0,0.6016668081283569,1.6199972780239484,0.09908595344702767,-0.05935856617037955
KFJ009.AG,Hungary,Hungary_LateAvar.AG,1188.0,0.6275084018707275,1.657991177076724,0.07089167851266778,-0.11128105409294287
KFJ010.AG,Hungary,Hungary_LateAvar.AG,1188.0,0.7464917302131653,1.7898748290606235,0.014806866098986508,-0.19697311782924334
KFJ011.AG,Hungary,Hungary_MiddleLateAvar.AG,1213.0,0.8841707110404968,1.5962468576958306,0.16377235967799786,-0.010353502412083191
KFJ012.AG,Hungary,Hungary_LateAvar.AG,1188.0,0.8424055576324463,1.8560987843819894,-0.13250776732374503,-0.11083820202625821
KFJ013.AG,Hungary,Hungary_MiddleLateAvar.AG,1213.0,0.8724068403244019,1.6633405368167553,-0.045001950299564275,-0.019292703286161117
KFJ014.AG,Hungary,Hungary_MiddleLateAvar.AG,1213.0,0.4655587673187256,1.6774225070251103,0.06210735307316648,-0.0368178156190065
KFJ015.AG,Hungary,Hungary_MiddleLateAvar.AG,1213.0,0.868868350982666,1.736088051019948,-0.07382475869908935,-0.1083194420554002
KFJ016.AG,Hungary,Hungary_MiddleLateAvar.AG,1213.0,0.1164294257760047,1.7523258548921452,0.08110305570404502,-0.12677818070914074
KFJ017.AG,Hungary,Hungary_LateAvar.AG,1188.0,0.8748220801353455,1.7559185969715296,-0.0742176818012321,0.010801965427099682
KFJ018.AG,Hungary,Hungary_LateAvar.AG,1188.0,0.8728131651878357,1.7063484925626258,-0.008617258657471332,0.013901232315689826
KFJ019.AG,Hungary,Hungary_LateAvar.AG,1188.0,0.231490671634674,1.685634739763985,0.0751280050119557,-0.08493358686971492
KFJ020.AG,Hungary,Hungary_LateAvar.AG,1188.0,0.5284916162490845,1.7144072666046244,-0.010573431504148523,-0.08310399700860231
KFJ021.AG,Hungary,Hungary_LateAvar.AG,1188.0,0.8640695810317993,1.707418769576809,-0.09632336136533674,-0.12422248994253732
KFJ022.AG,Hungary,Hungary_LateAvar.AG,1188.0,0.8555092215538025,1.763242866257327,-0.10612233122803506,-0.1302840765803978
KFJ023.AG,Hungary,Hungary_LateAvar.AG,1188.0,0.7770445346832275,1.6101486336646726,-0.046502442261797367,0.033844455804925275
KFJ024.AG,Hungary,Hungary_MiddleLateAvar.AG,1213.0,0.672653079032898,1.6238504157246911,0.10318192283731095,0.004891287061306574
KFJ025.AG,Hungary,Hungary_LateAvar.AG,1188.0,0.8513219356536865,1.8061123579961804,0.05727517108926115,-0.10384360006646212
KFJ026.AG,Hungary,Hungary_LateAvar.AG,1188.0,0.2705324292182922,1.643476937687659,0.09361200878621243,-0.07410847899988313
KFJ027.AG,Hungary,Hungary_Avar.AG,1213.0,0.6974897980690002,1.659614251701756,0.0891216724527371,-0.11027711778081342
KFJ028.AG,Hungary,Hungary_MiddleLateAvar.AG,1213.0,0.5698431134223938,1.6428402164737357,0.14844533888644051,-0.11968363357796173
KFJ029.AG,Hungary,Hungary_MiddleLateAvar.AG,1213.0,0.790116548538208,1.6687305295870787,0.06365994575280261,-0.03395894970158899
KFJ030.AG,Hungary,Hungary_LateAvar.AG,1188.0,0.6881995797157288,1.7230568966701736,0.022870307111371124,-0.05943772541631094
KFJ031.AG,Hungary,Hungary_Avar.AG,1213.0,0.8077433109283447,1.677504205484932,0.09451862493118848,-0.00128424866650463
KFJ032.AG,Hungary,Hungary_MiddleLateAvar.AG,1213.0,0.8207350373268127,1.501277167838085,0.19754208834475576,0.032315302923458564
KFJ033.AG,Hungary,Hungary_Avar.AG,1213.0,0.8792129755020142,1.5375439932677994,0.10071237581604352,0.07077357829567298
KFJ034.AG,Hungary,Hungary_MiddleAvar.AG,1255.0,0.5863547325134277,1.7035235250044727,0.03883634690876686,-0.1081741735028743
KFJ036.AG,Hungary,Hungary_MiddleLateAvar.AG,1213.0,0.8094180822372437,1.543530834163814,0.20217450612008175,0.07881267980852581
KFJ037.AG,Hungary,Hungary_LateAvar.AG,1188.0,0.4025594294071197,1.7045384965179022,0.07800359944143376,-0.09120373125126403
KFJ038.AG,Hungary,Hungary_MiddleLateAvar.AG,1213.0,0.8326384425163269,1.5297489943594902,0.1295224899074805,0.10776044845245233
KFJ039.AG,Hungary,Hungary_MiddleLateAvar.AG,1213.0,0.6214386820793152,1.6086595644118784,0.07915390911930875,-0.043416075756984376
KFJ040.AG,Hungary,Hungary_LateAvar.AG,1188.0,0.8314510583877563,1.7516135194176987,-0.14124994608135213,-0.07264464202458383
KFJ041.AG,Hungary,Hungary_LateAvar.AG,1188.0,0.7676374912261963,1.5993864139794622,0.059740250636135625,-0.11153839880921819
KFJ042.AG,Hungary,Hungary_MiddleLateAvar.AG,1213.0,0.3241952955722809,1.702395602447141,0.0443734916894654,-0.0762221546105533
KFJ043.AG,Hungary,Hungary_MiddleAvar.AG,1255.0,0.8313294053077698,1.5483498880709168,-0.2224774569350704,-0.0738802949383862
KFJ044.AG,Hungary,Hungary_MiddleLateAvar.AG,1213.0,0.2493517845869064,1.6564500611429487,0.060284453205956455,-0.13070131421028153
KFJ045.AG,Hungary,Hungary_MiddleLateAvar.AG,1213.0,0.8315289616584778,1.656343313517198,-0.1209198122585924,-0.03169207081578406
KFJ046.AG,Hungary,Hungary_Avar.AG,1213.0,0.5499114990234375,1.6832786484432152,0.1405247199064778,-0.13562125746225215
KFJ047.AG,Hungary,Hungary_LateAvar.AG,1188.0,0.8367567658424377,1.7767344609669364,0.024073081855048372,-0.043633860699195635
KFJ048.AG,Hungary,Hungary_LateAvar.AG,1188.0,0.8046898245811462,1.736326834395828,-0.15168766030086367,-0.03729837893291672
KFJ049.AG,Hungary,Hungary_LateAvar.AG,1188.0,0.7048417329788208,1.6519729863124712,0.09652452823162658,-0.10247669967921609
KFJ050.AG,Hungary,Hungary_LateAvar.AG,1188.0,0.7028465867042542,1.7286541223312577,0.061370124461276265,-0.06139184006591959
KFJ051.AG,Hungary,Hungary_LateAvar.AG,1188.0,0.8108397722244263,1.7630184774406135,0.0575585662166731,-0.08443996942956425
KFJ052.AG,Hungary,Hungary_LateAvar.AG,1188.0,0.7933444380760193,1.544205850740002,0.25721924470984936,-0.06304006938209945
KFJ053.AG,Hungary,Hungary_LateAvar.AG,1188.0,0.8111609816551208,1.73450020103913,0.05423568026237737,-0.11765239505805382
KFJ054.AG,Hungary,Hungary_LateAvar.AG,1188.0,0.1957651674747467,1.6711229845355209,0.11182588756117202,-0.10694944969217034
KUP001.AG,Hungary,Hungary_Avar.AG,1213.0,0.6715444326400757,1.569876670140688,0.12177817398885196,0.01757928151230421
KUP002.AG,Hungary,Hungary_EarlyAvar.AG,1325.0,0.8365961909294128,1.5452355785084544,0.13166527226214428,0.11460356463533647
KUP003.AG,Hungary,Hungary_EarlyAvar.AG,1325.0,0.6427977681159973,1.7247169870633756,0.14707582654988613,-0.0309704214410391
KUP004.AG,Hungary,Hungary_EarlyAvar.AG,1325.0,0.8193758130073547,1.5251378444526433,0.2311712366972595,0.0013039730063337347
KUP005.AG,Hungary,Hungary_EarlyAvar.AG,1325.0,0.7986112236976624,1.500308627945481,0.1434435310671232,0.05220124295382174
KUP007.AG,Hungary,Hungary_LateAvar.AG,1188.0,0.8070458173751831,1.8098544362505233,-0.014708413747152834,-0.04393103174768133
KUP009.AG,Hungary,Hungary_LateAvar.AG,1188.0,0.6007601022720337,1.6624902727905033,0.13706007164197762,-0.08202585007716598
KUP010.AG,Hungary,Hungary_LateAvar.AG,1188.0,0.6737650036811829,1.7144664951204027,0.09026449988216226,-0.027334119053176908
KUP011.AG,Hungary,Hungary_LateAvar.AG,1188.0,0.810005247592926,1.9085054430914272,0.023733001844362108,-0.11442045788196453
KUP012.AG,Hungary,Hungary_LateAvar.AG,1188.0,0.7687534689903259,1.571919537425553,0.06560048678363757,-0.1591262902124045
KUP014.AG,Hungary,Hungary_Avar.AG,1213.0,0.7891644239425659,1.7519898449692128,0.09448902883930582,-0.24403501800961985
KUP015.AG,Hungary,Hungary_MiddleLateAvar_oEurope.AG,1213.0,0.5481799244880676,1.649284269053765,0.044388327688230124,-0.24432538472485368
KUP016.AG,Hungary,Hungary_LateAvar.AG,1188.0,0.8659600615501404,1.5459783691176938,-0.019266196565195133,-0.0835037151075309
KUP017.AG,Hungary,Hungary_LateAvar.AG,1188.0,0.808143138885498,1.858745647309749,0.06865196453384367,-0.11210056410787562
KUP018.AG,Hungary,Hungary_LateAvar.AG,1188.0,0.8171479105949402,1.986627613365874,0.032633687416769475,-0.24898517396485503
KUP019.AG,Hungary,Hungary_LateAvar.AG,1188.0,0.6879392266273499,1.7357221338212485,0.14858750124643963,-0.1315468536607007
KUP020.AG,Hungary,Hungary_Avar.AG,1213.0,0.8118576407432556,1.6935026161241682,0.025992131180090142,-0.16335927483841095
KUP021.AG,Hungary,Hungary_Avar.AG,1213.0,0.8249199390411377,1.644295920340692,0.13708391188826322,-0.22858899688154688
KUP022.AG,Hungary,Hungary_EarlyAvar.AG,1325.0,0.687042236328125,1.62518799687312,0.07182927547081093,-0.004536656340773321
KUP023.AG,Hungary,Hungary_LateAvar.AG,1188.0,0.7833356261253357,1.8316238933375577,0.05036702940113774,-0.20764381452993474
KUP024.AG,Hungary,Hungary_EarlyAvar.AG,1325.0,0.4947068691253662,1.6227229413771205,0.13353945387361812,-0.03842260197911046
KUP025.AG,Hungary,Hungary_EarlyAvar.AG,1325.0,0.8371720314025879,1.5258545074942107,0.0484353526181804,0.12621477907542958
KUP026.AG,Hungary,Hungary_EarlyAvar.AG,1325.0,0.7393109202384949,1.5649192031681438,0.15471668057708216,-0.01869392629476881
KUP027.AG,Hungary,Hungary_EarlyAvar.AG,1325.0,0.81792813539505,1.5275082301801168,0.19039264523917843,-0.002052495854092695
RKC001.AG,Hungary,Hungary_Avar.AG,1213.0,0.5827975869178772,1.6232799846261488,0.09420379681157819,-0.017929706475822673
RKC002.AG,Hungary,Hungary_MiddleAvar.AG,1175.0,0.8688740730285645,1.809269121011139,-0.02767397148926434,-0.10570375314077866
RKC003.AG,Hungary,Hungary_MiddleAvar.AG,1154.0,0.8814018964767456,1.884094892160517,-0.10195340233604051,-0.30158262413679504
RKC004.AG,Hungary,Hungary_MiddleLateAvar_oEurope.AG,1231.0,0.7597024440765381,1.703124892281169,0.13856241722979953,-0.1987868631120503
RKC005.AG,Hungary,Hungary_LateAvar.AG,1119.0,0.0986218303442001,1.707076107136373,0.11857257968668451,-0.10009748498953262
RKC006.AG,Hungary,Hungary_MiddleLateAvar.AG,1225.0,0.7179096937179565,1.6460638427189656,0.015534276767807494,-0.0847891799554718
RKC007.AG,Hungary,Hungary_MiddleLateAvar.AG,1245.0,0.8237780332565308,1.6645620929455258,0.15730861371850385,-0.06265661841367978
RKC008.AG,Hungary,Hungary_LateAvar.AG,1175.0,0.4749990403652191,1.638930683354287,0.10258970591706165,-0.0943185495726864
RKC009.AG,Hungary,Hungary_LateAvar.AG,1225.0,0.8049136400222778,1.6444794112445784,0.027199052384824268,0.01991434260981796
RKC010.AG,Hungary,Hungary_LateAvar.AG,1118.0,0.8267001509666443,1.595758520346036,-0.006748737402840082,-0.004998933031887199
RKC011.AG,Hungary,Hungary_LateAvar.AG,1175.0,0.817280113697052,1.7906136690584975,0.2690621057457988,-0.17091696951144353
RKC012.AG,Hungary,Hungary_LateAvar.AG,1229.0,0.8545546531677246,1.8020245083281057,0.12934876331878623,-0.1817603293404722
RKC013.AG,Hungary,Hungary_LateAvar.AG,1175.0,0.7663187384605408,1.8999992731427233,0.11483210979310875,-0.2644358906439322
RKC014.AG,Hungary,Hungary_MiddleLateAvar.AG,1225.0,0.8237934112548828,1.7132010493045826,0.27190672252213816,-0.2506414845745237
RKC015.AG,Hungary,Hungary_LateAvar.AG,1175.0,0.6143285036087036,1.7395097040505212,0.14028849970331672,-0.2118085740728108
RKC016.AG,Hungary,Hungary_MiddleLateAvar.AG,1225.0,0.8549812436103821,1.701222552899385,0.19112306379070684,-0.16596015285037286
RKC017.AG,Hungary,Hungary_MiddleLateAvar.AG,1225.0,0.8285914063453674,1.5362990668028578,0.07534482781098152,-0.006984533016533101
RKC018.AG,Hungary,Hungary_LateAvar.AG,1201.0,0.8618903160095215,1.6299805917347765,0.12250786252724254,-0.11103686255387424
RKC019.AG,Hungary,Hungary_LateAvar.AG,1246.0,0.659171462059021,1.625600537236018,0.10445086435898666,-0.08640633284429816
RKC020.AG,Hungary,Hungary_LateAvar.AG,1175.0,0.8671846985816956,1.5552035557458948,0.09189231165419291,-0.050410841648550746
RKC021.AG,Hungary,Hungary_MiddleLateAvar.AG,1229.0,0.8487550616264343,1.7997679259834458,0.1409079266978624,-0.0849531948360919
RKC022.AG,Hungary,Hungary_MiddleLateAvar.AG,1225.0,0.8248607516288757,1.6165506847413622,0.09048658934943493,-0.07661005685985384
RKC023.AG,Hungary,Hungary_LateAvar.AG,1175.0,0.8631393313407898,1.6837163689918366,0.13798703583814145,-0.07642869151556307
RKC024.AG,Hungary,Hungary_LateAvar.AG,1175.0,0.7100030779838562,1.7169152996989199,0.13343137965824178,-0.08926195287591314
RKC025.AG,Hungary,Hungary_Avar.AG,1213.0,0.0858239158987999,1.630779882112196,0.07201357386305793,-0.036135069796913576
RKC026.AG,Hungary,Hungary_MiddleLateAvar.AG,1225.0,0.792437732219696,1.6924946054069008,0.12538529267709078,-0.34698411373399146
RKC027.AG,Hungary,Hungary_LateAvar.AG,1175.0,0.5283488631248474,1.645962523084609,0.026971072283093492,-0.05920840462710897
RKC028.AG,Hungary,Hungary_MiddleLateAvar.AG,1225.0,0.8712576627731323,1.7479197984743589,0.023675970236194305,-0.015660166801880784
RKC029.AG,Hungary,Hungary_LateAvar.AG,1175.0,0.7412703633308411,1.7922490806453004,0.06541042520873744,-0.12882396238520374
RKC030.AG,Hungary,Hungary_MiddleAvar.AG,1175.0,0.6412462592124939,1.706474213238456,0.06333876401188906,-0.09360659743857937
RKC031.AG,Hungary,Hungary_MiddleAvar.AG,1175.0,0.8802129626274109,1.8309420451865923,0.04275176430983215,-0.027991809602937155
RKC032.AG,Hungary,Hungary_LateAvar.AG,1193.0,0.8393025994300842,1.6398217347953543,0.14044805033293803,0.1100704110982844
RKC033.AG,Hungary,Hungary_MiddleAvar.AG,1229.0,0.5304615497589111,1.7434597857211576,0.07208730745684604,-0.06508768405414217
RKC034.AG,Hungary,Hungary_MiddleLateAvar.AG,1225.0,0.2709987759590149,1.674720225999522,0.07832053305977618,-0.09346446938792818
RKC035.AG,Hungary,Hungary_LateAvar.AG,1175.0,0.8514135479927063,1.7973739715736499,0.2557884236262961,-0.09742976383356018
RKC036.AG,Hungary,Hungary_MiddleAvar.AG,1175.0,0.6985668540000916,1.7146585793604439,0.06472449974849151,-0.1255743278665886
RKC037.AG,Hungary,Hungary_MiddleAvar.AG,1175.0,0.8560282588005066,1.5609388217054663,0.14271192657671983,-0.01048808834161296
RKC038.AG,Hungary,Hungary_MiddleAvar.AG,1228.0,0.8797798752784729,1.892717199352649,0.13973870048634934,0.0018279636600851198
RKC039.AG,Hungary,Hungary_MiddleAvar.AG,1175.0,0.8556333184242249,1.7371227830559366,0.23708488809403788,-0.08400365242406757
RKC040.AG,Hungary,Hungary_MiddleLateAvar.AG,1225.0,0.802269697189331,1.6544823825069237,-0.015889182377520163,-0.018351225366616954
RKC041.AG,Hungary,Hungary_LateAvar.AG,1187.0,0.8307065963745117,1.7491723087111233,-0.044201297895563554,-0.15507693926237034
RKC042.AG,Hungary,Hungary_MiddleAvar.AG,1226.0,0.862589418888092,1.759329134855445,0.07174022995306238,-0.12917052742136792
RKC043.AG,Hungary,Hungary_LateAvar.AG,1175.0,0.8682065606117249,1.7127677194882591,0.009067584003069805,-0.08064696998083114
RKC044.AG,Hungary,Hungary_MiddleLateAvar.AG,1225.0,0.2349026352167129,1.6666010988568558,0.05433183677002542,-0.09788683538140512
RKC045.AG,Hungary,Hungary_MiddleLateAvar.AG,1225.0,0.8397818803787231,1.7367337131294882,0.14018309416736086,0.12270769266870797
RKC046.AG,Hungary,Hungary_LateAvar.AG,1175.0,0.8239191174507141,1.6823874700637558,0.1806859908423654,-0.17460854143554325
RKC047.AG,Hungary,Hungary_MiddleAvar.AG,1234.0,0.8162850141525269,1.7875973198750064,0.18110918472456414,-0.15925790464939937
RKC048.AG,Hungary,Hungary_LateAvar.AG,1175.0,0.7583374977111816,1.7784013929392306,0.08259987489223232,-0.09375366378932588
RKC049.AG,Hungary,Hungary_LateAvar.AG,1198.0,0.8338127732276917,1.6704186622079036,-0.03650186455133063,-0.02617309968394544
RKC050.AG,Hungary,Hungary_LateAvar.AG,1175.0,0.814207136631012,1.6551644314429539,0.21073540246641795,-0.06765029960518684
RKC051.AG,Hungary,Hungary_EarlyAvar.AG,1297.0,0.8025681972503662,1.557379632779798,0.05298634024608391,0.047641251069882776
RKC052.AG,Hungary,Hungary_EarlyAvar.AG,1325.0,0.8403334021568298,1.8160743951063816,0.13401223327636783,0.029533845467383163
RKF002.AG,Hungary,Hungary_LateAvar.AG,1175.0,0.6914452910423279,1.7698625835184898,0.11254360652166737,-0.0994575704802249
RKF003.AG,Hungary,Hungary_MiddleLateAvar.AG,1225.0,0.704319417476654,1.6398822999807368,0.04743295051157428,-0.16529034892537253
RKF004.AG,Hungary,Hungary_MiddleLateAvar.AG,1225.0,0.682049572467804,1.6655776333737327,0.1373690336773645,0.01709048831025891
RKF005.AG,Hungary,Hungary_LateAvar.AG,1175.0,0.3077145218849182,1.6589546108496958,0.11715848471082096,-0.013888572806629083
RKF006.AG,Hungary,Hungary_LateAvar.AG,1175.0,0.7018190622329712,1.739433741843053,0.0430987943569715,-0.13938401374459966
RKF007.AG,Hungary,Hungary_MiddleLateAvar.AG,1225.0,0.5312174558639526,1.629855863514287,0.08181283569034897,-0.04043230219954504
RKF009.AG,Hungary,Hungary_EarlyAvar.AG,1325.0,0.1183280274271965,1.7169714288778117,0.07531695623419345,-0.06639513799918105
RKF010.AG,Hungary,Hungary_LateAvar.AG,1175.0,0.7335137724876404,1.7028626042608368,0.02851778760812325,-0.09472002781119798
RKF011.AG,Hungary,Hungary_LateAvar.AG,1175.0,0.5622519850730896,1.6735085736889215,0.1094564228436504,-0.08231770255371136
RKF012.AG,Hungary,Hungary_LateAvar.AG,1235.0,0.0933072045445442,1.6975307899656318,0.10364826326537524,-0.08678802014209562
RKF013.AG,Hungary,Hungary_LateAvar.AG,1175.0,0.6174346804618835,1.6952428109866629,0.05378746685933393,-0.06994025179861826
RKF014.AG,Hungary,Hungary_LateAvar.AG,1175.0,0.7742262482643127,1.6994421128171067,0.04208239782089459,-0.0254438149813565
RKF015.AG,Hungary,Hungary_LateAvar.AG,1175.0,0.8090904355049133,1.7492449479915397,0.15479138963343494,0.09551993524103243
RKF016.AG,Hungary,Hungary_LateAvar.AG,1175.0,0.747825026512146,1.714571506274842,0.09909000578067832,-0.18170114962516365
RKF017.AG,Hungary,Hungary_LateAvar.AG,1175.0,0.6153179407119751,1.6826401524452617,0.08654461170609844,-0.08292069220149449
RKF018.AG,Hungary,Hungary_LateAvar.AG,1175.0,0.7383596301078796,1.604554984819771,0.1290307404258347,-0.0543425984150237
RKF019.AG,Hungary,Hungary_LateAvar.AG,1287.0,0.3495875597000122,1.6934516981228254,0.06017648304093418,-0.059737485168185875
RKF020.AG,Hungary,Hungary_LateAvar.AG,1175.0,0.7401714324951172,1.6633794875662171,0.11672932893242968,-0.06741888915327965
RKF021.AG,Hungary,Hungary_LateAvar.AG,1175.0,0.6856545805931091,1.6103157628284306,0.06384061620831642,-0.04867643505054443
RKF023.AG,Hungary,Hungary_LateAvar.AG,1175.0,0.7464308738708496,1.6108884108417452,0.06993728862068029,-0.06556610057168456
RKF025.AG,Hungary,Hungary_LateAvar.AG,1175.0,0.3803723156452179,1.6800020062978827,0.10023695074415125,-0.05072695067067168
RKF026.AG,Hungary,Hungary_Avar.AG,1213.0,0.8655261397361755,1.6773878497604644,-0.11474600704109313,-0.20619208564486338
RKF027.AG,Hungary,Hungary_Avar.AG,1213.0,0.6978855729103088,1.7356097404461186,0.06586819843538337,-0.09845747098493386
RKF028.AG,Hungary,Hungary_LateAvar.AG,1175.0,0.7110654711723328,1.614405318995993,0.1712441317644637,-0.032555350794095765
RKF029.AG,Hungary,Hungary_MiddleAvar.AG,1175.0,0.792798638343811,1.7193828245124534,0.12849661116410524,-0.12380916622627465
RKF030.AG,Hungary,Hungary_LateAvar.AG,1175.0,0.8189370036125183,1.5971125936254889,0.31723320359976115,-0.07254321373456848
RKF031.AG,Hungary,Hungary_MiddleLateAvar.AG,1225.0,0.8027887940406799,1.745902726385726,0.01569163685686689,-0.10230771385692444
RKF032.AG,Hungary,Hungary_LateAvar.AG,1175.0,0.8176953792572021,1.646001899762434,0.1757789330725616,-0.1188854701285426
RKF033.AG,Hungary,Hungary_LateAvar.AG,1175.0,0.3044355511665344,1.7485273213492676,0.09266873151129244,-0.07936188271578588
RKF034.AG,Hungary,Hungary_LateAvar.AG,1175.0,0.7655304670333862,1.7705065701777838,0.17196285773938072,-0.21965724367757616
RKF035.AG,Hungary,Hungary_Avar.AG,1213.0,0.0553400479257106,1.8047785356969366,0.06019125804673336,-0.1022084809112125
RKF036.AG,Hungary,Hungary_LateAvar.AG,1175.0,0.7066778540611267,1.681538499705193,0.03307057417848501,-0.1542968350004683
RKF037.AG,Hungary,Hungary_MiddleAvar.AG,1175.0,0.8170416951179504,1.909890643189287,0.06636970836625675,-0.13747579523233142
RKF038.AG,Hungary,Hungary_LateAvar.AG,1175.0,0.6117380857467651,1.739337720524254,0.056033245012086876,-0.0834908975760897
RKF039.AG,Hungary,Hungary_MiddleLateAvar.AG,1225.0,0.6001777648925781,1.6690988995063072,0.1606923826615267,-0.06850405149768277
RKF040.AG,Hungary,Hungary_MiddleLateAvar.AG,1225.0,0.489629864692688,1.7133774132668111,0.11519810207724276,-0.05638795542774752
RKF041.AG,Hungary,Hungary_LateAvar.AG,1175.0,0.3228571116924286,1.6948133108705705,0.036797365772204736,-0.10694061663204077
RKF042.AG,Hungary,Hungary_MiddleAvar.AG,1230.0,0.7426150441169739,1.7740424778056114,0.05723003807024313,-0.08385850738619985
RKF043.AG,Hungary,Hungary_MiddleLateAvar.AG,1225.0,0.7566660046577454,1.5558622252999625,0.08181551896026859,-0.023405904942908843
RKF044.AG,Hungary,Hungary_MiddleAvar.AG,1175.0,0.7472614049911499,1.6094374382260168,0.19014060956148324,-0.09990965526383133
RKF045.AG,Hungary,Hungary_Avar.AG,1213.0,0.4621638357639313,1.67521483531142,0.07029499206616999,-0.11841091489249106
RKF046.AG,Hungary,Hungary_LateAvar.AG,1175.0,0.8675626516342163,1.580609632133917,-0.027032656104587785,-0.0368299092798197
RKF047.AG,Hungary,Hungary_MiddleAvar.AG,1175.0,0.7932252287864685,1.7705595852031313,0.12742536379426717,-0.15438852585131235
RKF048.AG,Hungary,Hungary_EarlyAvar.AG,1325.0,0.2479179054498672,1.6558335532635866,0.1339268090691351,-0.08495412927010484
RKF049.AG,Hungary,Hungary_MiddleAvar.AG,1175.0,0.4752626419067383,1.697910502319174,0.07659637090885563,-0.05670524153099735
RKF050.AG,Hungary,Hungary_EarlyAvar.AG,1325.0,0.4998138844966888,1.756217550463319,0.07855730198184965,-0.10017253529722805
RKF051.AG,Hungary,Hungary_Avar.AG,1213.0,0.8364980816841125,1.890632582995175,-0.12892952234872138,-0.048160689191775734
RKF052.AG,Hungary,Hungary_EarlyAvar.AG,1325.0,0.6854072213172913,1.7922370783952606,0.07981465697260541,-0.12278857137361829
RKF053.AG,Hungary,Hungary_EarlyAvar.AG,1325.0,0.7512645721435547,1.6687814593418535,-0.015253580016762332,-0.06421225874587363
RKF054.AG,Hungary,Hungary_EMiddleAvar.AG,1300.0,0.8022900223731995,1.6262725291895967,-0.20114293650410794,-0.15641769640364445
RKF055.AG,Hungary,Hungary_EMiddleAvar.AG,1300.0,0.702747642993927,1.7037498376105948,0.13066708253135687,-0.1584031838866505
RKF056.AG,Hungary,Hungary_EarlyAvar.AG,1365.0,0.060136429965496,1.6655205007183342,0.10638253349697818,-0.07679688646211856
RKF057.AG,Hungary,Hungary_EMiddleAvar.AG,1300.0,0.7323532104492188,1.7110005852120722,0.029623030887815746,-0.042673705632565215
RKF059.AG,Hungary,Hungary_EarlyAvar.AG,1325.0,0.0600301846861839,1.6756285556411212,0.0632109694679646,-0.08607609779234127
RKF060.AG,Hungary,Hungary_EarlyAvar.AG,1325.0,0.1534111946821212,1.6848919053502482,0.0857205712793385,-0.04462794304290554
RKF061.AG,Hungary,Hungary_EarlyAvar.AG,1325.0,0.6178726553916931,1.7052548269195051,0.11365238746506444,-0.014229872800260227
RKF062.AG,Hungary,Hungary_EarlyAvar.AG,1341.0,0.5089395046234131,1.7248199448983061,0.07325776725961769,-0.06317229738618811
RKF063.AG,Hungary,Hungary_MiddleAvar.AG,1175.0,0.7559547424316406,1.7731298314998587,0.169996783171601,0.010384314225518958
RKF064.AG,Hungary,Hungary_MiddleLateAvar.AG,1228.0,0.4865739345550537,1.7264794269763244,0.08223795219000461,-0.04972558193681731
RKF066.AG,Hungary,Hungary_EarlyAvar.AG,1325.0,0.7445801496505737,1.6093666833027203,0.040723771204190205,-0.00146636165127191
RKF067.AG,Hungary,Hungary_EarlyAvar.AG,1325.0,0.6390483975410461,1.702313477369017,0.1536699601313736,-0.07667072047000507
RKF068.AG,Hungary,Hungary_MiddleAvar.AG,1175.0,0.0783608928322792,1.691542393093834,0.05993821706604202,-0.1055286193067487
RKF069.AG,Hungary,Hungary_EarlyAvar.AG,1328.0,0.6058427691459656,1.6808082063611032,0.022390389281086095,-0.11601919590610765
RKF071.AG,Hungary,Hungary_EarlyAvar.AG,1343.0,0.1106622591614723,1.6956512597645201,0.050040322661589795,-0.0957968996487283
RKF072.AG,Hungary,Hungary_EMiddleAvar.AG,1300.0,0.7021118402481079,1.774203756912701,0.093947411570784,-0.15505551305439474
RKF073.AG,Hungary,Hungary_MiddleAvar.AG,1226.0,0.0708200186491012,1.665642772009862,0.09858173733170995,-0.059140401177332394
RKF074.AG,Hungary,Hungary_EarlyAvar.AG,1324.0,0.7123339176177979,1.6599227423236866,0.19858946931882682,-0.033179891377722856
RKF076.AG,Hungary,Hungary_EarlyAvar.AG,1321.0,0.5780482292175293,1.6794503792037745,0.07740123661107667,-0.004170614370448432
RKF077.AG,Hungary,Hungary_EarlyAvar.AG,1325.0,0.4378794133663177,1.6718730603843548,0.09484662127573434,-0.07687688458843121
RKF078.AG,Hungary,Hungary_EarlyAvar.AG,1325.0,0.5355101823806763,1.7363558915935489,0.06519081420510237,-0.07554615550765734
RKF079.AG,Hungary,Hungary_MiddleLateAvar.AG,1225.0,0.1759097427129745,1.7165746964801178,0.09646966771369571,-0.028951876629894634
RKF080.AG,Hungary,Hungary_Avar.AG,1213.0,0.5865631699562073,1.6458763897344963,0.09849058499943084,-0.04740557543392458
RKF081.AG,Hungary,Hungary_EarlyAvar.AG,1325.0,0.5402165055274963,1.7089653439838832,0.10759450991701029,-0.07777877757924383
RKF083.AG,Hungary,Hungary_MiddleAvar.AG,1175.0,0.4065058529376983,1.7016422493265715,0.12812501551398,-0.09941605337460517
RKF084.AG,Hungary,Hungary_Avar.AG,1213.0,0.7207944989204407,1.6359172653108398,0.1532988026713708,-0.04550861858170057
RKF087.AG,Hungary,Hungary_EarlyAvar.AG,1325.0,0.0877022370696067,1.6862047157424405,0.13071962458239988,-0.05900137974568618
RKF088.AG,Hungary,Hungary_MiddleAvar.AG,1175.0,0.6758185029029846,1.777066974450702,0.12813805999169994,-0.09495578217958688
RKF089.AG,Hungary,Hungary_EMiddleAvar.AG,1300.0,0.7692221999168396,1.5843181555488088,0.02628025881008525,-0.04735829255770096
RKF090.AG,Hungary,Hungary_LateAvar.AG,1175.0,0.1895121932029724,1.7037064735493104,0.06439923373734123,-0.12312125345312917
RKF091.AG,Hungary,Hungary_EMiddleAvar.AG,1300.0,0.7782513499259949,1.6313917380897702,-0.11041576998399917,-0.019892713719197673
RKF092.AG,Hungary,Hungary_LateAvar.AG,1175.0,0.5357080698013306,1.7341509845595755,0.11436066801089467,-0.09711479984008807
RKF093.AG,Hungary,Hungary_EMiddleAvar.AG,1300.0,0.0851385965943336,1.6456702132126333,0.03323793767153804,-0.1099148559919728
RKF094.AG,Hungary,Hungary_Avar.AG,1213.0,0.1013525426387786,1.6521799872416871,0.11399667738368027,-0.0965691094635669
RKF095.AG,Hungary,Hungary_LateAvar.AG,1175.0,0.7547844052314758,1.6706792172679328,0.016801262521833945,-0.010077360657249202
RKF096.AG,Hungary,Hungary_LateAvar.AG,1175.0,0.093208260834217,1.6017681097701615,0.0606181337203085,-0.05889115171758608
RKF097.AG,Hungary,Hungary_EMiddleAvar.AG,1300.0,0.0777307301759719,1.6868429900887323,0.10799844475002186,-0.05887700438519118
RKF098.AG,Hungary,Hungary_MiddleAvar.AG,1175.0,0.7957450747489929,1.5780358005857267,0.04316057705326481,-0.17386256377587642
RKF099.AG,Hungary,Hungary_LateAvar.AG,1225.0,0.5991031527519226,1.7264047885776985,0.02610154633867544,-0.10072958635258852
RKF100.AG,Hungary,Hungary_LateAvar.AG,1175.0,0.3105376958847046,1.6625724295471818,0.0912313735113361,-0.09683045714574903
RKF101.AG,Hungary,Hungary_EarlyAvar.AG,1325.0,0.7283751368522644,1.6816003182042896,0.07371678808886589,-0.04878802816731244
RKF102.AG,Hungary,Hungary_Avar.AG,1213.0,0.8021050691604614,1.5476183350837636,0.03921400783593343,0.07049176685688727
RKF103.AG,Hungary,Hungary_EarlyAvar.AG,1325.0,0.2973415553569793,1.7182330415972598,0.05298475605824113,-0.05052048465073459
RKF104.AG,Hungary,Hungary_MiddleAvar.AG,1175.0,0.775795578956604,1.7793982673023543,-0.06796179147261028,-0.0005601213926195836
RKF105.AG,Hungary,Hungary_EarlyAvar.AG,1325.0,0.6134079694747925,1.7198124156803665,0.0960708361310207,-0.09989856079782329
RKF106.AG,Hungary,Hungary_EarlyAvar.AG,1325.0,0.4602043926715851,1.6386889264678486,0.11075170325928145,-0.08042469394197692
RKF107.AG,Hungary,Hungary_EarlyAvar.AG,1325.0,0.3856480121612549,1.6910634599587295,0.06087979712592484,-0.07334922296273783
RKF108.AG,Hungary,Hungary_EarlyAvar.AG,1325.0,0.2771576642990112,1.6385079972200158,0.0908266516523001,-0.08859272801017756
RKF109.AG,Hungary,Hungary_EarlyAvar.AG,1325.0,0.7604972720146179,1.7420145291080509,0.09230466617920528,-0.08590670614465563
RKF110.AG,Hungary,Hungary_EMiddleAvar.AG,1300.0,0.8050580024719238,1.7241961645472792,0.06831465553732663,0.1600113249118831
RKF113.AG,Hungary,Hungary_EarlyAvar.AG,1325.0,0.6840511560440063,1.6861975272229235,0.10328081246501636,-0.05341589492745602
RKF114.AG,Hungary,Hungary_MiddleAvar.AG,1175.0,0.1684670001268386,1.6697993538365083,0.06420832786524784,-0.08319643987701292
RKF115.AG,Hungary,Hungary_EarlyAvar.AG,1325.0,0.6225595474243164,1.652087700561433,-0.019397903732459913,-0.14458709634726066
RKF116.AG,Hungary,Hungary_EarlyAvar.AG,1325.0,0.7505143880844116,1.6498019056630664,0.1482607746780486,-0.07505686140302067
RKF117.AG,Hungary,Hungary_EMiddleAvar.AG,1300.0,0.8704742193222046,1.606491289039261,-0.0082474308791598,0.1466646639704981
RKF118.AG,Hungary,Hungary_LateAvar.AG,1175.0,0.7439791560173035,1.7713267005134794,0.11561868910829891,-0.20803100472459388
RKF120.AG,Hungary,Hungary_LateAvar.AG,1175.0,0.6656417846679688,1.7393874829393985,0.08229134225435,-0.04922074571046548
RKF121.AG,Hungary,Hungary_EarlyAvar.AG,1325.0,0.7888951897621155,1.671989334208483,0.1259162500466319,-0.11018334477368046
RKF122.AG,Hungary,Hungary_EMiddleAvar.AG,1300.0,0.0844881609082222,1.714005478748916,0.07777177158313658,-0.004639392371956565
RKF124.AG,Hungary,Hungary_EarlyAvar.AG,1325.0,0.7782707810401917,1.7522113190229243,-0.006219637588328855,-0.11029062645388525
RKF126.AG,Hungary,Hungary_EarlyAvar.AG,1325.0,0.2031665593385696,1.6540778390705906,0.06593815595347473,-0.08683625734499763
RKF127.AG,Hungary,Hungary_LateAvar.AG,1175.0,0.8072542548179626,1.6979925298948542,0.052960719774131755,0.026479850205719847
RKF129.AG,Hungary,Hungary_EarlyAvar.AG,1325.0,0.8031383156776428,1.6430233846363365,0.04175660153657743,0.11889224086120026
RKF130.AG,Hungary,Hungary_EMiddleAvar.AG,1300.0,0.0609701611101627,1.659702289962722,0.09636907790815027,-0.07465903816525601
RKF131.AG,Hungary,Hungary_MiddleAvar.AG,1175.0,0.1909996122121811,1.6724189257472677,0.0412480437530888,-0.06672951052547442
RKF132.AG,Hungary,Hungary_EarlyAvar.AG,1370.0,0.837922215461731,1.6109518593540404,0.02658877862858988,0.10252757511715765
RKF133.AG,Hungary,Hungary_EarlyAvar.AG,1325.0,0.7455039024353027,1.5774974692737456,0.18888924528556272,-0.0259039058241428
RKF134.AG,Hungary,Hungary_EMiddleAvar.AG,1300.0,0.8233343958854675,1.5831352879888307,0.1700960766700031,-0.31544002565486406
RKF135.AG,Hungary,Hungary_EMiddleAvar.AG,1300.0,0.7891238927841187,1.6196668126388278,0.16937687290150297,-0.10169519241771945
RKF136.AG,Hungary,Hungary_MiddleAvar.AG,1175.0,0.699872612953186,1.7438846571481765,0.1488651089141679,-0.11805159021892123
RKF137.AG,Hungary,Hungary_EarlyAvar.AG,1344.0,0.5606493949890137,1.648596295257548,0.07691743964073547,-0.03615376754122278
RKF138.AG,Hungary,Hungary_MiddleAvar.AG,1175.0,0.772693395614624,1.6305922572854732,0.00964459916915615,-0.049900698124238224
RKF139.AG,Hungary,Hungary_LateAvar.AG,1175.0,0.7668118476867676,1.6862660656791357,0.13766737846845473,-0.10918125449281538
RKF140.AG,Hungary,Hungary_MiddleAvar.AG,1175.0,0.6232083439826965,1.7041767048021097,0.05359555898471915,-0.017924907920185994
RKF141.AG,Hungary,Hungary_MiddleLateAvar.AG,1225.0,0.8188364505767822,1.7784777040571886,0.15225716338378326,-0.2536670368210422
RKF142.AG,Hungary,Hungary_LateAvar.AG,1175.0,0.8059752583503723,1.729694192212601,0.021688175189368986,-0.04461060972070084
RKF143.AG,Hungary,Hungary_MiddleLateAvar.AG,1225.0,0.8111293315887451,1.8771620698357385,0.14923347280830393,-0.0862181645101194
RKF144.AG,Hungary,Hungary_MiddleAvar.AG,1175.0,0.450809508562088,1.706980529059146,0.09572576072819303,-0.10703174334012444
RKF145.AG,Hungary,Hungary_EarlyAvar.AG,1325.0,0.6955181956291199,1.7541323669026334,0.03427654926793134,0.012386519030388728
RKF146.AG,Hungary,Hungary_EarlyAvar.AG,1325.0,0.0702368915081024,1.6779872076505595,0.03373080633689553,-0.1201952384007666
RKF147.AG,Hungary,Hungary_MiddleAvar.AG,1175.0,0.7867484092712402,1.713916813050854,0.13940881117513934,-0.12618441217296214
RKF148.AG,Hungary,Hungary_EarlyAvar.AG,1324.0,0.7102398872375488,1.762978756937089,0.07715387711285245,-0.05463367512721766
RKF149.AG,Hungary,Hungary_MiddleLateAvar.AG,1225.0,0.072270929813385,1.6616455341716474,0.11400216020677277,-0.08825629658422829
RKF150.AG,Hungary,Hungary_MiddleAvar.AG,1175.0,0.8268153071403503,1.7155882535219447,0.19158145750861208,-0.07011105229773026
RKF151.AG,Hungary,Hungary_LateAvar.AG,1175.0,0.7193476557731628,1.7580396612417488,0.027439170338679736,-0.16270782089294436
RKF152.AG,Hungary,Hungary_LateAvar.AG,1228.0,0.1001716926693916,1.6542928926683687,0.13843954071729134,-0.03615050991710004
RKF153.AG,Hungary,Hungary_MiddleLateAvar.AG,1225.0,0.7530139684677124,1.5871292510915007,0.09219903521273586,-0.09689169201426996
RKF154.AG,Hungary,Hungary_MiddleLateAvar.AG,1225.0,0.558696448802948,1.6543492938249011,0.12110182845930917,-0.05882211360561737
RKF155.AG,Hungary,Hungary_LateAvar.AG,1175.0,0.7728020548820496,1.753868947968037,0.02762102242276116,0.04349574153971796
RKF156.AG,Hungary,Hungary_LateAvar.AG,1175.0,0.554523766040802,1.7356571521160167,0.027776591903107717,-0.14759965418722237
RKF157.AG,Hungary,Hungary_MiddleLateAvar.AG,1225.0,0.8756055235862732,1.8873048419184548,0.16946647338223617,-0.006742507505422539
RKF158.AG,Hungary,Hungary_LateAvar.AG,1175.0,0.5759776830673218,1.6240350267875043,0.10716931407872313,0.048911037974723924
RKF159.AG,Hungary,Hungary_LateAvar.AG,1175.0,0.7837232947349548,1.6352925242000504,0.12371252592443235,-0.04560000852668054
RKF160.AG,Hungary,Hungary_LateAvar.AG,1175.0,0.8047400712966919,1.8091586211169366,-0.09634214023721062,-0.08787471629880045
RKF161.AG,Hungary,Hungary_Avar.AG,1213.0,0.6571658253669739,1.622555806179491,0.15287935597807267,-0.07033623782430257
RKF162.AG,Hungary,Hungary_LateAvar.AG,1175.0,0.7640025019645691,1.677122146670767,0.0994020588010184,-0.1366419361572008
RKF163.AG,Hungary,Hungary_MiddleAvar.AG,1175.0,0.5790798664093018,1.633825387642661,0.04943828793117212,-0.035786975642053534
RKF164.AG,Hungary,Hungary_EarlyAvar.AG,1325.0,0.6657253503799438,1.6725652980497259,0.16393536528561456,-0.1097169617994007
RKF165.AG,Hungary,Hungary_Avar.AG,1213.0,0.4151229560375213,1.6321212976955244,0.09854719661196873,-0.07283139913477975
RKF169.AG,Hungary,Hungary_LateAvar.AG,1175.0,0.6818995475769043,1.6408816993559907,0.10004168083693242,-0.094331100822685
RKF170.AG,Hungary,Hungary_Avar.AG,1213.0,0.8276944160461426,1.6648800912837871,0.010844782319296496,-0.00852010907670171
RKF172.AG,Hungary,Hungary_EarlyAvar.AG,1343.0,0.65320885181427,1.663860049295114,0.1439776448264037,-0.0075752583201105575
RKF173.AG,Hungary,Hungary_EarlyAvar.AG,1325.0,0.6926780343055725,1.6946926974542196,0.13991173520516673,-0.11618942370216213
RKF174.AG,Hungary,Hungary_EarlyAvar.AG,1325.0,0.2314484864473343,1.6850319177277278,0.10992759299766043,-0.005822622644771294
RKF175.AG,Hungary,Hungary_EarlyAvar.AG,1325.0,0.6722256541252136,1.603159057574384,0.1726549869372162,-0.04267387968219669
RKF176.AG,Hungary,Hungary_EarlyAvar.AG,1325.0,0.6543824076652527,1.672915831030474,0.15808444687592815,-0.060799856781124026
RKF177.AG,Hungary,Hungary_EarlyAvar.AG,1325.0,0.7133558392524719,1.663478545517115,0.08467619394782441,-0.09878718880116308
RKF178.AG,Hungary,Hungary_EarlyAvar.AG,1325.0,0.0934848189353942,1.7073479723347937,0.06453957157311654,-0.016723266341324462
RKF179.AG,Hungary,Hungary_EarlyAvar.AG,1325.0,0.6905831694602966,1.6635353509317836,0.056931189966934366,-0.019215565541982036
RKF180.AG,Hungary,Hungary_EarlyAvar.AG,1325.0,0.1402637213468551,1.6932435655585034,0.05944238729133283,-0.07197903095177755
RKF181.AG,Hungary,Hungary_MiddleAvar.AG,1175.0,0.6961191892623901,1.739679404734122,0.00855257612326211,-0.05072038086799178
RKF182.AG,Hungary,Hungary_EarlyAvar.AG,1365.0,0.8023216128349304,1.6637609510305411,-0.013382861212981507,0.004705156513662744
RKF183.AG,Hungary,Hungary_EarlyAvar.AG,1325.0,0.8070839643478394,1.6785562764033117,-0.06702436058574468,-0.11943869239467897
RKF184.AG,Hungary,Hungary_LateAvar.AG,1175.0,0.346689760684967,1.6966216658820605,0.0946881592708145,-0.08446067213969898
RKF185.AG,Hungary,Hungary_EarlyAvar.AG,1325.0,0.6828638315200806,1.6263658692241285,0.13955284423408468,-0.02704875458096936
RKF186.AG,Hungary,Hungary_EarlyAvar.AG,1325.0,0.3328610360622406,1.6641436202297049,0.10689751973673361,-0.06918816022630156
RKF187.AG,Hungary,Hungary_Avar.AG,1213.0,0.1226994395256042,1.7284659385943635,0.06530518046589727,-0.09865153995717134
RKF188.AG,Hungary,Hungary_EMiddleAvar.AG,1300.0,0.8187732100486755,1.5525881266200336,0.15211405389599258,-0.35301582340569765
RKF189.AG,Hungary,Hungary_EMiddleAvar.AG,1300.0,0.7512694597244263,1.6437826120880257,-0.021795293951417074,-0.0973928569382192
RKF190.AG,Hungary,Hungary_LateAvar.AG,1175.0,0.5416455268859863,1.6376378866619663,0.12488296050339498,-0.005119312062637448
RKF191.AG,Hungary,Hungary_LateAvar.AG,1175.0,0.7759739756584167,1.825511847549718,-0.026278648302098716,-0.011145720922377958
RKF192.AG,Hungary,Hungary_MiddleAvar.AG,1175.0,0.8282183408737183,1.5729604839195408,0.06943191300319922,-0.02385848879288938
RKF193.AG,Hungary,Hungary_Avar.AG,1213.0,0.5151251554489136,1.6236182306031506,0.13249935047038888,-0.05073435464368908
RKF194.AG,Hungary,Hungary_EarlyAvar.AG,1325.0,0.8129135966300964,1.8792092161727394,0.16164071524791987,-0.17965167098117005
RKF195.AG,Hungary,Hungary_EarlyAvar.AG,1325.0,0.7843210101127625,1.7560323679756291,0.15251816097395873,0.036819219373643165
RKF196.AG,Hungary,Hungary_EarlyAvar.AG,1325.0,0.7706601619720459,1.6891497151452226,0.0917560848768181,0.04476578375191708
RKF197.AG,Hungary,Hungary_EMiddleAvar.AG,1300.0,0.2645933032035827,1.6875134729395587,0.06413737651066606,-0.12055563524353534
RKF198.AG,Hungary,Hungary_LateAvar.AG,1175.0,0.80133056640625,1.5889597234200785,0.03262361431811577,0.06810485383519303
RKF199.AG,Hungary,Hungary_LateAvar.AG,1175.0,0.7294051051139832,1.7922839669244266,0.06591707352967277,-0.09106718607852884
RKF200.AG,Hungary,Hungary_EarlyAvar.AG,1325.0,0.5228128433227539,1.6573372028075077,0.016906308358988723,-0.04955847476498214
RKF201.AG,Hungary,Hungary_EarlyAvar.AG,1325.0,0.5812623500823975,1.7426571245017712,0.12529223503762146,-0.08406141495331348
RKF202.AG,Hungary,Hungary_EMiddleAvar.AG,1300.0,0.5760279893875122,1.7142917052623583,0.1822401155156084,-0.15801138887435265
RKF203.AG,Hungary,Hungary_EarlyAvar.AG,1325.0,0.2297485917806625,1.7247581824092082,0.0923024807328902,-0.10661340450091134
RKF204.AG,Hungary,Hungary_EMiddleAvar.AG,1300.0,0.0978100001811981,1.7222837331076557,0.09363126149640882,-0.09957430179846773
RKF205.AG,Hungary,Hungary_EMiddleAvar.AG,1300.0,0.1496383249759674,1.7003209093092884,0.05896125446320016,-0.05492228816747173
RKF206.AG,Hungary,Hungary_EarlyAvar.AG,1325.0,0.4252144992351532,1.7171909840178465,0.060583688321899726,-0.10228279464058797
RKF207.AG,Hungary,Hungary_EarlyAvar.AG,1325.0,0.6319868564605713,1.7236899334909845,0.07790640854161897,-0.05450845546415663
RKF208.AG,Hungary,Hungary_Avar.AG,1213.0,0.8179524540901184,1.7826983187710195,0.007300876894102852,-0.30113280297336215
RKF209.AG,Hungary,Hungary_MiddleAvar.AG,1175.0,0.7359857559204102,1.6518251048119663,0.10502082579219178,-0.12307609215728398
RKF210.AG,Hungary,Hungary_LateAvar.AG,1175.0,0.7453449368476868,1.7168480768476218,0.04268889590275663,-0.11812912638108777
RKF211.AG,Hungary,Hungary_MiddleAvar.AG,1175.0,0.4972956478595733,1.6920188380403898,0.025222605846874746,-0.12461150942822025
RKF212.AG,Hungary,Hungary_MiddleLateAvar.AG,1225.0,0.1635027378797531,1.6921671756108412,0.07089724563934993,-0.09806236293312924
RKF213.AG,Hungary,Hungary_MiddleLateAvar.AG,1225.0,0.8011878132820129,1.7596401930057386,0.0764733555260165,-0.022396832473168704
RKF214.AG,Hungary,Hungary_MiddleLateAvar.AG,1225.0,0.0562086515128612,1.7045470305134491,0.10520375353180243,-0.047872302612007867
RKF215.AG,Hungary,Hungary_Avar.AG,1213.0,0.794142484664917,1.5681771506442865,0.19194536889597827,-0.028858907856425833
RKF217.AG,Hungary,Hungary_Avar.AG,1213.0,0.8267333507537842,1.5507193351962876,0.11647878999951126,-0.2505557757330343
RKF218.AG,Hungary,Hungary_LateAvar.AG,1175.0,0.6988085508346558,1.7934996173609563,0.0623877120875877,-0.021296300809847228
RKF219.AG,Hungary,Hungary_LateAvar.AG,1175.0,0.35731902718544,1.652839533180868,0.07919190292305027,-0.05147029025116714
RKF220.AG,Hungary,Hungary_Avar.AG,1213.0,0.4901570379734039,1.6541730162733812,0.09489278624429676,-0.0785085744314762
RKF221.AG,Hungary,Hungary_LateAvar.AG,1175.0,0.1872770190238952,1.6572690613460608,0.06495036017958733,-0.09234705934909268
RKF222.AG,Hungary,Hungary_MiddleAvar.AG,1175.0,0.8085194826126099,1.698710110153363,-0.047462398006603,0.02030683164784362
RKF223.AG,Hungary,Hungary_EMiddleAvar.AG,1300.0,0.7833834886550903,1.6707419686330676,0.19367225306146515,-0.1462167631565149
RKF224.AG,Hungary,Hungary_EMiddleAvar.AG,1300.0,0.7537893056869507,1.6139933580432497,-0.020554165893080314,-0.027805983423314935
RKF226.AG,Hungary,Hungary_MiddleAvar.AG,1175.0,0.7862439155578613,1.7381508003549462,0.167122017458987,-0.2364399924287348
RKF227.AG,Hungary,Hungary_EarlyAvar.AG,1325.0,0.1015374511480331,1.6937795573166072,0.0695532431840326,-0.11457710538339963
RKF228.AG,Hungary,Hungary_Avar.AG,1213.0,0.7119032740592957,1.6717521809461247,0.12896569769124056,-0.025383312895130034
RKF229.AG,Hungary,Hungary_EMiddleAvar.AG,1300.0,0.1175599917769432,1.619721980045711,0.06535514525639248,-0.07108121649185442
RKF230.AG,Hungary,Hungary_EMiddleAvar.AG,1300.0,0.1068577542901039,1.7150582070578602,0.05400736166538441,-0.03953491732728774
RKF231.AG,Hungary,Hungary_LateAvar.AG,1175.0,0.6162903308868408,1.6117684896134274,0.10873412978629401,-0.058111836253819896
RKF234.AG,Hungary,Hungary_Avar.AG,1213.0,0.7791961431503296,1.644483251638219,0.028369157764860427,0.03342246490856566
RKF235.AG,Hungary,Hungary_LateAvar.AG,1175.0,0.1803784668445587,1.6840974232733636,0.08219799262103444,-0.1265993561645451
RKF237.AG,Hungary,Hungary_MiddleAvar.AG,1175.0,0.841729998588562,1.8077237414807659,0.08892369313336831,-0.013652043437736782
RKF238.AG,Hungary,Hungary_MiddleAvar.AG,1175.0,0.8003508448600769,1.7801913421313795,0.00012717392163454712,-0.007370276819197507
RKF239.AG,Hungary,Hungary_Avar.AG,1213.0,0.1168203428387641,1.6938900814895514,0.053845176220482224,-0.11178717928598829
RKF240.AG,Hungary,Hungary_Avar.AG,1213.0,0.2226002514362335,1.6476329141565713,0.053565044910404584,-0.08524219028241732
RKF241.AG,Hungary,Hungary_Avar.AG,1213.0,0.8127148747444153,1.8677856166681819,0.1344646829332911,-0.22554145547958543
RKF242.AG,Hungary,Hungary_Avar.AG,1213.0,0.5271850228309631,1.6851541008820412,0.12630488619522837,-0.1357136349481187
RKF243.AG,Hungary,Hungary_Avar.AG,1213.0,0.7879908680915833,1.7643785141200834,0.3027265874456769,-0.19651229101312487
RKF244.AG,Hungary,Hungary_Avar.AG,1213.0,0.0911904424428939,1.6326471051439237,0.14477525427178234,-0.09480046110020687
RKF245.AG,Hungary,Hungary_Avar.AG,1213.0,0.6745306253433228,1.7915191372307848,0.14498021172927683,-0.1697519752872071
RKF246.AG,Hungary,Hungary_Avar.AG,1213.0,0.7185520529747009,1.6723601420958485,0.05626495990028887,-0.07623484916164608
RKF247.AG,Hungary,Hungary_Avar.AG,1213.0,0.6999228596687317,1.699049577944817,0.06918061702843356,0.012460638736883523
RKF248.AG,Hungary,Hungary_Avar.AG,1213.0,0.837472140789032,1.7116031531711522,-0.061569868396731335,-0.06491567254841624
RKF249.AG,Hungary,Hungary_Avar.AG,1213.0,0.4902332723140716,1.7137663111144334,0.028104442965309364,-0.1258384528582682
RKF250.AG,Hungary,Hungary_Avar.AG,1213.0,0.8296335935592651,1.7396562948876426,0.04128529577388768,-0.24254566049951962
RKF251.AG,Hungary,Hungary_Avar.AG,1213.0,0.5605407357215881,1.7097727535762084,0.07322942905913989,-0.08941047367917358
RKF253.AG,Hungary,Hungary_Avar.AG,1213.0,0.6707431077957153,1.654124311725559,0.09115690598253141,-0.08206162073185663
RKF254.AG,Hungary,Hungary_Avar.AG,1213.0,0.8397056460380554,1.8245252814310198,-0.01701672966800308,-0.16859714283611815
RKF255.AG,Hungary,Hungary_Avar.AG,1213.0,0.7803575396537781,1.743567343115428,0.030509557777860394,-0.19702240343322364
RKF256.AG,Hungary,Hungary_Avar.AG,1213.0,0.8294600248336792,1.658932990911163,0.037949982421358414,-0.1923908006929962
RKF257.AG,Hungary,Hungary_Avar.AG,1213.0,0.0507261492311954,1.6893674124956122,0.11948801461145982,-0.07695637407667316
RKF258.AG,Hungary,Hungary_Avar.AG,1213.0,0.7621825337409973,1.7509606607511998,0.0005565118649499022,-0.16869944930641986
RKF259.AG,Hungary,Hungary_Avar.AG,1213.0,0.8606227040290833,1.6162860450760637,0.03905425965009422,-0.323311432526897
RKF260.AG,Hungary,Hungary_Avar.AG,1213.0,0.8180708289146423,1.751622643939435,0.10766606235901101,-0.34471359064007523
RKF262.AG,Hungary,Hungary_Avar.AG,1213.0,0.8447307348251343,1.850148914501284,0.06770416378413027,-0.2944055212054169
RKF263.AG,Hungary,Hungary_Avar.AG,1213.0,0.7935966849327087,1.7253733418446873,0.13025037531778758,-0.28291641730654893
RKF264.AG,Hungary,Hungary_Avar.AG,1213.0,0.499726265668869,1.6861206158706796,0.09257232084151938,-0.08446669377399878
RKF265.AG,Hungary,Hungary_Avar.AG,1213.0,0.7316378951072693,1.7667937705487795,0.02661573031957279,-0.1550553217383562
RKF266.AG,Hungary,Hungary_Avar.AG,1213.0,0.7532637715339661,1.6388861382767526,-0.037963673761788344,-0.05146944200960464
RKF267.AG,Hungary,Hungary_Avar.AG,1213.0,0.1398955285549163,1.666659144796449,0.057281662568905954,-0.09971053093967684
RKF268.AG,Hungary,Hungary_Avar.AG,1213.0,0.5773904919624329,1.7083407156268873,0.09660555468489686,-0.01141542076905531
RKF269.AG,Hungary,Hungary_Avar.AG,1213.0,0.3210744857788086,1.6865012478727006,0.10640149585380639,-0.09007730087685843
RKF270.AG,Hungary,Hungary_Avar.AG,1213.0,0.8201770782470703,1.840035503890018,0.25652353937525213,-0.3548667698607695
RKF271.AG,Hungary,Hungary_Avar.AG,1213.0,0.6612322926521301,1.739617088459553,-0.015290838053026926,-0.18910391986942005
RKF272.AG,Hungary,Hungary_Avar.AG,1213.0,0.7803129553794861,1.7543443558516043,0.07449593839362949,-0.07879532908142696
RKF273.AG,Hungary,Hungary_Avar.AG,1213.0,0.7894547581672668,1.8578232020869865,0.15097341659453478,-0.20406545551968533
RKF274.AG,Hungary,Hungary_Avar.AG,1213.0,0.7808563113212585,1.6009230652127078,0.09218318678699021,-0.24246552068297603
RKF275.AG,Hungary,Hungary_Avar.AG,1213.0,0.8326027393341064,1.6177892757208818,-0.04078084081473902,-0.15790798438491277
RKF276.AG,Hungary,Hungary_Avar.AG,1213.0,0.7830128073692322,1.695817009160625,0.025401039776726853,-0.17251569538522762
RKF278.AG,Hungary,Hungary_Avar.AG,1213.0,0.8105186223983765,1.7693168857606496,0.21106555284966327,-0.054134487342779654
RKF279.AG,Hungary,Hungary_Avar.AG,1213.0,0.1417438387870788,1.653236876364272,0.15621627708046387,-0.13851992761260737
RKF280.AG,Hungary,Hungary_Avar.AG,1213.0,0.8163368701934814,1.7871827820601758,0.1129792434077557,-0.3909170893424438
RKO001.AG,Hungary,Hungary_Avar.AG,1213.0,0.2830748856067657,1.658611672950993,0.05315496994433795,-0.09074612866287962
RKO002.AG,Hungary,Hungary_Avar.AG,1213.0,0.8278387784957886,1.6594788080482354,0.01461850230371317,-0.26323071039713053
RKO003.AG,Hungary,Hungary_Avar.AG,1213.0,0.5218079686164856,1.7232659066351,0.09006490164477712,-0.10265850734059168
RKO004.AG,Hungary,Hungary_Avar.AG,1213.0,0.1191260740160942,1.68999460292496,0.07098037373991951,-0.0683335703546887
RKO005.AG,Hungary,Hungary_Avar.AG,1213.0,0.6452056765556335,1.7118693791457262,0.056736200316332856,-0.17897801363450386
RKO006.AG,Hungary,Hungary_Avar.AG,1213.0,0.4478695690631866,1.6416381033954859,0.026518876648904156,-0.10152148116899568
RKO007.AG,Hungary,Hungary_Avar.AG,1213.0,0.7918400168418884,1.5649450307275063,0.14142180084183215,-0.23591032711941176
RKO010.AG,Hungary,Hungary_Avar.AG,1213.0,0.4135090112686157,1.6548183850823113,0.06381662704278421,-0.05014158589715998
RKO012.AG,Hungary,Hungary_Avar.AG,1213.0,0.7349792718887329,1.6588446760567188,0.11794309939017565,0.01799977049418519
RKO013.AG,Hungary,Hungary_Avar.AG,1213.0,0.7593942880630493,1.647389399422408,0.10043095529658166,-0.1800124142569847
RKO014.AG,Hungary,Hungary_Avar.AG,1213.0,0.8024587035179138,1.7173316661717912,-0.15166348468343477,-0.19764686777725152
RKO015.AG,Hungary,Hungary_Avar.AG,1213.0,0.7470204830169678,1.741062721627007,0.06377090998875179,-0.1455433488448786
RKO016.AG,Hungary,Hungary_Avar.AG,1213.0,0.818537175655365,1.787897228223875,0.0990394973521516,-0.34895394614801517
RKO018.AG,Hungary,Hungary_Avar.AG,1213.0,0.7534413933753967,1.6646335570577244,0.02974605949612418,0.06335534208274078
RKO019.AG,Hungary,Hungary_Avar.AG,1213.0,0.7036998271942139,1.7309440416939499,0.11884457947721037,-0.0846561179561544
RKO020.AG,Hungary,Hungary_Avar.AG,1213.0,0.2610256373882293,1.723379479319067,0.11983541759009701,-0.08247712429023607
RKO021.AG,Hungary,Hungary_Avar.AG,1213.0,0.788181483745575,1.804284696845062,0.12967054788224922,-0.15871725837758335
UN19_merge.SG,France,France_Manche_IA.SG,2050.0,0.2296820878982544,-0.9757236256777039,-0.8259224661095483,-0.01600087466453812
MNN001_MNN002_merge.AG,Russia,Russia_Minino_Mesolithic.AG,8540.0,0.7547301054000854,-0.15395744522001625,0.6626268741627652,-0.11222161585556453
GFW002_GFW003_merge.AG,Germany,Germany_Mesolithic.AG,7878.0,0.7657307982444763,-0.3969579383566584,-0.20300802757196756,0.11373339327657211
ADN009_ADN010_merge.AG,Germany,Germany_Anderten_Medieval_Saxon.AG,1150.0,0.8052477836608887,-0.35974835785405823,-0.2644587150520556,0.10510521030412294
ALA110_ALA015_merge.AG,Turkey,Turkey_Hatay_Alalakh_MLBA.AG,3861.0,0.4187101125717163,1.4495469859454229,-0.6153665487475471,0.5746376437538918
HID001_merge.AG,Germany,Germany_EarlyMedieval_Saxon.AG,1550.0,0.7235657572746277,-0.3987821577014662,-0.18608923939636984,0.10426231955685707
HID002_merge.AG,Germany,Germany_EarlyMedieval_Saxon.AG,1550.0,0.8754854798316956,-0.3690582713296797,-0.14601906875580253,0.1260401663398013
KD-29_OBH-52_twinmerge.SG,Hungary,Hungary_MidLateEarlyAvar.SG,1200.0,0.955369472503662,1.795945143958699,0.13822637721846917,-0.1608359031473504
MJ-15-32_merge.SG,Ukraine,Ukraine_IA_Scythian.SG,2246.0,0.2755607664585113,-0.022790332158510892,1.3868817765394996,0.8116360974791506
R11553_R11555_merge.SG,France,France_Sarrebourg_LateAntiquity.SG,1675.0,0.7901636362075806,-0.9463084562266424,-0.8340082106356015,0.014853698673776625
RISE1280_RISE1281_merge.SG,Denmark,Denmark_SingleGraveCulture.SG,4226.0,0.6265529990196228,-0.911116808712901,0.8761718853465639,0.3857881156608635
GLN126_merge.SG,France,France_IA.SG,2150.0,0.1106346845626831,-1.0006076755368885,-0.8365878993389279,-0.02119098961926596
GOX287_merge.SG,France,France_BasRhin_IA.SG,2450.0,0.3155335783958435,-0.9786230322222985,-0.8453548180246448,-0.02411689666973011
R37_R11115_merge.SG,Italy,Italy_Imperial.SG,1750.0,0.8622958660125732,-0.1161134824250739,-0.7043370380044778,0.23159608187476674
VK347_V348_merge.SG,Sweden,Sweden_Viking.SG,1000.0,0.6709467172622681,-0.9026445722522118,2.450415915228855,0.8661648702908801
MJ-15_MJ-32_merge.SG,Ukraine,Ukraine_IA_Scythian.SG,2246.0,0.2755607664585113,-0.018709672773971522,1.331239992773019,0.7913176462459639
I5070_published.AG,Austria,Austria_N_LBK.AG,7048.0,0.7359906435012817,0.6172183423702325,-0.6248829804229601,-0.20364250942274598
I17312.AG,Czechia,Czechia_IA_Hallstatt.AG,2625.0,0.1533260345458984,-0.38541382020819925,0.018999965237927758,-0.1520453631107836
I20675.AG,UnitedKingdom,England_EarlyMedieval_Saxon.AG,1450.0,0.3412818908691406,-1.4900318807796817,0.08017448226188852,-0.6063071253114215
I1560.AG,Germany,Germany_MN.AG,5350.0,0.1350918412208557,-0.37334913112201745,-0.31462768419277654,0.12171831432050471
I3320.AG,Spain,Spain_IA.AG,2150.0,0.802817165851593,-1.13121848739209,-2.3550671168671697,0.06709612185233252
I24898.AG,Austria,Austria_N_LBK.AG,7100.0,0.7400943636894226,0.6500244848985914,-0.6237806851446558,-0.22361991110347257
I5737.AG,Turkey,Turkey_Aegean_Izmir_Yassitepe_MBA.AG,3931.0,0.4564964175224304,1.4610745447516293,-0.5867091048489456,0.5193057784960872
I3121.AG,Turkey,Turkey_Marmara_Ilipinar_N.AG,7925.0,0.6488463878631592,1.4320249069111317,-0.5876131872124563,0.5209388850971688
UZZ061.AG,Italy,Italy_Sicily_MN.AG,6739.0,0.7561193704605103,-0.1037551290074172,-0.7105581201999288,0.14999086573370118
UZZ040.AG,Italy,Italy_Sicily_Mesolithic.AG,8279.0,0.2247900068759918,-0.15032828866175732,-0.6994709735120648,0.19335074411624587
XAN051.AG,Greece,Greece_Crete_Chania_LBA.AG,3250.0,0.2065606713294983,1.8908910522630047,-0.4578433263317087,-0.030462618889277215
XAN041.AG,Greece,Greece_Crete_Chania_LBA.AG,3250.0,0.6588779091835022,1.915108266818581,-0.47421011154820203,-0.015070834051653567
XAN024.AG,Greece,Greece_Crete_Chania_LBA.AG,3175.0,0.3948190212249756,1.9148280759700067,-0.48800520374844153,0.0007975408067967854
NST001.AG,Greece,Greece_NeaStyra_EBA.AG,4421.0,0.5377793908119202,1.9219035533240332,-0.47568793306436546,0.012670188364530308
APO037.AG,Greece,Greece_Crete_Aposelemis_N.AG,7981.0,0.1325971484184265,1.9048935846566382,-0.4761199307906422,-0.0418953433126555
AID008.AG,Greece,Greece_Aidonia_LBA.rel.of.AID007.AG,3250.0,0.6675695776939392,1.9199670243532645,-0.4680039303851575,-0.01207209889053576
AID002.AG,Greece,Greece_Aidonia_LBA.rel.of.AID001.AG,3375.0,0.6068411469459534,1.9203628992862443,-0.48889618833616755,-0.01082396434227434
ETM010.AG,Syria,Syria_Ebla_EMBA.AG,4550.0,0.5964949131011963,0.8490380065020771,-1.0916106075166387,0.17354609534436408
GER003.AG,Spain,Spain_Gravettian_contam.AG,27203.0,0.2226902693510055,-1.0432915590531078,-2.232141440081384,0.07589037876513957
MA89.AG,Italy,Italy_N_EBA.AG,5198.0,0.74031662940979,-0.0611106656273583,-0.6963157107171395,0.24839234187872777
GoyetQ-2.AG,Belgium,Belgium_Magdalenian_contam.AG,15077.0,0.3439574539661407,0.041541766403114154,-0.23118407949125683,-0.03478888544750276
atp12-1420.SG,Spain,Spain_C.SG,4868.0,0.8987390995025635,-1.1125562354652478,-2.364979346917215,0.07332864084382641
atp002.SG,Spain,Spain_C.SG,4746.0,0.9877592325210572,-1.1251901710762287,-2.3069204430804904,0.07465500689236348
SZF-26.SG,Hungary,Hungary_EarlyAvar.SG,1263.0,0.6242967247962952,1.7142399812599614,0.10606458670357193,-0.08107578739859451
VK534.SG,Italy,Italy_Medieval.SG,766.0,0.6973714232444763,-0.07351991143943996,-0.6482939326252739,0.2183594961182899
VK394.SG,Norway,Norway_Viking.SG,1000.0,0.5188120603561401,-0.581104431656845,1.5826477534506347,0.7671816161899876
VK344.SG,Sweden,Sweden_Viking.SG,1000.0,0.6269609332084656,-0.9170190325954685,2.487124942403616,0.8601182284701208
VK343.SG,Sweden,Sweden_Viking.SG,1000.0,0.7107086181640625,-0.9149527330650666,2.4216367941815706,0.8115602759702106
VK264.SG,UnitedKingdom,England_Viking.SG,953.0,0.6288481950759888,-1.5316277231893327,0.15516249215031058,-0.607939901824725
ERS1790733.SG,Lebanon,Lebanon_MBA.SG,3775.0,0.635169267654419,0.6171973504226314,-0.36793917093375417,0.6162594130622032
OC.SG,Romania,Romania_IronGates_Mesolithic.SG,8704.0,0.7483019232749939,1.214857020801454,0.4671427018102435,0.22962375838385604
DA144.SG,Russia,Russia_Sarmatian.SG,2300.0,0.2907406389713287,-0.0867288797358227,0.7129432073356414,-0.09881603727974453
SZ5.SG,Hungary,Hungary_Langobard.SG,1442.0,0.9947794675827026,1.6143716621854174,0.04873418380511737,-0.126584109434145
vbj006_UDG.SG,Sweden,Sweden_Gotland_Vasterbjers_PittedWare_BattleAxe.SG,4898.0,0.8266774415969849,-0.9162190764204029,2.4196941866612844,0.8713973629426286
I1577.AG.BY,Austria,Austria_Gravettian.AG.BY,30200.0,0.1929095685482025,0.6135847962677133,-0.6469374572653596,-0.2099094154011435
I28394.AG,Croatia,Croatia_EarlyMedieval_Avar.AG,1650.0,0.7065643072128296,0.8264958255541525,-0.006898450671026408,-0.17261871052509203
I28388.AG,Croatia,Croatia_EarlyMedieval_Avar.AG,1650.0,0.7194733619689941,0.7520034694984472,-0.02214816500570655,-0.1715074657220393
I3320_d.AG,Spain,Spain_IA.AG,2150.0,0.3250314593315124,-1.0701697964331882,-2.393947607435811,0.08398714103854418
I24898_d.AG,Austria,Austria_N_LBK.AG,7100.0,0.1783330738544464,0.6425003045513586,-0.6367542881624662,-0.2307123433044397
I5737_d.AG,Turkey,Turkey_Aegean_Izmir_Yassitepe_MBA.AG,3931.0,0.1327917873859405,1.4456524830175337,-0.6155115391684143,0.5072296654807144
I3121_d.AG,Turkey,Turkey_Marmara_Illipinar_N.AG,7925.0,0.284111350774765,1.4420833319017352,-0.6026542271740537,0.5307535090828587
I2656_d.AG,UnitedKingdom,Scotland_MBA.AG,3081.0,0.0704939886927604,-1.5568367055559467,0.07340481190877209,-0.5447384902567284
UZZ061_d.AG,Italy,Italy_Sicily_MN.AG,6739.0,0.2071705609560012,-0.004603747947988538,-0.7203963351317448,0.2288922697063091
UZZ040_d.AG,Italy,Italy_Sicily_Mesolithic.AG,8279.0,0.0507350675761699,-0.08513606130461067,-0.7278079047688757,0.19414271543232348
XAN051_d.AG,Greece,Greece_Crete_Chania_LBA_alt.AG,3250.0,0.0600926354527473,1.932745628238005,-0.46876826998998034,-0.016012690890771595
XAN041_d.AG,Greece,Greece_Crete_Chania_LBA_alt.AG,3250.0,0.2290154248476028,1.922291844242919,-0.49770150019691267,-0.011013701116362956
XAN024_d.AG,Greece,Greece_Crete_Chania_LBA_alt.AG,3175.0,0.1172647848725318,1.9311190079796265,-0.46875810668891127,0.00036116082097541267
NST001_d.AG,Greece,Greece_NeaStyra_EBA.AG,4421.0,0.1707402914762497,1.935177879894407,-0.4798525794695727,-0.014398554742133574
APO037_d.AG,Greece,Greece_Crete_Aposelemis_N.AG,7981.0,0.050523392856121,1.937610770438545,-0.496709288035487,0.0056244164875912245
AID008_d.AG,Greece,Greece_Aidonia_LBA.rel.of.AID007.AG,3250.0,0.2774772047996521,1.9056468829129225,-0.5014923022552119,0.0035420558533578936
AID002_d.AG,Greece,Greece_Aidonia_LBA.rel.of.AID001.AG,3375.0,0.2311613857746124,1.9062271369106238,-0.46823116315088154,0.0033352438350529702
ETM010_d.AG,Syria,Syria_Ebla_EMBA.AG,4550.0,0.3406817317008972,0.8476164797730221,-1.0814791769983758,0.15063415764541901
MA89_d.AG,Italy,Italy_N_EBA_alt.AG,5198.0,0.4127150177955627,-0.10404198189396449,-0.7393785425201057,0.19980685503330495
GoyetQ-2_d.AG,Belgium,Belgium_Magdalenian.AG,15077.0,0.0797266513109207,0.016780414223640117,-0.20263336650081382,-0.034215442250242076
Villabruna_d.AG.BY.AA,Italy,Italy_Epigravettian_alt.AG.BY.AA,14021.0,0.3074184954166412,-0.13148528260678344,-0.6659169230125519,0.20426079153352983
Vestonice16_d.AG.BY.AA,Czechia,Czechia_Gravettian_alt.AG.BY.AA,29800.0,0.127426877617836,-0.35266744525056143,0.033723837518359445,-0.15096010270600901
mur_d.SG,Spain,Spain_EN.SG,7127.0,0.4658150374889374,-1.0980788305340732,-2.3137130152841268,0.07422618230796302
VPB-561_d.SG,Hungary,Hungary_Conqueror_Commoner.SG,1000.0,0.1416148841381073,1.6954726563099296,0.1157712659409447,-0.016311700799918002
SZK-130_d.SG,Hungary,Hungary_Avar.SG,1200.0,0.1286336779594421,1.670773044252716,0.010780138967943203,-0.11589660682689011
SZF-26_d.SG,Hungary,Hungary_EarlyAvar.SG,1263.0,0.1385670751333236,1.6274587025802036,0.047373867777926376,-0.15177957499076652
SH-41_d.SG,Hungary,Hungary_Conqueror_Commoner.SG,975.0,0.1326247155666351,1.6629275374095276,0.06320559139621404,-0.06309457497689837
SH-106_d.SG,Hungary,Hungary_Conqueror_Commoner.SG,1000.0,0.1014482378959655,1.6511627396797164,0.00990291269553747,-0.1403241443726728
PV-205_d.SG,Hungary,Hungary_LateEarlyAvar.SG,1226.0,0.2999603450298309,1.6598988313289422,0.11132067992382447,-0.10141646945306629
PV-200_d.SG,Hungary,Hungary_LateEarlyAvar.SG,1223.0,0.2228362560272216,1.68956096273938,0.07102713685488043,-0.11104541839068752
PLE-38_d.SG,Hungary,Hungary_Conqueror_Commoner.SG,1003.0,0.1084611415863037,1.6632033564222182,0.11652411765375471,-0.07691172832876952
PLE-384_d.SG,Hungary,Hungary_EarlyArpadian.SG,870.0,0.1338396221399307,1.6797507613325335,0.02896822193672523,-0.05473047767161831
PLE-23_d.SG,Hungary,Hungary_Conqueror_Commoner.SG,975.0,0.0979730114340782,1.6773637293474495,0.0626790764730003,-0.08919891779787398
PLE-216_d.SG,Hungary,Hungary_Conqueror_Commoner_oEastAsia.SG,975.0,0.1336498409509658,1.631492671890371,0.15739343988673296,-0.030314615210787977
PLE-115_d.SG,Hungary,Hungary_EarlyArpadian.SG,925.0,0.1713980287313461,1.6769811257778076,0.15985490097094257,-0.011627851203824638
MM-80_d.SG,Hungary,Hungary_EarlyAvar.SG,1328.0,0.1611540168523788,1.6615421195110247,0.06461901948836307,-0.027304873342381172
KK2-670_d.SG,Hungary,Hungary_LateEarlyAvar.SG,1175.0,0.1483139246702194,1.705180075113903,0.09218415272509979,-0.06946651592877975
KeF1-10936_d.SG,Hungary,Hungary_Conqueror_Elite.SG,970.0,0.1179752349853515,1.6793341872460066,0.029145798070617016,-0.07478410295262918
K3-12_d.SG,Hungary,Hungary_Conqueror_Elite.SG,970.0,0.0917654559016227,1.6703650677201898,0.08231513224887235,-0.10129209484368219
K2-61_d.SG,Hungary,Hungary_Conqueror_Elite.SG,1025.0,0.0867549628019332,1.6985033120507136,0.08518756354037202,-0.09542767090496829
K2-33_d.SG,Hungary,Hungary_Conqueror_Elite_oEurope.SG,970.0,0.1212541982531547,1.701174245468998,0.11345982544817328,-0.08634342336940971
IBE-90_d.SG,Hungary,Hungary_EarlyArpadian.SG,900.0,0.0654551088809967,1.6669240244408101,0.08363373972336212,-0.06843218818786787
FU-193_d.SG,Hungary,Hungary_EarlyAvar.SG,1227.0,0.1352978497743606,1.6308143192979967,0.08622324326943971,-0.04084772605278009
ARK-19_d.SG,Hungary,Hungary_LateEarlyAvar.SG,1150.0,0.180543914437294,1.6718626822696596,0.06836945311119662,-0.025010063489992313
VK534_d.SG,Italy,Italy_Medieval.SG,766.0,0.1483998894691467,-0.057677544188933,-0.7873026433612348,0.18524435901979272
VK394_d.SG,Norway,Norway_Viking.SG,1000.0,0.092822216451168,-0.5790855596664409,1.5804921305833994,0.7645811286262082
VK344_d.SG,Sweden,Sweden_Viking.SG,1000.0,0.1714442521333694,-0.9205703549259151,2.409601300486609,0.8368455807774604
VK343_d.SG,Sweden,Sweden_Viking.SG,1000.0,0.1996702402830124,-0.888822587535934,2.4081961348747427,0.7961788883138661
VK264_d.SG,UnitedKingdom,England_Viking.SG,953.0,0.1342840641736984,-1.435034214717529,0.13585784463666525,-0.574711941506653
KH150637_d.SG,Germany,Germany_Wartberg_LN.SG,5057.0,0.2301897853612899,-0.44010932114169604,-0.22564963952218392,0.13097075468837685
KH150633_d.SG,Germany,Germany_Wartberg_LN.SG,5159.0,0.1085844188928604,-0.36194808608498086,-0.2182776093871817,0.12865647430774474
ERS1790733_d.SG,Lebanon,Lebanon_MBA.SG,3775.0,0.2850294411182403,0.6555509406402957,-0.37935002777574367,0.6049493195272831
DA144_d.SG,Russia,Russia_Sarmatian.SG,2300.0,0.0669246762990951,-0.10716170391614536,0.6757649003612617,-0.10765012550395646
SZ5_d.SG,Hungary,Hungary_Langobard.SG,1442.0,0.2793385088443756,1.6628627745221745,0.04081651235351745,-0.15261369397700655
vbj008_d.SG,Sweden,Sweden_Gotland_Vasterbjers_PittedWare_BattleAxe.SG,4663.0,0.0816374197602272,-0.9022877459264436,2.4151668906261667,0.8423274612372286
I0679.AG,Bulgaria,Bulgaria_Krepost_N.AG,7617.0,0.7296281456947327,1.3130194891866982,-0.28435161214136434,0.44192191190445307
I0211.AG,Russia,Russia_YuzhniyOleniyOstrov_Mesolithic.AG,8450.0,0.1274860799312591,-0.16320883905879605,0.6932940822033271,-0.09873653288757957
I8369.AG,Turkey,Turkey_Marmara_Iznik_Basilica_Roman_Byzantine_B.AG,1350.0,0.7741937637329102,1.3638884878030242,-0.6222309208933384,0.5177100670220276
I2443.AG,UnitedKingdom,England_BellBeaker.AG,4091.0,0.7634023427963257,-1.5290710828915188,0.01807502824593257,-0.5709901140056971
CGG100317.SG,Denmark,Denmark_PostMedieval.SG,279.0,0.5957220196723938,-0.9185271525933757,0.8769602324319122,0.3880203640474504
CGG100336.SG,Denmark,Denmark_PostMedieval.SG,279.0,0.4508427679538727,-0.9077398440432227,0.8643954829818629,0.4030878344783788
CGG100341.SG,Denmark,Denmark_PostMedieval.SG,279.0,0.3711420595645904,-0.8994371074253835,0.854118765463349,0.3780028049051201
CGG100415.SG,Denmark,Denmark_Medieval.SG,525.0,0.7825765013694763,-0.9059628753023712,0.9015275611544792,0.3269243895196329
CGG100431.SG,Denmark,Denmark_PostMedieval.SG,200.0,0.0809837356209755,-0.8988284476888179,0.873873862787982,0.36398776861957816
CGG100434.SG,Denmark,Denmark_PostMedieval.SG,300.0,0.0574941225349903,-0.875132501191752,0.8671738787939732,0.39170413457692543
CGG100441.SG,Denmark,Denmark_Medieval.SG,582.0,0.3177882134914398,-0.9066229075352779,0.8581161959204773,0.3875366226000639
CGG100442.SG,Denmark,Denmark_Medieval.SG,600.0,0.1689146757125854,-0.9033187998662878,0.8426458195678161,0.3974220576027445
CGG100445.SG,Denmark,Denmark_PostMedieval.SG,400.0,0.7312761545181274,-0.9305685928445862,0.8621069176345176,0.36742121065219513
CGG100447.SG,Denmark,Denmark_PostMedieval.SG,200.0,0.1370026171207428,-0.9209601580536357,0.8777813558415545,0.3809378287859717
CGG100451.SG,Denmark,Denmark_PostMedieval.SG,200.0,0.6375877857208252,-0.8991280921667334,0.8107650419710725,0.3766965817334626
CGG100452.SG,Denmark,Denmark_PostMedieval.SG,200.0,0.3508535623550415,-0.9524880358356458,0.86105720540477,0.39788656284071583
CGG100453.SG,Denmark,Denmark_PostMedieval.SG,279.0,0.4093517363071441,-0.8721258993917347,0.8611545720975543,0.3689337248675974
CGG100454.SG,Denmark,Denmark_PostMedieval.SG,279.0,0.5794853568077087,-0.8971264973235071,0.8490956269656773,0.37414873659679226
CGG100456.SG,Denmark,Denmark_PostMedieval.SG,200.0,0.2643865048885345,-0.9137984223285862,0.8501502094142915,0.3858753629705445
CGG100472.SG,Denmark,Denmark_PostMedieval.SG,279.0,0.6112465858459473,-0.9091878546042327,0.8632100264072907,0.3813939540305961
CGG100492.SG,Denmark,Denmark_Medieval.SG,850.0,0.1742828339338302,-0.8980469329687949,0.8274933204401879,0.40029210108311514
CGG100493.SG,Denmark,Denmark_Medieval.SG,613.0,0.1764652878046035,-0.9155410474552323,0.8817882447413427,0.38066970981881093
CGG100497.SG,Denmark,Denmark_Medieval.SG,582.0,0.0941401273012161,-0.9196271881681513,0.8602548621133093,0.362134082137341
CGG100498.SG,Denmark,Denmark_Medieval.SG,525.0,0.3236194550991058,-0.8966922478846306,0.8619291112347084,0.368053485759204
CGG100501.SG,Denmark,Denmark_Medieval.SG,820.0,0.2293625473976135,-0.9167407652675894,0.8944867740095459,0.3913810389794903
CGG100507.SG,Denmark,Denmark_Medieval.SG,775.0,0.2550938129425049,-0.9046453375079775,0.8733224686909307,0.37726746196253474
CGG100512.SG,Denmark,Denmark_Medieval.SG,614.0,0.1006145104765892,-0.8965748845888015,0.8967957011247428,0.41570580037505783
CGG100530.SG,Denmark,Denmark_PostMedieval.SG,279.0,0.2289797365665435,-0.8939815629546625,0.8079221052930563,0.3750604892928558
CGG100535.SG,Denmark,Denmark_PostMedieval.SG,279.0,0.0554227717220783,-0.9158437450374587,0.880013339896314,0.415640364688354
CGG100539.SG,Denmark,Denmark_Medieval.SG,613.0,0.5774829387664795,-0.8896266194977474,0.8270489085188093,0.3721660307820627
CGG100545.SG,Denmark,Denmark_Medieval.SG,613.0,0.1848212480545044,-0.9021978245257258,0.8392110644641302,0.3929178258461205
CGG100651.SG,Denmark,Denmark_Medieval.SG,625.0,0.129314124584198,-0.9029494966245284,0.868736286803092,0.38442032115144076
CGG100653.SG,Denmark,Denmark_Medieval.SG,800.0,0.230680450797081,-0.8964463895030277,0.879484770311784,0.3998531561779355
CGG100678.SG,Denmark,Denmark_Medieval.SG,625.0,0.6818444132804871,-0.9122614595728077,0.8312267967602815,0.36849195079546915
CGG100679.SG,Denmark,Denmark_Medieval.SG,625.0,0.6205222606658936,-0.8961841187620446,0.8624480730479819,0.3837399240866733
CGG100682.SG,Denmark,Denmark_Medieval.SG,625.0,0.1129339262843132,-0.9280397274849358,0.90892692289903,0.3897329465889271
CGG100683.SG,Denmark,Denmark_Medieval.SG,800.0,0.1834611594676971,-0.8992278137210813,0.9139128813080201,0.37290414012193085
CGG100686.SG,Denmark,Denmark_Medieval.SG,800.0,0.4725449085235595,-0.9281450877182209,0.8345404070219344,0.41377445868404794
CGG100687.SG,Denmark,Denmark_Medieval.SG,800.0,0.5076588988304138,-0.9085687548535362,0.8815112505578445,0.3906806655973239
CGG100692.SG,Denmark,Denmark_Medieval.SG,800.0,0.5164592862129211,-0.9232644235919513,0.855076798592849,0.3942099453031564
CGG100700.SG,Denmark,Denmark_Medieval.SG,600.0,0.062456764280796,-0.9015550715851154,0.8833976376377426,0.3927458082695141
CGG100747.SG,Denmark,Denmark_Medieval.SG,800.0,0.0686310678720474,-0.911877835477732,0.8713985501457009,0.38495096701778136
CGG100748.SG,Denmark,Denmark_Medieval.SG,800.0,0.6561642289161682,-0.900154780347315,0.8736362406521646,0.38328080726806196
CGG100749.SG,Denmark,Denmark_Medieval.SG,625.0,0.1421899050474167,-0.905938717160446,0.8310625311815096,0.4005226650860725
CGG100750.SG,Denmark,Denmark_Medieval.SG,800.0,0.1694645583629608,-0.9309225613289323,0.8718527710468263,0.3884664768915325
CGG100751.SG,Denmark,Denmark_Medieval.SG,625.0,0.3824858367443084,-0.920829232094431,0.8392095237413633,0.3733335812808112
CGG100759.SG,Denmark,Denmark_Medieval.SG,625.0,0.2268159389495849,-0.9369159645268477,0.8583249738782076,0.38062789770495215
CGG100797.SG,Denmark,Denmark_Medieval.SG,600.0,0.2526599466800689,-0.8803441939975225,0.8562674286340629,0.39717087125950945
CGG100802.SG,Denmark,Denmark_Medieval.SG,600.0,0.0968724563717842,-0.9279168100767543,0.8825341070688368,0.3851941181319567
CGG100820.SG,Denmark,Denmark_Medieval.SG,600.0,0.4128764271736145,-0.8878496916820855,0.8573387225506123,0.3908075374959453
CGG100908.SG,Denmark,Denmark_Medieval.SG,600.0,0.0765652880072593,-0.9227475491759386,0.875304032619602,0.41099699333040723
CGG100918.SG,Denmark,Denmark_Medieval.SG,800.0,0.2720092833042145,-0.9235832240488921,0.9090574211378574,0.414498377456966
CGG100920.SG,Denmark,Denmark_Medieval.SG,625.0,0.4545775353908539,-0.8747194659444895,0.8465201353043513,0.3773173646684818
CGG100921.SG,Denmark,Denmark_Medieval.SG,800.0,0.1637573987245559,-0.9129421211782495,0.8051289691191432,0.3608259901515589
CGG100926.SG,Denmark,Denmark_Medieval.SG,800.0,0.2191452980041504,-0.8929001414967617,0.8417438419511458,0.40745236146034036
CGG100951.SG,Denmark,Denmark_Medieval.SG,800.0,0.3126447200775146,-0.8948641416806056,0.83154118585708,0.37486459010581574
CGG101680.SG,Denmark,Denmark_Medieval.SG,625.0,0.5073798894882202,-0.9095415750386016,0.9273742110496848,0.39041673393563375
CGG101689.SG,Denmark,Denmark_Medieval.SG,575.0,0.1810621619224548,-0.8837750383358578,0.8752900005724599,0.3743797972957215
CGG101691.SG,Denmark,Denmark_Medieval.SG,625.0,0.120054692029953,-0.9016911864893802,0.8641619213048833,0.36042839313287944
CGG101808.SG,Denmark,Denmark_Medieval.SG,575.0,0.0558323375880718,-0.9314620409095854,0.8753418932753018,0.4216093573764258
CGG101809.SG,Denmark,Denmark_Medieval.SG,575.0,0.2772476971149444,-0.9141556411303222,0.8747082491200203,0.38945587336330495
CGG101811.SG,Denmark,Denmark_Medieval.SG,575.0,0.4793680310249328,-0.9205921902190128,0.8401466599679199,0.3988937765182001
CGG101813.SG,Denmark,Denmark_Medieval.SG,625.0,0.2233252972364425,-0.9477510998624437,0.9013418279940268,0.3964064489729498
CGG101822.SG,Denmark,Denmark_Medieval.SG,625.0,0.7585767507553101,-0.9494991004105346,0.8759914346554954,0.3471279663210952
CGG101825.SG,Denmark,Denmark_Medieval.SG,800.0,0.1066233664751052,-0.9140211059006929,0.8693079999378306,0.38140461098135775
CGG101829.SG,Denmark,Denmark_Medieval.SG,1550.0,0.4173848927021026,-0.9066043231198663,0.8517139384576515,0.37118988102640255
CGG101833.SG,Denmark,Denmark_Medieval.SG,625.0,0.2930983006954193,-0.9007630568873091,0.8398991950264013,0.41260311838504155
CGG101835.SG,Denmark,Denmark_Medieval.SG,575.0,0.6940397024154663,-0.920964683091514,0.865334791194604,0.3842503422427127
CGG101837.SG,Denmark,Denmark_Medieval.SG,1550.0,0.3921183347702026,-0.9344022059549789,0.9078765801773785,0.3745683893565985
CGG101838.SG,Denmark,Denmark_Medieval.SG,625.0,0.6732345819473267,-0.9270325555638911,0.8795184915289855,0.40137454749357493
CGG101839.SG,Denmark,Denmark_Medieval.SG,625.0,0.0788612961769104,-0.8716108479247527,0.8248924960592205,0.3596301172234599
CGG101842.SG,Denmark,Denmark_Medieval.SG,1550.0,0.4934805929660797,-0.9288869424569817,0.8451866805117593,0.3796324772258684
CGG101843.SG,Denmark,Denmark_Medieval.SG,575.0,0.1680590510368347,-0.9398450448023592,0.8543080638695466,0.31736132632175207
CGG101845.SG,Denmark,Denmark_Medieval.SG,575.0,0.3584366142749786,-0.9203729253490067,0.8444179817455664,0.3827954314746353
CGG101850.SG,Denmark,Denmark_Medieval.SG,575.0,0.3431107401847839,-0.8962579808439443,0.8837041636083112,0.39952418517179916
CGG101854.SG,Denmark,Denmark_Medieval.SG,575.0,0.1444518417119979,-0.8823772082293581,0.842888271633149,0.3923152885053635
CGG101855.SG,Denmark,Denmark_Medieval.SG,800.0,0.2493177354335785,-0.9248732802540599,0.8449659719175687,0.3840980233506983
CGG101857.SG,Denmark,Denmark_Medieval.SG,625.0,0.228181704878807,-0.9083408376097634,0.8557592495206517,0.39093905429640047
CGG101864.SG,Denmark,Denmark_Medieval.SG,625.0,0.4712350964546203,-0.8787934929882615,0.8514337541765387,0.344626713014537
CGG101873.SG,Denmark,Denmark_Medieval.SG,1550.0,0.2652259171009063,-0.9209319654516971,0.8283573815860454,0.38624196515058845
BOY001.AG,Bulgaria,Bulgaria_Yamnaya_Boyanovo_EBA.AG,4746.0,0.4295810461044311,1.2686017201130972,-0.2934767494078248,0.42178084816082395
BOY008.AG,Bulgaria,Bulgaria_Boyanovo_EBA.AG,4757.0,0.1752966046333313,1.325120499232375,-0.3187771036133635,0.4493668992755164
BOY009.AG,Bulgaria,Bulgaria_Boyanovo_EBA.AG,4763.0,0.2534312307834625,1.2727813743954302,-0.2777249232860846,0.42710341218649023
BOY014.AG,Bulgaria,Bulgaria_Boyanovo_EBA.AG,5016.0,0.2650458812713623,1.325511475439992,-0.2851262067228125,0.451715119036369
BOY019.AG,Bulgaria,Bulgaria_Boyanovo_EBA.AG,4755.0,0.0903299450874328,1.3326981698882463,-0.3357661688694591,0.47494192722930734
KTL001.AG,Ukraine,Ukraine_CernavodaI_Kartal_C.AG,5376.0,0.5433186888694763,-0.07609792672712275,1.3576304339711702,0.8070964414205631
KTL002.AG,Ukraine,Ukraine_CernavodaI_Kartal_C.AG,5527.0,0.4814572036266327,-0.04588849029223064,1.3609402052496578,0.8332354108855713
KTL003.AG,Ukraine,Ukraine_CernavodaI_Kartal_C.AG,5552.0,0.5114139318466187,-0.02966456761866756,1.3793056486015023,0.8175294360292727
KTL004.AG,Ukraine,Ukraine_CernavodaI_Kartal_C.AG,5819.0,0.6864274740219116,-0.0785717975164877,1.4123704031761666,0.8397738746792718
KTL005.AG,Ukraine,Ukraine_CernavodaI_Kartal_C.AG,5632.0,0.5580841302871704,-0.06742235654425766,1.3369941011423965,0.7529675152986597
KTL006.AG,Ukraine,Ukraine_CernavodaI_Kartal_C.AG,5967.0,0.7700737714767456,-0.06556336646815387,1.3877639048792194,0.8305090487326108
KTL007.AG,Ukraine,Ukraine_CernavodaI_Kartal_C.AG,5828.0,0.3467595279216766,-0.0983178015925105,1.3661848242500667,0.8069825136018915
KTL008.AG,Ukraine,Ukraine_CernavodaI_Kartal_C.AG,5625.0,0.1865787357091903,-0.05582316398426064,1.414273819370897,0.8334963999448903
MAJ002.AG,Ukraine,Ukraine_Eneolithic_Usatove_Majaky_C.AG,6297.0,0.7509223222732544,-0.0852047586361451,1.3957204798486842,0.8195136724135119
MAJ003.AG,Ukraine,Ukraine_Eneolithic_Usatove_Majaky_C.AG,5695.0,0.7206622958183289,-0.10215310466210878,1.3890933844893751,0.8324200310673633
MAJ004.AG,Ukraine,Ukraine_Eneolithic_Usatove_Majaky_EBA.AG,4647.0,0.2443842887878418,-0.05301764902702324,1.3871503251165382,0.7548828118599806
MAJ008.AG,Ukraine,Ukraine_Eneolithic_Usatove_Majaky_C.AG,6061.0,0.1778837740421295,-0.07824345883961487,1.3845620604638722,0.8278242932473262
MAJ009.AG,Ukraine,Ukraine_Eneolithic_Usatove_Majaky_C.AG,6343.0,0.2989684641361236,-0.021279019774214786,1.402868545972377,0.8509965991094975
MAJ017.AG,Ukraine,Ukraine_Eneolithic_Usatove_Majaky_EBA.AG,4803.0,0.7058230638504028,-0.09297422164499447,1.314637728887841,0.7653074276850772
MAJ019.AG,Ukraine,Ukraine_Eneolithic_Usatove_Majaky_EBA.AG,4726.0,0.2537102103233337,-0.07917005776723812,1.3535998284241921,0.8020598013344686
MAJ020.AG,Ukraine,Ukraine_Eneolithic_Usatove_Majaky_C.AG,5821.0,0.5948899388313293,-0.05293261438139399,1.37868416244762,0.8229503655216438
MAJ023.AG,Ukraine,Ukraine_Eneolithic_Usatove_Majaky_C.AG,6091.0,0.398262619972229,-0.0601492031508302,1.364512061109403,0.8342476226800659
PIE003.AG,Romania,Romania_PietreleMaguraGorgana_Gumelnita_C.AG,6356.0,0.3797210454940796,1.302469012265507,0.3600319247996402,0.1864720815976558
PIE004.AG,Romania,Romania_PietreleMaguraGorgana_Gumelnita_C.AG,6571.0,0.5914666056632996,1.2877666686089242,0.42596123534048785,0.1699414995269467
PIE005.AG,Romania,Romania_PietreleMaguraGorgana_Gumelnita_C.AG,6478.0,0.4788457155227661,1.2487453571117821,0.4113724938554409,0.22085905592512625
PIE006.AG,Romania,Romania_PietreleMaguraGorgana_Gumelnita_C.AG,6443.0,0.2782055139541626,1.2623230875230513,0.38227961110752273,0.1844912726164452
PIE008.AG,Romania,Romania_PietreleMaguraGorgana_Gumelnita_C.AG,6360.0,0.5313391089439392,1.3113385779308506,0.4435670080373,0.176081700830955
PIE010.AG,Romania,Romania_PietreleMaguraGorgana_Gumelnita_C.AG,6279.0,0.052017293870449,1.3044193843110634,0.40993079704267166,0.21159397707484282
PIE012.AG,Romania,Romania_PietreleMaguraGorgana_Gumelnita_C.AG,6487.0,0.3577772378921509,1.2935834644194235,0.44459739704757356,0.18235784316894937
PIE013.AG,Romania,Romania_PietreleMaguraGorgana_Gumelnita_C.AG,6390.0,0.325702965259552,1.2864153768240156,0.43330852500292927,0.19923803601977713
PIE014.AG,Romania,Romania_PietreleMaguraGorgana_Gumelnita_C.AG,6416.0,0.3424765169620514,1.2878480081710155,0.3857156841449937,0.19241826072265508
PIE015.AG,Romania,Romania_PietreleMaguraGorgana_Gumelnita_C.AG,6485.0,0.5070189833641052,1.296941376196569,0.41291616996785874,0.1468578744807523
PIE017.AG,Romania,Romania_PietreleMaguraGorgana_Gumelnita_C.AG,6562.0,0.5288679003715515,1.2505259024908675,0.4161069114107688,0.2059604776514579
PIE018.AG,Romania,Romania_PietreleMaguraGorgana_Gumelnita_C.AG,6366.0,0.0882715731859207,1.2927938968178603,0.41616578244085817,0.19409261357454669
PIE019.AG,Romania,Romania_PietreleMaguraGorgana_Gumelnita_C.AG,6450.0,0.3397133648395538,1.2792052966549792,0.41043818516580977,0.1683935640526031
PIE022.AG,Romania,Romania_PietreleMaguraGorgana_Gumelnita_C.AG,6335.0,0.0795149803161621,1.267024773855011,0.4017897532768203,0.18899148310108857
PIE023.AG,Romania,Romania_PietreleMaguraGorgana_Gumelnita_C.AG,6453.0,0.6071817278862,1.2176576563380013,0.44582901965049593,0.15564835499585364
PIE025.AG,Romania,Romania_PietreleMaguraGorgana_Gumelnita_C.AG,6454.0,0.2147122472524643,1.273236528920471,0.40933590944941733,0.17673683174235902
PIE026.AG,Romania,Romania_PietreleMaguraGorgana_Gumelnita_C.AG,6428.0,0.0947248712182045,1.2750849987018371,0.42601282393520296,0.20382633827829333
PIE028.AG,Romania,Romania_PietreleMaguraGorgana_Gumelnita_C.AG,6365.0,0.5126766562461853,1.2581710306445313,0.41915777239594454,0.1910109069855929
PIE029.AG,Romania,Romania_PietreleMaguraGorgana_Gumelnita_C.AG,6474.0,0.2750149369239807,1.2694153928005532,0.40190433974704076,0.18180626716711246
PIE030.AG,Romania,Romania_PietreleMaguraGorgana_Gumelnita_C.AG,6233.0,0.0516361147165298,1.281620306597441,0.41591109877447113,0.1892699899449564
PIE032.AG,Romania,Romania_PietreleMaguraGorgana_Gumelnita_C.AG,6353.0,0.0729343518614769,1.2846310796969558,0.42258696805185225,0.1903247804724338
PIE033.AG,Romania,Romania_PietreleMaguraGorgana_Gumelnita_C.AG,6531.0,0.5637199282646179,1.2916064318682638,0.4191935059626393,0.18248901111761395
PIE034.AG,Romania,Romania_PietreleMaguraGorgana_Gumelnita_C.AG,6539.0,0.5185906291007996,1.2806041188827249,0.4138557646078108,0.18810504615744744
PIE035.AG,Romania,Romania_PietreleMaguraGorgana_Gumelnita_C.AG,6478.0,0.244766280055046,1.271650343053215,0.42037909693008246,0.19186859449722188
PIE037.AG,Romania,Romania_PietreleMaguraGorgana_Gumelnita_C.AG,6242.0,0.4928585588932037,1.3018505603634012,0.4138119034637309,0.19539389074776017
PIE038.AG,Romania,Romania_PietreleMaguraGorgana_Gumelnita_C.AG,6513.0,0.630518913269043,1.2786385964179454,0.42653436340411544,0.1986589385090992
PIE039.AG,Romania,Romania_Dudesti_PietreleMaguraGorgana_N.AG,7206.0,0.2467013746500015,1.2830912175491904,0.4202748252984712,0.20336355161777164
PIE041.AG,Romania,Romania_PietreleMaguraGorgana_Gumelnita_C.AG,6486.0,0.5784724354743958,1.2426438173077174,0.41667839988936733,0.19821310920616053
PIE043.AG,Romania,Romania_PietreleMaguraGorgana_Gumelnita_C.AG,6833.0,0.1843143552541732,1.2884186154489528,0.41973813594321524,0.19234954550389538
PIE044.AG,Romania,Romania_PietreleMaguraGorgana_Gumelnita_C.AG,6381.0,0.059108056128025,1.2575238028714908,0.41740720431223366,0.1961391476026786
PIE048.AG,Romania,Romania_PietreleMaguraGorgana_Gumelnita_C.AG,6522.0,0.1935275644063949,1.2731622390825565,0.3964769941447628,0.19133773287944644
PIE050.AG,Romania,Romania_PietreleMaguraGorgana_Gumelnita_C.AG,6442.0,0.6580287218093872,1.3108247151431949,0.41010012348365427,0.19480468062537754
PIE053.AG,Romania,Romania_PietreleMaguraGorgana_Gumelnita_C.AG,6364.0,0.5031049847602844,1.2709873768359072,0.39644537968250687,0.1748782487088999
PIE054.AG,Romania,Romania_PietreleMaguraGorgana_Gumelnita_C.AG,6236.0,0.5744367837905884,1.306957250729314,0.42500123217320035,0.16525191350876794
PIE057.AG,Romania,Romania_PietreleMaguraGorgana_Gumelnita_C.AG,6358.0,0.6908126473426819,1.2763617449047184,0.4102251503017379,0.1837927948867232
PIE058.AG,Romania,Romania_PietreleMaguraGorgana_Gumelnita_C.AG,6235.0,0.5219093561172485,1.258668600577771,0.43320437491393277,0.20901031185972804
PIE06061.AG,Romania,Romania_PietreleMaguraGorgana_Gumelnita_C.AG,6616.0,0.6821534037590027,1.2746290517896706,0.43226674777540897,0.18237062615401892
PIE061.AG,Romania,Romania_PietreleMaguraGorgana_Gumelnita_C.AG,6482.0,0.5503348112106323,1.2521230141745567,0.43540093124021334,0.17934277952442082
PIE062.AG,Romania,Romania_PietreleMaguraGorgana_Gumelnita_C.AG,6243.0,0.1271787136793136,1.2663409680957722,0.38903738315910363,0.19529925118024552
PIE063.AG,Romania,Romania_PietreleMaguraGorgana_Gumelnita_C.AG,6435.0,0.4679537117481231,1.2810082420007045,0.427496492595568,0.1569402315618629
PIE064.AG,Romania,Romania_PietreleMaguraGorgana_Gumelnita_C.AG,6449.0,0.0741127654910087,1.2829484035135788,0.4043944474089889,0.18562432158671674
PIE065.AG,Romania,Romania_PietreleMaguraGorgana_Gumelnita_C.AG,6512.0,0.462788313627243,1.2623488005335533,0.3984025442366639,0.20681178188633131
PIE069.AG,Romania,Romania_PietreleMaguraGorgana_Gumelnita_C.AG,6458.0,0.2175759673118591,1.2730092783746345,0.41855059173826203,0.22306587702696073
PIE071631.AG,Romania,Romania_CernavodaPossible_PietreleMaguraGorgana_C.AG,5648.0,0.4578759372234344,1.2856176861411575,0.42224142983966567,0.18632041133859878
PIE074.AG,Romania,Romania_PietreleMaguraGorgana_Gumelnita_C.AG,6268.0,0.5230277180671692,1.2706351933344466,0.38987626894087335,0.18433338200464833
PIE075.AG,Romania,Romania_PietreleMaguraGorgana_Gumelnita_C.AG,6311.0,0.1746575236320495,1.2575544231403952,0.41550197607068107,0.2046801551714676
PIE076.AG,Romania,Romania_PietreleMaguraGorgana_Gumelnita_C.AG,6242.0,0.5186652541160583,1.2583676714601633,0.41922742975584987,0.20428066592721775
PIE077.AG,Romania,Romania_PietreleMaguraGorgana_Gumelnita_C.AG,6229.0,0.5806710720062256,1.2754260585616286,0.4080948826027278,0.17881781403621014
PIE078.AG,Romania,Romania_PietreleMaguraGorgana_Gumelnita_EBA.AG,5143.0,0.2490411698818206,1.268171522164297,0.4042760490950412,0.1734773053406033
PTK001.AG,Bulgaria,Bulgaria_PetkoKaravelovo_Chalcolithic.AG,6494.0,0.3578064441680908,1.3423098919405003,-0.2760894952652224,0.4399162482675947
PTK004.AG,Bulgaria,Bulgaria_PetkoKaravelovo_Chalcolithic.AG,6493.0,0.1030021607875824,1.2862256560221803,-0.2943687747970083,0.44714521276391034
PTK005.AG,Bulgaria,Bulgaria_PetkoKaravelovo_Chalcolithic.AG,6500.0,0.298155814409256,1.3298126887912,-0.3113499288765344,0.44500037258595787
UBK003.AG,Ukraine,Ukraine_Eneolithic_Usatove_Usatove-BolsojKujalnik_C.AG,5832.0,0.3350191712379455,-0.04331489369593631,1.3939736061818844,0.8140839004574947
UBK006.AG,Ukraine,Ukraine_Eneolithic_Usatove_Usatove-BolsojKujalnik_C.AG,5575.0,0.4092633128166199,-0.0966936922007147,1.3701133290176568,0.7904861365968906
USV004.AG,Ukraine,Ukraine_Eneolithic_Usatove_Usatove-BolsojKujalnik_C.AG,5636.0,0.3468422591686249,-0.07364321068949896,1.383849162365373,0.8366187396714571
USV005.AG,Ukraine,Ukraine_Eneolithic_Usatove_Usatove-BolsojKujalnik_C.AG,5532.0,0.7373815178871155,-0.09051701824148639,1.3988782996792206,0.8326848935037133
VAR002.AG,Bulgaria,Bulgaria_Varna_Chalcolithic.AG,6451.0,0.0692555531859397,1.319303884923181,-0.31634373623983747,0.4525301601722549
VAR003.AG,Bulgaria,Bulgaria_Varna_Chalcolithic.AG,6500.0,0.2977973520755768,1.3565173659417793,-0.3250348143213248,0.5166559427803177
VAR004.AG,Bulgaria,Bulgaria_Varna_Chalcolithic.AG,6529.0,0.407809168100357,1.2952091697866095,-0.3033248873685337,0.4365687771970878
VAR006.AG,Bulgaria,Bulgaria_Varna_Chalcolithic.AG,6363.0,0.2814301252365112,1.290112492141268,-0.30932039044553455,0.4524653893634661
VAR008.AG,Bulgaria,Bulgaria_Varna_Chalcolithic.AG,6566.0,0.2416292428970337,1.347353382455326,-0.3150743222063648,0.4377210798455755
VAR009.AG,Bulgaria,Bulgaria_Varna_Chalcolithic.AG,6436.0,0.5914236307144165,1.2958639790097264,-0.29542060985630636,0.45074337304704803
VAR010.AG,Bulgaria,Bulgaria_Varna_Chalcolithic.AG,6549.0,0.6361392736434937,1.3231561613065663,-0.29600533079676705,0.4485372727483976
VAR011.AG,Bulgaria,Bulgaria_Varna_Chalcolithic.AG,6354.0,0.5700467228889465,1.317134639789787,-0.3057878884862067,0.44645673020917803
VAR012.AG,Bulgaria,Bulgaria_Varna_Chalcolithic.AG,6473.0,0.7204043865203857,1.3266513354202898,-0.2981889061562376,0.44476865858412845
VAR016.AG,Bulgaria,Bulgaria_Varna_Chalcolithic.AG,6402.0,0.3517099916934967,1.3063098335597394,-0.2948491540066441,0.4360670018054946
VAR017.AG,Bulgaria,Bulgaria_Varna_Chalcolithic.AG,6500.0,0.6991661787033081,1.326887623162833,-0.3179845726684026,0.44364995866415496
VAR018.AG,Bulgaria,Bulgaria_Varna_Chalcolithic.AG,6375.0,0.4874514639377594,1.3228783332136655,-0.2971059677425301,0.4448603889089267
VAR019.AG,Bulgaria,Bulgaria_Varna_Chalcolithic.AG,6574.0,0.5001618266105652,1.346097760794268,-0.31405178340320883,0.46370655706466
VAR020.AG,Bulgaria,Bulgaria_Varna_Chalcolithic.AG,6464.0,0.324281245470047,1.3329174086980293,-0.2887439584378984,0.4404487126901214
VAR021.AG,Bulgaria,Bulgaria_Varna_Chalcolithic.AG,6439.0,0.3478154838085174,1.3161742772250065,-0.3246573088939293,0.4591311147602481
VAR022.AG,Bulgaria,Bulgaria_Varna_Chalcolithic.AG,6453.0,0.7063931822776794,1.302962845036344,-0.29144034499134763,0.4488026652851775
VAR023_ANI160.AG,Bulgaria,Bulgaria_Varna_Chalcolithic.AG,6533.0,0.3439890742301941,1.3118986349172872,-0.3357352799925264,0.49848172037672406
VAR026.AG,Bulgaria,Bulgaria_Varna_Chalcolithic.AG,6446.0,0.0848158150911331,1.3235957129212244,-0.2803967877389537,0.44741097196142626
VAR027.AG,Bulgaria,Bulgaria_Varna_Chalcolithic.AG,6511.0,0.5039232969284058,1.279594954886998,-0.297863012769031,0.45292488587588575
VAR030.AG,Bulgaria,Bulgaria_Varna_Chalcolithic.AG,6428.0,0.3935027420520782,1.3421829998387804,-0.3308983141092186,0.43171136351784106
VAR032.AG,Bulgaria,Bulgaria_Varna_Chalcolithic.AG,6439.0,0.5417371988296509,1.3262260102217331,-0.3023127060215901,0.4427348588509468
VAR033.AG,Bulgaria,Bulgaria_Varna_Chalcolithic.AG,6586.0,0.4757841229438782,1.3250760075684942,-0.29769215118523734,0.42743480513876264
VAR034.AG,Bulgaria,Bulgaria_Varna_Chalcolithic.AG,6538.0,0.2737359702587127,1.3124186063106087,-0.30188681760697184,0.44347021831761413
YUN001.AG,Bulgaria,Bulgaria_Yunatsite_Chalcolithic_GumelnitaKaranovo.AG,6381.0,0.4156736433506012,1.3351708466177477,-0.2589208312490024,0.4196548629579468
YUN003_049.AG,Bulgaria,Bulgaria_Yunatsite_Chalcolithic_GumelnitaKaranovo.AG,6350.0,0.7291772365570068,1.2943169546601112,-0.3071290201123048,0.4654111863742323
YUN005.AG,Bulgaria,Bulgaria_Yunatsite_Chalcolithic_GumelnitaKaranovo.AG,6351.0,0.3424035310745239,1.3030327666270396,-0.31181123880891337,0.43161635331602816
YUN006_031.AG,Bulgaria,Bulgaria_Yunatsite_Chalcolithic_GumelnitaKaranovo.AG,6358.0,0.7051928639411926,1.3184525701674925,-0.29144542819906033,0.4518349177382952
YUN007.AG,Bulgaria,Bulgaria_Yunatsite_Chalcolithic_GumelnitaKaranovo.AG,6345.0,0.5797043442726135,1.3098218881655335,-0.3218540922570962,0.44310739805237004
YUN009.AG,Bulgaria,Bulgaria_Yunatsite_Chalcolithic_GumelnitaKaranovo.AG,6344.0,0.481797844171524,1.321385842122151,-0.30259062328431624,0.4458708221828564
YUN012.AG,Bulgaria,Bulgaria_Yunatsite_Chalcolithic_GumelnitaKaranovo.AG,6350.0,0.6099870800971985,1.3055692438676172,-0.29628620206720935,0.44619587458102006
YUN013.AG,Bulgaria,Bulgaria_Yunatsite_Chalcolithic_GumelnitaKaranovo.AG,6392.0,0.4326296746730804,1.337455061957522,-0.29482888817845754,0.4423782219915549
YUN014.AG,Bulgaria,Bulgaria_Yunatsite_Chalcolithic_GumelnitaKaranovo.AG,6354.0,0.3844233453273773,1.316614761270269,-0.3156862660173888,0.44321561581740443
YUN015.AG,Bulgaria,Bulgaria_Yunatsite_Chalcolithic_GumelnitaKaranovo.AG,6341.0,0.1448484361171722,1.319342271424235,-0.3111830811355355,0.44722355577200157
YUN019.AG,Bulgaria,Bulgaria_Yunatsite_Chalcolithic_GumelnitaKaranovo.AG,6350.0,0.5601076483726501,1.3046894600505035,-0.3075245560624488,0.4520508078006155
YUN021.AG,Bulgaria,Bulgaria_Yunatsite_Chalcolithic_GumelnitaKaranovo.AG,6239.0,0.4781531095504761,1.2734721062171845,-0.2970976069643919,0.42215968043138036
YUN025.AG,Bulgaria,Bulgaria_Yunatsite_Chalcolithic_GumelnitaKaranovo.AG,6350.0,0.4901083707809448,1.3079096893049895,-0.30897121889575657,0.42402745470287717
YUN026.AG,Bulgaria,Bulgaria_Yunatsite_Chalcolithic_GumelnitaKaranovo.AG,6411.0,0.3881678581237793,1.3498765127003725,-0.29339435436545264,0.4253776293992044
YUN027_I0781.AG,Bulgaria,Bulgaria_Yunatsite_Chalcolithic_GumelnitaKaranovo.AG,6350.0,0.6355569362640381,1.3196281644541326,-0.31006015536747106,0.447638444395571
YUN028.AG,Bulgaria,Bulgaria_Yunatsite_Chalcolithic_GumelnitaKaranovo.AG,6393.0,0.3251360654830932,1.3294580270446437,-0.34864508980775016,0.4545330300958222
YUN033.AG,Bulgaria,Bulgaria_Yunatsite_EBA.AG,5042.0,0.2892751395702362,1.3967130972021584,-0.3170624713806937,0.4326202267670465
YUN034.AG,Bulgaria,Bulgaria_Yunatsite_EBA.AG,4800.0,0.1324057430028915,1.3397888433234788,-0.31484674950851194,0.4363235257587289
YUN035.AG,Bulgaria,Bulgaria_Yunatsite_EBA.AG,4925.0,0.2715997397899627,1.311102309146282,-0.3241621731874461,0.4445540120147823
YUN036.AG,Bulgaria,Bulgaria_Yunatsite_EBA.AG,4713.0,0.3541381955146789,1.379652688838047,-0.34540060129112515,0.44932527563487445
YUN037.AG,Bulgaria,Bulgaria_Yunatsite_EBA.AG,4925.0,0.3749019801616668,1.291756048979323,-0.29916482892833013,0.4275600476524219
YUN038.AG,Bulgaria,Bulgaria_Yunatsite_EBA.AG,4821.0,0.4709269106388092,1.3141665747219755,-0.3048473613361171,0.4690539654666581
YUN039.AG,Bulgaria,Bulgaria_Yunatsite_EBA.AG,4757.0,0.3233064115047455,1.3234658960881267,-0.31448244977146733,0.4536527594756426
YUN041.AG,Bulgaria,Bulgaria_Yunatsite_EBA.AG,4708.0,0.6374142169952393,1.3285520703822395,-0.32281671175716814,0.4510472728789801
YUN042.AG,Bulgaria,Bulgaria_Yunatsite_EBA.AG,4723.0,0.592444658279419,1.3312384607135213,-0.3201443077244871,0.4623843504589602
YUN043.AG,Bulgaria,Bulgaria_Yunatsite_EBA.AG,4708.0,0.6561017632484436,1.280004957057603,-0.2940619953094193,0.4122732048337129
YUN044.AG,Bulgaria,Bulgaria_Yunatsite_EBA.AG,4925.0,0.0747794210910797,1.314794340851079,-0.32457755801914,0.45241073790322617
YUN045.AG,Bulgaria,Bulgaria_Yunatsite_EBA.AG,4842.0,0.2962539792060852,1.3247433083587952,-0.3122549246584085,0.42418110668920816
YUN048.AG,Bulgaria,Bulgaria_Yunatsite_Chalcolithic_GumelnitaKaranovo.AG,6435.0,0.2737708389759063,1.3342373930039224,-0.29737746335482457,0.42609421738476305
Vestonice13_d.AG,Czechia,Czechia_Gravettian.AG,30800.0,0.0806204006075859,-0.379833781483919,0.06388210633678447,-0.11821049150789659
Vestonice43_d.AG,Czechia,Czechia_Gravettian.AG,29800.0,0.0945991650223732,-0.3820209286957176,0.01678527664659417,-0.15618068981570016
Ostuni1_d.AG,Italy,Italy_Gravettian_contam.AG,27614.0,0.2265588492155075,-0.06017847089207754,-0.7145523525510775,0.20964521688657647
Muierii2_d.AG,Romania,Romania_UP_Muierri.AG,34415.0,0.0541300065815448,1.3019571250291868,0.40610189814391096,0.17568856202889213
ElMiron_d.AG,Spain,Spain_Magdalenian_contam.AG,18775.0,0.5171762108802795,-1.0837104584483548,-2.2448906305395333,0.06192922007290964
GoyetQ116-1.AG,Belgium,Belgium_GoyetQ116_1_UP.AG,35208.0,0.4914806187152862,0.040622188242177525,-0.18995724228769545,-0.03839372854415671
Vestonice16.AG.BY.AA,Czechia,Czechia_Gravettian.AG.BY.AA,29800.0,0.6218758225440979,-0.31973760263115686,-0.013250631309430381,-0.13578235856378218
Ranchot88_d.AG,France,France_Mesolithic.AG,10134.0,0.2939441800117492,-0.9473295043044306,-0.8086013311372259,-0.01196800890598579
Villabruna.AG.BY.AA,Italy,Italy_Epigravettian.AG.BY.AA,14021.0,0.7409021854400635,-0.1535408252711055,-0.5874025198976718,0.1968842525458236
Paglicci133_original.AG,Italy,Italy_Gravettian.AG,32886.0,0.056722842156887,-0.07149290241972103,-0.7088293654075841,0.20375003378471618
I0061.SG,Russia,Russia_YuzhniyOleniyOstrov_Mesolithic.SG,8450.0,0.8510656356811523,-0.19389973180949077,0.6991116145125645,-0.08761258975672391
Chaudardes1_d.AG,France,France_Mesolithic.AG,8193.0,0.0649652481079101,-0.9737496066728749,-0.8354922658419456,-0.03195792253320053
IGR001_d.AG,Ukraine,Ukraine_Igren_N_alt.AG,7565.0,0.0585038438439369,-0.057608361626249466,1.3870632771438574,0.8296346329384956
Bockstein.AG,Germany,Germany_Mesolithic.AG,8391.0,0.0890663787722587,-0.36799816106545463,-0.2070196240873158,0.0768179328456523
Brillenhohle.AG,Germany,Germany_Magdalenian_contam.AG,14817.0,0.1994204372167587,-0.4062418545322126,-0.29281380334988855,0.10994653819432844
Burkhardtshohle.AG,Germany,Germany_Magdalenian_oWHG_critical.AG,14620.0,0.1312443614006042,-0.36911545126207296,-0.3145805645413212,0.0912788945461498
CIO001.AG,Romania,Romania_Cioclovina_UP_contam.AG,32669.0,0.1224682927131652,1.270582493018348,0.4415898892798133,0.18942056251744702
Chaudardes1.AG,France,France_Mesolithic_contam.AG,8193.0,0.2327866852283477,-0.9757584635125128,-0.7754322093229795,-0.0016414067847645704
DOG009.AG,Netherlands,Netherlands_Doggerland_Mesolithic_contam.AG,8813.0,0.6262570023536682,-1.2782131389223872,0.1256466961874217,0.5935699936024186
DOG010.AG,Netherlands,Netherlands_Doggerland_Mesolithic_contam.AG,8699.0,0.5434200763702393,-1.2707015913536492,0.14247040148435303,0.5839594876554892
DLV006.AG,Czechia,Czechia_Gravettian_contam.AG,30981.0,0.5749315023422241,-0.32042409710611974,-3.2480257419492224e-05,-0.13503877108256263
GOY001.AG,Belgium,Belgium_Gravettian_contam.AG,27442.0,0.2501474022865295,0.028905287917231442,-0.14378542211852072,-0.0330012946223604
GOY007.AG,Belgium,Belgium_Gravettian_contam.AG,27792.0,0.3594812154769897,0.10083658450122039,-0.14948750684912795,-0.036615297744006195
GoyetQ376-19.AG,Belgium,Belgium_Gravettian.AG,27509.0,0.0783130452036857,0.03352868973520231,-0.14002979420386216,-0.018452741617294842
GoyetQ53-1.AG,Belgium,Belgium_Gravettian_contam.AG,28082.0,0.1389652788639068,0.049216152532942224,-0.15734932459072154,-0.01952857453149629
GFW002.003.AG,Germany,Germany_Mesolithic.AG,7878.0,0.7657307982444763,-0.4204651582366506,-0.15441094604040076,0.09938663658648887
HohleFels10_79.AG,Germany,Germany_Magdalenian.AG,14679.0,0.095343679189682,-0.40870442576053,-0.3130633351023961,0.1275536842405671
HohleFels49.AG,Germany,Germany_Magdalenian.AG,15609.0,0.2653402686119079,-0.437206363287122,-0.30969331997708927,0.08802017784311474
AMI001.AG,Spain,Spain_Mesolithic.AG,6748.0,0.6903803944587708,-1.0897848330463,-2.257383289621689,0.0872166457285734
LMA001.AG,France,France_Magdalenian_contam.AG,18077.0,0.1101229265332222,-0.9563111638364389,-0.8810429094255473,0.002104644854724613
RIE002.AG,Spain,Spain_Solutrean_contam_lc.AG,20872.0,0.3604503870010376,-1.1088379163255966,-2.4164203591573252,0.103613589602577
LRO001.AG,France,France_Gravettian_contam.AG,27674.0,0.0621956139802932,-0.994314365806258,-0.8504947826844351,-0.032296655768215124
LPI002.AG,France,France_Solutrean_contam.AG,23478.0,0.4742691218852997,-1.0424939525541486,-0.8246434245091471,-0.009895727188790933
MAF001.AG,France,France_Mesolithic.AG,8865.0,0.1979022175073623,-0.9572705102353891,-0.7809698643258384,-0.009165585799530925
MAZ001.AG,Poland,Poland_Magdalenian_contam.AG,18272.0,0.4392370581626892,-0.20332716333492928,1.8134488093173449,-0.218702763788177
MAZ003.AG,Poland,Poland_Magdalenian_contam.AG,15572.0,0.5981761813163757,-0.2073871456720923,1.7079264732738586,-0.19540450475140653
ORM001.AG,France,France_Gravettian.AG,30903.0,0.3457343876361847,-0.9199529406258189,-0.8292333405413759,-0.02993565586257848
OST002.AG,Germany,Germany_LN.AG,5245.0,0.6659459471702576,-0.431957422970644,-0.1784102746157279,0.11089659557802582
PA12.AG,Italy,Italy_Gravettian.AG,28891.0,0.8108186721801758,-0.05018905875137821,-0.6971417418875019,0.1941566375926756
Paglicci133.AG,Italy,Italy_Gravettian_contam.AG,32886.0,0.066335879266262,-0.053616865450683615,-0.6998210343865783,0.18608354313279202
GER002.AG,Spain,Spain_Gravettian_contam.AG,26144.0,0.1700152456760406,-1.109088492581471,-2.3124425755629083,0.08850851823761881
Rigney1.AG,France,France_Magdalenian.AG,15459.0,0.1321664899587631,-0.9947765493771115,-0.8807807107629572,-0.035032121402404685
UOO023.AG,Russia,Russia_YuzhniyOleniyOstrov_Mesolithic.AG,8125.0,0.6252626776695251,-0.17968870501536136,0.7102329336520821,-0.09604107609842283
UOO035.056.AG,Russia,Russia_YuzhniyOleniyOstrov_Mesolithic.AG,8120.0,0.3060421943664551,-0.1729009915919746,0.7044543158881301,-0.09868404624474837
prs013_d.SG,Ireland,Ireland_Megalithic.SG,5403.0,0.2596193253993988,-1.6268645220480695,-0.06426950252605235,-0.006504013362024263
I1734.SG,Ukraine,Ukraine_Mesolithic.SG,8100.0,0.9967705011367798,-0.06767657872305095,1.3584812460832785,0.8027815514798655
BachoKiro_BB7_240_all.AG.BY.AA,Bulgaria,Bulgaria_BachoKiro_IUP_alt.AG.BY.AA,45371.0,0.5961810350418091,1.2308136988890128,-0.3028223924577733,0.4075137799303476
BachoKiro_BK1653_all.AG.BY.AA,Bulgaria,Bulgaria_BachoKiro_UP_alt.AG.BY.AA,34948.0,0.7927913069725037,1.2634713392967782,-0.30165911457600936,0.4371435300706578
BachoKiro_CC7_335_all.AG.BY.AA,Bulgaria,Bulgaria_BachoKiro_IUP_alt.AG.BY.AA,45117.0,0.4405160248279571,1.2337495269335437,-0.2683220357181073,0.40580680945648706
BachoKiro_F6_620_all.AG.BY.AA,Bulgaria,Bulgaria_BachoKiro_IUP.AG.BY.AA,43106.0,0.8635894060134888,1.2491476567671023,-0.26892350970275086,0.38935640767163904
Oase1_all.AG.BY.AA,Romania,Romania_Oase1_IUP_contam.AG.BY.AA,39982.0,0.2156141102313995,1.236618910298834,0.39742566726988526,0.16970783437491468
BachoKiro_BB7_240_d.AG.BY.AA,Bulgaria,Bulgaria_BachoKiro_IUP.AG.BY.AA,45371.0,0.2546112537384033,1.303872926246668,-0.2710288795268593,0.40089719661944717
BachoKiro_BK1653_d.AG.BY.AA,Bulgaria,Bulgaria_BachoKiro_UP.AG.BY.AA,34948.0,0.2646144032478332,1.2314188096047947,-0.308787759217088,0.4045414232537185
BachoKiro_CC7_335_d.AG.BY.AA,Bulgaria,Bulgaria_BachoKiro_IUP.AG.BY.AA,45117.0,0.1727572977542877,1.2923856553721682,-0.2858209626072664,0.41324490979453105
BachoKiro_F6_620_d.AG.BY.AA,Bulgaria,Bulgaria_BachoKiro_IUP_alt.AG.BY.AA,43106.0,0.5368970036506653,1.271573980618048,-0.26501287294002407,0.4210456586195282
AVL001.SG,Denmark,Denmark_AvlebjergStroby_N.SG,5165.0,0.0981360301375389,-0.9214702674896184,0.8489718115619594,0.38795147665698565
FIR001.SG,Sweden,Sweden_FirseSten_Steppe2.SG,3031.0,0.7933752536773682,-0.8979245970119176,2.485349079339095,0.8418696767294226
FRA002.SG,Sweden,Sweden_Fralsegarden_N.SG,5173.0,0.9360517859458924,-0.8985665189721294,2.4777383503070176,0.947027334863756
FRA004.SG,Sweden,Sweden_Fralsegarden_N.SG,5144.0,0.9947965145111084,-0.9292745471506835,2.5180547186630577,0.9506960037010894
FRA005.SG,Sweden,Sweden_Fralsegarden_N.SG,4958.0,0.9978662133216858,-0.8959842274684943,2.5500042922920243,0.9434727273360201
FRA005_d.SG,Sweden,Sweden_Fralsegarden_N.SG,4958.0,0.1663761883974075,-0.8937966252539535,2.454155090431784,0.8241639718669512
FRA006.SG,Sweden,Sweden_Fralsegarden_N.SG,4966.0,0.0685734897851944,-0.9241210807476624,2.4409540311413886,0.8442012476250947
FRA007.SG,Sweden,Sweden_Fralsegarden_N.SG,5084.0,0.6731899976730347,-0.9141718145327545,2.481907808807671,0.8551040396087864
FRA009.SG,Sweden,Sweden_Fralsegarden_N.SG,5091.0,0.589179515838623,-0.9287941745538801,2.483824703707635,0.8373548820713467
FRA010.SG,Sweden,Sweden_Fralsegarden_N.SG,5153.0,0.072029247879982,-0.9024961156821852,2.4823669464283653,0.8247582200829958
FRA011.SG,Sweden,Sweden_Fralsegarden_N.SG,5081.0,0.4972380697727203,-0.8785251886791167,2.462173222740949,0.9224947889163478
FRA012.SG,Sweden,Sweden_Fralsegarden_N.SG,5133.0,0.6243292093276978,-0.8909228035794151,2.4392697980450544,0.8516461660132915
FRA013.SG,Sweden,Sweden_Fralsegarden_N.SG,4966.0,0.9216042160987854,-0.9500175963196402,2.477922205473092,0.9413586055899676
FRA013_d.SG,Sweden,Sweden_Fralsegarden_N.SG,4966.0,0.0906016379594802,-0.916558898234025,2.510031386356435,0.8975792245222088
FRA014.SG,Sweden,Sweden_Fralsegarden_N.SG,4932.0,0.3312714397907257,-0.9251854663348673,2.4769338913436516,0.8192853253477725
FRA014_d.SG,Sweden,Sweden_Fralsegarden_N.SG,4932.0,0.0668606087565422,-0.926797800832749,2.4447936274130715,0.8809971358597014
FRA015.SG,Sweden,Sweden_Fralsegarden_N.SG,4991.0,0.1026477441191673,-0.9080596502608647,2.4871920385278323,0.861006319868813
FRA020.SG,Sweden,Sweden_Fralsegarden_N.SG,4918.0,0.9723725318908693,-0.9342021912060334,2.563175791588936,0.895194034874057
FRA020_d.SG,Sweden,Sweden_Fralsegarden_N.SG,4918.0,0.0700876638293266,-0.8855075434326681,2.469069572148206,0.8695424601555787
FRA021.SG,Sweden,Sweden_Fralsegarden_N.SG,5046.0,0.5803247690200806,-0.9482567929372495,2.4805723112118505,0.8622774383319021
FRA022.SG,Sweden,Sweden_Fralsegarden_N.SG,5014.0,0.9397848844528198,-0.8801140081637961,2.5589130208594577,0.9142525644920239
FRA023.SG,Sweden,Sweden_Fralsegarden_N.SG,5050.0,0.5969312787055969,-0.9139752165005589,2.4855031416570865,0.8711309954644225
FRA023_d.SG,Sweden,Sweden_Fralsegarden_N.SG,5050.0,0.1416440904140472,-0.9405248275111432,2.380537355330891,0.8617947856458792
FRA024.SG,Sweden,Sweden_Fralsegarden_N.SG,4933.0,0.1290497332811355,-0.9490116198160437,2.524300686833296,0.8428705646047487
FRA025.SG,Sweden,Sweden_Fralsegarden_N.SG,4959.0,0.8875972628593445,-0.92318545063423,2.5040159266452933,0.8396204523912468
FRA025_d.SG,Sweden,Sweden_Fralsegarden_N.SG,4959.0,0.1657565683126449,-0.9488311043728165,2.487420538871281,0.8604322008437241
FRA026.SG,Sweden,Sweden_Fralsegarden_N.SG,4958.0,0.1292825043201446,-0.8703871989231785,2.501155809075139,0.8625598293617339
FRA027.SG,Sweden,Sweden_Fralsegarden_N.SG,4919.0,0.8789169192314148,-0.8654921934385904,2.4836887653826354,0.8642644881542787
FRA028.SG,Sweden,Sweden_Fralsegarden_N.SG,4955.0,0.4797848761081695,-0.9110081638127556,2.499064723542265,0.8239036414256358
FRA029.SG,Sweden,Sweden_Fralsegarden_N.SG,4955.0,0.6612809300422668,-0.9336603158528634,2.4932938914040403,0.8648688337766383
FRA030.SG,Sweden,Sweden_Fralsegarden_N.SG,4939.0,0.867901623249054,-0.9493114163040716,2.5171503230175847,0.8583554723264912
FRA031.SG,Sweden,Sweden_Fralsegarden_N.SG,4950.0,0.3601819276809692,-0.9259924923890372,2.479244206768002,0.8537584664709583
FRA032.SG,Sweden,Sweden_Fralsegarden_N.SG,4937.0,0.4151740372180938,-0.9329573158972887,2.4797752463202225,0.8609644785650125
FRA033.SG,Sweden,Sweden_Fralsegarden_N.SG,4899.0,0.4275178015232086,-0.9229392068567426,2.466118037360586,0.8652002885192118
FRA033_d.SG,Sweden,Sweden_Fralsegarden_N.SG,4899.0,0.0892091169953346,-0.8928632305767973,2.4434469114901325,0.8489743016078989
FRA034.SG,Sweden,Sweden_Fralsegarden_N.SG,4943.0,0.5507768392562866,-0.9027886489246197,2.451540947341028,0.8423759332738658
FRA034_d.SG,Sweden,Sweden_Fralsegarden_N.SG,4943.0,0.1197789460420608,-0.9573839902811231,2.4341095519666376,0.8647906809611007
FRA037.SG,Sweden,Sweden_Fralsegarden_N.SG,5075.0,0.1107044294476509,-0.9802097507716508,2.5153090840309025,0.852697735852055
FRA039.SG,Sweden,Sweden_Fralsegarden_N.SG,4933.0,0.6844323873519897,-0.9334502897865785,2.541600306459455,0.8258242006305524
FRA040.SG,Sweden,Sweden_Fralsegarden_N.SG,4991.0,0.0972828343510627,-0.9020789543925478,2.4917375206220043,0.8735481561953181
FRA041.SG,Sweden,Sweden_Fralsegarden_N.SG,4955.0,0.6881338357925415,-0.9390117671909621,2.492167749758866,0.839152795648271
FRA042.SG,Sweden,Sweden_Fralsegarden_N.SG,4932.0,0.2700344622135162,-0.8873974490944381,2.4755892939652617,0.8522428245606167
FRA043.SG,Sweden,Sweden_Fralsegarden_N.SG,4866.0,0.2423543035984039,-0.8723906887185325,2.464041255348739,0.814602551251026
FRA101.SG,Sweden,Sweden_Fralsegarden_N.SG,4921.0,0.1033541411161422,-0.9328351579407902,2.490274480523617,0.9032445541963
FRA102.SG,Sweden,Sweden_Fralsegarden_N.SG,5165.0,0.0816066041588783,-0.9290638808960426,2.5095887081158565,0.8816931663039334
FRA103.SG,Sweden,Sweden_Fralsegarden_N.SG,5000.0,0.1406441032886505,-0.9380753234902105,2.4400663113916363,0.8250484702297138
FRA104.SG,Sweden,Sweden_Fralsegarden_N.SG,4928.0,0.1816566437482834,-0.9316751630835182,2.475506081767719,0.8318792714890885
FRA105.SG,Sweden,Sweden_Fralsegarden_N.SG,4755.0,0.9221395254135132,-0.9089412227385348,2.5216300920522157,0.975724451241875
FRA105_d.SG,Sweden,Sweden_Fralsegarden_N.SG,4755.0,0.065613254904747,-0.9345601585646922,2.4263013484300275,0.9099233121251522
FRA106.SG,Sweden,Sweden_Fralsegarden_N.SG,5113.0,0.2687773704528808,-0.9499923706213974,2.5282526577797206,0.872647183254024
FRA107.SG,Sweden,Sweden_Fralsegarden_N.SG,5000.0,0.9268750548362732,-0.9047916734150319,2.552298055585574,0.9268086952659441
FRA108.SG,Sweden,Sweden_Fralsegarden_N_HG.SG,4844.0,0.7380433082580566,-0.9110889587127046,2.382288006488064,0.8438699485032404
FRA201.SG,Sweden,Sweden_Fralsegarden_Steppe1.SG,4322.0,0.4643600583076477,-0.9133313549628129,2.4701867309820007,0.8884051841028943
FRA202.SG,Sweden,Sweden_Fralsegarden_Steppe1.SG,4348.0,0.9949911236763,-0.82992485302441,2.4737704119174744,0.8974072234540216
FRA301.SG,Sweden,Sweden_Fralsegarden_Steppe2.SG,3966.0,0.6369551420211792,-0.9095554642961686,2.4475820908934103,0.8219601125198914
Gok2.SG,Sweden,Sweden_Fralsegarden_N.SG,5075.0,0.578888475894928,-0.9348287848638202,2.4601540515006044,0.8426527607454151
Gok2_d.SG,Sweden,Sweden_Fralsegarden_N.SG,5075.0,0.1747580915689468,-0.9137598488423057,2.4293322793880705,0.874289731843901
HJE003.SG,Sweden,Sweden_HjelmarsRor_N.SG,4950.0,0.1278323978185653,-0.9595697398372924,2.4709223388287054,0.9231436742016601
HJE005.SG,Sweden,Sweden_HjelmarsRor_N.SG,5075.0,0.296176940202713,-0.9052991476216169,2.4800634742182637,0.8238334335049571
HJE006.SG,Sweden,Sweden_HjelmarsRor_N.SG,5075.0,0.5359302759170532,-0.9307598571017002,2.488404526956631,0.8805840764964933
HJE007.SG,Sweden,Sweden_HjelmarsRor_N.SG,5075.0,0.2181136757135391,-0.9719562154612171,2.4843586468873005,0.9220313803357929
HJE008.SG,Sweden,Sweden_HjelmarsRor_N.SG,5075.0,0.0889098495244979,-0.9406195104527671,2.518645235825256,0.851582331600833
HJE009.SG,Sweden,Sweden_HjelmarsRor_N.SG,5075.0,0.1136873662471771,-0.9212943588501417,2.44424983489133,0.8281104173280328
HJE010.SG,Sweden,Sweden_HjelmarsRor_N.SG,5075.0,0.6487360596656799,-0.9301110984434326,2.4560622513882984,0.865004735683178
HJE011.SG,Sweden,Sweden_HjelmarsRor_N.SG,5075.0,0.2164170145988464,-0.9294650586029133,2.50648873757227,0.8658687111504193
HJE012.SG,Sweden,Sweden_HjelmarsRor_N.SG,5160.0,0.6896731853485107,-0.9066157940828286,2.493064029476546,0.8569149634152496
HJE012_d.SG,Sweden,Sweden_HjelmarsRor_N.SG,5160.0,0.0683423429727554,-0.8850072823632172,2.451987226987751,0.9051073978871146
HJE013.SG,Sweden,Sweden_HjelmarsRor_N.SG,5075.0,0.798313558101654,-0.9151952041965234,2.4381957476475997,0.8598032276072939
HJE014.SG,Sweden,Sweden_HjelmarsRor_N.SG,5075.0,0.1028083264827728,-0.8572673491723777,2.476373485000666,0.8190705252719228
HUN001.SG,Sweden,Sweden_Hunnebostrand_N.SG,5175.0,0.5543623566627502,-0.9175740383084536,2.4806782648595185,0.8004648177223977
HUN002.SG,Sweden,Sweden_Hunnebostrand_N.SG,5218.0,0.9618268609046936,-0.9248998077865532,2.486108804032199,0.9073562506599125
HUN002_d.SG,Sweden,Sweden_Hunnebostrand_N.SG,5218.0,0.1115065291523933,-0.9336898803861171,2.477160219546344,0.7938253199874566
LAN001.SG,Sweden,Sweden_Landbogarden_N.SG,4929.0,0.3123762607574463,-0.9145412953914583,2.4667626150729967,0.8816165163614623
LAN002.SG,Sweden,Sweden_Landbogarden_N.SG,4967.0,0.1438208669424057,-0.8992399219253534,2.4735514084177983,0.8092883107387338
LAN003.SG,Sweden,Sweden_Landbogarden_N.SG,4966.0,0.1544411927461624,-0.89699224312726,2.4537688047814408,0.8777073998844628
LAN004.SG,Sweden,Sweden_Landbogarden_N.SG,4977.0,0.9650636315345764,-0.8923336826163224,2.501362701241539,0.9002275851479524
LAN004_d.SG,Sweden,Sweden_Landbogarden_N.SG,4977.0,0.3493685722351074,-0.9178816291989379,2.4262406396711467,0.8466001914070564
LAN005.SG,Sweden,Sweden_Landbogarden_N.SG,4939.0,0.8206855654716492,-0.9501553906371667,2.496909035078104,0.8533749600827686
LAN005_d.SG,Sweden,Sweden_Landbogarden_N.SG,4939.0,0.095994122326374,-0.9555149940402814,2.4933201413140873,0.8799396425075324
LAN006.SG,Sweden,Sweden_Landbogarden_N.SG,4928.0,0.7389800548553467,-0.9177740358929347,2.4561221920472276,0.8603562280247866
LAN006_d.SG,Sweden,Sweden_Landbogarden_N.SG,4928.0,0.0795766115188598,-0.9234575798932136,2.4423277473095464,0.8510683747862845
LAN007.SG,Sweden,Sweden_Landbogarden_N.SG,4950.0,0.9945669770240784,-0.9136292168946474,2.4645849066664343,0.8968020699981781
LAN007_d.SG,Sweden,Sweden_Landbogarden_N.SG,4950.0,0.6821655631065369,-0.8873147564736664,2.401566169410028,0.8519901593666511
LAN008.SG,Sweden,Sweden_Landbogarden_N.SG,4950.0,0.9428586959838868,-0.9283539348926816,2.521246133311783,0.9012201311199635
LAN008_d.SG,Sweden,Sweden_Landbogarden_N.SG,4950.0,0.465900182723999,-0.9187871667295557,2.403138427549376,0.867021448430577
LAN009.SG,Sweden,Sweden_Landbogarden_N.SG,4950.0,0.214875265955925,-0.9178438203629418,2.466522647886593,0.83201335950322
NAS001.SG,Sweden,Sweden_Nastegarden_Steppe2.SG,3766.0,0.1147895455360412,-0.918827441902751,2.470806918988718,0.8856311030983309
NAS002.SG,Sweden,Sweden_Nastegarden_Steppe2.SG,3960.0,0.1184375211596489,-0.8983301812974297,2.4886369304314906,0.854346712083608
NAS003.SG,Sweden,Sweden_Nastegarden_Steppe2.SG,4022.0,0.7901498079299927,-0.9284759319306365,2.456167031526404,0.882294424912977
NAS003_d.SG,Sweden,Sweden_Nastegarden_Steppe2.SG,4022.0,0.0667803213000297,-0.907321018812593,2.503222568066269,0.8670328229120645
NAS004.SG,Sweden,Sweden_Nastegarden_Steppe2.SG,3644.0,0.6413249373435974,-0.9086594683614216,2.4051514278266426,0.8200067778419768
NAS004_d.SG,Sweden,Sweden_Nastegarden_Steppe2.SG,3644.0,0.0596684701740741,-0.9260054232449932,2.5009445178392014,0.7705176467159822
ROS003.SG,Sweden,Sweden_Rossberga_N.SG,5084.0,0.3164394795894623,-0.9441558775321158,2.5312576364797885,0.8719699983960912
ROS003_d.SG,Sweden,Sweden_Rossberga_N.SG,5084.0,0.0569077543914318,-0.9147206081011937,2.503111965878962,0.8041873285687892
ROS004.SG,Sweden,Sweden_Rossberga_N.SG,4994.0,0.0658946856856346,-0.9306974784956408,2.4516840067033154,0.8679249023712975
ROS005.SG,Sweden,Sweden_Rossberga_N.SG,4955.0,0.4919169545173645,-0.9316999901600803,2.5326372841313396,0.8608728673191478
ROS016.SG,Sweden,Sweden_Rossberga_N.SG,4915.0,0.8859655261039734,-0.9129820849812198,2.4831482419355666,0.904180475983411
ROS016_d.SG,Sweden,Sweden_Rossberga_N.SG,4915.0,0.1093629971146583,-0.9088367810300588,2.4392163232041595,0.884334922716955
ROS018.SG,Sweden,Sweden_Rossberga_N.SG,5148.0,0.5688707232475281,-0.9270524554864555,2.450039540401375,0.8539863466122434
ROS021.SG,Sweden,Sweden_Rossberga_N.SG,5156.0,0.270990639925003,-0.9535219222323892,2.4823887670172318,0.8231330704162098
ROS023.SG,Sweden,Sweden_Rossberga_N.SG,5115.0,0.1420139074325561,-0.8954653860006535,2.4654588931018715,0.870949206347205
ROS024.SG,Sweden,Sweden_Rossberga_N.SG,5052.0,0.2024788111448288,-0.9345805896229624,2.4362571230042334,0.876439294186133
ROS025.SG,Sweden,Sweden_Rossberga_N.SG,5131.0,0.1322127133607864,-0.9362181336633825,2.492050892416571,0.8556431072057074
ROS026.SG,Sweden,Sweden_Rossberga_N.SG,4729.0,0.8252264857292175,-0.91724062558635,2.495629968651439,0.9036250171231767
ROS026_d.SG,Sweden,Sweden_Rossberga_N.SG,4729.0,0.054334383457899,-0.9214137214108375,2.4132364208310633,0.8652570951400578
ROS027.SG,Sweden,Sweden_Rossberga_N_HG.SG,4698.0,0.39449542760849,-0.9219314008567073,2.436300529528461,0.8380943878068466
ROS027_d.SG,Sweden,Sweden_Rossberga_N_HG.SG,4698.0,0.0702896043658256,-0.9459855427843255,2.4570437809335672,0.8144430740871688
ROS029.SG,Sweden,Sweden_Rossberga_N.SG,5178.0,0.1628166139125824,-0.9353785493605647,2.4791236836644974,0.8517691773489874
ROS030.SG,Sweden,Sweden_Rossberga_N.SG,4950.0,0.0684299319982528,-0.9157470181765145,2.4603939041707914,0.888987317685057
ROS033.SG,Sweden,Sweden_Rossberga_N.SG,5135.0,0.2393202632665634,-0.8974505427979721,2.451040931821617,0.870538136296942
ROS038.SG,Sweden,Sweden_Rossberga_N.SG,5138.0,0.0613740496337413,-0.9292573894757885,2.454883219475204,0.8538035548015149
ROS039.SG,Sweden,Sweden_Rossberga_N.SG,5182.0,0.0636262521147728,-0.9534357180433828,2.4882722659687992,0.8551056146890482
ITTQ10.SG,Italy,Italy_Tarquinia_Etruscan.SG,2746.0,0.6307321786880493,-0.025061515586282855,-0.7196888168903214,0.16000338338666167
ITTQ11.SG,Italy,Italy_Tarquinia_Etruscan.SG,2837.0,0.6663903594017029,-0.05445784935722764,-0.7012913538820577,0.23257639889518805
ITTQ14.SG,Italy,Italy_Tarquinia_Etruscan.SG,2930.0,0.8494573831558228,-0.06461534107867811,-0.7423818464131001,0.20305755698660224
ITTQ19.SG,Italy,Italy_Tarquinia_Etruscan.SG,2806.0,0.845195472240448,-0.012300409850489417,-0.7254909893653263,0.1816127821881533
ITTQ8.SG,Italy,Italy_Tarquinia_Etruscan.SG,2747.0,0.7727388143539429,-0.030402381328762725,-0.7676791454224354,0.14004654619841791
beethoven.SG,Germany,Germany_Beethoven.SG,123.0,0.9467207789421082,-0.36117929041736174,-0.17208866688849664,0.1228686754991113
APG001.AG,Germany,Germany_Hallstat_IronAge.AG,1940.0,0.2753766477108001,-0.3404470581665728,-0.19234081909833256,0.13987762132866746
APG002.AG,Germany,Germany_Hallstat_IronAge.AG,1935.0,0.3049570322036743,-0.4194441195997983,-0.18951229964332034,0.11812214913121703
APG003.AG,Germany,Germany_Hallstat_IronAge.AG,1935.0,0.3604195713996887,-0.3751639242325929,-0.11425682787204075,0.1337490236632382
HEU001.AG,Germany,Germany_Hallstat_IronAge.AG,1940.0,0.3907379806041717,-0.39841796726695283,-0.3021241706275772,0.056177016192377964
HEU002.AG,Germany,Germany_Hallstat_IronAge.AG,1925.0,0.2061478644609451,-0.4433121538731624,-0.21039946154057593,0.16179604417531437
HOC001.AG,Germany,Germany_Hallstat_IronAge.AG,1945.0,0.0825903713703155,-0.4174172197856759,-0.2605027347468695,0.1263944356465546
HOC002.AG,Germany,Germany_Hallstat_IronAge.AG,1935.0,0.46486696600914,-0.4711815121139806,-0.1788507221261087,0.10283190264057808
HOC003.AG,Germany,Germany_Hallstat_IronAge.AG,1935.0,0.1921642422676086,-0.3803430336836072,-0.22736489434322707,0.11981326565755326
HOC004.AG,Germany,Germany_Hallstat_IronAge.AG,1935.0,0.7292964458465576,-0.3214143494887272,-0.22366645111305733,0.1284435827354504
HOC004_d.AG,Germany,Germany_Hallstat_IronAge.AG,1935.0,0.2171136885881424,-0.35483771531467245,-0.18660695003104133,0.0929661623982854
LAN001.AG,Germany,Germany_Hallstat_IronAge.AG,1850.0,0.2275961339473724,-0.449730698537812,-0.1691938028063817,0.1507994187068072
LWB002.AG,Germany,Germany_Hallstat_IronAge.AG,1925.0,0.2090432196855545,-0.34582376134721693,-0.17550874905983935,0.1351605387263941
LWB003.AG,Germany,Germany_Hallstat_IronAge.AG,1935.0,0.7565191984176636,-0.3742338652315774,-0.21653120542951185,0.14232675216115537
LWB003_d.AG,Germany,Germany_Hallstat_IronAge.AG,1935.0,0.0684380456805229,-0.38095645558663566,-0.21834514197657565,0.10189733520796318
MBG003.AG,Germany,Germany_Hallstat_IronAge.AG,1907.0,0.3391991853713989,-0.4247294633306621,-0.2192884349283263,0.12228419485860642
MBG004.AG,Germany,Germany_Hallstat_IronAge.AG,1907.0,0.3280711472034454,-0.3736992248237111,-0.3062000903410564,0.1677812616680379
MBG005.AG,Germany,Germany_Hallstat_IronAge.AG,1907.0,0.3086625933647156,-0.41341570308109277,-0.23769353457604367,0.13695133352607117
MBG006.AG,Germany,Germany_Hallstat_IronAge.AG,1907.0,0.1572724729776382,-0.35511310239228133,-0.198392347599658,0.12199491465839499
MBG007.AG,Germany,Germany_Hallstat_IronAge.AG,1907.0,0.6965019702911377,-0.4006110782539824,-0.19948262497429928,0.12026723782975698
MBG007_d.AG,Germany,Germany_Hallstat_IronAge.AG,1907.0,0.1615514159202575,-0.3206754138431748,-0.17518334065742897,0.10495362117767423
MBG008.AG,Germany,Germany_Hallstat_IronAge.AG,1907.0,0.6019660830497742,-0.3339872172237765,-0.23178448762614387,0.1404684979264424
MBG008_d.AG,Germany,Germany_Hallstat_IronAge.AG,1907.0,0.1775593608617782,-0.29662237763324,-0.20750181176400753,0.1388478507401095
MBG009.AG,Germany,Germany_Hallstat_IronAge.AG,1907.0,0.6979001760482788,-0.37541019153553595,-0.2188253332111674,0.13143271692183908
MBG009_d.AG,Germany,Germany_Hallstat_IronAge.AG,1907.0,0.1341315954923629,-0.4285694519039057,-0.22615243384643346,0.11877045048152408
MBG010.AG,Germany,Germany_Hallstat_IronAge.AG,1907.0,0.1684961915016174,-0.43592879558877196,-0.22129315505864297,0.1323520998083811
MBG013.AG,Germany,Germany_Hallstat_IronAge.AG,1907.0,0.0509224161505699,-0.37411772535515797,-0.21650096679761363,0.08611025897919442
MBG015.AG,Germany,Germany_Hallstat_IronAge.AG,1907.0,0.1248551309108734,-0.4059473454159289,-0.1855193046598512,0.07897748877126472
MBG016.AG,Germany,Germany_Hallstat_IronAge.AG,1907.0,0.3445916771888733,-0.42312733482622805,-0.24182042468226123,0.11064178290039774
MBG017.AG,Germany,Germany_Hallstat_IronAge.AG,1334.0,0.8095048666000366,-0.3468448089843753,-0.19283021445710513,0.10663875590834421
MBG017_d.AG,Germany,Germany_Hallstat_IronAge.AG,1334.0,0.145288810133934,-0.2524643093101653,-0.2168145007209983,0.11449239419092475
SCN001.AG,Germany,Germany_Hallstat_IronAge.AG,1925.0,0.0563002973794937,-0.3886501426517862,-0.23345928671822574,0.12569565706822508
