sample_id,country,original_group_id,date_mean_bp,observed_fraction,dim1,dim2,dim3
Kou01.SG,Greece,Greece_Koufonisi_Cycladic_EBA.SG,4250.0,0.8861277103424072,-0.7074833256127068,-0.01115894258301041,2.212179871349102
Kou03.SG,Greece,Greece_Koufonisi_Cycladic_EBA.SG,4250.0,0.907782018184662,-0.7063234446985167,-0.012149060847193728,2.1770668088464755
cay004.SG,Turkey,Turkey_Southeast_Cayonu_PPN.SG,8396.0,0.0712214708328247,-0.710699265040811,0.5333238324714451,0.9415242109233538
cay007.SG,Turkey,Turkey_Southeast_Cayonu_PPN.SG,9375.0,0.3812960684299469,-0.7007255006432273,0.5269407784363261,0.9384288916168273
cay008.SG,Turkey,Turkey_Southeast_Cayonu_PPN.SG,8641.0,0.0792489647865295,-0.722946051541305,0.545980963937633,0.9485135757887956
cay013.SG,Turkey,Turkey_Southeast_Cayonu_PPN.SG,8591.0,0.1320845782756805,-0.7202503317068762,0.544437741449277,0.9719000619363632
AV1.AG,Hungary,Hungary_Avar_5.AG,1360.0,0.6938337087631226,0.561275305698251,-0.1517678453298722,-1.112367911673986
AV2.AG,Hungary,Hungary_Avar_5_daughter.or.mother.AV1.AG,1348.0,0.6670691967010498,0.6285303030666763,-0.19907278461466546,-1.1080731479164818
CL102.AG,Italy,Italy_North_EarlyMedieval_Langobards_o1.AG,1345.0,0.3576199114322662,-0.9899723847594817,0.16906331342043568,0.41020641878034886
CL121.AG,Italy,Italy_North_EarlyMedieval_Langobards_o3.AG,1345.0,0.7398089170455933,-1.0457298416843681,0.21968065580746277,0.3921902891548187
CL145.AG,Italy,Italy_North_EarlyMedieval_Langobards_1_brother.CL146_son.CL151.AG,1345.0,0.7130444049835205,-0.9336305456422881,0.164665584323589,0.388298314117504
CL146.AG,Italy,Italy_North_EarlyMedieval_Langobards_1.AG,1345.0,0.7226817607879639,-1.0358083485380516,0.16451119089310934,0.38462750392604694
CL151.AG,Italy,Italy_North_EarlyMedieval_Langobards_1_mother.CL145_mother.CL146.AG,1345.0,0.6262732148170471,-1.032051567469333,0.2087814865848446,0.4007986485032954
CL23.AG,Italy,Italy_North_EarlyMedieval_Langobards_2.AG,1345.0,0.736739993095398,-1.0090356751511085,0.15232481638319806,0.45249543186149005
CL25.AG,Italy,Italy_North_EarlyMedieval_Langobards_3.AG,1345.0,0.5952297449111938,-0.9991335326546625,0.19819515088089917,0.4381483074695691
CL30.AG,Italy,Italy_North_EarlyMedieval_Langobards_3.AG,1345.0,0.7169454097747803,-0.9935772859922762,0.1777038492542681,0.42055605575674043
CL31.AG,Italy,Italy_North_EarlyMedieval_Langobards.AG,1345.0,0.694735586643219,-0.9474540389483461,0.2051589947420209,0.30765093899258933
CL36.AG,Italy,Italy_North_EarlyMedieval_Langobards_2.AG,1345.0,0.5851089954376221,-0.9886912112888312,0.20910311377705978,0.3639520163174865
CL38.AG,Italy,Italy_North_EarlyMedieval_Langobards_3.AG,1345.0,0.6540215015411377,-1.0324435045388614,0.22078740682166423,0.34666883214714905
CL47.AG,Italy,Italy_North_EarlyMedieval_Langobards_2.AG,1345.0,0.6682322025299072,-1.0567055863137325,0.19078445491414503,0.4042587878221346
CL49.AG,Italy,Italy_North_EarlyMedieval_Langobards_2.AG,1345.0,0.2650628983974457,-0.9831921621923494,0.1902777530088055,0.3837472570139867
CL53.AG,Italy,Italy_North_EarlyMedieval_Langobards_2.AG,1345.0,0.2829313278198242,-1.063663993608461,0.21059500853659346,0.39732298399485466
CL57.AG,Italy,Italy_North_EarlyMedieval_Langobards_2.AG,1345.0,0.6720991730690002,-1.0155125870295454,0.15582835715655088,0.3446937586707413
CL63.AG,Italy,Italy_North_EarlyMedieval_Langobards_2.AG,1345.0,0.7293264269828796,-0.9463068273165455,0.20334920043569346,0.37089333790639806
CL83.AG,Italy,Italy_North_EarlyMedieval_Langobards_1_brother.CL84_son.CL87.AG,1345.0,0.6040658354759216,-0.9725698587676113,0.21545454093105323,0.32420769493484364
CL84.AG,Italy,Italy_North_EarlyMedieval_Langobards_1.AG,1345.0,0.7002967596054077,-0.935138852925235,0.21923514644168304,0.4066103986405757
CL87.AG,Italy,Italy_North_EarlyMedieval_Langobards_1_mother.CL83_mother.CL84_daughter.CL102.AG,1345.0,0.7402566075325012,-1.0186966112703388,0.23632084343411291,0.38023546511485123
CL92.AG,Italy,Italy_North_EarlyMedieval_Langobards_1_son.CL93.AG,1345.0,0.6477766036987305,-0.975414881201834,0.15891078679056725,0.43823667017065354
CL93.AG,Italy,Italy_North_EarlyMedieval_Langobards_1.AG,1345.0,0.6753789186477661,-1.0221744826423398,0.22239298941811828,0.40485323795328104
CL94.AG,Italy,Italy_North_EarlyMedieval_Langobards_2.AG,1345.0,0.7479126453399658,-1.0289007015268468,0.2266253189442127,0.4153328551761316
CL97.AG,Italy,Italy_North_EarlyMedieval_Langobards_1.AG,1345.0,0.0792221948504448,-1.0045617173450636,0.21036014732051442,0.3821736156294361
SZ12.AG,Hungary,Hungary_Langobard.AG,1442.0,0.4517722129821777,0.5529258266055013,-0.12701146995686752,-1.0575281818878337
SZ13.AG,Hungary,Hungary_Langobard_son.SZ24_father.SZ7_brother.SZ22.AG,1462.0,0.7076778411865234,0.6129515684166272,-0.09671020310052095,-1.0116683576687797
SZ14.AG,Hungary,Hungary_Langobard.AG,1442.0,0.3120461702346802,0.5145369416151199,-0.06869880678990956,-1.0360079381516416
SZ16.AG,Hungary,Hungary_Langobard.AG,1442.0,0.5609956979751587,0.6095930522803951,-0.012472197997197575,-1.0429041626703788
SZ18.AG,Hungary,Hungary_Langobard_o2.AG,1442.0,0.6223511099815369,0.5281465288778089,-0.08097152973027603,-1.0640754563526162
SZ19.AG,Hungary,Hungary_Langobard_o1.AG,1456.0,0.6531690955162048,0.5220781141742145,-0.09259070148994208,-1.0951685677231213
SZ22.AG,Hungary,Hungary_Langobard_son.SZ24_brother.SZ22.AG,1442.0,0.5999279618263245,0.6413156136496346,-0.11066588302160324,-1.0531358975871565
SZ23.AG,Hungary,Hungary_Langobard.AG,1442.0,0.6186934113502502,0.5784401050529057,-0.1035896536741822,-1.022786398933991
SZ24.AG,Hungary,Hungary_Langobard.AG,1442.0,0.3857996761798858,0.5357288563742459,-0.08659684834768168,-1.0349820626489104
SZ25.AG,Hungary,Hungary_Langobard.AG,1442.0,0.308965116739273,0.49745967520353895,-0.02960037442869652,-1.0821849425725618
SZ27.AG,Hungary,Hungary_Langobard_o2.AG,1467.0,0.7584518790245056,0.589023608817113,-0.01773879191610755,-1.0253868455686852
SZ28.AG,Hungary,Hungary_Langobard_o2.AG,1442.0,0.6555202603340149,0.6089434602107408,-0.11737026850190069,-1.0656713097218355
SZ30.AG,Hungary,Hungary_Langobard.AG,1442.0,0.3956179022789001,0.5545013970294785,-0.09781362618769546,-1.0792624448734087
SZ31.AG,Hungary,Hungary_Langobard_o1.AG,1442.0,0.1066639199852943,0.5714443223489883,-0.09244379359894969,-1.0784284091556617
SZ32.AG,Hungary,Hungary_Langobard_o1.AG,1442.0,0.6706295609474182,0.5620960102158861,-0.14420709913754778,-0.9794511548425974
SZ37.AG,Hungary,Hungary_Langobard_o1.AG,1430.0,0.4217660427093506,0.5619977983057431,-0.16376567063820774,-0.993491361084176
SZ38.AG,Hungary,Hungary_Langobard.AG,1442.0,0.6284191608428955,0.6344765449421513,-0.18002619621533308,-1.0953271079951725
SZ40.AG,Hungary,Hungary_Langobard_o1.AG,1442.0,0.6284118890762329,0.5991772523386636,-0.0980632909917029,-1.0714956590114069
SZ41.AG,Hungary,Hungary_Langobard.AG,1442.0,0.181651771068573,0.5518826952155573,-0.09040850349592128,-0.963679034901929
SZ42.AG,Hungary,Hungary_Langobard.AG,1442.0,0.7213305830955505,0.5945539520051686,-0.05443386039471284,-1.0791889052915533
SZ7.AG,Hungary,Hungary_Langobard.AG,1442.0,0.6450029611587524,0.6215730343133539,-0.11361020887411186,-1.0107889950441653
SZ8.AG,Hungary,Hungary_Langobard_sister.SZ14_sister.SZ6.AG,1442.0,0.1772268414497375,0.5335542288509236,-0.1628260897111767,-1.0043011134411042
SZ9.AG,Hungary,Hungary_Langobard.AG,1442.0,0.700106143951416,0.584177314053246,-0.038495751392285754,-1.0470593979103648
SZ11.SG,Hungary,Hungary_Langobard.SG,1442.0,0.99854177236557,0.5540295704948821,-0.11791018211658452,-1.0193523464577101
SZ15.SG,Hungary,Hungary_Langobard.SG,1442.0,0.9985637068748474,0.5705717209733994,-0.09114098371516917,-0.9907092005191599
SZ2.SG,Hungary,Hungary_Langobard.SG,1442.0,0.9955450296401978,0.6207320008649642,-0.10343937823391766,-1.0625559423550706
SZ3.SG,Hungary,Hungary_Langobard.SG,1442.0,0.9988759160041808,0.49330996770717545,-0.03194212920657334,-0.9740933014903287
SZ4.SG,Hungary,Hungary_Langobard.SG,1442.0,0.9988459348678588,0.5287805964915527,-0.011648078359289103,-0.9659441225195756
I1895.AG,Hungary,Hungary_MN_Vinca.AG,7195.0,0.5817238092422485,0.5999771501855555,-0.12196408657374343,-1.0385653504443066
I1902.AG,Hungary,Hungary_LN_Lengyel.AG,6550.0,0.1457884013652801,0.5348635640261916,-0.09796461027915239,-1.0448568509227865
I1905.AG,Hungary,Hungary_LN_Lengyel.AG,6664.0,0.32721146941185,0.5232473969390508,-0.07768883322211555,-1.072837649293121
I1907.AG,Hungary,Hungary_C_Balaton_Lasinja.AG,6183.0,0.7139722108840942,0.5489782386123583,-0.1079407899176825,-1.0591864469559105
I1594.AG,Germany,Germany_Blatterhohle_MN.AG,5140.0,0.0927784219384193,0.2281501063625015,0.19435303492737743,0.7895031628632251
I1763.AG,Ukraine,Ukraine_Mesolithic.AG,10081.0,0.7057695388793945,0.12380391300006795,0.7416097956605846,0.17474692584648113
I1767.AG,UnitedKingdom,England_BellBeaker_highEEF.AG,4045.0,0.618984580039978,0.9008051601798288,-0.5955727263809099,0.5832392671506726
I1770.AG,UnitedKingdom,England_BellBeaker.AG,3950.0,0.4157952964305877,0.9967812759881456,-0.6096011589043592,0.5739117830452503
I1774.AG,UnitedKingdom,England_C_EBA.AG,3698.0,0.0839285552501678,0.9332410344583689,-0.5917722314652057,0.6075137579175824
I1775.AG,UnitedKingdom,Wales_C_EBA.AG,3563.0,0.3501341938972473,0.9240995969373288,-0.556163911972495,0.6060110183885191
I1819.AG,Ukraine,Ukraine_Mesolithic.AG,10658.0,0.6912530660629272,0.11883737127379021,0.7623457561551595,0.17873732419839417
I1836.AG,Spain,Spain_EBA.AG,3527.0,0.2469381839036941,-1.1565492611023125,0.09603380765302338,-1.3062937333170732
I1838.AG,Spain,Spain_C.AG,5126.0,0.7065205574035645,-1.1495159183762462,0.0870422623044501,-1.2651755123520236
I1840.AG,Spain,Spain_EBA.AG,3475.0,0.563572347164154,-1.1839089928463622,0.05835239314272521,-1.2996942245033725
I1843.AG,Spain,Spain_C.AG,4904.0,0.5500096082687378,-1.1658614609420312,0.08500281917978379,-1.2613935521903015
I1887.AG,Hungary,Hungary_MN_Vinca.AG,7150.0,0.3242779970169067,0.5376693411607745,-0.10056098474970428,-1.0386293154289576
I1889.AG,Hungary,Hungary_MN_Vinca.AG,6943.0,0.3360118567943573,0.529431078734933,-0.08683522512751793,-1.016420509234971
I1890.AG,Hungary,Hungary_LN_Sopot.AG,6875.0,0.0868652611970901,0.5601595977766061,-0.09307885231526908,-1.0608227770491945
I1891.AG,Hungary,Hungary_LN_Sopot.AG,6913.0,0.3553368747234344,0.5670056254057071,-0.08271366655149394,-1.0508208891140522
I1896.AG,Hungary,Hungary_MN_Vinca.AG,7190.0,0.2096879780292511,0.5523591445259043,-0.10235517219635917,-0.9904936900764201
I1899.AG,Hungary,Hungary_LN_Lengyel.AG,6550.0,0.2744415402412414,0.5899708513331938,-0.09197772523207676,-0.9653154206904963
I1900.AG,Hungary,Hungary_LN_Lengyel.AG,6686.0,0.0520959645509719,0.5110588474193853,-0.03526979952321591,-0.9790350288288818
I1901.AG,Hungary,Hungary_LN_Lengyel.AG,6550.0,0.4171715974807739,0.5787827171757212,-0.08102183082085067,-1.0157034055931398
I1903.AG,Hungary,Hungary_LN_Lengyel_son.I10619.son.I10624.halfbro.I10620.halfbro.I10621.AG,6550.0,0.5004732012748718,0.509817775429277,-0.1819096662397199,-1.069996765635984
I1906.AG,Hungary,Hungary_LN_Lengyel.AG,6550.0,0.3822733461856842,0.5031415317304814,-0.07364598133474196,-0.9916607166991771
I1908.AG,Hungary,Hungary_C_Balaton_Lasinja.AG,6050.0,0.4670931994915008,0.5294626452950778,-0.09691259916939704,-1.0288280026529248
I1909.AG,Hungary,Hungary_C_Balaton_Lasinja.AG,6086.0,0.4214700162410736,0.5651861671126079,-0.04744743379983787,-0.9912660453543376
I1972.AG,Spain,Spain_EN.AG,6703.0,0.3159536719322204,-1.0994038085001905,0.08371245608230028,-1.2142218451547107
I1975.AG,Spain,Spain_C.AG,4927.0,0.0911474600434303,-1.1100675881698914,0.05911463452835247,-1.2633720941627176
I0166.AG,Germany,Germany_N.AG,6400.0,0.1010573282837867,0.30029925831646576,0.13980035070131974,0.8046266423305892
I2020.AG,Germany,Germany_EN_LBK_1d.or.2d.rel.I1550.AG,7125.0,0.0556336380541324,0.26736608436776943,0.15748711481801017,0.7865489796310134
I2403.AG,Poland,Poland_GlobularAmphora.AG,4667.0,0.2480614632368087,-0.48472990588099674,-0.22246334015491276,-0.4960664712207944
I2417.AG,UnitedKingdom,England_BellBeaker_lowEEF.AG,4250.0,0.7018920183181763,0.9384803251931106,-0.5656740493278921,0.5833672883271646
I2428.AG,Bulgaria,Bulgaria_Chalcolithic.AG,6400.0,0.0645118877291679,0.6822150187402982,0.4387771827429243,0.33655872127178893
I2458.AG,UnitedKingdom,England_MBA_highEEF.AG,3331.0,0.6934395432472229,0.9820934248892295,-0.6044038740482589,0.6794889443542074
I2461.AG,UnitedKingdom,England_C_EBA.AG,3975.0,0.6595818400382996,0.8873515809174687,-0.5560728057672409,0.6193215843355382
I2462.AG,UnitedKingdom,England_Thanet_Chalcolithic_EBA_highEEF.AG,3942.0,0.6981580853462219,0.8900747835821358,-0.4788848846377713,0.5991409898800301
I2470.AG,Spain,Spain_MBA.AG,3275.0,0.3494529128074646,-1.0583522399649818,0.10030648799556596,-1.2462319528602914
I2477.AG,Italy,Italy_North_BellBeaker_2.AG,4015.0,0.6703886985778809,-0.9810655058084907,0.20383321268645152,0.40328479997546307
I2509.AG,Bulgaria,Bulgaria_Dzhulyunitsa_Chalcolithic.AG,6350.0,0.7321252822875977,0.6824747355813987,0.4409741872166807,0.3096985280305083
I2510.AG,Bulgaria,Bulgaria_Dzhulyunitsa_EBA_o1.AG,4794.0,0.6958498954772949,0.6916413186678031,0.4534989201788618,0.28517916594635445
I2519.AG,Bulgaria,Bulgaria_Chalcolithic.AG,6237.0,0.6518568992614746,0.6798568949998667,0.450919335454088,0.3325116953602939
I2520.AG,Bulgaria,Bulgaria_Dzhulyunitsa_EBA.AG,5153.0,0.6738030910491943,0.6839540065980547,0.4541581209192964,0.31793200135535726
I2525.AG,Bulgaria,Bulgaria_Medieval_oEastAsia.AG,1014.0,0.7244579195976257,0.6539553416282889,0.4371879483471357,0.2893231807362935
I2530.AG,NorthMacedonia,NorthMacedonia_Medieval.AG,915.0,0.5797652006149292,0.28839745223073343,-0.33125281375978516,1.3755332311085717
I2532.AG,Romania,Romania_Eneolithic_oEEF.AG,7614.0,0.5997381806373596,-0.3451970088365076,0.20802173956514255,0.01985291282179046
I2533.AG,Romania,Romania_Eneolithic_oEEF.AG,7371.0,0.6542778015136719,-0.3712162467260127,0.17458085075100968,0.006186642542263945
I2534.AG,Romania,Romania_MaguraBuduiasca_Mesolithic.AG,7670.0,0.3632248938083648,-0.38987952302882123,0.20736875942707111,-0.006392803790235834
I2566.AG,UnitedKingdom,England_C_EBA.AG,4078.0,0.4140532314777374,0.87391614672758,-0.642136713219085,0.5811777619889918
I2567.AG,UnitedKingdom,Scotland_C_EBA.AG,4018.0,0.5018649697303772,0.9347275907807624,-0.5998583533410042,0.5899055521204908
I2568.AG,UnitedKingdom,Scotland_C_EBA_mediumhighEEF.AG,4113.0,0.4856307208538055,0.8947241856790629,-0.5816020136167769,0.5554226754053216
I2573.AG,UnitedKingdom,Scotland_MBA.AG,3361.0,0.5252709984779358,0.9967336163250823,-0.5835934845679778,0.6236232092259357
I2596.AG,UnitedKingdom,England_C_EBA_lowEEF_father.or.son.I2597.AG,4086.0,0.4483294188976288,0.9266272140804875,-0.6205652491296962,0.5775781156234082
I2600.AG,UnitedKingdom,England_C_EBA_daughter.I2457.AG,3970.0,0.4516473114490509,0.9668404451415958,-0.6310437008346523,0.5373895529849396
I2601.AG,UnitedKingdom,England_Thanet_Chalcolithic_EBA.AG,3808.0,0.4294666945934295,0.8508937322647186,-0.6407611761149339,0.5929187269978954
I2602.AG,UnitedKingdom,England_Thanet_Chalcolithic_EBA.AG,3762.0,0.5470007061958313,0.9970198498117021,-0.54731076907102,0.5797564332879012
I2605.AG,UnitedKingdom,England_N.AG,5397.0,0.5235922336578369,0.9145728184906021,-0.5577157823451757,0.613874492569111
I2609.AG,UnitedKingdom,England_C_EBA.AG,3848.0,0.238864466547966,0.9137809528948588,-0.5500515965384385,0.5924499703516681
I2610.AG,UnitedKingdom,England_C_EBA.AG,3783.0,0.0694672316312789,0.8698896975153552,-0.6442510673445617,0.581533837103458
I2618.AG,UnitedKingdom,England_C_EBA.AG,3993.0,0.5481426119804382,1.0353038755898514,-0.5981625146816026,0.681411739932813
I2630.AG,UnitedKingdom,Scotland_N.AG,4471.0,0.7873890995979309,0.8733517333143661,-0.5965993814813145,0.563004477515157
I2631.AG,UnitedKingdom,Scotland_N.AG,4957.0,0.737763524055481,0.9368498786435693,-0.5770955287369495,0.5659755484491226
I2633.AG,UnitedKingdom,Scotland_N.AG,5639.0,0.6187501549720764,0.9734540515283578,-0.6660638942234022,0.6239121722107465
I2635.AG,UnitedKingdom,Scotland_N.AG,5523.0,0.6454757452011108,0.90760521793779,-0.5413913994045195,0.52943148234363
I2637.AG,UnitedKingdom,Scotland_N.AG,5375.0,0.7142479419708252,0.8512956428690687,-0.596064849182911,0.5873902524707466
I2639.AG,UnitedKingdom,England_MBA.AG,3430.0,0.4963645935058594,0.9456242914799846,-0.5856655502163843,0.5768071688896389
I2650.AG,UnitedKingdom,Scotland_N.AG,5375.0,0.651766836643219,0.9604276029855711,-0.5787166853004524,0.5505163129100707
I2651.AG,UnitedKingdom,Scotland_N.AG,5160.0,0.6575186252593994,0.8553504388313785,-0.5418560814911575,0.5888458401888946
I2653.AG,UnitedKingdom,Scotland_MBA.AG,3224.0,0.487479031085968,0.8968486597587324,-0.6269405150964842,0.5864288378847158
I2654.AG,UnitedKingdom,Scotland_MBA.AG,3287.0,0.4455914199352264,0.980875501007234,-0.5869498551728198,0.6577215039715408
I2655.AG,UnitedKingdom,Scotland_MBA.AG,3311.0,0.7056072950363159,0.93067800162959,-0.5994885175440307,0.6316970917175793
I2659.AG,UnitedKingdom,Scotland_N.AG,5637.0,0.6755038499832153,0.8901202249864604,-0.5918949129724177,0.5816714919861101
I2660.AG,UnitedKingdom,Scotland_N_mediumlowEEF.AG,5394.0,0.695428192615509,0.8377114085507329,-0.6505189381648276,0.5694426777534364
I2691.AG,UnitedKingdom,Scotland_N_mediumlowEEF.AG,5613.0,0.6664244532585144,0.8707533046920504,-0.5440540195035766,0.49609122291873226
I2692.AG,UnitedKingdom,Scotland_EIA.AG,2436.0,0.5501320958137512,0.9970542157818658,-0.5737462690557142,0.5854992564245334
I2693.AG,UnitedKingdom,Scotland_LIA.AG,2060.0,0.2803157866001129,0.9821055453772021,-0.6356542945471647,0.6321681070172689
I2694.AG,UnitedKingdom,Scotland_MIA_LIA.AG,2202.0,0.6620230078697205,0.9964412123440076,-0.5753065029932117,0.6894813392101743
I2695.AG,UnitedKingdom,Scotland_MIA_LIA.AG,2208.0,0.3886966407299042,0.8975980082968641,-0.5713856162362589,0.6025633660044858
I2696.AG,UnitedKingdom,Scotland_MIA_LIA.AG,2165.0,0.5445278882980347,1.0364927914659543,-0.5983559044905197,0.6071957178571585
I2739.AG,Hungary,Hungary_MN_LBK.AG,7077.0,0.6357816457748413,0.4535451519902614,-0.04035651730262471,-0.8860192929103916
I2741.AG,Hungary,Hungary_EBA_BellBeaker.AG,4245.0,0.7381017208099365,0.5415746064920927,-0.12228065057222895,-1.08904102240755
I2743.AG,Hungary,Hungary_MN_AVK_Szakalhat.AG,7050.0,0.2198638617992401,0.5117817943607094,-0.09100569152230795,-1.024164249777077
I2744.AG,Hungary,Hungary_MN_AVK_Szakalhat.AG,7050.0,0.2554709613323211,0.5341767243928794,-0.10053712331513587,-0.9787047229810965
I2745.AG,Hungary,Hungary_MN_AVK_Szakalhat.AG,7050.0,0.1718976199626922,0.5304421051592084,-0.16533264302241135,-1.0194743259428858
I2746.AG,Hungary,Hungary_LN_Tisza.AG,6700.0,0.090411864221096,0.5635109191751351,-0.09478199914311133,-1.0048849489127523
I2752.AG,Hungary,Hungary_LateC_Baden.AG,5175.0,0.4447236061096191,0.5371530316862169,-0.08069210919836821,-0.9934170791305496
I2753.AG,Hungary,Hungary_LateC_Baden.AG,5085.0,0.7356629371643066,0.5868221534967833,-0.10149897403430541,-1.0114674004376827
I2754.AG,Hungary,Hungary_LateC_Baden.AG,5140.0,0.2773823142051697,0.5751723364132482,-0.11831907759674798,-1.0562658948964498
I2783.AG,Hungary,Hungary_Hunyadihalom_MCHA.AG,6010.0,0.5518498420715332,0.5488670100179801,-0.06010398600441869,-0.9757894391202164
I2785.AG,Hungary,Hungary_LateC_Baden.AG,5175.0,0.4965503215789795,0.5802093900226231,-0.05148805394904054,-0.9299551934295922
I2787.AG,Hungary,Hungary_EBA_BellBeaker.AG,4254.0,0.5681140422821045,0.5532849678595424,-0.1542022031369149,-1.0116830522411553
I2788.AG,Hungary,Hungary_LateC_Protoboleraz.AG,5685.0,0.6952975988388062,0.5712561101482221,-0.0416984182533169,-1.00964425644485
I2789.AG,Hungary,Hungary_LateC_Protoboleraz.AG,5650.0,0.4820533096790313,0.5558849468862513,-0.08894924621184189,-1.0919640181648467
I2790.AG,Hungary,Hungary_LateC_Protoboleraz.AG,5625.0,0.8025113940238953,0.40573932000709395,-0.16583028938840313,-1.0276765765140463
I2791.AG,Hungary,Hungary_LateC_Protoboleraz.AG,5523.0,0.7060477137565613,0.47951160292280265,-0.11882325532082778,-0.9101059464396055
I2793.AG,Hungary,Hungary_EarlyC_Tiszapolgar_Bodrogkeresztur.AG,6273.0,0.7190492153167725,0.5321385699960056,-0.10824938532323464,-0.9053921969654335
I2799.AG,UnitedKingdom,Scotland_LIA.AG,2002.0,0.5037262439727783,0.9116513207739843,-0.6521831068513896,0.562945300139237
I2859.AG,UnitedKingdom,Scotland_LBA.AG,2810.0,0.6893625855445862,0.9942706222841452,-0.5368963742553963,0.7396603454938032
I2860.AG,UnitedKingdom,Scotland_LBA.AG,2824.0,0.7067679166793823,0.9510656085216248,-0.5981877213106016,0.6707867824552338
I2861.AG,UnitedKingdom,Scotland_LBA.AG,2843.0,0.5350819230079651,0.9205850669689006,-0.6012954127254155,0.58876470725052
I2932.AG,UnitedKingdom,Scotland_N.AG,4433.0,0.670112133026123,0.8470898863750514,-0.61293494296812,0.6094789743876668
I2933.AG,UnitedKingdom,Scotland_N.AG,4877.0,0.6261920928955078,0.8378135127203123,-0.6207458005214623,0.5545218087028576
I2934.AG,UnitedKingdom,Scotland_N.AG,5138.0,0.6392025351524353,0.9207573426724672,-0.5735466959520756,0.5987728658525134
I2935.AG,UnitedKingdom,Scotland_N.AG,5115.0,0.6846870183944702,0.9159732932591641,-0.6021412066059109,0.5821750442019666
I2977.AG,UnitedKingdom,Scotland_N.AG,4843.0,0.6649848818778992,0.9427266836959202,-0.5877155721800146,0.5802074643238221
I2978.AG,UnitedKingdom,Scotland_N.AG,5140.0,0.6794259548187256,0.9152027152014883,-0.5476598856572689,0.5236518651237325
I2979.AG,UnitedKingdom,Scotland_N.AG,5104.0,0.6776124835014343,0.8821431224543309,-0.5625864112980923,0.5352631688508405
I2980.AG,UnitedKingdom,Scotland_N.AG,5173.0,0.6857438087463379,0.8684161958285521,-0.5699907726989902,0.5698428337769589
I2981.AG,UnitedKingdom,Scotland_C_EBA.AG,3711.0,0.6732037663459778,0.9813885282447136,-0.714359709542339,0.6169569785534522
I2982.AG,UnitedKingdom,Scotland_MIA.AG,2250.0,0.6901273727416992,0.9435084288982404,-0.5412534711809013,0.6978426885691908
I2983.AG,UnitedKingdom,Scotland_MIA.AG,2257.0,0.6944873929023743,0.8834032041737265,-0.6720395222043148,0.6042968625773444
I2988.AG,UnitedKingdom,Scotland_N.AG,5398.0,0.6801453232765198,0.8234835309244759,-0.5609350223526602,0.5788758079894394
I3005.AG,UnitedKingdom,England_N.AG,5657.0,0.5604726076126099,0.9007453939051696,-0.6181216804501629,0.5008552956516029
I3011.AG,UnitedKingdom,England_EarlyMedieval_Saxon_o.AG,886.0,0.3223323822021484,0.9421570803373956,-0.6661402069682967,0.6095061810615569
I3014.AG,UnitedKingdom,England_MIA.AG,2225.0,0.5978444814682007,0.9308751823505526,-0.6038942915380983,0.6293381496524391
I3025.AG,UnitedKingdom,England_Mesolithic.AG,9257.0,0.0762465596199035,0.8469544409088463,-0.501253301156958,0.5501382630145853
I3033.AG,UnitedKingdom,Wales_N.AG,5533.0,0.0871937274932861,0.977617143904818,-0.5654939216924948,0.5334453040241584
I3035.AG,UnitedKingdom,England_N_o.AG,5700.0,0.5774805545806885,0.8909920677532651,-0.6309000171451311,0.604366119575464
I3037.AG,UnitedKingdom,England_EarlyMedieval_Saxon.AG,1263.0,0.5299773812294006,0.9571007357739653,-0.5881922185760213,0.5965214103409668
I3039.AG,UnitedKingdom,England_N_1d.rel.I6761.AG,5525.0,0.1117376685142517,0.9215788406105765,-0.676761572324219,0.6065272251149565
I3040.AG,UnitedKingdom,England_N.AG,5525.0,0.1497137546539306,0.9076778346391298,-0.581440795878695,0.5776432497353611
I3041.AG,UnitedKingdom,Scotland_N_lowEEF.AG,5440.0,0.5714197754859924,0.8605925585345607,-0.5622193212502764,0.618935809898183
I3044.AG,UnitedKingdom,England_EarlyMedieval_Saxon.AG,856.0,0.6384490728378296,0.9295103443918178,-0.7093978659364403,0.5956641122115509
I3056.AG,UnitedKingdom,England_EarlyMedieval_Saxon_contam.AG,1225.0,0.3477197587490082,0.960445857831475,-0.6137769067497093,0.5961585966604567
I3068.AG,UnitedKingdom,England_N.AG,5533.0,0.5067700147628784,0.883296841023995,-0.6272281446171474,0.5421912815488775
I3083.AG,UnitedKingdom,England_MIA.AG,2233.0,0.1692358404397964,0.9627062417143306,-0.637835372947786,0.6222637111600885
I3085.AG,UnitedKingdom,Scotland_N.AG,5149.0,0.6214451789855957,0.9417006505101396,-0.6290110388297352,0.5631541937435542
I3130.AG,UnitedKingdom,Scotland_LBA.AG,2844.0,0.692742109298706,0.9317061509097414,-0.5893838724471685,0.6712955025087238
I3132.AG,UnitedKingdom,Scotland_C_EBA.AG,3927.0,0.6559720039367676,0.9380860301811478,-0.5758065291199349,0.5061850720486971
I3133.AG,UnitedKingdom,Scotland_N.AG,5446.0,0.6786554455757141,0.903891808042338,-0.5224463072576978,0.5063623379623169
I3134.AG,UnitedKingdom,Scotland_N.AG,5461.0,0.6846505403518677,0.8532195600388373,-0.593149380606321,0.5315707656881614
I3135.AG,UnitedKingdom,Scotland_N_lowEEF.AG,5517.0,0.6717609763145447,0.9038754169577504,-0.5888213756274225,0.6523690866389614
I3136.AG,UnitedKingdom,Scotland_N.AG,5397.0,0.6767576932907104,0.9165586852053778,-0.5782961547312397,0.5381390123722045
I3137.AG,UnitedKingdom,Scotland_N.AG,5350.0,0.0742919966578483,0.8991485776758232,-0.6253449760338707,0.6261573277003665
I3138.AG,UnitedKingdom,Scotland_N.AG,4998.0,0.6948491334915161,0.8846677671311828,-0.685817136168587,0.5321529029085668
I3139.AG,UnitedKingdom,Scotland_N_lowEEF.AG,5350.0,0.6766505837440491,0.8257608164859053,-0.49728149586455117,0.5434241781224574
I3255.AG,UnitedKingdom,England_BellBeaker.AG,3994.0,0.7337578535079956,1.0075386071280872,-0.6311084321385938,0.5476432479444032
I3256.AG,UnitedKingdom,England_BellBeaker.AG,4063.0,0.7142974138259888,0.8296170960491589,-0.618608113595159,0.5598238699222925
I3269.AG,Spain,Spain_C.AG,4850.0,0.5679031610488892,-1.1359396712261327,0.06452971495894157,-1.3035746118583393
I3270.AG,Spain,Spain_C.AG,4850.0,0.239505186676979,-1.201631020389794,0.0632929618204306,-1.2604049616545567
I3271.AG,Spain,Spain_C.AG,4850.0,0.2758835554122925,-1.175419263556373,0.12276776144437813,-1.2941735798551794
I3272.AG,Spain,Spain_C.AG,4959.0,0.1546820700168609,-1.0815181609473368,0.09396154820746026,-1.2676823671749187
I3273.AG,Spain,Spain_MLN.AG,5403.0,0.1130166500806808,-1.1695021917770883,0.07021594642280128,-1.2555940975136028
I3303.AG,Turkey,Turkey_Aegean_Bodrum_Halikarnassos_Ancient2.AG,2217.0,0.3404116630554199,-0.7461067335269602,0.5441177605819811,0.9617241967882526
I3308.AG,Turkey,Turkey_Aegean_Bodrum_Halikarnassos_Ancient3.AG,2127.0,0.0576806552708148,-0.7237546902885457,0.5708764854278718,0.9288947982145508
I3311.AG,Turkey,Turkey_Aegean_Bodrum_Halikarnassos_Ancient1.AG,2127.0,0.6359227299690247,-0.7836161000392262,0.5602985592113042,0.9506919973860984
I3313.AG,Croatia,Croatia_EIA_mother.I26742.AG,2722.0,0.6800293326377869,-0.19719642115662964,-0.23829462959909298,0.6407358574348604
I3322.AG,Spain,Spain_IA.AG,2500.0,0.5309173464775085,-1.1323171413613693,0.08383442319270608,-1.2591375939559877
I3324.AG,Spain,Spain_IA_o.AG,2223.0,0.2101559340953827,-1.1557789386733008,0.041201644639163544,-1.2457694014465444
I3432.AG,Portugal,Portugal_C.AG,4924.0,0.4804369509220123,-1.65677774880824,0.23046629739431654,-0.5090244396462099
I3433.AG,Croatia,Croatia_N_Cardial.AG,7800.0,0.6703351736068726,-0.23168926993089972,-0.20814559925484097,0.6012637816150692
I3485.AG,Spain,Spain_EBA.AG,4050.0,0.4015675485134125,-1.1543505114481425,0.08181825644137067,-1.269704283467765
I3487.AG,Spain,Spain_EBA.AG,3603.0,0.0750981569290161,-1.1892190412781714,0.09960995606486234,-1.2563230490064814
I3488.AG,Spain,Spain_EBA.AG,3575.0,0.070383682847023,-1.1307374167596687,0.0571882496819208,-1.2712245102080997
I3490.AG,Spain,Spain_EBA.AG,3450.0,0.1863946318626403,-1.1482796238717143,0.08762433339785312,-1.2526225064928365
I3491.AG,Spain,Spain_EBA.AG,3450.0,0.0790243074297905,-1.1459586131792192,0.05111193760937106,-1.300559765101846
I3493.AG,Spain,Spain_MBA.AG,3301.0,0.2522868812084198,-1.0982045593755165,0.10482806324700521,-1.3110046853273942
I3494.AG,Spain,Spain_EBA.AG,3781.0,0.5929710268974304,-1.1504519625804819,0.09561429580769752,-1.2789893068733194
I3496.AG,Spain,Spain_IA.AG,2200.0,0.1182485520839691,-1.1240448506753413,0.09837420381255559,-1.26606951512769
I3498.AG,Croatia,Croatia_MN_Sopot.AG,7681.0,0.4296442866325378,-0.1957129467810194,-0.2078805256964868,0.6082458109466085
I3499.AG,Croatia,Croatia_LateC_EBA_Vucedol.AG,4718.0,0.3597674965858459,-0.21995019911613553,-0.21114520992715594,0.6234073174654503
I3528.AG,Hungary,Hungary_EBA_BellBeaker.AG,4364.0,0.192477285861969,0.5850342070995057,-0.03649577464999391,-1.0446154824162972
I3529.AG,Hungary,Hungary_EBA_BellBeaker.AG,4300.0,0.4837548434734344,0.5794397786432816,-0.11956367339368539,-1.1242326913711969
I3535.AG,Hungary,Hungary_MN_AVK.AG,7068.0,0.2109572291374206,0.5731324674453963,-0.08437681320392518,-1.0062768346226585
I3537.AG,Hungary,Hungary_MN_AVK_Szatmar_o.AG,7366.0,0.2061365097761154,0.54978052550058,-0.029822522926226905,-0.9323890754122055
I3566.AG,UnitedKingdom,Scotland_LIA.AG,2031.0,0.6784559488296509,0.9719787459512861,-0.6147884226947209,0.5231176366580456
I3567.AG,UnitedKingdom,Scotland_LIA.AG,2037.0,0.7052690982818604,0.9681854137894772,-0.6234194651181215,0.6186556099209208
I3568.AG,UnitedKingdom,Scotland_LIA.AG,1912.0,0.6818054914474487,0.8926527159634394,-0.7309685949895278,0.7022363346807645
I3574.AG,Spain,Spain_Visigoth_Granada.AG,1450.0,0.0826025381684303,-1.1630393554764824,0.103200008300797,-1.2400952056744374
I3575.AG,Spain,Spain_Visigoth_Granada.AG,1450.0,0.2431507259607315,-1.1385640571421336,0.05682997484709216,-1.2442892980329954
I3576.AG,Spain,Spain_Visigoth_Granada.AG,1468.0,0.6992294192314148,-1.1469428040422038,0.0895809597463597,-1.2389647836679538
I3577.AG,Spain,Spain_Visigoth_Granada.AG,1450.0,0.0582694597542285,-1.116178628657171,0.06903266698558799,-1.2853581651836181
I3578.AG,Spain,Spain_Visigoth_Granada.AG,1450.0,0.1105568259954452,-1.1250868402241303,0.06547699159566356,-1.2337113936293
I3579.AG,Spain,Spain_Visigoth_Granada.AG,1450.0,0.0937143415212631,-1.1163557810441895,0.10853165609814588,-1.2513439015540802
I3581.AG,Spain,Spain_Visigoth_Granada.AG,1450.0,0.4205778837203979,-1.125372866882711,0.0699292743152217,-1.2306507177451271
I3582.AG,Spain,Spain_Visigoth_Granada.AG,1450.0,0.283844530582428,-1.1220047831158944,0.13638192141793895,-1.1836041177386736
I3583.AG,Spain,Spain_Visigoth_Granada.AG,1450.0,0.108273796737194,-1.142800599463416,0.11301057668765133,-1.2448373609128784
I3585.AG,Spain,Spain_Visigoth_Granada.AG,1195.0,0.6240761280059814,-1.1212167080302502,0.09827736888224169,-1.2085395438928566
I3588.AG,Germany,Germany_BellBeaker.AG,4175.0,0.3578551113605499,0.30166939029635326,0.11236651323984032,0.797625173243397
I3589.AG,Germany,Germany_BellBeaker.AG,4175.0,0.4557397067546844,0.28637644861787487,0.09695926519084266,0.6993389435129839
I3590.AG,Germany,Germany_BellBeaker.AG,4186.0,0.3679644763469696,0.30455574062553126,0.09323011775867297,0.8245365473938804
I3594.AG,Germany,Germany_BellBeaker.AG,4175.0,0.5275499820709229,0.27475000134923466,0.12197371919827878,0.7841079841137918
I3597.AG,Germany,Germany_BellBeaker_1d.rel.I3594.AG,4175.0,0.1029380857944488,0.3649779238190116,0.10157040731909683,0.7659659076611627
I3600.AG,Germany,Germany_BellBeaker.AG,4175.0,0.2524133920669555,0.24131151448523722,0.12515106622027222,0.7637749453818166
I3601.AG,Germany,Germany_BellBeaker.AG,4175.0,0.5654952526092529,0.2762298603040391,0.08719675176032395,0.7731988714474927
I3642.AG,Italy,Italy_Sardinia_LBA.AG,2994.0,0.1042892485857009,-1.0244561878214842,0.2112715414651732,0.3903658920168056
I3714.AG,Ukraine,Ukraine_N.AG,7200.0,0.1026007011532783,0.06670346023669982,0.8250510972398324,0.18127757723532423
I3715.AG,Ukraine,Ukraine_N.AG,7526.0,0.3992423415184021,0.09144428150727012,0.8266458984361827,0.1843218124427614
I3716.AG,Ukraine,Ukraine_N.AG,7347.0,0.0821070000529289,0.09223768307619491,0.8059396702694358,0.21554013865401403
I3717.AG,Ukraine,Ukraine_N.AG,7242.0,0.4251796305179596,0.0772478149365452,0.7873629562146408,0.17927475264102083
I3719.AG,Ukraine,Ukraine_N_o2.AG,6831.0,0.1654053926467895,0.052693916846972846,0.8157049010212253,0.2064501059678249
I3741.AG,Italy,Italy_Sardinia_LBA.AG,3088.0,0.6028825044631958,-1.0389022323878383,0.18820157435348356,0.37767678967993307
I3743.AG,Italy,Italy_Sardinia_EBA.AG,3985.0,0.6539736390113831,-0.9834344986241323,0.17219317009473012,0.3631358814087765
I3756.AG,Spain,Spain_EBA.AG,3860.0,0.5132800936698914,-1.1316816835523986,0.09867914732537089,-1.290947173605122
I3759.AG,Spain,Spain_IA_Celt.AG,2222.0,0.6290541887283325,-1.1351137994691496,0.08677711333138362,-1.2444485563659304
I3775.AG,Spain,Spain_Visigoth_Barcelona.AG,1300.0,0.1008326783776283,-1.0984069960419418,0.10669136403170723,-1.242790369021274
I3777.AG,Spain,Spain_Visigoth_Barcelona.AG,1300.0,0.2838558852672577,-1.1238812188456269,0.1400508731154641,-1.2257638812786167
I3808.AG,Spain,Spain_NazariPeriod_Muslim.AG,400.0,0.4989639222621918,-1.1402323462204675,0.08613363543142281,-1.1942008342203783
I3810.AG,Spain,Spain_NazariPeriod_Muslim_African.AG,400.0,0.0895740762352943,-1.0633037306644497,0.0651766941143978,-1.1050380212317332
I3866.AG,Spain,Spain_Visigoth_Barcelona.AG,1300.0,0.0882302150130271,-1.1634175390987338,0.05171965469190924,-1.263790055423297
I3874.AG,France,France_EBA_BellBeaker.AG,4065.0,0.55970698595047,-0.3016440473994759,-0.04599547561035259,-0.4518519174694362
I3875.AG,France,France_EBA_BellBeaker.AG,3985.0,0.6730350852012634,-0.2981286945567459,-0.016945592387614804,-0.4520795312144199
I3876.AG,Italy,Italy_Sicily_LBA.AG,2928.0,0.6428050398826599,-0.9748986655934043,0.16031791901035738,0.4531870848860951
I3879.AG,Bulgaria,Bulgaria_MalakPreslavets_N_oHighEEF.AG,7550.0,0.133900448679924,0.6818852324016681,0.43197297583720884,0.2864447054949095
I3947.AG,Croatia,Croatia_N_Cardial.AG,7834.0,0.6499955654144287,-0.20474949019534355,-0.2019999200425061,0.5835412752671011
I3948.AG,Croatia,Croatia_N_Cardial.AG,7863.0,0.6528714895248413,-0.21209912103598424,-0.19768469248445764,0.6109686546683224
I3965.AG,Israel,Israel_MLBA.AG,3650.0,0.58199143409729,-1.4230295251776042,0.9697048620056288,1.901595194701456
I3966.AG,Israel,Israel_MLBA.AG,3650.0,0.6143260598182678,-1.4110728524518152,0.9596298538973662,1.893801562889276
I3980.AG,Spain,Spain_Roman_oAfrica.AG,1387.0,0.2644951939582824,-1.1262850964916926,0.09142258337528808,-1.1942499166087417
I4054.AG,Spain,Spain_Roman_oAfrica_brother.I3983.AG,1650.0,0.2244364023208618,-1.1442749792658637,0.08914698559617143,-1.2869254407354904
I4068.AG,Netherlands,Netherlands_LNB_BellBeaker.AG,3985.0,0.4020687639713287,0.523221032075942,0.5739731882058614,-0.2105646084467689
I4069.AG,Netherlands,Netherlands_LNB_BellBeaker.AG,3966.0,0.6140275597572327,0.5332258389357337,0.5785252063710425,-0.19004409070128153
I4070.AG,Netherlands,Netherlands_EBA.AG,3703.0,0.5935581922531128,0.5324316979875199,0.5728523436338877,-0.21607191161764439
I4071.AG,Netherlands,Netherlands_EBA.AG,3717.0,0.6617488861083984,0.5166605856027442,0.5742080192936589,-0.2147150879683489
I4073.AG,Netherlands,Netherlands_LNB_BellBeaker.AG,3992.0,0.6474595069885254,0.5190935521319694,0.5567790628554623,-0.19800391924111105
I4075.AG,Netherlands,Netherlands_LNB_BellBeaker.AG,3950.0,0.6585316061973572,0.5113922908508428,0.5825875886888687,-0.2199454294114346
I4076.AG,Netherlands,Netherlands_BellBeaker.AG,3763.0,0.3790170848369598,0.5161195816345149,0.5667463030313523,-0.22119373359751693
I4088.AG,Romania,Romania_C_Bodrogkeresztur.AG,6191.0,0.6007057428359985,-0.3892111158147699,0.21346174190428108,0.012111311317766809
I4089.AG,Romania,Romania_C_Bodrogkeresztur.AG,5636.0,0.6670935153961182,-0.3968749138380258,0.2017272621041599,-0.00898940177448135
I4109.AG,Italy,Italy_Sicily_MBA_o3.AG,3516.0,0.6725873947143555,-0.9805862729092921,0.19204394797800617,0.36656886471086936
I4110.AG,Ukraine,Ukraine_Eneolithic_SeredniiStih_oHG.AG,5394.0,0.5000888109207153,0.07326904210797816,0.8273685522791668,0.16594191366287095
I4111.AG,Ukraine,Ukraine_N.AG,6593.0,0.6258612275123596,0.07295702759400409,0.8266906739658545,0.18981952951517617
I4114.AG,Ukraine,Ukraine_N.AG,7350.0,0.5055842995643616,0.08006542409214679,0.7953026339335604,0.17367163565085583
I4167.AG,Croatia,Croatia_N_Starcevoup.POP07.AG,6635.0,0.0509508028626441,-0.21044649419791378,-0.19547935212388395,0.5797007077207682
I4168.AG,Croatia,Croatia_MN_Sopotup.POP14.AG,6588.0,0.1744426041841507,-0.23008644580052506,-0.19912906619196494,0.5974362515759715
I4178.AG,Hungary,Hungary_EBA_BellBeaker.AG,4300.0,0.5028941035270691,0.5909337839051937,-0.08540783071292479,-1.0454294879544557
I4184.AG,Hungary,Hungary_LN_Sopot.AG,6754.0,0.3704405426979065,0.5627455187385275,-0.0677504038689826,-1.0191198785709505
I4186.AG,Hungary,Hungary_MN_AVK_Esztar.AG,7050.0,0.0532273389399051,0.5386284081463649,-0.13767160289656252,-1.041713438839718
I4188.AG,Hungary,Hungary_MN_AVK.AG,7050.0,0.2487767785787582,0.5157529551654586,-0.11378751624688656,-1.024471758316465
I4189.AG,Hungary,Hungary_C_Balaton_Lasinja.AG,6050.0,0.6559395790100098,0.5865063198966148,-0.1198128155016061,-0.9885196443667632
I4196.AG,Hungary,Hungary_MN_LBK.AG,7050.0,0.5528173446655273,0.46697318165062024,-0.12250330819091514,-1.0017773267785668
I4199.AG,Hungary,Hungary_MN_AVK_Tiszadob.AG,7050.0,0.2379180043935775,0.5440501255173804,-0.10716902927589936,-1.0019413001038704
I4247.AG,Spain,Spain_C.AG,4302.0,0.1644354164600372,-1.1866752361370987,0.07878546782310325,-1.2223100156273647
I4251.AG,Poland,Poland_BellBeaker.AG,4219.0,0.0699522197246551,-0.47915869154733814,-0.21796238902266202,-0.4992948533614695
I4253.AG,Poland,Poland_BellBeaker.AG,4266.0,0.3865182399749756,-0.49237980831407535,-0.21191768493720797,-0.4908850794699866
I4303.AG,France,France_MN_1.AG,6624.0,0.6387953758239746,-0.32118620289113076,-0.03271252104784953,-0.4769250521562642
I4331.AG,Croatia,Croatia_MBA.AG,3519.0,0.6164509057998657,-0.22822908437198097,-0.27807621438497326,0.609074389952143
I4332.AG,Croatia,Croatia_MBA.AG,3508.0,0.6248311996459961,-0.23153654947821908,-0.24281915823525013,0.6438369107551475
I4432.AG,Latvia,Latvia_Mesolithic.AG,7958.0,0.634069561958313,0.15833446905597331,0.025973457848401466,0.030677665083133163
I4434.AG,Latvia,Latvia_Mesolithic.AG,7441.0,0.633144199848175,0.1591631367959229,0.02167593282894891,0.022460039547157088
I4435.AG,Latvia,Latvia_MN_o3.AG,5972.0,0.6235141158103943,0.21576209062584953,0.021629799506683898,0.05870596879364442
I4436.AG,Latvia,Latvia_MN_o2.AG,6109.0,0.6387823820114136,0.23597827435419746,-0.002369303389784591,0.011565743234996878
I4437.AG,Latvia,Latvia_MN.AG,6164.0,0.6269811987876892,0.1559125008046378,0.020196602077237107,0.029464730973372065
I4438.AG,Latvia,Latvia_Mesolithic.AG,7248.0,0.6438472270965576,0.15143591376700083,0.0185832742089915,0.02987034286710005
I4439.AG,Latvia,Latvia_Mesolithic.AG,7646.0,0.6442859768867493,0.16230309493976428,0.008755958461847083,0.027679912375094876
I4440.AG,Latvia,Latvia_Mesolithic.AG,7074.0,0.6254386901855469,0.1656396262512324,0.019627540740723485,0.027937149978506406
I4441.AG,Latvia,Latvia_EN.AG,6718.0,0.6348554491996765,0.14534307321818055,0.03285941765405094,0.03254191621131938
I4517.AG,Israel,Israel_IA.AG,2951.0,0.3701947927474975,-1.4303940579911658,0.9698112581839893,1.9003810334653528
I5207.AG,Austria,Austria_N_LBK.AG,7100.0,0.7823883295059204,0.06797110947259373,-0.24877898410753005,-0.13373729431897285
I5208.AG,Austria,Austria_N_LBK.AG,7100.0,0.7665579915046692,0.07705713266819843,-0.20265066021205833,-0.13924575404205536
I5358.AG,UnitedKingdom,Wales_N.AG,4918.0,0.2127017378807068,0.9219544310322263,-0.6227385159697774,0.6287121062408365
I5359.AG,UnitedKingdom,Wales_N.AG,5600.0,0.4549887180328369,0.8876917208903078,-0.5616569547828423,0.6069195321160279
I5365.AG,UnitedKingdom,England_LIA.AG,1960.0,0.1040759533643722,0.9405762198705366,-0.5821480061952807,0.6048384927957188
I5366.AG,UnitedKingdom,England_N.AG,5516.0,0.4961277842521667,0.9466289770709702,-0.5911227834255551,0.5781632603739402
I5367.AG,UnitedKingdom,Scotland_BellBeaker.AG,4312.0,0.6415382623672485,1.036206958749272,-0.5828849616710653,0.5746454287276364
I5371.AG,UnitedKingdom,Scotland_N.AG,5600.0,0.2883359789848327,0.9013418845174147,-0.5443753832994747,0.6849397393420954
I5373.AG,UnitedKingdom,England_C_EBA_lowEEF.AG,4034.0,0.2026296555995941,0.8972064511791364,-0.6089995819433595,0.651854638562461
I5376.AG,UnitedKingdom,England_BellBeaker_lowEEF.AG,4216.0,0.1261073499917984,0.9592129113956467,-0.5535574452190238,0.6599998834776951
I5379.AG,UnitedKingdom,England_BellBeaker_highEEF.AG,4333.0,0.5954430103302002,0.9309401530746466,-0.6060988325096496,0.53032981946309
I5382.AG,UnitedKingdom,England_BellBeaker.AG,4070.0,0.2773166298866272,0.9562087181788641,-0.6066321345450117,0.628217040169653
I5385.AG,UnitedKingdom,Scotland_BellBeaker.AG,4230.0,0.4696803689002991,0.9698149450728253,-0.5336070023295387,0.5242717948712141
I5387.AG,UnitedKingdom,England_N.AG,4850.0,0.2883619368076324,0.9651676110969432,-0.6481349323533122,0.6441083830223508
I5401.AG,Serbia,Serbia_IronGates_Mesolithic.AG,8838.0,0.4026713371276855,-0.3173891555323005,0.8989074372070589,-0.0687806816625164
I5402.AG,Serbia,Serbia_IronGates_Mesolithic.AG,8156.0,0.6991280913352966,-0.3098943411399587,0.8090516085509993,-0.10185575581482781
I5405.AG,Serbia,Serbia_IronGates_N.AG,7684.0,0.1807783097028732,-0.3008479342124098,0.8548109006206054,-0.07165233378593991
I5407.AG,Serbia,Serbia_IronGates_Mesolithic.AG,8000.0,0.7275819182395935,-0.2940682373666604,0.76991829584842,-0.07773602833767354
I5408.AG,Romania,Romania_IronGates_Mesolithic.AG,8704.0,0.4521947503089905,-0.39567671862498,0.2144895306907277,-0.023542977582119807
I5409.AG,Serbia,Serbia_IronGates_Mesolithic_o.AG,9500.0,0.506345808506012,-0.29947464735050167,0.8335560426307098,-0.07054599153749115
I5411.AG,Romania,Romania_IronGates_Mesolithic.AG,8600.0,0.6106707453727722,-0.38959846318175945,0.23151298790758795,-0.024571588263334283
I5427.AG,Greece,Greece_Peloponnese_N.AG,7883.0,0.6597805619239807,-0.674261257245814,0.009736059094928506,2.127564793054723
I5428.AG,Portugal,Portugal_LN_Megalithic.AG,5165.0,0.3503207266330719,-1.6494960869847304,0.23801958440952908,-0.5023506971097027
I5429.AG,Portugal,Portugal_C.AG,4866.0,0.7618386745452881,-1.6403751148293406,0.2313457151311952,-0.5047715765562639
I5436.AG,Romania,Romania_IronGates_Mesolithic.AG,9025.0,0.6288327574729919,-0.41370953815195355,0.20871760830378092,-0.005107728651717612
I5440.AG,UnitedKingdom,Wales_MBA_lowEEF.AG,3383.0,0.1564257591962814,0.8787883323273614,-0.6024148754788997,0.6400840995611297
I5441.AG,UnitedKingdom,England_C_EBA.AG,3750.0,0.187208890914917,1.0114495118751634,-0.5920259212270764,0.6166564909830623
I5471.AG,UnitedKingdom,Scotland_C_EBA_mediumhighEEF.AG,4063.0,0.533881664276123,0.9534344199608231,-0.6376801592499376,0.619666380288737
I5658.AG,Germany,Germany_BellBeaker.AG,4200.0,0.2485107630491256,0.29874325712279876,0.21899801091148843,0.7918856457939878
I5659.AG,Germany,Germany_BellBeaker.AG,4200.0,0.098483145236969,0.1528749174367069,0.15579532384407868,0.7827462197272368
I5665.AG,Spain,Spain_C_oSteppe.AG,4077.0,0.4160134494304657,-1.1553548645746745,0.029093951042418978,-1.2833142957156316
I5666.AG,Czechia,Czechia_BellBeaker.AG,4250.0,0.2457021921873092,1.7366372802905197,-0.15028429102820554,0.2284587020992977
I5686.AG,Slovenia,Slovenia_EIA_son.I22934.brother.I22935.brother.I5684.brother.I5685.AG,2688.0,0.7540910243988037,2.5638811155114802,0.60208281934718,0.46411458832380065
I5691.AG,Slovenia,Slovenia_EIA.AG,2605.0,0.6551796197891235,2.5629095102977386,0.6032246497258242,0.46451308061753943
I5692.AG,Slovenia,Slovenia_EIA.AG,2693.0,0.7510926723480225,2.5613380590344854,0.6051605914890504,0.4683441004770121
I5693.AG,Slovenia,Slovenia_EIA.AG,2674.0,0.7518168687820435,2.5878171065394433,0.5988888945992142,0.47860534832378326
I5957.AG,Ukraine,Ukraine_N.AG,7287.0,0.066937655210495,0.0657071744058014,0.8272865565511712,0.19266143129292426
I6181.AG,Romania,Romania_EN_Starcevo_contam.AG,7600.0,0.1085592806339263,-0.4028238404825043,0.19029570144920996,-0.015084893747568065
I6184.AG,Romania,Romania_MLBA.AG,3625.0,0.1986856609582901,-0.40049164236033197,0.18864233963096844,-0.00019437276185449188
I6185.AG,Romania,Romania_MLBA.AG,3685.0,0.05607321113348,-0.3909023458631376,0.2008976110076101,-0.01678323598818864
I6470.AG,Spain,Spain_EBA.AG,3609.0,0.5847440361976624,-1.1273767934132726,0.0632884970467056,-1.2675255379724628
I6480.AG,Czechia,Czechia_BellBeaker.AG,4150.0,0.3678258061408996,1.6720309897774959,-0.15036494216128088,0.19428392236940775
I6531.AG,Poland,Poland_ChopiceVeseleCulture.AG,4113.0,0.6733465194702148,-0.4899297912582943,-0.22291637919743962,-0.510545330811171
I6534.AG,Poland,Poland_BellBeaker.AG,4237.0,0.0621761493384838,-0.5084495631853041,-0.2400333035330891,-0.5289057317661905
I6537.AG,Poland,Poland_ChopiceVeseleCulture.AG,4130.0,0.4546107649803161,-0.4716323291644169,-0.20750500901240998,-0.4955902554633111
I6539.AG,Spain,Spain_C_oSteppe.AG,4200.0,0.3448211848735809,-1.0885732451025063,0.0320580950509039,-1.2195467020795965
I6542.AG,Spain,Spain_C.AG,4100.0,0.1409968882799148,-1.1450590991517149,0.08655055608976077,-1.2727890886625948
I6543.AG,Spain,Spain_C.AG,4100.0,0.0915399938821792,-1.0785681744349278,0.03191030124957439,-1.309959202072989
I6579.AG,Poland,Poland_EBA.AG,4155.0,0.6756044030189514,-0.5010695714313078,-0.23239832873081165,-0.519730182015689
I6580.AG,Poland,Poland_BellBeaker.AG,4175.0,0.5606185793876648,-0.4903046634433602,-0.2186447979661442,-0.5026001711672226
I6581.AG,Poland,Poland_BellBeaker_father.I6582_father.I6535.AG,4228.0,0.5380997657775879,-0.5009596067528174,-0.23428475729559692,-0.5151876574886229
I6582.AG,Poland,Poland_BellBeaker.AG,4171.0,0.6774559617042542,-0.4950306290522659,-0.21791464060903318,-0.5211144550475625
I6583.AG,Poland,Poland_BellBeaker.AG,4138.0,0.708359956741333,-0.48030040775079297,-0.2197440531044981,-0.49033573265202934
I6584.AG,Spain,Spain_C.AG,4200.0,0.1454688608646392,-1.1153475582787526,0.07322478497447088,-1.2568478414982291
I6587.AG,Spain,Spain_C.AG,4200.0,0.1187075898051261,-1.1721106398710137,0.07075034167617242,-1.251613120384097
I6588.AG,Spain,Spain_C_oSteppe.AG,4200.0,0.0951555222272872,-1.1400467016845928,0.06747081593459739,-1.2617354078940886
I6590.AG,Germany,Germany_BellBeaker.AG,4200.0,0.7041377425193787,0.2877807048195173,0.12971823216597056,0.805102523059702
I6591.AG,Germany,Germany_BellBeaker.AG,4200.0,0.6978847980499268,0.3086484445007665,0.12640315600703816,0.7883571550203267
I6601.AG,Portugal,Portugal_C.AG,4650.0,0.3431228995323181,-1.6906330136660481,0.23102941821216877,-0.4557542685574027
I6604.AG,Spain,Spain_C.AG,3947.0,0.1712252795696258,-1.1677214806558833,0.1158499648464865,-1.2631144327468455
I6608.AG,Spain,Spain_C.AG,3840.0,0.0983736589550972,-1.1325961642319573,0.04979264607620321,-1.2906960821543554
I6617.AG,Spain,Spain_C.AG,4550.0,0.3222034275531769,-1.1538201343705958,0.06844373086294624,-1.238662132907659
I6618.AG,Spain,Spain_EBA.AG,3735.0,0.4188536405563354,-1.1678553669797238,0.08820646447017551,-1.2924758296267196
I6623.AG,Spain,Spain_C_oSteppe.AG,4100.0,0.5347105264663696,-1.156852206301594,0.09591775502579608,-1.2389423036289655
I6624.AG,Germany,Germany_BellBeaker.AG,4200.0,0.5375944972038269,0.30591525783839074,0.14326675034874778,0.778906401385559
I6628.AG,Spain,Spain_C.AG,4550.0,0.0994693487882614,-1.1018226812132133,0.07300726091644023,-1.2291379283575503
I3321.AG,Spain,Spain_IA.AG,2150.0,0.3221758306026459,-1.124028772258467,0.0817267812353224,-1.235276545787686
I7427.AG,Spain,Spain_Islamic_oAfrica.AG,1000.0,0.0746869668364524,-1.0902450131814763,0.06411937892911886,-1.216608734355142
I0018.AG,Germany,Germany_EN_LBK.AG,7168.0,0.7823494076728821,0.31136435621327685,0.10604929889043453,0.7824717089546275
I0025.AG,Germany,Germany_EN_LBK.AG,7125.0,0.7416191101074219,0.30393361260423807,0.0901659465617993,0.7412301851846779
I0046.AG,Germany,Germany_EN_LBK.AG,7041.0,0.768983781337738,0.2874761019136781,0.09218271869648434,0.7480931170954821
I0048.AG,Germany,Germany_EN_LBK.AG,7057.0,0.3697649538516998,0.28580282085391234,0.16084126252147574,0.8223462343602959
I0054.AG,Germany,Germany_EN_LBK.AG,7074.0,0.8531029224395752,0.26814544985846883,0.1389839770855047,0.753360525525313
I0056.AG,Germany,Germany_EN_LBK.AG,7059.0,0.3126755356788635,0.2622431765358484,0.11390664116610982,0.7436740165734664
I0057.AG,Germany,Germany_EN_LBK.AG,7070.0,0.2141688764095306,0.29783994324869695,0.09343325760576893,0.7916629598861308
I0070.AG,Greece,Greece_Crete_HgCharalambos_EMBA.AG,4000.0,0.515179455280304,-0.7125178044444407,-0.011584209499745325,2.1901577298185355
I0071.AG,Greece,Greece_Crete_HgCharalambos_EMBA.AG,4000.0,0.808416485786438,-0.7129016696765976,-0.009820230136646771,2.2126468947884486
I0073.AG,Greece,Greece_Crete_HgCharalambos_EMBA.AG,4000.0,0.5367494225502014,-0.7081181221728913,-0.005740767858003549,2.1799864058715746
I0074.AG,Greece,Greece_Crete_HgCharalambos_EMBA.AG,4000.0,0.4255007803440094,-0.7085619870153552,0.0031275383053518306,2.1947880046933967
I0100.AG,Germany,Germany_EN_LBK.AG,6944.0,0.8328192830085754,0.2883978115328013,0.09393652686908073,0.7358876585851692
I0103.AG,Germany,Germany_CordedWare.AG,4472.0,0.9076773524284364,0.36655252677405564,0.12565826000295116,0.7671618482202585
I0104.AG,Germany,Germany_CordedWare.AG,4358.0,0.8190457224845886,0.2861283510321751,0.13870178879205713,0.7524641151215123
I0116.AG,Germany,Germany_EBA_Unetice.AG,3978.0,0.5677482485771179,0.25947308601603875,0.13512039929216632,0.7773315681629926
I0118.AG,Germany,Germany_LN_Alberstedt.AG,4325.0,0.8918113708496094,0.2744467529169903,0.12030149205752388,0.7378381451006754
I0406.AG,Spain,Spain_MLN.AG,5700.0,0.6387264132499695,-1.153900305305025,0.07053785826545916,-1.2542778191667947
I0408.AG,Spain,Spain_MLN.AG,5686.0,0.7886632084846497,-1.135761436413404,0.07726857945350754,-1.268577920769818
I0410.AG,Spain,Spain_EN.AG,7106.0,0.4752496480941772,-1.1262816482367297,0.10182157933768832,-1.2774552765699032
I0412.AG,Spain,Spain_EN.AG,7177.0,0.842078685760498,-1.1000849991392325,0.0960443603324121,-1.2209024036979312
I0413.AG,Spain,Spain_EN.AG,7143.0,0.5864901542663574,-1.0761404377316355,0.0683858529771631,-1.2538634362638859
I0519.AG,UnitedKingdom,England_N.AG,5180.0,0.074984610080719,0.8477807490326288,-0.6091663131890316,0.5475653159099768
I0525.AG,UnitedKingdom,England_EastYorkshire_LIA.AG,1975.0,0.202339306473732,0.9184818465845387,-0.6223748663555084,0.555754559111974
I0581.AG,Spain,Spain_C.AG,4746.0,0.8644921183586121,-1.1552820287778653,0.08114000673440051,-1.2519598486203596
I0659.AG,Germany,Germany_EN_LBK.AG,7031.0,0.5097448229789734,0.2512573034428756,0.08271976941407787,0.8014919287077873
I0698.AG,Bulgaria,Bulgaria_N.AG,7900.0,0.6192238330841064,0.6683247858728197,0.4418429913745176,0.3019037324716324
I0700.AG,Bulgaria,Bulgaria_MalakPreslavets_N_oLowEEF_1d.rel.I1108.AG,7550.0,0.3123503029346466,0.6665983469881401,0.4568064151071712,0.3008402573332635
I0704.AG,Bulgaria,Bulgaria_N.AG,7892.0,0.0848782584071159,0.6448320260050487,0.4438320972256277,0.32027932578703067
I0704_enhanced.AG,Bulgaria,Bulgaria_N.AG,7892.0,0.1089274808764457,0.6777238801898744,0.4433865403231352,0.323822969337913
I0706.AG,Bulgaria,Bulgaria_N_oEEF.AG,7899.0,0.2181250303983688,0.6851547671542736,0.4420415855502983,0.31362472911183537
I0723_enhanced.AG,Turkey,Turkey_Marmara_Mentese_N.AG,7870.0,0.5978371500968933,-0.6796357078918255,0.5429241977735314,0.8929256724905744
I0724_enhanced.AG,Turkey,Turkey_Marmara_Mentese_N.AG,7950.0,0.2014617919921875,-0.7466941593569209,0.575051274639329,0.9617673862652066
I0727_enhanced.AG,Turkey,Turkey_Marmara_Mentese_N.AG,7950.0,0.158008873462677,-0.7047211351717931,0.5446971518600245,0.9423586843238922
I0821.AG,Germany,Germany_EN_LBK.AG,6938.0,0.3372608423233032,0.24123271821143305,0.1268068433504453,0.7595695679079189
I0839.AG,Portugal,Portugal_C.AG,4264.0,0.0774582251906395,-1.6532030937848097,0.24147796854929243,-0.4904100447459902
I0854_enhanced.AG,Turkey,Turkey_Marmara_Barcin_N_sister.of.I0736.AG,8104.0,0.6543905138969421,-0.712895168100988,0.5531006664979641,0.9616695894127341
I0861.AG,Israel,Israel_Natufian.AG,12700.0,0.097841627895832,-1.4223557573246455,0.9569671991949807,1.9148804017472165
I10045.AG,Croatia,Croatia_C_Lasinja.AG,6050.0,0.6963778734207153,-0.17235423270346525,-0.2136531377879563,0.6139346675858289
I10046.AG,Croatia,Croatia_C_Lasinja.AG,6050.0,0.5848097205162048,-0.20262583991330815,-0.18517219757513084,0.6141283005297807
I10047.AG,Croatia,Croatia_C_Lasinja.AG,6050.0,0.6518722772598267,-0.27272672158038,-0.21471234237134845,0.5847764835170479
I10048.AG,Croatia,Croatia_C_Lasinja.AG,6050.0,0.683491587638855,-0.22862144415306485,-0.19024081903692264,0.6534812014174568
I10049.AG,Croatia,Croatia_C_Lasinja.AG,6050.0,0.709831953048706,-0.22847158773858278,-0.16765159746714525,0.6331119944835514
I10050.AG,Croatia,Croatia_C_Lasinja.AG,6050.0,0.4508784711360931,-0.231719173422748,-0.19713662172287738,0.5998618470266927
I10052.AG,Croatia,Croatia_C_Lasinja.AG,6095.0,0.1446043103933334,-0.21590706064988294,-0.22085277743776227,0.6296510244612935
I10053.AG,Croatia,Croatia_C_Lasinja.AG,6050.0,0.540118396282196,-0.16640517146376738,-0.22297104002152685,0.6020343749080479
I10054.AG,Croatia,Croatia_C_Lasinja.AG,6050.0,0.7169551253318787,-0.18399909918873883,-0.23505397299594302,0.6028062393582162
I10055.AG,Croatia,Croatia_N.AG,7727.0,0.5758998394012451,-0.2274846479538083,-0.22651954036449876,0.5423854771439208
I10056.AG,Croatia,Croatia_C_Lasinja.AG,6050.0,0.6078735589981079,-0.2398811868065085,-0.20692224700200978,0.6416086412631438
I10057.AG,Croatia,Croatia_C_Lasinja.AG,6050.0,0.6479558348655701,-0.21741512376679262,-0.21855830707857826,0.6250743705698085
I10058.AG,Croatia,Croatia_C_Lasinja_contam.AG,6050.0,0.0984717905521392,-0.21655005122785068,-0.20486593053943528,0.6625313854423645
I10061.AG,Croatia,Croatia_C_Lasinja_father.I10294.AG,6050.0,0.5920748710632324,-0.2166948925404964,-0.20243682799579743,0.621943669520846
I10062.AG,Croatia,Croatia_C_Lasinja.AG,6050.0,0.6603458523750305,-0.20740289179244273,-0.2166742542613815,0.6458781583684281
I10063.AG,Croatia,Croatia_C_Lasinja.AG,6050.0,0.6416493654251099,-0.21791423406346502,-0.21983889599051698,0.6203421263080178
I10064.AG,Croatia,Croatia_C_Lasinja.AG,6050.0,0.5510258078575134,-0.22760830637502374,-0.19737143962852477,0.6507941902799507
I10065.AG,Croatia,Croatia_C_Lasinja.AG,6050.0,0.657843828201294,-0.2251671264745658,-0.21496367519377566,0.6015347448916561
I10068.AG,Croatia,Croatia_C_Lasinja_father.I10070.I10074.AG,6050.0,0.6827787160873413,-0.23091074310280618,-0.22219851945029878,0.6305609506191702
I10069.AG,Croatia,Croatia_C_Lasinja.AG,6050.0,0.6372674107551575,-0.2221280526619337,-0.20864720898559733,0.6745376118412851
I10070.AG,Croatia,Croatia_C_Lasinja.AG,6050.0,0.7054410576820374,-0.24082342519713287,-0.23724138696559594,0.670823857221812
I10071.AG,Croatia,Croatia_C_Lasinja.AG,6050.0,0.3344660699367523,-0.20784819149914902,-0.21251308092009621,0.640644183382567
I10072.AG,Croatia,Croatia_C_Lasinja.AG,6050.0,0.6691665053367615,-0.2108906797204579,-0.20729369798970593,0.597465867903749
I10092.AG,Israel,Israel_MLBA.AG,3750.0,0.3909618258476257,-1.430927097152265,0.9818537091156839,1.923434872190517
I10093.AG,Israel,Israel_MLBA.AG,3750.0,0.5687928795814514,-1.4107210915862962,0.9669327992410999,1.905426564512591
I10097.AG,Israel,Israel_MLBA.AG,3500.0,0.3893762528896332,-1.4290094569216445,0.9503778699272936,1.8895704675244656
I10099.AG,Israel,Israel_MLBA.AG,3500.0,0.4506343305110931,-1.403416098607866,0.9530857778717272,1.8924472268690575
I10100.AG,Israel,Israel_MLBA_oCaucasus.AG,3548.0,0.2155492305755615,-1.4279455817008389,0.9794059508361908,1.924621567372734
I10101.AG,Israel,Israel_MLBA.AG,3500.0,0.0652758702635765,-1.4244800721905624,0.9723858489326055,1.9464925601753893
I10104.AG,Israel,Israel_MLBA.AG,3825.0,0.0941458046436309,-1.4539844576094922,0.9837424865509495,1.934947708707194
I10106.AG,Israel,Israel_MLBA.AG,3550.0,0.1845487505197525,-1.400255281466611,0.9581644264297879,1.8981118434518087
I10167.AG,NorthMacedonia,NorthMacedonia_Classical_Hellenistic.AG,2071.0,0.1277642697095871,0.25220743624392294,-0.30677398781669335,1.3631195676879337
I10263.AG,Israel,Israel_MLBA.AG,3500.0,0.0872456356883049,-1.4318545625244419,0.9663503312230922,1.9205189233430804
I10264.AG,Israel,Israel_MLBA.AG,3750.0,0.2380542606115341,-1.41912772044767,0.9604013795631183,1.8959263480338768
I10266.AG,Israel,Israel_MLBA.AG,3462.0,0.1788740307092666,-1.4346312279245272,0.9725866796223486,1.9253030164706197
I10268.AG,Israel,Israel_MLBA.AG,3853.0,0.3793690800666809,-1.4116158600320874,0.9524194121339367,1.889249555117231
I10270.AG,Israel,Israel_MLBA_sister.I10101.AG,3500.0,0.0519191622734069,-1.4383287901841753,0.9744172637236745,1.9383831793430049
I10271.AG,Croatia,Croatia_C_Lasinja.AG,6050.0,0.5429723858833313,-0.21395972416924255,-0.21194178146687187,0.6699599495239403
I10272.AG,Croatia,Croatia_C_Lasinja.AG,6023.0,0.2428303658962249,-0.24007994632282526,-0.21953440241306035,0.6345935489588659
I10273.AG,Croatia,Croatia_C_Lasinja.AG,6050.0,0.5372287034988403,-0.21202434866058562,-0.15448346721832745,0.650494406984105
I10274.AG,Croatia,Croatia_C_Lasinja.AG,6050.0,0.1221868693828582,-0.22025970620475158,-0.21276167078299213,0.6298308516375258
I10275.AG,Croatia,Croatia_C_Lasinja.AG,6050.0,0.0827914997935295,-0.23643321983217358,-0.2170416972108573,0.615922798007402
I10277.AG,Spain,Spain_MLN.AG,4900.0,0.3603149354457855,-1.1069461360748198,0.07537861917815336,-1.243200755647448
I10278.AG,Spain,Spain_MLN.AG,4900.0,0.3389542400836944,-1.141800158535015,0.12551131648204267,-1.2455732889926105
I10280.AG,Spain,Spain_MLN.AG,4900.0,0.265470027923584,-1.1379982615947772,0.07579330764771496,-1.287375222171807
I10283.AG,Spain,Spain_MLN.AG,4900.0,0.1133224070072174,-1.1659447375324383,0.07222021025448833,-1.2625097078945906
I10284.AG,Spain,Spain_MLN.AG,4900.0,0.0982455164194107,-1.1193798566229498,0.062157278688907566,-1.288503845606641
I10285.AG,Spain,Spain_MLN.AG,4900.0,0.25477996468544,-1.1169952529972242,0.0958903443322295,-1.2466738940219142
I10287.AG,Spain,Spain_MLN.AG,4900.0,0.5070076584815979,-1.1587274592821744,0.10556251076889223,-1.2735778543405225
I10291.AG,Croatia,Croatia_C_Lasinja.AG,6050.0,0.2034139186143875,-0.24348840172442107,-0.1990826225877909,0.6168325638065191
I10293.AG,Croatia,Croatia_C_Lasinja.AG,6093.0,0.670687198638916,-0.23700452107456063,-0.20615737106829182,0.5587936523933631
I10294.AG,Croatia,Croatia_C_Lasinja.AG,6050.0,0.743494987487793,-0.2135701491204739,-0.19675374253605327,0.5938868657533068
I10297.AG,Croatia,Croatia_C_Lasinja.AG,6050.0,0.7638670206069946,-0.20797867125823516,-0.20094055608080882,0.5879126460836893
I10299.AG,Croatia,Croatia_C_Lasinja.AG,6050.0,0.485673725605011,-0.216105940061225,-0.20401746453748779,0.5933932964280126
I10303.AG,Croatia,Croatia_C_Lasinja.AG,6050.0,0.5875380039215088,-0.2100139033249136,-0.2523359700594132,0.6440504513107745
I10342.AG,France,France_EBA.AG,3728.0,0.8001196980476379,-0.2991484235761352,-0.03463291907507216,-0.4605687805047599
I10343.AG,France,France_EBA.AG,3732.0,0.702415943145752,-0.30527652480525863,-0.05353490480575479,-0.48788095620712
I10344.AG,France,France_MBA.AG,3314.0,0.7052609920501709,-0.33241811147214545,-0.050643351462029335,-0.4385347517497193
I10345.AG,France,France_EBA_BellBeaker_oEEF.AG,4299.0,0.6808638572692871,-0.3360243918725481,-0.015665804959908543,-0.4682527509164637
I10347.AG,France,France_EBA.AG,3527.0,0.6883658170700073,-0.33071729159952395,0.0038257779956996922,-0.4248520836212901
I10348.AG,France,France_EBA.AG,3642.0,0.6932514309883118,-0.2614290015089717,-0.013966954632873951,-0.49571589791845994
I10349.AG,Hungary,Hungary_MN_AVK_o.AG,7087.0,0.6576629877090454,0.5578019820259023,-0.1510955100216381,-1.014225920534127
I10350.AG,Hungary,Hungary_MN_AVK_o.AG,7204.0,0.6744519472122192,0.5668203375021793,-0.07484232420229467,-1.015227122713597
I10351.AG,Hungary,Hungary_MN_AVK.AG,7214.0,0.6789709329605103,0.5243044509942657,-0.1200424235304091,-1.0389439734959038
I10352.AG,Hungary,Hungary_MN_AVK.AG,6928.0,0.6974841356277466,0.5198072542829536,-0.07456861442271631,-0.9115569154690134
I10353.AG,Hungary,Hungary_MN_AVK.AG,7143.0,0.6979634165763855,0.5245693297347422,-0.1070369452614892,-0.8683771052959603
I10355.AG,Hungary,Hungary_MN_AVK.AG,7214.0,0.0715410113334655,0.5556211244749621,-0.06676293587997106,-1.0714781779960965
I10359.AG,Israel,Israel_MLBA.AG,3512.0,0.0735280141234397,-1.4340905704451312,0.9819851949500432,1.909589681103008
I10364.AG,Italy,Italy_Sardinia_LBA.AG,2925.0,0.5656169056892395,-1.0150508042697564,0.20617532278273293,0.3584582279547849
I10365.AG,Italy,Italy_Sardinia_MBA_o.AG,3404.0,0.4831052124500274,-1.0234319016797158,0.25860954835160926,0.43468615368062385
I10366.AG,Italy,Italy_Sardinia_IA_1.AG,2244.0,0.5799087285995483,-1.0600004999787895,0.22098097934139754,0.41166541982943133
I10943.AG,Italy,Italy_Sicily_Himera_480BCE_NEurope.AG,2430.0,0.5761447548866272,-0.9707867068647714,0.1828988432613395,0.39301697408610253
I10945.AG,Italy,Italy_Sicily_Himera_480BCE_Greek.AG,2430.0,0.6071557998657227,-1.0404318816741551,0.20311434722253915,0.453904765205398
I10946.AG,Italy,Italy_Sicily_Himera_480BCE_Balkan.AG,2430.0,0.5258549451828003,-0.9970703228145872,0.18246982940697035,0.4382939534409985
I10947.AG,Italy,Italy_Sicily_Himera_480BCE_Sarmatian.AG,2430.0,0.603079617023468,-0.9478005003789095,0.19193989282042023,0.33441868538225966
I10948.AG,Italy,Italy_Sicily_Himera_480BCE_Greek.AG,2430.0,0.5389448404312134,-1.0425859666543,0.21702280824855683,0.3929079239621171
I10950.AG,Italy,Italy_Sicily_Himera_480BCE_Balkan.AG,2430.0,0.6072044372558594,-1.0343067665073682,0.2117863046206403,0.35245657985445233
I10951.AG,Italy,Italy_Sicily_Himera_480BCE_Caucasus.AG,2430.0,0.5211818814277649,-0.9862458463810116,0.1911638189929133,0.4083659554784482
I10952.AG,Italy,Italy_Sicily_Himera_480BCE_Greek.AG,2430.0,0.5316002368927002,-0.9821697836291374,0.18870859398488277,0.411488761548908
I1108.AG,Bulgaria,Bulgaria_MalakPreslavets_N_oLowEEF.AG,7550.0,0.2352400124073028,0.6430851796175941,0.4997172312496349,0.34447245928460996
I1109.AG,Bulgaria,Bulgaria_MalakPreslavets_N_oHighEEF.AG,7550.0,0.2225175201892852,0.6544651348875653,0.4159410287221274,0.3117204611559901
I1113.AG,Bulgaria,Bulgaria_MalakPreslavets_N.AG,7550.0,0.2061932832002639,0.6910390760590367,0.4485502021011208,0.30603089978393694
I11158.AG,Czechia,Czechia_EBA_son.I14193_son.I7198.AG,4025.0,0.5974714159965515,1.6245348792411667,-0.12017730086875845,0.19668135985930957
I11159.AG,Czechia,Czechia_EBA_Unetice.AG,3850.0,0.6299130916595459,1.7765027302128142,-0.06935054027000546,0.21862566369958913
I11160.AG,Czechia,Czechia_EBA_Unetice_brother.I14185.AG,3850.0,0.6034721732139587,1.7405355417201336,-0.15356990428209893,0.18481881573815118
I11442.AG,Italy,Italy_Sicily_EBA.AG,4120.0,0.6361895799636841,-1.01735653518282,0.16594083030019238,0.40306589479425925
I11443.AG,Italy,Italy_Sicily_EBA_o2.AG,4090.0,0.6403987407684326,-1.0312938626774686,0.21696083622856965,0.368226868779222
I11446.AG,Serbia,Serbia_EBA_Yamnaya.AG,4942.0,0.1403261721134185,-0.274739685315888,0.841671629700719,-0.0850218379997191
I1154.AG,Israel,Israel_C.AG,5950.0,0.0933899283409118,-1.4333728416638811,0.980159785990339,1.9328141728125656
I1160.AG,Israel,Israel_C.AG,5950.0,0.5099329948425293,-1.4429624674519081,0.9777625561356422,1.9167082595794103
I1166.AG,Israel,Israel_C_father.or.son.I1169.AG,5950.0,0.5165849924087524,-1.4161919120843427,0.9591410314086037,1.9111649663494679
I1169.AG,Israel,Israel_C.AG,5950.0,0.8510599732398987,-1.4204699025589556,0.956543019266729,1.9019998054819687
I1295.AG,Bulgaria,Bulgaria_MalakPreslavets_N.AG,7550.0,0.1313068121671676,0.6629399046167879,0.44671906709111975,0.31854627553664605
I1296_enhanced.AG,Bulgaria,Bulgaria_MalakPreslavets_N.AG,7634.0,0.0909106358885765,0.6487032768329539,0.44577034615456906,0.30711455238234137
I1297.AG,Bulgaria,Bulgaria_MalakPreslavets_N.AG,7550.0,0.1036696285009384,0.6691947909569489,0.449708620481835,0.33106731807557566
I1312_d.AG,Spain,Spain_EBA.AG,3650.0,0.111373521387577,-1.1403521167429953,0.0904833382978152,-1.2485088918567346
I1313_d.AG,Spain,Spain_EBA.AG,3650.0,0.2230017036199569,-1.1498153547712089,0.1175292004968208,-1.2727543325933544
I1378.AG,Ukraine,Ukraine_N_son.I1732.AG,7300.0,0.1376660317182541,0.09504187268354337,0.8101556054449043,0.18000462285318836
I1389_enhanced.AG,France,France_BellBeaker_1d.rel.I1390.AG,4361.0,0.1603454351425171,-0.2976303666119637,-0.02355464445086305,-0.45155957456575974
I1391_enhanced.AG,France,France_BellBeaker.AG,4179.0,0.14188252389431,-0.32491508524013557,-0.05069975911584396,-0.4546303889263071
I1392.AG,France,France_BellBeaker_NoSteppe.AG,4516.0,0.5453859567642212,-0.340142097076565,-0.08263164928911162,-0.5361388031548355
I1550.AG,Germany,Germany_EN_LBK.AG,7125.0,0.4733380675315857,0.2681446609635501,0.09020133204519935,0.8052328333197382
I1563.AG,Germany,Germany_Blatterhohle_MN.AG,5448.0,0.8007733821868896,0.21594787042545416,0.11258612733676328,0.7706954328765855
I1565.AG,Germany,Germany_Blatterhohle_MN_oWHG.AG,5674.0,0.730503261089325,0.23040974727167116,0.14821640300329633,0.7568475644740306
I1577.AG,Austria,Austria_Gravettian.AG,30200.0,0.1929306536912918,0.12449465693910904,-0.20670889763251915,-0.13695151558573596
I1579_enhanced.AG,Turkey,Turkey_Marmara_Barcin_N.AG,8072.0,0.8520234823226929,-0.6642875474062782,0.5212830791378693,0.9227613632350007
I1580.AG,Turkey,Turkey_Marmara_Barcin_N.AG,8205.0,0.8294656872749329,-0.6557350853188706,0.5303937065787696,0.8855671231711134
I1581.AG,Turkey,Turkey_Marmara_Barcin_N.AG,8252.0,0.7615994215011597,-0.6747171912936173,0.526112069941844,0.9241838428027341
I1583.AG,Turkey,Turkey_Marmara_Barcin_N.AG,8273.0,0.8696339726448059,-0.6633167225387459,0.5114370366976456,0.9108558586643664
I1585_enhanced.AG,Turkey,Turkey_Marmara_Barcin_N.AG,8021.0,0.8608270883560181,-0.6872126897371953,0.5323059571480403,0.9519908788185008
I1593.AG,Germany,Germany_Blatterhohle_MN.AG,5527.0,0.4818813800811767,0.2643634396993537,0.10900924355007495,0.7544803539171387
I1733.AG,Ukraine,Ukraine_Mesolithic.AG,10200.0,0.2243926078081131,0.06626034276584992,0.7779863650354041,0.15515548608980823
I1737.AG,Ukraine,Ukraine_Mesolithic.AG,10358.0,0.0682377219200134,0.07846321882593837,0.8254139479449929,0.17870195501951378
I1842.AG,Spain,Spain_C.AG,4850.0,0.3913324475288391,-1.1453262474931383,0.06871639472179286,-1.2752009909698008
I1845.AG,Spain,Spain_C.AG,4825.0,0.3517497479915619,-1.1002558431915546,0.03731167638688988,-1.2653797942605407
I1846.AG,Spain,Spain_C.AG,4825.0,0.560401201248169,-1.1256238821605213,0.09785711277212052,-1.281307983425254
I1875.AG,Croatia,Croatia_Mesolithic.AG,9056.0,0.3185059726238251,-0.26524732924104977,-0.18674397016774186,0.5811371749859544
I1876.AG,Hungary,Hungary_EN_Starcevo_1.AG,7541.0,0.1818123608827591,0.5643934284712627,-0.14884689584646266,-1.0532625716357706
I1877.AG,Hungary,Hungary_EN_Starcevo_2.AG,7567.0,0.6343996524810791,0.5100375141167964,-0.05833248631810817,-0.8591688929227664
I1878.AG,Hungary,Hungary_EN_Starcevo_1.AG,7687.0,0.5997763276100159,0.6433072915709631,-0.04059873076662173,-0.9823780278863244
I1879.AG,Croatia,Croatia_Medieval_contam.AG,396.0,0.1329799443483352,-0.24131936414356622,-0.2134866926986831,0.6138254306358023
I1880.AG,Hungary,Hungary_EN_Starcevo_2.AG,7600.0,0.4646722972393036,0.5316974885085486,-0.08987960442029948,-0.9881928821957034
I1882.AG,Hungary,Hungary_MN_LBK.AG,7050.0,0.1510600447654724,0.5310380077999365,-0.0720766937499589,-1.0109584169458399
I1883.AG,Hungary,Hungary_MN_LBK_o.AG,7146.0,0.055755291134119,0.5442454068423177,-0.06014759628049685,-1.0370015742492682
I1893.AG,Hungary,Hungary_LN_Sopot.AG,6895.0,0.0512103289365768,0.5845586984115871,-0.10499030619714383,-1.0240997458877477
I1904.AG,Hungary,Hungary_MN_LBK.AG,7010.0,0.6803147792816162,0.48135581987931153,-0.11465662309198606,-0.8881034344038641
I1917.AG,Ukraine,Ukraine_Ozera_EBA_Yamnaya.AG,4955.0,0.5187009572982788,0.06965947173583109,0.8003506444917929,0.18121868980187353
I1926.AG,Ukraine,Ukraine_Eneolithic_Trypillia.AG,5649.0,0.1889071762561798,0.07226713212769013,0.81668096031081,0.17806891396011681
I1970.AG,Portugal,Portugal_C.AG,4635.0,0.1783111840486526,-1.6346652366715,0.2405632337614944,-0.486378446715416
I1976.AG,Spain,Spain_C.AG,4427.0,0.1192047446966171,-1.2091916781598597,0.12698920317131204,-1.2787038010276446
I1977.AG,Spain,Spain_EBA.AG,3475.0,0.1020629927515983,-1.166623157884642,0.08393063311174898,-1.283439558953017
I1978.AG,Spain,Spain_C.AG,4825.0,0.7239882946014404,-1.1018941758794991,0.08483582263828056,-1.2987475324783944
I1979.AG,Italy,Italy_North_BellBeaker_1.AG,4015.0,0.3273760974407196,-1.0634540615222141,0.2724297031258254,0.4400169042138126
I1981.AG,Spain,Spain_C.AG,4891.0,0.103351704776287,-1.1290704281953958,0.07343238300110097,-1.273320474003776
I2029.AG,Germany,Germany_EN_LBK.AG,7100.0,0.111669547855854,0.2622607445430922,0.07486462424455925,0.7573069674190366
I2030.AG,Germany,Germany_EN_LBK.AG,7125.0,0.2010319381952285,0.255194241503422,0.11803202582596539,0.7558303903765157
I2032.AG,Germany,Germany_EN_LBK.AG,7125.0,0.0991279110312461,0.17069730632766392,0.12951455664328257,0.7602042674963798
I2036.AG,Germany,Germany_EN_LBK.AG,7125.0,0.2483461201190948,0.2537433569885168,0.11608826594370406,0.7765674101330496
I2037.AG,Germany,Germany_EN_LBK.AG,7050.0,0.0777866914868354,0.24231333785091771,0.09977717137685374,0.7631620979957376
I2038.AG,Germany,Germany_EN_LBK.AG,7125.0,0.1591086238622665,0.30014121923178805,0.08621220064782448,0.7409742831224243
I2062.AG,Israel,Israel_MLBA.AG,3170.0,0.5298354625701904,-1.4085120923111059,0.9495821721511254,1.8681337273488172
I2105.AG,Ukraine,Ukraine_EBA_Yamnaya.AG,4850.0,0.6846545934677124,0.13043760322620204,0.7851053513972862,0.1879172325269579
I2111.AG,Ukraine,Ukraine_Eneolithic_Trypillia.AG,5622.0,0.0534649677574634,0.10008938533363411,0.8126656593377748,0.18572862409538032
I2163.AG,Bulgaria,Bulgaria_MLBA.AG,3639.0,0.6989196538925171,0.7010423010605804,0.44061568935743045,0.31627869452244206
I2165.AG,Bulgaria,Bulgaria_EBA_o2.AG,4910.0,0.7258804440498352,0.6793746642846589,0.4683696550133516,0.334444083317888
I2175.AG,Bulgaria,Bulgaria_EBA.AG,5097.0,0.3614276647567749,0.6931276920918696,0.4547940232964289,0.3231043357236562
I2176.AG,Bulgaria,Bulgaria_EBA_contam.AG,5146.0,0.5315150618553162,0.6864305952271911,0.44427579500392683,0.337100276058023
I2176_enhanced.AG,Bulgaria,Bulgaria_EBA_contam.AG,5146.0,0.6627091765403748,0.6792201454170557,0.45038011142124035,0.31720631115868647
I2181.AG,Bulgaria,Bulgaria_Chalcolithic_oSteppe.AG,6458.0,0.0612215772271156,0.674043504422377,0.4501862287177076,0.3334792954718914
I2181_enhanced.AG,Bulgaria,Bulgaria_Chalcolithic_oSteppe.AG,6458.0,0.0981530621647834,0.7062333570550918,0.43858731788627586,0.30860651446224685
I2189.AG,Israel,Israel_MLBA_o_brother.I2200.AG,3500.0,0.1158325150609016,-1.4261718791045104,0.9785940845492248,1.922120505548505
I2190.AG,Israel,Israel_MLBA.AG,3351.0,0.2542795538902282,-1.4191059338803018,0.9519897019394208,1.932890720329427
I2195.AG,Israel,Israel_MLBA.AG,3372.0,0.1945234984159469,-1.4179307108613046,0.9427418597683417,1.906069239454212
I2198.AG,Israel,Israel_LBA_I_1d.rel.I36592_1d.rel.I31087_1d.rel.I31118.AG,3420.0,0.2488757222890854,-1.4591286758560291,0.9863509501704715,1.9247191743152794
I2199.AG,Spain,Spain_EN.AG,7069.0,0.2801446616649627,-1.1018369508990584,0.06784931831930942,-1.2843668865748032
I2200.AG,Israel,Israel_MLBA_o.AG,3500.0,0.5275719165802002,-1.4387684511281142,0.9774252135025008,1.92752943926666
I2201.AG,Israel,Israel_IA_o.AG,2889.0,0.4919769763946533,-1.4444876649276328,0.9804942325151071,1.9214450987186364
I2215.AG,Bulgaria,Bulgaria_MalakPreslavets_N.AG,7976.0,0.0740892440080642,0.65976588825119,0.4399926874736228,0.30938461087744495
I2215_enhanced.AG,Bulgaria,Bulgaria_MalakPreslavets_N.AG,7976.0,0.108594961464405,0.6953618020451839,0.43233212601829857,0.32473319072408957
I2216.AG,Bulgaria,Bulgaria_MalakPreslavets_N_oHighEEF.AG,7839.0,0.0548096410930156,0.662538873739182,0.4234422057260816,0.2991190604059256
I2216_enhanced.AG,Bulgaria,Bulgaria_MalakPreslavets_N_oHighEEF.AG,7839.0,0.0888668671250343,0.6914301146720463,0.44901734073393496,0.31549558021240753
I2318.AG,Greece,Greece_Peloponnese_N.AG,5935.0,0.3579118847846985,-0.7113109388654457,0.0030738793758645485,2.171112167454928
I2352.AG,Hungary,Hungary_LN_Lengyel.AG,6550.0,0.0986713021993637,0.5404780746285118,-0.10844491542259349,-1.0112763504094378
I2353.AG,Hungary,Hungary_EarlyC_Tiszapolgar.AG,6200.0,0.2304939180612564,0.555703239562239,-0.07796508511255663,-0.9616870519792504
I2354.AG,Hungary,Hungary_EarlyC_Tiszapolgar.AG,6200.0,0.3006050884723663,0.5636518816803743,-0.12615592976360582,-1.069396391447721
I2355.AG,Hungary,Hungary_MN_ALBK_Szakalhat.AG,7050.0,0.2347623258829116,0.5536113112056291,-0.09154926971416003,-0.9643699378393741
I2356.AG,Hungary,Hungary_EarlyC_Tiszapolgar_contam.AG,6200.0,0.1386919617652893,0.5360537277090945,-0.05161994497376216,-0.9842260092182769
I2358.AG,Hungary,Hungary_LN_Tisza.AG,6700.0,0.3147647380828857,0.5854858986809802,-0.10556910493412158,-1.0582345868969505
I2364.AG,Hungary,Hungary_EBA_BellBeaker.AG,4220.0,0.6497036218643188,0.5447055776019062,-0.10324174554817388,-1.1427814963075875
I2365.AG,Hungary,Hungary_EBA_BellBeaker.AG,4299.0,0.7704760432243347,0.4598559064653592,-0.14175522785757355,-1.2175072071246922
I2366.AG,Hungary,Hungary_LateC_Baden.AG,5118.0,0.6756278872489929,0.4774184380935055,-0.07731888284496845,-1.0896012622370892
I2367.AG,Hungary,Hungary_LateC_Baden.AG,5085.0,0.7085950970649719,0.591513591873997,-0.08697249814220127,-0.9392569124781609
I2368.AG,Hungary,Hungary_LateC_Baden_contam.AG,5025.0,0.0689060017466545,0.5521085646506226,-0.0754883925995672,-1.0312568038012864
I2369.AG,Hungary,Hungary_LateC_Baden.AG,5186.0,0.6415560841560364,0.5539869314190006,-0.12371657102819662,-1.0263750845765804
I2370.AG,Hungary,Hungary_LateC_Baden.AG,5122.0,0.7249607443809509,0.5245528665457255,-0.17450391066255486,-0.9095770002956161
I2371.AG,Hungary,Hungary_LateC_Baden.AG,5169.0,0.4682294428348541,0.5308603558088476,-0.07561151181240161,-1.0052188119765602
I2373.AG,Hungary,Hungary_EN_Koros.AG,7700.0,0.2530573606491089,0.5425934475908195,-0.060138513197547115,-0.9884133207572802
I2375.AG,Hungary,Hungary_MN_AVK_Tiszadob.AG,7050.0,0.1043565645813942,0.5566961981971726,-0.03647130299425966,-0.9612172147223844
I2376.AG,Hungary,Hungary_MN_AVK_Tiszadob.AG,7050.0,0.3289657235145569,0.5552847673197837,-0.07585863366292339,-0.9992156966465706
I2377.AG,Hungary,Hungary_MN_AVK_Tiszadob.AG,7001.0,0.5506292581558228,0.4840683405759762,-0.12359048975037537,-1.0228898419390804
I2378.AG,Hungary,Hungary_MN_AVK_Tiszadob.AG,7050.0,0.0901223272085189,0.5794534108956895,-0.11201706282518142,-1.0822943010788975
I2379.AG,Hungary,Hungary_MN_AVK_Tiszadob.AG,6984.0,0.5238704085350037,0.48728202292845024,-0.14331526400837313,-1.0664058610743432
I2380.AG,Hungary,Hungary_MN_AVK_Szatmar.AG,7350.0,0.633116602897644,0.5686450788983091,-0.14004186040762637,-0.9408561346639214
I2383.AG,Hungary,Hungary_MN_AVK_contam.AG,7050.0,0.0519134849309921,0.543957137966746,-0.08227320995773463,-1.0675695621674544
I2384.AG,Hungary,Hungary_MN_AVK.AG,7114.0,0.5781115293502808,0.6535032272870926,-0.1079448707060783,-0.9333783488619091
I2387.AG,Hungary,Hungary_LN_Tisza.AG,6700.0,0.0587568841874599,0.5874213576253704,-0.10029491985460336,-1.0218178320468303
I2395.AG,Hungary,Hungary_EarlyC_Tiszapolgar.AG,6200.0,0.1020240634679794,0.5701321959051161,-0.05852171105320813,-1.079580202667128
I2405.AG,Poland,Poland_GlobularAmphora.AG,5132.0,0.1018683537840843,-0.5828978253905142,-0.27408558988310433,-0.5931965261798282
I2413.AG,UnitedKingdom,Scotland_C_EBA_highEEF.AG,3936.0,0.0809967145323753,0.9211827606923141,-0.6287544012484271,0.6272980656749747
I2416.AG,UnitedKingdom,England_BellBeaker_highEEF.AG,4239.0,0.1173694059252739,0.9129722695381836,-0.5743380737622898,0.6513665856308534
I2418.AG,UnitedKingdom,England_BellBeaker.AG,4237.0,0.5627588629722595,0.8882953856451378,-0.6045907876519188,0.5432541420358563
I2419.AG,UnitedKingdom,England_BellBeaker_mediumEEF.AG,4199.0,0.0729302912950515,0.9332359519959595,-0.5943591389800849,0.5730279636537275
I2421.AG,UnitedKingdom,England_C_EBA.AG,3790.0,0.33786341547966,0.9087524065726709,-0.5706972831848867,0.5312162182687975
I2423.AG,Bulgaria,Bulgaria_Chalcolithic.AG,6381.0,0.4304934442043304,0.6806614399337283,0.4419338492160864,0.3168013760697733
I2424.AG,Bulgaria,Bulgaria_Chalcolithic.AG,6288.0,0.562176525592804,0.6662830471091992,0.4548039961012512,0.30640006241049506
I2425.AG,Bulgaria,Bulgaria_Chalcolithic.AG,6475.0,0.1869518011808395,0.6761113382102283,0.413575556858526,0.3175006200939255
I2427.AG,Bulgaria,Bulgaria_Chalcolithic.AG,6326.0,0.5682275891304016,0.66672824183501,0.4366310094716514,0.31617164409743603
I2430.AG,Bulgaria,Bulgaria_Chalcolithic.AG,6448.0,0.5262913107872009,0.6450866518927116,0.449413919679328,0.3047432554550454
I2431.AG,Bulgaria,Bulgaria_Ivanovo_Chalcolithic.AG,6624.0,0.6261239647865295,0.6267314989470858,0.45591806309056776,0.337533976782145
I2433.AG,Poland,Poland_GlobularAmphora.AG,4950.0,0.4547729790210724,-0.4927706177491875,-0.21872550891521542,-0.5020285319164483
I2434.AG,Poland,Poland_GlobularAmphora.AG,5050.0,0.0979559794068336,-0.48956011243912184,-0.26211010216166625,-0.5541622830917993
I2440.AG,Poland,Poland_GlobularAmphora.AG,4950.0,0.1616398245096206,-0.5070078281129262,-0.2198159135378057,-0.5012136321196932
I2441.AG,Poland,Poland_GlobularAmphora.AG,5050.0,0.4361016452312469,-0.5278692516068199,-0.21167422250196985,-0.5056869359416177
I2445.AG,UnitedKingdom,England_BellBeaker.AG,4048.0,0.7271715998649597,0.9601941390253911,-0.5732433833884581,0.5428201580845031
I2447.AG,UnitedKingdom,England_BellBeaker.AG,3938.0,0.773243248462677,0.9132714111656348,-0.6397877372841514,0.5957291232748735
I2450.AG,UnitedKingdom,England_BellBeaker.AG,4248.0,0.7706098556518555,0.9957104535293387,-0.645231938069164,0.617713679104749
I2452.AG,UnitedKingdom,England_BellBeaker.AG,4052.0,0.7733292579650879,0.8931567734789964,-0.5435036281774999,0.5748239097024163
I2453.AG,UnitedKingdom,England_BellBeaker.AG,4122.0,0.5201015472412109,0.937567007987822,-0.5544318161078767,0.5765602931124629
I2454.AG,UnitedKingdom,England_BellBeaker_lowEEF.AG,4042.0,0.6988142132759094,0.9722013797985846,-0.5565837121622397,0.6328733359429772
I2455.AG,UnitedKingdom,England_BellBeaker.AG,3948.0,0.1063597872853279,0.9474951079080978,-0.641557850812627,0.6267186128776281
I2457.AG,UnitedKingdom,England_C_EBA.AG,4056.0,0.6102076768875122,0.8709423884559004,-0.5703880415674515,0.5368330206866366
I2459.AG,UnitedKingdom,England_BellBeaker_lowEEF.AG,4231.0,0.4484672844409942,0.9805326566021375,-0.5904565195295355,0.5785524540611883
I2463.AG,UnitedKingdom,England_Thanet_Chalcolithic_EBA.AG,3774.0,0.2044122815132141,0.894590844475023,-0.5606621175055787,0.5522242032483667
I2467.AG,Spain,Spain_C.AG,4327.0,0.1084205955266952,-1.1615352376420653,0.09304553705303058,-1.3163250136836349
I2471.AG,Spain,Spain_EBA.AG,3500.0,0.1731384843587875,-1.1625151285265707,0.0410076327179175,-1.213125769418587
I2472.AG,Spain,Spain_MBA.AG,3428.0,0.1254982650279998,-1.1462265423212634,0.07502173919138534,-1.2528864559481911
I2473.AG,Spain,Spain_C.AG,4811.0,0.1318972259759903,-1.1547280584459882,0.07983696227069893,-1.3058376448681042
I2478.AG,Italy,Italy_North_BellBeaker_3.AG,4006.0,0.5315661430358887,-1.0404965275029894,0.17370076695068445,0.3634956005561117
I2483.AG,Austria,Austria_Gravettian.AG,30246.0,0.5947171449661255,0.14510458593302608,-0.2046209819400637,-0.1107534769334411
I2484.AG,Austria,Austria_Gravettian_twin.I2483.AG,30200.0,0.289220780134201,0.11687065593729751,-0.22388497499328705,-0.13851881700173568
I2495.AG,Turkey,Turkey_Mediterranean_Isparta_BA.AG,4355.0,0.861550509929657,-0.7319111437109121,0.6047026276449665,0.9678540786809469
I2499.AG,Turkey,Turkey_Mediterranean_Isparta_BA.AG,4514.0,0.4141116142272949,-0.7049385443858931,0.5707067595538254,0.9618806121230995
I2521.AG,Bulgaria,Bulgaria_Dzhulyunitsa_N.AG,7503.0,0.6792410016059875,0.6270959682035512,0.4234808321015056,0.3062379442792579
I2526.AG,Bulgaria,Bulgaria_Chalcolithic.AG,7293.0,0.3221539556980133,0.679210841959524,0.4328958069853018,0.2917392864477898
I2529.AG,Bulgaria,Bulgaria_N.AG,7610.0,0.6318432688713074,0.644507784924748,0.43946910313250453,0.2929115175125191
I2597.AG,UnitedKingdom,England_C_EBA.AG,4080.0,0.6991475224494934,0.9739199925362244,-0.589876813840414,0.608953096312038
I2604.AG,UnitedKingdom,England_C_EBA.AG,4073.0,0.6502453684806824,0.9127437402696704,-0.5657153344267779,0.6128338619905314
I2606.AG,UnitedKingdom,England_N.AG,5065.0,0.5746792554855347,0.9267738095619461,-0.6358021584635892,0.5672017418059978
I2634.AG,UnitedKingdom,Scotland_N.AG,5567.0,0.4101213812828064,0.9101334703987781,-0.558651269069151,0.5889755069631931
I2636.AG,UnitedKingdom,Scotland_N.AG,5397.0,0.7241959571838379,0.9065259092810773,-0.5603635214946473,0.5982017918592025
I2657.AG,UnitedKingdom,Scotland_N.AG,5814.0,0.1255680173635482,0.947545724210992,-0.6378865369081079,0.5774423862586147
I2658.AG,UnitedKingdom,Scotland_N_1d.rel.or_dup.I2657.AG,5800.0,0.0837047100067138,0.9312272808170623,-0.5674599014387008,0.597028194436206
I2683.AG,Turkey,Turkey_Mediterranean_Isparta_BA.AG,4479.0,0.8039095997810364,-0.6946860446286222,0.5386117704932442,0.9302758201929049
I2786.AG,Hungary,Hungary_EBA_BellBeaker.AG,4270.0,0.6737560629844666,0.5607484762733866,-0.07263414925862606,-1.1233956297336207
I2792.AG,Croatia,Croatia_Vucedol.AG,4676.0,0.1636268198490142,-0.2334247635125783,-0.22418592030932136,0.6299175543065076
I2794.AG,Hungary,Hungary_EN_Koros.AG,7564.0,0.837979793548584,0.3690677037657747,-0.07705063028821227,-0.7292156319396262
I2796_enhanced.AG,UnitedKingdom,Scotland_N.AG,5571.0,0.0604689493775367,0.9310287276798916,-0.6452754864859761,0.6090063646889958
I2824.AG,UnitedKingdom,Scotland_LIA.AG,1908.0,0.110850416123867,0.9574744219636837,-0.628147522926276,0.5829081193603544
I2937.AG,Greece,Greece_Peloponnese_N.AG,7360.0,0.6344766616821289,-0.6895987575759636,-0.02560320717045601,2.1852904648603593
I3023.AG,UnitedKingdom,Wales_N.AG,5300.0,0.1062219142913818,0.9165868740909379,-0.5930300929108059,0.6005907569576869
I3082.AG,UnitedKingdom,England_MBA.AG,3386.0,0.5871989727020264,0.9503825577168687,-0.5877639627669405,0.5890167039119044
I3122.AG,Italy,Italy_Sicily_EBA.AG,4073.0,0.7524641156196594,-1.0179405058187878,0.17537021352911406,0.3865856911435343
I3123.AG,Italy,Italy_Sicily_EBA.AG,4121.0,0.7604161500930786,-1.0661608934873574,0.21425208560654177,0.3989051593678334
I3124.AG,Italy,Italy_Sicily_EBA.AG,3824.0,0.758721113204956,-1.0062584743576988,0.22829890424882973,0.3790697774782172
I3125.AG,Italy,Italy_Sicily_MBA_o2.AG,3490.0,0.7658061981201172,-1.051238661710961,0.2158245288959856,0.43316917747496836
I3137_enhanced.AG,UnitedKingdom,Scotland_N.AG,5350.0,0.2111397087574005,0.9642902657744474,-0.6125279338906189,0.6713013009868318
I3238.AG,Spain,Spain_C_oSteppe.AG,4300.0,0.1819607764482498,-1.1436142318437095,0.0911432049382754,-1.2680741014640096
I3276.AG,Spain,Spain_C.AG,4955.0,0.6160899996757507,-1.1320506371447614,0.07142676352745544,-1.262169229240669
I3277.AG,Spain,Spain_C.AG,4950.0,0.1002884805202484,-1.1794879432919785,0.0890202359240226,-1.2649782650501487
I3310.AG,Turkey,Turkey_Aegean_Bodrum_Halikarnassos_Ancient1.AG,2127.0,0.2089702188968658,-0.7012540991981356,0.5710980307011546,0.9522488449095341
I3323.AG,Spain,Spain_IA.AG,2226.0,0.2580873072147369,-1.104990744831574,0.07487139227490268,-1.2498011463662002
I3326.AG,Spain,Spain_IA_o.AG,2175.0,0.0824306011199951,-1.1459635337701568,0.061508070842513245,-1.2442384187730324
I3327.AG,Spain,Spain_IA.AG,2175.0,0.2105249464511871,-1.1185331708344735,0.06641003746386091,-1.2563753787657324
I3484.AG,Spain,Spain_EBA.AG,4074.0,0.0606433190405368,-1.1184460464072572,0.06577240450499049,-1.2673683903339992
I3492.AG,Spain,Spain_EBA.AG,3450.0,0.1187254339456558,-1.165348385240401,0.11698085187613459,-1.2899713619693598
I3584.AG,Spain,Spain_Visigoth_Granada_contam.AG,1400.0,0.0625403001904487,-1.1701424465196189,0.1371389278450421,-1.2669504423865687
I3593.AG,Germany,Germany_BellBeaker_1d.rel.I3590.AG,4207.0,0.1810881197452545,0.3082063577444253,0.11891071393188209,0.7948736292569405
I3596.AG,Germany,Germany_BellBeaker.AG,4175.0,0.0511470697820186,0.2723200214678214,0.10239948423336345,0.7414195594089695
I3599.AG,Germany,Germany_BellBeaker_brother.I3588.AG,4175.0,0.0959073454141616,0.35822942647735395,0.23846323889914045,0.8670153895595376
I3602.AG,Germany,Germany_BellBeaker.AG,4175.0,0.1754945069551468,0.2955727635813911,0.12632198247787982,0.7322175253031841
I3708.AG,Greece,Greece_Peloponnese_N.AG,6500.0,0.7215641736984253,-0.7038224783459555,-0.006288464118592471,2.149128615683034
I3709.AG,Greece,Greece_Peloponnese_N.AG,5860.0,0.7509896755218506,-0.7048004427492164,-0.00048595066160226155,2.180829837279352
I3718.AG,Ukraine,Ukraine_N.AG,7217.0,0.4259257614612579,0.07202922310928428,0.8159701181396308,0.18936785961151922
I3757.AG,Spain,Spain_IA_Celt_o.AG,2300.0,0.1068561300635337,-1.171425712698166,0.11461268886739011,-1.2695815672383952
I3758.AG,Spain,Spain_IA_Celt.AG,2226.0,0.733330488204956,-1.2112117984894866,0.0904108781822269,-1.2606491440959666
I3807.AG,Spain,Spain_NazariPeriod_Muslim.AG,400.0,0.1275704354047775,-1.0948644738571027,0.05612685168715249,-1.2987622372772456
I3832.AG,Israel,Israel_MLBA.AG,3300.0,0.2504247725009918,-1.4408967084052249,0.9754432175821888,1.9436117578707348
I3881.AG,NorthMacedonia,NorthMacedonia_N.AG,6700.0,0.0508226603269577,0.2720181494299548,-0.3295535221222794,1.3465600353144338
I3916.AG,Turkey,Turkey_Central_Gordion_Ancient.AG,2244.0,0.6004770398139954,-0.7384874603220362,0.5841412429658538,0.93770059587694
I3917.AG,Turkey,Turkey_Central_Gordion_Ancient.AG,2596.0,0.8238842487335205,-0.7416534275556163,0.599183050551566,0.992756529852583
I3920.AG,Greece,Greece_Peloponnese_N.AG,5734.0,0.80226731300354,-0.703652785183874,0.02876077471157547,2.2083017475539295
I3981.AG,Spain,Spain_Roman_oAfrica.AG,1450.0,0.4494242966175079,-1.1164940267114334,0.09547165269415192,-1.1927623470958195
I3982.AG,Spain,Spain_Roman.AG,1650.0,0.6939058899879456,-1.1452134576977522,0.08843143563139279,-1.2450628399641532
I3983.AG,Spain,Spain_Roman_oAfrica.AG,1550.0,0.5616664290428162,-1.1126817190675053,0.06138150276369151,-1.1888238918485643
I3997.AG,Spain,Spain_EBA.AG,3642.0,0.8298071622848511,-1.1518190276441562,0.10105756589102913,-1.2660176437441542
I4029_enhanced.AG,Turkey,Turkey_Central_Gordion_IA.AG,2603.0,0.8826565742492676,-0.7124622352201614,0.5775313082680177,0.9771730721812468
I4030.AG,Turkey,Turkey_Central_Gordion_Ancient.AG,2127.0,0.6797925233840942,-0.7022957373199257,0.5709886389928042,0.9663391899502823
I4062.AG,Italy,Italy_Sicily_MN.AG,6815.0,0.7781418561935425,-0.9548701221554682,0.19145076114815301,0.4146151790512499
I4063.AG,Italy,Italy_Sicily_MN.AG,6832.0,0.8821772336959839,-1.0487715829651627,0.20893400533292253,0.4259456922429538
I4065.AG,Italy,Italy_Sicily_MN.AG,6815.0,0.7638702988624573,-1.0360882471910118,0.3050653113474371,0.411956834960141
I4067_enhanced.AG,Netherlands,Netherlands_BellBeaker.AG,3770.0,0.1197878718376159,0.5418361440625938,0.5862491535537603,-0.20021212999015947
I4074.AG,Netherlands,Netherlands_LNB_BellBeaker.AG,4030.0,0.6620351672172546,0.5380731571272618,0.5627734110623456,-0.21677646821462684
I4081.AG,Romania,Romania_IronGates_Mesolithic.AG,9361.0,0.268147200345993,-0.3960185351205507,0.20646642580397503,-0.009553741126421789
I4132.AG,Germany,Germany_Lech_BellBeaker_father.or.son.I4132.AG,4200.0,0.2336885333061218,0.3640562371226718,0.05477767446530178,0.7962745921206302
I4229.AG,Portugal,Portugal_LN_C.AG,4158.0,0.7403255105018616,-1.6551740488445998,0.24033637078747838,-0.5034996445204616
I4246.AG,Spain,Spain_BellBeaker_oAfrica.AG,4209.0,0.5912346243858337,-1.100456653337944,0.08140284685820065,-1.1173292392341938
I4249.AG,Germany,Germany_BellBeaker.AG,4186.0,0.094780832529068,0.27700322830629964,0.11465888515277113,0.7554357004306538
I4250.AG,Germany,Germany_BellBeaker.AG,4220.0,0.0798361375927925,0.3096665081414937,0.10675056010082974,0.7740708162749883
I4304.AG,France,France_MN_1.AG,6637.0,0.706816554069519,-0.3613667297136814,0.009170911929151015,-0.489763763945352
I4305.AG,France,France_MN_1.AG,6680.0,0.6723895072937012,-0.35695756835355014,-0.011101800114305277,-0.5144334381746213
I4308.AG,France,France_MN_1.AG,5450.0,0.052868865430355,-0.3047953227720875,-0.029649269932794868,-0.4783902252045437
I4329.AG,Spain,Spain_EBA_Mallorca.AG,4333.0,0.2341848760843277,-1.1622916108358226,0.08269757554342755,-1.2194986446315061
I4420.AG,Spain,Spain_Formentera_MBA.AG,3748.0,0.1388574093580246,-1.156660149701749,0.07503342067888627,-1.2619315627884384
I4420_enhanced.AG,Spain,Spain_Formentera_MBA.AG,3748.0,0.6468058228492737,-1.1494436889697879,0.0968108718114676,-1.2475150862562512
I4472.AG,Turkey,Turkey_BlackSea_Samsun_Ancient_A.AG,2127.0,0.670356273651123,-0.7229437912625709,0.5615005234281594,0.9944552669552031
I4473.AG,Turkey,Turkey_BlackSea_Samsun_Ancient_B.AG,2127.0,0.6764113306999207,-0.6929324655136131,0.530858384600356,0.9366783384605425
I4474.AG,Turkey,Turkey_Southeast_Mardin_Roman_Byzantine.AG,1308.0,0.6676085591316223,-0.7939135472410804,0.5641159175242602,0.9504615330393883
I4475.AG,Turkey,Turkey_Southeast_Mardin_Roman_Byzantine.AG,1228.0,0.7074110507965088,-0.7454324177934079,0.5638914237600278,1.021004541015733
I4478.AG,Turkey,Turkey_Southeast_Sirnak_BA_sibling.I4481.AG,4700.0,0.5453478693962097,-0.696102991906624,0.5457365526796405,0.9407240176375328
I4480.AG,Turkey,Turkey_Southeast_Sirnak_Chalcolithic_C.AG,5193.0,0.3029473423957824,-0.728920978633525,0.5566067022011583,0.944570788245879
I4481.AG,Turkey,Turkey_Southeast_Sirnak_BA.AG,4711.0,0.5767465829849243,-0.7523208951018662,0.5500112996731044,0.9691781061598526
I4483.AG,Turkey,Turkey_Southeast_Sirnak_Chalcolithic_A.AG,5176.0,0.5063028335571289,-0.7046910790823223,0.5806084774408847,0.9231704939393529
I4518.AG,Israel,Israel_MLBA.AG,3375.0,0.2093035578727722,-1.4354517450205233,0.9763835569812119,1.934009216432858
I4519.AG,Israel,Israel_MLBA.AG,3425.0,0.1052000299096107,-1.4353062971086987,0.9933321720500383,1.9157019440969267
I4521.AG,Israel,Israel_IBA.AG,4194.0,0.447827398777008,-1.4177746447722308,0.9537992944637383,1.9103178266492906
I4525.AG,Israel,Israel_MLBA.AG,3500.0,0.1708432883024215,-1.421373984987843,0.9716388464684788,1.9064434893237856
I4529.AG,Turkey,Turkey_BlackSea_Samsun_Ancient_C.AG,1716.0,0.6613855361938477,-0.6816217475188742,0.5791408850809409,0.8967738669276014
I4530.AG,Turkey,Turkey_BlackSea_Samsun_Ancient_A.AG,1648.0,0.6592996120452881,-0.7100105551030635,0.5520062753867642,0.9322036945850624
I4531.AG,Turkey,Turkey_BlackSea_Samsun_Ancient_C.AG,1665.0,0.6642257571220398,-0.7329175298357913,0.5726473629170388,0.9267106461432013
I4532.AG,Turkey,Turkey_Southeast_Mardin_Roman_Byzantine.AG,1222.0,0.72298264503479,-0.7524514620002748,0.5720340790978171,1.0077173742466425
I4533.AG,Turkey,Turkey_Southeast_Mardin_Roman_Byzantine.AG,1116.0,0.6748095750808716,-0.6496288723681347,0.5233982736602553,0.9058225628345997
I4534.AG,Turkey,Turkey_Southeast_Mardin_Roman_Byzantine.AG,1200.0,0.7076292037963867,-0.691401867434824,0.5362879170283654,0.9476509867758859
I4539.AG,Turkey,Turkey_Southeast_Mardin_PostMedieval.AG,437.0,0.6630781888961792,-0.7278046087160679,0.5438579370821014,0.9495937873441571
I4540.AG,Turkey,Turkey_Southeast_Mardin_PostMedieval.AG,410.0,0.7037768363952637,-0.7157008682428342,0.5793734392577622,0.913127768694222
I4550.AG,Latvia,Latvia_Mesolithic.AG,8489.0,0.6591041684150696,0.14787535985418085,0.023573848829994002,0.04125249764815769
I4551.AG,Latvia,Latvia_Mesolithic.AG,7670.0,0.6028419733047485,0.16946693067581145,0.02229075888812397,0.024701481512782446
I4552.AG,Latvia,Latvia_Mesolithic.AG,7369.0,0.6364718079566956,0.17185788932770993,0.014433726981513809,0.04910063700625553
I4553.AG,Latvia,Latvia_Mesolithic.AG,7370.0,0.4386182427406311,0.16414126330698042,0.014469610914997726,0.02626267077260021
I4554.AG,Latvia,Latvia_MN_o3.AG,5946.0,0.6185247302055359,0.21030987894462239,0.019018974037578053,0.0294701604095332
I4558.AG,Spain,Spain_EBA_oNorthEurope_1d.rel.I4560.AG,3550.0,0.5460858941078186,-1.1148044058310707,0.06121852695502853,-1.2548776997193993
I4559.AG,Spain,Spain_EBA.AG,3550.0,0.3060056865215301,-1.1782595446550421,0.10956350428192194,-1.2786545844883244
I4560.AG,Spain,Spain_EBA.AG,3550.0,0.7444162964820862,-1.1627236022063567,0.08100618605309433,-1.2558277500440034
I4561.AG,Spain,Spain_EBA.AG,3550.0,0.763067364692688,-1.153184796809108,0.08705750549856608,-1.2535164046064542
I4562.AG,Spain,Spain_EBA.AG,3614.0,0.6129894852638245,-1.103938941339425,0.0631442975568737,-1.2468382683951649
I4563.AG,Spain,Spain_EBA_1d.rel.I4561.AG,3550.0,0.3593116998672485,-1.1895862207610264,0.08794395333528111,-1.2104211171316899
I4565.AG,Spain,Spain_C.AG,4915.0,0.577446460723877,-1.1510192529010572,0.07696339404466267,-1.2438446294537981
I4582.AG,Romania,Romania_IronGates_Mesolithic.AG,8618.0,0.7949607968330383,-0.41250876920260615,0.23777507155341512,0.009898303819450059
I4595.AG,Latvia,Latvia_Mesolithic.AG,7637.0,0.6694252490997314,0.1628280087905428,0.038275583120167794,0.032087169609608585
I4596.AG,Latvia,Latvia_Mesolithic.AG,7970.0,0.7004711031913757,0.17846724362765617,0.020309432587252763,0.03042995650956275
I4607.AG,Romania,Romania_IronGates_Mesolithic.AG,8927.0,0.2748105525970459,-0.38325620767270374,0.22441328931881885,0.01914487865420013
I4613.AG,Turkey,Turkey_Southeast_Mardin_Roman_Byzantine.AG,1350.0,0.6675841808319092,-0.7372195435691713,0.5505504303211767,0.9944520793576599
I4614.AG,Turkey,Turkey_Southeast_Sirnak_BA.AG,4955.0,0.2920764088630676,-0.7661816848655577,0.5517458169095691,0.9770436275898021
I4615.AG,Turkey,Turkey_Southeast_Sirnak_BA.AG,4991.0,0.6484529972076416,-0.7139141374149595,0.5889825055193948,0.9741834304446841
I4619.AG,Turkey,Turkey_Southeast_Sirnak_BA.AG,4635.0,0.4922251403331756,-0.7081290891333936,0.5446284803361934,0.9349251010746215
I4626.AG,Latvia,Latvia_Mesolithic.AG,7677.0,0.3253445029258728,0.1680738513374277,0.018564248156076463,0.031139481751780926
I4627.AG,Latvia,Latvia_MN.AG,6071.0,0.5831098556518555,0.14719497446810353,0.020142940848903824,0.01811339722711602
I4628.AG,Latvia,Latvia_Mesolithic.AG,7033.0,0.609142005443573,0.146056106326198,0.028655084626215594,0.03797611624056807
I4629.AG,Latvia,Latvia_LN_CordedWare.AG,4842.0,0.2183261662721634,0.18945031588607006,0.015277519273532564,0.034066963102793384
I4630.AG,Latvia,Latvia_Mesolithic_oEHG.AG,9218.0,0.6492948532104492,0.1681495573064077,0.030345195758206895,0.04111791765987576
I4632.AG,Latvia,Latvia_Mesolithic.AG,8316.0,0.6704892516136169,0.18655970854070883,0.01744026929239052,0.022938363647509747
I4655.AG,Romania,Romania_IronGates_Mesolithic.AG,8764.0,0.0510327145457267,-0.3967702490523019,0.22357429143827243,-0.014167527957902245
I4660.AG,Serbia,Serbia_IronGates_Mesolithic.AG,9713.0,0.0675872862339019,-0.28747040307384875,0.8856184066973866,-0.09749060306405226
I4803.AG,Slovakia,Slovakia_Medieval_2.AG,1130.0,0.668697714805603,0.5618314933790362,-0.8172522230839986,0.3210974299546542
I4870.AG,Serbia,Serbia_IronGates_Mesolithic.AG,8740.0,0.5300090312957764,-0.3244421311170247,0.8257852791660513,-0.06354877871584541
I4871.AG,Serbia,Serbia_IronGates_Mesolithic.AG,9750.0,0.4393424987792969,-0.3018290983157481,0.8397821755788186,-0.09082549252294875
I4872.AG,Serbia,Serbia_IronGates_Mesolithic.AG,9750.0,0.2917292714118957,-0.30315959316949653,0.8121325483222137,-0.06953448797225802
I4873.AG,Serbia,Serbia_IronGates_Mesolithic.AG,7867.0,0.6853933930397034,-0.29224980580995585,0.83530437720798,-0.08333441819969896
I4874.AG,Serbia,Serbia_IronGates_Mesolithic.AG,8499.0,0.6835718750953674,-0.28806122386749705,0.8418993778909154,-0.06771103211129417
I4875.AG,Serbia,Serbia_IronGates_Mesolithic.AG,8458.0,0.6961686611175537,-0.30617367871383705,0.8652569415528961,-0.08006331181923235
I4876.AG,Serbia,Serbia_IronGates_Mesolithic.AG,8455.0,0.6847438216209412,-0.2847760495966411,0.8341253608551841,-0.0730260816920388
I4877.AG,Serbia,Serbia_IronGates_Mesolithic.AG,8505.0,0.6977038979530334,-0.30160068189836603,0.8254716079097354,-0.06673007011592504
I4878.AG,Serbia,Serbia_IronGates_Mesolithic.AG,7803.0,0.6917340159416199,-0.31460708461582326,0.8069245460677569,-0.08391876704759275
I4880.AG,Serbia,Serbia_IronGates_Mesolithic.AG,7813.0,0.7011094093322754,-0.33038152132600174,0.8249202189388943,-0.0663181697895589
I4881.AG,Serbia,Serbia_IronGates_Mesolithic.AG,8869.0,0.7135650515556335,-0.2672538548088092,0.8018752987361664,-0.07357619285007738
I4882.AG,Serbia,Serbia_IronGates_Mesolithic_brother.I4880.AG,7825.0,0.720166802406311,-0.31970832645679903,0.8303470246903348,-0.08476974026796232
I4884.AG,Czechia,Czechia_EBA.AG,3758.0,0.723978579044342,1.7346732252227166,-0.1252668197135822,0.15883763376634474
I4885.AG,Czechia,Czechia_BellBeaker.AG,4170.0,0.6928872466087341,1.7173073059067043,-0.15794006260976096,0.19599075697470664
I4886.AG,Czechia,Czechia_BellBeaker.AG,4088.0,0.7167758941650391,1.77970808995994,-0.17007935897450135,0.17800921794020708
I4887.AG,Czechia,Czechia_BellBeaker_brother.I4888.AG,4071.0,0.6924874186515808,1.754175975150547,-0.10689396424187343,0.19751721968383254
I4888.AG,Czechia,Czechia_BellBeaker.AG,4038.0,0.7056470513343811,1.8059101405571767,-0.18782556126746613,0.18284652130999712
I4889.AG,Czechia,Czechia_BellBeaker.AG,4131.0,0.7180159687995911,1.7910036870503103,-0.15825585958517435,0.19075550722214146
I4891.AG,Czechia,Czechia_BellBeaker.AG,4131.0,0.712317705154419,1.7385675747947804,-0.16068400735329877,0.173652329322806
I4892.AG,Czechia,Czechia_EBA.AG,3754.0,0.6897534728050232,1.743774402227306,-0.13176155154253125,0.14907180678650617
I4893.AG,Czechia,Czechia_N.AG,6345.0,0.7088302969932556,1.6903380424292558,-0.15190950123495336,0.19902048232873806
I4894.AG,Czechia,Czechia_N.AG,6371.0,0.6974719762802124,1.646130248701609,-0.16384421649266345,0.24938212261718432
I4895.AG,Czechia,Czechia_BellBeaker.AG,4106.0,0.6901451945304871,1.7709591126139377,-0.14698680668172656,0.16694438074507534
I4896.AG,Czechia,Czechia_BellBeaker.AG,4163.0,0.6874485611915588,1.7211380891004264,-0.14731936086804673,0.17488048338386517
I4914.AG,Serbia,Serbia_IronGates_Mesolithic.AG,8088.0,0.6992570161819458,-0.3046179076038422,0.8286119168086765,-0.07773292100840033
I4915.AG,Serbia,Serbia_IronGates_Mesolithic.AG,8115.0,0.7082147598266602,-0.30478347258712385,0.8555550770891234,-0.07931085953080841
I4916.AG,Serbia,Serbia_IronGates_Mesolithic.AG,8763.0,0.6828532814979553,-0.30771570529227243,0.8881418625308455,-0.08373868985681088
I4917.AG,Serbia,Serbia_IronGates_Mesolithic.AG,8058.0,0.6758825778961182,-0.3036333947861261,0.8422570622638564,-0.07371598806049415
I4918.AG,Serbia,Serbia_EN_Starcevo.AG,7600.0,0.6984289884567261,-0.2754752177518292,0.8766422399933648,-0.09047147746896571
I4945.AG,Czechia,Czechia_BellBeaker.AG,4177.0,0.4510544538497925,1.7708000310268701,-0.1330595458225728,0.21424608189972294
I4946.AG,Czechia,Czechia_BellBeaker.AG,4188.0,0.3202650845050812,1.7001792577278576,-0.10084817288631322,0.1866349890088159
I4949.AG,UnitedKingdom,England_N.AG,5417.0,0.0654834955930709,0.9551558657886504,-0.5932181905277307,0.6147445073966396
I4950.AG,UnitedKingdom,England_BellBeaker.AG,4250.0,0.6608884334564209,0.9514363813971091,-0.5823344244745817,0.6380001001777736
I4951.AG,UnitedKingdom,England_BellBeaker.AG,4250.0,0.1546520590782165,0.9640069770539247,-0.671866395963046,0.5940962741154299
I4971.AG,Hungary,Hungary_EN_Koros_oMesolithic.AG,7599.0,0.3377304077148437,0.5533420979771259,-0.10633740570416592,-0.934715515433724
I4996.AG,Hungary,Hungary_IA_LaTene.AG,2235.0,0.6249552965164185,0.5846430479349114,-0.09321808375932113,-1.0047510304986815
I4998.AG,Hungary,Hungary_IA_LaTene_o.AG,2250.0,0.2597296237945556,0.5279416053276811,-0.07062725120386218,-1.02463511307405
I5014.AG,Germany,Germany_BellBeaker.AG,4200.0,0.0936243161559104,0.32524760448702517,0.12383974830807944,0.793493856346341
I4131.AG,Hungary,Hungary_EBA_BellBeaker.AG,4305.0,0.1133864745497703,0.5833320023248288,-0.08756192581058092,-1.0825405112905335
I4124.AG,Germany,Germany_Lech_BellBeaker_oEEF.AG,4278.0,0.180037036538124,0.2333831723319414,0.06254580081409909,0.769073421770759
I4143.AG,Germany,Germany_BellBeaker.AG,4267.0,0.1009397283196449,0.28169303477135815,0.05537733812737257,0.754782862214663
I4144.AG,Germany,Germany_BellBeaker.AG,4411.0,0.0842229574918747,0.24998828529024603,0.11137784265750336,0.7028227346951196
I4134.AG,Germany,Germany_BellBeaker.AG,4200.0,0.0567414946854114,0.30150285633675455,0.12586384572785597,0.7761711098064433
I5023.AG,Germany,Germany_BellBeaker.AG,4200.0,0.4569278657436371,0.35016428607605043,0.14715769734882309,0.7640126254203141
I4145.AG,Czechia,Czechia_BellBeaker.AG,4089.0,0.0796560943126678,1.7557131500472125,-0.10698226005840326,0.18497387618360525
I4136.AG,Czechia,Czechia_BellBeaker.AG,4250.0,0.2121632099151611,1.7141462325215129,-0.14445949865625388,0.1626895299713109
I5026.AG,Czechia,Czechia_EarlySlav.AG,1250.0,0.454113632440567,1.6840464355827385,-0.13178595924050768,0.20032092041513283
I4139.AG,Czechia,Czechia_EBA_Starounetice.AG,4150.0,0.593207061290741,1.7698811887705534,-0.13562753322620846,0.1635554767408873
I5042.AG,Czechia,Czechia_EBA_Protounetice.AG,4100.0,0.0608379617333412,1.7483042230718844,-0.1271391511436352,0.19884777890341648
I4141.AG,Czechia,Czechia_EBA_Unetice.AG,4250.0,0.2494969666004181,1.7639466730620357,-0.1742920734132424,0.1874118069494822
I4130.AG,Czechia,Czechia_EBA_Unetice.AG,4250.0,0.1954367011785507,1.7606265309469347,-0.13636784664062895,0.1969883239810287
I5068.AG,Austria,Austria_EN_LBK.AG,7025.0,0.2816028594970703,0.08526132825262553,-0.22590784769514857,-0.14793046434627044
I5069.AG,Austria,Austria_EN_LBK.AG,6961.0,0.7212145924568176,0.08127432698022011,-0.22336157718418173,-0.14364121143332068
I5071.AG,Croatia,Croatia_EN_Impressa.AG,7582.0,0.4320797920227051,-0.23442593560921973,-0.2109485150419439,0.6589407718286823
I5072.AG,Croatia,Croatia_EN_Impressa.AG,7545.0,0.5491629242897034,-0.210389650749812,-0.24873220655545636,0.6045043315195321
I5073.AG,Croatia,Croatia_MBA.AG,3573.0,0.7053405046463013,-0.24055742299164795,-0.25215735355723906,0.6640283196348132
I5074.AG,Croatia,Croatia_MBA.AG,3385.0,0.8429700136184692,-0.22263031833061106,-0.219385322128173,0.614505271663848
I5076.AG,Portugal,Portugal_C.AG,5146.0,0.6908150911331177,-1.6459278406548417,0.2311498414412676,-0.49526998224052604
I5077.AG,Croatia,Croatia_MN_Sopot.AG,7001.0,0.71990966796875,-0.20383395238182078,-0.20653067088811455,0.6051561093785743
I5078.AG,Croatia,Croatia_MN_Sopot.AG,6571.0,0.7265859842300415,-0.18589806723191182,-0.1777230605629642,0.6422704440656622
I5079.AG,Croatia,Croatia_N_Starcevo.AG,5421.0,0.6962659955024719,-0.21202875044910047,-0.21899280192626874,0.6796801305242749
I5080.AG,Croatia,Croatia_MBA.AG,3631.0,0.7152357697486877,-0.2664947485868591,-0.266748123926632,0.6649729373662295
I5117.AG,Hungary,Hungary_LateC_Baden.AG,5100.0,0.2910812795162201,0.549578794451945,-0.10938754117082106,-1.01520365045565
I5118.AG,Hungary,Hungary_LateC_Baden.AG,5100.0,0.5868697166442871,0.5138466957406179,-0.07975861731860069,-1.0360437695552092
I5119.AG,Hungary,Hungary_LateC_Baden.AG,5097.0,0.5889321565628052,0.4904343626018296,-0.1536995754778225,-1.0467709284879627
I5205.AG,Austria,Austria_N_LBK.AG,7100.0,0.7096194624900818,0.04679522747004047,-0.21918215786605003,-0.12775237244920032
I5206.AG,Austria,Austria_N_LBK.AG,7100.0,0.6926625967025757,0.07726511119162251,-0.21133917475470526,-0.15269046955457619
I5232.AG,Serbia,Serbia_IronGates_Mesolithic_o.AG,7901.0,0.705461323261261,-0.29761629590290867,0.843780615524519,-0.076561020317927
I5233.AG,Serbia,Serbia_IronGates_Mesolithic.AG,8001.0,0.7065091729164124,-0.3038534362981679,0.8397382470564595,-0.0765861127172839
I5234.AG,Serbia,Serbia_IronGates_Mesolithic.AG,9500.0,0.6102790236473083,-0.2806571060676148,0.8313492682528218,-0.09981639443381124
I5235.AG,Serbia,Serbia_IronGates_Mesolithic.AG,10835.0,0.7115464210510254,-0.2979588041456195,0.8192406327797106,-0.07777152976767149
I5236.AG,Serbia,Serbia_IronGates_Mesolithic.AG,10038.0,0.713414192199707,-0.32047799581442904,0.8324635883536464,-0.0674861779005948
I5237.AG,Serbia,Serbia_IronGates_Mesolithic.AG,9500.0,0.7151911854743958,-0.2934691996856407,0.847732114007882,-0.07305298764061623
I5238.AG,Serbia,Serbia_IronGates_Mesolithic.AG,9993.0,0.7055148482322693,-0.287346911944934,0.8674908473523396,-0.08370773934205744
I5239.AG,Serbia,Serbia_IronGates_Mesolithic.AG,10333.0,0.6934201121330261,-0.2963690634540524,0.8671706118213327,-0.07648498262766204
I5240.AG,Serbia,Serbia_IronGates_Mesolithic.AG,10805.0,0.702471911907196,-0.30525657842128756,0.8437151164148863,-0.06957176046723466
I5241.AG,Serbia,Serbia_IronGates_Mesolithic_daughter_I5236.AG,11198.0,0.7006008625030518,-0.31442239295067737,0.8413281707211464,-0.07414764436655254
I5242.AG,Serbia,Serbia_IronGates_Mesolithic.AG,10530.0,0.7163906693458557,-0.32269338091752925,0.8523017545487179,-0.07290721812104771
I5244.AG,Serbia,Serbia_IronGates_Mesolithic.AG,10785.0,0.6929578185081482,-0.29041725638007215,0.8518205141896421,-0.0942057195164711
I5287.AG,Slovakia,Slovakia_IA_Vekerzug.AG,2525.0,0.8521345853805542,0.5679696196139783,-0.838282188890143,0.32961627924327264
I5288.AG,Slovakia,Slovakia_IA_Vekerzug.AG,2525.0,0.7304375767707825,0.5730376461725977,-0.8173869641454968,0.33061874088220494
I5377.AG,UnitedKingdom,England_C_EBA.AG,3758.0,0.7099527716636658,0.9214703914492269,-0.5433191055281477,0.5703583920806438
I5383.AG,UnitedKingdom,England_LBA_lowEEF.AG,2945.0,0.2547880709171295,0.9697959569499559,-0.6207920346046136,0.5945042232262306
I5471_enhanced.AG,UnitedKingdom,Scotland_C_EBA_mediumhighEEF.AG,4063.0,0.6372771263122559,0.8783792405907517,-0.6655232929783622,0.6001827929203457
I5502.AG,UnitedKingdom,England_EastYorkshire_LIA.AG,2054.0,0.7225155234336853,1.0138104008848414,-0.5671883890347079,0.6161618678310751
I5503.AG,UnitedKingdom,England_EastYorkshire_MIA_LIA.AG,2065.0,0.7236930727958679,0.931779563453718,-0.5602639402539126,0.4986752807202047
I5506.AG,UnitedKingdom,England_EastYorkshire_MIA.AG,2202.0,0.7126713395118713,0.931304395868349,-0.6323989253459459,0.6208581225971541
I5508.AG,UnitedKingdom,England_EastYorkshire_MIA_LIA.AG,2175.0,0.7202438116073608,0.9273615831364366,-0.49462932854422925,0.5986274981919213
I5512.AG,UnitedKingdom,England_BellBeaker.AG,4250.0,0.736334502696991,0.9758536001815681,-0.5979827614365943,0.6121439052567378
I5513.AG,UnitedKingdom,England_BellBeaker.AG,4250.0,0.6927631497383118,0.9147084580403763,-0.6436920368170757,0.49940561328038413
I5514.AG,Czechia,Czechia_BellBeaker.AG,4155.0,0.7294870615005493,1.8056319381989028,-0.13344417384780596,0.18520753317232874
I5515.AG,UnitedKingdom,Scotland_C_EBA_oEEF.AG,3882.0,0.1461866199970245,0.9550401711851317,-0.6226394554539427,0.609432517549525
I5516.AG,UnitedKingdom,Scotland_C_EBA.AG,3641.0,0.2141713052988052,0.9334032784379706,-0.6134238449728635,0.5840557546661365
I5519.AG,Germany,Germany_Lech_BellBeaker.AG,4200.0,0.6177534461021423,0.3166656530647582,0.08740584610091694,0.7764278498333093
I5520.AG,Germany,Germany_Lech_BellBeaker.AG,4250.0,0.2359066754579544,0.2683644451095449,0.129395518905645,0.7773829702879179
I5521.AG,Germany,Germany_Lech_BellBeaker.AG,4250.0,0.5804148316383362,0.3385449821200284,0.07800285571827402,0.8050396697543258
I5523.AG,Germany,Germany_BellBeaker.AG,4250.0,0.4617007374763489,0.25923512969918966,0.15453266295012047,0.7259857324693083
I5524.AG,Germany,Germany_BellBeaker.AG,4250.0,0.4967214465141296,0.29293228524226733,0.10892548076569533,0.7786743714373275
I5525.AG,Germany,Germany_BellBeaker.AG,4250.0,0.6651965379714966,0.23052992209968415,0.15472515577645615,0.8086478703658067
I5529.AG,Germany,Germany_BellBeaker.AG,4250.0,0.3858556151390075,0.2906104373449614,0.091246362956965,0.7661552055945627
I5531.AG,Germany,Germany_BellBeaker.AG,4250.0,0.5279839038848877,0.26595616489805635,0.09327647285708904,0.7392880627212322
I5684.AG,Slovenia,Slovenia_EIA_daughter.I22934.sister.I22935.sister.I5685.sister.I5686.AG,2617.0,0.8584662079811096,2.579262406192157,0.5864055776089888,0.49803583983481103
I5685.AG,Slovenia,Slovenia_EIA.AG,2597.0,0.8736039400100708,2.577988806783882,0.5920705302482396,0.4909961560095493
I5687.AG,Slovenia,Slovenia_EIA.AG,2611.0,0.9016003608703612,2.5767106960726496,0.6025099522486813,0.4768626109329803
I5723.AG,Croatia,Croatia_EIA.AG,2374.0,0.6070820093154907,-0.22018108678777792,-0.21723760373394427,0.6190636075105648
I5724.AG,Croatia,Croatia_EIA.AG,2232.0,0.5852484703063965,-0.22495586999264272,-0.23785769971598844,0.6461940908660777
I5725.AG,Croatia,Croatia_EIA.AG,2554.0,0.5407347679138184,-0.21951365125942374,-0.20818483146388972,0.6153287340189963
I5726.AG,Croatia,Croatia_EIA.AG,2407.0,0.5320535898208618,-0.23976078912480067,-0.20771110439072296,0.6298784340811069
I5727.AG,Croatia,Croatia_EIA.AG,2586.0,0.5253586173057556,-0.19885559573925396,-0.21184444966147759,0.6007840444042795
I5728.AG,Croatia,Croatia_EIA.AG,2224.0,0.5297389626502991,-0.23960442389892872,-0.2209202975329432,0.6037748713587986
I5729.AG,Croatia,Croatia_EIA.AG,2920.0,0.5570589900016785,-0.25549868501587647,-0.18872793662047732,0.6355737697598005
I5733.AG,Turkey,Turkey_Aegean_Izmir_Yassitepe_EBA.AG,4729.0,0.4822950065135956,-0.7486089521066563,0.5417050232467471,0.9989773804277464
I5735.AG,Turkey,Turkey_Aegean_Izmir_Yassitepe_EBA.AG,4925.0,0.327938973903656,-0.7179953993101349,0.5545493252592879,0.9493503300357722
I5740.AG,Turkey,Turkey_BlackSea_Amasya_EBA.AG,4621.0,0.694158136844635,-0.7046783874259737,0.5465315234142337,0.9609900065123255
I5741.AG,Turkey,Turkey_BlackSea_Amasya_EBA.AG,5166.0,0.3040689826011657,-0.6874272592434584,0.5517232669756482,0.9135678443642273
I5742.AG,Turkey,Turkey_BlackSea_Amasya_EBA.AG,4942.0,0.6007090210914612,-0.675527445292751,0.5484254875409865,0.8925861478199894
I5743.AG,Turkey,Turkey_BlackSea_Amasya_EBA.AG,4924.0,0.5880173444747925,-0.7141314552566295,0.5324233728854917,0.9316189174248565
I5748.AG,Netherlands,Netherlands_LNB_BellBeaker.AG,4383.0,0.5396326184272766,0.5261890019344623,0.5489220391728794,-0.19672942588979125
I5750.AG,Netherlands,Netherlands_LNB_BellBeaker.AG,4050.0,0.5447850227355957,0.5111854933158441,0.5809837642026894,-0.20151892669556412
I5755.AG,Switzerland,Switzerland_BellBeaker.AG,4175.0,0.1036647632718086,1.6263912357562258,-1.9235540700885931,-1.3665365692748306
I5757.AG,Switzerland,Switzerland_BellBeaker.AG,4175.0,0.0646019130945205,1.6182926625346898,-1.9084066426507724,-1.3584938084379274
I5759.AG,Switzerland,Switzerland_BellBeaker.AG,4175.0,0.1059194058179855,1.6268340874430685,-1.9179023196675857,-1.3834902039770525
I5769.AG,Bulgaria,Bulgaria_Dzhulyunitsa_IA.SG,2592.0,0.6012750864028931,0.6656869198994015,0.45760756043726203,0.3318947800998888
I5770.AG,Serbia,Serbia_EN_Starcevo.AG,8061.0,0.1762252300977707,-0.31629498431306313,0.8697978447184743,-0.0687328681105225
I5771.AG,Serbia,Serbia_IronGates_Mesolithic.AG,9750.0,0.199488565325737,-0.3044137312343118,0.8629679095095003,-0.08005610094901956
I5772.AG,Serbia,Serbia_IronGates_Mesolithic.AG,10223.0,0.3821484446525574,-0.28745944844210125,0.8186196695485692,-0.05791645697681207
I5773.AG,Serbia,Serbia_IronGates_Mesolithic.AG,10040.0,0.0612118430435657,-0.3142905164981065,0.8345502156834205,-0.05836579354814551
I5833.AG,Germany,Germany_BellBeaker.AG,4200.0,0.5772712826728821,0.29498630184722463,0.11730630556500425,0.7992615935936318
I5834.AG,Germany,Germany_BellBeaker.AG,4200.0,0.5173506140708923,0.2702140715324325,0.15094010704485605,0.8146617223574517
I5835.AG,Germany,Germany_BellBeaker_father.or.son.I1533.AG,4200.0,0.540334939956665,0.2950059946854067,0.11449744561162507,0.7767895648261964
I5836.AG,Germany,Germany_BellBeaker.AG,4250.0,0.3624081909656524,0.3673244217779217,0.10649765260451026,0.7613521040369291
I5838.AG,Spain,Spain_C.AG,4550.0,0.6050982475280762,-1.0980440492363093,0.050917806734719455,-1.2564383751999004
I5869.AG,Ukraine,Ukraine_N_1d.rel.I5870.AG,7465.0,0.0887938737869262,0.06333447698554416,0.8234299589103197,0.18918150931691868
I5870.AG,Ukraine,Ukraine_N.AG,7363.0,0.1851578205823898,0.10764840132204576,0.7836247592918476,0.16794757636247912
I5872.AG,Ukraine,Ukraine_N.AG,7374.0,0.0843802914023399,0.07522602313598253,0.820388637784161,0.19463078606508025
I5875.AG,Ukraine,Ukraine_N.AG,7095.0,0.3835361003875732,0.07005510593523648,0.8306784670190676,0.19727791832150524
I5876.AG,Ukraine,Ukraine_Mesolithic.AG,8832.0,0.4057491719722748,0.07687617996615279,0.7914813365675836,0.16639197369665212
I5878.AG,Ukraine,Ukraine_N_father.or.son.I5883.AG,7139.0,0.050165731459856,0.06670174838628529,0.8297285927976048,0.17447480849258146
I5879.AG,Ukraine,Ukraine_N_1d.rel.ukr113_father.or.son.I3718.AG,7208.0,0.108770951628685,0.06436640685247497,0.8371763844221246,0.20065068896038651
I5881.AG,Ukraine,Ukraine_N.AG,7077.0,0.0618979670107364,0.08149483362909817,0.8246651054407176,0.169713935677147
I5882.AG,Ukraine,Ukraine_N_oHG.AG,5005.0,0.345924973487854,0.06920008473871485,0.8070568532923593,0.17676041375844723
I5883.AG,Ukraine,Ukraine_N.AG,7048.0,0.1436059474945068,0.0596250159781182,0.7995981365571808,0.1809513119945541
I5884.AG,Ukraine,Ukraine_EBA.AG,4735.0,0.5075372457504272,0.05228565463826286,0.8265564552064087,0.19763639478243472
I5885.AG,Ukraine,Ukraine_Mesolithic.AG,8099.0,0.1426440775394439,0.06507946603517614,0.8056126374913755,0.19696841157180978
I5886.AG,Ukraine,Ukraine_N.AG,7212.0,0.0711225271224975,0.05253120247389992,0.8341118057648164,0.18845449760762917
I5888.AG,Ukraine,Ukraine_N_father.or.son.I5875.AG,7349.0,0.0674445480108261,0.06273974222236352,0.7981574719664509,0.17986947500594944
I5890.AG,Ukraine,Ukraine_N.AG,7092.0,0.2527256309986114,0.052415608520459955,0.8014556319042704,0.1533578679090857
I5892.AG,Ukraine,Ukraine_N.AG,7069.0,0.1016380190849304,0.0721831570314611,0.8483662197124794,0.1532418986873148
I5893.AG,Ukraine,Ukraine_N_1d.rel.I5881.AG,7249.0,0.0560513138771057,0.0830848640188197,0.8286082438213515,0.16260386089146153
I6174.AG,Romania,Romania_EN_Starcevo.AG,7971.0,0.562736988067627,-0.3710959172916477,0.1996332860539803,-0.0009158385943508139
I6472.AG,Spain,Spain_C_oSteppe.AG,4200.0,0.1629188060760498,-1.1659502362633716,0.10081380595874538,-1.294865988560367
I6490.AG,Spain,Spain_Roman_oLocal.AG,1600.0,0.0766301751136779,-1.1580335797041703,0.06406581837124381,-1.2267605958159837
I6561.AG,Ukraine,Ukraine_MBA.AG,3985.0,0.6264135241508484,0.09786276953534757,0.8159741610776685,0.1875596604711545
I6573.AG,Turkey,Turkey_Central_Gordion_Ancient.AG,2127.0,0.4395371377468109,-0.670734323466374,0.5176145274257714,0.9033320736448024
I6574.AG,Turkey,Turkey_Central_Gordion_Ancient.AG,1747.0,0.45203498005867,-0.7401009955073271,0.5577530637865871,0.9438864425955836
I6609.AG,Spain,Spain_C.AG,4100.0,0.231394961476326,-1.1698928698181008,0.06294177814302228,-1.2561003933516774
I6662.AG,Romania,Romania_N.AG,6850.0,0.0548647902905941,-0.3993112434231515,0.1856798976205317,-0.0029922829605967386
I6663.AG,Romania,Romania_N.AG,6850.0,0.1971301138401031,-0.3980135375861815,0.1949066811796937,-0.004190862286155952
I6677.AG,Czechia,Czechia_C_Baalberge.AG,5550.0,0.7393393516540527,1.6994125826497648,-0.14025627095679688,0.20367214243225631
I6679.AG,UnitedKingdom,England_BellBeaker_o.AG,3936.0,0.1607663482427597,0.9439769437977984,-0.6350893792183444,0.6037051589375918
I6680.AG,UnitedKingdom,England_BellBeaker_mediumEEF.AG,3671.0,0.7545849084854126,0.897113970059724,-0.6358475240899715,0.5456102016612029
I6695.AG,Czechia,Czechia_EBA_CordedWare.AG,4575.0,0.6998677253723145,1.7326846818990682,-0.1215343668503197,0.21419089710169698
I6696.AG,Czechia,Czechia_EBA_CordedWare.SG,4575.0,0.7215017080307007,1.69105289220889,-0.14634833216174206,0.18347176751305966
I6744.AG,UnitedKingdom,England_Mesolithic_o1.AG,10393.0,0.0943080112338066,0.8847832954453866,-0.5863716118860811,0.5596295216153508
I6745.AG,UnitedKingdom,England_Mesolithic.AG,10546.0,0.079000785946846,0.8705106234385951,-0.5907208639415862,0.5901678044835538
I6746.AG,UnitedKingdom,England_N.AG,5526.0,0.5222240090370178,0.9102319021744891,-0.6508365956394315,0.6342180648166359
I6747.AG,UnitedKingdom,England_N.AG,5528.0,0.7129178643226624,0.8528287369639589,-0.5790833104542507,0.4968108409384792
I6750.AG,UnitedKingdom,England_N.AG,5650.0,0.3578307628631592,0.9217908280446615,-0.5625176561470401,0.6077927791963239
I6751.AG,UnitedKingdom,England_N.AG,5650.0,0.6174630522727966,0.9315985865223638,-0.6708137740289216,0.6135371858610066
I6753.AG,UnitedKingdom,England_N.AG,5305.0,0.6438983082771301,0.8499033179497852,-0.5546261981992122,0.41584027457524153
I6754.AG,UnitedKingdom,Wales_Mesolithic.AG,9580.0,0.3030186891555786,0.8178865060717236,-0.5074688879968609,0.5552279865261112
I6755.AG,UnitedKingdom,England_N.AG,5528.0,0.3681129217147827,0.898168860572468,-0.6290388229329216,0.6221007706348792
I6757.AG,UnitedKingdom,England_N.AG,5493.0,0.6967988014221191,0.9072979759481766,-0.6021610407441033,0.5302323444499925
I6759.AG,UnitedKingdom,England_N.AG,5527.0,0.6567570567131042,0.9613453478238688,-0.6107170800100045,0.5295926006708678
I6760.AG,UnitedKingdom,England_N.AG,5781.0,0.4685741364955902,0.923659322762251,-0.5751589091787497,0.6355998141100031
I6761.AG,UnitedKingdom,England_N.AG,5525.0,0.4659245312213897,0.9076933134402109,-0.5548520494008722,0.5726583982348219
I6762.AG,UnitedKingdom,England_N.AG,5700.0,0.5159369707107544,0.9473751902290803,-0.5546408940393743,0.6129565514066093
I6764.AG,UnitedKingdom,Scotland_N.AG,5100.0,0.2741787731647491,0.9063521172298928,-0.6197728283442288,0.5778675659775043
I6766.AG,UnitedKingdom,Scotland_N.AG,5100.0,0.5932257175445557,0.9123168517398199,-0.5878518660641637,0.6106783302066291
I6767.AG,UnitedKingdom,England_Mesolithic.AG,10280.0,0.6592890620231628,0.6081261202378854,-0.4356409280720908,0.461889102632705
I6769.AG,UnitedKingdom,England_IA.AG,2548.0,0.683173656463623,0.9503048432769687,-0.6888460151819766,0.6556383953728446
I6771.AG,UnitedKingdom,Wales_IA.AG,2042.0,0.1808853596448898,0.9149717788941338,-0.6110458284977607,0.6373601487258039
I6774.AG,UnitedKingdom,England_BellBeaker_lowEEF.AG,4121.0,0.5088251233100891,0.9116880378650254,-0.6200508093939625,0.6114927185124556
I6775.AG,UnitedKingdom,England_BellBeaker.AG,4150.0,0.5704076290130615,0.8918232284274589,-0.49854261071379574,0.652506956002832
I6776.AG,UnitedKingdom,England_BellBeaker.AG,4150.0,0.1933896839618683,0.9647039372220102,-0.6028644546118552,0.5921216239619232
I6777.AG,UnitedKingdom,England_C_EBA.AG,4050.0,0.6650716662406921,0.9152526619601347,-0.5772410551430796,0.5466757953079397
I6778.AG,UnitedKingdom,England_BellBeaker_o.AG,4150.0,0.4985567927360534,0.9347214234889017,-0.595399680803972,0.5980652208454044
I6923.AG,Israel,Israel_MLBA.AG,3725.0,0.0864192023873329,-1.4459255187853042,0.9789690768173874,1.9170104475749679
I7003.AG,Israel,Israel_MLBA.AG,3725.0,0.1111480593681335,-1.4289140129371218,0.9845614234266629,1.9173040932955507
I7040.AG,Hungary,Hungary_EBA_Protonagyrev.AG,4300.0,0.1253036260604858,0.5774910425600724,-0.10678327645979706,-1.0722150904185292
I7041.AG,Hungary,Hungary_EBA_Protonagyrev_brother.I7043.AG,4000.0,0.3262755572795868,0.574278926377622,-0.13354436449369186,-1.0591487181870327
I7042.AG,Hungary,Hungary_MN.AG,6086.0,0.665363609790802,0.6511746999266208,-0.12000541450058569,-1.0682363386074039
I7043.AG,Hungary,Hungary_EBA_Protonagyrev.AG,4011.0,0.6793375015258789,0.5910640475440935,-0.22986012892521843,-1.0941178895867762
I7044.AG,Hungary,Hungary_EBA_BellBeaker.AG,4300.0,0.6654350161552429,0.5449782997742936,-0.11364483371257789,-1.0798916887664571
I7045.AG,Hungary,Hungary_EBA_BellBeaker.AG,4231.0,0.6456160545349121,0.543670613184758,-0.06497963689757272,-1.0138486396720032
I7126.AG,Romania,Romania_N_o.AG,7162.0,0.7492013573646545,-0.3950006913626075,0.16885461703081325,-0.013976719275581818
I7127.AG,Romania,Romania_C_Bodrogkeresztur.AG,6006.0,0.7671257257461548,-0.3664407610645096,0.19829252240150713,-0.008350744552659817
I7128.AG,Romania,Romania_C_Bodrogkeresztur.AG,6046.0,0.7075902819633484,-0.4103109609771417,0.18713429034528867,0.009280803333281972
I7129.AG,Romania,Romania_C_Bodrogkeresztur.AG,6090.0,0.7069292664527893,-0.38663813599008345,0.18273193959652304,0.014058114779116948
I7130.AG,Romania,Romania_C_Bodrogkeresztur.AG,6078.0,0.765662670135498,-0.41424348683428386,0.1933600449743976,0.019233373303283147
I7131.AG,Romania,Romania_C_Bodrogkeresztur.AG,5900.0,0.6495592594146729,-0.43911705854112204,0.20161900474351294,-0.005427395863995172
I7132.AG,Romania,Romania_C_Bodrogkeresztur.AG,6086.0,0.7275697588920593,-0.40590383301874566,0.18298328293762914,-0.0017988387454252108
I7133.AG,Romania,Romania_C_Bodrogkeresztur.AG,6078.0,0.7646707892417908,-0.41395186626694613,0.1925036624793732,0.022883842833941917
I7134.AG,Romania,Romania_C_Bodrogkeresztur_brother.I11906.AG,5569.0,0.7706609964370728,-0.42675376790276237,0.17895459128483643,-0.008457351924651966
I7135.AG,Romania,Romania_C_Bodrogkeresztur.AG,5900.0,0.762228786945343,-0.37712530241183856,0.22068510453195161,0.028047246373794008
I7136.AG,Romania,Romania_C_Bodrogkeresztur.AG,6074.0,0.7768012285232544,-0.3887006960149801,0.20372579090827908,0.012232104052112567
I7137.AG,Romania,Romania_C_Bodrogkeresztur.AG,5972.0,0.7590471506118774,-0.41613410344056717,0.19648623404224616,0.008446660272486575
I7152.AG,Romania,Romania_BA_1.AG,4462.0,0.1458289623260498,-0.3998062269206964,0.17699750198774863,-0.016194451232748184
I7162.AG,Spain,Spain_EBA_Africa.AG,3760.0,0.3186957538127899,-1.0553858544721662,0.04704791445932282,-1.2164974804501432
I7182.AG,Israel,Israel_MLBA.AG,3725.0,0.0513587445020675,-1.4426652434734695,0.9907125616900785,1.9389088223307975
I7186.AG,Czechia,Czechia_C_Baalberge.AG,5713.0,0.7414925694465637,1.7312122957272709,-0.1494614375518706,0.19338181683134995
I7187.AG,Czechia,Czechia_C_Baalberge.AG,6044.0,0.7393709421157837,1.7198986659215356,-0.14613128477001952,0.18176235682706446
I7188.AG,Czechia,Czechia_C_Baalberge.AG,5610.0,0.7378170490264893,1.7560018195028995,-0.15070652244805754,0.17852189047853534
I7189.AG,Czechia,Czechia_C_Baalberge.AG,5526.0,0.7310474514961243,1.7232820545828091,-0.1109442509554324,0.2050961240825493
I7191.AG,Czechia,Czechia_C_Baalberge.AG,5657.0,0.7483441233634949,1.7057033477603072,-0.1530782094838484,0.16839392513434026
I7192.AG,Czechia,Czechia_C_Baalberge.AG,5552.0,0.7501656413078308,1.738084561157463,-0.143143164269492,0.171034139495261
I7193.AG,Czechia,Czechia_C_Baalberge_o1.AG,5621.0,0.7201043367385864,1.6472523562783588,-0.1262384714901168,0.16063475003306135
I7194.AG,Czechia,Czechia_C_Baalberge.AG,5527.0,0.7334407567977905,1.690524963410739,-0.1428397038038353,0.1775997385040526
I7195.AG,Czechia,Czechia_EBA.AG,4250.0,0.5893287658691406,1.7512707506804561,-0.08292012547777275,0.1720560071140825
I7196.AG,Czechia,Czechia_EBA.AG,4250.0,0.6124387979507446,1.7688890799842572,-0.14726225137282778,0.20379854361447425
I7197.AG,Czechia,Czechia_MN.AG,6438.0,0.6271369457244873,1.6473748095874667,-0.13642511571397928,0.2136182375525907
I7198.AG,Czechia,Czechia_EBA.AG,4026.0,0.6559996008872986,1.7576571131004033,-0.15108873658673455,0.17019768235573957
I7199.AG,Czechia,Czechia_EBA.AG,4039.0,0.6693108677864075,1.7169087838158197,-0.20067708010115287,0.14176462946735086
I7200.AG,Czechia,Czechia_EBA.AG,4250.0,0.6297978758811951,1.8200252409269255,-0.12115576985517953,0.2040169253114101
I7201.AG,Czechia,Czechia_EBA.AG,4250.0,0.5921259522438049,1.729988895135448,-0.1644582704490493,0.19617280359144595
I7202.AG,Czechia,Czechia_EBA.AG,4250.0,0.4699107110500335,1.7242335462766842,-0.10621586856555851,0.1913922067498782
I7203.AG,Czechia,Czechia_EBA.AG,4250.0,0.0652239695191383,1.7262547010871954,-0.1311786896528179,0.1612695583035928
I7205.AG,Czechia,Czechia_BellBeaker.AG,4200.0,0.6546581387519836,1.7037686368871994,-0.1565945947560049,0.2376046773064856
I7207.AG,Czechia,Czechia_EBA_CordedWare.AG,4370.0,0.6700440049171448,1.7156979445931637,-0.18655678835463693,0.13120474289454903
I7208.AG,Czechia,Czechia_EBA_CordedWare.AG,4324.0,0.6886269450187683,1.735971234729945,-0.09732533134275957,0.2096520346381497
I7209.AG,Czechia,Czechia_EBA_CordedWare.AG,4269.0,0.7358113527297974,1.7079962767359955,-0.11958189856219041,0.19076486224913966
I7210.AG,Czechia,Czechia_BellBeaker_father.or.son.I7212.AG,4071.0,0.6339836120605469,1.736488138268129,-0.16554864874548547,0.18581100880589438
I7211.AG,Czechia,Czechia_BellBeaker.AG,4183.0,0.64371258020401,1.7203201558482097,-0.12074266515125551,0.1864828575711506
I7212.AG,Czechia,Czechia_BellBeaker.AG,4247.0,0.6335505247116089,1.7614002949804843,-0.1734869866290148,0.17779665871616887
I7213.AG,Czechia,Czechia_BellBeaker.AG,4231.0,0.6313080191612244,1.7736246177239712,-0.06852618644019937,0.2029932287845943
I7214.AG,Czechia,Czechia_BellBeaker.AG,4200.0,0.6418951153755188,1.716799983463226,-0.08623031311050951,0.195837665954532
I7217.AG,Italy,Italy_Sicily_Himera_480BCE_Greek.AG,2430.0,0.5973278284072876,-1.0339755854966282,0.15816113997343068,0.37034118925551307
I7218.AG,Italy,Italy_Sicily_Himera_480BCE_Greek.AG,2430.0,0.6565356850624084,-1.0014470918853433,0.2089691059883703,0.4284888967125036
I7219.AG,Italy,Italy_Sicily_Himera_480BCE_Greek.AG,2430.0,0.7006235718727112,-1.0612167205691292,0.19872476427016267,0.3910680014671199
I7221.AG,Italy,Italy_Sicily_Himera_480BCE_Greek.AG,2430.0,0.7261878252029419,-1.0402290485738814,0.18904118709820533,0.3572926306608166
I7223.AG,Italy,Italy_Sicily_Himera_409BCE.AG,2359.0,0.7100281715393066,-0.9851329525063156,0.2698348058223583,0.44875227564176046
I7224.AG,Italy,Italy_Sicily_Himera_409BCE.AG,2359.0,0.7173314690589905,-1.0230591372427462,0.21646769064725724,0.40579316884258704
I7225.AG,Italy,Italy_Sicily_Himera_409BCE.AG,2359.0,0.7099811434745789,-0.9456791650879895,0.18277240539823375,0.38537562750718796
I7231.AG,NorthMacedonia,NorthMacedonia_BA.AG,3169.0,0.7266151905059814,0.2725550085528721,-0.32605860216266846,1.360528022842963
I7233.AG,NorthMacedonia,NorthMacedonia_IA.AG,2800.0,0.733447253704071,0.2708539158797833,-0.34190965341628693,1.340184734317654
I7249.AG,Czechia,Czechia_BA_BellBeaker.AG,4011.0,0.6612444519996643,1.7466882863790225,-0.17881754110656975,0.19868744694374274
I7250.AG,Czechia,Czechia_BA_BellBeaker.AG,4200.0,0.1378695964813232,1.7392847638398456,-0.1395377613893212,0.20756995737153913
I7251.AG,Czechia,Czechia_BA_BellBeaker.AG,4200.0,0.642123818397522,1.718782620207657,-0.11508039459863813,0.22536468930922066
I7269.AG,Czechia,Czechia_BA_BellBeaker.AG,4200.0,0.5979418158531189,1.6674114178685044,-0.07461306520284502,0.204204645013283
I7271.AG,Czechia,Czechia_BA_BellBeaker_brother.I7278.AG,4200.0,0.1675018817186355,1.7196861228455094,-0.15123695475260523,0.2066464401936028
I7272.AG,Czechia,Czechia_Eneolithic.AG,5417.0,0.656616747379303,1.7014942475843964,-0.11945544847095473,0.13759551979181767
I7275.AG,Czechia,Czechia_BA_BellBeaker.AG,4200.0,0.6020252704620361,1.6656924043868748,-0.1349947835285059,0.21854400797121695
I7276.AG,Czechia,Czechia_BA_BellBeaker.AG,4200.0,0.649326503276825,1.7288824344277678,-0.14794238981563212,0.23108613144082427
I7278.AG,Czechia,Czechia_BA_BellBeaker.AG,4333.0,0.6747860908508301,1.7528698619778293,-0.14016212926275762,0.1793993962083205
I7279.AG,Czechia,Czechia_EBA_CordedWare.AG,4200.0,0.5438685417175293,1.6875220953367969,-0.16445353297124,0.18708609350160427
I7280.AG,Czechia,Czechia_EBA_CordedWare.AG,4200.0,0.6625282764434814,1.7118320550673838,-0.1596125773150947,0.1945830041743979
I7281.AG,Czechia,Czechia_BellBeaker.AG,4194.0,0.6371822357177734,1.730499961985595,-0.16694528437906575,0.12119695413874247
I7282.AG,Czechia,Czechia_BellBeaker.AG,4200.0,0.6662468314170837,1.7680270886753884,-0.12251762451325614,0.1623037479660754
I7283.AG,Czechia,Czechia_BellBeaker_mother.I7282.AG,4200.0,0.6339057087898254,1.7911969288494198,-0.11065841341877761,0.28394262542100435
I7286.AG,Czechia,Czechia_BellBeaker.AG,4221.0,0.6772693991661072,1.7353908062898116,-0.13681829922202532,0.14557616894306524
I7287.AG,Czechia,Czechia_BellBeaker.AG,4200.0,0.543337345123291,1.808515534835308,-0.13387102314577615,0.20797805958507518
I7288.AG,Czechia,Czechia_BellBeaker.AG,4200.0,0.0789934918284416,1.7782434753931444,-0.12368672876852785,0.20315478403183176
I7289.AG,Czechia,Czechia_BellBeaker_sibling.I7214.AG,4289.0,0.651435136795044,1.8225012577119415,-0.15207817579468758,0.19750942575434846
I7290.AG,Czechia,Czechia_BellBeaker.AG,4200.0,0.6804802417755127,1.701455691992026,-0.12702909393819958,0.1588654088860634
I7399.AG,Croatia,Croatia_MN_Sopot.AG,7078.0,0.6808987259864807,-0.20994642180128975,-0.21836665718180315,0.5948276913715953
I7423.AG,Spain,Spain_NazariPeriod_Muslim_o.AG,400.0,0.0882861763238906,-1.14537549738606,0.08263905463582866,-1.243155318112591
I7424.AG,Spain,Spain_NazariPeriod_Muslim.AG,400.0,0.4645036160945892,-1.1509503528972553,0.054477313095301266,-1.2226371968128742
I7425.AG,Spain,Spain_NazariPeriod_Muslim.AG,400.0,0.6087883710861206,-1.124033936703227,0.08639550646436953,-1.213637927420119
I7457.AG,Spain,Spain_Islamic_Almohade.AG,750.0,0.4259500801563263,-1.1287838852207546,0.05782157249029932,-1.2424959533633702
I7497.AG,Spain,Spain_Islamic_Zira.AG,900.0,0.0917313918471336,-1.1105253694639707,0.07118631815695267,-1.263947216351384
I7498.AG,Spain,Spain_Islamic_Zira.AG,900.0,0.6342146992683411,-1.1544719098666278,0.08739935942264511,-1.2363793243852743
I7499.AG,Spain,Spain_Islamic_Zira.AG,900.0,0.7235389947891235,-1.17131303840988,0.08561689872782507,-1.2155573062793605
I7500.AG,Spain,Spain_Islamic_Emirate.AG,950.0,0.058245126157999,-1.1300757713925795,0.115130789796165,-1.2474191970219137
I7547.AG,Spain,Spain_MLN.AG,5950.0,0.0559247955679893,-1.1054260479754932,0.07014349863417169,-1.2568262555223804
I7549.AG,Spain,Spain_MLN.AG,5950.0,0.2294752746820449,-1.1351523639923597,0.10574813060767713,-1.2800990636373828
I7550.AG,Spain,Spain_MLN.AG,6100.0,0.5509098172187805,-1.1638149681207584,0.08943772122486222,-1.2614598360143905
I7554.AG,UnitedKingdom,Scotland_N.AG,5182.0,0.6707285046577454,0.9051328780480531,-0.6371382401939432,0.6488707886741596
I7568.AG,UnitedKingdom,England_MBA.AG,3400.0,0.6575340032577515,0.9915007864344956,-0.6319547221231274,0.6200467343384897
I7570.AG,UnitedKingdom,England_C_EBA.AG,3569.0,0.6591293215751648,0.8787234260760841,-0.5670358814033839,0.6153133335239142
I7571.AG,UnitedKingdom,England_MBA.AG,3306.0,0.6544424295425415,0.9815765334706583,-0.6326380564307001,0.5263163103592019
I7572.AG,UnitedKingdom,England_MBA.AG,3380.0,0.5569746494293213,0.9543366182456434,-0.5763117684386007,0.6399212217861548
I7573.AG,UnitedKingdom,England_C_EBA.AG,3520.0,0.6080374121665955,0.9138169286153136,-0.5946229027281646,0.649019667486694
I7574.AG,UnitedKingdom,England_MBA.AG,3271.0,0.6740423440933228,0.9824675237683906,-0.6042422884271083,0.571018752602942
I7575.AG,UnitedKingdom,England_MBA.AG,3107.0,0.6821428537368774,0.9587644940305516,-0.6548077481384617,0.6182747511912309
I7576.AG,UnitedKingdom,England_LBA.AG,3039.0,0.6663368344306946,0.9606869290466014,-0.596076001978527,0.4875313538949652
I7577.AG,UnitedKingdom,England_MBA.AG,3198.0,0.6614528894424438,1.0080540534037519,-0.6352984777873905,0.645865115922297
I7578.AG,UnitedKingdom,England_MBA.AG,3080.0,0.6632525324821472,0.9894549889434425,-0.719101139949006,0.7235340366325408
I7579.AG,UnitedKingdom,England_MBA_sister.I7580.AG,3349.0,0.6558771133422852,0.8867893668328265,-0.5967037076305678,0.4289739357235461
I7580.AG,UnitedKingdom,England_MBA_lowEEF.AG,3087.0,0.6590189933776855,0.891181015906655,-0.584215746877066,0.6919745291006946
I7585.AG,Ukraine,Ukraine_Eneolithic_SeredniiStih.AG,5935.0,0.0678046345710754,0.08546317554196244,0.7974504433688496,0.17783463662761895
I7594.AG,Spain,Spain_MLN.AG,5396.0,0.1526942551136016,-1.1303351127339012,0.1190060606564676,-1.2471025353690663
I7598.AG,Spain,Spain_MLN.AG,5411.0,0.3304766416549682,-1.144968877597939,0.056178205764727235,-1.2765824182793712
I7600.AG,Spain,Spain_MLN.AG,5625.0,0.2798153758049011,-1.0981675569712632,0.082210568495553,-1.3012715058203466
I7601.AG,Spain,Spain_MLN.AG,5527.0,0.1518556624650955,-1.1260936717358847,0.08779184523504538,-1.2465089311469817
I7602.AG,Spain,Spain_MLN.AG,5050.0,0.5293569564819336,-1.1515858496075089,0.07889496104293345,-1.3120066470462663
I7603.AG,Spain,Spain_MLN.AG,5050.0,0.4799657464027405,-1.1843836994407473,0.09396285543605412,-1.2869211545077972
I7604.AG,Spain,Spain_MLN.AG,5050.0,0.5952345728874207,-1.1612755444259317,0.14912458108731938,-1.2832219103405058
I7605.AG,Spain,Spain_MLN.AG,5050.0,0.3243566751480102,-1.1147363704762756,0.08882449358849964,-1.307238838409481
I7606.AG,Spain,Spain_MLN.AG,5050.0,0.7046551704406738,-1.1134468162562499,0.06511637825536518,-1.253871874819003
I7626.AG,UnitedKingdom,England_MBA.AG,3231.0,0.6574277877807617,0.9694749097341264,-0.5344714212608611,0.5437668210807354
I7627.AG,UnitedKingdom,England_MBA.AG,3268.0,0.6660124659538269,0.9198099167555078,-0.5488973640657159,0.5222764077489959
I7628.AG,UnitedKingdom,England_LBA.AG,3033.0,0.350897341966629,0.9807889117699786,-0.594127714655285,0.6226795301391385
I7632.AG,UnitedKingdom,England_MIA.AG,2240.0,0.2152775377035141,0.9361628699433738,-0.615123273228955,0.6596773421099574
I7635.AG,UnitedKingdom,England_C_EBA.AG,4030.0,0.4188033640384674,0.9106117479795934,-0.5555821182685847,0.566820358143604
I7638.AG,UnitedKingdom,England_C_EBA.AG,3995.0,0.512336015701294,0.9258856243038391,-0.601017409855386,0.6551468835082966
I7639.AG,UnitedKingdom,England_C_EBA.AG,3797.0,0.0517812855541706,0.924304513175831,-0.6093758407815202,0.6123654567544368
I7640.AG,UnitedKingdom,England_MBA.AG,3307.0,0.6786489486694336,0.9312958365989036,-0.4587527539063636,0.5736974528342403
I7642.AG,Spain,Spain_MLN.AG,4809.0,0.5304234623908997,-1.1597275474617779,0.06599507678827359,-1.3042819642758248
I7643.AG,Spain,Spain_MLN.AG,5803.0,0.1318591088056564,-1.123389432380104,0.053181276806098424,-1.2289492758447227
I7644.AG,Spain,Spain_MLN.AG,5521.0,0.2965297102928161,-1.164426104325246,0.01220014742484262,-1.2849032410815986
I7646.AG,Spain,Spain_MLN.AG,5613.0,0.1198827624320983,-1.1232510398727595,0.11893257068365938,-1.2787772503730426
I7673.AG,Spain,Spain_Carolingian.AG,1153.0,0.2591456770896911,-1.1544412150480308,0.08843582999967838,-1.2681080985638769
I7675.AG,Spain,Spain_Carolingian.AG,1153.0,0.1071229577064514,-1.1481416460153038,0.07287750650033681,-1.2698585223464824
I7676.AG,Spain,Spain_Carolingian.AG,1153.0,0.0616287104785442,-1.1500484839252618,0.09653661542773792,-1.2430554949324781
I7691.AG,Portugal,Portugal_EBA.AG,3900.0,0.0724769309163093,-1.6923513744053933,0.24170453313548065,-0.47690305482841006
I7692.AG,Portugal,Portugal_EBA.AG,3900.0,0.0514171384274959,-1.6668629830655477,0.23847367513361556,-0.48633967604600786
I7796.AG,Italy,Italy_Sicily_EBA.AG,3731.0,0.1407235711812973,-0.992242499862022,0.1997082457097797,0.3724705238512928
I7807.AG,Italy,Italy_Sicily_EBA.AG,4038.0,0.1605327725410461,-1.0088017017871929,0.24124420004597014,0.44058211699994737
I7833.AG,Greece,Greece_Attica_Marathon_Roman.AG,1610.0,0.8058820366859436,-0.7026777102475378,-0.02029426014485806,2.2072078696210915
I7869.AG,Serbia,Serbia_MN.AG,6953.0,0.7194846868515015,-0.27757138306595847,0.843794990695627,-0.0768340760253672
I7893.AG,Slovakia,Slovakia_N_LBK.AG,6936.0,0.750853419303894,0.568939388168561,-0.7883448934189417,0.31157736971065836
I7894.AG,Slovakia,Slovakia_N_LBK.AG,6975.0,0.768448531627655,0.534566619987309,-0.8170566500085011,0.33271593992858217
I7896.AG,Slovakia,Slovakia_N_LBK.AG,6975.0,0.7662116885185242,0.51347427479692,-0.7810293557144746,0.3230448671364699
I7949.AG,Czechia,Czechia_BA_Veterov_2.AG,3022.0,0.7247838973999023,1.7474753328585517,-0.14327440945866313,0.196162060163566
I7950.AG,Czechia,Czechia_N_oWHG.AG,5398.0,0.696829617023468,1.758580009177025,-0.11813407624089459,0.18650217070013608
I7951.AG,Czechia,Czechia_N_oWHG.AG,7200.0,0.3620213270187378,1.6857809150601588,-0.16288298717642927,0.20237619620323608
I7952.AG,Czechia,Czechia_N.AG,7200.0,0.7351568937301636,1.6148035157165326,-0.1255482962230192,0.1481621436364062
I7953.AG,Czechia,Czechia_IA.AG,2239.0,0.6832944750785828,1.6446554540668294,-0.1375827847812254,0.22861566946393647
I7958.AG,Czechia,Czechia_EBA_Unetice.AG,3950.0,0.7324286103248596,1.7888791731170697,-0.14232518577707617,0.23391516806433296
I7959.AG,Czechia,Czechia_EBA_Unetice.AG,3950.0,0.7324123978614807,1.6772286316304055,-0.1452212347760354,0.16362579507098696
I7960.AG,Czechia,Czechia_EBA_Unetice.AG,3950.0,0.7344626784324646,1.7413716261070384,-0.13396459109908046,0.1741446671110164
I7962.AG,Czechia,Czechia_EBA_Unetice.AG,3950.0,0.7630771398544312,1.7441561047201073,-0.15391374313518164,0.18592187990579553
I7963.AG,Czechia,Czechia_EBA_Unetice.AG,3950.0,0.7478744983673096,1.708396828450507,-0.14758621572138167,0.1914264059936115
I8048.AG,Spain,Spain_C.AG,4050.0,0.0718889385461807,-1.1396619755756643,0.08361611294400524,-1.2590734057992212
I8104.AG,Serbia,Serbia_EN_Starcevo.AG,7650.0,0.0766772106289863,-0.3065830698510143,0.864698979475397,-0.08488550935829624
I8105.AG,Serbia,Serbia_EN_Starcevo.AG,7650.0,0.0827550068497657,-0.2918632607133528,0.839800168577015,-0.08926242306549455
I8112.AG,NorthMacedonia,NorthMacedonia_IA.AG,2614.0,0.7013097405433655,0.2791674687866298,-0.33018917124679165,1.3514971951400268
I8116.AG,Serbia,Serbia_EN_Starcevo_contam.AG,7650.0,0.6969797015190125,-0.2444533857445569,0.8060152130213496,-0.05807593076578473
I8117.AG,Serbia,Serbia_EN_Starcevo.AG,7648.0,0.2322449088096618,-0.2820792062947464,0.8391408209500231,-0.09371834952547564
I8131.AG,Spain,Spain_C.AG,4459.0,0.094132013618946,-1.1575350994516709,0.09196342588986478,-1.2947050512599292
I8136.AG,Spain,Spain_EBA.AG,3426.0,0.5012396574020386,-1.1286056571278376,0.05373072275786293,-1.2442075797947154
I8144.AG,Spain,Spain_EBA.AG,3680.0,0.0932885557413101,-1.1751932549132,0.13027251719142513,-1.2854813530466922
I8146.AG,Spain,Spain_NazariPeriod_LateMuslim.AG,550.0,0.1488394737243652,-1.1278994553337378,0.08608739299054485,-1.245875564342603
I8149.AG,Spain,Spain_C.AG,4650.0,0.0671712309122085,-1.1356501606071634,0.08375728785802138,-1.2772401506802795
I8154.AG,Spain,Spain_C.AG,4650.0,0.079016201198101,-1.1638740758982289,0.09016371275183603,-1.296333017565237
I8187.AG,Israel,Israel_MLBA.AG,3675.0,0.3644122183322906,-1.4245814837457904,0.9672212204221609,1.915651175011192
I8188.AG,Israel,Israel_MLBA_son.I8187.AG,3675.0,0.1716680973768234,-1.4464671344918905,0.9801154934243864,1.9424422376658168
I8197.AG,Spain,Spain_C.AG,4650.0,0.7197855710983276,-1.156694746077853,0.09124957540900364,-1.2480236549853756
I8198.AG,Spain,Spain_C.AG,4650.0,0.5756289958953857,-1.1208649818361989,0.08216290424628656,-1.266927394700802
I8199.AG,Spain,Spain_C.AG,4650.0,0.7145261168479919,-1.1036737825661238,0.07568795065208181,-1.2808225541410954
I8202.AG,Spain,Spain_Roman_oLocal.AG,1750.0,0.0979251638054847,-1.0744436733119005,0.09175842854468724,-1.236824428788196
I8203.AG,Spain,Spain_Hellenistic_oLocal.AG,2150.0,0.4541647136211395,-1.1568576830163306,0.05345713764087255,-1.302341425514158
I8204.AG,Spain,Spain_Hellenistic_oMixed_dup.I41959.AG,2179.0,0.1166208311915397,-1.1618488599925576,0.06402700980684861,-1.2361003443883614
I8205.AG,Spain,Spain_LateArchaic_Classical_Hellenistic_Greek_Iberian_oAegean.AG,2150.0,0.0622791498899459,-1.191080124069677,0.14355479676428173,-1.2837933423796186
I8206.AG,Spain,Spain_Hellenistic_oLocal.AG,2103.0,0.3657431006431579,-1.1218941621829939,0.07479186741845896,-1.2677188864551947
I8208.AG,Spain,Spain_LateArchaic_Classical_Hellenistic_Greek_Iberian_oAegean.AG,2226.0,0.3306850790977478,-1.1660782583388725,0.10671840551915894,-1.1689436975029317
I8209.AG,Spain,Spain_Classical_Greek_Iberian.AG,2554.0,0.7362104058265686,-1.1425750911830503,0.11547718979973945,-1.2615310873211532
I8210.AG,Spain,Spain_LateArchaic_Classical_Hellenistic_Greek_Iberian.AG,2375.0,0.0546417608857154,-1.1348919838909945,0.09349913014238223,-1.252445279952626
I8214.AG,Spain,Spain_Classical_Greek_Iberian.AG,2375.0,0.4613333344459533,-1.1911608488971028,0.11500589862534963,-1.2336569471779328
I8215.AG,Spain,Spain_Greek_oAegean.AG,2526.0,0.7117426991462708,-1.1661111571576759,0.12672429602113103,-1.2446319648921051
I8339.AG,Spain,Spain_Roman_oLocal.AG,1777.0,0.2344817072153091,-1.1108228643126121,0.06125436647987032,-1.254644834965425
I8343.AG,Spain,Spain_Roman_oMixed.AG,1287.0,0.0796844810247421,-1.1615444237681924,0.14642771816762803,-1.2421171806129863
I8364.AG,Spain,Spain_C.AG,4588.0,0.6830365657806396,-1.1246563063279817,0.1099946397524081,-1.259214826016552
I8365.AG,Spain,Spain_C.AG,4588.0,0.7482337951660156,-1.1221089012741778,0.06407196913388966,-1.2389484224929392
I8366.AG,Turkey,Turkey_Marmara_Iznik_Basilica_Roman_Byzantine_A.AG,1350.0,0.7048919796943665,-0.702842656140524,0.5798631763354322,0.8715177428412338
I8367.AG,Turkey,Turkey_Marmara_Iznik_Basilica_Roman_Byzantine_A_brother.I8366.AG,1350.0,0.4498938918113708,-0.7195205532408807,0.5604745604655482,0.9370762335612124
I8371.AG,Turkey,Turkey_Marmara_Iznik_Basilica_Roman_Byzantine_A.AG,1350.0,0.7054945826530457,-0.6968904386787855,0.6175517415497217,0.9446570339111038
I8372.AG,Turkey,Turkey_Marmara_Iznik_Basilica_Roman_Byzantine_B.AG,1565.0,0.745327889919281,-0.7471307010147267,0.5479168253658845,0.9544544540414202
I8471.AG,Albania,Albania_Shkrel_MBA.AG,3745.0,0.1533820033073425,-0.39916920364009156,-0.7188473020066612,0.5790688822307123
I8475.AG,Spain,Spain_Roman_oMixed.AG,1800.0,0.4757873713970184,-1.1276151452205583,0.10305127500610776,-1.2389081401365836
I8561.AG,Italy,Italy_Sicily_EBA_o1.AG,4212.0,0.7656301856040955,-1.0930902978830845,0.27870333138660236,0.4011419556531462
I8566.AG,Spain,Spain_C.AG,5100.0,0.2221882492303848,-1.115700480542227,0.07405737757970342,-1.2491928651564268
I8567.AG,Spain,Spain_MLN.AG,5350.0,0.1370026171207428,-1.1726324057098945,0.08888144383195021,-1.272953272718065
I8568.AG,Spain,Spain_MLN.AG,5387.0,0.3629823923110962,-1.1456571954169574,0.09052217723771168,-1.276132046721974
I8569.AG,Spain,Spain_C.AG,4692.0,0.5149880647659302,-1.1572056894047829,0.08174278331103403,-1.2477148736685955
I8570.AG,Spain,Spain_LBA.AG,3100.0,0.2032330632209777,-1.1911584576752225,0.07564355100028299,-1.2683170970299937
MA826.RISE00.SG,Estonia,Estonia_CordedWare_o1.SG,4442.0,0.5206506252288818,0.2974157914893451,0.15932081327377762,-0.20640088816385174
MA968.MA976.SG,Estonia,Estonia_CordedWare.SG,4652.0,0.4311341345310211,0.30072859192022794,0.16630406436904815,-0.19841546541467492
I0011.AG,Sweden,Sweden_Mesolithic_HG.AG,7564.0,0.5244105458259583,-1.258311027743555,0.8826149702792235,-0.5747680944329246
I0012.AG,Sweden,Sweden_Mesolithic_HG.AG,7598.0,0.6579687595367432,-1.2095575007385855,0.8319764676737239,-0.5547417654748124
I0013.AG,Sweden,Sweden_Mesolithic_HG.AG,7722.0,0.2511303722858429,-1.2456632443385884,0.8075253930995226,-0.5704830327436886
I0014.AG,Sweden,Sweden_Mesolithic_HG.AG,7686.0,0.6245602965354919,-1.2327265384540644,0.8252507419638757,-0.5668415944684801
I0015.AG,Sweden,Sweden_Mesolithic_HG.AG,7710.0,0.497530847787857,-1.2578012541011145,0.8478646168115486,-0.5782999346255945
I0017.AG,Sweden,Sweden_Mesolithic_HG.AG,7624.0,0.7730575203895569,-1.2359554366120218,0.8548093825800832,-0.540168001212356
I0022.AG,Germany,Germany_EN_LBK.AG,7125.0,0.3160355985164642,0.26098211076764527,0.1299931473586327,0.7500608673968842
I0026.AG,Germany,Germany_EN_LBK.AG,7125.0,0.7597478628158569,0.2673791538888727,0.13198691087988457,0.7826232210646832
I0049.AG,Germany,Germany_CordedWare.AG,4295.0,0.4470106959342956,0.32355989156643794,0.07975366682551668,0.7300055044093836
I0059.AG,Germany,Germany_BenzigerodeHeimburg_LN.AG,4179.0,0.6228798627853394,0.27474144043024445,0.1374652497194395,0.7326176995460583
I0060.AG,Germany,Germany_BellBeaker.AG,4214.0,0.1016258522868156,0.41625003513752773,0.13284321490848908,0.7288779914812453
I0061.AG,Russia,Russia_YuzhniyOleniyOstrov_Mesolithic.AG,8450.0,0.8640201091766357,0.5262360672964415,-0.061276103123504774,-0.1881410926062281
I0106.AG,Germany,Germany_CordedWare.AG,4297.0,0.1939509212970733,0.30451110180305335,0.09560913329328054,0.7898547783132586
I0108.AG,Germany,Germany_BellBeaker.AG,4399.0,0.6224095225334167,0.2570583552385051,0.11961412715412505,0.779234129722769
I0111.AG,Germany,Germany_BellBeaker.AG,4303.0,0.4596585631370544,0.3796468967162671,0.09875670516768945,0.8544507161365021
I0112.AG,Germany,Germany_BellBeaker.AG,4224.0,0.8078000545501709,0.3105058412219958,0.13197335044680295,0.7779579364880053
I0113.AG,Germany,Germany_BellBeaker.AG,4146.0,0.5014983415603638,0.26320373992116797,0.12395814508622638,0.7328685606772838
I0114.AG,Germany,Germany_EBA_Unetice_brother.I0117.AG,4002.0,0.6098127365112305,0.2771465429069536,0.11657553667102816,0.7910624840521638
I0115.AG,Germany,Germany_EBA_Unetice.AG,3815.0,0.3069626986980438,0.2920702950294213,0.13462358591430987,0.7617313336526892
I0117.AG,Germany,Germany_EBA_Unetice.AG,4092.0,0.7194019556045532,0.3198163391111815,0.11298113976111718,0.7924791135618022
I0157.AG,UnitedKingdom,England_EarlyMedieval_Saxon.AG,1227.0,0.8208834528923035,0.9442205418243569,-0.602480265700047,0.6022728386803663
I0159.AG,UnitedKingdom,England_EarlyMedieval_Saxon.AG,1234.0,0.7844394445419312,0.9458842377672867,-0.6093778854403703,0.5897875778768298
I0161.AG,UnitedKingdom,England_EarlyMedieval_Saxon.AG,1157.0,0.6389867663383484,0.8268271538730416,-0.6052980656224357,0.5509449945334453
I0164.AG,Germany,Germany_EBA_Unetice.AG,3906.0,0.7096372842788696,0.3033247128600464,0.12878180722843807,0.7670469690462635
I0171.AG,Germany,Germany_BenzigerodeHeimburg_LN.AG,4118.0,0.1219289675354957,0.3019719380023643,0.12820967771582623,0.7493202443253453
I0174.AG,Hungary,Hungary_EN_Starcevo_1.AG,7558.0,0.1892267167568206,0.47904811892392063,-0.10997655660052193,-0.9704168946245075
I0176.AG,Hungary,Hungary_MN_LBK.AG,7002.0,0.059923131018877,0.5748496812025612,-0.08118362330788435,-1.021938272543452
I0257.AG,Spain,Spain_C.AG,4439.0,0.0934004783630371,-1.1229144385445293,0.08674645525643963,-1.190091978040552
I0258.AG,Spain,Spain_C.AG,4500.0,0.0551964975893497,-1.0926935839697773,0.16168982546887053,-1.3194174925984803
I0262.AG,Spain,Spain_C.AG,4500.0,0.0810778141021728,-1.1073570456382353,0.07784860559682465,-1.2795703745090155
I0405.AG,Spain,Spain_MLN.AG,5700.0,0.2740401029586792,-1.2436982725377346,0.02246547570850084,-1.2600311648273248
I0407.AG,Spain,Spain_MLN.AG,5700.0,0.4670996963977813,-1.115418814290822,0.010406572997567616,-1.236678940778993
I0409.AG,Spain,Spain_EN.AG,7210.0,0.4343903958797455,-1.096011567269919,0.0743539755461353,-1.2020003931240588
I0411.AG,Spain,Spain_EN_father.or.son.I0410.AG,7107.0,0.0651980116963386,-1.15987880983894,0.12284965019988792,-1.2488873802705944
I0447.AG,Hungary,Hungary_LN_Tisza.AG,6700.0,0.0586344189941883,0.5460517592172305,-0.10910616891633701,-1.0361529485435106
I0449.AG,Hungary,Hungary_LN_Tisza.AG,6700.0,0.8038220405578613,0.5064610893895879,-0.12037009806985322,-1.0499802546273251
I0458.AG,Spain,Spain_C_father.or.son.I0460.AG,4270.0,0.1127319857478141,-1.1587084699880619,0.0528287689067033,-1.2638815937858374
I0459.AG,Spain,Spain_C.AG,4350.0,0.4576869904994964,-1.2058862764424862,0.06230586406726238,-1.2118802558743422
I0460.AG,Spain,Spain_C.AG,4287.0,0.2931064069271087,-1.123719404496409,0.08797418999379637,-1.2713915568483616
I0461.AG,Spain,Spain_C_oSteppe.AG,4241.0,0.6184566020965576,-1.1838182746883905,0.08120862028710513,-1.2762712140946952
I0531.AG,UnitedKingdom,England_EarlyMedieval_Saxon.AG,1250.0,0.1633689254522323,0.924725892122207,-0.6122233385701772,0.5912449521820717
I0550.AG,Germany,Germany_LN_Karsdorf.AG,4469.0,0.1398274004459381,0.31334158514605703,0.1415053414636311,0.7870199314709861
I0551.AG,Germany,Germany_MN_Salzmuende.AG,5163.0,0.0884662196040153,0.28329279702906596,0.048986980017584406,0.8314570256298177
I0559.AG,Germany,Germany_MN_Baalberge.AG,5530.0,0.1495442390441894,0.3198859417454867,0.06843388517880816,0.7730029596262391
I0560.AG,Germany,Germany_MN_Baalberge.AG,5471.0,0.3266607820987701,0.2944726453359874,0.11661436169248453,0.7589763296348078
I0633.AG,Serbia,Serbia_EN.AG,7424.0,0.5378953814506531,-0.247487176910073,0.8254600028046422,-0.06653416196596511
I0634.AG,Serbia,Serbia_EN.AG,6560.0,0.7489896416664124,-0.2994119931274462,0.8486571660416345,-0.0721088280783631
I0644.AG,Israel,Israel_C.AG,5950.0,0.5154309272766113,-1.4322865256813635,0.970002610731361,1.9127971040253215
I0676.AG,NorthMacedonia,NorthMacedonia_N.AG,7792.0,0.7238147258758545,0.2655981572966983,-0.3046264508272974,1.3093717247166818
I0707.AG,Turkey,Turkey_Marmara_Barcin_N.AG,8096.0,0.8399959802627563,-0.672905449627456,0.5008157347525858,0.9048514152030421
I0708.AG,Turkey,Turkey_Marmara_Barcin_N.AG,8101.0,0.8258242011070251,-0.7221557767508038,0.5504973713728845,0.9159679747263574
I0709.AG,Turkey,Turkey_Marmara_Barcin_N.AG,8085.0,0.831267774105072,-0.6835154614003442,0.5197154972468335,0.903514297441158
I0736.AG,Turkey,Turkey_Marmara_Barcin_N.AG,8300.0,0.6797511577606201,-0.6743943236236545,0.5568212859870875,0.9268420594561703
I0739.AG,Romania,Romania_N.AG,6722.0,0.4804791212081909,-0.391757512713373,0.1904996740555494,0.0039554799178118305
I0744.AG,Turkey,Turkey_Marmara_Barcin_N.AG,8270.0,0.7465776801109314,-0.6954121792045912,0.5136646766734704,0.9069271329650893
I0745.AG,Turkey,Turkey_Marmara_Barcin_N.AG,8243.0,0.8390990495681763,-0.6935402318769681,0.5253445165864725,0.9121187152984768
I0746.AG,Turkey,Turkey_Marmara_Barcin_N.AG,7928.0,0.8454963564872742,-0.6961857691415579,0.5452819413380021,0.9033315207112989
I0769.AG,UnitedKingdom,England_EarlyMedieval_Saxon.AG,1449.0,0.7345972657203674,0.9942561024219625,-0.6461238399475685,0.5059753135756275
I0773.AG,UnitedKingdom,England_EarlyMedieval_Saxon.AG,1479.0,0.7160159945487976,0.9034610004387993,-0.5739000525963502,0.5626269653586382
I0774.AG,UnitedKingdom,England_EarlyMedieval_Saxon.AG,1469.0,0.8874788880348206,0.899175167211813,-0.5374057128416869,0.4974215538710144
I0777.AG,UnitedKingdom,England_EarlyMedieval_Saxon.AG,1465.0,0.8831958770751953,0.9744642235035909,-0.6333755564556286,0.6189858774044923
I0781.AG,Bulgaria,Bulgaria_Chalcolithic.AG,6404.0,0.4005829691886902,0.6716936498776711,0.43830461295470974,0.27618632921323444
I0785.AG,Bulgaria,Bulgaria_Chalcolithic.AG,6353.0,0.0666051357984542,0.6657232206726621,0.44203024840933086,0.3071088381072912
I0791.AG,UnitedKingdom,England_EarlyMedieval_Saxon.AG,1175.0,0.3155603408813476,0.9096049671257325,-0.6062448151625812,0.5489204526246909
I0795.AG,Germany,Germany_EN_LBK.AG,7071.0,0.0911936834454536,0.33993500932206444,0.12856705417779274,0.8024905423963672
I0797.AG,Germany,Germany_EN_LBK.AG,7125.0,0.0814135745167732,0.3158459438820062,0.13496973332109716,0.7146060192609505
I0803.AG,Germany,Germany_EBA_Unetice.AG,3977.0,0.1896151900291443,0.2350193412169492,0.09227730045094215,0.7592576114386241
I0804.AG,Germany,Germany_EBA_Unetice.AG,4010.0,0.0528623796999454,0.29375416359534573,0.10544297244244494,0.7274577084531939
I0805.AG,Germany,Germany_BellBeaker_contam.AG,4252.0,0.1958454549312591,0.29436156043521144,0.14787861851349068,0.7898071386951588
I0806.AG,Germany,Germany_BellBeaker.AG,4217.0,0.121315024793148,0.27286741490169875,0.08592501820115536,0.7534316896368811
I0807.AG,Germany,Germany_MN_Baalberge.AG,5799.0,0.0795125439763069,0.28186614640883306,0.089855985903031,0.7763260277990013
I0823.AG,Spain,Spain_C.AG,4500.0,0.0529670007526874,-1.1468764320192806,0.07973186472028723,-1.246115569467006
I0826.AG,Spain,Spain_C.AG,4522.0,0.0980078876018524,-1.1077641470643094,0.08317076657676654,-1.2966366729098584
I0840.AG,Portugal,Portugal_C.AG,4243.0,0.1173183098435401,-1.634900768120418,0.240085422305785,-0.5054280315710659
I0843.AG,Spain,Spain_Mesolithic_brother.I0585.AG,7858.0,0.865922749042511,-1.099579065916469,0.07942196187325493,-1.1899631610296808
I0867.AG,Israel,Israel_PPNB.AG,8700.0,0.6417710185050964,-1.420019267471791,0.9576718634763915,1.9099919546294475
I0963.AG,Russia,Russia_HG.AG,6950.0,0.0591121092438697,0.5269475070169076,-0.08814365289669158,-0.28071900906072217
I1096.AG,Turkey,Turkey_Marmara_Barcin_N.AG,8300.0,0.6457880139350891,-0.651050641731615,0.49798662990725534,0.9026874174365282
I1097.AG,Turkey,Turkey_Marmara_Barcin_N.AG,8282.0,0.6429769992828369,-0.6773638517448283,0.5403945773966079,0.8979991613152869
I1098.AG,Turkey,Turkey_Marmara_Barcin_N.AG,8282.0,0.6694625020027161,-0.6841309395706072,0.5549646110599579,0.9478898496411616
I1099.AG,Turkey,Turkey_Marmara_Barcin_N.AG,8300.0,0.4665092825889587,-0.6141199329273737,0.4995510681202626,0.8592691400148265
I1100.AG,Turkey,Turkey_Marmara_Barcin_N.AG,8300.0,0.2571083903312683,-0.7346789036243867,0.5633106062426596,0.9812035710537064
I1101.AG,Turkey,Turkey_Marmara_Barcin_N.AG,8300.0,0.5673111081123352,-0.6813408246935247,0.5440269726467146,0.9362105831205665
I1102.AG,Turkey,Turkey_Marmara_Barcin_N.AG,8300.0,0.3557140231132507,-0.6621937851535584,0.5000397668982144,0.9195312271658332
I1103.AG,Turkey,Turkey_Marmara_Barcin_N.AG,8300.0,0.5199815630912781,-0.6759342089875335,0.5400644400336458,0.9086326733332646
I1131.AG,Serbia,Serbia_EN.AG,6482.0,0.6606305241584778,-0.28156615395206214,0.8345043836492299,-0.07112915650741786
I1152.AG,Israel,Israel_C.AG,5950.0,0.5131170749664307,-1.4154964721137595,0.9614852839966129,1.8966228452046607
I1155.AG,Israel,Israel_C.AG,5950.0,0.0797128677368164,-1.413113582621708,0.9586930021267652,1.9224356844133823
I1164.AG,Israel,Israel_C.AG,5950.0,0.2733012437820434,-1.4198102253053408,0.9654624552513651,1.8757164254606535
I1165.AG,Israel,Israel_C.AG,5950.0,0.3876041769981384,-1.4106879512162056,0.9538269355245984,1.8897800047346525
I1168.AG,Israel,Israel_C.AG,5950.0,0.4717233180999756,-1.4178266947222784,0.9651057458724646,1.896780920139994
I1170.AG,Israel,Israel_C.AG,5950.0,0.4015026688575744,-1.428654021201441,0.9707192616987681,1.9298774099624738
I1171.AG,Israel,Israel_C.AG,5950.0,0.193538099527359,-1.4146013262068733,0.9706780439466327,1.9042249041519446
I1172.AG,Israel,Israel_C.AG,5950.0,0.1052146255970001,-1.4132412480057854,0.9530914942917458,1.947105755926935
I1177.AG,Israel,Israel_C.AG,5950.0,0.0780340507626533,-1.4274249875316494,0.9716938229721936,1.9260708783384128
I1178.AG,Israel,Israel_C.AG,5950.0,0.6129351258277893,-1.4126906939387929,0.9502270781019623,1.9046243088948798
I1179.AG,Israel,Israel_C.AG,5950.0,0.3476638197898865,-1.4371218068804017,0.9744513360688497,1.925140432287176
I1180.AG,Israel,Israel_C_1d.rel.I1179.AG,5950.0,0.077305756509304,-1.3985335770395202,0.9610404809846111,1.8971314146408291
I1181.AG,Israel,Israel_C.AG,5950.0,0.0809123665094375,-1.4072394237946149,0.9543167615675,1.9195289488498886
I1182.AG,Israel,Israel_C.AG,5950.0,0.3667860627174377,-1.4313248809958061,0.9830883995850227,1.932247589193827
I1184.AG,Israel,Israel_C.AG,5950.0,0.2837447822093963,-1.4206947644619128,0.9655702456600265,1.9014596417428207
I1187.AG,Israel,Israel_C.AG,5950.0,0.1065219938755035,-1.4360163812789863,0.9710044543329722,1.9162799048141073
I1271.AG,Spain,Spain_C.AG,4550.0,0.2037326395511627,-1.0959550752021898,0.08768710625314946,-1.337988149785323
I1272.AG,Spain,Spain_C.AG,4595.0,0.5010247230529785,-1.1472095916596006,0.10877038855288526,-1.2683550994203343
I1274.AG,Spain,Spain_C_brother.I1277.AG,4550.0,0.1332313567399978,-1.0864665659307862,0.06617723296217196,-1.2418306530634062
I1276.AG,Spain,Spain_C.AG,4550.0,0.0997548252344131,-1.1878869960128813,0.08445007873641935,-1.321273518055366
I1277.AG,Spain,Spain_C.AG,4403.0,0.47305828332901,-1.1393931402866786,0.06971927788887418,-1.2560910864580443
I1280.AG,Spain,Spain_C.AG,4550.0,0.177234947681427,-1.1290875995784204,0.0658736485025858,-1.3179374239067971
I1281.AG,Spain,Spain_C.AG,4653.0,0.5390819311141968,-1.0935509313657685,0.07286075103707233,-1.203040372903738
I1282.AG,Spain,Spain_C.AG,4550.0,0.0586206316947937,-1.2016864258869764,0.05008657424113014,-1.2498416043727147
I1284.AG,Spain,Spain_C.AG,4550.0,0.1066112071275711,-1.100461848836736,0.17315577264020404,-1.2084387497168108
I1298.AG,Bulgaria,Bulgaria_N.AG,7883.0,0.0847630947828292,0.7368830487399786,0.4279839015546713,0.29915577037398217
I1300.AG,Spain,Spain_C.AG,4550.0,0.6676036715507507,-1.130259062341932,0.07598066900318452,-1.244971684898084
I1302.AG,Spain,Spain_C_father.or.son.I1314.AG,4550.0,0.0610626153647899,-1.1319874512844763,0.04206292208019572,-1.2685728748249199
I1303.AG,Spain,Spain_C.AG,4550.0,0.3922140300273895,-1.1419560049565374,0.085848365655014,-1.296214846626066
I1310.AG,Spain,Spain_EBA.AG,3650.0,0.3627001643180847,-1.1893023997179561,0.08507904645052002,-1.2488730002700197
I1314.AG,Spain,Spain_C.AG,4550.0,0.1893483698368072,-1.0652614740251014,0.11735297054216051,-1.2911185504372293
I1381.AG,France,France_BellBeaker.AG,4250.0,0.5894657969474792,-0.2824088005349218,-0.017354813933617173,-0.42762086932619986
I1382.AG,France,France_BellBeaker.AG,4195.0,0.5183749198913574,-0.3240304185954086,-0.037852444044441824,-0.43938964520343193
I1388.AG,France,France_BellBeaker_LowSteppe.AG,4198.0,0.3236454129219055,-0.33549362496510643,-0.015278306548676146,-0.47353248861863617
I1389.AG,France,France_BellBeaker_1d.rel.I1390.AG,4361.0,0.0846406295895576,-0.3098047390851581,0.004350189980584731,-0.4629402543919717
I1390.AG,France,France_BellBeaker.AG,4331.0,0.3870559334754944,-0.27457831365627444,-0.045009262963622426,-0.4376044280113154
I1391.AG,France,France_BellBeaker.AG,4179.0,0.0764412060379982,-0.31381435625700826,-0.03518789338999708,-0.48496028807516817
I1495.AG,Hungary,Hungary_LN_Lengyel.AG,6367.0,0.703943133354187,0.5648256352066227,-0.035272161036716536,-0.9589761006666175
I1496.AG,Hungary,Hungary_MN_LBK.AG,7040.0,0.6893763542175293,0.5001178112097254,-0.1041661043199855,-0.8899369643395962
I1497.AG,Hungary,Hungary_LateC_Baden.AG,5019.0,0.695500373840332,0.5860726417222251,-0.03899566019571302,-1.0306507836831875
I1498.AG,Hungary,Hungary_MN_AVK.AG,7094.0,0.691763162612915,0.6511593447271167,-0.1729404284834342,-1.0110034406793962
I1499.AG,Hungary,Hungary_MN_AVK_Bukk.AG,7077.0,0.6991418600082397,0.6161819298285125,0.008643939694847183,-1.016024755493008
I1500.AG,Hungary,Hungary_MN_AVK.AG,7058.0,0.7045262455940247,0.5330529156156806,-0.17616389729704032,-0.9318317483132115
I1502.AG,Hungary,Hungary_EBA_Mako.AG,4026.0,0.6795240640640259,0.513526860115576,-0.13958579327287254,-0.9709519317806163
I1504.AG,Hungary,Hungary_LBA_EIA_Piliny_Kyjatice.AG,2858.0,0.5847845673561096,0.5749438665222859,-0.13339132043399812,-1.0180135498345027
I1505.AG,Hungary,Hungary_MN_AVK.AG,7057.0,0.6587116122245789,0.5476301081710805,-0.10548974141671089,-1.0357858880896516
I1506.AG,Hungary,Hungary_MN_AVK.AG,7146.0,0.6047267913818359,0.565425455245043,-0.09888690063708672,-1.0521884673022832
I1507.AG,Hungary,Hungary_EN_Koros_oMesolithic.AG,7661.0,0.6799108982086182,0.43362319541200056,-0.05776330492855806,-0.9224901591544562
I1508.AG,Hungary,Hungary_EN_Koros_o.AG,7591.0,0.4907150268554687,0.44725688543026226,-0.061116896935579264,-0.9199857154706589
I1532.AG,Germany,Germany_CordedWare.AG,4225.0,0.4004532098770141,0.28917241729155846,0.10707095143176709,0.763209811120612
I1536.AG,Germany,Germany_CordedWare.AG,4225.0,0.0991019532084465,0.27483108992697697,0.11476014171896808,0.7811810162650379
I1538.AG,Germany,Germany_CordedWare.AG,4225.0,0.1173556149005889,0.29650663409400185,0.14694583911003065,0.7643298087237991
I1539.AG,Germany,Germany_CordedWare.AG,4420.0,0.1215713024139404,0.303450504025644,0.09054070590094365,0.8020033348894224
I1540.AG,Germany,Germany_CordedWare_o.AG,4225.0,0.2459909170866012,0.2510915852698446,0.0820433848431632,0.7475107200662748
I1541.AG,Germany,Germany_CordedWare_father.or.son.I1538_father.or.son.I1540.AG,4225.0,0.2397022545337677,0.2988559168407449,0.09473013741500484,0.7167645223062036
I1542.AG,Germany,Germany_CordedWare.AG,4225.0,0.0660171434283256,0.32629466265069274,0.1412455041463504,0.7810682995229035
I1544.AG,Germany,Germany_CordedWare.AG,4225.0,0.1009673029184341,0.3437570480905741,0.09766414360969959,0.6678758378662107
I1546.AG,Germany,Germany_BellBeaker.AG,4225.0,0.1318096369504928,0.3591070075019942,0.17809815846302401,0.7442347338720633
I1549.AG,Germany,Germany_BellBeaker.AG,4225.0,0.6698136925697327,0.3562614656448185,0.13234527123385667,0.7196582028254773
I1732.AG,Ukraine,Ukraine_N.AG,7218.0,0.6309390068054199,0.09571207631409376,0.7990765756046392,0.19265958431131794
I1734.AG,Ukraine,Ukraine_Mesolithic.AG,8100.0,0.6518698334693909,0.08518513094204162,0.8017969367359524,0.19059399534454927
I1736.AG,Ukraine,Ukraine_Mesolithic.AG,8110.0,0.5633176565170288,0.11163959446884421,0.7883213190599915,0.1695059275490581
I1738.AG,Ukraine,Ukraine_N.AG,7348.0,0.6199439764022827,0.053635608708615015,0.8233499454500107,0.19115354037449184
I0047.AG,Germany,Germany_EBA_Unetice.AG,3923.0,0.6831339001655579,0.3010848380983799,0.13271823911263694,0.7855691331398812
I0099.AG,Germany,Germany_LBA_Halberstadt.AG,3024.0,0.809198260307312,0.2898620477003533,0.10977747893739512,0.7905492919729017
I0723.AG,Turkey,Turkey_Marmara_Mentese_N.AG,7870.0,0.3615014553070068,-0.7212437676465325,0.5537707455611343,0.9114193500747683
I0854.AG,Turkey,Turkey_Marmara_Barcin_N_sister.of.I0736.AG,8104.0,0.6040877103805542,-0.6857861162279681,0.5483186367727904,0.9412885510328485
I1579.AG,Turkey,Turkey_Marmara_Barcin_N.AG,8072.0,0.6988466382026672,-0.6943569875467558,0.42241157686975017,0.9296223545643109
I1585.AG,Turkey,Turkey_Marmara_Barcin_N.AG,8021.0,0.7024516463279724,-0.6764748004068049,0.4837486597289897,0.8804910077053111
ORD006.SG,Italy,Italy_Ordona_Daunian.SG,2576.0,0.107487104833126,-1.0046274446718733,0.1481964776779035,0.358434360208058
ORD009.SG,Italy,Italy_Ordona_Daunian.SG,2497.0,0.6133252382278442,-1.0539418883507423,0.22881242358028478,0.4057236979072137
ORD010.SG,Italy,Italy_Ordona_Medieval.SG,870.0,0.5914138555526733,-1.0413927717767915,0.1918484609621126,0.41910787405398203
ORD011.SG,Italy,Italy_Ordona_Daunian_possible.SG,1750.0,0.0909974202513694,-1.0575470428013578,0.2504860450678988,0.39704422026659597
ORD014.SG,Italy,Italy_Ordona_Daunian.SG,2507.0,0.1060280799865722,-1.0176432152923156,0.2128509187840069,0.4054382026301911
SAL003.SG,Italy,Italy_Salapia_Daunian.SG,2289.0,0.1057401672005653,-1.0243223185666703,0.19794351168548122,0.38796050344467475
SGR002.SG,Italy,Italy_SanGiovanni_IA.SG,2541.0,0.0895813778042793,-1.0430601567362523,0.20847720437979866,0.4046811732862886
SGR003.SG,Italy,Italy_SanGiovanni_IA.SG,2225.0,0.0504244491457939,-1.0284470482616714,0.230928071033734,0.3922550597170233
ADN001.AG,Germany,Germany_Anderten_Medieval_Saxon_father.ADN005.ADN003.ADN009.AG,1150.0,0.6756401062011719,0.21594864368227312,0.10995219208573363,0.7618707750779727
ADN002.AG,Germany,Germany_Anderten_Medieval_Saxon.AG,1150.0,0.6628770232200623,0.24716281507721002,0.10328694122290435,0.769073558455335
ADN003.AG,Germany,Germany_Anderten_Medieval_Saxon_daughter.ADN001.sister.ADN005.ADN009.AG,1150.0,0.654595673084259,0.2857261414695012,0.11533626843532355,0.7750825679053248
ADN004.AG,Germany,Germany_Anderten_Medieval_Saxon.AG,1150.0,0.2115809023380279,0.2845206113757379,0.08675630340504004,0.7417607066531048
ADN005.AG,Germany,Germany_Anderten_Medieval_Saxon.AG,1150.0,0.7183314561843872,0.281308776139916,0.100319444448926,0.7831440150268947
ADN006.AG,Germany,Germany_Anderten_Medieval_Saxon.AG,1150.0,0.7161781787872314,0.2967111409406244,0.15550432719721724,0.7838011062497525
ADN007.AG,Germany,Germany_Anderten_Medieval_Saxon.AG,1150.0,0.7030518054962158,0.2855298969250311,0.1387250414726265,0.7717045089903108
ADN008.AG,Germany,Germany_Anderten_Medieval_Saxon.AG,1150.0,0.736941933631897,0.32767361845553644,0.12554435392825977,0.8321059520320402
ADN011.AG,Germany,Germany_Anderten_Medieval_Saxon.AG,1150.0,0.64869225025177,0.27093401363197117,0.13043342299866645,0.786065615950395
ADN013.AG,Germany,Germany_Anderten_Medieval_Saxon_father.ADN011.AG,1150.0,0.6430345773696899,0.2840873692136875,0.10406959202992663,0.7825335602542267
ADN014.AG,Germany,Germany_Anderten_Medieval_Saxon.AG,1150.0,0.7070915102958679,0.2638455448576595,0.08542791103625759,0.7839189156907059
ADN015.AG,Germany,Germany_Anderten_Medieval_Saxon.AG,1150.0,0.7340822815895081,0.306077668741787,0.14132935957297368,0.7779926272976256
DRU001.A.AG,Germany,Germany_Drantum_Medieval_Saxon.AG,1200.0,0.5333163738250732,0.30161692644547544,0.13666523503426145,0.7721772880857325
DRU002.A.AG,Germany,Germany_Drantum_Medieval_Saxon.AG,1200.0,0.4013250470161438,0.308352153684127,0.12987861847143545,0.7880360831539552
DRU003.A.AG,Germany,Germany_Drantum_Medieval_Saxon.AG,1200.0,0.5828892588615417,0.24100352651067786,0.12770574977856067,0.7458639162335355
DRU004.A.AG,Germany,Germany_Drantum_Medieval_Saxon.AG,1200.0,0.4404470920562744,0.2238635749898948,0.05229180174274383,0.8082393811524646
DRU005.A.AG,Germany,Germany_Drantum_Medieval_Saxon.AG,1200.0,0.2225175201892852,0.2708232462837706,0.1448083729167407,0.7978672507802482
DRU006.A.AG,Germany,Germany_Drantum_Medieval_Saxon.AG,1200.0,0.6745695471763611,0.28805238499706814,0.10108511127302976,0.8366565835204132
DRU007.A.AG,Germany,Germany_Drantum_Medieval_Saxon.AG,1200.0,0.4469263553619385,0.2927661214213446,0.1175323134848279,0.8287998277867192
DRU009.A.AG,Germany,Germany_Drantum_Medieval_Saxon.AG,1200.0,0.3377434015274048,0.2909247362285922,0.1133414432924188,0.8264834424863997
DRU011.A.AG,Germany,Germany_Drantum_Medieval_Saxon.AG,1200.0,0.372944176197052,0.24746159355512362,0.1676666635442382,0.7656438908048465
DRU012.A.AG,Germany,Germany_Drantum_Medieval_Saxon.AG,1200.0,0.4060695171356201,0.2552269961753871,0.10100750466927076,0.8241008367750802
DRU013.A.AG,Germany,Germany_Drantum_Medieval_Saxon.AG,1200.0,0.6218344569206238,0.28632016637514696,0.14589315171330114,0.7690816048632992
DRU014.A.AG,Germany,Germany_Drantum_Medieval_Saxon_father.DRU006.A.AG,1200.0,0.6342512369155884,0.2989241439848786,0.11993666363126827,0.7407142324249133
DRU015.A.AG,Germany,Germany_Drantum_Medieval_Saxon.AG,1200.0,0.5720572471618652,0.24709418430633634,0.1682821513470662,0.782794458091068
DRU016.A.AG,Germany,Germany_Drantum_Medieval_Saxon.AG,1200.0,0.5690159201622009,0.2552683784368446,0.10383812210152672,0.7340863348993457
DRU017.A.AG,Germany,Germany_Drantum_Medieval_Saxon.AG,1200.0,0.6689394116401672,0.24732092814157186,0.14299795975380009,0.7546569354257509
DRU018.A.AG,Germany,Germany_Drantum_Medieval_Saxon.AG,1200.0,0.6691226959228516,0.3501107365662863,0.11155818837348555,0.7667900800342249
DUN002.A.AG,Germany,Germany_Dunum_Medieval_Saxon.AG,1050.0,0.4614468812942505,0.34455402885730557,0.17794037616743877,0.7889709638295254
DUN005.A.AG,Germany,Germany_Dunum_Medieval_Saxon.AG,1050.0,0.2849329113960266,0.2696444247070212,0.14403217279931002,0.7451754014978985
DUN006.A.AG,Germany,Germany_Dunum_Medieval_Saxon.AG,1050.0,0.356476366519928,0.1780603014194868,0.09382244043869037,0.8378136114476475
DUN007.A.AG,Germany,Germany_Dunum_Medieval_Saxon.AG,1050.0,0.5128048062324524,0.22567047738645551,0.11646839952932726,0.7961073950785625
DUN009.A.AG,Germany,Germany_Dunum_Medieval_Saxon.AG,1050.0,0.181144893169403,0.27707981475639165,0.14393802246993564,0.7877296641442548
DUN010.A.AG,Germany,Germany_Dunum_Medieval_Saxon.AG,1050.0,0.39543217420578,0.28776983288206665,0.11850631191245706,0.8014715424823085
DUN011.A.AG,Germany,Germany_Dunum_Medieval_Saxon.AG,1050.0,0.6629118919372559,0.26449585366528994,0.05716436218568533,0.7795570584647579
DUN012.A.AG,Germany,Germany_Dunum_Medieval_Saxon.AG,1050.0,0.1346036046743393,0.3209154942947036,0.12938866775842459,0.7759808420503326
DUN013.A.AG,Germany,Germany_Dunum_Medieval_Saxon.AG,1050.0,0.260049968957901,0.35603068047626285,0.06668542702881328,0.7656206169745832
EAS006.AG,UnitedKingdom,England_Saxon.AG,1200.0,0.6098013520240784,0.92186931812308,-0.5993419622564228,0.560626096458969
GRO001.A.AG,Netherlands,Netherlands_Groningen_Medieval_Saxon_oAfrica2.AG,900.0,0.5947650074958801,0.5196408946090761,0.5714658285476655,-0.2060120941360481
GRO002.A.AG,Netherlands,Netherlands_Groningen_Medieval_Saxon.AG,1000.0,0.6443573832511902,0.4948819635066974,0.5776857612573213,-0.2177654943312657
GRO004.A.AG,Netherlands,Netherlands_Groningen_Medieval_Saxon.AG,950.0,0.1571694761514663,0.519040349392552,0.5781256171831745,-0.195242698433177
GRO005.A.AG,Netherlands,Netherlands_Groningen_Medieval_Saxon_oAfrica1.AG,900.0,0.6502478122711182,0.5403571143527434,0.6098592931530906,-0.21721890470358646
GRO006.A.AG,Netherlands,Netherlands_Groningen_Medieval_Saxon_oAfrica1.AG,950.0,0.2527564465999603,0.5222130022243396,0.59413923133123,-0.20385137235591833
GRO014.A.AG,Netherlands,Netherlands_Groningen_Medieval_Saxon.AG,1075.0,0.780616283416748,0.54085085004279,0.586580158688869,-0.20238349352100873
GRO015.A.AG,Netherlands,Netherlands_Groningen_Medieval_Saxon.AG,950.0,0.7084726691246033,0.5221086048363841,0.57771691520504,-0.21175918614012817
GRO016.A.AG,Netherlands,Netherlands_Groningen_Medieval_Saxon_1d.rel.GRO015.A.AG,950.0,0.7013583779335022,0.5298301603598228,0.5977042976305779,-0.2168079874410373
GRO017.A.AG,Netherlands,Netherlands_Groningen_Medieval_Saxon.AG,1050.0,0.6964598298072815,0.5397477556119319,0.5729280329625901,-0.18113844664303327
GRO019.A.AG,Netherlands,Netherlands_Groningen_Medieval_Saxon.AG,1000.0,0.3106812238693237,0.5024143099185535,0.5789309090490157,-0.21327890875739153
HAD018.AG,UnitedKingdom,England_Saxon.AG,1200.0,0.6802483201026917,0.9202006830211985,-0.6416834123149814,0.6894064412773545
HID003.AG,Germany,Germany_EarlyMedieval_Saxon.AG,1550.0,0.2024917751550674,0.27868281573245335,0.19065051781842293,0.8545153365252977
HID004.AG,Germany,Germany_EarlyMedieval_Saxon.AG,1550.0,0.6555542945861816,0.2872866023713409,0.14197099840788507,0.8088683072544205
IND001.A.AG,Germany,Germany_AltInden_EarlyMedieval_Saxon.AG,1350.0,0.4401908218860626,0.2875120691799683,0.19921085376292785,0.8344044956999543
IND002.A.AG,Germany,Germany_AltInden_EarlyMedieval_Saxon.AG,1350.0,0.8154171705245972,0.27032370371229436,0.09433384141652552,0.7840935236706565
IND003.A.AG,Germany,Germany_AltInden_EarlyMedieval_Saxon.AG,1350.0,0.5834707617759705,0.3064407575443065,0.11578565034997783,0.7984344380023669
IND004.A.AG,Germany,Germany_AltInden_EarlyMedieval_Saxon.AG,1350.0,0.4857507646083832,0.32643663467235806,0.1333350746210202,0.8211534954975762
IND005.A.AG,Germany,Germany_AltInden_EarlyMedieval_Saxon.AG,1350.0,0.6937485933303833,0.289939195716214,0.0990185757592835,0.7939740108613486
IND006.A.AG,Germany,Germany_AltInden_EarlyMedieval_Saxon.AG,1350.0,0.4240888059139251,0.23610664802608897,0.12084341602533799,0.7678789899925562
IND007.A.AG,Germany,Germany_AltInden_EarlyMedieval_Saxon.AG,1350.0,0.7046551704406738,0.29417386180037797,0.11903493123226849,0.757242678123307
IND008.A.AG,Germany,Germany_AltInden_EarlyMedieval_Saxon_father.or.son.IND001.A.AG,1350.0,0.5830822587013245,0.2615123670269844,0.1462896190649528,0.7587043021785267
IND009.A.AG,Germany,Germany_AltInden_EarlyMedieval_Saxon_oLevant.AG,1350.0,0.6277646422386169,0.2651963555954197,0.10969487591746951,0.7733191960658319
IND010.A.AG,Germany,Germany_AltInden_EarlyMedieval_Saxon.AG,1350.0,0.575021505355835,0.3345254722875321,0.0740942278092485,0.785086484597468
IND011.A.AG,Germany,Germany_AltInden_EarlyMedieval_Saxon.AG,1350.0,0.1971349865198135,0.2261948376156607,0.11884199866895723,0.6917376837344829
IND012.A.AG,Germany,Germany_AltInden_EarlyMedieval_Saxon.AG,1350.0,0.7423879504203796,0.3042034990023745,0.08638068601448366,0.8024280429640532
IND013.A.AG,Germany,Germany_AltInden_EarlyMedieval_Saxon.AG,1350.0,0.7324756383895874,0.2776656379003947,0.11533518316745464,0.793346510864888
IND014.A.AG,Germany,Germany_AltInden_EarlyMedieval_Saxon.AG,1350.0,0.5160853862762451,0.31458725528475817,0.13814039722206703,0.7727747483107632
IND015.A.AG,Germany,Germany_AltInden_EarlyMedieval_Saxon.AG,1350.0,0.1689771264791488,0.2634108154526879,0.1263791693611481,0.8383114080859116
IND016.A.AG,Germany,Germany_AltInden_EarlyMedieval_Saxon.AG,1350.0,0.1038707643747329,0.3051512776681456,0.17911684337909844,0.7903080490434301
IND017.A.AG,Germany,Germany_AltInden_EarlyMedieval_Saxon.AG,1350.0,0.54686039686203,0.2845714857009843,0.10045994425398956,0.8225562331731349
ISS001.AG,Germany,Germany_Issendorf_EarlyMedieval_Saxon.AG,1550.0,0.1094076037406921,0.2570527310102752,0.06502498845743998,0.8183746663381813
ISS002.AG,Germany,Germany_Issendorf_EarlyMedieval_Saxon.AG,1550.0,0.268226683139801,0.2620101024979247,0.12145021863580617,0.7787195838311493
KIL001.B.AG,Ireland,Ireland_Kilteasheen_EarlyMedieval_AngloSaxon_Norman.AG,950.0,0.7590463161468506,-0.38349153137259395,0.0016789826553252139,0.592091565098649
KIL002.B.AG,Ireland,Ireland_Kilteasheen_EarlyMedieval_AngloSaxon_Norman.AG,950.0,0.1251479089260101,-0.3969941529603378,0.010357440877501024,0.5732602356927983
KIL003.B.AG,Ireland,Ireland_Kilteasheen_EarlyMedieval_AngloSaxon_Norman.AG,950.0,0.7073794007301331,-0.393709449767218,-0.008011704023569856,0.5788531590545125
KIL004.B.AG,Ireland,Ireland_Kilteasheen_EarlyMedieval_AngloSaxon_Norman.AG,950.0,0.7637040615081787,-0.42824191630232555,0.00552596970183953,0.5687392018659356
KIL006.B.AG,Ireland,Ireland_Kilteasheen_EarlyMedieval_AngloSaxon_Norman.AG,950.0,0.8062866926193237,-0.419414901963101,0.013344323965505398,0.5592085818501632
KIL007.B.AG,Ireland,Ireland_Kilteasheen_EarlyMedieval_AngloSaxon_Norman.AG,950.0,0.0664956495165824,-0.42749903125008587,0.018727635777164423,0.5726804285784443
KIL008.B.AG,Ireland,Ireland_Kilteasheen_EarlyMedieval_AngloSaxon_Norman.AG,950.0,0.2052524983882904,-0.4116924769731475,-0.0005163914739148102,0.5706542654753863
KIL009.B.AG,Ireland,Ireland_Kilteasheen_EarlyMedieval_AngloSaxon_Norman.AG,950.0,0.6369624733924866,-0.4240032405285537,0.012381246372170442,0.5949202422041878
KIL012.A.AG,Ireland,Ireland_Kilteasheen_EarlyMedieval_AngloSaxon_Norman.AG,950.0,0.6834421157836914,-0.4068185694485672,0.00909870836234284,0.5825691264466002
KIL013.B.AG,Ireland,Ireland_Kilteasheen_EarlyMedieval_AngloSaxon_Norman.AG,950.0,0.7457480430603027,-0.39015590301152986,-0.012444934924567773,0.5726405416854143
KIL014.B.AG,Ireland,Ireland_Kilteasheen_EarlyMedieval_AngloSaxon_Norman.AG,950.0,0.4051003456115722,-0.4381077535928564,0.0056446531434863785,0.5652616408140945
KIL015.B.AG,Ireland,Ireland_Kilteasheen_EarlyMedieval_AngloSaxon_Norman.AG,950.0,0.1593673378229141,-0.4009738307743795,0.004716052321954509,0.5941742324565508
KIL016.B.AG,Ireland,Ireland_Kilteasheen_EarlyMedieval_AngloSaxon_Norman.AG,950.0,0.734413206577301,-0.37785379003368674,-0.007607563247360287,0.588190269592716
KIL021.A.AG,Ireland,Ireland_Kilteasheen_EarlyMedieval_AngloSaxon_Norman.AG,950.0,0.162239983677864,-0.3975818862517218,-0.009680643396198507,0.5662580146404149
KIL022.B.AG,Ireland,Ireland_Kilteasheen_EarlyMedieval_AngloSaxon_Norman.AG,950.0,0.6774064898490906,-0.4343426109683301,0.010729432590079939,0.6068953397907088
KIL023.B.AG,Ireland,Ireland_Kilteasheen_EarlyMedieval_AngloSaxon_Norman.AG,950.0,0.7935528755187988,-0.40210808692450745,0.0015062525729122363,0.5659929338552293
KIL025.B.AG,Ireland,Ireland_Kilteasheen_EarlyMedieval_AngloSaxon_Norman.AG,950.0,0.8157545924186707,-0.42356063937048527,0.014986217229384783,0.5666964391264844
KIL026.B.AG,Ireland,Ireland_Kilteasheen_EarlyMedieval_AngloSaxon_Norman.AG,950.0,0.499602198600769,-0.3989629677504598,-0.0045012503973845186,0.5732081428888203
KIL027.B.AG,Ireland,Ireland_Kilteasheen_EarlyMedieval_AngloSaxon_Norman.AG,950.0,0.7719472646713257,-0.37982439946536284,0.010796906681991772,0.5682159524375098
KIL028.B.AG,Ireland,Ireland_Kilteasheen_EarlyMedieval_AngloSaxon_Norman.AG,950.0,0.567817211151123,-0.3926647798962571,0.00022364215020663944,0.587235724591047
KIL030.A.AG,Ireland,Ireland_Kilteasheen_EarlyMedieval_AngloSaxon_Norman_oSteppe.AG,950.0,0.0764225497841835,-0.40367679713245064,-0.0036568305905569417,0.5754151996954153
KIL031.B.AG,Ireland,Ireland_Kilteasheen_EarlyMedieval_AngloSaxon_Norman.AG,950.0,0.0713528543710708,-0.4039796029586235,0.0016734709768237218,0.5714617565655891
KIL032.B.AG,Ireland,Ireland_Kilteasheen_EarlyMedieval_AngloSaxon_Norman.AG,950.0,0.4394787549972534,-0.3818727267068233,0.004875319612685984,0.5855552355474788
KIL033.B.AG,Ireland,Ireland_Kilteasheen_EarlyMedieval_AngloSaxon_Norman.AG,950.0,0.8007458448410034,-0.3965808337071949,0.004685135858333039,0.5708120246583309
KIL034.A.AG,Ireland,Ireland_Kilteasheen_EarlyMedieval_AngloSaxon_Norman.AG,950.0,0.6151703000068665,-0.3972281979463585,-0.006934728101226072,0.5731778561582781
KIL035.B.AG,Ireland,Ireland_Kilteasheen_EarlyMedieval_AngloSaxon_Norman.AG,950.0,0.6392146944999695,-0.3957740113284276,0.013121712349179405,0.5624253415304911
KIL037.A.AG,Ireland,Ireland_Kilteasheen_EarlyMedieval_AngloSaxon_Norman.AG,950.0,0.8288655281066895,-0.407005747437836,0.011653170231925799,0.5592918511045485
KIL038.A.AG,Ireland,Ireland_Kilteasheen_EarlyMedieval_AngloSaxon_Norman.AG,950.0,0.0758499726653099,-0.4171961212439251,0.03335639764314054,0.5472881175081639
KIL041.B.AG,Ireland,Ireland_Kilteasheen_EarlyMedieval_AngloSaxon_Norman.AG,950.0,0.570112407207489,-0.4020817389504541,-0.006674037825268382,0.5903086947855096
KIL042.A.AG,Ireland,Ireland_Kilteasheen_EarlyMedieval_AngloSaxon_Norman.AG,950.0,0.7219688892364502,-0.4271878960138102,0.00837328183918971,0.553988323035031
KIL043.B.AG,Ireland,Ireland_Kilteasheen_EarlyMedieval_AngloSaxon_Norman.AG,950.0,0.6771250367164612,-0.39362590217069277,0.0017600366907613056,0.5626490418436643
KIL044.B.AG,Ireland,Ireland_Kilteasheen_EarlyMedieval_AngloSaxon_Norman.AG,950.0,0.7857873439788818,-0.4133606569420949,-0.011360222039259215,0.5800761138949847
KIL047.B.AG,Ireland,Ireland_Kilteasheen_EarlyMedieval_AngloSaxon_Norman.AG,950.0,0.7236776947975159,-0.3791917052507989,0.00973396492123154,0.576269339068573
KPN001.A.AG,Denmark,Denmark_Zealand_Medieval_Saxon.AG,900.0,0.5888080596923828,-0.839469010541148,0.38980086974446326,-0.16485876006679334
KPN002.A.AG,Denmark,Denmark_Zealand_Medieval_Saxon.AG,900.0,0.4765667617321014,-0.8048534376875757,0.4026622369478686,-0.1411790332378484
KPN003.A.AG,Denmark,Denmark_Zealand_Medieval_Saxon.AG,900.0,0.7522483468055725,-0.7982415137835959,0.39505481696193295,-0.1457939962335933
KPN004.A.AG,Denmark,Denmark_Zealand_Medieval_Saxon.AG,900.0,0.562954306602478,-0.8267946841989618,0.3762768679753835,-0.17392981897044693
KPN005.A.AG,Denmark,Denmark_Zealand_Medieval_Saxon.AG,900.0,0.4230944812297821,-0.8708520529335525,0.42425311936648064,-0.1653228484714446
KPN006.A.AG,Denmark,Denmark_Zealand_Medieval_Saxon.AG,900.0,0.5215970873832703,-0.8366694046257714,0.3793542456385518,-0.15913268217326212
KPN007.A.AG,Denmark,Denmark_Zealand_Medieval_Saxon.AG,900.0,0.532180905342102,-0.8011634580768608,0.3746010000943738,-0.14237743524165944
KPN008.A.AG,Denmark,Denmark_Zealand_Medieval_Saxon.AG,900.0,0.5321022272109985,-0.8484135103925752,0.3901389322195678,-0.19078396735291708
KPN009.A.AG,Denmark,Denmark_Zealand_Medieval_Saxon.AG,900.0,0.4342152178287506,-0.8148781411907369,0.37844420938272666,-0.1496699291595728
KPN011.A.AG,Denmark,Denmark_Zealand_Medieval_Saxon.AG,900.0,0.7183403372764587,-0.8297491462905028,0.39360115907954,-0.15406348370284703
KPN012.A.AG,Denmark,Denmark_Zealand_Medieval_Saxon.AG,900.0,0.7502743005752563,-0.7964798680745806,0.3391861770850779,-0.18524293465479355
KPN013.A.AG,Denmark,Denmark_Zealand_Medieval_Saxon.AG,900.0,0.5545578002929688,-0.8332411054772364,0.3997965940522832,-0.15464048927488594
KPN014.A.AG,Denmark,Denmark_Zealand_Medieval_Saxon.AG,900.0,0.6578511595726013,-0.8509290791310368,0.39467477810817025,-0.17689353177267705
KPN015.A.AG,Denmark,Denmark_Zealand_Medieval_Saxon.AG,900.0,0.4509457647800445,-0.840473308245975,0.41912972436478685,-0.12201823938529624
LAK001.AG,UnitedKingdom,England_Saxon.AG,1200.0,0.753337562084198,0.9174261688368548,-0.602901416933219,0.5980494436758078
LAK002.AG,UnitedKingdom,England_Saxon.AG,1200.0,0.7712619304656982,0.9375818470594531,-0.5901933522529279,0.5936911546513495
LAK003.AG,UnitedKingdom,England_Saxon.AG,1200.0,0.6289106607437134,0.9953400265364318,-0.5379904368880261,0.570963295499747
LAK004.AG,UnitedKingdom,England_Saxon.AG,1200.0,0.63802570104599,0.8765989482488012,-0.5386432268937608,0.5513216220627801
LAK005.AG,UnitedKingdom,England_Saxon.AG,1200.0,0.6715719699859619,0.8923438388896103,-0.6928944557510494,0.7193453457853785
LAK006.AG,UnitedKingdom,England_Saxon.AG,1200.0,0.7224830389022827,0.9550812129081022,-0.6075569877401147,0.5816281391789255
LAK007.AG,UnitedKingdom,England_Saxon.AG,1200.0,0.7607032656669617,1.0050543324905254,-0.6052400991467357,0.6305522628416936
LAK008.AG,UnitedKingdom,England_Saxon.AG,1200.0,0.581848680973053,0.910589934913755,-0.636509326827181,0.6411692287111085
LAK009.AG,UnitedKingdom,England_Saxon.AG,1200.0,0.7151773571968079,0.9334703657111267,-0.5698340144154874,0.588692554543461
LAK010.AG,UnitedKingdom,England_Saxon.AG,1200.0,0.6772012710571289,0.9791101787001755,-0.5267315604827415,0.6426328856207283
LAK011.AG,UnitedKingdom,England_Saxon.AG,1200.0,0.7337335348129272,0.9620892259640825,-0.5424642782020466,0.6515582317857176
LAK012.AG,UnitedKingdom,England_Saxon.AG,1200.0,0.7444901466369629,0.954266040102019,-0.6506227411976884,0.5709257448119617
LAK013.AG,UnitedKingdom,England_Saxon.AG,1200.0,0.652921736240387,1.0585223341867593,-0.6914364696660028,0.6212791943909806
LAK014.AG,UnitedKingdom,England_Saxon.AG,1200.0,0.5850043892860413,0.8438828305863074,-0.5616368483646019,0.633164194135668
LAK015.AG,UnitedKingdom,England_Saxon.AG,1200.0,0.7490293979644775,0.9375660534743763,-0.5241116925862718,0.6009150343057805
LBU006.AG,Germany,Germany_Liebenau_EarlyMedieval_Saxon.AG,1550.0,0.1658952534198761,0.27526148156934377,0.10073902102167158,0.7814547395328665
SED007.AG,UnitedKingdom,England_Norfolk_EarlyMedieval_AngloSaxon.AG,1200.0,0.0679003372788429,0.9909951685290086,-0.5869405758997553,0.5705971593589962
SED012.AG,UnitedKingdom,England_Saxon.AG,1200.0,0.1783914715051651,0.9493780679813306,-0.5845459686639379,0.5864181389305196
SED019.AG,UnitedKingdom,England_Saxon.AG,1200.0,0.3711745142936706,0.9445167622488189,-0.5858209427636903,0.47853299643926356
SRS001.A.AG,Germany,Germany_Schortens_EarlyMedieval_Saxon.AG,1150.0,0.1304617226123809,0.25162023181824067,0.16583921554751208,0.7450530772905638
SRS003.A.AG,Germany,Germany_Schortens_EarlyMedieval_Saxon.AG,1150.0,0.4656414687633514,0.2934699413649879,0.13953048252014238,0.8425551626546562
SRS004.A.AG,Germany,Germany_Schortens_EarlyMedieval_Saxon.AG,1150.0,0.6259422898292542,0.21653662268417512,0.13214019639466268,0.7943255509460436
SWG006.A.AG,Germany,Germany_Schleswig_LateMedieval_Saxon.AG,850.0,0.7440927028656006,0.26944241860983,0.14329066406929603,0.7820260262980204
SWG007.A.AG,Germany,Germany_Schleswig_LateMedieval_Saxon.AG,850.0,0.6802799105644226,0.24534483427917383,0.12156476493716233,0.7855316992073383
SWG008.A.AG,Germany,Germany_Schleswig_LateMedieval_Saxon.AG,800.0,0.7588306069374084,0.2926223785728629,0.11529142109330741,0.7772199214120691
SWG009.A.AG,Germany,Germany_Schleswig_LateMedieval_Saxon.AG,850.0,0.1848966777324676,0.2645777455251235,0.13692449530547476,0.7688691461659288
SWG010.A.AG,Germany,Germany_Schleswig_LateMedieval_Saxon.AG,850.0,0.555145800113678,0.3197183443293763,0.1113796114755469,0.8125534654874221
ZET001.A.AG,Germany,Germany_Zetel_EarlyMedieval_Saxon.AG,1200.0,0.0782530307769775,0.30535141763655227,0.12772146325033865,0.7845443826324979
GRO007.A.AG,Netherlands,Netherlands_Groningen_Medieval_Saxon.AG,950.0,0.7397018671035767,0.5097857961818912,0.5700336982542882,-0.1951859986270784
GRO008.A.AG,Netherlands,Netherlands_Groningen_Medieval_Saxon.AG,925.0,0.6509104371070862,0.4882295761534132,0.5721549958606011,-0.20380061867303725
GRO010.A.AG,Netherlands,Netherlands_Groningen_Medieval_Saxon.AG,950.0,0.7739164233207703,0.5359633506617224,0.5819974497384068,-0.21173857846341726
GRO012.A.AG,Netherlands,Netherlands_Groningen_Medieval_Saxon.AG,1050.0,0.7288974523544312,0.5105637608206904,0.5612029200648524,-0.19693058382423126
GRO013.A.AG,Netherlands,Netherlands_Groningen_Medieval_Saxon.AG,1075.0,0.761247456073761,0.4955616067040154,0.5571531894549705,-0.18995299471935614
GRO020.A.AG,Netherlands,Netherlands_Groningen_Medieval_Saxon.AG,950.0,0.1572586894035339,0.5231967378835999,0.5711229320382525,-0.2020877618914486
GRO021.A.AG,Netherlands,Netherlands_Groningen_Medieval_Saxon.AG,1100.0,0.633955180644989,0.5292765029921496,0.5778703411956029,-0.21338100881261943
GRO023.A.AG,Netherlands,Netherlands_Groningen_Medieval_Saxon.AG,1200.0,0.7949551343917847,0.5103932184398002,0.573502266258143,-0.20539358594349774
GRO024.A.AG,Netherlands,Netherlands_Groningen_Medieval_Saxon.AG,900.0,0.807985782623291,0.517486735995573,0.5892068398997348,-0.214758855817269
HAD009.AG,UnitedKingdom,England_Saxon.AG,1200.0,0.6501399278640747,0.9737819232492155,-0.5548522733506617,0.639369043730405
HAD011.AG,UnitedKingdom,England_Saxon.AG,1200.0,0.7320571541786194,0.9496298301002903,-0.6474639549372603,0.6657322366810429
HAD012.AG,UnitedKingdom,England_Saxon.AG,1200.0,0.7564924359321594,0.9778402759559949,-0.65076056500091,0.665929386132782
HAD014.AG,UnitedKingdom,England_Saxon.AG,1200.0,0.766386091709137,0.935455532831511,-0.6287047923554845,0.5690015971312734
HAD016.AG,UnitedKingdom,England_Saxon.AG,1200.0,0.6366591453552246,0.9867129927601657,-0.6265299949817081,0.6055637563393924
HAD017.AG,UnitedKingdom,England_Saxon.AG,1200.0,0.7407756447792053,1.0036884268015955,-0.6129788838705523,0.6260475742594565
MDM001.A.AG,Netherlands,Netherlands_Friesland_Medieval_Saxon.AG,1400.0,0.8276879191398621,0.5250337907104228,0.5812874160190685,-0.19861385843867654
MDM003.A.AG,Netherlands,Netherlands_Friesland_Medieval_Saxon.AG,1500.0,0.6891297698020935,0.529506135090592,0.565147021481692,-0.22843988631859677
MDM004.A.AG,Netherlands,Netherlands_Friesland_Medieval_Saxon.AG,1350.0,0.6531099081039429,0.5261621475273662,0.5789654702040236,-0.19499342439598452
MDM007.A.AG,Netherlands,Netherlands_Friesland_Medieval_Saxon.AG,1425.0,0.7758855819702148,0.494190617749692,0.5938445188807543,-0.20988970037902846
OAI008.AG,UnitedKingdom,England_Saxon.AG,1200.0,0.7547681927680969,0.8975168864390869,-0.6036840467658889,0.5570131179218497
OAI009.AG,UnitedKingdom,England_Saxon.AG,1200.0,0.7271764278411865,0.9433412054751459,-0.6297385505789668,0.6443739367654441
OAI010.AG,UnitedKingdom,England_Saxon.AG,1200.0,0.6892400979995728,0.936339114853869,-0.5212068318252187,0.5354920076465258
OAI011.AG,UnitedKingdom,England_Saxon.AG,1200.0,0.7533797025680542,0.884243668349821,-0.5861141646841217,0.5835140118831422
OAI012.AG,UnitedKingdom,England_Saxon.AG,1200.0,0.7094247937202454,0.973715480564625,-0.6048488861158439,0.5281141759890672
OAI013.AG,UnitedKingdom,England_Saxon.AG,1200.0,0.7106502652168274,0.8813218391707234,-0.6049443083634047,0.6318935622616347
OAI015.AG,UnitedKingdom,England_Saxon.AG,1200.0,0.665132462978363,0.9058391607177859,-0.683322600318283,0.5145056512205441
OAI016.AG,UnitedKingdom,England_Saxon.AG,1400.0,0.6287240982055664,0.9993515457843105,-0.5968981905029546,0.583888375870728
OAI017.AG,UnitedKingdom,England_Saxon.AG,1200.0,0.3348488509654999,0.9309507598842133,-0.5504421078467914,0.6232528471771411
POH003.AG,UnitedKingdom,England_Saxon.AG,1200.0,0.617298424243927,0.9457327328103372,-0.5904918526882759,0.5481451395425493
POH004.AG,UnitedKingdom,England_Saxon.AG,1200.0,0.650424599647522,0.8846081591568199,-0.7016134418792135,0.6453151955343365
POH005.AG,UnitedKingdom,England_Saxon.AG,1200.0,0.5612179040908813,0.9227980365591869,-0.6855013301766342,0.5693231488079729
POH007.AG,UnitedKingdom,England_Saxon.AG,1200.0,0.5237738490104675,0.9624193085517584,-0.5941731414928968,0.6471952250671569
POH008.AG,UnitedKingdom,England_Saxon.AG,1200.0,0.6498463749885559,0.90503527714128,-0.6635534219608806,0.6842540169052844
POH009.AG,UnitedKingdom,England_Saxon.AG,1200.0,0.6234792470932007,0.9460819387651509,-0.6085590998330245,0.7453571404192163
SED004.AG,UnitedKingdom,England_Saxon.AG,1200.0,0.6118118762969971,1.0449932496928434,-0.6375472173723354,0.6291415883218693
SED006.AG,UnitedKingdom,England_Saxon.AG,1200.0,0.2197203040122985,0.9830436650447879,-0.7102144110104143,0.6261461218202099
SED013.AG,UnitedKingdom,England_Saxon.AG,1200.0,0.5983002781867981,0.944019268935872,-0.6245305893958994,0.6879442841446395
SED014.AG,UnitedKingdom,England_Saxon.AG,1200.0,0.4949753284454345,0.8789774685842451,-0.49159323099042285,0.5813595471536886
SED015.AG,UnitedKingdom,England_Saxon.AG,1200.0,0.2070732414722442,0.9158468355417777,-0.5966718469220507,0.59502643583484
SED018.AG,UnitedKingdom,England_Saxon.AG,1200.0,0.4763088524341583,0.9052389077313492,-0.5774292112224261,0.6193171528534104
SED020.AG,UnitedKingdom,England_Saxon.AG,1200.0,0.6690951585769653,0.8144301376440001,-0.5565894216879962,0.4913349726514483
SED021.AG,UnitedKingdom,England_Saxon.AG,1200.0,0.2404443472623825,0.9526969693696806,-0.6448124088259907,0.6343552010070432
SWG001.A.AG,Germany,Germany_Schleswig_LateMedieval_Saxon.AG,800.0,0.7601249814033508,0.31386789504764645,0.12912120118024062,0.8122982643909231
SWG002.A.AG,Germany,Germany_Schleswig_LateMedieval_Saxon.AG,775.0,0.8113645315170288,0.30605489515188083,0.12463785317863658,0.7945824518052846
SWG003.A.AG,Germany,Germany_Schleswig_LateMedieval_Saxon.AG,800.0,0.532339870929718,0.2522844202934616,0.11479092147023212,0.7985254215568042
SWG004.A.AG,Germany,Germany_Schleswig_LateMedieval_Saxon.AG,850.0,0.6769214868545532,0.2760870227005654,0.14681577256198478,0.7923736247350716
SWG005.A.AG,Germany,Germany_Schleswig_LateMedieval_Saxon.AG,850.0,0.6302326321601868,0.33952164684345015,0.09851728491795625,0.8338533620775641
SWG011.A.AG,Germany,Germany_Schleswig_LateMedieval_Saxon.AG,850.0,0.4931634962558746,0.24423039330182222,0.12647635774882027,0.7744879988832405
SWG012.A.AG,Germany,Germany_Schleswig_LateMedieval_Saxon.AG,850.0,0.6637318730354309,0.25479354154393674,0.1414574231991764,0.7909097499156769
SWG013.A.AG,Germany,Germany_Schleswig_LateMedieval_Saxon.AG,775.0,0.6605753302574158,0.30064489716013887,0.11551704897389761,0.7736513339587379
SWG014.A.AG,Germany,Germany_Schleswig_LateMedieval_Saxon.AG,850.0,0.0776325985789299,0.29796936527646106,0.14407773509181634,0.7882531911145358
SWG015.A.AG,Germany,Germany_Schleswig_LateMedieval_Saxon.AG,850.0,0.4923297762870788,0.2523034163715367,0.1393399147964988,0.7932656932219491
MDM002.SG,Netherlands,Netherlands_Friesland_Medieval_Saxon_oEastMed.SG,1458.0,0.7551777362823486,0.5102310720294723,0.5823505350393943,-0.20330866544011342
MDM006.SG,Netherlands,Netherlands_Friesland_Medieval_Saxon_oEastMed.SG,1483.0,0.4396060705184936,0.5150163634606116,0.5744235837287767,-0.21053552419040153
R1014_oEEF.SG,Italy,Italy_C.SG,7074.0,0.5144179463386536,-1.0382340705661957,0.19886326000971566,0.4041875336368726
R1015.SG,Italy,Italy_IA_Republic.SG,2800.0,0.5866758823394775,-0.9995774578231795,0.1773155556939964,0.40368476739442233
R1016.SG,Italy,Italy_IA_Republic.SG,2750.0,0.3654835820198059,-1.0450421282990996,0.20732580405458803,0.4063240213547042
R1021.SG,Italy,Italy_IA_Republic.SG,2600.0,0.4856007099151611,-1.0931604583730203,0.24381690779041493,0.4362702778373827
R104.SG,Italy,Italy_LateAntiquity_oSardiniaLike.SG,1319.0,0.6202254295349121,-1.0148749148487604,0.2002210899068506,0.4063902764778408
R105.SG,Italy,Italy_LateAntiquity_oCentralEuropean.SG,1450.0,0.7353563904762268,-1.0827455002624846,0.16465587295838596,0.429209961544403
R106.SG,Italy,Italy_LateAntiquity_o2CentralEuropean.SG,1450.0,0.696324348449707,-1.0656729862392844,0.20165856536673102,0.46090758105431184
R107.SG,Italy,Italy_LateAntiquity.SG,1450.0,0.8104351162910461,-1.0345978535109865,0.1775883800484704,0.375672885728864
R108.SG,Italy,Italy_LateAntiquity_oCentralEuropean.SG,1450.0,0.7172300815582275,-1.0736898280581788,0.15514747418290367,0.4040525121930171
R109.SG,Italy,Italy_LateAntiquity_oCentralEuropean.SG,1450.0,0.4417179822921753,-1.0546271612055498,0.2214086812514743,0.41284924539527335
R10.SG,Italy,Italy_South_N.SG,7628.0,0.7699707746505737,-0.9858187875544255,0.19046702074548436,0.3853231837643825
R110.SG,Italy,Italy_LateAntiquity_oCentralEuropean.SG,1450.0,0.5559771060943604,-1.0610423382209497,0.18485948366300003,0.3842291909260808
R111.SG,Italy,Italy_Imperial_o2.SG,1850.0,0.4920921325683594,-1.06174173539104,0.1758465833289503,0.4541342891193955
R113.SG,Italy,Italy_Imperial.SG,1850.0,0.5107050538063049,-1.0219166582274182,0.2085839401491733,0.3939623575759108
R114.SG,Italy,Italy_Imperial.SG,1850.0,0.7328171133995056,-1.0401623935904112,0.2288674934925978,0.36687233300470606
R115.SG,Italy,Italy_Imperial.SG,1850.0,0.7219510078430176,-1.0279663833542951,0.24969176050278163,0.4631727383888843
R116.SG,Italy,Italy_Imperial_oCentralEuropean.SG,1850.0,0.6997696161270142,-1.0388375732070196,0.20119525803766897,0.41711156260212456
R117.SG,Italy,Italy_LateAntiquity.SG,1450.0,0.6669905185699463,-1.0917513640914462,0.22034915505977845,0.4413969124065865
R118.SG,Italy,Italy_LateAntiquity.SG,1450.0,0.5302085280418396,-1.032779423566779,0.19643566043104935,0.45386743632773413
R11.SG,Italy,Italy_Epigravettian.SG,11868.0,0.6551017761230469,-0.8545798071727077,0.19384811142491773,0.29427383360251425
R120.SG,Italy,Italy_LateAntiquity_o.SG,1450.0,0.4560000598430633,-1.0538041929502513,0.22410706764970045,0.39873577548787104
R1219.SG,Italy,Italy_Medieval_EarlyModern_oCentralEuropean.SG,508.0,0.8283399939537048,-1.0090120496431452,0.17093353755978297,0.3741625393389691
R121.SG,Italy,Italy_LateAntiquity.SG,1450.0,0.507411539554596,-1.0527089553515083,0.20471937408281135,0.4339926233016374
R1220.SG,Italy,Italy_Medieval_EarlyModern_oCentralEuropean.SG,465.0,0.6794113516807556,-1.0188179508765356,0.2327481855710642,0.429688386254679
R1221.SG,Italy,Italy_Medieval_EarlyModern_oCentralEuropean.SG,465.0,0.7680632472038269,-1.0556155156728688,0.18435624022037933,0.426501291364355
R1224.SG,Italy,Italy_Medieval_EarlyModern_oCentralEuropean.SG,465.0,0.6984703540802002,-1.056686093092708,0.19119580673240383,0.3685242886737081
R122.SG,Italy,Italy_LateAntiquity.SG,1450.0,0.7910581827163696,-1.0362114277268453,0.24429772664431285,0.3984455415808796
R123.SG,Italy,Italy_Imperial.SG,1780.0,0.5390551686286926,-1.0300814686546027,0.2010305954993822,0.4526614656164948
R125.SG,Italy,Italy_Imperial.SG,1750.0,0.5425238609313965,-1.0699798001096952,0.1959322464981427,0.46487694484950143
R126.SG,Italy,Italy_Imperial.SG,1650.0,0.6933616995811462,-0.9917615611603763,0.22485022353750733,0.42329560227688934
R1283.SG,Italy,Italy_Medieval_EarlyModern.SG,1095.0,0.703639805316925,-1.0218120618546156,0.2440539899011677,0.32494350451874354
R1285.SG,Italy,Italy_Medieval_EarlyModern.SG,935.0,0.6824299693107605,-1.0459057432692174,0.20881518556977574,0.3732447185753729
R1286.SG,Italy,Italy_Medieval_EarlyModern_oCentralEuropean.SG,520.0,0.7068068385124207,-1.1421140614170557,0.21683513007500993,0.5223767995286546
R1287.SG,Italy,Italy_Medieval_EarlyModern.SG,525.0,0.7286557555198669,-1.0176814191150736,0.19241026667660072,0.3617697476388767
R1288.SG,Italy,Italy_Medieval_EarlyModern_oCentralEuropean.SG,525.0,0.7211043238639832,-0.9945722723067462,0.1639570723593177,0.358332505682344
R1289.SG,Italy,Italy_Medieval_EarlyModern_oIberian.SG,525.0,0.5876304507255554,-1.0034235042861537,0.17140344507193667,0.4238077906792076
R128.SG,Italy,Italy_Imperial.SG,1750.0,0.6583353281021118,-1.0640356972705876,0.2167915227096549,0.44157434993200245
R1290.SG,Italy,Italy_Medieval_EarlyModern.SG,602.0,0.7110103368759155,-1.0449456475667331,0.20541306255512262,0.401336183703715
R130.SG,Italy,Italy_LateAntiquity.SG,1550.0,0.7908772826194763,-0.9611291394727122,0.19539063597771317,0.3755810118388753
R131.SG,Italy,Italy_Imperial.SG,1850.0,0.4897888302803039,-1.044657223425154,0.20805704308006415,0.38480644708901063
R132.SG,Italy,Italy_Imperial_oAfrica.SG,1670.0,0.8168567419052124,-1.0827507819320408,0.21173476160063553,0.3471609550198975
R133.SG,Italy,Italy_LateAntiquity.SG,1550.0,0.8269937038421631,-1.0422714896406786,0.22570840279331858,0.41046616228899285
R134.SG,Italy,Italy_LateAntiquity.SG,1550.0,0.7305381298065186,-0.9889144673822597,0.21772476772230442,0.4383876660044753
R136.SG,Italy,Italy_LateAntiquity.SG,1550.0,0.874295711517334,-1.0391009173961385,0.20310159275181597,0.4061724053091815
R137.SG,Italy,Italy_LateAntiquity.SG,1550.0,0.7730883359909058,-1.0446357278998422,0.1583063409185356,0.42427230905983765
R1543.SG,Italy,Italy_Imperial.SG,1750.0,0.677560567855835,-1.0572393559059448,0.24243571287864632,0.4133263102443858
R1544.SG,Italy,Italy_Imperial.SG,1750.0,0.6493856906890869,-1.0568285411387965,0.18204565975411457,0.4653821556144189
R1545.SG,Italy,Italy_Imperial.SG,1750.0,0.8193814754486084,-1.0293600818621316,0.22789979027953253,0.4019313019074529
R1547.SG,Italy,Italy_Imperial_oLevant.SG,1814.0,0.5818859934806824,-1.0261453278341446,0.2203566707179488,0.4547363223562962
R1548.SG,Italy,Italy_Imperial.SG,1814.0,0.632192850112915,-0.9937304966288577,0.18702279761413937,0.415879195297243
R1549.SG,Italy,Italy_Imperial.SG,1814.0,0.6872271299362183,-0.9884591203594689,0.18110976107373053,0.38452212535967156
R1550.SG,Italy,Italy_Imperial_oLevant.SG,1814.0,0.6294175386428833,-1.0626810652488352,0.2050942414539073,0.42961808710051486
R1551.SG,Italy,Italy_Imperial_oAnatoliaCaucasus.SG,1797.0,0.6077656745910645,-1.0302163898098362,0.16896256069955012,0.40011464865466734
R15.SG,Italy,Italy_Epigravettian.SG,9086.0,0.9560986161231996,-0.9022546383946347,0.20557260539936723,0.31273257609176636
R16.SG,Italy,Italy_Central_N.SG,7202.0,0.4428104162216186,-1.0668778195923034,0.2215843532171874,0.42863647074161093
R17.SG,Italy,Italy_Central_N.SG,7216.0,0.4643908739089966,-1.025616469724432,0.23694487146761492,0.437223528020261
R18.SG,Italy,Italy_Central_N.SG,7271.0,0.4919266998767853,-1.0230224094743512,0.22633198079842723,0.41375862615237563
R19.SG,Italy,Italy_Central_N.SG,7146.0,0.4313450157642364,-1.0357809393180497,0.21317545946522307,0.4096885895869525
R22.SG,Italy,Italy_Sardinia_C_BA.SG,3868.0,0.5717393159866333,-1.0158082227646814,0.2077684599178614,0.39118547627314915
R24.SG,Italy,Italy_Sardinia_N_o.SG,5396.0,0.4551128149032593,-0.9804117988276204,0.19032699542233425,0.35471728490523796
R25.SG,Italy,Italy_Sardinia_EBA_Nuragic_mother.SUC003.SG,4081.0,0.461648017168045,-1.0392984311105364,0.2033037421529745,0.45276802878778133
R26.SG,Italy,Italy_Sardinia_EBA.SG,4347.0,0.4382776319980621,-1.0477590228934508,0.23227755587883436,0.400147091267737
R27.SG,Italy,Italy_Sardinia_C_BA.SG,4150.0,0.542080283164978,-1.0134695539919405,0.2223122889363325,0.3771335021966394
R28.SG,Italy,Italy_Sardinia_EBA.SG,4185.0,0.5565626621246338,-1.049440897383005,0.2398308404268914,0.39725063791137233
R29.SG,Italy,Italy_Sardinia_C_BA.SG,4150.0,0.4647420644760132,-0.9864764748242985,0.18140170352224555,0.3878714652671151
R2.SG,Italy,Italy_South_N.SG,7981.0,0.9535714387893676,-1.0285401916179584,0.18857092901879882,0.397866401096299
R30.SG,Italy,Italy_LateAntiquity.SG,1450.0,0.8005633354187012,-1.077142930801267,0.22336306294280062,0.4016606604235875
R31.SG,Italy,Italy_LateAntiquity_o3CentralEuropean.SG,1538.0,0.888455331325531,-1.0237958741812534,0.20378361698599332,0.411909280558487
R32.SG,Italy,Italy_LateAntiquity.SG,1450.0,0.548100471496582,-1.0562345505217283,0.2262606171129907,0.4353197049834034
R33.SG,Italy,Italy_LateAntiquity_oCentralEuropean.SG,1450.0,0.8255168199539185,-1.0351626769939748,0.22182052103532637,0.4122949098940548
R34.SG,Italy,Italy_LateAntiquity.SG,1450.0,0.717470109462738,-1.0294060610046507,0.19998265126733936,0.40991061339371543
R35.SG,Italy,Italy_LateAntiquity.SG,1450.0,0.5195006132125854,-1.0585449961446127,0.21605904547199908,0.40837389830741766
R36.SG,Italy,Italy_LateAntiquity.SG,1450.0,0.7619798183441162,-1.0343756596950602,0.22157858029642552,0.43731500133646944
R38.SG,Italy,Italy_Imperial.SG,1750.0,0.730140745639801,-1.0075934940812339,0.23283576818244867,0.48536015535300003
R39.SG,Italy,Italy_Imperial.SG,1798.0,0.8376870155334473,-1.041205898263275,0.20856405209475276,0.42765107100052374
R3.SG,Italy,Italy_South_N.SG,7716.0,0.9579509496688844,-1.021789447522743,0.20847476828761013,0.41175132382685586
R40.SG,Italy,Italy_Imperial.SG,1750.0,0.6884347796440125,-1.0083782619842128,0.2087728584006562,0.4709313492863545
R41.SG,Italy,Italy_Imperial.SG,1750.0,0.7286654710769653,-0.9848184193805868,0.19186520248771577,0.36961741957061806
R42.SG,Italy,Italy_Imperial_oLevant.SG,1863.0,0.956783890724182,-1.0460935076520086,0.23312989830617672,0.45888960920381416
R435.SG,Italy,Italy_IA_Republic.SG,2350.0,0.6915604472160339,-1.0427138318777986,0.23885224507331673,0.40772608593822024
R436.SG,Italy,Italy_Imperial.SG,1850.0,0.8013224601745605,-1.0037795600066663,0.19387676997396372,0.39927361567248426
R437.SG,Italy,Italy_IA_Republic_oEasternMediterranean.SG,2250.0,0.7952187061309814,-1.0527381400977913,0.22457273687477516,0.4203230444481359
R43.SG,Italy,Italy_Imperial.SG,1750.0,0.8100936412811279,-1.0502669509705784,0.2334091815212357,0.39689242026373406
R44.SG,Italy,Italy_Imperial.SG,1750.0,0.6994938254356384,-1.0759521032806527,0.2311114242420209,0.449728897542334
R45.SG,Italy,Italy_Imperial_o1.SG,1750.0,0.7039406895637512,-1.0017909052923855,0.22281821953084763,0.37675149172196704
R473.SG,Italy,Italy_IA_Republic.SG,2600.0,0.9061980843544006,-1.0271573549859834,0.18773262567812654,0.41386347276884644
R474.SG,Italy,Italy_IA_Republic.SG,2600.0,0.7580755352973938,-1.0472433023134464,0.22239157362034434,0.4306944948053031
R475.SG,Italy,Italy_IA_Republic_oEasternMediterranean_o.SG,2600.0,0.7431876063346863,-1.0536407562573795,0.20816022589033173,0.37984161667737765
R47.SG,Italy,Italy_Imperial.SG,1655.0,0.7289476990699768,-1.0464653422101526,0.23601311146787554,0.41544142299092796
R49.SG,Italy,Italy_Imperial.SG,1750.0,0.7507714629173279,-1.095483941574224,0.24976752388642084,0.40146920588805135
R4.SG,Italy,Italy_South_C.SG,4841.0,0.9707862138748168,-1.0728818094532866,0.20554159106639275,0.4080224279216042
R50.SG,Italy,Italy_Imperial.SG,1699.0,0.785958468914032,-1.0183587747882317,0.24130216861371498,0.41150753480148905
R51.SG,Italy,Italy_Imperial.SG,1750.0,0.6724454760551453,-0.9856277200758705,0.23717470777168176,0.4550120947330285
R52.SG,Italy,Italy_Medieval_EarlyModern.SG,595.0,0.5507703423500061,-1.0656424357827896,0.2113190524688427,0.4271445040568523
R53.SG,Italy,Italy_Medieval_EarlyModern.SG,595.0,0.7703779339790344,-1.015789536708479,0.2472132891511669,0.38828697035385307
R54.SG,Italy,Italy_Medieval_EarlyModern.SG,595.0,0.6142376661300659,-1.0120021537822794,0.2453515843210523,0.4524070603137382
R55.SG,Italy,Italy_Medieval_EarlyModern_oCentralEuropean.SG,595.0,0.806152880191803,-1.0436423583644172,0.1808530803921432,0.38176807824310216
R56.SG,Italy,Italy_Medieval_EarlyModern.SG,595.0,0.6388026475906372,-1.0427726639523285,0.19870465443954138,0.4192020466915444
R57.SG,Italy,Italy_Medieval_EarlyModern.SG,595.0,0.7350457906723022,-1.0256001660740404,0.218528430828204,0.47008975173703105
R58.SG,Italy,Italy_Medieval_EarlyModern.SG,850.0,0.8240188956260681,-1.0881578333127215,0.21343511001114188,0.4137491529915911
R59.SG,Italy,Italy_Medieval_EarlyModern.SG,1045.0,0.7980102300643921,-1.0060763834720996,0.2180594906240077,0.43317200372118925
R5.SG,Italy,Italy_South_C.SG,4832.0,0.811317503452301,-0.9617073371207815,0.200666838170327,0.40744546891983907
R60.SG,Italy,Italy_Medieval_oAegean.SG,1045.0,0.8669292330741882,-1.020025095627212,0.16403987089651664,0.387293224215771
R61.SG,Italy,Italy_Medieval_EarlyModern_oCentralEuropean.SG,595.0,0.8090701103210449,-1.0576455213523324,0.19505448427845634,0.4495579353261368
R62.SG,Italy,Italy_Medieval_EarlyModern_oCentralEuropean.SG,735.0,0.8397283554077148,-1.0505535816647218,0.21085402686247626,0.4543668483124316
R63.SG,Italy,Italy_Medieval_EarlyModern_oIberian.SG,960.0,0.8904569745063782,-1.0591032566988634,0.2298675167964841,0.39876644900145347
R64.SG,Italy,Italy_Medieval_EarlyModern.SG,840.0,0.8854213356971741,-1.0325683056206754,0.24148495712378523,0.40441957631748077
R65.SG,Italy,Italy_Medieval_EarlyModern.SG,840.0,0.8832201957702637,-1.0648176766307003,0.22093882469500187,0.4152373075000291
R66.SG,Italy,Italy_Imperial.SG,1750.0,0.4851498007774353,-1.074137906943501,0.2125880249701253,0.42358073600798635
R67.SG,Italy,Italy_Imperial_oAnatoliaCaucasus.SG,1750.0,0.8375832438468933,-1.0524144560808357,0.20749033414299733,0.42901770339272427
R68.SG,Italy,Italy_Imperial_oAnatoliaCaucasus.SG,1750.0,0.7777671217918396,-1.0046583127489215,0.18072994707056292,0.4529644380027305
R69.SG,Italy,Italy_Imperial.SG,1750.0,0.8269742727279663,-1.0025532500961654,0.2096014062197138,0.41338482286707934
R6.SG,Italy,Italy_South_N_oWHG.SG,7202.0,0.4523683190345764,-1.0500571265010379,0.20872625494046232,0.3754727391803682
R70.SG,Italy,Italy_Imperial_oLevant.SG,1750.0,0.7150759696960449,-1.042479896628052,0.2806800290061653,0.43973228219990584
R71.SG,Italy,Italy_Imperial.SG,1750.0,0.609921395778656,-1.022642006830882,0.2119032360883684,0.40774227030125343
R72.SG,Italy,Italy_Imperial.SG,1750.0,0.5947504043579102,-1.0150413796971343,0.18361688272181226,0.4640192912922522
R73.SG,Italy,Italy_Imperial.SG,1750.0,0.6662760376930237,-0.9977767314724219,0.19520503370522432,0.46906742363440823
R75.SG,Italy,Italy_Imperial.SG,1850.0,0.4824644923210144,-1.0222491113061365,0.2675046659062415,0.4696402501428636
R76.SG,Italy,Italy_Imperial.SG,1850.0,0.5355182886123657,-1.0159741958826487,0.24585989220925727,0.3616561723961245
R78.SG,Italy,Italy_Imperial.SG,1850.0,0.7197823524475098,-1.0664783442341002,0.20849636651287468,0.48221819824840056
R7.SG,Italy,Italy_Epigravettian.SG,10706.0,0.9586265683174132,-0.8621609371729168,0.19775919200387385,0.33701262722718334
R80.SG,Italy,Italy_Imperial_o1.SG,1840.0,0.8682349920272827,-1.0113682755091007,0.18824019500964162,0.38669487123486707
R81.SG,Italy,Italy_Imperial.SG,1850.0,0.4390699863433838,-1.0315080362732478,0.2341632551483836,0.42194030784973424
R835.SG,Italy,Italy_Imperial.SG,1814.0,0.4888399541378021,-1.0269834782460552,0.23109199057403207,0.40855558019658017
R836.SG,Italy,Italy_Imperial.SG,1814.0,0.4800233244895935,-1.0087510653579872,0.20949088417424777,0.4057379807081489
R850.SG,Italy,Italy_IA_Republic_oEasternMediterranean.SG,2600.0,0.5351881980895996,-1.0128109296947307,0.23715226893523325,0.4373959404371598
R851.SG,Italy,Italy_IA_Republic.SG,2600.0,0.5528627634048462,-1.0401460447412343,0.20588219328851048,0.3895742487546811
R8.SG,Italy,Italy_South_N.SG,7708.0,0.4524356126785278,-0.9942599431537794,0.16155343310224649,0.39434525136873755
R969.SG,Italy,Italy_Medieval_EarlyModern.SG,300.0,0.9279099106788636,-1.0747737343582076,0.20222200150707056,0.4154705011852425
R970.SG,Italy,Italy_Medieval_EarlyModern_o.SG,300.0,0.5137845277786255,-0.993305983898646,0.20432286385499757,0.3885566217896646
R973.SG,Italy,Italy_Medieval_EarlyModern.SG,300.0,0.7110476493835449,-1.0859424188673183,0.17058249989751784,0.4265303608969101
R9.SG,Italy,Italy_South_N.SG,7481.0,0.975821852684021,-1.0092519860956888,0.2122556525627072,0.38773950380335714
R10467.SG,Slovenia,Slovenia_Emona_Roman.SG,1628.0,0.6587570309638977,2.549682938393677,0.5946077608671648,0.4654716301372974
R10469.SG,Slovenia,Slovenia_Emona_Roman.SG,1650.0,0.4261698722839355,2.5675971871931225,0.6026416403739674,0.4776413223545506
R10471.SG,Slovenia,Slovenia_Emona_Roman.SG,1655.0,0.395693302154541,2.5757148167120008,0.6000500987253714,0.4754527572980727
R10473.SG,Slovenia,Slovenia_Emona_Roman.SG,1639.0,0.4119875431060791,2.5591336130590614,0.6082012314799348,0.44894765394890673
R10474.SG,Slovenia,Slovenia_Emona_Roman_oEurope.SG,1609.0,0.4682359397411346,2.555712454422436,0.588265365756809,0.4914515654613263
R10477.SG,Slovenia,Slovenia_Emona_Roman.SG,1659.0,0.5492724180221558,2.564168844086002,0.604287088323362,0.44835912921018634
R10478.SG,Slovenia,Slovenia_Emona_Roman.SG,1622.0,0.5242434740066528,2.5538557328229956,0.5855036126549171,0.4671705462878605
R10487.SG,Portugal,Portugal_Conimbriga_Roman.SG,1587.0,0.6467061042785645,-1.6549841313303713,0.2335223972658329,-0.49407787408480586
R10488.SG,Portugal,Portugal_Conimbriga_Roman.SG,1600.0,0.5641651749610901,-1.6535423135024072,0.23817708696521184,-0.4766000863515055
R10491.SG,Portugal,Portugal_MonteDaNora_LateRoman.SG,1119.0,0.8067255020141602,-1.6017182306496232,0.22616646520652303,-0.46158051776696263
R10494.SG,Portugal,Portugal_MonteDaNora_LateRoman.SG,1178.0,0.84357750415802,-1.680756940688408,0.24190106168804312,-0.46361857179933774
R10496.SG,Portugal,Portugal_MonteDaNora_LateRoman.SG,1116.0,0.8292897343635559,-1.6398263228470789,0.2287729474211941,-0.47091018777682997
R10499.SG,Portugal,Portugal_Miroico_LateRoman_oAfrica.SG,1609.0,0.799986720085144,-1.6569313829040244,0.2376934375652792,-0.5020935814182476
R10500.SG,Portugal,Portugal_Miroico_LateRoman.SG,1525.0,0.5229572057723999,-1.641915589988647,0.2386773502198599,-0.49097126941431457
R10501.SG,Portugal,Portugal_Miroico_LateRoman.SG,1525.0,0.6307460069656372,-1.6582269022100988,0.23930585676388175,-0.4957468543062982
R10502.SG,Portugal,Portugal_Miroico_LateRoman.SG,1525.0,0.7040095925331116,-1.6660828959200855,0.24180429932962874,-0.4903070021188322
R10503.SG,Portugal,Portugal_Miroico_LateRoman_oAfrica.SG,1401.0,0.8714409470558167,-1.6690574687998503,0.23789950393054324,-0.47142843382462607
R10506.SG,Portugal,Portugal_Miroico_LateRoman.SG,1525.0,0.7577900886535645,-1.6445480089425457,0.23205814217746606,-0.4886241653304233
R10507.SG,Portugal,Portugal_Miroico_LateRoman.SG,1525.0,0.4972818493843078,-1.6751729412974732,0.24515729306389314,-0.4754434526792237
R10508.SG,Portugal,Portugal_Miroico_LateRoman.SG,1587.0,0.6536881327629089,-1.652453855469854,0.23895009746593066,-0.49053299011848656
R10618.SG,Poland,Poland_Weklice_WielbarkCulture_Roman.SG,1789.0,0.563877284526825,-0.5042023426105209,-0.22575654921200844,-0.5120111760602051
R10620.SG,Poland,Poland_Weklice_WielbarkCulture_Roman.SG,1941.0,0.4191058874130249,-0.47974118614260247,-0.21883848015137064,-0.516487963539729
R10625.SG,Poland,Poland_Weklice_WielbarkCulture_Roman.SG,1875.0,0.5767595171928406,-0.4915389846892417,-0.19816336365335804,-0.5217758843866603
R10626.SG,Poland,Poland_Weklice_WielbarkCulture_Roman.SG,1875.0,0.5240049958229065,-0.4714144938761619,-0.19335757471974407,-0.5043511567898802
R10631.SG,Poland,Poland_Weklice_WielbarkCulture_Roman.SG,1875.0,0.4614996016025543,-0.49424089605441457,-0.20611741463911323,-0.5111188094389936
R10633.SG,Poland,Poland_Weklice_WielbarkCulture_Roman.SG,1875.0,0.6277735829353333,-0.49795880630548955,-0.2025216863906638,-0.49899163598643215
R10634.SG,Poland,Poland_Weklice_WielbarkCulture_Roman.SG,1875.0,0.6121573448181152,-0.4778933746122985,-0.20346809023249918,-0.5200848975854948
R10636.SG,Poland,Poland_Weklice_WielbarkCulture_Roman.SG,1875.0,0.5841528177261353,-0.5102539006493483,-0.20691422118936123,-0.5102118636418348
R10654.SG,Austria,Austria_Klosterneuburg_Roman_oLevant.SG,1603.0,0.8571417927742004,0.08789962941100125,-0.2232512060200642,-0.1539374977646107
R10656.SG,Austria,Austria_Klosterneuburg_Roman.SG,1725.0,0.5073409676551819,0.09915913902469053,-0.21673621003834853,-0.1529590987432484
R10657.SG,Austria,Austria_Klosterneuburg_Roman.SG,1863.0,0.6306121945381165,0.08088336664919486,-0.22206053530800496,-0.14505185641304705
R10658.SG,Austria,Austria_Klosterneuburg_Roman_oLevant.SG,1725.0,0.5334258675575256,0.07378342266829842,-0.22021453750894757,-0.14158722056547612
R10659.SG,Austria,Austria_Klosterneuburg_Roman.SG,1863.0,0.718824565410614,0.08487870385257748,-0.22039109462772855,-0.16657504743326318
R10660.SG,Austria,Austria_Klosterneuburg_Roman_oLevant.SG,1725.0,0.8545652031898499,0.06675225164495183,-0.22045931382477496,-0.14590248177658977
R10665.SG,Austria,Austria_Ovilava_Roman.SG,1235.0,0.8511913418769836,0.08548058296998984,-0.245695789678756,-0.14072061094074367
R10666.SG,Austria,Austria_Ovilava_Roman.SG,1241.0,0.8489156365394592,0.08478843315894934,-0.21119831343454035,-0.1454639853603477
R10667.SG,Austria,Austria_Ovilava_Roman_oAfrica.SG,1780.0,0.8380917310714722,0.018519495146123204,-0.1934356539093614,-0.13538344768449204
R10668.SG,Austria,Austria_Ovilava_Roman_oLevant.SG,1735.0,0.8514833450317383,0.06632600636501224,-0.2083542900367518,-0.11086603303773315
R10670.SG,Austria,Austria_Ovilava_Roman.SG,1681.0,0.8802810907363892,0.04091402640153836,-0.22780261598741586,-0.14242397077312882
R10830.SG,Lithuania,Lithuania_Marvele_Roman.SG,1512.0,0.537390947341919,-0.2378019982744762,-0.5623744539122174,0.11455612730269056
R10832.SG,Lithuania,Lithuania_Marvele_Roman.SG,1475.0,0.4602546691894531,-0.22662288390825625,-0.565208536000235,0.11459157563011092
R10836.SG,Lithuania,Lithuania_Marvele_Roman.SG,1475.0,0.4791190326213836,-0.23023000637391122,-0.5566239387013512,0.12283894771396092
R10838.SG,Lithuania,Lithuania_Marvele_Roman.SG,1475.0,0.5490006804466248,-0.23034773658569863,-0.5581716160741993,0.10876636039895544
R10840.SG,Lithuania,Lithuania_Bailuliai_BarrowCulture.SG,1581.0,0.5114293098449707,-0.22960278941193218,-0.5716080958222498,0.11021820291987985
R11109.SG,Italy,Italy_RomanImperial.SG,1750.0,0.5146539211273193,-1.0331137130871584,0.18889866087637203,0.38749196763877897
R11111.SG,Italy,Italy_RomanImperial.SG,1750.0,0.6686490774154663,-1.042234126410358,0.23008894672796532,0.44435397880411276
R11112.SG,Italy,Italy_RomanImperial.SG,1750.0,0.6364020705223083,-1.00175549881664,0.21441040546300924,0.37186794172057963
R11113.SG,Italy,Italy_RomanImperial.SG,1750.0,0.6607124209403992,-0.9900022113344206,0.20038878229399654,0.4443248725100823
R11116.SG,Italy,Italy_RomanImperial.SG,1750.0,0.6057851910591125,-0.9663867210178682,0.18910536880336062,0.40892721283109396
R11117.SG,Italy,Italy_RomanImperial.SG,1750.0,0.5698966383934021,-1.0254975196769773,0.20643326690728186,0.40354061498737576
R11118.SG,Italy,Italy_RomanImperial_oEurope.SG,1750.0,0.7821937203407288,-1.0682368035232057,0.21266372700035371,0.41533209708552565
R11119.SG,Italy,Italy_RomanImperial.SG,1750.0,0.5919807553291321,-0.9797287598541846,0.1933330015884511,0.3773275169763174
R11120.SG,Italy,Italy_RomanImperial.SG,1750.0,0.6468033790588379,-1.041685370237187,0.18639433337124098,0.48287216146350415
R11121.SG,Italy,Italy_RomanImperial_oEurope.SG,1750.0,0.5929142832756042,-1.0134095073124587,0.2044708246770452,0.4059015184056908
R11391.SG,Poland,Poland_Weklice_WielbarkCulture_Roman.SG,1875.0,0.3899723589420318,-0.4804668072741048,-0.1797450398865576,-0.5149529561506735
R11550.SG,France,France_Sarrebourg_LateAntiquity_oLevant.SG,1609.0,0.7296662926673889,-0.32746636622139486,-0.005816896197891063,-0.4630633978206103
R11552.SG,France,France_Sarrebourg_LateAntiquity.SG,1675.0,0.5812104344367981,-0.3477539535514058,-0.030810316321929924,-0.435218531912994
R11554.SG,France,France_Sarrebourg_LateAntiquity.SG,1675.0,0.6182992458343506,-0.31800960037169657,-0.037690887678415316,-0.4882293556989811
R11556.SG,France,France_Sarrebourg_LateAntiquity_oLevant.SG,1668.0,0.3448114395141601,-0.3329093844012873,-0.009517756255906182,-0.46904087316825194
R11557.SG,France,France_Sarrebourg_LateAntiquity.SG,1587.0,0.7011783123016357,-0.3365078016576921,-0.011526297059940063,-0.451471902875678
R11558.SG,France,France_Sarrebourg_LateAntiquity_oLevant.SG,1609.0,0.5816978216171265,-0.3332549857202486,-0.02495464763619611,-0.48333531167447746
R11559.SG,France,France_Sarrebourg_LateAntiquity_oLevant.SG,1675.0,0.7244530320167542,-0.3267127424154388,-0.01588998034266944,-0.502139235032728
R11560.SG,France,France_Sarrebourg_LateAntiquity.SG,1598.0,0.548966646194458,-0.29803933424963097,0.030851978702736302,-0.4609131080691271
R11561.SG,France,France_Sarrebourg_LateAntiquity.SG,1675.0,0.6351498365402222,-0.31520827807707386,-0.040741663788401244,-0.4893664888906135
R11563.SG,France,France_Sarrebourg_LateAntiquity_oLevant.SG,1742.0,0.6216244101524353,-0.3037086743290308,-0.024280411203637497,-0.4402799483345542
R11828.SG,Italy,Italy_Sardinia_SantImbenia_Phoenician.SG,2993.0,0.5957309603691101,-1.0620797790340062,0.1973188480941511,0.42133788302249153
R11829.SG,Italy,Italy_Sardinia_SantImbenia_Phoenician.SG,2907.0,0.60929936170578,-1.0616326896603028,0.2253724247357662,0.3492621781487963
R11832.SG,Italy,Italy_Sardinia_SantImbenia_RomanImperial.SG,1653.0,0.6176909804344177,-1.0229544121452434,0.17435116112178728,0.3916058941646561
R11833.SG,Italy,Italy_Sardinia_SantImbenia_RomanImperial.SG,1639.0,0.6278344392776489,-1.0480067769705415,0.22360176028120404,0.4140701065674362
R11834.SG,Italy,Italy_Sardinia_SantImbenia_RomanImperial.SG,1763.0,0.6584869623184204,-1.1011877254367344,0.18772079670905814,0.4431247717471039
R11835.SG,Italy,Italy_Sardinia_SantImbenia_RomanImperial.SG,2738.0,0.6414360404014587,-1.0657640746923056,0.23629860232813174,0.35498704850390955
R11836.SG,Italy,Italy_Sardinia_SantImbenia_RomanImperial.SG,1825.0,0.6113163232803345,-1.0881899113740217,0.2030547567505296,0.47045072188829745
R11866.SG,Germany,Germany_Hassleben_Germanic.SG,1500.0,0.2353008389472961,0.31672182193978327,0.12180196204301123,0.8522595618007603
R11867.SG,Germany,Germany_Hassleben_Germanic_elite_1.SG,1500.0,0.3408836722373962,0.30136309113342785,0.17209714174595328,0.7799090224785185
R11868.SG,Germany,Germany_Hassleben_Germanic.SG,1500.0,0.5701667666435242,0.29856005720623335,0.14547609234875883,0.7921127360640663
R11872.SG,Germany,Germany_Hassleben_Germanic.SG,1500.0,0.4661021530628204,0.23505575208093807,0.07200775260436204,0.7399863125578929
R11873.SG,Germany,Germany_Hassleben_Germanic.SG,1500.0,0.4551063179969787,0.2515588060603335,0.10439934488248612,0.7598445820568261
R11875.SG,Germany,Germany_Hassleben_Germanic_oNorthernEurope.SG,1500.0,0.5364744663238525,0.30287824716674083,0.08944771292822386,0.8177076721607932
R11877.SG,Germany,Germany_Hassleben_Germanic_elite_2.SG,1500.0,0.1425134986639022,0.28379995572334615,0.12785614109162902,0.772015491294961
R12229.SG,Lebanon,Lebanon_EjJaouze_Phoenician.SG,1465.0,0.76739501953125,-1.2400712733183965,0.6147860209698649,1.3817257044151003
R12233.SG,Lebanon,Lebanon_EjJaouze_Phoenician.SG,1463.0,0.3278359472751617,-1.2154174399194988,0.5844031226218876,1.351441742667424
R1223.SG,Italy,Italy_PalazzoDellaCancelleria_Medieval_oEurope.SG,465.0,0.4702270030975342,-1.022515208823456,0.19268593494701902,0.37600676301285485
R12245.SG,Lebanon,Lebanon_EjJaouze_Phoenician.SG,1330.0,0.3378098905086517,-1.2042186224161389,0.6324064489911709,1.36034775769067
R12246.SG,Lebanon,Lebanon_EjJaouze_Phoenician.SG,1360.0,0.333351731300354,-1.2029598181409469,0.5917120257665168,1.3473954241816068
R1225.SG,Italy,Italy_PalazzoDellaCancelleria_Medieval_oAegean.SG,465.0,0.5251672267913818,-1.0216539101769992,0.20257596235959688,0.4289467386692121
R1291.SG,Italy,Italy_PalazzoDellaCancelleria_Roman_Medieval_possible.SG,1000.0,0.5201737284660339,-1.030676159114281,0.21603830796828663,0.415340609752523
R1292.SG,Italy,Italy_PalazzoDellaCancelleria_Roman_Medieval_possible.SG,1000.0,0.4348048269748688,-1.0339994040893992,0.22658968954678102,0.4080553221685438
R1294.SG,Italy,Italy_PalazzoDellaCancelleria_Roman_Medieval_possible.SG,1000.0,0.4497284293174743,-1.054840927953196,0.1703016546540506,0.39681749375898706
R1554.SG,Italy,Italy_Bivio_Roman.SG,1777.0,0.5140781402587891,-1.0410157770897746,0.21967658386472733,0.4044852125341977
R1555.SG,Italy,Italy_Bivio_Roman.SG,1798.0,0.4990620613098144,-1.0087001955000505,0.15866444707474853,0.42405572519361495
R1556.SG,Italy,Italy_Bivio_Roman.SG,1825.0,0.5078713893890381,-1.0385681355431637,0.19855074961390914,0.37997957045360403
R1557.SG,Italy,Italy_Bivio_Roman.SG,1825.0,0.4856745302677154,-0.9930914821813271,0.18304963837484786,0.382793422123302
R1874.SG,France,France_LesMarmousets_ProtoMerovingien_possible.SG,1622.0,0.6008127927780151,-0.33692247387473856,0.029754001211809062,-0.4900395113563541
R2040.SG,Croatia,Croatia_SisakPogorelec_Roman.SG,1625.0,0.4543350338935852,-0.2143764837363329,-0.21620226918366242,0.6540888208067236
R2041.SG,Croatia,Croatia_SisakPogorelec_Roman.SG,1647.0,0.4895552694797516,-0.24362272323764533,-0.21289177583608002,0.6082564750514942
R2042.SG,Croatia,Croatia_SisakPogorelec_Roman.SG,1628.0,0.4446481764316559,-0.23613783666674026,-0.2171884688428489,0.6551973872877235
R2045.SG,Croatia,Croatia_Sipar_Roman.SG,1371.0,0.4162624478340149,-0.24703230006245416,-0.23025909052585214,0.6363384206349977
R2050.SG,Croatia,Croatia_MirineFulfinum_Roman.SG,1475.0,0.5800214409828186,-0.23289146943963066,-0.21825394404507253,0.6387505867380886
R2051.SG,Croatia,Croatia_MirineFulfinum_Roman.SG,1475.0,0.4783315360546112,-0.22967834432141715,-0.22438382163291185,0.61115017949041
R2053.SG,Croatia,Croatia_MirineFulfinum_Roman.SG,1512.0,0.6412106156349182,-0.22960316963781757,-0.20295253213790337,0.587883840471249
R2055.SG,France,France_Metz_GalloRoman.SG,1461.0,0.5647742748260498,-0.3013002069809465,0.029467327635856168,-0.4873303584822042
R2057.SG,France,France_Metz_GalloRoman.SG,1502.0,0.4408550560474396,-0.33273114412043914,0.047295009606774685,-0.47046234567410045
R2058.SG,France,France_Metz_GalloRoman.SG,1475.0,0.4417228400707245,-0.32866514832972293,-0.032745300009730506,-0.416752539837285
R2065.SG,France,France_Metz_Medieval.SG,613.0,0.5936595797538757,-0.29810382779137706,-0.02383374988719303,-0.49008538268902707
R2066.SG,France,France_Metz_Medieval.SG,604.0,0.5047084093093872,-0.3767013752091311,-0.04367851937395547,-0.48399622204112386
R2200.SG,Slovakia,Slovakia_BytcaHrabove_Puchov_LaTene_Roman.SG,1960.0,0.6656572222709656,0.5732303102106837,-0.8385446380835503,0.3086786234454215
R2201.SG,Slovakia,Slovakia_BytcaHrabove_Puchov_LaTene_Roman.SG,1970.0,0.5020409226417542,0.562782976922137,-0.8213911944243761,0.33058102986623494
R2202.SG,Slovakia,Slovakia_Mikusovce_LaTene_Roman.SG,1925.0,0.5179734230041504,0.5508469396408353,-0.8361415890067255,0.3269700652712168
R2204.SG,Slovakia,Slovakia_Zohor_Germanic_Roman.SG,1800.0,0.6419826745986938,0.545719827691266,-0.8317775321522042,0.32263592514043843
R2206.SG,Slovakia,Slovakia_TesarkeMlynany_Germanic_MigrationPeriod.SG,1500.0,0.5758600831031799,0.5449808409141292,-0.8355953057370181,0.32323002420234653
R2207.SG,Slovakia,Slovakia_TesarkeMlynany_Germanic_MigrationPeriod.SG,1500.0,0.4935463070869446,0.5732924367109729,-0.81850135323664,0.32057044514003635
R2208.SG,Slovakia,Slovakia_TesarkeMlynany_Germanic_MigrationPeriod.SG,1650.0,0.5381954908370972,0.5500614959809381,-0.8182508865863155,0.3210082798771425
R2209.SG,Slovakia,Slovakia_TesarkeMlynany_Germanic_MigrationPeriod.SG,1550.0,0.6837868094444275,0.5423990837255102,-0.79598503785859,0.2928300306305999
R2210.SG,Slovakia,Slovakia_TesarkeMlynany_Germanic_MigrationPeriod.SG,1550.0,0.5586608052253723,0.5369434203234351,-0.8167509563691568,0.3345005437179105
R2211.SG,Slovakia,Slovakia_TesarkeMlynany_Germanic_MigrationPeriod.SG,1550.0,0.6763724088668823,0.5448739611172915,-0.831389746673358,0.34731825222418145
R3359.SG,Syria,Syria_TellMasaikh_Medieval.SG,1209.0,0.5488806962966919,-1.4254005126173281,0.15548634172511175,1.5716025861495688
R3361.SG,Syria,Syria_TellMasaikh_Medieval_oAfrica.SG,728.0,0.6455098390579224,-1.4188738918621893,0.15647520826971156,1.5698642927989572
R3473.SG,Lebanon,Lebanon_Chhim_Phoenician.SG,1279.0,0.5390713810920715,-1.211020579403569,0.6044802125734335,1.349770551705545
R3476.SG,Lebanon,Lebanon_Chhim_Phoenician.SG,1431.0,0.6153535842895508,-1.207339832504628,0.6094580793125416,1.3563315453959137
R3477.SG,Lebanon,Lebanon_Chhim_Phoenician.SG,1450.0,0.4877815544605255,-1.2461543463233202,0.6183463216605034,1.3813683983424374
R3478.SG,Montenegro,Montenegro_Doclea_Roman.SG,1133.0,0.6102595925331116,-5.924977759872571,-13.784133881145177,0.4512931060567909
R3481.SG,Montenegro,Montenegro_Doclea_Roman_oAegean.SG,1699.0,0.5570427775382996,-5.943733042712362,-13.816815697548435,0.45430660748487167
R3482.SG,Montenegro,Montenegro_Doclea_Roman.SG,864.0,0.6693059802055359,-5.951023074655826,-13.84022806947323,0.4460097858319229
R3542.SG,Croatia,Croatia_BeliManastir_Roman.SG,1616.0,0.5594158172607422,-0.24599508646920465,-0.21445326341134902,0.6486854165382058
R3543.SG,Croatia,Croatia_Tilurium_Roman.SG,1438.0,0.5942297577857971,-0.2121430644112217,-0.23478849857961157,0.6046285255080581
R3544.SG,Croatia,Croatia_Tilurium_Roman.SG,1374.0,0.6000252962112427,-0.2230425830935646,-0.21375135507696888,0.615293792977135
R3545.SG,Croatia,Croatia_Tilurium_Roman_oCaucasus.SG,1466.0,0.550958514213562,-0.21908637623208513,-0.18762335415660955,0.5868835412386529
R3547.SG,Croatia,Croatia_Roman.SG,1381.0,0.5608002543449402,-0.22357891130674543,-0.2136097382288201,0.67194208824554
R3655.SG,Croatia,Croatia_Mursa_Roman.SG,1729.0,0.4385022819042206,-0.1794643054134808,-0.2269167997463417,0.616922987645847
R3656.SG,Croatia,Croatia_Mursa_Roman.SG,1668.0,0.4837548434734344,-0.2204114858261436,-0.19628303646562198,0.5910405478437262
R3657.SG,Croatia,Croatia_Mursa_Roman.SG,1668.0,0.433963805437088,-0.21312565068180367,-0.22530833463858024,0.6459943741166795
R3659.SG,Croatia,Croatia_Scitarjevo_Roman.SG,1639.0,0.43280890583992,-0.25132294801655297,-0.1953677794589286,0.6211210171201507
R3660.SG,Croatia,Croatia_Scitarjevo_Roman_oNorthEurope.SG,1456.0,0.4830881655216217,-0.1950992473494298,-0.24973944985390967,0.6080867179358246
R3662.SG,Croatia,Croatia_Sipar_Roman.SG,1360.0,0.4762220680713653,-0.21228490358283186,-0.21358581610041313,0.6066073727467534
R3663.SG,Croatia,Croatia_Sipar_Roman.SG,1180.0,0.4073395729064941,-0.24212975867629152,-0.21569758240895714,0.6332096900211379
R3664.SG,Croatia,Croatia_Sipar_Roman.SG,1218.0,0.5477930903434753,-0.22857151520344515,-0.23178686075700305,0.6273155600660257
R3665.SG,Croatia,Croatia_Roman.SG,1780.0,0.3763990998268127,-0.23234056520000917,-0.21597053617079126,0.6261480105141378
R3670.SG,Croatia,Croatia_Roman.SG,1785.0,0.3563036322593689,-0.22803478179703465,-0.21694729451694006,0.6608259161438147
R3685.SG,Croatia,Croatia_LateAntiquity.SG,1450.0,0.5526754260063171,-0.23054804460469663,-0.18105976562448484,0.6187465248980376
R3742.SG,Croatia,Croatia_Roman_oLevant.SG,1773.0,0.4605320394039154,-0.23693452226028502,-0.18577992170802599,0.6416265334912724
R3743.SG,Croatia,Croatia_Roman.SG,1798.0,0.5317956805229187,-0.239340445119177,-0.22345999573186762,0.6311220372127351
R3744.SG,Croatia,Croatia_Roman.SG,1800.0,0.4701815843582153,-0.24122755697259426,-0.20016212554877055,0.6949385768919758
R3745.SG,Croatia,Croatia_Zadar_Roman.SG,1880.0,0.576204776763916,-0.21383961988340358,-0.22930737709497506,0.622725242055995
R3746.SG,Croatia,Croatia_Zadar_Roman.SG,1773.0,0.625756561756134,-0.24378131623058846,-0.20815381529257057,0.6649120047353551
R3747.SG,Croatia,Croatia_Zadar_Roman.SG,1775.0,0.6472559571266174,-0.24653161903078796,-0.22380522067582237,0.643744557137251
R3906.SG,Serbia,Serbia_Sirmium_Ottoman.SG,391.0,0.4554023444652557,-0.30236007649831975,0.8770402329168124,-0.1077395559964531
R3918.SG,Serbia,Serbia_Sirmium_LateRoman.SG,904.0,0.4564031362533569,-0.3016211600653345,0.8435793318596285,-0.09674872000502371
R3931.SG,Serbia,Serbia_Roman_elite_1.SG,1769.0,0.6478617787361145,-0.304048683807408,0.8676621388609284,-0.07548274397807933
R6681.SG,Serbia,Serbia_Beska_Severi_ValentinianValens_possible.SG,1609.0,0.6287614107131958,-0.3009399162708133,0.8347259231037107,-0.0718390165515711
R6688.SG,Serbia,Serbia_Beska_Severi_ValentinianValens_possible.SG,1625.0,0.4980247616767883,-0.27935637047923456,0.8750939838965297,-0.10307735416409108
R6693.SG,Serbia,Serbia_SvilosKrussevlje_Roman.SG,1675.0,0.4030427932739258,-0.32362874153448834,0.8394207810342523,-0.08755486451226432
R6701.SG,Serbia,Serbia_SvilosKrussevlje_Roman.SG,1661.0,0.6048581600189209,-0.2907050700582129,0.8634618720883386,-0.08318120173983751
R6730.SG,Serbia,Serbia_Sirmium_Roman.SG,1547.0,0.6433054804801941,-0.28950293691434953,0.8604242966704067,-0.07722009235890995
R6737.SG,Serbia,Serbia_Sirmium_Ottoman.SG,388.0,0.5969442129135132,-0.2940478239269025,0.8133367633569342,-0.0692420125888156
R6750.SG,Serbia,Serbia_Roman_elite_2.SG,1795.0,0.631891131401062,-0.3086342979116637,0.8601066363011095,-0.05821683858304698
R6756.SG,Serbia,Serbia_Roman_elite_3.SG,1769.0,0.5222329497337341,-0.2927967132200546,0.836777776603092,-0.08003035316635175
R6759.SG,Serbia,Serbia_Roman.SG,1789.0,0.6087129712104797,-0.29824712798978464,0.8499894530071532,-0.09526145104344538
R6764.SG,Serbia,Serbia_Naissus_LateAntiquity.SG,1616.0,0.6173819899559021,-0.28304558791353407,0.8662056015978613,-0.07566901484440566
R6769.SG,Serbia,Serbia_Naissus_LateAntiquity_oLevant.SG,1863.0,0.5453551411628723,-0.3278748575855823,0.8660756761688374,-0.06665748512662438
R9662.SG,Serbia,Serbia_Sirmium_Ottoman.SG,404.0,0.4523561298847198,-0.3020707342353475,0.8980279083639757,-0.09345180586564515
R9669.SG,Serbia,Serbia_Roman_elite_3.SG,1732.0,0.4598256349563598,-0.3160193349019933,0.860950623191641,-0.08093068588728834
R9673.SG,Serbia,Serbia_Roman_elite_1.SG,1800.0,0.656804084777832,-0.30559484302857337,0.8416446114526882,-0.08206147659130111
R9674.SG,Serbia,Serbia_Roman_elite_1.SG,1836.0,0.6507125496864319,-0.3042565989252215,0.8488930384941706,-0.09768796065226733
R9818.SG,Lebanon,Lebanon_Chhim_Phoenician.SG,1340.0,0.539454996585846,-1.2086129234836527,0.5955430266973124,1.3429953540328974
R9823.SG,Lebanon,Lebanon_Chhim_Phoenician.SG,1327.0,0.6587878465652466,-1.2248391168834685,0.6094496702600333,1.3537771325822185
R9918.SG,Montenegro,Montenegro_Doclea_Roman.SG,892.0,0.5546308159828186,-5.920411034498711,-13.75547272894464,0.44764406038348403
R9919.SG,Montenegro,Montenegro_Doclea_Roman.SG,960.0,0.6437410116195679,-5.9288395080612,-13.797783764276378,0.44810540936689974
R9920.SG,Montenegro,Montenegro_Doclea_Roman.SG,850.0,0.5191023945808411,-5.929318470589808,-13.794097057099208,0.4483282041822444
AITI_65adult.AG.SG,Germany,Germany_Lech_EBA_possible.contam.AG.SG,3728.0,0.4437690377235412,0.26560457009655986,0.1132563571539636,0.8086530298532372
AITI_66.AG.SG,Germany,Germany_Lech_EBA_possible.contam.AG.SG,3761.0,0.612575888633728,0.26089461442718825,0.14177516017988556,0.8391634811907689
AITI_77A.AG.SG,Germany,Germany_Lech_EBA_sister.AITI_77B_possible.contam.AG.SG,3828.0,0.215647354722023,0.2544218597543012,0.06842298096720856,0.8259195622384041
AITI_77B.AG.SG,Germany,Germany_Lech_EBA_possible.contam.AG.SG,3743.0,0.2616257965564728,0.30198966261314414,0.12320775414978895,0.8252084330942153
AITI_87.AG.SG,Germany,Germany_Lech_EBA_mother.AITI_119.mother.AITI_120.mother.AITI_86_possible.contam.AG.SG,3692.0,0.1861788928508758,0.3275833775220022,0.10625739235777601,0.7681436816331549
AITI_92.AG.SG,Germany,Germany_Lech_EBA_possible.contam.AG.SG,3761.0,0.4021482467651367,0.2940402323777444,0.1348133083680101,0.7918104511825116
AITI_95.AG.SG,Germany,Germany_Lech_EBA_possible.contam.AG.SG,3671.0,0.5330908894538879,0.27459241711386956,0.13085593413537597,0.7810310803117086
ALT_3.AG,Germany,Germany_Tauber_CordedWare_possible.contam.AG,4425.0,0.0899812057614326,0.29060113951336036,0.07397517596572373,0.7845137259168355
ALT_4.AG,Germany,Germany_Tauber_CordedWare_contam.AG,4453.0,0.1714158803224563,0.2944498051586784,0.13851640479523875,0.7926864610926053
AMP_1.AG.SG,Germany,Germany_Lech_BellBeaker_contam.AG.SG,4356.0,0.6541561484336853,0.3010428608522292,0.1252501683064112,0.7771581673922386
HUGO_168.AG,Germany,Germany_Lech_BellBeaker_possible.contam.AG,4167.0,0.7970686554908752,0.3273696509085148,0.11732211859240904,0.7165454679586561
HUGO_171.AG,Germany,Germany_Lech_BellBeaker_possible.contam.AG,4203.0,0.1920523196458816,0.2675710890772814,0.057202262449742,0.713474065971458
HUGO_180Sk1.AG,Germany,Germany_Lech_BellBeaker_contam.AG,4289.0,0.579177975654602,0.2520207790395247,0.13156847939994473,0.757943886965133
HUGO_180Sk2.AG.SG,Germany,Germany_Lech_BellBeaker_sister.HUGO_180Sk1_contam.AG.SG,4307.0,0.2332603186368942,0.2648656100598298,0.11311076314263667,0.7553361539256793
HUGO_190.AG,Germany,Germany_Lech_BellBeaker_possible.contam.AG,4103.0,0.6253827214241028,0.32183887088854907,0.12498693618793318,0.7838494138769772
OBKR_117.AG.SG,Germany,Germany_Lech_EBA_contam.AG.SG,3883.0,0.475535124540329,0.3266956654601137,0.09550752273954422,0.7844331657279254
OBKR_2.AG,Germany,Germany_Lech_EBA_possible.contam.AG,3906.0,0.3064136505126953,0.26066156159173937,0.1175561228074737,0.7773009973156171
OBKR_50.AG,Germany,Germany_Lech_EBA_possible.contam.AG,3935.0,0.5821122527122498,0.26605823232677495,0.09257137635499266,0.7414242498532535
OBKR_66.AG,Germany,Germany_Lech_EBA_possible.contam.AG,3918.0,0.2970495820045471,0.2969923732126286,0.0961040245190374,0.8267880871727936
OBKR_67.AG.SG,Germany,Germany_Lech_EBA.AG.SG,3906.0,0.2861624360084533,0.3241738358039272,0.11245162041807877,0.8223745558641007
OBKR_73.AG,Germany,Germany_Lech_EBA_possible.contam.AG,3911.0,0.0875205695629119,0.31904331362050464,0.15704565719613198,0.823250069808474
OBKR_81.AG,Germany,Germany_Lech_EBA_possible.contam.AG,3910.0,0.0526247508823871,0.2812134475964312,0.08929775970056006,0.7755543747989202
OBKR_86.AG.SG,Germany,Germany_Lech_EBA_brother.OBKR_80_contam.AG.SG,3926.0,0.3928450047969818,0.33614185818660536,0.10331980272420564,0.8430296702685408
OBKR_93.AG,Germany,Germany_Lech_EBA_possible.contam.AG,3933.0,0.1865227669477462,0.3232501151003817,0.10878297078449906,0.793943892494489
OBKR_96.AG,Germany,Germany_Lech_EBA_possible.contam.AG,3863.0,0.0882869884371757,0.25845672618859056,0.08768050660478906,0.8063371728063982
OBKR_9A.AG,Germany,Germany_Lech_EBA_possible.contam.AG,3902.0,0.4951805174350738,0.2428153704120012,0.1337404513930045,0.7974481990263925
OTTM_142.AG.SG,Germany,Germany_Lech_MBA_possible.contam.AG.SG,3527.0,0.240935817360878,0.2321398660857382,0.15412236948303076,0.7706317820193942
OTTM_151ind2.AG.SG,Germany,Germany_Lech_MBA_possible.contam.AG.SG,3507.0,0.5164852142333984,0.3010697007921842,0.1272021669631651,0.7824873555014826
POST_12.AG,Germany,Germany_Lech_MBA_possible.contam.AG,4036.0,0.0685905143618583,0.26770687369220264,0.08621045189960001,0.7556985731899752
POST_32.AG,Germany,Germany_Lech_EBA_possible.contam.AG,3930.0,0.0818620696663856,0.30447296460951734,0.1703061845641654,0.801539563039929
POST_35.AG,Germany,Germany_Lech_EBA_possible.contam.AG,3932.0,0.7038660645484924,0.2631479445721662,0.11207675352296324,0.7927747101257804
POST_99.AG,Germany,Germany_Lech_EBA_possible.contam.AG,3962.0,0.8446674942970276,0.2945369097501494,0.10180389482381638,0.7793624862253496
UNTA58_147.AG,Germany,Germany_Lech_EBA_possible.contam.AG,3922.0,0.1475702226161956,0.22852494546563865,0.1559929548893838,0.7874674822581331
UNTA58_152.AG,Germany,Germany_Lech_EBA_possible.contam.AG,3848.0,0.0597674138844013,0.32038187703956017,0.11238996141846894,0.8222150084656352
UNTA58_68Sk2.AG,Germany,Germany_Lech_BellBeaker_possible.contam.AG,4347.0,0.6840438842773438,0.3077100547318074,0.08535297196224793,0.7389733028287394
UNTA85_1336.AG,Germany,Germany_Lech_BellBeaker_possible.contam.AG,4334.0,0.1038472428917884,0.2608611725615867,0.12971752506550907,0.7924947678452442
WEHR_1192SkB.AG,Germany,Germany_Lech_EBA.AG,3785.0,0.2117528319358825,0.276651083205486,0.13537393211241217,0.7535698705326749
WEHR_1193.AG,Germany,Germany_Lech_EBA_possible.contam.AG,3823.0,0.058468971401453,0.271248973330106,0.13054616866163823,0.7900077478751689
WEHR_1414.AG.SG,Germany,Germany_Lech_EBA_possible.contam.AG.SG,3908.0,0.1488094627857208,0.2768937796612698,0.11175831302297998,0.7932785340530858
WEHR_1415adult.AG,Germany,Germany_Lech_EBA_mother.WEHR_1415child_possible.contam.AG,3872.0,0.7466799020767212,0.27312510479218116,0.1369565197379391,0.7966316883389949
WEHR_1474.AG.SG,Germany,Germany_Lech_EBA_brother.WEHR_1564.son.WEHR_1586_contam.AG.SG,3924.0,0.4203361868858337,0.34440091700056824,0.12853026028593156,0.7736809401354162
WEHR_1564.AG.SG,Germany,Germany_Lech_EBA_brother.WEHR_1474.son.WEHR_1586_contam.AG.SG,3899.0,0.2589721381664276,0.23450819370825746,0.10792173417650121,0.7768554846612367
WEHR_1586.AG,Germany,Germany_Lech_EBA_possible.contam.AG,3835.0,0.8139030337333679,0.3173397815329527,0.15647975354811416,0.8139599241367159
BLS001.AG,Czechia,Czechia_N_GlobularAmphora_mother.or.daughter.BLS002.AG,4675.0,0.5356756448745728,1.7522294900071864,-0.1332427936163189,0.15556604191501675
BLS002.AG,Czechia,Czechia_N_GlobularAmphora.AG,4692.0,0.6205254793167114,1.7633114186288799,-0.12886852255027267,0.2198615070751727
BNL001.AG,Czechia,Czechia_EBA_Unetice_sister.BNL003.AG,4020.0,0.1569269746541977,1.7243094056982224,-0.15001683130427634,0.2133560262671866
BNL002.AG,Czechia,Czechia_EBA_Unetice.AG,3995.0,0.5598027110099792,1.7377837646919025,-0.1080422116795133,0.17579261755029288
BNL003.AG,Czechia,Czechia_EBA_Unetice.AG,3995.0,0.6097592115402222,1.7291231421834887,-0.14936912945153338,0.1803378769030093
BNL004.AG,Czechia,Czechia_EBA_Unetice.AG,3995.0,0.6283591389656067,1.81466306216812,-0.13193380920749317,0.19300519480093806
BNL005.AG,Czechia,Czechia_EBA_Unetice.AG,4084.0,0.6385123133659363,1.7008575128770846,-0.15810413602420512,0.18477246541934136
BNL006.AG,Czechia,Czechia_EBA_Unetice.AG,4070.0,0.4989509582519531,1.7965321051449226,-0.13954455296277893,0.1739174746440632
BNL007.AG,Czechia,Czechia_EBA_Unetice_father.or.son.BNL006.AG,4070.0,0.280501514673233,1.6972196944881492,-0.12243294710428326,0.1868849551078739
BNL008.AG,Czechia,Czechia_EBA_Unetice.AG,3926.0,0.6272585988044739,1.7388805111434225,-0.1536267755676539,0.16996125932209646
BNL009.AG,Czechia,Czechia_EBA_Unetice.AG,3975.0,0.1870183050632476,1.6955139984631702,-0.1442355548215361,0.19380854256059962
BNL010.AG,Czechia,Czechia_EBA_Unetice.AG,3772.0,0.2017148286104202,1.7412866570293812,-0.11553605714956175,0.20563383099629745
BRZ001.AG,Czechia,Czechia_N_Jordanow_Michelsberg.AG,5820.0,0.0534998401999473,1.7495428870676217,-0.16472663303871396,0.19240100617611516
BRZ002.AG,Czechia,Czechia_N_TRB.AG,5521.0,0.5344793796539307,1.7201397749572618,-0.11571515828169136,0.16686319816543355
BUT002.AG,Czechia,Czechia_EBA_CordedWare.AG,4350.0,0.2075760811567306,1.7438346884423448,-0.1398237287241546,0.16516786373942946
BUT003.AG,Czechia,Czechia_EBA_CordedWare.AG,4335.0,0.3660391271114349,1.69746908917641,-0.14033830205950845,0.19532677362493067
CAH005.AG,Czechia,Czechia_EBA_CordedWare.AG,4349.0,0.5753045678138733,1.6627274034256312,-0.12330117891171183,0.19700290220460448
CAH010.AG,Czechia,Czechia_EBA_CordedWare.AG,4275.0,0.6616783738136292,1.7287195382882679,-0.08975376462841232,0.2169484503552157
CHL001.AG,Czechia,Czechia_EBA_Unetice.AG,3905.0,0.61451256275177,1.7724194984170702,-0.10068963265750644,0.1717632552274877
CHL002.AG,Czechia,Czechia_EBA_Unetice.AG,4000.0,0.3583879470825195,1.7739333458115076,-0.15956011918337162,0.21324913453903238
CHL003.AG,Czechia,Czechia_EBA_Unetice.AG,3937.0,0.5160050988197327,1.7465107485634155,-0.1354694939157011,0.19874483668296963
CHL005.AG,Czechia,Czechia_EBA_Unetice.AG,4000.0,0.1671125888824463,1.7339155498887813,-0.13568208275950197,0.19811663615836222
CHL006.AG,Czechia,Czechia_EBA_Unetice.AG,3897.0,0.356620728969574,1.780501010713118,-0.12347945586112005,0.17150860989417618
CHL007.AG,Czechia,Czechia_EBA_Unetice.AG,4000.0,0.1686332523822784,1.7423803331515633,-0.11722169326475386,0.20264776858830613
CHL008.AG,Czechia,Czechia_EBA_Unetice.AG,3960.0,0.3222317993640899,1.702119086610259,-0.18378732563891448,0.19289450676479164
DRO001.AG,Czechia,Czechia_EBA_CordedWare.AG,4697.0,0.5681805610656738,1.651832754755405,-0.16544536301758328,0.20088393339233904
HOL001.AG,Czechia,Czechia_N_TRB.AG,5613.0,0.740333616733551,1.70322847367382,-0.1302793074574709,0.1973837309948117
HOL002.AG,Czechia,Czechia_N_Baden.AG,5140.0,0.6465908885002136,1.6247746956061064,-0.1747677528787831,0.13561778447361222
HOL004.AG,Czechia,Czechia_N_Baden.AG,5154.0,0.4588005244731903,1.7227091439415863,-0.17468151392898162,0.17316679121466944
HOP001.AG,Czechia,Czechia_BellBeaker.AG,4240.0,0.8105024099349976,1.7289490034551336,-0.1435452047430013,0.17223209159333028
HOP002.AG,Czechia,Czechia_BellBeaker.AG,4177.0,0.1090613007545471,1.736181893129266,-0.13332151005261994,0.17583372086299998
HOP003.AG,Czechia,Czechia_BellBeaker.AG,4250.0,0.710874080657959,1.663623947578082,-0.15637859868891735,0.1636643579909062
HOP004.AG,Czechia,Czechia_BellBeaker_oAnatolia2.AG,4222.0,0.6754989624023438,1.7744996491394547,-0.11860527803330412,0.18676064887051042
KNE001.AG,Czechia,Czechia_EBA_Unetice.AG,4017.0,0.4839875996112823,1.7042314169294956,-0.1691610550726058,0.20754621886842692
KNE002.AG,Czechia,Czechia_EBA_Unetice.AG,4043.0,0.4898642599582672,1.687485527751288,-0.10584157146714482,0.16328888293511293
KNE003.AG,Czechia,Czechia_EBA_Unetice.AG,3971.0,0.6638502478599548,1.775566478858852,-0.13137522088751002,0.18204164421052582
KNE004.AG,Czechia,Czechia_EBA_Unetice_mother.KNE001.KNE005.AG,4042.0,0.2806499302387237,1.7323594323782978,-0.1217381760908455,0.17996783983836911
KNE005.AG,Czechia,Czechia_EBA_Unetice_sister.KNE001.daughter.KNE004.AG,4072.0,0.1703753322362899,1.712281112444244,-0.14327250709277767,0.17706014824632313
KNE006.AG,Czechia,Czechia_EBA_Unetice.AG,4065.0,0.134961262345314,1.7279476663201345,-0.10422608484962183,0.1964728901344037
KNE007.AG,Czechia,Czechia_EBA_Unetice.AG,3977.0,0.4369686245918274,1.7890953546253887,-0.1253839553185455,0.201750087434719
KO1001.AG,Czechia,Czechia_N_Rivnac_mother.or.daughter.KO1016.AG,4761.0,0.2582470774650574,1.6852955621437224,-0.17150527322554693,0.2029826471744426
KO1002.AG,Czechia,Czechia_EBA_CordedWare.AG,4533.0,0.8426310420036316,1.6743429355637593,-0.14879160049679052,0.1866344854307924
KO1003.AG,Czechia,Czechia_BellBeaker.AG,4160.0,0.7359841465950012,1.751084516629725,-0.1476211116750812,0.21050975463818858
KO1004.AG,Czechia,Czechia_BellBeaker.AG,4166.0,0.7010948061943054,1.7306895897103618,-0.13760452531280254,0.19344314651436825
KO1005.AG,Czechia,Czechia_BellBeaker.AG,4331.0,0.577907919883728,1.7839798165975702,-0.14718785289375966,0.1909973387166137
KO1006.AG,Czechia,Czechia_EBA_Unetice.AG,3868.0,0.6254427433013916,1.7449769763291603,-0.1748189823493362,0.15196482619620713
KO1007.AG,Czechia,Czechia_EBA_Unetice.AG,3737.0,0.5202662348747253,1.7377466232134824,-0.13285410011676413,0.1687183109819963
KO1008.AG,Czechia,Czechia_EBA_Unetice.AG,3805.0,0.3944427073001861,1.706587239161208,-0.1537250144848925,0.19349474525598603
KO1009.AG,Czechia,Czechia_EBA_Unetice.AG,3894.0,0.5326699614524841,1.7269061279212916,-0.17076881227557514,0.20884601909868344
KO1010.AG,Czechia,Czechia_EBA_Unetice.AG,3906.0,0.3915116786956787,1.7525129226335132,-0.11925366500115961,0.16677932086827907
KO1011.AG,Czechia,Czechia_EBA_Unetice.AG,3993.0,0.3923170268535614,1.6098057173666023,-0.18349484193266571,0.1568059090231195
KO1013.AG,Czechia,Czechia_EBA_Unetice.AG,3914.0,0.5120813846588135,1.7490603640755633,-0.18482117313914156,0.17253834746822644
KO1014.AG,Czechia,Czechia_EBA_Unetice.AG,3915.0,0.4388161301612854,1.8098306375707574,-0.17707998743080838,0.20412479375683415
KO1015.AG,Czechia,Czechia_EBA_Unetice.AG,3774.0,0.4275307655334472,1.712178527265481,-0.11213762926075595,0.19217791533990752
KO1016.AG,Czechia,Czechia_N_Rivnac.AG,4750.0,0.4946939051151275,1.7015890552209934,-0.1402028438196364,0.18072462107433784
KO7001.AG,Czechia,Czechia_EBA_Unetice.AG,3985.0,0.4813623130321502,1.693181160008154,-0.13646742642940451,0.1759164533102023
KO7002.AG,Czechia,Czechia_EBA_Unetice.AG,4000.0,0.404397189617157,1.7619403958433795,-0.1897967621928767,0.15988889107782137
KO7003.AG,Czechia,Czechia_EBA_Unetice.AG,4124.0,0.0813227444887161,1.7327026171463664,-0.14413685453464853,0.20910556919554443
KOB001.AG,Czechia,Czechia_N_TRB_1d.rel.KOB002.KOB007.AG,5650.0,0.0965950861573219,1.7253154476148196,-0.13209736888909107,0.20165040628647035
KOB002.AG,Czechia,Czechia_N_TRB.AG,5630.0,0.5716184377670288,1.8080158591553372,-0.09957396790749178,0.17996231752696146
KOB003.AG,Czechia,Czechia_N_TRB.AG,5600.0,0.2405043542385101,1.7541399697263773,-0.1325330329218354,0.19716709522733428
KOB004.AG,Czechia,Czechia_N_TRB.AG,5600.0,0.2524182498455047,1.7469460983566865,-0.10590913315502716,0.17086192664185879
KOB005.AG,Czechia,Czechia_N_TRB.AG,5704.0,0.052941046655178,1.7278593202120782,-0.13188289736046818,0.18078515270009496
KOB007.AG,Czechia,Czechia_N_TRB_1d.rel.KOB002.KOB001.AG,5632.0,0.1760362684726715,1.766507776975849,-0.09049249053646265,0.20348756487573513
KON001.AG,Czechia,Czechia_EBA_CordedWare.AG,4697.0,0.3624819815158844,1.7057759515873105,-0.19505271929958598,0.16448144665181091
KON003.AG,Czechia,Czechia_EBA_CordedWare.AG,4650.0,0.0757786035537719,1.6792258750796056,-0.13508979251657036,0.21409748260747619
KON004.AG,Czechia,Czechia_EBA_CordedWare.AG,4398.0,0.6620814204216003,1.663938329417213,-0.06265282375086005,0.20054538699850954
KOP001.AG,Czechia,Czechia_BellBeaker_oAnatolia2.AG,4250.0,0.3884833455085754,1.7419828150631382,-0.13256572404464712,0.17130634213762985
KOP002.AG,Czechia,Czechia_BellBeaker.AG,4250.0,0.4813444912433624,1.8116477912183095,-0.16710296631712346,0.21899903881539762
KOP003.AG,Czechia,Czechia_BellBeaker.AG,4342.0,0.4535483419895172,1.7319059579097846,-0.1263171114051858,0.18906024472059071
MIB001.AG,Czechia,Czechia_EBA_Unetice.AG,3779.0,0.4182470142841339,1.7358448128783803,-0.1601266309821899,0.20163652550417313
MIB002.AG,Czechia,Czechia_EBA_Unetice_daughter.MIB062.AG,3765.0,0.589958906173706,1.7176036281020857,-0.14368185650031584,0.19404889275712497
MIB003.AG,Czechia,Czechia_EBA_Unetice_sister.MIB064.daughter.MIB008.AG,3810.0,0.1978065073490142,1.7050505277410044,-0.15226297514235146,0.19415384520658854
MIB004.AG,Czechia,Czechia_EBA_Unetice.AG,3769.0,0.4178195893764496,1.692355065863564,-0.15945694246375486,0.2319650868797312
MIB005.AG,Czechia,Czechia_EBA_Unetice.AG,3767.0,0.33881476521492,1.7310144746490843,-0.16265817181552156,0.16034173162921145
MIB024.AG,Czechia,Czechia_EBA_Unetice_mother.or.daughter.MIB019.AG,3875.0,0.1883159428834915,1.7012794971153014,-0.13384253670900056,0.17936906031040561
MIB028.AG,Czechia,Czechia_EBA_Unetice.AG,3855.0,0.6715939044952393,1.701965486858667,-0.11278545275468202,0.19543014566370878
MIB034.AG,Czechia,Czechia_EBA_Unetice.AG,3659.0,0.6966001391410828,1.7715989943899195,-0.1477146933893274,0.22750647388482026
MIG010.AG,Czechia,Czechia_EBA_Unetice.AG,3992.0,0.2681131362915039,1.7329410028971708,-0.1472942373419393,0.14383056412689363
MIG011.AG,Czechia,Czechia_EBA_Unetice.AG,3990.0,0.3815118074417114,1.8001942514358253,-0.1534879273732483,0.14839659779920183
MIG012.AG,Czechia,Czechia_EBA_Unetice_contam.AG,3800.0,0.2706289291381836,1.6976072465765617,-0.10264352429451494,0.17102545115364504
MIS001.AG,Czechia,Czechia_EBA_Unetice.AG,3908.0,0.7430083751678467,1.7454342779205057,-0.12798019749888964,0.2199917165819426
MIS002.AG,Czechia,Czechia_EBA_Unetice.AG,3883.0,0.7374561429023743,1.7642846277086448,-0.07334936795901532,0.1749463564347515
MIS004.AG,Czechia,Czechia_EBA_Unetice.AG,3833.0,0.2383227050304412,1.7551245858886377,-0.11727437713015654,0.1797889891347868
MIS006.AG,Czechia,Czechia_EBA_Unetice.AG,4235.0,0.1056379750370979,1.7432095342988625,-0.15866890578105086,0.1867955509166886
NER001.AG,Czechia,Czechia_N_Jordanow.AG,6076.0,0.4973791837692261,1.6542607690081716,-0.11907219377408451,0.21012985273020712
OBR001.AG,Czechia,Czechia_EBA_CordedWare.AG,4545.0,0.151625320315361,1.7534876426258867,-0.13012754338648544,0.18769487548284197
OBR002.AG,Czechia,Czechia_EBA_CordedWare_1d.rel.OBR001.AG,4382.0,0.0791824609041214,1.739212758841298,-0.15142137540396178,0.1988939287660945
OBR003.AG,Czechia,Czechia_EBA_CordedWare.AG,4835.0,0.3645768463611603,1.652429600187393,-0.09533137173306477,0.17762875909620937
OBR004.AG,Czechia,Czechia_EBA_CordedWare.AG,4512.0,0.3599313199520111,1.70398971758503,-0.09721829726481047,0.24842220472321566
OHR001.AG,Czechia,Czechia_EBA_CordedWare_2_dup.I13467.AG,4289.0,0.2666971087455749,1.7373047353023632,-0.1479754127900695,0.18000658732758237
OHR002.AG,Czechia,Czechia_EBA_CordedWare.AG,4477.0,0.6586224436759949,1.6578805628634892,-0.12460573182379804,0.20651271397526627
PDA001.AG,Czechia,Czechia_EBA_Unetice_sister.PDA002.AG,4017.0,0.4860751628875732,1.7538265511635667,-0.12165769218394641,0.17916003235764336
PDA002.AG,Czechia,Czechia_EBA_Unetice.AG,4057.0,0.6106853485107422,1.861870433414105,-0.2168867802305928,0.13451366765650385
PDA003.AG,Czechia,Czechia_EBA_Unetice_sister.PDA002.AG,4131.0,0.5109800100326538,1.7660866117612983,-0.1482270517270093,0.15906844016974578
PDA004.AG,Czechia,Czechia_EBA_Unetice_sister.PDA002.AG,4053.0,0.5422586798667908,1.7632166588790303,-0.15879677984722002,0.1330596895951917
PDA005.AG,Czechia,Czechia_EBA_Unetice_father.or.son.PDA002.AG,4164.0,0.567570686340332,1.7557957651040836,-0.1724613214711472,0.18951804112510867
PMI001.AG,Czechia,Czechia_EBA_Unetice.AG,4096.0,0.5885363817214966,1.7638142376968509,-0.14852251917587797,0.15860123156931868
PMI002.AG,Czechia,Czechia_EBA_Unetice_o.AG,4171.0,0.0600407309830188,1.7035662930353845,-0.10611220069761415,0.15852405040098563
PMI003.AG,Czechia,Czechia_EBA_Unetice.AG,4005.0,0.3414067924022674,1.6971539205965347,-0.1354052858534487,0.2110489185737674
PMI004.AG,Czechia,Czechia_EBA_Unetice.AG,4013.0,0.3936008810997009,1.7157394999343138,-0.16184658214901715,0.224760247507556
PMI006.AG,Czechia,Czechia_EBA_Unetice.AG,4104.0,0.3111727237701416,1.75315298903741,-0.12798718926495092,0.18887695783212236
PMI009.AG,Czechia,Czechia_EBA_Unetice.AG,3849.0,0.1228616386651992,1.7703696819858332,-0.13904735932364748,0.18361941095678666
PMI010.AG,Czechia,Czechia_EBA_Unetice.AG,3902.0,0.3829043209552765,1.7180320321010556,-0.16988477549022565,0.25210774618059073
PMI012.AG,Czechia,Czechia_EBA_Unetice.AG,3657.0,0.2698179185390472,1.7575489991725228,-0.15567640608130415,0.20728438571818436
PNL001.AG,Czechia,Czechia_EBA_CordedWare.AG,4843.0,0.5325085520744324,1.615410968445696,-0.12931979956604098,0.17759738712383172
PNL002.AG,Czechia,Czechia_EBA_CordedWare.AG,4653.0,0.7137102484703064,1.7275537454224394,-0.07581312756387301,0.18286112989820225
PRE001.AG,Czechia,Czechia_N_GlobularAmphora.AG,4625.0,0.6791112422943115,1.6790910551562783,-0.13493617238471928,0.10443564734303717
PRU001.AG,Czechia,Czechia_BellBeaker_oAnatolia1.AG,4331.0,0.4351876378059387,1.7332170339321324,-0.14502622065411672,0.14483204111047202
PRU002.AG,Czechia,Czechia_BellBeaker.AG,4470.0,0.5549446940422058,1.7160806055980278,-0.08258397443522111,0.16754554655586734
PRU003.AG,Czechia,Czechia_BellBeaker.AG,4427.0,0.5028300881385803,1.7757625531501988,-0.11960461917268038,0.20384159259284232
PRU004.AG,Czechia,Czechia_BellBeaker_oSteppe.AG,4264.0,0.5126174688339233,1.7221149629113524,-0.1613710419763427,0.2185261734507238
PRU005.AG,Czechia,Czechia_BellBeaker.AG,4350.0,0.2917114496231079,1.666124432572115,-0.15589234984702255,0.18852770137969027
RDV001.AG,Czechia,Czechia_EBA_CordedWare.AG,4592.0,0.6667918562889099,1.7151844871086872,-0.08463137935703724,0.17365545335037286
ROU001.AG,Czechia,Czechia_EBA_Unetice.AG,4000.0,0.5286959409713745,1.7251437351030832,-0.1331280439803053,0.18240033989352689
ROU002.AG,Czechia,Czechia_EBA_Unetice_mother.or.daughter.ROU003.mother.or.daughter.ROU004.AG,3997.0,0.3611089289188385,1.7191911617172715,-0.18069568490857538,0.19600667013152698
ROU003.AG,Czechia,Czechia_EBA_Unetice.AG,3995.0,0.4328802824020386,1.6427663468567892,-0.18315082417274764,0.1929911559033028
ROU004.AG,Czechia,Czechia_EBA_Unetice.AG,3995.0,0.4982510209083557,1.7345514551158099,-0.14762840532490734,0.2039784429048948
ROU005.AG,Czechia,Czechia_EBA_Unetice_father.or.son.ROU007.AG,4000.0,0.3747413754463196,1.7405385143673149,-0.08636898793043123,0.1785513555141208
ROU006.AG,Czechia,Czechia_EBA_Unetice.AG,4000.0,0.550121545791626,1.7261050827163222,-0.10585176235464273,0.1926940231315922
ROU007.AG,Czechia,Czechia_EBA_Unetice.AG,4000.0,0.5465027689933777,1.69849045533326,-0.08644093502989864,0.18685068053545498
STD001.AG,Czechia,Czechia_EBA_CordedWare.AG,4500.0,0.5183400511741638,1.6874641301085784,-0.15339642951060278,0.19552222363868882
STD002.AG,Czechia,Czechia_EBA_CordedWare.AG,4720.0,0.5600467920303345,1.684820464630547,-0.18878146341115964,0.14360369950950783
STD003.AG,Czechia,Czechia_EBA_CordedWare_o1.AG,4877.0,0.3145782053470611,1.7142384433871956,-0.16109770873075654,0.19360215502256486
TIS001.AG,Czechia,Czechia_BellBeaker.AG,4326.0,0.0703098848462104,1.7682591212688925,-0.12877428967874185,0.2205840722680646
TIS002.AG,Czechia,Czechia_BellBeaker_oSteppe.AG,4470.0,0.6890332698822021,1.670569920950908,-0.15837547866897667,0.19092675839435108
TOU001.AG,Czechia,Czechia_N_Rivnac.AG,4712.0,0.6914914846420288,1.6645506103618906,-0.09021751043881043,0.15852112639275823
TRM003.AG,Czechia,Czechia_EBA_CordedWare.AG,4620.0,0.6700610518455505,1.607890607370562,-0.1602127686259661,0.22411793784434816
TRM006.AG,Czechia,Czechia_EBA_CordedWare.AG,4644.0,0.7086040377616882,1.6755331658541994,-0.11759681910378496,0.19232669815912512
TUC001.AG,Czechia,Czechia_N_Rivnac_sister.TUC004.AG,4940.0,0.452532947063446,1.7578041023704312,-0.14384610921074661,0.2137375164570379
TUC002.AG,Czechia,Czechia_N_Rivnac_oAnatolia.AG,4932.0,0.4515816271305084,1.7066058814620455,-0.16211164719543866,0.1333397121506709
TUC003.AG,Czechia,Czechia_N_Rivnac_oWHG.AG,4940.0,0.4690721035003662,1.6974539363581107,-0.09261365606543644,0.21376147287776917
TUC004.AG,Czechia,Czechia_N_Rivnac.AG,4940.0,0.4950847923755646,1.6926061737748967,-0.11072789079536008,0.23196613898735588
TUC005.AG,Czechia,Czechia_N_Rivnac.AG,4940.0,0.4510398507118225,1.6536481463410846,-0.129392001471345,0.19592199848395855
TUC006.AG,Czechia,Czechia_N_Rivnac.AG,4879.0,0.4660664498806,1.7308059792406234,-0.1869974163899098,0.16585061652072067
TUC007.AG,Czechia,Czechia_N_Jordanow.AG,6080.0,0.694922924041748,1.6565555104491296,-0.139844745835995,0.18791206425120777
VLI004.AG,Czechia,Czechia_N_Jordanow.AG,6141.0,0.5682470798492432,1.6916279843796524,-0.12150893903719338,0.23657646544591987
VLI006.AG,Czechia,Czechia_N_TRB.AG,5661.0,0.0682790875434875,1.7259299801758334,-0.164829355481316,0.16540550575041646
VLI007.AG,Czechia,Czechia_EBA_CordedWare.AG,4739.0,0.6953965425491333,1.6083274319280947,-0.2188649840480072,0.2226962619466147
VLI008.AG,Czechia,Czechia_EBA_CordedWare_o1.AG,4759.0,0.63707035779953,1.6689448032842282,-0.1316861387498125,0.21131444436777821
VLI009.AG,Czechia,Czechia_EBA_CordedWare_o2.AG,4585.0,0.3850210905075073,1.667665807635669,-0.1580299476042585,0.16284069123249392
VLI010.AG,Czechia,Czechia_EBA_CordedWare.AG,4483.0,0.5489277243614197,1.707385669979699,-0.16156442354158607,0.21315446322363987
VLI011.AG,Czechia,Czechia_EBA_CordedWare.AG,4718.0,0.585066020488739,1.7453355934323735,-0.1392305726253784,0.20808375060561554
VLI015.AG,Czechia,Czechia_EBA_CordedWare_father.or.son.VLI011.AG,4725.0,0.0779253765940666,1.738438155011131,-0.14468865512952162,0.18006218962830023
VLI016.AG,Czechia,Czechia_EBA_CordedWare.AG,4345.0,0.5879272818565369,1.6722956614803886,-0.18940987854647198,0.15445438097555256
VLI017.AG,Czechia,Czechia_EBA_CordedWare.AG,4336.0,0.5816783905029297,1.7132556008650652,-0.14836128483125544,0.1650181794124528
VLI019.AG,Czechia,Czechia_EBA_CordedWare.AG,4500.0,0.3773415088653564,1.7101846506428657,-0.08123138886337214,0.1868221826191498
VLI020.AG,Czechia,Czechia_EBA_CordedWare.AG,4446.0,0.5450161695480347,1.6830465316596912,-0.12929433560430834,0.22876431905218317
VLI022.AG,Czechia,Czechia_BellBeaker.AG,4265.0,0.2312579005956649,1.7589685683294103,-0.13378381036908382,0.21188694287016577
VLI024.AG,Czechia,Czechia_BellBeaker.AG,4150.0,0.5682511329650879,1.7430859595840162,-0.11187029593944323,0.19138459759644838
VLI025.AG,Czechia,Czechia_BellBeaker_oAnatolia2.AG,4150.0,0.0679952278733253,1.7249367513175156,-0.13602235994373293,0.22498875847141683
VLI026.AG,Czechia,Czechia_BellBeaker.AG,4150.0,0.506963849067688,1.7655216812391552,-0.16349024967760767,0.15063878454648186
VLI028.AG,Czechia,Czechia_BellBeaker.AG,4150.0,0.0785093083977699,1.7272500908665667,-0.1367733982995455,0.18975761549770578
VLI029.AG,Czechia,Czechia_BellBeaker.AG,4150.0,0.5974316596984863,1.7030431707336104,-0.12340621970868239,0.1371734804627057
VLI030.AG,Czechia,Czechia_BellBeaker.AG,4150.0,0.150557205080986,1.7511168652575746,-0.11587183744926641,0.19819817355394667
VLI031.AG,Czechia,Czechia_N_GlobularAmphora.AG,4510.0,0.3252147436141968,1.6809123504962407,-0.13993468495959838,0.22570813838436962
VLI032.AG,Czechia,Czechia_N_GlobularAmphora.AG,4682.0,0.2818356454372406,1.7167120230345512,-0.13022966792414004,0.19189496821040278
VLI033.AG,Czechia,Czechia_N_GlobularAmphora_father.or.son.VLI032.AG,4682.0,0.1083313822746276,1.7201059327835244,-0.13153918231362055,0.1847815024231184
VLI039.AG,Czechia,Czechia_EBA_Unetice.AG,4000.0,0.5587224364280701,1.7154096188039993,-0.1136214892290983,0.20695561012162733
VLI042.AG,Czechia,Czechia_EBA_Unetice.AG,3774.0,0.1904067546129226,1.7161522068539956,-0.15990113001566728,0.18721510781374337
VLI045.AG,Czechia,Czechia_EBA_Unetice.AG,3943.0,0.5501888394355774,1.7096398792668468,-0.14605413897446884,0.19357459802424348
VLI046.AG,Czechia,Czechia_EBA_Unetice.AG,3809.0,0.1030865013599395,1.761089833786691,-0.12962137391257733,0.19148192763334024
VLI047.AG,Czechia,Czechia_EBA_Unetice.AG,3800.0,0.4270133376121521,1.7363996619164266,-0.13921623421775675,0.1465721792462748
VLI050.AG,Czechia,Czechia_EBA_Unetice.AG,3796.0,0.5963708162307739,1.6442726924204976,-0.11009165130236954,0.12074113962772824
VLI051.AG,Czechia,Czechia_EBA_Unetice_o.AG,3721.0,0.391008049249649,1.7344101261732465,-0.12284957499878431,0.20922492972789536
VLI058.AG,Czechia,Czechia_EBA_Unetice.AG,4066.0,0.3960209786891937,1.6835470757518605,-0.14645310985685783,0.14972371138670773
VLI060.AG,Czechia,Czechia_EBA_Unetice.AG,3930.0,0.3722174763679504,1.7363177300726513,-0.09802103341671382,0.20584001107351654
VLI061.AG,Czechia,Czechia_EBA_Unetice.AG,4000.0,0.5907382965087891,1.7953894216674076,-0.18607719894545366,0.1690128066344736
VLI064.AG,Czechia,Czechia_EBA_Unetice_mother.or.daughter.VLI058.AG,4018.0,0.273848682641983,1.6942432361731874,-0.13425022862033759,0.180725164632508
VLI065.AG,Czechia,Czechia_EBA_Unetice.AG,3936.0,0.3343079090118408,1.7137011632697972,-0.14767081126321097,0.16067191905186703
VLI067.AG,Czechia,Czechia_EBA_CordedWare.AG,4718.0,0.6063163876533508,1.7315180505853678,-0.15539147003071765,0.17554504309563493
VLI070.AG,Czechia,Czechia_EBA_CordedWare.AG,4351.0,0.2794698774814605,1.6777328233283173,-0.0793670580535302,0.19801012101485918
VLI071.AG,Czechia,Czechia_EBA_CordedWare.AG,4715.0,0.6629419326782227,1.679439402972593,-0.11237637888911302,0.20481407563702303
VLI076.AG,Czechia,Czechia_EBA_CordedWare.AG,4906.0,0.6340281963348389,1.6067878875945398,-0.1799860367248101,0.1519377676904143
VLI079.AG,Czechia,Czechia_EBA_CordedWare_o3.AG,4623.0,0.4712634682655334,1.7611307560998284,-0.12390090967624336,0.20319817850720198
VLI081.AG,Czechia,Czechia_EBA_CordedWare.AG,4650.0,0.1210717186331749,1.7404981060100224,-0.13260165858368853,0.17718876784290474
VLI085.AG,Czechia,Czechia_EBA_CordedWare.AG,4653.0,0.29871866106987,1.7437398950189738,-0.13464718296436096,0.19274472713668725
VLI088.AG,Czechia,Czechia_EBA_CordedWare.AG,4736.0,0.2068940103054046,1.6671653541327998,-0.09254536130378435,0.1983087833433904
VLI090.AG,Czechia,Czechia_EBA_CordedWare.AG,4768.0,0.3022912144660949,1.7210207442097694,-0.1344631162698075,0.1807395358399046
VLI092.AG,Czechia,Czechia_EBA_CordedWare.AG,4719.0,0.6468950510025024,1.783959472602976,-0.15462994625120158,0.18320476149420445
VPR001.AG,Czechia,Czechia_N_Rivnac.AG,4756.0,0.6285772919654846,1.7526303488366874,-0.06870640827268429,0.18288555211784924
ZEL001.AG,Czechia,Czechia_EBA_CordedWare.AG,4350.0,0.3004080355167389,1.7705596854642975,-0.14632662016712675,0.21401838038099624
SB379D2_lib.AG.SG,UnitedKingdom,England_N.AG.SG,5533.0,0.511902928352356,0.8672015329289154,-0.622825501973335,0.5711529813228012
SB415A_lib.AG.SG,UnitedKingdom,Wales_N.AG.SG,5300.0,0.106955885887146,0.9204124483859545,-0.6201888989139858,0.569999703718804
I3025.AG.SG,UnitedKingdom,England_Mesolithic.AG.SG,9257.0,0.0870023295283317,0.8771245964011475,-0.587077438527248,0.5690374480740275
SB568A_lib.AG.SG,UnitedKingdom,Wales_N.AG.SG,4776.0,0.0977183505892753,0.9538976325468557,-0.5748118081828003,0.6007633630244194
SB570A_lib.AG.SG,UnitedKingdom,Wales_N.AG.SG,4918.0,0.2144292145967483,0.9666001917452497,-0.5724999550932298,0.5614716734948443
SB573A_lib.AG.SG,UnitedKingdom,Wales_N.AG.SG,5600.0,0.4630372822284698,0.9148781546053049,-0.6154991067512906,0.5660334704530862
SB577A_lib.AG.SG,UnitedKingdom,Wales_N.AG.SG,5200.0,0.1402523666620254,0.9224307669900691,-0.5701239519208234,0.5547956990003065
SB603A_lib.AG.SG,UnitedKingdom,England_N.AG.SG,5516.0,0.5038178563117981,0.9856853910084011,-0.6064648743905164,0.6080928416439648
I3025_enhanced.AG.SG,UnitedKingdom,England_Mesolithic.AG.SG,9257.0,0.0906470566987991,0.795522933859988,-0.5360554587495456,0.5249374397034423
I3033.AG.SG,UnitedKingdom,Wales_N.AG.SG,5533.0,0.0985318049788475,0.9522355834336127,-0.6326535305587778,0.6041561124633121
I3039.AG.SG,UnitedKingdom,England_N_1d.rel.I6761.AG.SG,5525.0,0.1146549135446548,0.854077588603596,-0.6255437775470452,0.5906059974322642
I3040.AG.SG,UnitedKingdom,England_N.AG.SG,5525.0,0.1577428579330444,0.9188804990967075,-0.5507400082945153,0.6461506912606235
I3041.AG.SG,UnitedKingdom,Scotland_N_lowEEF.AG.SG,5440.0,0.5759874582290649,0.8461785064910909,-0.5996376190999296,0.5316749068801969
I5387.AG.SG,UnitedKingdom,England_N.AG.SG,4850.0,0.3378569483757019,0.938625899349313,-0.6768136129925618,0.6704730233277529
I6746.AG.SG,UnitedKingdom,England_N.AG.SG,5526.0,0.7843842506408691,0.9061178103670133,-0.5743805006775828,0.6115387130158499
I6747.AG.SG,UnitedKingdom,England_N.AG.SG,5528.0,0.997519075870514,0.9003740641775216,-0.6074334371575183,0.5968794774327624
I6750.AG.SG,UnitedKingdom,England_N.AG.SG,5650.0,0.4047483801841736,0.9251393523241256,-0.550644796525889,0.6364304644289175
I6751.AG.SG,UnitedKingdom,England_N.AG.SG,5650.0,0.8210976123809814,0.8957185120041411,-0.6017113913625431,0.6060831056452247
I6753.AG.SG,UnitedKingdom,England_N.AG.SG,5305.0,0.7976720333099365,0.9391368606318603,-0.6375274115837907,0.6599519290842033
I6755.AG.SG,UnitedKingdom,England_N.AG.SG,5528.0,0.4349702596664428,0.9045686112918653,-0.5739377555539757,0.5516320396211868
I6757.AG.SG,UnitedKingdom,England_N.AG.SG,5493.0,0.730705201625824,0.9042616160104016,-0.6524639890453932,0.6512522588774536
I6759.AG.SG,UnitedKingdom,England_N.AG.SG,5527.0,0.6958693861961365,0.879828818127732,-0.6380764557686112,0.5863319932130076
I6760.AG.SG,UnitedKingdom,England_N.AG.SG,5781.0,0.6437766551971436,0.9462667248151673,-0.5271970913944553,0.5904977876772138
I6761.AG.SG,UnitedKingdom,England_N.AG.SG,5525.0,0.4771450161933899,0.9453257571742969,-0.6668110270709129,0.6339676743386494
I6762.AG.SG,UnitedKingdom,England_N.AG.SG,5700.0,0.5422530174255371,0.9287689223267153,-0.5549038431771194,0.6706146030598519
I6764.AG.SG,UnitedKingdom,Scotland_N.AG.SG,5100.0,0.3023106753826141,0.9228534370559834,-0.6563462922392689,0.607735496125925
I6766.AG.SG,UnitedKingdom,Scotland_N.AG.SG,5100.0,0.6452153921127319,0.857733427147229,-0.5563290106399947,0.5780681513283346
I6767.AG.SG,UnitedKingdom,England_Mesolithic.AG.SG,10280.0,0.9510637521743774,0.6407887035109028,-0.43310265444425533,0.43147472012921023
SB604.SG,UnitedKingdom,England_Medieval_Jewish.SG,768.0,0.9197534918785096,0.9043733022077951,-0.59532412698756,0.6232748659743281
SB605.SG,UnitedKingdom,England_Medieval_Jewish.SG,768.0,0.832061767578125,0.8482264351806796,-0.5577022190771096,0.5903683194688191
SB606.SG,UnitedKingdom,England_Medieval_Jewish.SG,768.0,0.1103289276361465,0.9395128825372218,-0.571684562316544,0.6097080460511076
SB671.SG,UnitedKingdom,England_Medieval_Jewish.SG,784.0,0.130349799990654,0.8849740697453786,-0.5879879789619873,0.6144517722193606
SB676.SG,UnitedKingdom,England_Medieval_Jewish.SG,768.0,0.8319312334060669,0.8537839091116606,-0.5716524074173798,0.6121193866460872
SB696.SG,UnitedKingdom,England_Medieval_Jewish.SG,768.0,0.1857677102088928,0.9082667798039546,-0.5978600082225007,0.623223371260285
ATT26.SG,France,France_HautsDeFrance_IA2.SG,2200.0,0.1178195178508758,-0.30723001646938963,-0.023982912823502192,-0.517789752081248
BERG02-2.SG,France,France_GrandEst_MN.SG,5867.0,0.3196722269058227,-0.3152777105122326,-0.017720596329053644,-0.48972441333832556
BERG157-2.SG,France,France_GrandEst_MN.SG,6050.0,0.3187654912471771,-0.3233206471310107,-0.03845916852435737,-0.4739889369841115
BERG157-7.SG,France,France_GrandEst_MN.SG,6112.0,0.253337949514389,-0.31875534986077075,-0.01974233784627793,-0.4399181519391606
BES1248.SG,France,France_Occitanie_IA2.SG,2450.0,0.1411639600992202,-0.30475872197962584,-0.031087804821759848,-0.47834731024889493
BFM265.SG,France,France_HautsDeFrance_IA2.SG,2175.0,0.1906078904867172,-0.2946302407575589,-0.008143229194590413,-0.4962189089034216
BIS130.SG,France,France_GrandEst_EBA.SG,3850.0,0.1379896253347396,-0.30280323871036324,0.013911666675034023,-0.4863561351346868
BIS385.SG,France,France_GrandEst_EBA.SG,3850.0,0.1755650639533996,-0.3037269121566433,-0.012555553410018325,-0.4663299753513659
BLP10.SG,France,France_HautsDeFrance_MN.SG,6065.0,0.1867320090532302,-0.3691623890420101,-0.0607943701452311,-0.43066857438369155
BUCH2.SG,France,France_GrandEst_MN.SG,6250.0,0.3280087113380432,-0.3308505136490791,-0.06308603293947766,-0.4978334436447699
CBV95.SG,France,France_HautsDeFrance_LN.SG,4447.0,0.1551605761051178,-0.24801718533094846,-0.05311410690196431,-0.5074364790297863
COL11.SG,France,France_GrandEst_IA2.SG,2290.0,0.1254771798849105,-0.3496927472521921,-0.03444217682463148,-0.4632240958030362
COL153A.SG,France,France_GrandEst_IA2.SG,2290.0,0.1343838274478912,-0.30394883883592333,0.018146062366989596,-0.47493796306478714
COL153i.SG,France,France_GrandEst_IA2.SG,2290.0,0.0971409082412719,-0.33434754032683667,-0.025148910088213135,-0.4728872270436399
CRE20D.SG,France,France_Occitanie_MN.SG,6250.0,0.2465310543775558,-0.31943816029733346,-0.050870683892047096,-0.4827236504360791
ERS1164.SG,France,France_GrandEst_IA2.SG,2200.0,0.1777231842279434,-0.3422712457329604,0.006366609323678208,-0.4558951285584403
ERS86.SG,France,France_GrandEst_IA2.SG,2200.0,0.1665708273649215,-0.3357538346713257,-0.025611858015494617,-0.47422459039947734
ERS88.SG,France,France_GrandEst_IA2.SG,2200.0,0.120030365884304,-0.3125593521571943,-0.03038274147777912,-0.4173254811014763
Es97-1.SG,France,France_HautsDeFrance_MN.SG,6500.0,0.2754050493240356,-0.3224840303011272,-0.011212872100095621,-0.463289570426252
EUG11.SG,France,France_Occitanie_EBA.SG,3882.0,0.1537323594093322,-0.3486530068169649,0.007915825166089852,-0.45648973399569764
Jeb8.SG,France,France_GrandEst_IA1.SG,2450.0,0.1227659434080123,-0.3415070519534528,-0.01045449706836967,-0.44868037501864044
MDV248.SG,France,France_HautsDeFrance_EN.SG,6963.0,0.1335387378931045,-0.3174239854105316,-0.03196238001304712,-0.483326985602123
Mor6.SG,France,France_GrandEst_EN_o.SG,7019.0,0.1628531068563461,-0.2973527208730971,-0.03426713483905987,-0.4953654183434839
NIED.SG,France,France_GrandEst_LBA.SG,2825.0,0.1227205246686935,-0.31477194800026287,-0.017713884457987192,-0.4361112380605341
NOR2B6.SG,France,France_GrandEst_IA1.SG,2700.0,0.1948406100273132,-0.3452407866821221,-0.019494342267937895,-0.4706568541922612
NOR3-15.SG,France,France_GrandEst_IA1.SG,2700.0,0.1139947399497032,-0.34975566292809945,-0.0009698735536409372,-0.47292518210603074
NOR3-6.SG,France,France_GrandEst_IA1.SG,2500.0,0.1491922587156295,-0.3488292290053632,-0.0010609802653903282,-0.4721076996597235
NOR4.SG,France,France_GrandEst_IA1.SG,2500.0,0.1053614169359207,-0.3127111210496697,-0.029764302506227143,-0.45785224404691316
OBE3626-1.SG,France,France_GrandEst_EBA.SG,3774.0,0.2534936666488647,-0.32570094687536505,-0.02232339344229506,-0.49411255775192153
OBE3722.SG,France,France_GrandEst_EBA.SG,3750.0,0.1794182211160659,-0.3268241100099802,0.010226026227624517,-0.4312519686757199
PECH5.SG,France,France_Occitanie_IA2.SG,2400.0,0.0539061613380909,-0.29753321378156206,-0.023780168242995347,-0.48892169666162466
PECH8.SG,France,France_Occitanie_IA2.SG,2400.0,0.1432126015424728,-0.389877040144342,0.01728545532462615,-0.4416884799512217
PEI10.SG,France,France_Occitanie_LN.SG,4736.0,0.0536969192326068,-0.33467325013824856,0.02423613555947999,-0.46103903819712094
PEI2.SG,France,France_Occitanie_LN.SG,4750.0,0.2326009571552276,-0.3201487083169824,-0.024972713686802882,-0.46097862407923895
PER503.SG,France,France_Mesolithic.SG,9050.0,0.2997438013553619,-0.33451569806251624,-0.0446664663901265,-0.35805548453322456
PER3023.SG,France,France_Mesolithic.SG,9050.0,0.1675027012825012,-0.3181562588550025,0.008054138381268392,-0.34152346975017306
PER3123.SG,France,France_Mesolithic_1d.rel.PER503.SG,9050.0,0.1388403922319412,-0.2674425206121614,-0.014722700087700342,-0.4342654465167025
PEY163.SG,France,France_Occitanie_IA2.SG,2250.0,0.1191366165876388,-0.2640605517474385,-0.027383364718368348,-0.4477423526341803
PEY53.SG,France,France_Occitanie_IA2.SG,2250.0,0.1328023374080658,-0.2980307374961216,-0.028198876722563677,-0.5031873710782244
PIR3037AB.SG,France,France_Occitanie_EBA.SG,3995.0,0.0584194958209991,-0.3100985395709876,-0.020872981057916493,-0.4647695960951345
PIR3116B.SG,France,France_Occitanie_EBA.SG,4170.0,0.1015731394290924,-0.28461089886166246,-0.017667731154621853,-0.46930675321551113
Pir4.SG,France,France_Occitanie_MN.SG,6293.0,0.0768823996186256,-0.3104135917310704,-0.005147245127810956,-0.4563611335384062
Pir6.SG,France,France_Occitanie_MBA.SG,3584.0,0.0734371840953826,-0.3363539043769753,-0.022428238430120023,-0.4676647502797139
PSS4170.SG,France,France_GrandEst_EBA.SG,4030.0,0.3613806068897247,-0.34397909107801294,-0.007005103793878367,-0.4359313810623305
PSS4693.SG,France,France_GrandEst_MN.SG,5396.0,0.5527167916297913,-0.28356531931172024,-0.042432776098436306,-0.49235865382431715
PT2.SG,France,France_Occitanie_IA2.SG,2375.0,0.1200441494584083,-0.29660439159360025,0.03830539024063517,-0.473890989755327
QUIN234.SG,France,France_Occitanie_EMBA.SG,3600.0,0.1304033249616623,-0.3373636088724106,-0.0346779180920698,-0.43681428231669495
QUIN58.SG,France,France_Occitanie_EMBA.SG,3600.0,0.1123053878545761,-0.31010870741369256,-0.0001579655256591421,-0.4501577707798175
RIX15.SG,France,France_GrandEst_EBA.SG,3600.0,0.1658149659633636,-0.3302542565808725,-0.005634670631171043,-0.49509009030048956
RIX2.SG,France,France_GrandEst_EBA_o.SG,3600.0,0.1804993152618408,-0.3247900785346584,-0.04997093352627346,-0.4789384243854187
RIX4.SG,France,France_GrandEst_EBA.SG,3664.0,0.195993885397911,-0.31809626694091203,-0.012102114969949774,-0.44977274224463987
ROS102.SG,France,France_GrandEst_MN.SG,6600.0,0.1585036069154739,-0.3105325969565679,-0.023079199830777327,-0.5188471027224293
ROS45.SG,France,France_GrandEst_MN.SG,6644.0,0.2586436569690704,-0.27467182715619193,-0.025509399097983648,-0.5140352853999514
ROS78.SG,France,France_GrandEst_MN.SG,6600.0,0.3876617550849914,-0.3155503933560297,-0.01610576812953211,-0.4494104024471708
ROS82.SG,France,France_GrandEst_MN.SG,6619.0,0.1019348502159118,-0.32225000747217647,-0.026669962051743257,-0.4577419484660547
Schw72-15.SG,France,France_GrandEst_EN.SG,7025.0,0.2274509668350219,-0.2949358796915055,-0.013454935600091396,-0.4544037955062276
Schw432.SG,France,France_GrandEst_EN.SG,7031.0,0.1536528766155243,-0.3300072169939559,-0.06485023457609279,-0.45156152473775657
WET370.SG,France,France_GrandEst_MN.SG,5494.0,0.1762503683567047,-0.31390721558399226,-0.046435313956478444,-0.46515041764947185
WEZ15.SG,Germany,Germany_Tollense_BA.SG,3200.0,0.1713193655014038,0.27126528487603774,0.14482199886298133,0.7403777685026808
WEZ35.SG,Germany,Germany_Tollense_BA.SG,3200.0,0.0603245869278907,0.2855516092590059,0.13606851047414026,0.7919779883159527
WEZ40.SG,Germany,Germany_Tollense_BA.SG,3200.0,0.0651607066392898,0.276435898004634,0.11634084756089048,0.7176276791035479
WEZ54.SG,Germany,Germany_Tollense_BA.SG,3200.0,0.0551632456481456,0.2664124963180077,0.13862313454552408,0.805221786808242
WEZ56.SG,Germany,Germany_Tollense_BA_o2.SG,3200.0,0.081819087266922,0.2788304993118205,0.12624384547328654,0.79139879411391
WEZ59.SG,Germany,Germany_Tollense_BA.SG,3200.0,0.081674724817276,0.26707581532040026,0.20085522965857924,0.729985692032478
WEZ61.SG,Germany,Germany_Tollense_BA.SG,3200.0,0.0839901939034462,0.2723255661206832,0.11648621742830104,0.7682351150338965
WEZ64.SG,Germany,Germany_Tollense_BA.SG,3200.0,0.0932982861995697,0.35929054899991847,0.13833098082056514,0.7714855248777498
ANN1.SG,Ireland,Ireland_MN.SG,5405.0,0.7568849921226501,-0.43823943231778606,-0.0007339315424833671,0.5533240825999699
ANN2.SG,Ireland,Ireland_MN.SG,5521.0,0.3788897693157196,-0.41477220144863614,-0.006672294888268551,0.5805562242208578
ARD2.SG,Ireland,Ireland_MN.SG,5401.0,0.8714157938957214,-0.3921744256397729,0.012132788507458935,0.5807379460078773
ASH1.SG,Ireland,Ireland_MN.SG,5501.0,0.6256884336471558,-0.3985457561200333,0.008866192834747053,0.5924336886170829
ASH3.SG,Ireland,Ireland_EN_MN.SG,5609.0,0.7782658934593201,-0.39383980994714074,-0.015659346072721445,0.5620860627129651
BG72.SG,Ireland,Ireland_MN.SG,5467.0,0.7723957300186157,-0.390509389633841,-0.006858727754337256,0.5707314923851792
CAK530.SG,Ireland,Ireland_LN.SG,4711.0,0.6751234531402588,-0.39195492531308135,0.005929959113487483,0.5778788729209547
CAK531.SG,Ireland,Ireland_LN.SG,4701.0,0.6378927230834961,-0.38356992512871935,-0.012389169215992958,0.5760404554081091
CAK532.SG,Ireland,Ireland_LN.SG,4892.0,0.8959767818450928,-0.3825365529590401,0.00993756476624641,0.6095331260433616
CAK533.SG,Ireland,Ireland_LN.SG,4926.0,0.8322880864143372,-0.38554816866872593,-0.0003088678968125576,0.5848071047356789
CAK68.SG,Ireland,Ireland_LN.SG,4503.0,0.820529043674469,-0.38483191775632614,-0.025292457127320443,0.5866716515943765
CH448.SG,Ireland,Ireland_MN.SG,5517.0,0.7847719192504883,-0.40206165978018116,0.006672640605574535,0.5506244618402989
GNM1007.SG,Ireland,Ireland_MN.SG,5288.0,0.5985338091850281,-0.40450852680194593,0.00023127277226564624,0.585833647213143
GNM1076.SG,Ireland,Ireland_MN.SG,5135.0,0.6944476366043091,-0.4148377594697069,-0.004008501851744671,0.5809116529607828
KGH6.SG,Ireland,Ireland_Mesolithic.SG,6658.0,0.6883585453033447,-0.38550575490469446,0.01790293856141557,0.48424235735414123
MB6.SG,Ireland,Ireland_MN.SG,5192.0,0.72725510597229,-0.4112663645014777,0.008268922130561556,0.5646460094397865
NG10.SG,Ireland,Ireland_MN.SG,5151.0,0.9994209408760072,-0.382899127993669,0.0030268794369747113,0.5859227601684532
NGZ1.SG,Ireland,Ireland_MN.SG,5024.0,0.4622262716293335,-0.38410846981113833,0.0007470465441335804,0.5838152910172727
PB1327.SG,Ireland,Ireland_MN.SG,5407.0,0.5806548595428467,-0.4247183690737507,0.01475906897258759,0.5490090414361418
PB1794.SG,Ireland,Ireland_MN.SG,5486.0,0.4692975580692291,-0.4138674657963734,0.006520397378344846,0.5716510391443893
PB186.SG,Ireland,Ireland_MN.SG,5393.0,0.8611149787902832,-0.4248290909044968,0.020940773622823528,0.5602212644578278
PB2031.SG,Ireland,Ireland_MN.SG,5431.0,0.6889441013336182,-0.42848904269243016,0.011967168354678022,0.5700892076827792
PB357.SG,Ireland,Ireland_EN_MN.SG,5545.0,0.8817911744117737,-0.37823189837608895,-0.01326650606423727,0.5723160676355893
PB443.SG,Ireland,Ireland_MN.SG,5474.0,0.9150884747505188,-0.4190138477117138,0.0005776192891795975,0.5663682415181022
PB581.SG,Ireland,Ireland_MN.SG,5413.0,0.8592066764831543,-0.4224635795833095,0.0095305135574472,0.5676979678555109
PB672.SG,Ireland,Ireland_MN.SG,5442.0,0.9150454998016356,-0.4024350088688132,-0.005711826132086704,0.5875943839468771
PB675.SG,Ireland,Ireland_MN.SG,5171.0,0.9994290471076964,-0.3860955605732024,-0.004957069843605895,0.6606057816695855
PB754.SG,Ireland,Ireland_MN.SG,5375.0,0.4224261939525604,-0.43308568688509497,0.018113504772878455,0.5653883957792335
PB768.SG,Ireland,Ireland_MN.SG,5475.0,0.6976609230041504,-0.4040248293666615,0.02135165398313848,0.5705404380315452
PN02.SG,Ireland,Ireland_EN_MN.SG,5546.0,0.746553361415863,-0.38773941456659805,0.01777372133115156,0.5664074048000559
PN03.SG,Ireland,Ireland_MN.SG,5460.0,0.7418275475502014,-0.42538698253516805,0.011675536419779179,0.5881627039092514
PN04.SG,Ireland,Ireland_EN.SG,5742.0,0.7493084073066711,-0.4210240042968255,-0.002565652295492985,0.5658976689582176
PN05.SG,Ireland,Ireland_EN.SG,5729.0,0.6911224722862244,-0.40722904453108477,-0.0034196883437763764,0.581934797648546
PN06.SG,Ireland,Ireland_MN.SG,5459.0,0.7374488115310669,-0.39199111585623,0.0007813712890643904,0.5777625291551729
PN07.SG,Ireland,Ireland_MN.SG,5410.0,0.7498290538787842,-0.39113608611357004,-0.004036364585838042,0.5723245456295193
PN107.SG,Ireland,Ireland_EN.SG,5705.0,0.799787163734436,-0.39847733872588165,0.004896894339543018,0.5856534421005475
PN10_PN113.SG,Ireland,Ireland_EN.SG,5746.0,0.8894472122192383,-0.39496966119572813,-0.009685838320931135,0.54719244722711
PN112.SG,Ireland,Ireland_EN_MN.SG,5558.0,0.6232326626777649,-0.3976663536900521,-0.00253225642953857,0.5741913355536976
PN12.SG,Ireland,Ireland_MN.SG,5383.0,0.6210388541221619,-0.4116349841861355,0.012472748068198791,0.5867083804193385
PN13.SG,Ireland,Ireland_EN_MN.SG,5572.0,0.5578886866569519,-0.41475915290243937,0.00038482809884878493,0.5398562790022569
PN16.SG,Ireland,Ireland_MN.SG,5442.0,0.4596342444419861,-0.3854570177548883,-0.013624883966158645,0.5785776145126827
SRA62.SG,Ireland,Ireland_Mesolithic.SG,6001.0,0.9991378784179688,-0.4256853096705633,0.02694408113711239,0.4349111491078118
DER002.SG,Germany,Germany_Saxony_LBK_N.SG,7100.0,0.8826849460601807,0.23357412270432718,0.1259627453583742,0.7526901929208372
DER002.AG,Germany,Germany_Saxony_LBK_N.AG,7100.0,0.6306754350662231,0.3176405730314622,0.1812569966315041,0.7302629393783652
DER003.AG,Germany,Germany_Saxony_LBK_N.AG,7100.0,0.4008684456348419,0.2935271454480974,0.1103048560954561,0.7252185518700003
DER004.AG,Germany,Germany_Saxony_LBK_N.AG,7100.0,0.1681336760520935,0.3042772417423444,0.1785258080777121,0.7861867924886666
DER005.AG,Germany,Germany_Saxony_LBK_N.AG,7053.0,0.3655890226364136,0.26337656778790824,0.15226850226215516,0.7703982898908937
DER006.AG,Germany,Germany_Saxony_LBK_N.AG,7100.0,0.3850673139095306,0.22310237874902744,0.10808086247748976,0.7423370647402601
DER007.AG,Germany,Germany_Saxony_LBK_N.AG,7100.0,0.5578359961509705,0.2858896321884549,0.1142390431713375,0.7382167694262931
DER009.SG,Germany,Germany_Saxony_LBK_N.SG,7028.0,0.8805316686630249,0.2660783026606323,0.1201933355540541,0.7408073111602492
DER009.AG,Germany,Germany_Saxony_LBK_N.AG,7028.0,0.6662784814834595,0.27575837713083123,0.1017823047463569,0.7691838373697714
DER010.AG,Germany,Germany_Saxony_LBK_N.AG,6966.0,0.4755067527294159,0.2412805809649042,0.10331267385334861,0.7364293868730387
DER011.AG,Germany,Germany_Saxony_LBK_N_son.DER022.AG,7100.0,0.3508040904998779,0.2676520003862832,0.10449621523338228,0.7324086650156637
DER012.AG,Germany,Germany_Saxony_LBK_N.AG,7100.0,0.4732683300971985,0.29865308826151327,0.1175540758329925,0.7851553350307234
DER013.AG,Germany,Germany_Saxony_LBK_N.AG,7100.0,0.5988233685493469,0.3300880432854005,0.08919928987971253,0.7405033814102255
DER014.AG,Germany,Germany_Saxony_LBK_N_brother.DER015.AG,6854.0,0.3653570413589477,0.2782346796643571,0.12813818685992928,0.8023979702940511
DER015.AG,Germany,Germany_Saxony_LBK_N.AG,7100.0,0.4467657804489136,0.2896287904713073,0.12665305205257116,0.7535364234360432
DER017.AG,Germany,Germany_Saxony_LBK_N.AG,7100.0,0.1664775609970092,0.28020326512208393,0.09536625021275215,0.7390119474797937
DER018.AG,Germany,Germany_Saxony_LBK_N.AG,7100.0,0.3547959327697754,0.2500920328095272,0.08392383520886629,0.7834359288086385
DER019.AG,Germany,Germany_Saxony_LBK_N_1d.rel.DER018.AG,7100.0,0.1939071267843246,0.3547735022930035,0.10261707108032318,0.8112835271164411
DER020.AG,Germany,Germany_Saxony_LBK_N.AG,6985.0,0.0878660678863525,0.23822482140455312,0.15009207648429973,0.7732354083374805
DER021.AG,Germany,Germany_Saxony_LBK_N.AG,7100.0,0.3647390604019165,0.33250804700664105,0.08381980115944804,0.8337958038143499
DER022.AG,Germany,Germany_Saxony_LBK_N.AG,7058.0,0.5166304111480713,0.2724344216244189,0.0827550039615534,0.7466663811687673
DER023.AG,Germany,Germany_Saxony_LBK_N.AG,7100.0,0.611291229724884,0.2680630151491975,0.13101338495799053,0.752592221120019
DER024.AG,Germany,Germany_Saxony_LBK_N.AG,7047.0,0.4755570292472839,0.26540114879809307,0.09140804745407258,0.6983125902095166
DER026.AG,Germany,Germany_Saxony_LBK_N.AG,7100.0,0.3358666896820068,0.30659944893281055,0.11371755068792391,0.7618469294675027
DER028.AG,Germany,Germany_Saxony_LBK_N.AG,7100.0,0.602429986000061,0.2643520292958198,0.12208789888716377,0.7693209892138753
DER029.AG,Germany,Germany_Saxony_LBK_N.AG,7100.0,0.3142359554767608,0.31861995693112816,0.11302216369660999,0.7752862715058702
DER030.AG,Germany,Germany_Saxony_LBK_N.AG,7100.0,0.2318402230739593,0.27563993617157945,0.13266786450954182,0.7506705436091823
DER031.AG,Germany,Germany_Saxony_LBK_N.AG,7047.0,0.1846663355827331,0.2628743140446011,0.10565807119589854,0.6996943456583178
DER032.AG,Germany,Germany_Saxony_LBK_N.AG,7172.0,0.544405460357666,0.2500207803013969,0.11081019304304289,0.744612085461596
DER033.AG,Germany,Germany_Saxony_LBK_N.AG,7100.0,0.5932264924049377,0.2920181977603371,0.11946672938920713,0.7364639524905295
DER034.AG,Germany,Germany_Saxony_LBK_N.AG,7100.0,0.4730428755283355,0.249930192975887,0.10307668358894265,0.7909067651057364
DER035.AG,Germany,Germany_Saxony_LBK_N.AG,7100.0,0.3307945728302002,0.3047599192121445,0.12612989322871798,0.7810147438161675
DER036.AG,Germany,Germany_Saxony_LBK_N.AG,7100.0,0.5844123363494873,0.2542749075943916,0.14010416525518032,0.7527217779934177
DER037.AG,Germany,Germany_Saxony_LBK_N.AG,7053.0,0.1214812844991684,0.2687539851659502,0.12444397416254789,0.7513331197164603
ajv28.SG,Sweden,Sweden_Gotland_Ajvide_PittedWare_BattleAxe.SG,4829.0,0.6451570391654968,-1.2733719672500847,0.8538967836823134,-0.5883702473767353
ajv36.SG,Sweden,Sweden_Gotland_Ajvide_PittedWare_BattleAxe.SG,4924.0,0.5071552395820618,-1.2815892287615132,0.8474150527703195,-0.5866438628795828
hem001.SG,Sweden,Sweden_Gotland_Hemmor_PittedWare_BattleAxe_minus.SG,4929.0,0.1416027247905731,-1.2754127414331107,0.858508700157007,-0.5987086927389708
hem004.SG,Sweden,Sweden_Gotland_Hemmor_PittedWare_BattleAxe_minus.SG,5145.0,0.5074253082275391,-1.297072511598596,0.8302006320071367,-0.600864297270408
hem005.SG,Sweden,Sweden_Gotland_Hemmor_PittedWare_BattleAxe_minus.SG,5178.0,0.8792737722396851,-1.315938791786167,0.9395251513085529,-0.5807545167047837
vbj001.SG,Sweden,Sweden_Gotland_Vasterbjers_PittedWare_BattleAxe_minus.SG,4675.0,0.943806767463684,-1.2664433187151376,0.8648650123592705,-0.5085147685458379
vbj002.SG,Sweden,Sweden_Gotland_Vasterbjers_PittedWare_BattleAxe_minus.SG,4780.0,0.1061708182096481,-1.2713171822754497,0.8394392774251621,-0.5802256643739055
vbj004.SG,Sweden,Sweden_Gotland_Vasterbjers_PittedWare_BattleAxe_minus.SG,4702.0,0.974264681339264,-1.22476719442971,0.8411192513036949,-0.5210258521087372
vbj006_nonUDG.SG,Sweden,Sweden_Gotland_Vasterbjers_PittedWare_BattleAxe.SG,4898.0,0.9415991306304932,-1.2720138022815117,0.8872592469270995,-0.5245519588089774
vbj007.SG,Sweden,Sweden_Gotland_Vasterbjers_PittedWare_BattleAxe_minus.SG,4469.0,0.1169095560908317,-1.2654408454872408,0.840624418237724,-0.5675428626690361
vbj008.SG,Sweden,Sweden_Gotland_Vasterbjers_PittedWare_BattleAxe.SG,4663.0,0.5677328705787659,-1.3199466584049224,0.8674972985413894,-0.5540026816899198
vbj012.SG,Sweden,Sweden_Gotland_Vasterbjers_PittedWare_BattleAxe.SG,4933.0,0.8187707662582397,-1.2948800194537733,0.8446582358983677,-0.5834356853305229
vbj013.SG,Sweden,Sweden_Gotland_Vasterbjers_PittedWare_BattleAxe.SG,4778.0,0.9284030199050904,-1.185983480999768,0.8973757180759578,-0.5347055113404395
vbj014.SG,Sweden,Sweden_Gotland_Vasterbjers_PittedWare_BattleAxe_minus.SG,4802.0,0.0532678887248039,-1.2853035496688043,0.8405762733148052,-0.5911090024575939
vbj018.SG,Sweden,Sweden_Gotland_Vasterbjers_PittedWare_BattleAxe.SG,4868.0,0.7728272080421448,-1.2586425176505978,0.8508800761493365,-0.5991588329900542
vbj017.SG,Sweden,Sweden_Gotland_Vasterbjers_PittedWare_BattleAxe.SG,4864.0,0.0646797716617584,-1.3090880651284476,0.8510496103147508,-0.5948757004740617
DA136.SG,Russia,Russia_Sarmatian.SG,2300.0,0.3169179856777191,0.5368207253748514,-0.12516538847507291,-0.28382609966581734
MA2195.SG,Turkey,Turkey_Central_Kalehoyuk_Ottoman_A.SG,450.0,0.5651927590370178,-0.6117385605076234,0.519848462416639,0.8058008257676981
MA2196.SG,Turkey,Turkey_Central_Kalehoyuk_Ottoman_B.SG,450.0,0.2281484454870224,-0.697634924158942,0.5354712511625527,0.9247931924534151
MA2197.SG,Turkey,Turkey_Central_Kalehoyuk_IA.SG,2133.0,0.1066558063030242,-0.7175437801136443,0.5503299485140742,0.9525578828135275
MA2198.SG,Turkey,Turkey_Central_Kalehoyuk_IA.SG,2133.0,0.4067775309085846,-0.7235589969208341,0.5395904491429953,0.9057363989084422
MA2200.SG,Turkey,Turkey_Central_Kalehoyuk_OldHittitePeriod.SG,3575.0,0.8752560019493103,-0.7794454430756462,0.5683012970864079,0.9740413108512131
MA2203.SG,Turkey,Turkey_Central_Kalehoyuk_OldHittitePeriod.SG,3575.0,0.2783782482147217,-0.7007574376635664,0.5619814605889519,0.9452454055078547
MA2205.SG,Turkey,Turkey_Central_Kalehoyuk_AssyrianColonyPeriod.SG,3825.0,0.5459707379341125,-0.7336839680944065,0.5545492815365897,0.9341991917919678
MA2206.SG,Turkey,Turkey_Central_Kalehoyuk_AssyrianColonyPeriod.SG,3825.0,0.3494302034378052,-0.720120398274921,0.5376582743057646,0.9636852463236876
MA2208.SG,Turkey,Turkey_Central_Kalehoyuk_AssyrianColonyPeriod.SG,3825.0,0.1025317683815956,-0.7151952419665062,0.545657100547247,0.9344309473357836
MA2210.SG,Turkey,Turkey_Central_Ovaoren_EBA_II.SG,4575.0,0.5849176049232483,-0.7513641862891753,0.6060400767799095,0.9851751794491336
MA2212.SG,Turkey,Turkey_Central_Ovaoren_EBA_II.SG,4575.0,0.596972644329071,-0.7341889281103695,0.5945032593015961,0.9438782075409923
MA2213.SG,Turkey,Turkey_Central_Ovaoren_EBA_II.SG,4575.0,0.6816748976707458,-0.679498502653249,0.5470935323091167,0.8903549019327379
Falkenstein.AG,Germany,Germany_Mesolithic.AG,9161.0,0.1390301585197448,0.2128142142633814,0.11118192181176928,0.7455968143964313
Iboussieres25-1.AG,France,France_Mesolithic.AG,11675.0,0.0595946684479713,-0.3054703711872268,-0.009444859236910437,-0.44590192366766024
Iboussieres31-2.AG,France,France_Mesolithic.AG,11675.0,0.0607365854084491,-0.31338636301535555,-0.026099621028940475,-0.4581121384597038
Rochedane.AG,France,France_Mesolithic.AG,13027.0,0.1264325678348541,-0.3204943552857132,-0.025208883035547736,-0.4210940817762757
DA111.SG,Czechia,Czechia_IA_Hallstatt.SG,2752.0,0.562419056892395,1.7068656763057581,-0.11273378725611041,0.17321276328435906
DA112.SG,Czechia,Czechia_IA_Hallstatt.SG,2507.0,0.3309210836887359,1.7538834390792892,-0.14132719243286104,0.1949507474718507
DA119.SG,Slovakia,Slovakia_Poprad.SG,1600.0,0.5375223159790039,0.5425591769254382,-0.8163617841656224,0.3236365476628455
DA134.SG,Russia,Russia_Sarmatian.SG,2300.0,0.3715232610702514,0.5104817310585967,-0.10095843578162063,-0.29684047386711304
DA139.SG,Russia,Russia_Sarmatian.SG,2300.0,0.5487638711929321,0.5130779311243645,-0.11500273045796135,-0.2734880071306135
DA141.SG,Russia,Russia_Sarmatian.SG,2300.0,0.3620683550834656,0.5063876522716416,-0.12165601156127949,-0.2630731152782043
DA142.SG,Russia,Russia_Medieval_Nomad.SG,1000.0,0.7010745406150818,0.5170662487947375,-0.10248971000793113,-0.3328690448678099
DA143.SG,Russia,Russia_Sarmatian.SG,2300.0,0.4573422968387604,0.5307812708777209,-0.11632767383171586,-0.26233178640732074
DA145.SG,Russia,Russia_Sarmatian.SG,2300.0,0.149601012468338,0.5479645333088385,-0.1141140655942304,-0.2789832236878892
DA146.SG,Russia,Russia_Alan.SG,1300.0,0.2225799709558487,0.5284591817872998,-0.09883975291315922,-0.2698087702324899
DA160.SG,Russia,Russia_Alan.SG,1300.0,0.3884833455085754,0.5642884425527551,-0.09523932807346007,-0.29233568799661475
DA161.SG,Russia,Russia_Alan_o.SG,1300.0,0.1236321106553077,0.5139290039856093,-0.10864845195415777,-0.3209773156903179
DA162.SG,Russia,Russia_Alan.SG,1300.0,0.8706704378128052,0.5201406708704626,-0.16045005350554672,-0.30581190609575976
DA164.SG,Russia,Russia_Alan.SG,850.0,0.6702589392662048,0.49641786011472516,-0.1171703128914333,-0.2554009241664415
DA171.SG,Lithuania,Lithuania_LateAntiquity.SG,1600.0,0.1275607049465179,-0.24307266770864572,-0.5488247581228811,0.11626107537791974
DA190.SG,Russia,Russia_SaltovoMayaki.SG,1263.0,0.0835644081234932,0.5308146966393713,-0.09577084374281966,-0.2613250491521654
DA191.SG,Hungary,Hungary_IA_Scythian.SG,2472.0,0.5372830629348755,0.529246274867803,-0.09064483959183224,-1.0293472351028123
DA194.SG,Hungary,Hungary_IA_Scythian.SG,2328.0,0.5237860679626465,0.5420265404743299,-0.2181448061214172,-1.097024361199167
DA195.SG,Hungary,Hungary_IA_Scythian_oAegean.SG,2572.0,0.576678454875946,0.5266567631879286,-0.0934303511698994,-1.0772191659034862
DA197.SG,Hungary,Hungary_IA_Scythian.SG,2426.0,0.3756845891475677,0.5660130304674388,-0.10720390303544367,-0.9998083808387106
DA198.SG,Hungary,Hungary_IA_Scythian_oAegean.SG,2441.0,0.4817986488342285,0.5965510542717426,-0.07020217771244895,-0.9919573463184975
DA199.SG,Hungary,Hungary_Medieval.SG,703.0,0.3875644505023956,0.5157422922553521,-0.09124785787392854,-1.0531110107861426
DA243.SG,Russia,Russia_Alan.SG,1050.0,0.9541375637054444,0.5941801720174741,-0.18277005807664853,-0.27088730645624387
CAM001.AG,Italy,Italy_Tuscany_Siena_Etruscan.AG,2597.0,0.7662887573242188,-1.085197811112789,0.2429044877507591,0.3905426337803807
CAM002.AG,Italy,Italy_Tuscany_Siena_Etruscan.AG,2589.0,0.6501553654670715,-0.9969621498311195,0.16545945039591808,0.39305447705092766
CAM003.AG,Italy,Italy_Tuscany_Siena_Etruscan.AG,2594.0,0.506273627281189,-1.0149598749501514,0.2065959086532375,0.4339795180637849
CSN001.AG,Italy,Italy_Tuscany_Grosseto_Etruscan.AG,2350.0,0.618381142616272,-1.0297315467513304,0.2012285624045435,0.3972807245234199
CSN003.AG,Italy,Italy_Tuscany_Grosseto_Etruscan.AG,2231.0,0.3898377418518066,-1.047188590899168,0.17306929903068113,0.3521515706675568
CSN004.AG,Italy,Italy_Tuscany_Grosseto_Etruscan.AG,2350.0,0.394154816865921,-1.0146339993861766,0.21378167478055357,0.38652085804691305
CSN005.AG,Italy,Italy_Tuscany_Grosseto_Etruscan.AG,2350.0,0.0729092061519622,-1.0178126389980808,0.18875728497615668,0.3961846693736639
CSN006.AG,Italy,Italy_Tuscany_Grosseto_Etruscan.AG,2396.0,0.530823290348053,-1.0562978113855364,0.21152349523484526,0.3862181498621152
CSN008.AG,Italy,Italy_Tuscany_Grosseto_Etruscan.AG,2350.0,0.1921334117650985,-1.0321514652146622,0.20183745816272328,0.4145448189950689
CSN009.AG,Italy,Italy_Tuscany_Grosseto_Etruscan.AG,2300.0,0.2223999202251434,-1.0659880470057697,0.22956395166538798,0.40025257494614574
CSN010.AG.SG,Italy,Italy_Tuscany_Etruscan.AG.SG,2263.0,0.166376993060112,-1.0495312249749338,0.2004116878156126,0.3920932468643678
CSN013.AG,Italy,Italy_Tuscany_Grosseto_Etruscan.AG,2350.0,0.5640362501144409,-1.02412265074177,0.2446134763118847,0.4104063335768467
ETR003.AG,Italy,Italy_Tuscany_Siena_EarlyMedieval.AG,877.0,0.2245458960533142,-1.0123199706157076,0.21624549101137575,0.43548156014956685
ETR005.AG,Italy,Italy_Tuscany_Siena_Etruscan.AG,2737.0,0.1214269399642944,-1.0555955814238616,0.2244892561000484,0.4075215711583002
ETR007.AG,Italy,Italy_Tuscany_Siena_EarlyMedieval.AG,1088.0,0.4625693261623382,-1.0282136789896617,0.21977687915731975,0.40504380364882236
ETR010.AG,Italy,Italy_Tuscany_Siena_EarlyMedieval.AG,1000.0,0.5650556683540344,-1.07207316833325,0.20769397968534298,0.4092537974234886
ETR013.AG,Italy,Italy_Tuscany_Siena_EarlyMedieval.AG,982.0,0.5497452020645142,-1.0344287079230152,0.21426266219448023,0.4063710240525845
ETR014.AG,Italy,Italy_Tuscany_Siena_EarlyMedieval.AG,944.0,0.3001249730587005,-1.0076583282709302,0.20820638278099413,0.4154498784727856
MAG001.AG,Italy,Italy_Tuscany_Grosseto_Etruscan.AG,2617.0,0.4701329171657562,-1.0461614430266606,0.19471839132823726,0.4244710579891294
MAS001.AG,Italy,Italy_Tuscany_Grosseto_Etruscan_oLevant.AG,2136.0,0.358416348695755,-1.048006001365774,0.1830174142585723,0.3750265305134629
MAS002.AG,Italy,Italy_Tuscany_Grosseto_Imperial.AG,1638.0,0.3015256226062774,-1.0432692775020593,0.2041663542302595,0.4109303766892737
MAS004.AG,Italy,Italy_Tuscany_Grosseto_Etruscan.AG,2675.0,0.0985455960035324,-1.0307255460612803,0.2166948617822379,0.4073649546602664
POP001.AG,Italy,Italy_Tuscany_Grosseto_EarlyMedieval.AG,1089.0,0.6886123418807983,-1.044246477545194,0.24433115137499264,0.4784763942764356
PRZ001.AG,Italy,Italy_Tuscany_Siena_Etruscan.AG,2610.0,0.5958217978477478,-1.0097690722787311,0.18513915155511587,0.45573787452819325
PRZ002.AG,Italy,Italy_Tuscany_Siena_Etruscan.AG,2579.0,0.618727445602417,-1.0455997010460636,0.18752969848908943,0.43100048907968636
TAQ001.AG,Italy,Italy_Lazio_Viterbo_Etruscan_sister.TAQ024.TAQ017.AG,2175.0,0.6833926439285278,-1.0046696934637378,0.1932732186264817,0.3845034332038127
TAQ002.AG,Italy,Italy_Lazio_Viterbo_Etruscan.AG,1960.0,0.7032431960105896,-1.0191556694016672,0.23980949742724278,0.4085221300731691
TAQ003.AG,Italy,Italy_Lazio_Viterbo_EarlyMedieval.AG,1109.0,0.6065986156463623,-1.0759844231948892,0.245320255971418,0.47990732893756216
TAQ004.AG,Italy,Italy_Lazio_Viterbo_Etruscan.AG,2151.0,0.6565843224525452,-1.0480169603757445,0.22259307227093267,0.45615125310595167
TAQ005.AG,Italy,Italy_Lazio_Viterbo_Etruscan_father.TAQ018.TAQ015.AG,2143.0,0.6960453987121582,-1.0440748946921654,0.17896633312050517,0.4709401999899317
TAQ006.AG,Italy,Italy_Lazio_Viterbo_Etruscan.AG,2151.0,0.270803302526474,-1.0397118516435615,0.20765107749822623,0.4051771150809564
TAQ007.AG,Italy,Italy_Lazio_Viterbo_Etruscan.AG,2240.0,0.6007211804389954,-1.1020135728407419,0.29580479189735,0.4430700200464089
TAQ008.AG,Italy,Italy_Lazio_Viterbo_Etruscan.AG,2151.0,0.4187985062599182,-1.0337334718903197,0.20707499558673859,0.37299551049913837
TAQ009.AG,Italy,Italy_Lazio_Viterbo_EarlyMedieval.AG,972.0,0.7271229028701782,-0.9863891962085893,0.2272242619245523,0.34410989974633654
TAQ010.AG,Italy,Italy_Lazio_Viterbo_Etruscan.AG,2151.0,0.5317575931549072,-0.9935085355342964,0.19614964148604716,0.37929356333964453
TAQ011.AG,Italy,Italy_Lazio_Viterbo_EarlyMedieval.AG,991.0,0.6508511900901794,-1.1063364003397274,0.2301269813326016,0.46127576630969563
TAQ012.AG,Italy,Italy_Lazio_Viterbo_Etruscan.AG,2151.0,0.5405101180076599,-0.9996173581294256,0.2055876911595776,0.4174598475315358
TAQ013.AG,Italy,Italy_Lazio_Viterbo_Etruscan.AG,2151.0,0.3863552212715149,-1.050837615131375,0.20935255174301762,0.4258331980501073
TAQ015.AG,Italy,Italy_Lazio_Viterbo_Etruscan.AG,2096.0,0.7199202179908752,-1.0579183604834008,0.19375881365775527,0.41377984399029005
TAQ016.AG,Italy,Italy_Lazio_Viterbo_Etruscan.AG,2151.0,0.7016835808753967,-1.064387911441019,0.19355067213202923,0.4040355419401254
TAQ017.AG,Italy,Italy_Lazio_Viterbo_Etruscan_brother.TAQ024.TAQ001.AG,2175.0,0.6748428344726562,-0.9493285458488677,0.1183420236341577,0.4007352517368281
TAQ018.AG,Italy,Italy_Lazio_Viterbo_Etruscan_son.TAQ005.brother.TAQ015.AG,2143.0,0.7068076133728027,-0.9855453209159065,0.1758235755903642,0.3796127582832202
TAQ019.AG,Italy,Italy_Lazio_Viterbo_Etruscan.AG,2173.0,0.7471267580986023,-1.045676210657083,0.20462419464807818,0.3653181670477088
TAQ020.AG,Italy,Italy_Lazio_Viterbo_Imperial.AG,1754.0,0.0868798643350601,-1.0580683237982205,0.21847467203895715,0.37672987982738726
TAQ021.AG,Italy,Italy_Lazio_Viterbo_Imperial.AG,1564.0,0.2774431407451629,-1.0187043854271705,0.20581798806723703,0.41041860649038797
TAQ022.AG,Italy,Italy_Lazio_Viterbo_EarlyMedieval.AG,859.0,0.5158640146255493,-1.0609369116633776,0.20345813443840516,0.41417727837375307
TAQ023.AG,Italy,Italy_Lazio_Viterbo_Etruscan.AG,2265.0,0.6543734669685364,-1.0098685071148876,0.20220324170515686,0.3887775268499674
TAQ024.AG,Italy,Italy_Lazio_Viterbo_Etruscan.AG,2167.0,0.710612952709198,-1.0263352333616733,0.17379153990717727,0.357947876465551
VEN001.AG,Italy,Italy_Basilicata_Venosa.AG,1225.0,0.5148964524269104,-1.049152341562234,0.2381766849126006,0.45845055163950765
VEN005.AG,Italy,Italy_Basilicata_Venosa.AG,1250.0,0.1851497143507003,-1.041154972021526,0.23046545527297727,0.4106666093005686
VEN006.AG,Italy,Italy_Basilicata_Venosa.AG,1250.0,0.3921864628791809,-0.9525510669711158,0.1886331832865977,0.3859218259970784
VEN008.AG,Italy,Italy_Basilicata_Venosa.AG,1250.0,0.0697527080774307,-1.0109523409996326,0.18119837461791996,0.4030368346440614
VEN009.AG,Italy,Italy_Basilicata_Venosa.AG,1250.0,0.0842862129211425,-1.0127097795226214,0.18699564904428603,0.40580203027957523
VEN010.AG,Italy,Italy_Basilicata_Venosa.AG,1250.0,0.0898254960775375,-0.9932257145347451,0.20886457496023791,0.37055715799157707
VEN012.AG,Italy,Italy_Basilicata_Venosa.AG,1250.0,0.1612586379051208,-1.0395845715851217,0.20699368133804558,0.40379743710921956
VEN013.AG,Italy,Italy_Basilicata_Venosa.AG,1250.0,0.4684403240680694,-1.077601110933595,0.17071103002872884,0.3652033591174911
VEN015.AG,Italy,Italy_Basilicata_Venosa.AG,1250.0,0.7307473421096802,-1.0497828851735929,0.2064434031512194,0.42181578994898034
VEN016.AG,Italy,Italy_Basilicata_Venosa.AG,1250.0,0.3522485196590423,-1.0199640698091397,0.20572252732465682,0.40535934091386433
VEN018.AG,Italy,Italy_Basilicata_Venosa.AG,1250.0,0.0531713776290416,-1.0024007528727006,0.19551495851773323,0.3898264276034486
VET001.AG,Italy,Italy_Tuscany_Grosseto_Etruscan.AG,2500.0,0.1513414680957794,-1.0205740055455659,0.22718821969831002,0.39136504914208936
VET002.AG,Italy,Italy_Tuscany_Grosseto_Etruscan.AG,2614.0,0.5306829810142517,-0.9800024466687818,0.20639722450593095,0.3969464169172251
VET003_4.AG,Italy,Italy_Tuscany_Grosseto_Etruscan.AG,2705.0,0.7889227271080017,-1.024197953175302,0.16816888633232158,0.3915542352592535
VET005.AG,Italy,Italy_Tuscany_Grosseto_Etruscan_oSteppe.AG,2226.0,0.5669980645179749,-1.0073647488069704,0.192395694866075,0.4365258410354212
VET006_9.AG,Italy,Italy_Tuscany_Grosseto_Etruscan_oEastMed.AG,2225.0,0.6116148233413696,-0.9766243622750326,0.19480788964462875,0.37258071180080116
VET007.AG,Italy,Italy_Tuscany_Grosseto_Etruscan.AG,2721.0,0.6409680843353271,-0.9996086204041423,0.19048036744937494,0.3737218412971625
VET008.AG,Italy,Italy_Tuscany_Grosseto_Etruscan_oEastMed.AG,2229.0,0.6441359519958496,-1.0162862131592239,0.19267106591471964,0.44994387747362824
VET010.AG,Italy,Italy_Tuscany_Grosseto_Etruscan.AG,2603.0,0.3417271375656128,-1.0626936147270947,0.1706799369302962,0.3804799581324309
VEU001.AG,Italy,Italy_Tuscany_Grosseto_Etruscan.AG,2615.0,0.2035404294729232,-1.0017152328469914,0.1717663752786467,0.3763683664649531
VOL001.AG,Italy,Italy_Tuscany_Pisa_Etruscan.AG,2072.0,0.7562742829322815,-1.0765754948215358,0.20062023151190542,0.41008668982370755
KFH2_KFH002.A0101.AG,Israel,Israel_Middle_Late_PPNB.AG,9591.0,0.1110685765743255,-1.4248759440302992,0.9506075384074834,1.9134583218962042
ZBC_IPB001.B-C0101_Luk2-Pinarbasi.AG,Turkey,Turkey_Central_Pinarbasi_Epipaleolithic.AG,15411.0,0.7569952607154846,-0.707967666640047,0.5725929988183671,0.9528551348247967
ZHAG_BON004.A0101_Luk10.AG,Turkey,Turkey_Central_Boncuklu_PPN.AG,9900.0,0.6923032999038696,-0.6792786084863214,0.5268029195608086,0.9520132618966123
ZHAJ_BON034.A0101_Luk9.AG,Turkey,Turkey_Central_Boncuklu_PPN.AG,9900.0,0.4563350081443786,-0.7495991145037686,0.5182787917864362,0.9296490244620456
ZHJ_BON024.A0101_Luk84.AG,Turkey,Turkey_Central_Boncuklu_PPN.AG,10190.0,0.4966411590576172,-0.690750711938996,0.5407680558974233,0.9617393435113293
ZKO_BON001.A0101_Luk7.AG,Turkey,Turkey_Central_Boncuklu_PPN.AG,9900.0,0.5407655835151672,-0.7101723339546476,0.5348075960877716,0.95936227614779
ZMOJ_BON014.A0101_Luk21.AG,Turkey,Turkey_Central_Boncuklu_PPN.AG,9900.0,0.4926225543022156,-0.665518563117572,0.5354404198721723,0.9220099887428597
ASH008.AG,Israel,Israel_Ashkelon_IA2.AG,3095.0,0.3349275290966034,-1.4367937934262844,0.9756660308082228,1.9486024247946094
ASH029.AG,Israel,Israel_Ashkelon_LBA.AG,3513.0,0.0942277163267135,-1.4346253505865414,0.9699006940617505,1.9049277712435302
ASH033.AG,Israel,Israel_Ashkelon_LBA.AG,3639.0,0.0839528888463974,-1.4491896951985739,0.9721539290393321,1.9039802143505726
ASH034.AG,Israel,Israel_Ashkelon_LBA.AG,3550.0,0.2551222145557403,-1.448890314590745,0.9866353187671785,1.9281092460684806
ASH066.AG,Israel,Israel_Ashkelon_IA1.AG,3184.0,0.1343505680561065,-1.43281970021963,0.9766764687022073,1.9279905894246976
ASH067.AG,Israel,Israel_Ashkelon_IA1.AG,3206.0,0.1280351430177688,-1.4284293393555982,0.9566938634944774,1.8883578320920862
ASH068.AG,Israel,Israel_Ashkelon_IA1_o.AG,3167.0,0.1880199164152145,-1.4286450272232263,0.9783860456194496,1.9077908352927875
ASH087.AG,Israel,Israel_Ashkelon_IA2.AG,3100.0,0.1536050289869308,-1.4090764384368872,0.9513843460218853,1.9054288872700806
ASH135.AG,Israel,Israel_Ashkelon_IA2.AG,3100.0,0.0691987872123718,-1.433047724901657,0.9626544193545622,1.9215142837535628
ASH2-3.AG,Israel,Israel_Ashkelon_IA1.AG,3213.0,0.0597219988703727,-1.4467768278335018,0.9815989762132038,1.9398387430618331
N18.SG,Poland,Poland_TRB.SG,5459.0,0.8795381784439087,-0.547928311707055,-0.22631247168260693,-0.561168805693578
N19.SG,Poland,Poland_TRB_o.SG,5490.0,0.8787239193916321,-0.5111725140810293,-0.20823295528512414,-0.47864682481264076
N20.SG,Poland,Poland_TRB.SG,5467.0,0.6546062231063843,-0.5108792847069294,-0.2172623861700352,-0.5053949357070756
N22.SG,Poland,Poland_BKG_o2.SG,6263.0,0.8559577465057373,-0.4907848123894997,-0.20404001192890386,-0.41262315302306635
N25.SG,Poland,Poland_BKG.SG,6250.0,0.9184744954109192,-0.5577322383101792,-0.21408928769880756,-0.5113631618540795
N26.SG,Poland,Poland_BKG.SG,6177.0,0.9109774231910706,-0.4996998885718012,-0.21324002542991533,-0.5113069069711605
N27.SG,Poland,Poland_BKG.SG,6250.0,0.8779947757720947,-0.5407381446883257,-0.19925650681633247,-0.5002225160413736
N28.SG,Poland,Poland_BKG.SG,6074.0,0.864393949508667,-0.505086866182037,-0.21891688426018188,-0.5142745436828215
N31.SG,Poland,Poland_BKG.SG,6130.0,0.8572447896003723,-0.5084658004665547,-0.24053482620527253,-0.5085542552545048
N36.SG,Poland,Poland_BKG.SG,6250.0,0.8668440580368042,-0.4971988207203179,-0.23702860900856654,-0.5191238349274366
N38.SG,Poland,Poland_GlobularAmphora.SG,4959.0,0.8896759152412415,-0.5188838370802065,-0.2227057361018927,-0.5128889721727478
N42.SG,Poland,Poland_BKG_o1.SG,6049.0,0.5508319735527039,-0.5121817741921739,-0.20003949483024816,-0.5128984625161884
N44.SG,Poland,Poland_CordedWare_3.SG,4400.0,0.8660703301429749,-0.49393043015179294,-0.2208982389767124,-0.49831751858217116
N45.SG,Poland,Poland_CordedWare_3.SG,4375.0,0.8967821002006531,-0.442770684370831,-0.2475819360183268,-0.4883568872076297
N47.SG,Poland,Poland_CordedWare_1.SG,4375.0,0.910769820213318,-0.5165660533997372,-0.20321689003444943,-0.526393679265337
N49.SG,Poland,Poland_CordedWare_1.SG,4375.0,0.8805178999900818,-0.5134506536944236,-0.20997663466772132,-0.48595923163294796
ATT27.SG,France,France_Oise_IA.SG,2220.0,0.1467113494873047,-0.3224514249677732,-0.09838746855742145,-0.4577842244419258
ATT3.SG,France,France_Oise_IA.SG,2220.0,0.2431758642196655,-0.30212210030701003,0.0250170365189815,-0.503175009536834
ATT52-2.SG,France,France_Oise_IA.SG,2220.0,0.1704913079738617,-0.3285593423153547,-0.016570245351275215,-0.46758977552183056
BES1096B.SG,France,France_Aude_IA.SG,2413.0,0.0978440642356872,-0.3223109640437599,-0.02978215964812623,-0.47117122266795364
BES1154.SG,France,France_Aude_IA.SG,2443.0,0.0918141156435012,-0.31493877545989,-0.029027051764960055,-0.45487419118913297
BES1249.SG,France,France_Aude_IA.SG,2000.0,0.0708265006542205,-0.3250543275936088,-0.004340270586368157,-0.4378998151527175
BFT228.SG,France,France_Aisne_IA.SG,2275.0,0.1120036840438842,-0.36384613075060085,-0.05579387260827293,-0.5041434913201944
BLH447.SG,France,France_Aisne_IA.SG,2275.0,0.0986072346568107,-0.331570081799541,0.007203843072346282,-0.45682969153537223
BPV1445.SG,France,France_Aube_BA.SG,5575.0,0.1538937538862228,-0.29376224776208604,-0.03798140886530799,-0.3751194420792588
BPV1455.SG,France,France_Aube_BA.SG,5575.0,0.1105600669980049,-0.30761845902371643,-0.020970303439072423,-0.46952652624265023
BUCH48-1.SG,France,France_Aube_IA.SG,2313.0,0.2109807431697845,-0.29924047820182176,-0.00845553539477112,-0.4776018353615307
BUCH48-2.SG,France,France_Aube_IA.SG,2313.0,0.1086168587207794,-0.2717960964217556,-0.0401282532468276,-0.44953878564280436
BUCH82.SG,France,France_Aube_IA.SG,2425.0,0.088517315685749,-0.3259932476100579,-0.024606278180457016,-0.4640066745595455
CHF106.SG,France,France_Marne_IA.SG,2388.0,0.1455613225698471,-0.32891849765601344,-0.04236955068423082,-0.5150297435424266
CLR23.SG,France,France_Aude_IA.SG,2300.0,0.2138201296329498,-0.3334599856951715,-0.036485692951944565,-0.48233242260608367
CLR24.SG,France,France_Aude_IA.SG,2300.0,0.2419293224811554,-0.32618093714847635,-0.027867796132437166,-0.449634982588896
CLR31.SG,France,France_Aude_IA.SG,2300.0,0.2786475121974945,-0.3280771155745316,-0.022370633445261613,-0.46179764352755376
CLR35.SG,France,France_Aude_IA.SG,2300.0,0.3400012850761413,-0.317987974722045,-0.055571178347897904,-0.47655360834315824
CLR44.SG,France,France_Aude_IA.SG,2300.0,0.2491847276687622,-0.3262222575959973,0.00259219436751399,-0.45876478139565136
COL239.SG,France,France_HautRhin_IA.SG,2515.0,0.1911901980638504,-0.3320504380512018,-0.00444333147066473,-0.45665060842797417
COL330.SG,France,France_HautRhin_IA.SG,2625.0,0.1358501464128494,-0.32529889628759234,0.0032504666650687727,-0.4610104557898971
CROI1-4.SG,France,France_HautRhin_IA.SG,2663.0,0.0771816670894622,-0.31007505709618777,-0.011073607382487598,-0.46764732447152757
CROI11.SG,France,France_HautRhin_IA.SG,2625.0,0.1137384623289108,-0.34320880788944347,-0.008406401341842258,-0.4661907469279105
ERS83-2.SG,France,France_BasRhin_IA.SG,2200.0,0.198741614818573,-0.30534729689553036,-0.03608679398553974,-0.46139803333484825
GDF1231.SG,France,France_Aube_IA.SG,2350.0,0.5162224769592285,-0.31064009794869074,0.050009217400208944,-0.48072015200414664
GDF1264.SG,France,France_Aube_IA.SG,2350.0,0.4408031404018402,-0.29055069408889295,-0.06310484667081423,-0.48853471667636794
GDF1341.SG,France,France_Aube_IA.SG,2350.0,0.2241330742835998,-0.3497721351035819,-0.04161960259207336,-0.46236211752057516
GDF1348.SG,France,France_Aube_IA.SG,2350.0,0.3447822630405426,-0.33725985616396026,-0.015450796197121574,-0.47558618998785307
GDF1349-A.SG,France,France_Aube_IA.SG,2350.0,0.6818224787712097,-0.3234873804379633,-0.03920663542545128,-0.46657656768859984
GLN141.SG,France,France_Yonne_IA.SG,2150.0,0.1413683444261551,-0.3142384227502962,-0.01755599014457441,-0.49920116085645594
GLN29-A.SG,France,France_Yonne_IA.SG,2150.0,0.0869236588478088,-0.30749582937238057,-0.010291675874045269,-0.46556159934037966
GLN32.SG,France,France_Yonne_IA.SG,2150.0,0.0626027435064315,-0.3036831526009324,-0.03399239095564056,-0.5097971918995706
ISL6950.SG,France,France_BasRhin_IA.SG,2140.0,0.6095426678657532,-0.38569779106088103,0.031097136843477608,-0.45058123456381055
PAL170.SG,France,France_PasDeCalais_IA.SG,2500.0,0.1150839477777481,-0.33328225652605475,-0.01424510249407522,-0.4827318745578397
PECH3.SG,France,France_Aude_IA.SG,3250.0,0.2443510293960571,-0.32629286551249115,-0.013815606321276543,-0.43754534764036673
PECH9.SG,France,France_Aude_IA.SG,2400.0,0.1459749341011047,-0.3154604022908466,-0.030696781070442065,-0.48185630614978525
PEY73.SG,France,France_Herault_IA.SG,2125.0,0.113076664507389,-0.36376576543665917,-0.014142199737623953,-0.48262418490636466
PT7.SG,France,France_Gard_IA.SG,2363.0,0.1536447703838348,-0.32263671515932985,0.03563111457218037,-0.5045689794744412
SCPG2.SG,France,France_HautRhin_IA.SG,2176.0,0.1036088019609451,-0.34992228206665693,-0.016702340259104383,-0.43691419664231607
UN129.SG,France,France_Manche_IA.SG,2050.0,0.1399271488189697,-0.3158398927617817,-0.02051980722007296,-0.4488974743736616
UN85.SG,France,France_Manche_IA.SG,2050.0,0.1635619401931762,-0.3425905159755607,-0.03568751013138808,-0.48069187870656926
VAS75.SG,France,France_Aisne_IA.SG,2350.0,0.164015308022499,-0.3085534491658929,-0.030703454366583723,-0.4832627054859001
VAS79-2.SG,France,France_Aisne_IA.SG,2350.0,0.1666722148656845,-0.3242826268605822,0.012022246071265832,-0.48113307928659776
WET429.SG,France,France_HautRhin_IA.SG,2176.0,0.1277504712343216,-0.33402338110470803,-0.010593703534024137,-0.4915242602717952
TOR.6.WGC.SG,Spain,Spain_EN.WGC.SG,6900.0,0.1988470554351806,-1.140066245215493,0.1070023812502927,-1.245072419206302
TOR.7.WGC.SG,Spain,Spain_EN_1d.or.2d.rel.TOR.6.WGC.SG,6900.0,0.0562954321503639,-1.1353220244809585,0.0862217919268341,-1.2822620732169172
TOR.8.WGC.SG,Spain,Spain_EN.WGC.SG,6900.0,0.1021059826016426,-1.1696447303775417,0.022176775051295245,-1.239402113619964
Aes10.AG,Switzerland,Switzerland_LN.AG,4833.0,0.3092603385448456,1.6041605949808504,-1.8934881845322071,-1.3638492169830108
Aes11.AG,Switzerland,Switzerland_LN_daughter.Aes17.AG,4885.0,0.4561371207237243,1.5912667662389444,-1.8982233000361164,-1.3714209802146742
Aes12.AG,Switzerland,Switzerland_LN_father.or.son.Aes24.1d.rel.Aes19.1d.rel.Aes3.AG,4864.0,0.3875774145126343,1.6051506082102156,-1.9013836259394292,-1.3795804164906857
Aes13.AG,Switzerland,Switzerland_LN.AG,4902.0,0.4547016024589538,1.6111800655311908,-1.8826577428829259,-1.3517800615395983
Aes14.AG,Switzerland,Switzerland_LN.AG,4897.0,0.4000087678432464,1.5964946276290852,-1.9145545761319636,-1.359248577569339
Aes15.AG,Switzerland,Switzerland_LN_1d.rel.Aes14.AG,4899.0,0.2953115701675415,1.629523924866609,-1.9144131724877704,-1.3580580968235214
Aes16.AG,Switzerland,Switzerland_LN.AG,4942.0,0.1478573232889175,1.6057071556503553,-1.9071907882939283,-1.3818735015218144
Aes17.AG,Switzerland,Switzerland_LN.AG,4878.0,0.4715830385684967,1.5930573684781826,-1.9123961925560673,-1.3489262851335488
Aes18.AG,Switzerland,Switzerland_LN.AG,4838.0,0.521123468875885,1.605112728566264,-1.920829285210872,-1.3806337486112816
Aes19.AG,Switzerland,Switzerland_LN_1d.rel.Aes12.1d.rel.Aes3.AG,4825.0,0.4678255617618561,1.5771244679524312,-1.9039545814671577,-1.3626998761378668
Aes1.AG,Switzerland,Switzerland_LN.AG,4939.0,0.3965935409069061,1.6201137168831239,-1.9011536364116055,-1.3615510536672777
Aes20.AG,Switzerland,Switzerland_LN.AG,4842.0,0.4532742202281952,1.6003672427356808,-1.940651912971544,-1.3596385146194774
Aes21.AG,Switzerland,Switzerland_LN.AG,4825.0,0.455579936504364,1.6025976443584946,-1.8959956683329597,-1.352001483896712
Aes22.AG,Switzerland,Switzerland_LN.AG,4740.0,0.3913121819496155,1.625908647951313,-1.9277651689692215,-1.3837943340738703
Aes23.AG,Switzerland,Switzerland_LN.AG,4722.0,0.5001398921012878,1.612779475992529,-1.929158784104568,-1.385184555325208
Aes24.AG,Switzerland,Switzerland_LN.AG,4839.0,0.4744386374950409,1.5910239731185944,-1.902770017581076,-1.3648334306403367
Aes25.AG,Switzerland,Switzerland_LN_oSteppe.AG,4635.0,0.5469269156455994,1.6008429079317281,-1.8860836623194812,-1.338390532014464
Aes2.AG,Switzerland,Switzerland_LN.AG,4885.0,0.2864032983779907,1.6322299180025521,-1.9081876120940013,-1.3767546158732604
Aes3.AG,Switzerland,Switzerland_LN.AG,4919.0,0.4762139618396759,1.570668996841946,-1.8923247237004723,-1.3644614911800497
Aes4.AG,Switzerland,Switzerland_LN.AG,4970.0,0.4377618134021759,1.6205275361195,-1.920340242634156,-1.3876103709085692
Aes5.AG,Switzerland,Switzerland_LN.AG,4906.0,0.39769247174263,1.6402375265266753,-1.9517800387476343,-1.3716536464539801
Aes8.AG,Switzerland,Switzerland_LN.AG,4851.0,0.4087483286857605,1.6071430308875974,-1.9190796723234154,-1.3965603997398006
Aes9.AG,Switzerland,Switzerland_LN.AG,4848.0,0.3155432939529419,1.6620470111063543,-1.9212932848934368,-1.3919672961779606
MX150.AG,Switzerland,Switzerland_LN.AG,5164.0,0.1611418575048446,1.5865760063640721,-1.9024977265786351,-1.3189609224053331
MX182.AG,Switzerland,Switzerland_LN.AG,5158.0,0.30073082447052,1.5942869782798503,-1.9091033896491367,-1.3514807538013676
MX183.AG,Switzerland,Switzerland_LN_brother.MX211.AG,5160.0,0.4049089550971985,1.636392692912589,-1.9364778250476997,-1.3498053592180694
MX184.AG,Switzerland,Switzerland_LN.AG,4950.0,0.352622389793396,1.5923502094909094,-1.9129117134372289,-1.3988328137342096
MX187.AG,Switzerland,Switzerland_LN_father.or.son.MX212.MX150.AG,5055.0,0.3862497806549072,1.6208749662859216,-1.9215744894413573,-1.3697410947485014
MX188.AG,Switzerland,Switzerland_EBA_2.AG,4399.0,0.5560582280158997,1.6202648408770581,-1.9130571925890076,-1.3585945656110785
MX189.AG,Switzerland,Switzerland_EBA_2.AG,4058.0,0.4364268779754638,1.5924784615945704,-1.883048821932265,-1.3226414365113988
MX190.AG,Switzerland,Switzerland_EBA_2_brother.MX188.AG,4530.0,0.4309151768684387,1.6437793973405834,-1.9300208294721581,-1.4019771575583235
MX191.AG,Switzerland,Switzerland_EBA_2.AG,4523.0,0.5222207903862,1.6203091109699044,-1.8815972468122593,-1.363369844122448
MX192.AG,Switzerland,Switzerland_EBA_2_1d.rel.MX195.MX197.AG,4470.0,0.4270863234996795,1.6204707361202209,-1.9030839531314636,-1.3635143807794023
MX193.AG,Switzerland,Switzerland_EBA_1.AG,4087.0,0.4510301053524017,1.5711972482645093,-1.9494784646823555,-1.3743771397497773
MX195.AG,Switzerland,Switzerland_EBA_2_1d.rel.MX192.MX197.AG,4225.0,0.4487925171852112,1.6484160551606981,-1.8827321306834348,-1.3673616866404035
MX196.AG,Switzerland,Switzerland_EBA_2.AG,4495.0,0.4922040700912475,1.6224766203481011,-1.9140968983231366,-1.3504801067720738
MX197.AG,Switzerland,Switzerland_EBA_2.AG,4351.0,0.4764629304409027,1.640674389738984,-1.867439788353905,-1.3817445590487325
MX198.AG,Switzerland,Switzerland_EBA_2.AG,4509.0,0.4753842949867248,1.6351295620019466,-1.899559159691433,-1.3768191977592468
MX199.AG,Switzerland,Switzerland_EBA_2.AG,4235.0,0.5184406042098999,1.614425684582967,-1.8854100878816276,-1.358364477345813
MX203.AG,Switzerland,Switzerland_LN.AG,4950.0,0.1233368963003158,1.6134108434212646,-1.9355972094594296,-1.388486141555991
MX204.AG,Switzerland,Switzerland_LN.AG,4950.0,0.286738246679306,1.5839500060140077,-1.9092703228352759,-1.3454572068133248
MX209.AG,Switzerland,Switzerland_LN.AG,4950.0,0.2861445844173431,1.6205828880667852,-1.9325605803458157,-1.3751999119042477
MX210.AG,Switzerland,Switzerland_LN.AG,4950.0,0.5521158576011658,1.613251506411406,-1.9082644567973155,-1.3608033869004688
MX211.AG,Switzerland,Switzerland_LN.AG,4992.0,0.428465873003006,1.5949198364511334,-1.911035273444972,-1.3602292879988944
MX212.AG,Switzerland,Switzerland_LN.AG,5165.0,0.2933448255062103,1.602101994740423,-1.90459551423874,-1.3559985787240618
MX213.AG,Switzerland,Switzerland_LN.AG,5125.0,0.3489452302455902,1.6161200730330407,-1.902920986717712,-1.3640583166263134
MX251.AG,Germany,Germany_SouthernGermany_Singen_EBA_o.AG,4039.0,0.0922171920537948,0.287768141462657,0.14381648105087871,0.7325785497363889
MX252.AG,Germany,Germany_SouthernGermany_Singen_EBA.AG,3808.0,0.3561592698097229,0.2858516419138218,0.031386522338245876,0.718579367789022
MX254.AG,Germany,Germany_SouthernGermany_Singen_EBA.AG,3900.0,0.5290244221687317,0.25267624530801186,0.10633787517608767,0.7892796954642436
MX257.AG,Germany,Germany_SouthernGermany_Singen_EBA.AG,3742.0,0.3464051187038421,0.29620871376112895,0.0718371803663397,0.7495350055802082
MX258.AG,Germany,Germany_SouthernGermany_Singen_EBA.AG,3917.0,0.1633121520280838,0.23134684814776116,0.06810608909005632,0.7899704361302079
MX259.AG,Germany,Germany_SouthernGermany_Anselfingen_EBA.AG,4246.0,0.2463015466928482,0.34071967239346873,0.13063029584500255,0.7801829220819392
MX265.AG,Germany,Germany_SouthernGermany_Singen_IA.AG,2569.0,0.3818069994449615,0.2859210117575124,0.12864368320146202,0.7455047595022427
MX270.AG,Germany,Germany_SouthernGermany_Singen_EBA.AG,3900.0,0.2557272315025329,0.30457885418632336,0.08832688367527579,0.7687060456936535
MX275.AG,Germany,Germany_SouthernGermany_Singen_EBA_brother.MX270.father.MX286.AG,4002.0,0.3540846705436706,0.28601104747473177,0.12972836244420002,0.749172370558519
MX277.AG,Germany,Germany_SouthernGermany_Singen_EBA.AG,3791.0,0.3362105786800384,0.2501717401727499,0.12577636742292958,0.76424426214935
MX279.AG,Germany,Germany_SouthernGermany_Singen_EBA.AG,3758.0,0.289011538028717,0.33634384174382487,0.0976003149369802,0.8398200614562233
MX280.AG,Germany,Germany_SouthernGermany_Singen_EBA.AG,3931.0,0.4970442354679107,0.33908975615208353,0.15077828008194794,0.7554046736911866
MX283.AG,Germany,Germany_SouthernGermany_Singen_EBA_brother.MX254.son.MX286_contam.AG,3946.0,0.5499722957611084,0.3080676196840467,0.15306363553370225,0.7938642430051974
MX283_d.AG,Germany,Germany_SouthernGermany_Singen_EBA_brother.MX254.son.MX286.AG,3946.0,0.0555809214711189,0.3594639665856525,0.09901247489080113,0.7681754134894264
MX286.AG,Germany,Germany_SouthernGermany_Singen_EBA_son.MX275.father.MX254.MX283_contam.AG,3913.0,0.440207839012146,0.25901124706854234,0.12471502718924482,0.7335283255972503
MX288.AG,Germany,Germany_SouthernGermany_Singen_EBA.AG,4051.0,0.5222264528274536,0.32253893374283277,0.14748939025074617,0.7235592706573636
MX299.AG,Switzerland,Switzerland_LN_contam_o.AG,4757.0,0.0609539411962032,1.6211383778953226,-1.9146910515892608,-1.379199244209521
RA42.AG,Switzerland,Switzerland_LN.AG,5165.0,0.1318136900663375,1.605609262854178,-1.8950363656417195,-1.358717003624962
RA44.AG,Switzerland,Switzerland_LN.AG,4828.0,0.1659552603960037,1.5995701156538384,-1.866187328169762,-1.3398570080029455
RA45.AG,Switzerland,Switzerland_LN.AG,4975.0,0.1667962968349456,1.633304009902786,-1.9372275895203355,-1.4012511296272856
RA54.AG,Switzerland,Switzerland_EBA_1.AG,4498.0,0.1075333356857299,1.6332235919199756,-1.932504671098488,-1.3834873170875432
RA57.AG,Switzerland,Switzerland_LN.AG,4806.0,0.3330702781677246,1.6278750652379361,-1.9296489676242776,-1.3676231413305133
RA58.AG,Switzerland,Switzerland_LN.AG,4865.0,0.2844560444355011,1.6195615449506326,-1.9240445116024583,-1.3812606566700065
RA59.Furtwangler.AG,Switzerland,Switzerland_LN.AG,4830.0,0.2359042465686798,1.637818262398268,-1.9387825824282212,-1.3892711520342198
RA61.AG,Switzerland,Switzerland_LN.AG,4804.0,0.4435468316078186,1.61272578217014,-1.9120470418475046,-1.3695748017255827
RA62.AG,Switzerland,Switzerland_LN.AG,4853.0,0.4599651396274566,1.6154796438763166,-1.9039654890824618,-1.3605374218719506
RA63.AG,Switzerland,Switzerland_EBA_2_father.or.son.RA64.AG,3970.0,0.3724843263626098,1.6385560941402149,-1.8976947838372107,-1.3468092225629154
RA64.AG,Switzerland,Switzerland_EBA_2.AG,4099.0,0.4104417264461517,1.6099134430389594,-1.909925435706689,-1.3459528031331547
TU876_SX10.AG,Switzerland,Switzerland_EBA_1.AG,4550.0,0.3426281809806824,1.6155773484814375,-1.9074243978419787,-1.37662096617633
TU877_SX11.AG,Switzerland,Switzerland_LN.AG,6355.0,0.6139278411865234,1.6132043804012848,-1.901239721603863,-1.3586429806770939
TU904_SX17.AG,Switzerland,Switzerland_EBA_1.AG,4344.0,0.1653867363929748,1.6244952596430453,-1.9236416835360368,-1.3744804599115275
TU905_SX18.AG,Switzerland,Switzerland_EBA_2.AG,2032.0,0.515495777130127,1.6132410358010407,-1.9268906059513236,-1.3767451851726191
TU907_SX20.AG,Switzerland,Switzerland_EBA_2.AG,3576.0,0.5400307774543762,1.6415260939445475,-1.922473918385605,-1.3720279171889371
TU908_SX21.AG,Switzerland,Switzerland_EBA_1.AG,4327.0,0.4936695694923401,1.6014508841375568,-1.9049438406556394,-1.3409048704175017
TU910_SX22.AG,Switzerland,Switzerland_EBA_1.AG,4949.0,0.4628045260906219,1.6155745133333137,-1.9208655060827142,-1.366531184647626
TU911_SX23.AG,Switzerland,Switzerland_EBA_2.AG,3762.0,0.4555020928382873,1.6653732661682819,-1.9509727642237842,-1.3821672677709165
TU914_SX26.AG,Switzerland,Switzerland_EBA_1.AG,4322.0,0.4081368148326874,1.5913842796176583,-1.8794450834401384,-1.3384680979710877
TU915_SX29.AG,France,France_Alsace_Lingolsheim_MN.AG,6600.0,0.2931015193462372,-0.29501008053593175,-0.022139505110737243,-0.47750414656806306
TU916_SX30.AG,France,France_Alsace_Lingolsheim_MN.AG,6662.0,0.3772661089897156,-0.32030047360208236,-0.013073222601923165,-0.4745366978696893
TU918_SX32.AG,France,France_Alsace_Lingolsheim_EBA.AG,4289.0,0.3180826008319855,-0.27570948912288895,0.026868904278199136,-0.454143131911195
TU919_SX33.AG,France,France_Alsace_Lingolsheim_MN_o.AG,6625.0,0.4811417162418365,-0.3028668513690121,-0.032950155792355273,-0.45972129785679255
TU874_SX8.AG,Switzerland,Switzerland_EBA_1_1d.rel.TU876(SX10).AG,4573.0,0.1876663118600845,1.60640442128346,-1.904976123501858,-1.363856902281656
TU875_SX9.AG,Switzerland,Switzerland_LN.AG,6338.0,0.4319362342357635,1.5859593482301428,-1.9202728084200946,-1.3548919822079326
VERT015.SG,Ukraine,Ukraine_Eneolithic_Trypillia.SG,5589.0,0.843594491481781,0.06214869068757966,0.8212984536408612,0.19965726057835234
VERT030.SG,Ukraine,Ukraine_Eneolithic_Trypillia.SG,5600.0,0.7520869374275208,0.06008336483844474,0.8153169933222429,0.16287254958137604
VERT035.SG,Ukraine,Ukraine_Eneolithic_Trypillia.SG,5671.0,0.5953124761581421,0.07548955982488739,0.8180117517707027,0.18334942827994616
VERT100B.SG,Ukraine,Ukraine_Eneolithic_Trypillia.SG,5646.0,0.8303781151771545,0.08124748184247235,0.8208564534638668,0.1906174956696443
VERT103B.SG,Ukraine,Ukraine_Eneolithic_Trypillia.SG,5600.0,0.5218144655227661,0.08075430951522279,0.8081265475883233,0.19412274311281533
VERT104B.SG,Ukraine,Ukraine_Eneolithic_Trypillia.SG,5642.0,0.8972882032394409,0.03584750374663251,0.8540384953411303,0.2394329408075455
VERT105B.SG,Ukraine,Ukraine_Eneolithic_Trypillia.SG,5600.0,0.5646160840988159,0.061786849228051256,0.8231500640385723,0.21556348499895014
VERT106C.SG,Ukraine,Ukraine_Eneolithic_Trypillia.SG,5669.0,0.2207365185022354,0.08844019525601053,0.7872987332079187,0.19820367548678938
VERT111.SG,Ukraine,Ukraine_Eneolithic_Trypillia.SG,5600.0,0.3808994591236114,0.06116781641051668,0.823827142072354,0.18810372598329692
VERT113B.SG,Ukraine,Ukraine_MBA_CordedWare.SG,3823.0,0.6848111152648926,0.06256525303824285,0.8132298012921336,0.1750155676049321
VERT114.SG,Ukraine,Ukraine_LBA_EIA.SG,2843.0,0.2265588492155075,0.05241046522379942,0.8603492001943362,0.18814354888917445
VERT115.SG,Ukraine,Ukraine_Eneolithic_Trypillia.SG,5600.0,0.2654027044773102,0.05775392885626046,0.8270489717982511,0.2235435214489556
VERT117.SG,Ukraine,Ukraine_Eneolithic_Trypillia.SG,5600.0,0.3612030148506164,0.0725012858765031,0.8027194364072703,0.19300661812023162
VERT118.SG,Ukraine,Ukraine_Eneolithic_Trypillia.SG,5600.0,0.4423449039459228,0.05351228627861278,0.8091908744718328,0.19582303203785026
Hum1.SG,Norway,Norway_Mesolithic.SG,9364.0,0.3184070289134979,-0.1623811515072579,0.7827196832991177,-0.9985282881236083
Hum2.SG,Norway,Norway_Mesolithic.SG,9364.0,0.9170130491256714,-0.12477130363950827,0.7658352281638315,-0.9716267249760662
SBj.SG,Sweden,Sweden_Mesolithic.SG,8771.0,0.2536939978599548,-1.288643475047437,0.8621160924627917,-0.6042407934624553
SF11.SG,Sweden,Sweden_Mesolithic_o.SG,8892.0,0.0946218743920326,-1.2581095445209598,0.8255353686712654,-0.5627606358195122
SF12.SG,Sweden,Sweden_Mesolithic.SG,8895.0,0.9754657745361328,-1.0893039632838144,0.8368814714718273,-0.4698022856330573
SF9.SG,Sweden,Sweden_Mesolithic.SG,9144.0,0.6315975785255432,-1.2182894760259733,0.8343858541522897,-0.5796044090327839
Steigen.SG,Norway,Norway_N_oMesolithic.SG,5857.0,0.6345480680465698,-0.14859659713665496,0.7669764461926207,-0.9868995396271093
ILK001.AG,Ukraine,Ukraine_EBA_GlobularAmphorae.AG,4773.0,0.7504786849021912,0.07294125705222854,0.8158778092930112,0.18115188858294837
ILK002.AG,Ukraine,Ukraine_EBA_GlobularAmphorae.AG,4734.0,0.7708142399787903,0.06338373260224468,0.8020115310941499,0.1680704368729912
ILK003.AG,Ukraine,Ukraine_EBA_GlobularAmphorae.AG,4781.0,0.728367805480957,0.07820437460349254,0.81392093007913,0.17725501808162133
COV20126.SG,Spain,Spain_BA.SG,3632.0,0.1384486556053161,-1.1468873010335812,0.09316002063938467,-1.278736229419904
LD1174.SG,Spain,Spain_C.SG,4466.0,0.888396143913269,-1.1731873751135615,0.09011326803779769,-1.2826325769224083
LD270.SG,Portugal,Portugal_MN.SG,4380.0,0.8489991426467896,-1.6733840753535485,0.2461225927289158,-0.4834655798604975
LU339.SG,Portugal,Portugal_MN.SG,4849.0,0.9708161950111388,-1.6523849172593887,0.2397003712205315,-0.4763230645637937
Canes.SG,Spain,Spain_Mesolithic.SG,7089.0,0.6527530550956726,-1.0942752640538487,0.09118832006337863,-1.1847321804427442
Chan.SG,Spain,Spain_Mesolithic.SG,9109.0,0.8540931940078735,-1.0903439669621389,0.08421175334662186,-1.195981123411581
M95.SG,Romania,Romania_IronGates_Mesolithic.SG,8814.0,0.5639948844909668,-0.3829930996875537,0.22505641211034075,-0.009456664988275893
M96.SG,Romania,Romania_IronGates_Mesolithic.SG,8825.0,0.8334429860115051,-0.40578956980674546,0.22772393985815997,0.010023529421446258
QED-12.SG,Lebanon,Lebanon_Roman.SG,1525.0,0.3030292391777038,-1.2221257778162726,0.6075018668366327,1.363527365814461
QED-2.SG,Lebanon,Lebanon_Roman.SG,1610.0,0.7385348081588745,-1.2115582950927672,0.6061061851937724,1.3637373633622565
QED-4.SG,Lebanon,Lebanon_Roman.SG,1406.0,0.5903595685958862,-1.2216829332784978,0.6044526038616388,1.3836357570550555
QED-7.SG,Lebanon,Lebanon_Roman.SG,1627.0,0.7820104360580444,-1.225622394768071,0.6093494820816875,1.3774465206490054
SI-38.SG,Lebanon,Lebanon_Medieval.SG,800.0,0.4197984933853149,-1.2039853767125386,0.6071141743588178,1.3479823460481968
SI-39.SG,Lebanon,Lebanon_Medieval_o2.SG,702.0,0.4626098871231079,-1.210525586120085,0.6103274822793113,1.3625804468548914
SI-40.SG,Lebanon,Lebanon_Medieval_o5.SG,800.0,0.3323760628700256,-1.2250797719716762,0.6100481901673261,1.3744694366900239
SI-42.SG,Lebanon,Lebanon_Medieval.SG,725.0,0.4819576144218445,-1.2138118285107702,0.6077245428324198,1.3527451106307427
SI-44.SG,Lebanon,Lebanon_Medieval_o3.SG,800.0,0.3789522051811218,-1.2135375732516058,0.6019477589418303,1.3689848576129604
SI-45.SG,Lebanon,Lebanon_Medieval.SG,698.0,0.9587984681129456,-1.205529673237612,0.608114742466838,1.343162145625347
SI-47.SG,Lebanon,Lebanon_Medieval_o2.SG,800.0,0.3439793288707733,-1.2250900272284537,0.6248600969027488,1.3542097338717027
SFI-11.SG,Lebanon,Lebanon_ERoman.SG,1984.0,0.1056550070643425,-1.2239573828155423,0.605998541952133,1.3646505416270893
SFI-12.SG,Lebanon,Lebanon_Hellenistic.SG,2123.0,0.0864954367280006,-1.231942778797405,0.6056225476610456,1.3914509344460706
SFI-15.SG,Lebanon,Lebanon_ERoman.SG,2027.0,0.7642393112182617,-1.2117003999922007,0.603783956203357,1.3571493116372195
SFI-20.SG,Lebanon,Lebanon_Hellenistic.SG,2043.0,0.5723792314529419,-1.2049558753758105,0.5990116923535879,1.3419012565925696
SFI-24.SG,Lebanon,Lebanon_ERoman.SG,1946.0,0.9272051453590392,-1.2041951485794844,0.6006829820751032,1.3544139578247452
SFI-33.SG,Lebanon,Lebanon_ERoman.SG,1804.0,0.9221022129058838,-1.2230863458489767,0.6077329291068811,1.363315748893169
SFI-34.SG,Lebanon,Lebanon_IA3.SG,2385.0,0.8015876412391663,-1.2074314386546534,0.5953221069964145,1.3419055058267442
SFI-35.SG,Lebanon,Lebanon_IA3.SG,2385.0,0.285764217376709,-1.2251422530600575,0.6132061211119855,1.3706662066275053
SFI-36.SG,Lebanon,Lebanon_IA3.SG,2385.0,0.5193367600440979,-1.2206605525076424,0.6089602454810411,1.3687561831536776
SFI-39.SG,Lebanon,Lebanon_IA3.SG,2385.0,0.4948293268680572,-1.1985096374515245,0.6098178797398748,1.346513498940945
SFI-42.SG,Lebanon,Lebanon_IA3.SG,2415.0,0.3856358230113983,-1.2207156661778247,0.6041525613343045,1.360472664358928
SFI-43.SG,Lebanon,Lebanon_IA3_o1_1d.rel.SFI44.SG,2487.0,0.3831419348716736,-1.189245138206532,0.596275229845864,1.3290922751881278
SFI-44.SG,Lebanon,Lebanon_IA3_o2.SG,2385.0,0.7851579785346985,-1.200913571278409,0.5993947654409154,1.3416294201764625
SFI-45.SG,Lebanon,Lebanon_IA3.SG,2385.0,0.4241147637367248,-1.2199617213825946,0.604827518626898,1.3729164480940175
SFI-47.SG,Lebanon,Lebanon_IA3.SG,2385.0,0.6343063712120056,-1.2313455635839878,0.6162440779500986,1.3745686011567055
SFI-50.SG,Lebanon,Lebanon_IA3.SG,2385.0,0.616937518119812,-1.208256774982481,0.5986612075785989,1.3543318836375595
SFI-55.SG,Lebanon,Lebanon_IA2.SG,2720.0,0.3548648655414581,-1.2102592290966765,0.5996264244367288,1.33501180113393
SFI-56.SG,Lebanon,Lebanon_IA2.SG,2720.0,0.5087472796440125,-1.2101119903728146,0.6105460645799545,1.3621968782457337
SFI-5.SG,Lebanon,Lebanon_Hellenistic.SG,2159.0,0.114426203072071,-1.225050099346771,0.6098960102123048,1.3858513981562426
ERS1790729.SG,Lebanon,Lebanon_MBA.SG,3750.0,0.2224915772676468,-1.2245089405816425,0.6015238539743464,1.3572904484926256
ERS1790730.SG,Lebanon,Lebanon_MBA.SG,3650.0,0.6452340483665466,-1.2108223516955918,0.6128692476450859,1.3575716005573448
ERS1790731.SG,Lebanon,Lebanon_MBA.SG,3750.0,0.6808581948280334,-1.2344628076474242,0.6121138385277606,1.3763888121963819
ERS1790732.SG,Lebanon,Lebanon_MBA.SG,3650.0,0.690059244632721,-1.2282597270143765,0.6135842989671223,1.3667376160109974
KH150189_KH150632_KH150636.SG,Germany,Germany_Wartberg_LN.SG,5163.0,0.9598973989486694,0.2376583915965989,0.1174668226097873,0.7524977176066737
KH150190.SG,Germany,Germany_Wartberg_LN.SG,5100.0,0.4756697714328766,0.2554878291617047,0.06567421463538889,0.8118199764792772
KH150193_KH150286.SG,Germany,Germany_Wartberg_LN.SG,5100.0,0.5265394449234009,0.2472423570804373,0.09588729979955402,0.7573309015941185
KH150195_KH150196_KH150616.SG,Germany,Germany_Wartberg_LN.SG,5164.0,0.6731534600257874,0.24725941621240552,0.11620476049948111,0.7354989464680595
KH150197.SG,Germany,Germany_Wartberg_LN_1d.rel.KH150639.KH150198.SG,5100.0,0.2548132240772247,0.32048776267286466,0.13820841164730016,0.7632933679348096
KH150198.SG,Germany,Germany_Wartberg_LN_1d.rel.KH150639.KH150197.SG,5100.0,0.2041243612766266,0.2533162037222629,0.10642990509869661,0.7875091231238611
KH150200.SG,Germany,Germany_Wartberg_LN.SG,5100.0,0.4779779314994812,0.24951626298406,0.13606437814000502,0.7639852526079043
KH150204_KH150634.SG,Germany,Germany_Wartberg_LN.SG,5164.0,0.9955474734306335,0.27548548452278837,0.07184944385284238,0.7657614935602393
KH150208_KH150210.SG,Germany,Germany_Wartberg_LN.SG,5100.0,0.4195827543735504,0.271039371511312,0.13376398920785534,0.7893091436337788
KH150287.SG,Germany,Germany_Wartberg_LN.SG,5164.0,0.2616339027881622,0.22581421386251577,0.11621108719779244,0.7397753774785182
KH150289.SG,Germany,Germany_Wartberg_LN.SG,5164.0,0.2700190544128418,0.1972742171167947,0.14654053567044706,0.7581168816288086
KH150418.SG,Germany,Germany_Wartberg_LN_1d.rel.KH150613_KH180043.SG,5100.0,0.3633392453193664,0.253640016773221,0.10553787724749394,0.8033173767927964
KH150419.SG,Germany,Germany_Wartberg_LN.SG,5100.0,0.1106046736240387,0.2853836251563541,0.1499364956899473,0.7825989598744916
KH150422.SG,Germany,Germany_Wartberg_LN.SG,5180.0,0.2821559906005859,0.24872103959991793,0.14531706596310176,0.735464023320957
KH150610.SG,Germany,Germany_Wartberg_LN.SG,5174.0,0.9625559449195862,0.2636276775979391,0.11312454069555981,0.7272025066319425
KH150612.SG,Germany,Germany_Wartberg_LN.SG,5100.0,0.9899214506149292,0.28801752481462783,0.15434277938739283,0.7991476922161126
KH150613_KH180043.SG,Germany,Germany_Wartberg_LN.SG,5164.0,0.94115149974823,0.327443981659202,0.1184756995072063,0.7917404439598198
KH150614_KH150615.SG,Germany,Germany_Wartberg_LN.SG,5143.0,0.9947794675827026,0.2431691560699067,0.10092170883174609,0.7304629710429634
KH150618.SG,Germany,Germany_Wartberg_LN.SG,5150.0,0.6686855554580688,0.2882818177800084,0.13080738320648563,0.7301328134918114
KH150619.SG,Germany,Germany_Wartberg_LN.SG,5128.0,0.9516777396202089,0.25239249625224386,0.12562326572049923,0.7835357900305365
KH150621.SG,Germany,Germany_Wartberg_LN_1d.rel.KH150618.SG,5100.0,0.1114019080996513,0.2740266516391383,0.11386765998043478,0.765372684092559
KH150622.SG,Germany,Germany_Wartberg_LN.SG,4995.0,0.9740456938743592,0.24329216045089544,0.18922296645343284,0.729713417908985
KH150625.SG,Germany,Germany_Wartberg_LN.SG,5163.0,0.2086612284183502,0.26404872193723605,0.13897898175988935,0.7589268746861493
KH150626.SG,Germany,Germany_Wartberg_LN.SG,5100.0,0.6186398863792419,0.2782019196686254,0.07590513551169657,0.7562205090790729
KH150627.SG,Germany,Germany_Wartberg_LN.SG,5139.0,0.9520751237869264,0.23982564181979515,0.11897367932838648,0.7392148499146932
KH150628.SG,Germany,Germany_Wartberg_LN.SG,5108.0,0.3646717369556427,0.21494328574698843,0.12156720312631107,0.7108893250648238
KH150629.SG,Germany,Germany_Wartberg_LN.SG,5100.0,0.9893261194229126,0.23265952551447014,0.10107116439320968,0.7521665754340959
KH150630.SG,Germany,Germany_Wartberg_LN.SG,5230.0,0.9901209473609924,0.2604581383519973,0.12730112903296598,0.7956098900418425
KH150633.SG,Germany,Germany_Wartberg_LN.SG,5159.0,0.878666341304779,0.27917016071442985,0.1269403439227597,0.7737385908403205
KH150635.SG,Germany,Germany_Wartberg_LN.SG,5034.0,0.9735517501831056,0.25786494210943645,0.10243913898638038,0.801530671581674
KH150637.SG,Germany,Germany_Wartberg_LN.SG,5057.0,0.939983606338501,0.30734255737402427,0.14606095404250122,0.7904744486635725
KH150639.SG,Germany,Germany_Wartberg_LN.SG,5100.0,0.5059849619865417,0.27484682841229285,0.09240075663202381,0.8030021029403562
KH150640.SG,Germany,Germany_Wartberg_LN.SG,5140.0,0.7149989604949951,0.2511891598196092,0.1018918908918885,0.7559994778430811
KH150641.SG,Germany,Germany_Wartberg_LN.SG,5152.0,0.8878105878829956,0.278166055053822,0.11037554229799211,0.8063670452083475
KH180044.SG,Germany,Germany_Wartberg_LN.SG,5100.0,0.0823681503534317,0.2561593042350606,0.13769762545434522,0.7809496977306936
KH180045.SG,Germany,Germany_Wartberg_LN.SG,5100.0,0.0979632809758186,0.2604441504634423,0.09682536911938837,0.7634185009683122
ALA118.AG,Turkey,Turkey_Hatay_Alalakh_MLBA.AG,3550.0,0.2488570660352707,-0.7453287672087023,0.5712806072190022,0.9357412512591698
ALA120.AG,Turkey,Turkey_Hatay_Alalakh_MLBA.AG,3550.0,0.7627754211425781,-0.7748876481304947,0.5559673930169409,0.976156407355621
ALA123.AG,Turkey,Turkey_Hatay_Alalakh_MLBA.AG,3550.0,0.5897066593170166,-0.7401415871221912,0.5328359411776212,0.9639115404735275
ALA124.AG,Turkey,Turkey_Hatay_Alalakh_MLBA.AG,3550.0,0.3679969310760498,-0.7833982699929086,0.5622097818150381,0.9966679776712949
ALA128.AG,Turkey,Turkey_Hatay_Alalakh_MLBA.AG,3550.0,0.2033011764287948,-0.6818902584830225,0.5187545783327864,0.9373642391328931
ALA130.AG,Turkey,Turkey_Hatay_Alalakh_MLBA.AG,3550.0,0.6874436736106873,-0.7238933436111227,0.5507975847755939,0.9057678610769804
ALA131.AG,Turkey,Turkey_Hatay_Alalakh_MLBA.AG,3550.0,0.4886623322963714,-0.734596129473636,0.5426441417625405,0.9638664035746938
ALA135.AG,Turkey,Turkey_Hatay_Alalakh_MLBA.AG,3550.0,0.6937996745109558,-0.7726259785893426,0.6001058989985127,1.006703284850446
ALA136.AG,Turkey,Turkey_Hatay_Alalakh_MLBA.AG,3550.0,0.158257856965065,-0.7294561904866464,0.5591285276879193,0.9657372538837139
ALA138.AG,Turkey,Turkey_Hatay_Alalakh_MLBA.AG,3550.0,0.253019243478775,-0.7383138704107243,0.5781502453106683,0.9795242414966803
MJ-06.SG,Ukraine,Ukraine_EBA_Yamnaya_o.SG,4620.0,0.1308972388505935,0.0771208844515841,0.7956391936116191,0.21764134234930435
MJ-08.SG,Ukraine,Ukraine_EIA_LateSrubna_o.SG,2587.0,0.1075811833143234,0.1023945637948379,0.8100407207689436,0.18744048979906303
MJ-09.SG,Ukraine,Ukraine_EBA_Catacomb.SG,4286.0,0.1547039598226547,0.08011418066407892,0.7844545661846936,0.18825125494292844
MJ-12.SG,Ukraine,Ukraine_Danube_EIA_Cimmerian.SG,2847.0,0.2147195488214492,0.07240234286263338,0.819627345009096,0.21108834841151447
MJ-13.SG,Ukraine,Ukraine_EIA_Scythian_o1.SG,2495.0,0.2055274397134781,0.07458791961947811,0.8040315737381248,0.19030335189967715
MJ-14.SG,Ukraine,Ukraine_EIA_Scythian_o1.SG,2593.0,0.1137603595852851,0.07860236974207191,0.8281285223939188,0.1943810996939885
MJ-16.SG,Ukraine,Ukraine_EIA_Scythian_o1.SG,2544.0,0.2185516357421875,0.0734268477837446,0.8532982396527262,0.19345733482634705
MJ-19.SG,Ukraine,Ukraine_MigrationPeriod_Chernyakhiv.SG,1537.0,0.1686137914657592,0.1035437798252002,0.7903651565938524,0.18009940281988765
MJ-31.SG,Ukraine,Ukraine_EIA_Cimmerian_o1.SG,3136.0,0.1782584637403488,0.09971502290400157,0.8098569252453137,0.18934762873213504
MJ-33.SG,Ukraine,Ukraine_EIA_Scythian_o1.SG,2553.0,0.0779375433921814,0.08646603063820246,0.8028385955820668,0.1720016618245999
MJ-34.SG,Ukraine,Ukraine_IA_Scythian.SG,2231.0,0.3928750157356262,0.08225975228490612,0.815733914721178,0.18511477032846393
MJ-35.SG,Ukraine,Ukraine_EIA_Scythian.SG,2515.0,0.1355484426021576,0.11096571614637432,0.8493229938579093,0.1784263637918129
MJ-37.SG,Ukraine,Ukraine_MigrationPeriod_Chernyakhiv_o.SG,1624.0,0.1289183497428894,0.08050561266429283,0.772318717918803,0.17541930463764646
MJ-38.SG,Russia,Russia_Sarmatian.SG,2016.0,0.0859747603535652,0.5170408269291082,-0.12166840693474619,-0.27205406244859776
MJ-46.SG,Ukraine,Ukraine_EIA_Scythian.SG,2220.0,0.1506302058696746,0.08814701120526842,0.8251250341520756,0.18074723300757245
MJ-47.SG,Ukraine,Ukraine_EIA_Scythian.SG,2429.0,0.0746147856116294,0.07439104271920999,0.8272836340085401,0.19100493013609507
Syltholm1.SG,Denmark,Denmark_Syltholm_LM_EN.SG,5746.0,0.8970465064048767,-0.7722620103500991,0.3813599530899037,-0.13047688183803757
HUN001.AG,Hungary,Hungary_Hun_oEastAsian.AG,1566.0,0.1156678795814514,0.5693367579233091,-0.0941272096779962,-0.9930296398012177
BOG019.SG,Turkey,Turkey_Central_Bogazkoy-Hattusa_RomanImperial.SG,1725.0,0.2867333889007568,-0.744491575460067,0.613099347303841,0.9788353022284683
BOG020.SG,Turkey,Turkey_Central_Bogazkoy-Hattusa_RomanImperial.SG,1790.0,0.8838925361633301,-0.7366088022902744,0.5697883550068051,0.9402074382191993
BOG024.SG,Turkey,Turkey_Central_Bogazkoy-Hattusa_RomanImperial.SG,1790.0,0.3907460868358612,-0.7349886944428244,0.5463893663016983,0.948704695410565
BOG028.SG,Turkey,Turkey_Central_Bogazkoy-Hattusa_Modern.SG,500.0,0.7017395496368408,-0.6731220169154144,0.5651042809578477,0.9550611828519446
CTG025.SG,Turkey,Turkey_Aegean_Aydin_BA.SG,3834.0,0.0728370249271392,-0.7056308188772968,0.5619695995198432,0.9534161264606843
G23.SG,Greece,Greece_Theopetra_EBA.SG,4185.0,0.3238903284072876,-0.7023090538324587,0.004165187907488597,2.2046187614713992
G31.SG,Greece,Greece_Perachora_EBA.SG,4400.0,0.2009402960538864,-0.6961507059374898,0.004106422275331742,2.202518658426089
G37.SG,Greece,Greece_Sarakenos_EBA.SG,4350.0,0.2240933328866958,-0.7607347573134826,0.049570162279263884,2.178244857664706
G62.SG,Greece,Greece_Perachora_EBA.SG,4400.0,0.502634584903717,-0.7152990050400547,0.015579342412206066,2.16837025888162
G65.SG,Greece,Greece_Perachora_EBA.SG,4400.0,0.2566282749176025,-0.7181898424975228,-0.010815475274583408,2.1904862730177923
G66.SG,Greece,Greece_Perachora_EBA.SG,4400.0,0.1191139072179794,-0.7032059591602281,-0.0019798980426822405,2.172702477728447
G76a.SG,Greece,Greece_Perachora_EBA.SG,4403.0,0.5200083255767822,-0.7070732647352628,-0.014970375302824534,2.1629871753730567
Gordion001.SG,Turkey,Turkey_Central_Gordion_IA.SG,2603.0,0.9947429299354552,-0.7264242378551562,0.5613674547389739,0.9718528560237584
Gordion002.SG,Turkey,Turkey_Central_Gordion_IA.SG,2127.0,0.0716513097286224,-0.742025350995915,0.5653380323653181,0.9542877193994566
mus005.SG,Turkey,Turkey_Central_Musular_PPN.SG,9225.0,0.8883223533630371,-0.7289973785992111,0.5580590382589559,0.9557504714595534
mus006.SG,Turkey,Turkey_Central_Musular_PPN.SG,9046.0,0.1262825280427932,-0.7046919803944452,0.5546416819491231,0.945578139186983
ulu117.SG,Turkey,Turkey_Aegean_Izmir_Ulucak_EBA.SG,5450.0,0.2854990065097809,-0.6997712856813849,0.548575719886679,0.9118453354834529
cim357.SG,Moldova,Moldova_Cimmerian.SG,2808.0,0.2268564850091934,1.408581514143173,-0.3509486053638892,-0.5792555089874949
cim358.SG,Moldova,Moldova_Cimmerian.SG,2822.0,0.0855173468589782,1.408204716371684,-0.3411578206431014,-0.5855122313670448
cim359.SG,Moldova,Moldova_Cimmerian.SG,2875.0,0.4274139702320099,1.3529448728396782,-0.3148503725940864,-0.609655582628809
scy009.SG,Ukraine,Ukraine_EIA_Scythian.SG,2568.0,0.8093385696411133,0.0732737634841417,0.8099618000753975,0.17865006564151611
scy010.SG,Ukraine,Ukraine_EIA_Scythian.SG,2606.0,0.347065269947052,0.07081766524539714,0.8072171911973902,0.17033760170128184
scy011.SG,Ukraine,Ukraine_LIA_Scythian.SG,2176.0,0.0768142789602279,0.07639746676535424,0.8125340300077164,0.18433956311137337
scy192.SG,Moldova,Moldova_Glinoe_Scythian.SG,2225.0,0.3731015026569366,1.418449764132951,-0.35145000616738997,-0.5801754541641997
scy197.SG,Moldova,Moldova_Glinoe_Scythian.SG,2225.0,0.2656695544719696,1.4198115926687644,-0.34697688738569843,-0.5751604155606754
scy300.SG,Moldova,Moldova_Glinoe_Scythian.SG,2250.0,0.3132610917091369,1.4142450327039358,-0.34695930141842957,-0.5811566826099688
scy301.SG,Moldova,Moldova_Glinoe_Scythian.SG,2237.0,0.6208101511001587,1.395225937484844,-0.3429783628026628,-0.5826405161415682
scy303.SG,Moldova,Moldova_Glinoe_Scythian_o2.SG,2231.0,0.5687150359153748,1.4099127519512602,-0.3475956221490629,-0.5802542516365461
scy304.SG,Moldova,Moldova_Glinoe_Scythian.SG,2213.0,0.0723236501216888,1.4255405871491744,-0.34682453152978576,-0.5730161922958708
scy305.SG,Moldova,Moldova_Glinoe_Scythian.SG,2254.0,0.1654451340436935,1.4299189619325856,-0.3473955845083083,-0.5760893112886623
scy311.SG,Moldova,Moldova_Glinoe_Scythian.SG,2235.0,0.2530849277973175,1.4235570222549438,-0.344082550506556,-0.5731614399111296
vik_84001.SG,Sweden,Sweden_Viking.SG,964.0,0.957360565662384,-1.2882126538614718,0.7507265175873492,-0.5218200021022216
vik_84005.SG,Sweden,Sweden_Viking.SG,900.0,0.6290136575698853,-1.255035779645204,0.854321051286318,-0.5960849742316211
vik_84035.SG,Sweden,Sweden_Viking_fail.due.to.high.heterozygosity.SG,1061.0,0.1758254021406173,-1.279766173723806,0.8482337420366473,-0.5729526422505918
vik_97002.SG,Sweden,Sweden_Viking.SG,900.0,0.0889658108353614,-1.2905091403579716,0.8260125373681333,-0.5867449257564016
vik_97026.SG,Sweden,Sweden_Viking.SG,900.0,0.0746042430400848,-1.253370911731001,0.8358638161494214,-0.5681810488335529
vik_grt035.SG,Sweden,Sweden_Viking.SG,994.0,0.8979783654212952,-1.3168808991613725,0.7527447315205099,-0.5769158621711737
vik_grt036.SG,Sweden,Sweden_Viking.SG,870.0,0.8232897520065308,-1.2672625050872457,0.7995806936323628,-0.5857004076035464
vik_gtm021.SG,Sweden,Sweden_Viking.SG,900.0,0.3253688216209411,-1.23876916054221,0.8403715080105492,-0.5990779075709856
vik_gtm127.SG,Sweden,Sweden_Viking.SG,900.0,0.0561202503740787,-1.258646025980593,0.8569766315447953,-0.6002855530785202
vik_KAL006.SG,Sweden,Sweden_Viking_o1.SG,900.0,0.6545429825782776,-1.2602157098667066,0.8181794764742459,-0.5833599681047504
vik_kal009.SG,Sweden,Sweden_Viking_o1.SG,900.0,0.1420787870883941,-1.2849450103852968,0.8525804985601271,-0.5790070582796585
vik_kls001.SG,Sweden,Sweden_Viking.SG,900.0,0.1165575683116912,-1.2347736781168797,0.8712635685183439,-0.6242691731882414
vik_nuf002.SG,Sweden,Sweden_Viking.SG,900.0,0.1464120745658874,-1.310769392500407,0.8492538782767982,-0.5979255062123164
vik_stg020.SG,Sweden,Sweden_Viking_o1.SG,900.0,0.14756940305233,-1.243176724374173,0.8405523356130479,-0.6126287188873238
vik_stg021.SG,Sweden,Sweden_Viking.SG,919.0,0.9199424386024476,-1.2376346404106506,0.8229137446665498,-0.6827909234100829
vik_stg026.SG,Sweden,Sweden_Viking.SG,1018.0,0.4318948686122894,-1.2797509308272128,0.8606756408076761,-0.5717261093460922
vik_urm035.SG,Sweden,Sweden_Viking.SG,863.0,0.2190528362989425,-1.255855472337701,0.8608182413772203,-0.5823410502556999
vik_urm045.SG,Sweden,Sweden_Viking.SG,900.0,0.0827850177884101,-1.2607836720161743,0.8156493498573715,-0.5897889985547372
vik_urm160.SG,Sweden,Sweden_Viking.SG,798.0,0.7192122340202332,-1.2432668866481984,0.8394011488620436,-0.5739673651304149
kum6.SG,Turkey,Turkey_Marmara_Kumtepe_N.SG,5615.0,0.0989632681012153,-0.713265573580663,0.5646828917267318,0.9507974718911759
CHV001.A0101.AG,Russia,Russia_Chalmny_Varre.AG,150.0,0.6148759126663208,0.5189670248222024,-0.1015445581861404,-0.2822455125476651
CHV002.A0101.AG,Russia,Russia_Chalmny_Varre.AG,150.0,0.3424310982227325,0.508384480714386,-0.07831889812450782,-0.32446518234570276
Ukraine_HG1.SG,Ukraine,Ukraine_Mesolithic.SG,10658.0,0.1419036090373993,0.0745123132892284,0.8026683701610188,0.17222022877325688
Ukraine_N1.SG,Ukraine,Ukraine_N_son.I1732.SG,7300.0,0.1366246789693832,0.07780289743739814,0.8564529109977117,0.1824403490160968
Latvia_HG2.SG,Latvia,Latvia_Mesolithic.SG,7677.0,0.9579095840454102,0.1557849979317495,0.01844687451103237,0.03321511274352723
Latvia_MN1.SG,Latvia,Latvia_MN_o1.SG,6071.0,0.1358112245798111,0.17692817848128767,0.005551287748489628,0.032157996602216944
Latvia_HG3.SG,Latvia,Latvia_Mesolithic.SG,7033.0,0.5470453500747681,0.17219139738770486,0.04053705893683464,0.027968389863857225
Latvia_LN1.SG,Latvia,Latvia_LN_CordedWare.SG,4842.0,0.1830605119466781,0.1522365373970197,0.026289449135871158,0.026948369051022047
Latvia_MN2.SG,Latvia,Latvia_MN_Comb_Ware.SG,5997.0,0.6546978950500488,0.18550569205039014,0.016817177112009953,-0.0014606162042689979
Latvia_HG1.SG,Latvia,Latvia_Mesolithic.SG,8316.0,0.6535932421684265,0.1117626375754998,0.033543827914280386,0.030347874693556792
pcw040.SG,Poland,Poland_Southeast_CordedWare.SG,4400.0,0.8678075671195984,-0.4510246008819263,-0.21265589495659187,-0.5212572825359705
pcw041.SG,Poland,Poland_Southeast_CordedWare_father.or.son.pcw040.SG,4400.0,0.2325644642114639,-0.4878294887155306,-0.2326550787407219,-0.5127649917059917
pcw061.SG,Poland,Poland_Southeast_CordedWare.SG,4321.0,0.4193889200687408,-0.48158458930598685,-0.1987859180468231,-0.5037331202564833
pcw070.SG,Poland,Poland_Southeast_CordedWare.SG,4321.0,0.4864304065704345,-0.47119922188434427,-0.20493110023071825,-0.5145052418194536
pcw191.SG,Poland,Poland_Southeast_CordedWare_MC.SG,4237.0,0.0801540613174438,-0.5363052324074,-0.18455912732465646,-0.4860346413322853
pcw211.SG,Poland,Poland_Southeast_CordedWare.SG,4300.0,0.4897572100162506,-0.4848610574463358,-0.2057368194648526,-0.5098351503817451
pcw212.SG,Poland,Poland_Southeast_CordedWare.SG,4460.0,0.0835392624139785,-0.4486986227216712,-0.2279098733834021,-0.5339816181492023
pcw250.SG,Poland,Poland_Southeast_CordedWare.SG,4300.0,0.0722547098994255,-0.494345042327239,-0.2246377478147147,-0.49696340913342807
pcw260.SG,Poland,Poland_Southeast_BellBeaker.SG,4237.0,0.7486693263053894,-0.49120268073686646,-0.22806130745657174,-0.5163771742230494
pcw270.SG,Poland,Poland_Southeast_BellBeaker.SG,4250.0,0.0768637508153915,-0.5191982094083762,-0.20993762214254752,-0.47622106343853426
pcw280.SG,Poland,Poland_Southeast_BellBeaker.SG,4250.0,0.3126852810382843,-0.48811851573849,-0.23168192362518536,-0.5144147306026392
pcw350.SG,Poland,Poland_Southeast_CordedWare.SG,4293.0,0.1678911745548248,-0.4882070111757276,-0.2025908950139513,-0.5382598116596183
pcw361.SG,Poland,Poland_Southeast_CordedWare.SG,4300.0,0.9026344418525696,-0.3638888695519612,-0.19364968099582375,-0.4701438171839441
pcw362.SG,Poland,Poland_Southeast_CordedWare.SG,4305.0,0.9728299975395204,-0.4246780287165822,-0.22815923404151756,-0.48102222540520884
pcw430.SG,Poland,Poland_Southeast_CordedWare.SG,4300.0,0.1069818437099456,-0.4384020639742509,-0.23478268370981425,-0.5391193793738481
ajv54.SG,Sweden,Sweden_PWC.SG,4849.0,0.5081260204315186,-1.2774731554208836,0.8540438333462692,-0.5523248474701844
ber1M.SG,Sweden,Sweden_BAC.SG,4483.0,0.931956112384796,-1.209892052676333,0.9806532748161142,-0.6498287887936156
ber2F.SG,Sweden,Sweden_BAC.SG,4492.0,0.2574538886547088,-1.2254684724860656,0.8259666853150593,-0.5266290373710597
EKA1.SG,Estonia,Estonia_CordedWare.SG,4195.0,0.8445190787315369,0.26892640059612105,0.1800129566253555,-0.189540081062726
oll007.SG,Sweden,Sweden_BAC.SG,4617.0,0.6905831694602966,-1.285694553632482,0.8591010326539339,-0.5808488605766488
oll009.SG,Sweden,Sweden_Late_N.SG,3787.0,0.5297673344612122,-1.2699015094050532,0.8585040181511624,-0.5793245424037079
oll010.SG,Sweden,Sweden_Late_N.SG,3704.0,0.1722706854343414,-1.3003303268699127,0.8831575746754045,-0.5934996308891403
poz44.SG,Poland,Poland_CordedWare.SG,4663.0,0.0885903090238571,-0.49285720665787863,-0.18125451060272355,-0.44515678964219274
poz81.SG,Poland,Poland_CordedWare.SG,4702.0,0.7892730832099915,-0.4317764733979396,-0.19464690762563724,-0.48348411170598193
ros005_renamed.SG,Sweden,Sweden_FBC.SG,4955.0,0.4887491166591644,-1.3067369737729106,0.8590524761169434,-0.6013464630155917
ros3.SG,Sweden,Sweden_FBC.SG,5084.0,0.3018524646759033,-1.3018172306391573,0.8410034609146627,-0.5920656753131655
AMC001.AG,Italy,Italy_Sardinia_Roman_o.AG,1772.0,0.1332475841045379,-0.9736596743027272,0.18774075215308947,0.39805062710815453
AMC005.AG,Italy,Italy_Sardinia_Roman.AG,1775.0,0.1145154163241386,-1.0520881647581857,0.2418927806430126,0.4236821834638683
AMC014.AG,Italy,Italy_Sardinia_Roman.AG,1745.0,0.3168328404426574,-0.9795849074434868,0.2145133704672421,0.4080424897095177
COR001.AG,Italy,Italy_Sardinia_EarlyMedieval_o_1d.rel.COR002.AG,1017.0,0.6422016620635986,-1.0180057037126216,0.215557353037252,0.3702688837168753
COR002.AG,Italy,Italy_Sardinia_EarlyMedieval_o.AG,1106.0,0.7212024331092834,-1.0523731618082068,0.23138519502783644,0.47489080883375234
FIL004.AG,Italy,Italy_Sardinia_C.AG,5155.0,0.1060734987258911,-1.0881265430055,0.22818205740838443,0.41073217184153155
S1249.AG,Italy,Italy_Sardinia_EBA.AG,3650.0,0.1086063161492347,-1.013019387380914,0.24327099993850043,0.42544882035084763
S1252.AG,Italy,Italy_Sardinia_EBA.AG,3650.0,0.3465291857719421,-1.00027864325931,0.1984994576262726,0.3588871088656592
ISB001.AG,Italy,Italy_Sardinia_EBA.AG,3735.0,0.6743554472923279,-1.0290802160903172,0.18617078862959333,0.3500040952605397
ISC001.AG,Italy,Italy_Sardinia_EBA_Nuragic.AG,4175.0,0.7079690098762512,-1.0219706217368631,0.1859473968969731,0.3708510558143502
LON001.AG,Italy,Italy_Sardinia_EBA.AG,3775.0,0.6393890380859375,-1.0291068602888218,0.2320724827154424,0.34427597829401424
LON003.AG,Italy,Italy_Sardinia_N.AG,6274.0,0.3375398218631744,-1.0416650052054846,0.23114591460510725,0.38720595860998247
MA110.AG,Italy,Italy_Sardinia_BA_Nuragic_o.AG,3097.0,0.8445993661880493,-1.030893034674592,0.19968446632891976,0.37762939277645124
MA112_renamed.AG,Italy,Italy_Sardinia_BA_Nuragic_o.AG,3111.0,0.1273733526468277,-1.0110642845889204,0.20406035444887968,0.4076124673580747
MA138.AG,Italy,Italy_Sardinia_BA_Nuragic_o.AG,3096.0,0.0691103860735893,-1.0343506814253955,0.21612905588162892,0.41535303279893804
MA79.AG,Italy,Italy_Sardinia_N_o.AG,6045.0,0.4743705093860626,-1.0549387303267517,0.1884807665318592,0.3916755722887429
MA82.AG,Italy,Italy_Sardinia_BA_Nuragic_o.AG,3427.0,0.5294923782348633,-1.0199816948207312,0.1665131130413715,0.3943773905265746
MA85.AG,Italy,Italy_Sardinia_EBA_o.AG,3881.0,0.147262841463089,-1.1004690984998804,0.1964132382108006,0.38653150700866135
MA88.AG,Italy,Italy_Sardinia_EBA_o.AG,4177.0,0.5896150469779968,-1.0587777276723995,0.21318367956457676,0.4121802501068169
MSR002.AG,Italy,Italy_Sardinia_IA_Punic_2.AG,2674.0,0.3133130073547363,-1.0225613352104204,0.20578161996390404,0.39015145915736726
MSR003.AG,Italy,Italy_Sardinia_IA_Punic_2.AG,2500.0,0.3990501463413238,-1.0540767342977528,0.20767727812643755,0.4056648452395293
NOE002.AG,Italy,Italy_Sardinia_N.AG,6132.0,0.0564608797430992,-1.0488385822966235,0.22375289309289434,0.4183580475921111
ORC001.AG,Italy,Italy_Sardinia_BA_Nuragic.AG,3163.0,0.6692476272583008,-1.0810015195775171,0.2282356528287276,0.3896955174830872
ORC002.AG,Italy,Italy_Sardinia_IA_Punic_2.AG,2249.0,0.7706041932106018,-1.0792831173309263,0.20841692185294514,0.3951542474670041
ORC003.AG,Italy,Italy_Sardinia_BA_Nuragic.AG,3181.0,0.7144766449928284,-1.0237991364220924,0.20784609658051986,0.3544157994686779
ORC004.AG,Italy,Italy_Sardinia_BA_Nuragic.AG,3226.0,0.424285888671875,-0.9971055834337229,0.17042575712447006,0.35399261636355567
ORC005.AG,Italy,Italy_Sardinia_BA_Nuragic.AG,3140.0,0.6876926422119141,-1.025210672215212,0.16873815381659918,0.39072485400266393
ORC006.AG,Italy,Italy_Sardinia_BA_Nuragic.AG,3123.0,0.6638518571853638,-1.036830606690064,0.19170664034311594,0.36231548860325924
ORC007.AG,Italy,Italy_Sardinia_BA_Nuragic.AG,3173.0,0.7123428583145142,-1.0357205175845674,0.230475149626795,0.35080455584173126
ORC008.AG,Italy,Italy_Sardinia_BA_Nuragic.AG,3023.0,0.6940291523933411,-1.0125892108393098,0.20310945868172967,0.34973910273815034
ORC009.AG,Italy,Italy_Sardinia_BA_Nuragic.AG,3062.0,0.7017030715942383,-1.0522896016138723,0.20363057567882892,0.45974658795826323
PJU002.AG,Italy,Italy_Sardinia_EBA.AG,4145.0,0.1272663027048111,-1.05506284739726,0.1975374116875684,0.38029512115036296
SEC001.AG,Italy,Italy_Sardinia_LateC.AG,4237.0,0.714582085609436,-1.0566135392255778,0.21763832585941925,0.38773471708404494
SEC002.AG,Italy,Italy_Sardinia_LateC.AG,4352.0,0.7771742939949036,-1.0593087972579787,0.15656315421298206,0.3487985076771055
SEC004.AG,Italy,Italy_Sardinia_LateC.AG,4337.0,0.5361646413803101,-1.0516987515754614,0.19754572475393564,0.3829460240962985
SEC005.AG,Italy,Italy_Sardinia_LateC.AG,4348.0,0.6972805857658386,-1.030525923943459,0.17010670783384488,0.3306369584214412
SEC006.AG,Italy,Italy_Sardinia_LateC.AG,4331.0,0.6697674989700317,-1.0130428354456265,0.2476618228056178,0.3724386515420037
SID005.AG,Italy,Italy_Sardinia_N.AG,6095.0,0.1046314984560012,-1.0168954613054937,0.1908940430953036,0.41445335997596955
SID006.AG,Italy,Italy_Sardinia_C.AG,4663.0,0.1015625968575477,-1.0507550669606776,0.2016521529515058,0.381298666335379
SNN001.AG,Italy,Italy_Sardinia_Medieval_o1.AG,603.0,0.1080264374613761,-1.0271129946145474,0.17778153410890649,0.39279996931465466
SNN002.AG,Italy,Italy_Sardinia_Medieval_o2.AG,604.0,0.1179079189896583,-0.9849936213735244,0.21926597364421044,0.36840661606794245
SNN003.AG,Italy,Italy_Sardinia_Medieval.AG,481.0,0.3485032320022583,-0.9971127133767775,0.2254049355709096,0.3961810835178181
SNN004.AG,Italy,Italy_Sardinia_Medieval.AG,674.0,0.1934302449226379,-1.0057656889945366,0.20671815457808512,0.373332793903852
SUA002.AG,Italy,Italy_Sardinia_EBA.AG,4076.0,0.5902217030525208,-1.0233639967544608,0.2000615338100174,0.3718641394704633
SUA003.AG,Italy,Italy_Sardinia_BA_Nuragic.AG,3112.0,0.1650193482637405,-0.998556380395611,0.2059446969123027,0.3505704548045788
SUA006.AG,Italy,Italy_Sardinia_BA_Nuragic.AG,3128.0,0.2872540652751922,-1.0146990880732074,0.21920683393544813,0.3862338662105176
SUA007.AG,Italy,Italy_Sardinia_EBA.AG,3904.0,0.1932761520147323,-1.0291398226326594,0.20190196889731893,0.3979861694327635
SUC001.AG,Italy,Italy_Sardinia_EBA.AG,4020.0,0.6391546726226807,-1.0483678023352527,0.19806072193173466,0.33152540295585525
SUC002.AG,Italy,Italy_Sardinia_EBA_Nuragic_mother.SUC003.AG,4081.0,0.5966149568557739,-1.0656502875614737,0.19463749763723734,0.3777185502417359
SUC003.AG,Italy,Italy_Sardinia_EBA.AG,3963.0,0.6284369826316833,-0.9985467214455688,0.21776316826355105,0.3892611456990598
SUC004.AG,Italy,Italy_Sardinia_EBA.AG,4185.0,0.6631025075912476,-1.0660566648789829,0.20052493082958683,0.39555415680016165
SUC005.AG,Italy,Italy_Sardinia_EBA.AG,4146.0,0.670602023601532,-1.0565512415983045,0.23326832813896167,0.37464843168283574
SUC006.AG,Italy,Italy_Sardinia_EBA.AG,4347.0,0.5290082097053528,-1.0428016157527515,0.20992083743272225,0.41612715874871
SUC007.AG,Italy,Italy_Sardinia_EBA.AG,4321.0,0.6087859869003296,-0.9882857256830807,0.2654159553968234,0.33879912407693596
SUC008.AG,Italy,Italy_Sardinia_N.AG,5817.0,0.6697439551353455,-1.015844329420238,0.19573096353352049,0.38461268444414337
SUC009.AG,Italy,Italy_Sardinia_EBA.AG,3667.0,0.6489501595497131,-1.0367724193102166,0.13642986011391517,0.4201068894740529
VIL006.AG,Italy,Italy_Sardinia_IA_Punic_1.AG,2622.0,0.4040525257587433,-1.0270203046286255,0.20577431626694204,0.44959432837987906
VIL007.AG,Italy,Italy_Sardinia_IA_Punic_1.AG,2409.0,0.3853852450847626,-1.007033911547912,0.21060716472247615,0.386820642565661
VIL009.AG,Italy,Italy_Sardinia_IA_Punic_1.AG,2400.0,0.0696464702486991,-1.0001648801496836,0.20599751244279588,0.4189869813745776
VIL010.AG,Italy,Italy_Sardinia_IA_Punic_1.AG,2741.0,0.1506310105323791,-0.9880526411330773,0.17646320477497326,0.39532885221734965
VIL011.AG,Italy,Italy_Sardinia_IA_Punic_1.AG,2754.0,0.3119788765907287,-1.0294159929802162,0.17773046832787165,0.34517409610332395
VK108.SG,Sweden,Sweden_Viking.SG,950.0,0.5819095373153687,-1.2628935197036815,0.8124080759678728,-0.5675266211749772
VK113.SG,Norway,Norway_Medieval_o.SG,750.0,0.1272590011358261,-0.14993831025882418,0.7885607627905354,-1.013222668670867
VK114.SG,Norway,Norway_Medieval.SG,750.0,0.1776874959468841,-0.11520985518743745,0.764998922897994,-0.9856906591908284
VK117.SG,Norway,Norway_Medieval.SG,750.0,0.2486867606639862,-0.1505728719355028,0.7839199227721824,-0.9901785773410426
VK118.SG,Norway,Norway_Medieval.SG,750.0,0.970844566822052,-0.16884307396813236,0.7817918352554358,-1.0413838937054032
VK124.SG,Norway,Norway_Medieval.SG,750.0,0.193103402853012,-0.14788561898863187,0.7837099743522419,-1.0063987377921386
VK134.SG,Denmark,Denmark_Viking_o2.SG,1000.0,0.4898585677146911,-0.8093071559065622,0.3856533693217585,-0.15901714642588924
VK138.SG,Denmark,Denmark_Viking.SG,1000.0,0.31153604388237,-0.8429236766657114,0.38858692735584427,-0.1635911493422557
VK139.SG,Denmark,Denmark_Viking.SG,1000.0,0.4394795596599579,-0.8579673083845442,0.41786540562905866,-0.14920378577536525
VK141.SG,Denmark,Denmark_Viking.SG,1000.0,0.848268449306488,-0.8260660464949046,0.3662055217585229,-0.14898813555584495
VK143.SG,UnitedKingdom,England_Viking.SG,1010.0,0.6392170786857605,0.8454190370292939,-0.5227041795380556,0.557422251010742
VK144.SG,UnitedKingdom,England_Viking.SG,1010.0,0.149817556142807,0.9002783079968425,-0.6226914063246606,0.6118498559009452
VK145.SG,UnitedKingdom,England_Viking.SG,1010.0,0.6604309678077698,0.8099418525236125,-0.5918419970570953,0.5550581544970756
VK146.SG,UnitedKingdom,England_Viking.SG,1010.0,0.6834834814071655,0.9138160651885299,-0.729242579170361,0.6983332140912055
VK147.SG,UnitedKingdom,England_Viking.SG,1010.0,0.5570566058158875,0.8295830308733584,-0.45280411796274833,0.5806839506724978
VK14.SG,Russia,Russia_Viking.SG,900.0,0.1618068963289261,0.5486528219992793,-0.10284710505339731,-0.26538181780739156
VK150.SG,UnitedKingdom,England_Viking_o.SG,1010.0,0.6447182893753052,0.9189240568404077,-0.6036836362010194,0.5739645166604743
VK151.SG,UnitedKingdom,England_Viking.SG,1010.0,0.669765055179596,0.81602693389231,-0.5240170268453339,0.5477692392780326
VK153.SG,Poland,Poland_Viking_father.or.son.VK156.SG,950.0,0.0695183277130127,-0.5171271801780828,-0.20889754842627584,-0.5503558591424587
VK154.SG,Poland,Poland_Viking.SG,950.0,0.9240170121192932,-0.49625997324031756,-0.1571291129351701,-0.5312002351303323
VK155.SG,Poland,Poland_Viking_1d.rel.VK157.SG,950.0,0.2568594217300415,-0.4738441311028844,-0.21249181790356608,-0.5134790495369155
VK156.SG,Poland,Poland_Viking.SG,950.0,0.6197923421859741,-0.521288363935867,-0.1980245741516564,-0.5118935912607386
VK157.SG,Poland,Poland_Viking.SG,950.0,0.5494678616523743,-0.4957022746644785,-0.19216547222207273,-0.4971624012576734
VK159.SG,Russia,Russia_Viking.SG,950.0,0.3241952955722809,0.4924862536764713,-0.10854334976757128,-0.25567347076897373
VK15.SG,Russia,Russia_Viking.SG,900.0,0.7322437167167664,0.5519248870378746,-0.16461061776292393,-0.316487473836408
VK160.SG,Russia,Russia_Viking_o.SG,850.0,0.8244803547859192,0.5264167808577442,-0.11091511560846981,-0.26149482803278146
VK165.SG,UnitedKingdom,England_Viking.SG,1010.0,0.6565640568733215,0.8670610895722026,-0.5504251647322835,0.5047159977139161
VK166.SG,UnitedKingdom,England_Viking.SG,1010.0,0.9593734741210938,0.9479794498753861,-0.6283201578098545,0.6184646382692136
VK167.SG,UnitedKingdom,England_Viking.SG,1010.0,0.5849824547767639,0.8475906660154869,-0.5212827246085414,0.5585505254763335
VK168.SG,UnitedKingdom,England_Viking.SG,1010.0,0.692398190498352,0.9158146074793291,-0.5290835703226312,0.5509172944709015
VK16.SG,Russia,Russia_Viking.SG,900.0,0.2189409136772155,0.5218230785645627,-0.10642491181847774,-0.26580199953960176
VK170.SG,UnitedKingdom,IsleOfMan_Viking.SG,1050.0,0.7178034782409668,0.8969735348151338,-0.5414339309176568,0.6367991666025359
VK171.SG,UnitedKingdom,England_Viking.SG,945.0,0.0994085222482681,0.9590693272875401,-0.6115963058106487,0.5796842240561793
VK172.SG,UnitedKingdom,England_Viking.SG,1010.0,0.6889659762382507,0.7900828720021977,-0.4653003433935284,0.5192909928851391
VK173.SG,UnitedKingdom,England_Viking.SG,1010.0,0.6995554566383362,0.8504758288744853,-0.5567235850344444,0.5062158271742291
VK174.SG,UnitedKingdom,England_Viking.SG,1010.0,0.6018062829971313,0.878386355275687,-0.5801942424241042,0.5518670570173394
VK175.SG,UnitedKingdom,England_Viking.SG,1010.0,0.5741764307022095,0.8792591705670024,-0.5449570965267182,0.560341425140029
VK176.SG,UnitedKingdom,England_Viking.SG,1010.0,0.8976799249649048,0.8940275088868066,-0.5751721928025024,0.5678373269944126
VK177.SG,UnitedKingdom,England_Viking.SG,1010.0,0.6367937922477722,0.8997607990993344,-0.5895626654523581,0.7686009331165145
VK178.SG,UnitedKingdom,England_Viking_o.SG,1010.0,0.5408353209495544,0.8973496539186419,-0.6008390811573237,0.5850722916680835
VK17.SG,Russia,Russia_Viking.SG,900.0,0.4346020817756653,0.5327858063885418,-0.0996242035502315,-0.24507567304056416
VK18.SG,Russia,Russia_Viking_o.SG,900.0,0.5771804451942444,0.5057845786827126,-0.13154320010932383,-0.27112967107811564
VK19.SG,Russia,Russia_Viking.SG,900.0,0.4709625840187073,0.45295591732785223,-0.08886655650768739,-0.29299545518345615
VK201.SG,UnitedKingdom,Scotland_Viking_o.SG,1460.0,0.7691208720207214,0.9938967942739105,-0.6025084705922279,0.5993344737200658
VK202.SG,UnitedKingdom,Scotland_Viking.SG,1000.0,0.6690172553062439,0.8218417260172999,-0.5043494931420295,0.5463533610377683
VK203.SG,UnitedKingdom,Scotland_Viking.SG,1589.0,0.7407894134521484,0.8726385151398598,-0.5884099772327774,0.6177022064723037
VK204.SG,UnitedKingdom,Scotland_Viking.SG,1000.0,0.6651276350021362,0.9099396736969719,-0.6325495199365255,0.5333936941754719
VK205.SG,UnitedKingdom,Scotland_Viking_o.SG,1020.0,0.721771776676178,0.8502857806153735,-0.48951331393141,0.6110804037494744
VK207.SG,UnitedKingdom,Scotland_Viking.SG,930.0,0.5168566703796387,0.9508245981509549,-0.564367854502125,0.5888490789411426
VK208.SG,UnitedKingdom,Scotland_Viking.SG,1112.0,0.0644964799284935,0.9148123579539448,-0.5688095263616003,0.5596028969000328
VK20.SG,Russia,Russia_Viking.SG,900.0,0.412218689918518,0.48228213099655587,-0.09635361357538937,-0.29670640740248844
VK211.SG,Poland,Poland_Medieval_2.SG,800.0,0.0957678481936454,-0.5678793796230421,-0.21362676273902817,-0.6196347816941009
VK212.SG,Poland,Poland_Viking.SG,908.0,0.2986310720443725,-0.4812324903685383,-0.22659706948384284,-0.5021353565980543
VK213.SG,Denmark,Denmark_IA.SG,1561.0,0.1168381869792938,-0.8521338381046187,0.40022367354216076,-0.20799738219939976
VK214.SG,Denmark,Denmark_LN_BA.SG,3838.0,0.127491757273674,-0.8102389257902564,0.4027937851694507,-0.1552112992579555
VK215.SG,Denmark,Denmark_Viking.SG,1100.0,0.0714007094502449,-0.8135463581163616,0.3727448375639677,-0.16968050066673881
VK217.SG,Sweden,Sweden_Viking.SG,950.0,0.1359831541776657,-1.2720306611146253,0.8661921426392327,-0.5979277494828038
VK218.SG,Russia,Russia_Viking.SG,900.0,0.4742731750011444,0.4664778019905049,-0.14028700249286297,-0.2742484534656613
VK219.SG,Russia,Russia_Viking.SG,950.0,0.8052915930747986,0.5257001081460639,-0.10684859996048574,-0.27456229957788825
VK21.SG,Russia,Russia_Viking_o.SG,900.0,0.168899267911911,0.5283747573556867,-0.12102139887550845,-0.2912239914564938
VK220.SG,Russia,Russia_Viking.SG,900.0,0.8518198728561401,0.47232432859380546,-0.10840333679496371,-0.31112381815359647
VK221.SG,Russia,Russia_Viking.SG,1050.0,0.8755438923835754,0.4767700508569092,-0.15979403537026513,-0.3267065110923606
VK223.SG,Russia,Russia_Viking.SG,950.0,0.292743057012558,0.5245005657328268,-0.10483990877600974,-0.27230670652153033
VK224.SG,Russia,Russia_Viking.SG,950.0,0.1982939392328262,0.5329529104370673,-0.104169912459682,-0.27451761512996514
VK22.SG,Russia,Russia_Viking.SG,900.0,0.1280497461557388,0.5255444951505331,-0.10100016410302302,-0.3366022596984711
VK232.SG,Sweden,Sweden_Viking.SG,975.0,0.2711966633796692,-1.2838843165204283,0.8490941994768461,-0.5443354409279627
VK234.SG,Denmark,Faroes_EarlyModern_1d.rel.VK236.VK25.SG,350.0,0.5320308804512024,-0.8443221972092122,0.3747190774976203,-0.13363934697473515
VK236.SG,Denmark,Faroes_EarlyModern_1d.rel.VK234.VK25.SG,350.0,0.7733122110366821,-0.838046805167718,0.3986812133517837,-0.17620273072265555
VK237.SG,Denmark,Faroes_EarlyModern.SG,350.0,0.8308809399604797,-0.8380421945752982,0.3803468526606401,-0.15382511061051474
VK238.SG,Denmark,Faroes_EarlyModern.SG,350.0,0.7636837363243103,-0.8198655728661026,0.38206294455390977,-0.1646365784894044
VK23.SG,Russia,Russia_Viking.SG,900.0,0.3013853132724762,0.5052550481128946,-0.11875762699549301,-0.2731454068008899
VK240.SG,Denmark,Faroes_EarlyModern.SG,350.0,0.5398240089416504,-0.8392550720129877,0.3746636299804134,-0.13127371899547427
VK241.SG,Denmark,Faroes_EarlyModern.SG,350.0,0.5345028638839722,-0.8114425984069781,0.3920989244755796,-0.18174988040602677
VK242.SG,Denmark,Faroes_EarlyModern.SG,350.0,0.467906653881073,-0.8862827118512274,0.42502203533311395,-0.17182952517982913
VK244.SG,Denmark,Faroes_EarlyModern.SG,350.0,0.4551460444927215,-0.82922649601799,0.37855291339667757,-0.1311757291040387
VK245.SG,Denmark,Faroes_EarlyModern_o1.SG,350.0,0.6645153164863586,-0.8024467192638738,0.3916954337462999,-0.149208105161437
VK248.SG,Denmark,Faroes_EarlyModern.SG,350.0,0.0806674361228942,-0.8316311422817735,0.4122159036539251,-0.1701504417574214
VK24.SG,Denmark,Faroes_Viking.SG,900.0,0.1824043989181518,-0.8641380195049232,0.38083723561280025,-0.139209390563312
VK254.SG,Russia,Russia_Viking.SG,950.0,0.4253791272640228,0.5659715878935977,-0.11060168890918971,-0.304921299503552
VK255.SG,Russia,Russia_Viking.SG,950.0,0.0741403400897979,0.4965743865757575,-0.12156290538778339,-0.26055384737725157
VK256.SG,UnitedKingdom,England_Viking.SG,953.0,0.7386466860771179,0.9111730438474317,-0.5981674236237842,0.5496736794011752
VK257.SG,UnitedKingdom,England_Viking.SG,953.0,0.6283737421035767,0.8580879963668225,-0.4957030606186502,0.546728537953192
VK258.SG,UnitedKingdom,England_Viking.SG,953.0,0.6351408958435059,0.823945092815421,-0.5479291862047203,0.591972669732743
VK259.SG,UnitedKingdom,England_Viking.SG,953.0,0.691618800163269,0.8361033554210884,-0.5436581927612845,0.4774155929105361
VK25.SG,Denmark,Faroes_EarlyModern.SG,350.0,0.8723955154418945,-0.8283355244353459,0.4111666462191484,-0.1925635220920713
VK260.SG,UnitedKingdom,England_Viking.SG,953.0,0.5900529623031616,0.8570682721107018,-0.48705379659056464,0.5564100618311862
VK261.SG,UnitedKingdom,England_Viking.SG,953.0,0.6461148262023926,0.8256667326512191,-0.599054693781429,0.51116863637518
VK262.SG,UnitedKingdom,England_Viking.SG,953.0,0.6957493424415588,0.7595415226922454,-0.5552190259585,0.5245237182699406
VK263.SG,UnitedKingdom,England_Viking.SG,953.0,0.737171471118927,0.803696672777946,-0.5532325661471814,0.6019629262364103
VK265.SG,Sweden,Sweden_Viking.SG,1000.0,0.663282573223114,-1.2857582883574787,0.8670796099189566,-0.5876689924954742
VK266.SG,Sweden,Sweden_Viking.SG,1000.0,0.5128023624420166,-1.2566773593391731,0.8720399987279815,-0.6230745212025945
VK268.SG,Sweden,Sweden_Viking.SG,1000.0,0.1492003798484802,-1.2656986734997608,0.834220400743343,-0.584478236216625
VK269.SG,Sweden,Sweden_Viking.SG,1000.0,0.0700471103191375,-1.2325764090522784,0.7543553814367173,-0.6485705246503611
VK272.SG,Russia,Russia_Viking.SG,950.0,0.1956159472465515,0.5379814454547026,-0.11773152211151892,-0.2986361583289198
VK273.SG,Russia,Russia_Viking.SG,950.0,0.6568649411201477,0.5123086606050441,-0.10735318892229731,-0.26952203628210547
VK274.SG,Denmark,Denmark_Viking.SG,1000.0,0.8300471901893616,-0.8402973374018955,0.38768813051052575,-0.17628767963417033
VK275.SG,Denmark,Denmark_Viking.SG,1000.0,0.3742547631263733,-0.8646312174294575,0.39823888455353285,-0.15131384715877372
VK276.SG,Denmark,Denmark_Viking.SG,1000.0,0.1085860431194305,-0.8079571379362944,0.3653785290458921,-0.15553026478812532
VK278.SG,Denmark,Denmark_Viking.SG,1000.0,0.487001359462738,-0.8261736322053763,0.37154797899142017,-0.15569323226956616
VK279.SG,Denmark,Denmark_Viking.SG,1000.0,0.9127576351165771,-0.8394443566153121,0.39270848414741744,-0.1605381451623111
VK27.SG,Denmark,Faroes_EarlyModern.SG,350.0,0.2503525912761688,-0.8381017327869322,0.3938429525452912,-0.18279054600764816
VK280.SG,Denmark,Denmark_Viking.SG,1000.0,0.2922069728374481,-0.8226110386864021,0.3706387983388227,-0.14725822169598654
VK281.SG,Denmark,Denmark_Viking.SG,1000.0,0.8848828077316284,-0.8571751455096507,0.35656256737757946,-0.16313717373903963
VK282.SG,Denmark,Denmark_Viking.SG,1000.0,0.375267744064331,-0.7888842111621307,0.37708932070658624,-0.17864803953121114
VK284.SG,Denmark,Denmark_Viking.SG,1000.0,0.67787766456604,-0.8077526869883358,0.3863534135313284,-0.14982792036675224
VK285.SG,Denmark,Denmark_Viking.SG,1000.0,0.4866858720779419,-0.8421318122761791,0.38093888996652775,-0.1507543870833329
VK286.SG,Denmark,Denmark_Viking.SG,1000.0,0.5721107721328735,-0.876188126155459,0.40123742015291763,-0.1666282732269831
VK287.SG,Denmark,Denmark_Viking.SG,1000.0,0.4018968045711517,-0.8281404688893954,0.37559292763367497,-0.16867021626495224
VK288.SG,Denmark,Denmark_Viking.SG,1000.0,0.570243775844574,-0.8416102804574285,0.40399008398564684,-0.1679487278725126
VK289.SG,Denmark,Denmark_Viking.SG,1100.0,0.5593598484992981,-0.7928584594823971,0.3594748704005772,-0.17125523399865764
VK290.SG,Denmark,Denmark_Viking.SG,1000.0,0.7731759548187256,-0.8006618757838264,0.42551473313430266,-0.17777988140104942
VK291.SG,Denmark,Denmark_Viking.SG,1100.0,0.6908231973648071,-0.8220086383904938,0.3818028305155624,-0.15174380390328948
VK292.SG,Denmark,Denmark_Viking.SG,1000.0,0.0944580435752868,-0.8153990558605682,0.3965101924568067,-0.1643065723419084
VK294.SG,Denmark,Denmark_Viking.SG,1075.0,0.6728169322013855,-0.8316563570054226,0.3809443688214184,-0.14886868069968542
VK295.SG,Denmark,Denmark_Viking.SG,1000.0,0.4586885869503021,-0.8186251583685268,0.3977845086685572,-0.14214003735132819
VK296.SG,Denmark,Denmark_EarlyViking.SG,1230.0,0.3710090517997741,-0.7787315967952324,0.3828768582555756,-0.1659307641338026
VK297.SG,Denmark,Denmark_EarlyViking.SG,1200.0,0.5003759264945984,-0.8083754065440777,0.4137132771861765,-0.19491679832358833
VK298.SG,Denmark,Denmark_Viking.SG,1050.0,0.3424927294254303,-0.8305909281938997,0.3749825183797461,-0.12780366693817136
VK29.SG,Sweden,Sweden_Viking.SG,900.0,0.8830863833427429,-1.240142371888004,0.8609189815467951,-0.565981193675248
VK300.SG,Denmark,Denmark_Viking.SG,1075.0,0.402953565120697,-0.8026572524381341,0.40385302322657357,-0.16943284213832724
VK301.SG,Denmark,Denmark_Viking.SG,1185.0,0.5360406041145325,-0.8131593132052364,0.3920424137106024,-0.17310280653212592
VK303.SG,Sweden,Sweden_Viking.SG,900.0,0.9086586833000184,-1.304146508654623,0.7503574530512428,-0.6228251625068218
VK306.SG,Sweden,Sweden_Viking.SG,900.0,0.6800349950790405,-1.2862138372311822,0.8771026443572897,-0.5829371864534604
VK308.SG,Sweden,Sweden_Viking.SG,900.0,0.7922025322914124,-1.293213392582681,0.8432317769088682,-0.5095802144027675
VK309.SG,Sweden,Sweden_Viking.SG,900.0,0.2753312289714813,-1.2454091083716372,0.8389198177475099,-0.5792225376863053
VK30.SG,Sweden,Sweden_Viking.SG,900.0,0.4777954518795013,-1.2984895064822994,0.8197345722183106,-0.593068643190876
VK312.SG,Denmark,Denmark_Viking.SG,1075.0,0.3107209801673889,-0.8637677415094411,0.394976102064529,-0.15893656427096642
VK313.SG,Denmark,Denmark_Viking.SG,1075.0,0.2872775793075561,-0.8227252892170999,0.3750721778632982,-0.17820974731583028
VK314.SG,Denmark,Denmark_Viking.SG,1075.0,0.2629177570343017,-0.8261214613213538,0.3779502525997699,-0.13421235239274967
VK315.SG,Denmark,Denmark_Viking.SG,1075.0,0.4466157257556915,-0.8023269116204502,0.34190058044797783,-0.1685044836165186
VK316.SG,Denmark,Denmark_Viking.SG,1000.0,0.7780858874320984,-0.8492658379685619,0.3827645362503285,-0.14179191712721487
VK317.SG,Denmark,Denmark_Viking_o1.SG,1000.0,0.7212178707122803,-0.8234548480220235,0.3695728062813109,-0.18191203215670287
VK319.SG,Denmark,Denmark_Viking.SG,1150.0,0.4361713826656341,-0.8559343741554855,0.3843024384972917,-0.1754694452942773
VK31.SG,Sweden,Sweden_Viking.SG,900.0,0.3224767446517944,-1.285897213311633,0.8412717922599947,-0.6145681917968312
VK320.SG,Denmark,Denmark_Viking.SG,1000.0,0.757856547832489,-0.8337966878217031,0.3466311464737771,-0.12406766164753015
VK322.SG,Denmark,Denmark_Viking.SG,934.0,0.6992999911308289,-0.7773730790702769,0.3709278046399496,-0.1757141146682709
VK323.SG,Denmark,Denmark_Viking.SG,1000.0,0.7370611429214478,-0.8361221030649056,0.3786129211439807,-0.14746229135899422
VK324.SG,Denmark,Denmark_Viking.SG,935.0,0.7382614612579346,-0.8179284884086923,0.40757213954943816,-0.15367731242048868
VK325.SG,Denmark,Denmark_Viking.SG,1145.0,0.4548792243003845,-0.8249717589377529,0.390406854449725,-0.17733490065065205
VK326.SG,Denmark,Denmark_Viking.SG,1026.0,0.7354139685630798,-0.7974762429271633,0.3738565317084963,-0.18306518869188987
VK327.SG,Denmark,Denmark_Viking.SG,979.0,0.6873082518577576,-0.8153218369778565,0.39482565497843314,-0.17244903031104541
VK328.SG,Denmark,Denmark_Viking.SG,1104.0,0.7001321315765381,-0.8745616636757154,0.38560437680333165,-0.16837990656478732
VK329.SG,Denmark,Denmark_Viking.SG,1183.0,0.7008969187736511,-0.8255301367577496,0.4141778319361247,-0.15409728978430406
VK330.SG,Denmark,Denmark_Viking.SG,896.0,0.6402673721313477,-0.8164491634715296,0.37422503010695063,-0.1411032711807929
VK332.SG,Sweden,Sweden_Viking.SG,1085.0,0.7617340683937073,-1.2554953421652857,0.8425848003066428,-0.5840754129866228
VK333.SG,Sweden,Sweden_Viking.SG,1052.0,0.6868346333503723,-1.2576343504437135,0.8391759537477455,-0.5450942379183813
VK334.SG,Sweden,Sweden_Viking.SG,893.0,0.4203459322452545,-1.2492309672579995,0.8610589791260178,-0.571909346235123
VK335.SG,Sweden,Sweden_Viking.SG,1000.0,0.6530377268791199,-1.2464681270689293,0.812046214740452,-0.6059111424318319
VK336.SG,Sweden,Sweden_Viking.SG,1091.0,0.7023794651031494,-1.2713960471883636,0.8718555335102326,-0.5716804319689345
VK337.SG,Sweden,Sweden_Viking.SG,1069.0,0.8774692416191101,-1.246733597052853,0.8573867296419009,-0.5689608154425642
VK338.SG,Denmark,Denmark_Viking.SG,1000.0,0.4397812485694885,-0.863047933340037,0.3649092107172156,-0.17121789223661216
VK33.SG,Sweden,Sweden_Viking_1d.rel.VK406.SG,900.0,0.6290485262870789,-1.2741305932288955,0.8408078524172123,-0.5923521933910237
VK340.SG,Denmark,Denmark_Viking.SG,1075.0,0.4852211475372314,-0.8421137350425024,0.41711455069721215,-0.1837233501698678
VK342.SG,Sweden,Sweden_Viking.SG,1000.0,0.7470424175262451,-1.2612171892249162,0.8204483494172456,-0.5777585380077993
VK345.SG,Sweden,Sweden_Viking.SG,1000.0,0.6601009368896484,-1.2764160000188465,0.8628136209985762,-0.5922474503730024
VK346.SG,Sweden,Sweden_Viking.SG,1000.0,0.7072415351867676,-1.2694523298344622,0.8695694533862601,-0.5838721189036912
VK349.SG,Sweden,Sweden_Viking.SG,1110.0,0.7030615210533142,-1.2421821381492735,0.836711120045908,-0.5761372972712665
VK34.SG,Sweden,Sweden_Viking.SG,900.0,0.7115407586097717,-1.2697293764997848,0.8140056937296047,-0.6223121101143234
VK350.SG,Sweden,Sweden_Viking.SG,1134.0,0.7902268767356873,-1.345250799429408,0.8839079793534033,-0.5811977272115584
VK352.SG,Sweden,Sweden_Viking.SG,1000.0,0.677384614944458,-1.2593336837951261,0.8642410932368085,-0.6035024419179421
VK353.SG,Sweden,Sweden_Viking.SG,893.0,0.7131870985031128,-1.2975364952693238,0.858831803107078,-0.6067148458629216
VK354.SG,Sweden,Sweden_Viking.SG,939.0,0.4928739666938782,-1.293724154024805,0.8730546235869936,-0.5731040326629282
VK355.SG,Sweden,Sweden_Viking.SG,1097.0,0.6744875907897949,-1.282713640425786,0.8008912573197149,-0.5884690810266257
VK357.SG,Sweden,Sweden_Viking.SG,887.0,0.7414990663528442,-1.3007234319626357,0.8254989267371837,-0.5900142537085952
VK358.SG,Sweden,Sweden_Viking.SG,1092.0,0.6260550618171692,-1.2751642944806445,0.817480897319525,-0.589147221396262
VK35.SG,Sweden,Sweden_Viking.SG,900.0,0.7062163949012756,-1.3301694315155665,0.8879864848016613,-0.6067974948951794
VK361.SG,Denmark,Denmark_Viking.SG,1000.0,0.7355826497077942,-0.8150999058141521,0.38612575592884635,-0.1477944051985268
VK362.SG,Denmark,Denmark_Viking.SG,1000.0,0.4999103844165802,-0.8721284581428231,0.4107511676464786,-0.1509916074135848
VK363.SG,Denmark,Denmark_Viking.SG,1000.0,0.7561306953430176,-0.8234958620754476,0.4016398040107229,-0.1362788001000368
VK364.SG,Denmark,Denmark_Viking.SG,1000.0,0.8035446405410767,-0.8436047757498653,0.42330680420823247,-0.15837977016638885
VK365.SG,Denmark,Denmark_Viking.SG,1000.0,0.566604733467102,-0.832805495837401,0.3902527065506297,-0.14799775729257655
VK366.SG,Denmark,Denmark_Viking.SG,1000.0,0.5229734182357788,-0.8570780432254332,0.4204230007124886,-0.18738098644481838
VK367.SG,Denmark,Denmark_Viking.SG,1000.0,0.6805670261383057,-0.8308723743877463,0.3706044883920367,-0.1304047433440344
VK368.SG,Denmark,Denmark_Viking.SG,1000.0,0.7264724969863892,-0.8398681680924173,0.3792545437731991,-0.15410054270176804
VK369.SG,Denmark,Denmark_Viking.SG,1075.0,0.6960015892982483,-0.8329995576137704,0.4048082104521214,-0.162087326286343
VK370.SG,Denmark,Denmark_Viking.SG,1000.0,0.7453157305717468,-0.8247497371256974,0.37408269557953666,-0.18117046829627445
VK371.SG,Denmark,Denmark_Viking.SG,1065.0,0.4900670051574707,-0.8448675659235739,0.3548024955501249,-0.17207862252105155
VK372.SG,Denmark,Denmark_Viking.SG,1000.0,0.7473546266555786,-0.8511478493187528,0.42815507323459445,-0.17516684654235387
VK373.SG,Denmark,Denmark_Viking.SG,1000.0,0.6941792368888855,-0.8706059228178507,0.39816656763144065,-0.16448047817083142
VK379.SG,Sweden,Sweden_EarlyViking.SG,1200.0,0.0724688246846199,-1.2631160836762982,0.8516625785211223,-0.5915022701916616
VK380.SG,Sweden,Sweden_Viking.SG,1000.0,0.1072259545326232,-1.268496478786434,0.8724512258162045,-0.5895567381372214
VK382.SG,Sweden,Sweden_EarlyViking.SG,1200.0,0.0615881569683551,-1.2972652289543936,0.8505649081429141,-0.5831716454769702
VK384.SG,Denmark,Denmark_Viking.SG,1075.0,0.7174352407455444,-0.8158561787565768,0.3883258976713501,-0.16393926844825185
VK385.SG,Denmark,Denmark_Viking.SG,1075.0,0.8038877248764038,-0.8746817432649415,0.3843131670231981,-0.1704123892194627
VK386.SG,Norway,Norway_Viking.SG,1000.0,0.7410911321640015,-0.1512882950720919,0.7849900080025695,-1.0014078350697775
VK387.SG,Norway,Norway_Viking.SG,950.0,0.6629273295402527,-0.14107062603310302,0.7856838934302042,-0.9930705448770534
VK388.SG,Norway,Norway_Viking.SG,800.0,0.6482186317443848,-0.14299831562291573,0.7743981269167713,-1.0054012494463886
VK389.SG,Norway,Norway_Viking.SG,1000.0,0.6675233840942383,-0.11997304693325975,0.7786642708310791,-1.0355926217888622
VK390.SG,Norway,Norway_IA.SG,1450.0,0.775782585144043,-0.14041821026111176,0.7687344873513633,-0.9675632645391373
VK391.SG,Norway,Norway_IA.SG,1450.0,0.3561000525951385,-0.14287135116527255,0.7789096461614102,-1.0082329248543167
VK392.SG,Norway,Norway_Viking.SG,1100.0,0.656499981880188,-0.14194811300425825,0.7892953420034945,-1.0166428530515388
VK393.SG,Norway,Norway_Viking.SG,1000.0,0.7097216248512268,-0.14042635448429333,0.786783785630741,-0.9851960520802426
VK395.SG,Sweden,Sweden_Viking.SG,900.0,0.7769894003868103,-1.22167585887872,0.8386661977395085,-0.6244477107970747
VK396.SG,Sweden,Sweden_Viking.SG,900.0,0.7038449645042419,-1.3140811029621027,0.8765812516050487,-0.6159126129205982
VK397.SG,Sweden,Sweden_Viking.SG,900.0,0.7566919326782227,-1.2668101474332183,0.8668099914504591,-0.584732462438052
VK398.SG,Sweden,Sweden_Viking.SG,900.0,0.7314140200614929,-1.2573309843413991,0.8147634447750394,-0.5994279574109155
VK399.SG,Sweden,Sweden_Viking.SG,900.0,0.8303326964378357,-1.2704635023602504,0.8291340451812097,-0.5561186221359374
VK39.SG,Sweden,Sweden_Viking.SG,900.0,0.1642594188451767,-1.2788126078423967,0.820555723387079,-0.6107081342295568
VK400.SG,Sweden,Sweden_Viking.SG,900.0,0.6664357781410217,-1.248091802832571,0.8373974632359809,-0.550214861340944
VK401.SG,Sweden,Sweden_Viking.SG,900.0,0.7352631092071533,-1.2321744161832946,0.8656085853399765,-0.5979350657139417
VK402.SG,Sweden,Sweden_Viking.SG,900.0,0.7808863520622253,-1.1900939650002993,0.8008153835023735,-0.5741634847313777
VK403.SG,Sweden,Sweden_Viking.SG,900.0,0.77852463722229,-1.3030208165373147,0.9107647580704626,-0.6775777204388845
VK404.SG,Sweden,Sweden_Viking.SG,900.0,0.7660430073738098,-1.3051359583825206,0.8700060361470413,-0.5664974494285546
VK405.SG,Sweden,Sweden_Viking.SG,900.0,0.6522315740585327,-1.2748237104598137,0.8305460963661213,-0.6039530211656876
VK406.SG,Sweden,Sweden_Viking.SG,900.0,0.7378883957862854,-1.250085900789522,0.856698260997664,-0.5979235851627075
VK407.SG,Sweden,Sweden_Viking.SG,900.0,0.2124211192131042,-1.2795637364791184,0.8579773914167617,-0.606106881831935
VK408.SG,Russia,Russia_Viking.SG,900.0,0.1738586723804474,0.5138814996379583,-0.12046690103738347,-0.3032639817132772
VK409.SG,Russia,Russia_Viking.SG,900.0,0.1662877798080444,0.5374544276692236,-0.10717125591541016,-0.2863500994481441
VK40.SG,Sweden,Sweden_Viking.SG,900.0,0.7990742921829224,-1.2167171771661702,0.8488207985684496,-0.5808099193256286
VK410.SG,Russia,Russia_Viking.SG,850.0,0.1358736753463745,0.499867082682592,-0.13125082268255858,-0.2333600030128181
VK414.SG,Norway,Norway_Viking.SG,950.0,0.7209542989730835,-0.15789751203771438,0.7965217568126819,-1.0064788570617094
VK415.SG,Norway,Norway_Viking.SG,1050.0,0.7000412940979004,-0.14853444296851542,0.7837342175720945,-0.9921124723469199
VK417.SG,Norway,Norway_Viking.SG,1100.0,0.6902101039886475,-0.15965248024395462,0.7889469335626597,-1.00855897647368
VK418.SG,Norway,Norway_IA.SG,1600.0,0.6250931620597839,-0.15131398526434048,0.783842052876338,-1.0098745442493908
VK419.SG,Norway,Norway_Viking.SG,1200.0,0.7141238451004028,-0.14338901504078105,0.7922405039331911,-1.0121499086969754
VK420.SG,Norway,Norway_Viking.SG,1050.0,0.7974376678466797,-0.15764932633154377,0.7874881615265507,-1.0215721242538318
VK422.SG,Norway,Norway_Viking.SG,1000.0,0.6814956665039062,-0.14496181279954395,0.7839648068289228,-0.9968751924723741
VK424.SG,Sweden,Sweden_Viking.SG,900.0,0.1313246488571167,-1.285287462237625,0.8857006606016403,-0.5658666916388455
VK425.SG,Sweden,Sweden_Viking.SG,900.0,0.1158333271741867,-1.3358774107967628,0.8560986198733829,-0.5746817386308328
VK426.SG,Sweden,Sweden_Viking.SG,900.0,0.1151991114020347,-1.2384976548303637,0.8632019299962865,-0.5515238921193997
VK427.SG,Sweden,Sweden_Viking.SG,900.0,0.1074660196900367,-1.2722699323299658,0.8443728268376,-0.5860316681919974
VK428.SG,Sweden,Sweden_Viking.SG,975.0,0.1682853251695633,-1.281568076290037,0.8479813568447983,-0.5847085695842617
VK429.SG,Sweden,Sweden_Viking.SG,975.0,0.9149181842803956,-1.2492364433282181,0.8124772526155747,-0.5854217229118903
VK42.SG,Sweden,Sweden_Viking.SG,900.0,0.9976139664649964,-1.2371554910478817,0.8695192919024114,-0.5845291411466746
VK430.SG,Sweden,Sweden_Viking.SG,975.0,0.1917992681264877,-1.2580624298005951,0.8878495141663241,-0.559503686176275
VK431.SG,Sweden,Sweden_Viking.SG,975.0,0.234552264213562,-1.3234875849642902,0.8929886708259233,-0.6108146735795033
VK432.SG,Sweden,Sweden_Viking.SG,975.0,0.2788202464580536,-1.2475275021088459,0.8377192250487578,-0.578358744237061
VK433.SG,Sweden,Sweden_Viking.SG,975.0,0.8726963996887207,-1.2656825769033477,0.8631669701794131,-0.5479543790984086
VK434.SG,Sweden,Sweden_Viking.SG,975.0,0.2397922873497009,-1.2722956540663202,0.8304994091998749,-0.5817115021207815
VK435.SG,Sweden,Sweden_Viking.SG,975.0,0.0602913349866867,-1.2317485974153268,0.8601742949594776,-0.6139114325363415
VK438.SG,Sweden,Sweden_Viking.SG,975.0,0.2040002793073654,-1.273207436304853,0.8210214030655093,-0.5760515580231677
VK439.SG,Sweden,Sweden_Viking.SG,975.0,0.1628490537405014,-1.273029149051986,0.8611436213926528,-0.6304026119090625
VK440.SG,Sweden,Sweden_Viking.SG,975.0,0.0729100182652473,-1.2960638092879297,0.8466606090401742,-0.5624652431091132
VK442.SG,Sweden,Sweden_Viking.SG,1097.0,0.7049366235733032,-1.246494225900114,0.8779120462433277,-0.5536904262465877
VK443.SG,Sweden,Sweden_Viking.SG,1000.0,0.8984463214874268,-1.2337686872757603,0.8240471735121919,-0.5619055357717428
VK444.SG,Sweden,Sweden_Viking.SG,1097.0,0.5757570862770081,-1.3232453797695043,0.8213778479243502,-0.5793012247816104
VK445.SG,Denmark,Denmark_Viking.SG,1000.0,0.7561241984367371,-0.8099626066209648,0.36869885396832486,-0.15615122693486982
VK446.SG,Denmark,Denmark_Viking.SG,1000.0,0.8028755784034729,-0.7954789083594269,0.3904360875664253,-0.13963897697199454
VK448.SG,Norway,Norway_Viking.SG,1050.0,0.8882461190223694,-0.1425595039718962,0.7950135629864473,-1.0038995926968954
VK449.SG,UnitedKingdom,England_Viking.SG,953.0,0.770584762096405,0.8700602043396513,-0.587083981434989,0.5851145259217528
VK44.SG,Denmark,Faroes_EarlyModern_o2.SG,350.0,0.3765256404876709,-0.8355800661883586,0.38662746637767237,-0.15355252832668345
VK450.SG,Sweden,Sweden_Viking.SG,975.0,0.1177830249071121,-1.2885948185898035,0.8365824574852914,-0.611918455125101
VK452.SG,Sweden,Sweden_Viking.SG,975.0,0.2169928401708603,-1.2800632249179646,0.8600085737772487,-0.5654449957528215
VK453.SG,Sweden,Sweden_Viking.SG,975.0,0.1571062058210373,-1.2418615172010488,0.8227850979208309,-0.5870628693986457
VK454.SG,Sweden,Sweden_Viking.SG,975.0,0.2263958305120468,-1.2778297558492693,0.8390660850492898,-0.59039354643787
VK455.SG,Sweden,Sweden_Viking.SG,975.0,0.8038698434829712,-1.2681916048642972,0.8389084484883046,-0.5643914131509761
VK456.SG,Sweden,Sweden_Viking.SG,975.0,0.7618062496185303,-1.2584830588816744,0.8449988556609972,-0.562761469028589
VK457.SG,Sweden,Sweden_Viking.SG,975.0,0.1776729077100753,-1.2632846799632154,0.8589560170979574,-0.5402302677150949
VK458.SG,Sweden,Sweden_Viking.SG,975.0,0.1706932485103607,-1.2527612153794525,0.8710605904627742,-0.5851905975828325
VK459.SG,Sweden,Sweden_Viking.SG,975.0,0.1796185374259948,-1.2479009496594973,0.8480590403953013,-0.5918986579888064
VK45.SG,Denmark,Faroes_EarlyModern_brother.VK245.SG,350.0,0.1269378364086151,-0.8458853084735567,0.39204975782139834,-0.1608242547351881
VK460.SG,Sweden,Sweden_Viking.SG,975.0,0.2658747434616089,-1.2739592476729276,0.8680446624398197,-0.5575738458855671
VK461.SG,Sweden,Sweden_Viking.SG,975.0,0.2591635286808014,-1.2664568365562414,0.8297599810483556,-0.5935101593433416
VK462.SG,Sweden,Sweden_Viking.SG,975.0,0.0897111371159553,-1.2893011597714983,0.8490594855110053,-0.6132959851363842
VK463.SG,Sweden,Sweden_Viking.SG,975.0,0.2517240345478058,-1.2743085638038243,0.8193625562200083,-0.5905297541585427
VK464.SG,Sweden,Sweden_Viking.SG,975.0,0.0858231037855148,-1.2942165949387554,0.8557001878913516,-0.5809017656402206
VK466.SG,Russia,Russia_Viking_o.SG,950.0,0.1273157745599746,0.5407441190410838,-0.1353018205714822,-0.24301265754592194
VK468.SG,Sweden,Sweden_Viking.SG,975.0,0.9404653310775756,-1.418150203503034,0.8369545271629355,-0.4671222789038872
VK469.SG,Sweden,Sweden_Viking.SG,975.0,0.2188217043876648,-1.2985152904853705,0.8901118097960127,-0.6217978417357694
VK46.SG,Denmark,Faroes_EarlyModern.SG,350.0,0.981293797492981,-0.8451523795780281,0.3984751318525276,-0.156652718584743
VK471.SG,Sweden,Sweden_Viking.SG,975.0,0.208322212100029,-1.1913657072144395,0.8268716377187119,-0.5276305362621987
VK472.SG,Sweden,Sweden_Viking.SG,975.0,0.0656878724694252,-1.2363242488740382,0.8635711789984434,-0.5897291170140542
VK473.SG,Sweden,Sweden_Viking.SG,975.0,0.7695896029472351,-1.2462410403045865,0.8450355955877186,-0.598978912450528
VK474.SG,Sweden,Sweden_Viking.SG,975.0,0.806367814540863,-1.2332951400186885,0.8258069754417564,-0.6268669934922679
VK475.SG,Sweden,Sweden_Viking.SG,975.0,0.9843050837516784,-1.2264241292443911,0.6978062626831801,-0.681943383239613
VK476.SG,Sweden,Sweden_Viking.SG,975.0,0.1181601509451866,-1.2695998387132141,0.8423200605608018,-0.5951023420053145
VK477.SG,Sweden,Sweden_Viking.SG,975.0,0.7113874554634094,-1.2813324455284638,0.8347319634601144,-0.5682329785336969
VK478.SG,Sweden,Sweden_Viking.SG,975.0,0.7949900031089783,-1.2696037241152387,0.8207427316097252,-0.5869637633709317
VK479.SG,Sweden,Sweden_Viking.SG,975.0,0.8577395081520081,-1.2867074482204808,0.8561601139159943,-0.594809025348052
VK480.SG,Estonia,Estonia_EarlyViking.SG,1200.0,0.598027765750885,0.290462462060255,0.1471606495208527,-0.22173752073132189
VK481.SG,Estonia,Estonia_EarlyViking.SG,1200.0,0.7756771445274353,0.29614153360404694,0.1594215353723254,-0.19654602097122562
VK482.SG,Estonia,Estonia_EarlyViking.SG,1200.0,0.6750253438949585,0.2927301710338221,0.16642358731955248,-0.20269492231960679
VK483.SG,Estonia,Estonia_EarlyViking.SG,1191.0,0.834384560585022,0.2838115252649424,0.13532226349492277,-0.22778512486851255
VK484.SG,Estonia,Estonia_EarlyViking.SG,1200.0,0.7159892320632935,0.2853046141895022,0.16920351556017757,-0.20815448435945652
VK485.SG,Estonia,Estonia_EarlyViking_brother.VK490.VK483.VK497.SG,1244.0,0.5467817187309265,0.2938244664024389,0.16122524610304717,-0.20149111007254192
VK486.SG,Estonia,Estonia_EarlyViking.SG,1200.0,0.8385434746742249,0.27802365223886544,0.16221158642952588,-0.2283231944952805
VK487.SG,Estonia,Estonia_EarlyViking.SG,1200.0,0.8600071668624878,0.28563109367498674,0.16927708601532235,-0.21608499716068139
VK488.SG,Estonia,Estonia_EarlyViking.SG,1200.0,0.6068135499954224,0.28468696514612135,0.16416106831431082,-0.2020289316690902
VK489.SG,Estonia,Estonia_EarlyViking.SG,1200.0,0.8075170516967773,0.28168488833564315,0.17285901498067893,-0.2030744510991172
VK48.SG,Sweden,Sweden_Viking.SG,975.0,0.423066109418869,-1.283644963003051,0.8241626369641987,-0.5937594255653996
VK490.SG,Estonia,Estonia_EarlyViking_brother.VK485.VK483.VK497.SG,1227.0,0.6460142731666565,0.27615498814311235,0.1802533375106724,-0.19205574631070407
VK491.SG,Estonia,Estonia_EarlyViking.SG,1200.0,0.7674785256385803,0.2747395679416343,0.1629674594369359,-0.21319526018666377
VK492.SG,Estonia,Estonia_EarlyViking.SG,1200.0,0.6530303955078125,0.2871542295436165,0.15918344934066056,-0.2092122002585843
VK493.SG,Estonia,Estonia_EarlyViking.SG,1200.0,0.8500989079475403,0.31955792424013557,0.15998727177823616,-0.14949917278117442
VK494.SG,Poland,Poland_Viking.SG,950.0,0.1654224246740341,-0.5113094779050554,-0.20964347957339782,-0.518698586222261
VK495.SG,Estonia,Estonia_EarlyViking.SG,1200.0,0.6945847272872925,0.272297993424821,0.17601354944323683,-0.20263229239946273
VK496.SG,Estonia,Estonia_EarlyViking.SG,1200.0,0.8662698864936829,0.29744666448402707,0.1722429738230836,-0.21508325657421146
VK497.SG,Estonia,Estonia_EarlyViking_brother.VK490.VK483.VK485.SG,1200.0,0.7699189186096191,0.3009678166896558,0.15718320144084014,-0.1987403033764556
VK498.SG,Estonia,Estonia_EarlyViking.SG,1200.0,0.7250377535820007,0.31432633973503776,0.1679429944350839,-0.18986597958978263
VK504.SG,Estonia,Estonia_EarlyViking.SG,1200.0,0.575654923915863,0.274070997143747,0.16253260918055237,-0.2119122609718245
VK505.SG,Estonia,Estonia_EarlyViking.SG,1200.0,0.6706830859184265,0.3018901187886792,0.16303155078868456,-0.19674144891919726
VK506.SG,Estonia,Estonia_EarlyViking.SG,1237.0,0.7206509709358215,0.2822113748985967,0.16646750249341982,-0.20698349746622471
VK507.SG,Estonia,Estonia_EarlyViking.SG,1121.0,0.5832890868186951,0.2950932043080955,0.17714669067803634,-0.1980761412724829
VK508.SG,Estonia,Estonia_EarlyViking.SG,1200.0,0.8366464972496033,0.2895178795055848,0.14381950046809036,-0.20241380130170408
VK509.SG,Estonia,Estonia_EarlyViking.SG,1200.0,0.7452719211578369,0.29053376599682623,0.1598702928826606,-0.19102371898294526
VK50.SG,Sweden,Sweden_Viking.SG,975.0,0.9427281022071838,-1.2873088273816644,0.7709625270227193,-0.5248533931191414
VK510.SG,Estonia,Estonia_EarlyViking.SG,1200.0,0.7939551472663879,0.2955440295732084,0.16176075064688342,-0.19353339845846068
VK511.SG,Estonia,Estonia_EarlyViking.SG,1200.0,0.8278087973594666,0.3216000022794431,0.15675067932068595,-0.17644831472855935
VK512.SG,Estonia,Estonia_EarlyViking.SG,1200.0,0.8447972536087036,0.29641585074605054,0.1496448760083842,-0.21116253016446807
VK514.SG,Norway,Norway_Viking.SG,1200.0,0.660785436630249,-0.14233242992006093,0.7966303817944808,-0.9890197222915039
VK515.SG,Norway,Norway_Viking.SG,1000.0,0.5100984573364258,-0.15041137139265132,0.7879647179657814,-0.9955218920890846
VK516.SG,Norway,Norway_Viking.SG,1000.0,0.7794029712677002,-0.14326380671503208,0.7720692260971793,-0.9865115257032097
VK517.SG,Sweden,Sweden_Viking_1d.rel.VK527.SG,900.0,0.6740610003471375,-1.2709054935213937,0.8457411027821402,-0.5592350762678614
VK518.SG,Norway,Norway_Viking_o1.SG,1100.0,0.3811898231506347,-0.13185475874979627,0.7637503005777732,-1.0190927253211128
VK519.SG,Norway,Norway_Viking_o2.SG,1200.0,0.2161737084388733,-0.12871867221303562,0.7764644247399299,-1.0077196825994703
VK51.SG,Sweden,Sweden_Viking.SG,975.0,0.4621638357639313,-1.2614281192700294,0.8443926492116295,-0.5987316714378403
VK521.SG,Denmark,Denmark_IA.SG,1650.0,0.9843383431434632,-0.8137308542723127,0.383966098543977,-0.18349201656430225
VK523.SG,Norway,Norway_IA.SG,1450.0,0.6220412850379944,-0.13638688259675158,0.7639447368271448,-0.9699088953053572
VK524.SG,Norway,Norway_Viking.SG,1000.0,0.8086029887199402,-0.15027147774317412,0.7559283773338408,-0.9925399152395266
VK525.SG,Norway,Norway_Viking.SG,1100.0,0.679709792137146,-0.15890903471209186,0.7874726322770124,-1.0040897479125022
VK526.SG,Norway,Norway_Viking.SG,1100.0,0.8616145849227905,-0.17245104294607533,0.807070805273785,-1.0262155229493475
VK527.SG,Sweden,Sweden_Viking.SG,900.0,0.6839935779571533,-1.2621571048862188,0.8518860877637895,-0.6167213503142005
VK529.SG,Norway,Norway_Viking.SG,1150.0,0.8549820780754089,-0.14916592066452916,0.7850226035896282,-1.0133940670527237
VK530.SG,Norway,Norway_Viking.SG,1000.0,0.6406745314598083,-0.141497681482851,0.7819243308131794,-0.9739127735032862
VK532.SG,Denmark,Denmark_IA.SG,1850.0,0.9723612070083618,-0.8443620766461633,0.3729246650629426,-0.14305324165708364
VK535.SG,Italy,Italy_Medieval.SG,700.0,0.7082301378250122,-1.0357222703981983,0.20418546133938972,0.45260389762410935
VK536.SG,Italy,Italy_Medieval.SG,800.0,0.63422691822052,-1.036713760347584,0.20819432099849478,0.41581773929155136
VK537.SG,Italy,Italy_Medieval_o2.SG,800.0,0.7380960583686829,-1.054104417088724,0.2337182761409274,0.45204583696807144
VK538.SG,Italy,Italy_Medieval_o1.SG,800.0,0.7010412812232971,-1.033713813105314,0.22248981359246822,0.43308657479200774
VK539.SG,Ukraine,Ukraine_Medieval_Rus_Viking.SG,900.0,0.8177294135093689,0.05463413517966913,0.8363438285157235,0.17990419853250164
VK53.SG,Sweden,Sweden_Viking.SG,975.0,0.5201753973960876,-1.2667311073012557,0.8789927040711771,-0.6139864643594428
VK540.SG,Ukraine,Ukraine_Medieval_Rus_Viking_1d.rel.VK539.SG,900.0,0.6110543608665466,0.08756337431031985,0.7941978875919222,0.16634447841909633
VK542.SG,Ukraine,Ukraine_Medieval_Rus_Viking_o.SG,900.0,0.6998295783996582,0.05982930214830915,0.8361838606972025,0.17990718546719245
VK543.SG,Ireland,Ireland_Viking.SG,1100.0,0.6358091831207275,-0.43089320981223905,0.016600602527953628,0.5572101081405302
VK544.SG,Ireland,Ireland_Viking.SG,1100.0,0.7730672955513,-0.4152983425990609,0.022121654996814625,0.5540964217184217
VK545.SG,Ireland,Ireland_Viking.SG,1185.0,0.83076012134552,-0.3954499718665206,0.029310323752708027,0.5956645712407141
VK546.SG,Ireland,Ireland_Viking.SG,1100.0,0.1047061160206794,-0.3990688456486556,0.0013543253343701648,0.5850333988761338
VK547.SG,Norway,Norway_Viking.SG,1050.0,0.9876676201820374,-0.13724796734761377,0.8056553324285568,-0.987810250065139
VK548.SG,Norway,Norway_Viking.SG,1100.0,0.9480410814285278,-0.1479115245501248,0.764726189778135,-0.9991533816389073
VK549.SG,Estonia,Estonia_EarlyViking.SG,1200.0,0.8212646842002869,0.2851119834631947,0.18723288434532995,-0.2082330359244121
VK550.SG,Estonia,Estonia_EarlyViking.SG,1200.0,0.84001225233078,0.28529290863420304,0.16338859004911993,-0.20225433472255153
VK551.SG,Estonia,Estonia_EarlyViking.SG,1200.0,0.9014714360237122,0.2864035299905821,0.16744514626652332,-0.1975313050757481
VK552.SG,Estonia,Estonia_EarlyViking.SG,1200.0,0.7583034634590149,0.2934487802046826,0.1633227279269883,-0.19291829519903014
VK553.SG,Estonia,Estonia_EarlyViking.SG,1200.0,0.7324294447898865,0.2902716602048922,0.168205942088088,-0.20579199562759623
VK554.SG,Estonia,Estonia_EarlyViking.SG,1120.0,0.6264329552650452,0.30145520238959855,0.16366556875878516,-0.20518232842666445
VK555.SG,Estonia,Estonia_EarlyViking.SG,1200.0,0.6760982871055603,0.27983750036735844,0.17085926164055742,-0.20989441618034926
VK56.SG,Sweden,Sweden_Viking.SG,975.0,0.6506030559539795,-1.2753607570281396,0.8170678749540061,-0.613759211295811
VK579.SG,Sweden,Sweden_IA_1.SG,1650.0,0.1210717186331749,-1.2711648896350012,0.8759890280323511,-0.6195697648227185
VK57.SG,Sweden,Sweden_Viking.SG,975.0,0.1955437660217285,-1.261240470585852,0.9346071115337196,-0.5977288762670985
VK582.SG,Denmark,Denmark_IA.SG,1900.0,0.1082770451903343,-0.8431038610695675,0.38777537468145057,-0.1447250781012226
VK58.SG,Sweden,Sweden_Viking.SG,975.0,0.9497904777526855,-1.2989681294113662,0.8339373739043159,-0.4963816130582184
VK60.SG,Sweden,Sweden_Viking.SG,975.0,0.5743799805641174,-1.2626464077224557,0.8448387322322433,-0.5875321114379578
VK63.SG,Sweden,Sweden_Viking.SG,975.0,0.1849461495876312,-1.3146738150528878,0.8035916057834823,-0.6060142126573795
VK64.SG,Sweden,Sweden_Viking.SG,975.0,0.611061692237854,-1.2846597663245274,0.8298632313444064,-0.564396779500173
VK65.SG,Denmark,Denmark_EarlyViking.SG,1100.0,0.4078805446624756,-0.8237053319081836,0.40050322952887457,-0.15361873231372516
VK69.SG,Denmark,Denmark_EarlyViking.SG,1100.0,0.5352417230606079,-0.7919133773977401,0.38225160921457013,-0.1599693787245757
VK70.SG,Denmark,Denmark_EarlyViking.SG,1100.0,0.9847916960716248,-0.8392300834109325,0.40890504753164775,-0.17200303206216797
VK71.SG,Denmark,Denmark_EarlyViking.SG,1100.0,0.1726786345243454,-0.8222141012561878,0.3908468677536102,-0.16719623132272646
VK84.SG,Denmark,Denmark_Viking.SG,1075.0,0.6795727014541626,-0.8356011732948948,0.39702698241160983,-0.17134624377585259
VK87.SG,Denmark,Denmark_Viking.SG,1075.0,0.9476947784423828,-0.8538438081542645,0.3901497016304401,-0.1467439141554374
VK90.SG,Denmark,Denmark_Viking.SG,1075.0,0.2809370160102844,-0.8239303918789278,0.39261556308010037,-0.14571031219780162
VK92.SG,Denmark,Denmark_Viking.SG,1075.0,0.2966797649860382,-0.838408268834987,0.37286242687674104,-0.1437517593505112
VK94.SG,Denmark,Denmark_Viking.SG,1000.0,0.1340464353561401,-0.8353730731200943,0.3543851302874101,-0.15985201101337404
ACG-19.SG,Hungary,Hungary_EarlyAvar.SG,1286.0,0.8265444040298462,0.49702776570387325,-0.04497576382985487,-0.9485278884813902
AGY-49.SG,Hungary,Hungary_Conqueror_Elite.SG,1005.0,0.8774611353874207,0.4965319716509091,-0.18381922075508275,-1.164600742797618
AGY-75.SG,Hungary,Hungary_Conqueror_Elite.SG,1000.0,0.5546843409538269,0.5169405678171629,-0.15564218491442589,-1.0680358670251653
AGY-87.SG,Hungary,Hungary_Conqueror_Elite.SG,1000.0,0.8596276044845581,0.49143745927726423,-0.2954414769795361,-1.317369837186016
AGY-92.SG,Hungary,Hungary_Conqueror_Elite.SG,1009.0,0.857609748840332,0.5853494357095216,-0.10534976722095908,-0.9593579011317255
ALT-224.SG,Hungary,Hungary_MidAvar.SG,1250.0,0.7380124926567078,0.522100011450682,-0.12164128647501583,-0.9808272071655043
ALT-369.SG,Hungary,Hungary_LateEarlyAvar.SG,1150.0,0.936344563961029,0.5041754096090788,-0.10386050112877754,-1.0734902287312071
ALT-412.SG,Hungary,Hungary_LateEarlyAvar.SG,1150.0,0.7171871066093445,0.5490948123781421,-0.13647128152668928,-1.0268600625511894
ALT-414.SG,Hungary,Hungary_LateEarlyAvar.SG,1150.0,0.6072725653648376,0.4999280834761479,-0.08704484060500658,-1.0422123065436661
ALT-442.SG,Hungary,Hungary_MidLateEarlyAvar.SG,1250.0,0.8051350712776184,0.4471005550912536,-0.05868379389444928,-1.2506434708481602
ALT-596.SG,Hungary,Hungary_LateEarlyAvar.SG,1150.0,0.9438667893409728,0.5551697680124273,-0.20349195033750797,-1.1019000468464215
ALT-77.SG,Hungary,Hungary_EarlyMidAvar.SG,1314.0,0.8021870255470276,0.38796362553590663,-0.21299112770761333,-1.2301651505010107
AN-286.SG,Hungary,Hungary_EarlyAvar.SG,1305.0,0.7390919923782349,0.6051917911216798,-0.12140467942489577,-1.156388101737204
AN-376.SG,Hungary,Hungary_EarlyAvar.SG,1305.0,0.7901092767715454,0.570771298962749,0.03415580883681025,-0.8086932269225845
Anapa-10.SG,Russia,Russia_Caucasus_Medieval.SG,1015.0,0.7239623665809631,0.5522794226491776,-0.10741656034367132,-0.272342367874738
Anapa-11.SG,Russia,Russia_Caucasus_Medieval.SG,1020.0,0.8455920815467834,0.5449694198302448,-0.13857383663565692,-0.30578959883405454
Anapa-9.SG,Russia,Russia_Caucasus_Medieval.SG,857.0,0.6931248903274536,0.5547125494848275,-0.12077278532289246,-0.2971675886667574
ANY-4027.SG,Hungary,Hungary_Starcevo_EN.SG,6450.0,0.5174787044525146,0.5088989467269776,-0.09205384781748419,-1.0001537764521562
ARK-11.SG,Hungary,Hungary_LateEarlyAvar.SG,1150.0,0.9089036583900452,0.48557989893750353,-0.08289145575769953,-1.0492560160567272
ARK-14.SG,Hungary,Hungary_LateEarlyAvar.SG,1156.0,0.8070068955421448,0.5275524509038535,-0.01956322190964866,-1.2045784378472113
ARK-16.SG,Hungary,Hungary_LateEarlyAvar.SG,1150.0,0.949655830860138,0.6581735894435956,-0.1358854319580262,-1.0344159319411608
ARK-17.SG,Hungary,Hungary_LateEarlyAvar.SG,1200.0,0.9450711607933044,0.5680107989710952,-0.14640847736201779,-0.9931988694400464
ARK-19.SG,Hungary,Hungary_LateEarlyAvar.SG,1150.0,0.9455715417861938,0.6111927905412277,-0.07150960486647265,-0.9604972055280232
ARK-20.SG,Hungary,Hungary_LateEarlyAvar.SG,1150.0,0.9015014171600342,0.5975133114718145,-0.12522831794508293,-1.0665608931794766
ARK-21.SG,Hungary,Hungary_LateEarlyAvar.SG,1069.0,0.7146493792533875,0.5480578759540703,-0.07231780918827943,-1.0026878419425607
ARK-24.SG,Hungary,Hungary_LateEarlyAvar.SG,1224.0,0.9842483401298524,0.6410829422975061,-0.10241034945636211,-1.0431556632678904
ARK-29.SG,Hungary,Hungary_LateEarlyAvar.SG,1220.0,0.9305059909820556,0.5920460928865163,-0.021581918332779313,-0.87704341018987
ARK-36.SG,Hungary,Hungary_LateEarlyAvar.SG,1226.0,0.8249004483222961,0.601109661595817,-0.08128883465237208,-0.943574409935349
ARK-38.SG,Hungary,Hungary_LateEarlyAvar.SG,1232.0,0.8450551629066467,0.701170082966854,-0.16413016292629753,-1.1134294599513013
ARK-41.SG,Hungary,Hungary_MidLateEarlyAvar.SG,1244.0,0.8922330737113953,0.5802609539424102,-0.1308680464510735,-1.0250020214014093
ARK-43.SG,Hungary,Hungary_LateEarlyAvar.SG,1205.0,0.7822277545928955,0.6693082438106196,-0.038442208642817915,-1.0738438565615804
ARK-48.SG,Hungary,Hungary_LateEarlyAvar.SG,1150.0,0.7847062349319458,0.6278190423446983,-0.0596614758107556,-0.9468054737842949
ARK-49.SG,Hungary,Hungary_LateEarlyAvar.SG,1090.0,0.6336405277252197,0.5590377504942697,-0.08191428724585195,-1.0703826074382594
ARK-50.SG,Hungary,Hungary_LateEarlyAvar.SG,1217.0,0.8004506230354309,0.5444948458693801,0.029192800589299146,-0.9064907704512231
ARK-6.SG,Hungary,Hungary_LateEarlyAvar.SG,1200.0,0.9261524677276612,0.5127983619169335,-0.05223823635825001,-0.9650282733768807
ASZK-1.SG,Hungary,Hungary_Hun_oEastAsian.SG,1525.0,0.7690802812576294,0.4471781552408604,0.0222768939583578,-0.961354157291974
BK-2.SG,Hungary,Hungary_Conqueror_Elite.SG,975.0,0.9083123803138732,0.5391936156613201,-0.004582419757667767,-1.0759716318592725
CSB-3.SG,Hungary,Hungary_Hun.SG,1550.0,0.6604293584823608,0.5707032576628042,-0.05482994109675257,-1.1612646593089317
CSB-9.SG,Hungary,Hungary_EarlyAvar.SG,1350.0,0.7000656127929688,0.5379594252612171,-0.11407857460804596,-1.0475380721981524
CSPF-114.SG,Hungary,Hungary_EarlyAvar.SG,1357.0,0.8770824074745178,0.5473078641603163,0.052037714467755465,-0.8104841824910065
CSPF-182.SG,Hungary,Hungary_MidAvar_oEastAsiaHigh.SG,1265.0,0.6647318601608276,0.5617208021772849,-0.022295987937334404,-1.0092378575068883
CSPF-213.SG,Hungary,Hungary_LateEarlyAvar.SG,1250.0,0.8766209483146667,0.48543065058474966,0.04426080353092625,-0.8355948601957367
CSPF-37.SG,Hungary,Hungary_MiddlEarlyAvar.SG,1300.0,0.8543235063552856,0.5874879762988906,-0.036856412137785094,-0.8442392404177712
CSU-11.SG,Hungary,Hungary_Conqueror_Elite.SG,1000.0,0.8489026427268982,0.6364015877466925,-0.3197133655701779,-1.040681254658504
DK-701.SG,Hungary,Hungary_EarlyAvar_Elite.SG,1305.0,0.7540642023086548,0.5265766458414449,0.025152607026867044,-1.1316492495969577
FGD-4.SG,Hungary,Hungary_EarlyAvar_Elite.SG,1365.0,0.7565240859985352,0.5270346986989858,0.060219057827082624,-0.9268018045059576
FU-193.SG,Hungary,Hungary_EarlyAvar.SG,1227.0,0.91217041015625,0.5246869243951162,-0.027601954498254127,-0.9795973196151531
FU-215.SG,Hungary,Hungary_EarlyAvar.SG,1227.0,0.926864504814148,0.5281871840201048,0.04393208568009412,-0.8730232099591685
HC-168.SG,Hungary,Hungary_EarlyAvar.SG,1285.0,0.7617705464363098,0.5924988567066451,-0.12081127456018027,-1.0500087820572115
HGO-26.SG,Hungary,Hungary_LN_Tisza.SG,6700.0,0.5402116775512695,0.5469408979737848,-0.09132763586107982,-0.9735804974285663
HH-10.SG,Hungary,Hungary_LateEarlyAvar.SG,1231.0,0.7394545078277588,0.5578849846252469,-0.027739529161618173,-1.0181107560984919
HH-102.SG,Hungary,Hungary_MidAvar.SG,1288.0,0.8522124290466309,0.5267481182246357,-0.33999223229238973,-1.047338351317965
HH-22.SG,Hungary,Hungary_LateEarlyAvar.SG,1250.0,0.9348644614219666,0.5914032755291827,-0.030838884477571597,-1.0806852155058473
HMSZ-157.SG,Hungary,Hungary_Conqueror_Commoner.SG,950.0,0.6900932788848877,0.5819784575674427,-0.15436490346773585,-1.0770208871644442
HMSZ-229.SG,Hungary,Hungary_Conqueror_Commoner.SG,950.0,0.8334551453590393,0.44664870730463,0.018330484690239363,-1.330827331941697
HMSZ-231.SG,Hungary,Hungary_Conqueror_Commoner.SG,950.0,0.8831042051315308,0.5841666272016054,-0.02678830930797195,-0.8169050364382133
HMSZ-245.SG,Hungary,Hungary_Conqueror_Commoner.SG,950.0,0.8325564861297607,0.4546495553083563,-0.09301543886993023,-1.3330498466228908
HMSZ-43.SG,Hungary,Hungary_Conqueror_Commoner.SG,1022.0,0.6849943995475769,0.5468595785169572,-0.07821526116745366,-1.0728718854373978
HMSZ-5.SG,Hungary,Hungary_Conqueror_Commoner.SG,1016.0,0.6666588187217712,0.564060981479793,-0.22688515069616258,-1.0024568467787125
HMSZ-50.SG,Hungary,Hungary_Conqueror_Commoner.SG,1021.0,0.4339329898357391,0.5654657950341188,-0.10839552786016489,-1.0534447128013424
HMSZ-86.SG,Hungary,Hungary_Conqueror_Commoner.SG,950.0,0.7165123224258423,0.5494954718246142,-0.0630801003894969,-0.953963002497853
HMSZ-88.SG,Hungary,Hungary_Conqueror_Commoner.SG,950.0,0.824077308177948,0.6060974767540211,-0.18906929929773264,-1.0209582375772919
IBE-106.SG,Hungary,Hungary_EarlyArpadian.SG,900.0,0.6568600535392761,0.5206195264670829,-0.1260779233286848,-1.000808344164125
IBE-107.SG,Hungary,Hungary_EarlyArpadian.SG,900.0,0.7435428500175476,0.5416569263604651,-0.19474825375296237,-1.1137405707467658
IBE-116.SG,Hungary,Hungary_EarlyArpadian.SG,900.0,0.8591555953025818,0.6083619768428455,-0.28716032932790636,-1.191091185551442
IBE-154.SG,Hungary,Hungary_Conqueror_Commoner.SG,1000.0,0.7021921277046204,0.6360446997712254,-0.09779542891828572,-1.0730254223367628
IBE-161.SG,Hungary,Hungary_Conqueror_Commoner.SG,1000.0,0.9778704643249512,0.54074421060768,-0.16974859608407084,-1.1061542675677962
IBE-176.SG,Hungary,Hungary_Conqueror_Commoner.SG,944.0,0.7705652713775635,0.5395239318802862,-0.1657144916375297,-1.2250760204241447
IBE-206.SG,Hungary,Hungary_Conqueror_Commoner.SG,1000.0,0.641244649887085,0.5397870758308686,-0.1247234330263537,-1.0460658358504344
IBE-90.SG,Hungary,Hungary_EarlyArpadian.SG,900.0,0.6108435392379761,0.5159453038180284,-0.09533341292644357,-1.1285156710797022
JHT-130.SG,Hungary,Hungary_LateEarlyAvar.SG,1150.0,0.6834242343902588,0.5544992750013565,-0.06970335396542471,-1.118169460535518
JHT-154.SG,Hungary,Hungary_MidLateEarlyAvar.SG,1250.0,0.7530310153961182,0.5827289032307663,-0.08234234508627811,-1.0878776031959376
JHT-30.SG,Hungary,Hungary_LateEarlyAvar.SG,1121.0,0.7556846737861633,0.6260974119540447,-0.10683326419616605,-1.0090140212800918
K1-1.SG,Hungary,Hungary_Conqueror_Elite.SG,1025.0,0.6932019591331482,0.566614432070801,-0.14066322366763565,-1.1324375231948394
K1-10.SG,Hungary,Hungary_Conqueror_Elite.SG,1025.0,0.8811245560646057,0.54610851204621,0.04117618303425842,-0.907090317081094
K1-3286.SG,Hungary,Hungary_Conqueror_Elite.SG,1025.0,0.8447672724723816,0.6649865901229328,-0.008431164802775226,-0.7720517530557421
K2-16.SG,Hungary,Hungary_Conqueror_Elite.SG,1025.0,0.7386816143989563,0.5341599251628896,-0.08681420388448692,-0.973439631101747
K2-18.SG,Hungary,Hungary_Conqueror_Elite.SG,970.0,0.6764640808105469,0.5595492885294928,-0.03797232848882837,-1.0106678715534605
K2-26.SG,Hungary,Hungary_Conqueror_Elite.SG,970.0,0.1640339493751526,0.5538679362467901,-0.13005407013432885,-1.0422784487323349
K2-29.SG,Hungary,Hungary_Conqueror_Elite.SG,970.0,0.8804610967636108,0.5176381986501826,-0.054863514709763306,-0.9193533573186548
K2-33.SG,Hungary,Hungary_Conqueror_Elite_oEurope.SG,970.0,0.8936977982521057,0.5349527556834033,-0.22828203296117086,-1.0383277698268718
K2-52.SG,Hungary,Hungary_Conqueror_Elite.SG,1025.0,0.6578357219696045,0.6317367136763545,-0.048326756020263414,-1.0465127601709316
K2-61.SG,Hungary,Hungary_Conqueror_Elite.SG,1025.0,0.7665417790412903,0.5641965765482853,-0.1969808940267726,-1.0229578660676517
K3-12.SG,Hungary,Hungary_Conqueror_Elite.SG,970.0,0.8600906729698181,0.5738402766503846,-0.1040369940215455,-0.9997519357801526
K3-13.SG,Hungary,Hungary_Conqueror_Elite.SG,970.0,0.7451364994049072,0.5612438170238615,-0.11458399447980298,-1.0409781249011554
K3-6.SG,Hungary,Hungary_Conqueror_Elite.SG,970.0,0.3510287404060364,0.541182360230678,-0.08079441224010407,-1.0666665393313042
KD-16.SG,Hungary,Hungary_MidAvar_oEastAsiaMedium.SG,1200.0,0.9068022966384888,0.4931458211083621,-0.09851986747528804,-0.9116296993671001
KD-29.SG,Hungary,Hungary_MidLateEarlyAvar_twin.OBH52.SG,1241.0,0.8777466416358948,0.6038073142115685,-0.08919830336288227,-1.1467495506898158
KDA-188.SG,Hungary,Hungary_MidAvar.SG,1244.0,0.9272870421409608,0.5283136974459832,-0.08506261267807,-0.978977263024583
KDA-485.SG,Hungary,Hungary_MidAvar.SG,1270.0,0.9038785696029664,0.3620021229204815,-0.1695395108097314,-1.273472344139794
KDA-517.SG,Hungary,Hungary_MidAvar.SG,1270.0,0.7940338253974915,0.5077790084186764,-0.21228865919817455,-1.2038927995195454
KDA-520.SG,Hungary,Hungary_MidAvar.SG,1270.0,0.8085526823997498,0.5558718457838511,-0.0066844948721997,-1.0084655688670714
KeF1-10936.SG,Hungary,Hungary_Conqueror_Elite.SG,970.0,0.9097341299057008,0.5740794759677549,-0.046978781140271486,-0.9960360685174287
KeF2-1045.SG,Hungary,Hungary_Conqueror_Elite.SG,970.0,0.2020838409662246,0.5734978944782749,-0.05583882950472968,-1.0374089018458064
KFP-30a.SG,Hungary,Hungary_EarlyAvar.SG,1305.0,0.7609911561012268,0.5573019196852893,0.015888066457637528,-0.8860598321251985
KFP-31.SG,Hungary,Hungary_EarlyAvar.SG,1300.0,0.6343931555747986,0.5223724277956538,0.005525458078391633,-0.9954888250276099
KFP-6.SG,Hungary,Hungary_EarlyAvar_Elite.SG,1305.0,0.709963321685791,0.5572259668240607,-0.018224343998398555,-0.9946223361863008
KFP-7.SG,Hungary,Hungary_EarlyAvar_Elite.SG,1367.0,0.6609435677528381,0.5223357229459814,-0.0071601021096127865,-0.9220426305816367
KH-500.SG,Hungary,Hungary_Conqueror_Elite.SG,975.0,0.5288249254226685,0.556586606610433,-0.15241502993077866,-1.0367160307372894
KH-596.SG,Hungary,Hungary_Conqueror_Elite.SG,975.0,0.8314957022666931,0.5267692397604442,-0.21080792650643856,-1.315918914839788
KK1-245.SG,Hungary,Hungary_MidLateEarlyAvar.SG,1243.0,0.7915050387382507,0.4129720036211158,-0.37835503994051684,-0.9553461907581553
KK1-251.SG,Hungary,Hungary_LateEarlyAvar.SG,1243.0,0.931265950202942,0.5465262031580178,-0.15582231178837358,-0.9988937554120793
KK1-252.SG,Hungary,Hungary_LateEarlyAvar.SG,1270.0,0.7638532519340515,0.5636507104506842,-0.31815564970275595,-1.1402594914749484
KK1-368.SG,Hungary,Hungary_LateEarlyAvar.SG,1230.0,0.8722786903381348,0.480930700595621,-0.08502111066774985,-1.0545656317899075
KK2-429.SG,Hungary,Hungary_MidLateEarlyAvar.SG,1175.0,0.5590614080429077,0.5553166366301714,-0.006219041744893288,-1.0358214262755807
KK2-441.SG,Hungary,Hungary_LateEarlyAvar.SG,1175.0,0.7109981775283813,0.5833137308237183,-0.05156856371451992,-1.088783113901878
KK2-445.SG,Hungary,Hungary_LateEarlyAvar.SG,1175.0,0.821204662322998,0.5931525379167,-0.06948546614658878,-0.9573974589312582
KK1-541.SG,Hungary,Hungary_LateEarlyAvar.SG,1270.0,0.8037604093551636,0.46821684227178584,-0.13085865338546251,-1.1558095176505843
KK2-670.SG,Hungary,Hungary_LateEarlyAvar.SG,1175.0,0.93158221244812,0.5194562769219018,0.03644793103861097,-0.8936217684648273
KMT-2785.SG,Hungary,Hungary_Hun.SG,1509.0,0.8737620711326599,0.5647592563181035,0.019876751665532537,-0.9666681289228886
KPM-14.SG,Hungary,Hungary_EarlyMidAvar.SG,1310.0,0.8188397288322449,0.4929032624436055,-0.296646347490096,-0.9698823952609773
KPM-23.SG,Hungary,Hungary_MidAvar.SG,1228.0,0.5080814361572266,0.592509331026015,-0.13077771926296863,-1.0486438232961486
KPM-27.SG,Hungary,Hungary_MidLateEarlyAvar.SG,1250.0,0.86231529712677,0.6209606704770891,-0.1825679871813069,-1.2083610825674436
KV-3367.SG,Hungary,Hungary_MidAvar_Elite.SG,1265.0,0.3526118397712707,0.568297505571142,-0.09950275012078309,-1.0272622252315216
KV-3369.SG,Hungary,Hungary_EarlyAvar_Elite.SG,1417.0,0.515192449092865,0.5940949336085082,-0.009480681961795969,-0.9965240722772398
KV-3450.SG,Hungary,Hungary_LateEarlyAvar_Elite.SG,1260.0,0.6193584203720093,0.5628802160970322,-0.030617348543903865,-1.0539545981733238
KV-3456.SG,Hungary,Hungary_MidLateEarlyAvar_Elite.SG,1137.0,0.542557954788208,0.5240495208516838,-0.06706679260479675,-0.9876932151903796
LB-1432.SG,Hungary,Hungary_Conqueror_Elite.SG,1025.0,0.7620260119438171,0.5980711661866276,-0.08848735590190504,-0.903637407244418
MH-106.SG,Hungary,Hungary_EarlyArpadian.SG,900.0,0.581691324710846,0.5575614744025458,-0.10648299106951412,-1.0718975737336274
MH-107.SG,Hungary,Hungary_EarlyArpadian.SG,900.0,0.9316665530204772,0.5406007151072146,-0.033641490493522476,-0.9700522061836139
MH1-14.SG,Hungary,Hungary_Conqueror_Elite.SG,1000.0,0.7165828943252563,0.591838663115423,-0.015571720156156257,-1.0470406597396722
MH1-23.SG,Hungary,Hungary_Conqueror_Elite.SG,1000.0,0.2975378334522247,0.5973519609286085,-0.04285249326036201,-1.0308077645661442
MH-137.SG,Hungary,Hungary_EarlyArpadian.SG,900.0,0.1686867922544479,0.5169060493966062,-0.008792808691754998,-0.9764760291672834
MH1-4.SG,Hungary,Hungary_Conqueror_Elite.SG,1000.0,0.7555127143859863,0.6020224400324671,-0.10852266291670754,-1.1125475515684697
MH-153.SG,Hungary,Hungary_EarlyArpadian.SG,900.0,0.8867311477661133,0.6219687070999639,-0.196384297125206,-1.1119639018367153
MH1-9.SG,Hungary,Hungary_Conqueror_Elite.SG,1000.0,0.5810587406158447,0.6532375527617572,-0.10000544080536923,-1.0852234306769795
MH-88.SG,Hungary,Hungary_EarlyArpadian.SG,900.0,0.7862780094146729,0.6627981275519867,-0.20382039218290518,-0.9522771018958679
MM-131.SG,Hungary,Hungary_EarlyAvar.SG,1325.0,0.7494997978210449,0.5449154792023533,-0.20989222405155392,-1.146900273458274
MM-151.SG,Hungary,Hungary_EarlyAvar.SG,1325.0,0.5852785110473633,0.6104474352240051,-0.1251468352041489,-1.0149338302437856
MM-240.SG,Hungary,Hungary_EarlyAvar.SG,1410.0,0.8344064354896545,0.5050637344955883,0.08390025134125645,-1.1345828887939633
MM-245.SG,Hungary,Hungary_EarlyAvar.SG,1391.0,0.7639781832695007,0.528701468734636,-0.03312757455054214,-0.8284884494683195
MM-61.SG,Hungary,Hungary_EarlyAvar.SG,1333.0,0.8301793932914734,0.4954575836675185,-0.030960326725956566,-1.0372305413625973
MM-80.SG,Hungary,Hungary_EarlyAvar.SG,1328.0,0.8301980495452881,0.477426595035922,0.02760211689020877,-0.9985416853982491
MM-83.SG,Hungary,Hungary_EarlyAvar.SG,1325.0,0.9528844952583312,0.6483235545532025,-0.13095973892140625,-0.9951228997517955
MS-43.SG,Hungary,Hungary_EarlyAvar.SG,1305.0,0.7201967835426331,0.4970065610843057,-0.10739363090823191,-1.0494992040595141
MS-45.SG,Hungary,Hungary_EarlyAvar.SG,1322.0,0.6156439781188965,0.5959944502755639,-0.16492507217141142,-1.0056842701608273
MS-50.SG,Hungary,Hungary_MidAvar.SG,1270.0,0.6587562561035156,0.5273085112012637,-0.1391857064177992,-1.099439457468495
MSG-1.SG,Romania,Romania_Hun_oEastAsian_identical.to.data.from.ASZK1.SG,1476.0,0.7690802812576294,-0.2639649348053561,0.18506288561800718,-0.1741474417582128
MT-17.SG,Hungary,Hungary_MidAvar.SG,1265.0,0.896911084651947,0.5961875462305106,-0.3205517251799654,-1.1211782665210328
MT-23.SG,Hungary,Hungary_MidAvar_oEastAsiaMedium.SG,1265.0,0.5300374031066895,0.604137353751589,-0.08691237393787586,-1.0585292130914954
MT-29.SG,Hungary,Hungary_EarlyAvar.SG,1290.0,0.5505375862121582,0.6231645292411362,-0.06499681128460412,-1.000894723697777
MT-74.SG,Hungary,Hungary_MidAvar_oEastAsiaHigh.SG,1286.0,0.8230910897254944,0.5853155727225385,-0.03151205657654346,-0.9034436806860494
NK-2.SG,Hungary,Hungary_Conqueror_Elite.SG,1000.0,0.9329179525375366,0.4863390096203271,-0.10299014437222262,-1.1293398221342201
NTH-1.SG,Hungary,Hungary_Conqueror_Commoner.SG,975.0,0.7114142179489136,0.5817117524884556,-0.02656967973430428,-1.1009554986388639
NTH-19.SG,Hungary,Hungary_Conqueror_Commoner.SG,975.0,0.6065086126327515,0.5550318369834633,-0.06541245060421615,-1.0553460838939444
NTH-2.SG,Hungary,Hungary_Conqueror_Commoner.SG,1008.0,0.6869935393333435,0.584290533349059,-0.05876223061872475,-1.0979239196218826
NTH-20.SG,Hungary,Hungary_Conqueror_Commoner.SG,975.0,0.6418439745903015,0.6118942256856319,-0.15010744002736184,-1.0271239819383546
OBH-37.SG,Hungary,Hungary_LateEarlyAvar.SG,1228.0,0.8549123406410217,0.6297259974283321,-0.20386505690370127,-1.0356865123094339
OBH-52.SG,Hungary,Hungary_MidLateEarlyAvar.SG,1200.0,0.8797579407691956,0.6098678530004477,-0.21371406446914606,-1.1120120256210955
OBT-106.SG,Hungary,Hungary_LateEarlyAvar.SG,1250.0,0.4948115050792694,0.5112515388539572,-0.029313724932426975,-1.1078901666041798
OBT-108.SG,Hungary,Hungary_LateEarlyAvar.SG,1250.0,0.9145832061767578,0.48675310998505866,-0.12311149910997583,-1.1053001418321933
OBT-3.SG,Hungary,Hungary_LateEarlyAvar.SG,1200.0,0.914493203163147,0.6512693847255685,-0.10022678706289968,-1.1091272983433837
OBT-51.SG,Hungary,Hungary_LateEarlyAvar.SG,1230.0,0.9170852303504944,0.48049084280918225,-0.09068110487904785,-0.9445774867459636
OBT-56.SG,Hungary,Hungary_LateEarlyAvar.SG,1200.0,0.8425888419151306,0.5248685203283721,-0.1213598427391771,-1.2144021558213316
PLE-115.SG,Hungary,Hungary_EarlyArpadian.SG,925.0,0.7054151296615601,0.5228358749137664,-0.1166965638525978,-1.0716315637418405
PLE-195.SG,Hungary,Hungary_Conqueror_Commoner.SG,975.0,0.3215375542640686,0.5237024327565455,-0.09849840504108273,-1.0400013128368308
PLE-200.SG,Hungary,Hungary_Conqueror_Commoner.SG,1007.0,0.708045244216919,0.5290201837787959,-0.01736242820149307,-1.0207767277384292
PLE-216.SG,Hungary,Hungary_Conqueror_Commoner_oEastAsia.SG,975.0,0.9110050201416016,0.5474397021236054,-0.02120848587780596,-1.0381809798413595
PLE-23.SG,Hungary,Hungary_Conqueror_Commoner.SG,975.0,0.9116724729537964,0.5489714365921792,-0.18127903217337257,-1.2046001631753844
PLE-28.SG,Hungary,Hungary_Conqueror_Commoner.SG,975.0,0.5885428786277771,0.47248830672238734,-0.1512210486251804,-1.052368566491371
PLE-327.SG,Hungary,Hungary_EarlyArpadian.SG,900.0,0.7266703844070435,0.5754208345587211,-0.07696553215308347,-1.0860553224107803
PLE-38.SG,Hungary,Hungary_Conqueror_Commoner.SG,1003.0,0.9165856242179872,0.6482267140494608,-0.012539833726429863,-1.0566943818306782
PLE-384.SG,Hungary,Hungary_EarlyArpadian.SG,870.0,0.856583833694458,0.6561514981390232,-0.3652405632229279,-1.1084472018602083
PLE-418.SG,Hungary,Hungary_EarlyArpadian.SG,870.0,0.8846370577812195,0.5595709947782831,-0.027875758225380534,-0.9279724042129818
PLE-441.SG,Hungary,Hungary_EarlyArpadian.SG,900.0,0.9759159088134766,0.5600607741450466,-0.05471076552818273,-1.0801202372354919
PLE-57.SG,Hungary,Hungary_Conqueror_Commoner.SG,975.0,0.9010480642318726,0.6000286981665314,-0.2358567877862178,-1.1836905064491223
PLE-95.SG,Hungary,Hungary_EarlyArpadian.SG,925.0,0.7869649529457092,0.5738214960774953,-0.1043582113307121,-0.9289256327578109
PV-116.SG,Hungary,Hungary_MidAvar.SG,1191.0,0.9464336633682252,0.6260919550082293,-0.05343738665116327,-0.9247946907474012
PV-12.SG,Hungary,Hungary_LateEarlyAvar.SG,1200.0,0.907014787197113,0.5869001350602934,-0.10855545888839514,-1.1396104675337824
PV-125.SG,Hungary,Hungary_MidAvar.SG,1417.0,0.7451551556587219,0.4990766350272865,-0.120606205021096,-1.0244630171785818
PV-200.SG,Hungary,Hungary_LateEarlyAvar.SG,1223.0,0.9379065632820128,0.5868713668789942,-0.037433109362554715,-1.0837305521077394
PV-205.SG,Hungary,Hungary_LateEarlyAvar.SG,1226.0,0.9720278978347778,0.5696170352595955,-0.08864450535779922,-1.0696581353841237
SE-114.SG,Hungary,Hungary_Conqueror_Elite.SG,970.0,0.9201257228851318,0.4493027258468537,-0.14945440366048582,-1.1165364454776596
SE-16.SG,Hungary,Hungary_Conqueror_Elite.SG,1015.0,0.8757904171943665,0.5315186653919654,-0.06586692993780972,-0.9008846280778421
SE-23.SG,Hungary,Hungary_Conqueror_Elite.SG,970.0,0.9608917236328124,0.535206506685327,-0.03435180796385371,-1.0248508783519836
SE-64.SG,Hungary,Hungary_Conqueror_Elite.SG,970.0,0.7603885531425476,0.5173001135336056,-0.13039934095768413,-1.1664766624095502
SEI-1.SG,Hungary,Hungary_Hun.SG,1513.0,0.6942887306213379,0.5891176354099132,-0.11323564462027272,-1.0877091705602526
SEI-5.SG,Hungary,Hungary_Hun.SG,1513.0,0.7040663957595825,0.5910110560023767,-0.0778566285347806,-1.0817660319075948
SEI-6.SG,Hungary,Hungary_Hun.SG,1513.0,0.7448210120201111,0.5930423673898649,-0.2505541342155109,-1.084296794798835
SEO-3.SG,Hungary,Hungary_Conqueror_Elite.SG,1000.0,0.5586988925933838,0.5697196085317262,-0.04385882720267269,-1.1254663897471915
SEO-4.SG,Hungary,Hungary_Conqueror_Elite.SG,1000.0,0.7216022610664368,0.49405382907237066,-0.08188566895321243,-1.0417557473008376
SH-103.SG,Hungary,Hungary_Conqueror_Commoner.SG,1000.0,0.7241796851158142,0.5572593576784614,-0.01688251420889019,-1.052623445033754
SH-106.SG,Hungary,Hungary_Conqueror_Commoner.SG,1000.0,0.8557922840118408,0.5672401915790233,-0.386284892546791,-1.2324364477058656
SH-12.SG,Hungary,Hungary_Conqueror_Commoner.SG,1000.0,0.6109967827796936,0.5895837738812697,-0.17238332505322018,-1.1028450550723423
SH-143.SG,Hungary,Hungary_Conqueror_Commoner.SG,1000.0,0.7678807973861694,0.5040563479488103,-0.03695655891277583,-1.0701282472269733
SH-175.SG,Hungary,Hungary_Conqueror_Commoner.SG,1000.0,0.7978309988975525,0.5274023568976015,-0.3059267949450672,-1.1977858627098503
SH-182.SG,Hungary,Hungary_Conqueror_Commoner.SG,1000.0,0.7037217020988464,0.5303852936480709,-0.0798845992175379,-1.1222792673868984
SH-251.SG,Hungary,Hungary_Conqueror_Commoner.SG,975.0,0.7067257165908813,0.5595634728862141,-0.0933994262758857,-1.0001718028538953
SH-41.SG,Hungary,Hungary_Conqueror_Commoner.SG,975.0,0.8160797953605652,0.6476875516501723,-0.15549928625033527,-1.224795804409192
SH-81.SG,Hungary,Hungary_Conqueror_Commoner.SG,975.0,0.5295856595039368,0.5849952427237994,-0.1889852917664181,-1.1271633820753284
SH-98.SG,Hungary,Hungary_Conqueror_Commoner.SG,1000.0,0.7892852425575256,0.7429019961443968,-0.32552706104425416,-1.1214232365439116
SO-5.SG,Hungary,Hungary_Conqueror_Elite.SG,1000.0,0.8739907741546631,0.5020686147836677,-0.005632979152633742,-0.9818314014031309
SP-10.SG,Hungary,Hungary_Conqueror_Elite.SG,970.0,0.737129271030426,0.5691532166030778,0.017966946457287514,-1.0130285025850738
SP-2.SG,Hungary,Hungary_Conqueror_Elite.SG,970.0,0.5154146552085876,0.5600789493156128,-0.10357339989400494,-1.0614964654104413
SP-9.SG,Hungary,Hungary_Conqueror_Elite.SG,970.0,0.8576697707176208,0.6643794135560316,-0.10151778362536393,-1.0478688545371657
SSD-144.SG,Hungary,Hungary_MidAvar.SG,1265.0,0.8760434985160828,0.5252994699167888,-0.10820749657168471,-1.0276957533443636
SSD-151.SG,Hungary,Hungary_MidAvar.SG,1265.0,0.7203240990638733,0.6467068055121131,-0.11916592711274117,-1.122587408752988
SSD-17.SG,Hungary,Hungary_EarlyAvar.SG,1305.0,0.6656183004379272,0.48927092024042074,-0.10898485056857403,-1.042094624843494
SSD-198.SG,Hungary,Hungary_MidAvar.SG,1265.0,0.5278427600860596,0.619964399272712,-0.1519386902087297,-0.9709101124581363
SSD-35.SG,Hungary,Hungary_MidAvar_oEastAsiaHigh.SG,1259.0,0.5494703054428101,0.5651303752499898,-0.00862555547980806,-1.0644954328504408
SSD-58.SG,Hungary,Hungary_EarlyAvar.SG,1305.0,0.6461602449417114,0.5588237199767015,-0.11863266545724464,-1.0090840073183018
SZA-154.SG,Hungary,Hungary_Conqueror_Commoner.SG,1011.0,0.8803978562355042,0.5278138412490779,0.016212377549939993,-0.9326129675384404
SZA-20.SG,Hungary,Hungary_Conqueror_Commoner.SG,1000.0,0.8073418736457825,0.5578391090260064,-0.08401643206442752,-1.1221528317794058
SZA-29.SG,Hungary,Hungary_Conqueror_Commoner.SG,1000.0,0.8605408072471619,0.5672829222818434,-0.26719782685294613,-1.2215678299048391
SZA-44.SG,Hungary,Hungary_Conqueror_Commoner.SG,1000.0,0.9149489998817444,0.5410584597020895,-0.07372437008930384,-1.2504105398806764
SZA-52.SG,Hungary,Hungary_Conqueror_Commoner.SG,1000.0,0.9312999844551086,0.5270716414157159,-0.13690548271021205,-0.8916215117311542
SZA-7.SG,Hungary,Hungary_Conqueror_Commoner.SG,1000.0,0.912242591381073,0.5905131674248931,-0.03291705899547856,-1.2655901265096108
SZAK-1.SG,Hungary,Hungary_Conqueror_Elite.SG,1000.0,0.2475651055574417,0.5656701361999598,-0.09010438675026369,-1.0249984883792083
SZAK-4.SG,Hungary,Hungary_Conqueror_Elite.SG,1000.0,0.6937801837921143,0.5707216302743828,-0.11524672470510554,-1.1344296017046236
SZAK-6.SG,Hungary,Hungary_Conqueror_Elite.SG,1000.0,0.5789103507995605,0.5893453540991702,-0.010323344070048195,-1.1187180495206062
SZAK-7.SG,Hungary,Hungary_Conqueror_Elite.SG,1000.0,0.5833588242530823,0.5651094418033945,-0.0737888797398827,-0.9694507287663701
SZF-181.SG,Hungary,Hungary_EarlyAvar.SG,1267.0,0.8724652528762817,0.6746037194781705,-0.03365824069807393,-1.1217745661254976
SZF-371.SG,Hungary,Hungary_EarlyAvar.SG,1288.0,0.8128746151924133,0.6939392280485921,-0.13596432599251332,-1.1099467638376848
SZF-43.SG,Hungary,Hungary_EarlyAvar.SG,1300.0,0.7354058623313904,0.5739526240698201,-0.182338957384657,-1.1195677727114313
SZK-102.SG,Hungary,Hungary_EarlyAvar.SG,1300.0,0.8451322317123413,0.4757291824524694,-0.1458782577743924,-1.014002737554897
SZK-130.SG,Hungary,Hungary_LateEarlyAvar.SG,1200.0,0.8721692562103271,0.5337160275299524,-0.05831366550698129,-1.0406496368158993
SZK-180.SG,Hungary,Hungary_MidAvar.SG,1275.0,0.9210365414619446,0.47232727345449654,-0.01900338925492513,-1.131410461172428
SZK-213.SG,Hungary,Hungary_EarlyAvar.SG,1300.0,0.8401193022727966,0.7004383169894864,-0.05795493868810222,-0.9775030256149394
SZK-83.SG,Hungary,Hungary_MidAvar.SG,1275.0,0.5135688185691833,0.5923891534229435,-0.10862651901073206,-1.1037636114621179
SZKT-265.SG,Hungary,Hungary_LateEarlyAvar.SG,1200.0,0.537765622138977,0.5295216910439484,-0.0946377951553816,-1.029147249412045
SZKT-311.SG,Hungary,Hungary_LateEarlyAvar.SG,1263.0,0.942758083343506,0.48102043161352664,-0.14386991670324867,-0.9946379638595665
SZKT-62.SG,Hungary,Hungary_LateEarlyAvar.SG,1200.0,0.8827400803565979,0.6431870847864869,-0.1888346931408905,-0.9440668478015117
SZKT-70.SG,Hungary,Hungary_LateEarlyAvar.SG,1200.0,0.9634845852851868,0.5219377323778139,-0.19103152561679887,-1.0709708548234276
SZKT-89.SG,Hungary,Hungary_LateEarlyAvar.SG,1227.0,0.927759051322937,0.5639722219781914,-0.033270157993577805,-0.9838531652719728
SZLA-646.SG,Hungary,Hungary_Hun.SG,1597.0,0.7013729810714722,0.5934364176369298,-0.05174665197514391,-1.025141708883414
SZM-24.SG,Hungary,Hungary_MidAvar.SG,1270.0,0.826474666595459,0.5696413056151407,-0.32337946273235607,-1.24521126045119
SZM-255.SG,Hungary,Hungary_MidAvar.SG,1240.0,0.9326763153076172,0.5572227440317633,-0.09679153106248889,-1.0215080082779997
SZM-259.SG,Hungary,Hungary_MidAvar.SG,1300.0,0.658360481262207,0.5897966759548833,-0.08602846379052526,-1.0728170273347641
SZM-332.SG,Hungary,Hungary_LateEarlyAvar.SG,1225.0,0.835208535194397,0.4076399797019115,-0.1107083716285432,-1.172134184270143
SZM-38.SG,Hungary,Hungary_MidAvar.SG,1300.0,0.8694993257522583,0.5076735343046073,-0.08579818180358251,-1.142650555163165
SZOD1-127.SG,Hungary,Hungary_EarlyAvar.SG,1325.0,0.7521412968635559,0.4484150034845751,-0.04324307396286521,-1.009152210843305
SZOD1-187.SG,Hungary,Hungary_EarlyAvar.SG,1300.0,0.8475880026817322,0.5431362813730496,-0.04864840138771496,-0.8013314793763492
SZOD1-554.SG,Hungary,Hungary_EarlyAvar.SG,1288.0,0.763643205165863,0.5253065789809945,-0.1273159163285986,-0.9493890584103815
SZOD1-76.SG,Hungary,Hungary_EarlyAvar.SG,1325.0,0.7814751267433167,0.5803909680391883,-0.06623318403000168,-1.1039008568992144
SZOD1-829.SG,Hungary,Hungary_EarlyAvar.SG,1288.0,0.8114334344863892,0.6866738012462216,-0.23229472280370286,-1.1108860916755852
SZOD-376.SG,Hungary,Hungary_Conqueror_Commoner.SG,875.0,0.6364198923110962,0.5034254302245432,-0.10392791699298155,-1.017339810541105
SZOD-394.SG,Hungary,Hungary_Conqueror_Commoner.SG,1000.0,0.8698026537895203,0.5079396855136309,-0.053334731684647134,-1.23958677783255
SZOD-426.SG,Hungary,Hungary_Conqueror_Commoner.SG,900.0,0.8418264985084534,0.5649846670437413,-0.0808038482007642,-0.8855510760047816
SZOD-566.SG,Hungary,Hungary_Conqueror_Commoner.SG,1000.0,0.8724782466888428,0.5629655304172689,0.007704795665004392,-1.0428468758587355
SZRV-147.SG,Hungary,Hungary_MidAvar_oEastAsiaMedium.SG,1275.0,0.9665753841400146,0.5566913579041488,-0.05952645272513172,-1.0204773088539982
SZRV-168.SG,Hungary,Hungary_LateEarlyAvar.SG,1263.0,0.9637911319732666,0.5896999095740114,-0.0811401567392388,-0.9958414017300533
SZRV-212.SG,Hungary,Hungary_LateEarlyAvar.SG,1200.0,0.8830377459526062,0.6441493554365921,-0.1567620636642617,-0.9273291824550709
SZRV-266.SG,Hungary,Hungary_LateEarlyAvar.SG,1162.0,0.7868368029594421,0.5837354752991221,-0.02441000815986025,-0.7540983322628722
SZRV-277.SG,Hungary,Hungary_LateEarlyAvar.SG,1200.0,0.8854351043701172,0.5785938362586638,-0.14337114037506418,-1.0029594504517545
SZRV-316.SG,Hungary,Hungary_LateEarlyAvar.SG,1200.0,0.8443771600723267,0.48937860135794464,-0.10429880979978519,-1.0307066129979146
SZRV-54.SG,Hungary,Hungary_EarlyAvar.SG,1300.0,0.8016671538352966,0.5652350931211207,0.05458450344689231,-0.9652676904766556
SZRV-67.SG,Hungary,Hungary_LateEarlyAvar.SG,1200.0,0.8617087006568909,0.616171692523982,-0.16425973495068144,-1.1912936670235943
TCS-18.SG,Hungary,Hungary_Conqueror_Elite.SG,963.0,0.6446647644042969,0.564542358946093,-0.11949743593053681,-1.1310724279977593
TCS-2.SG,Hungary,Hungary_Conqueror_Elite.SG,1150.0,0.6837705969810486,0.5238359621266122,-0.07858220990336443,-1.082458351568015
TCS-5.SG,Hungary,Hungary_Conqueror_Elite.SG,970.0,0.7025238275527954,0.5819582697682258,-0.122227381726825,-1.064958543156156
TMH-1273.SG,Hungary,Hungary_LateEarlyAvar.SG,1263.0,0.7359054684638977,0.5423943798854481,0.006337490482552703,-1.0834864833213944
TMH-199.SG,Hungary,Hungary_LateEarlyAvar.SG,1223.0,0.6818451881408691,0.5802991862133992,-0.14527073463452445,-1.1131262615952062
TMH-388.SG,Hungary,Hungary_MidAvar.SG,1275.0,0.9043716192245485,0.47605296858867674,-0.12360998894741206,-1.3107707905893804
TMH-509.SG,Hungary,Hungary_LateEarlyAvar.SG,1150.0,0.8743557333946228,0.386096562958659,-0.15147436201993927,-1.0927980254681766
TMH-756.SG,Hungary,Hungary_MidAvar.SG,1250.0,0.8072745203971863,0.5332286564644811,0.03644063342769558,-1.1303179905380452
TMH-798.SG,Hungary,Hungary_LateEarlyAvar.SG,1150.0,0.913917362689972,0.56293539713221,-0.12222546820311753,-1.1811610872404152
TTSZ-43.SG,Hungary,Hungary_LateEarlyAvar.SG,1132.0,0.7515841126441956,0.5501894914771753,-0.03388560943831289,-1.011396457555395
VM-33.SG,Hungary,Hungary_LN_Tisza.SG,6700.0,0.7029131054878235,0.5465983914424594,-0.15856594337561877,-1.0736086881903015
VPB-118.SG,Hungary,Hungary_EarlyArpadian.SG,950.0,0.5314412713050842,0.5623861393162096,-0.029785495220394666,-1.0767780375862026
VPB-167.SG,Hungary,Hungary_Conqueror_Elite.SG,1038.0,0.5768519639968872,0.559796577780601,-0.03856786684476524,-1.00142629332433
VPB-279.SG,Hungary,Hungary_Carolingian.SG,1100.0,0.0787623524665832,0.5560584107792462,-0.1200231837086018,-1.0466444338499632
VPB-307.SG,Hungary,Hungary_LateEarlyAvar_Elite.SG,1150.0,0.7710810899734497,0.49330904121464464,-0.0654495965858195,-0.9942726905669247
VPB-31.SG,Hungary,Hungary_LateEarlyAvar.SG,1150.0,0.7917369604110718,0.5896240878594161,-0.1332018998688103,-0.9521671236347351
VPB-310.SG,Hungary,Hungary_Conqueror_Elite.SG,1008.0,0.6483897566795349,0.57610486152263,-0.0327492098030597,-0.9621746387201298
VPB-588.SG,Hungary,Hungary_Conqueror_Commoner.SG,950.0,0.7501105070114136,0.481903232823405,-0.11779839470184958,-1.0797171130670022
VPB-600.SG,Hungary,Hungary_EarlyArpadian.SG,950.0,0.6425414681434631,0.62831271689772,-0.08791192387728518,-1.0837490320189629
VZ-12673.SG,Hungary,Hungary_Hun_oEastAsian.SG,1500.0,0.8278266191482544,0.5164597852685406,-0.07440543158151625,-1.033470810253126
CabecoArruda117B.SG,Portugal,Portugal_C.SG,5050.0,0.3182772696018219,-1.6884490787703075,0.2464196631646296,-0.4926446364734698
CabecoArruda122A.SG,Portugal,Portugal_C.SG,5050.0,0.8021975159645081,-1.652835536115599,0.22777131190103908,-0.4924916064390626
CovaMoura364.SG,Portugal,Portugal_LN_C.SG,4850.0,0.5497168302536011,-1.6401155514947998,0.2327267355384017,-0.47934049740516665
CovaMoura9B.SG,Portugal,Portugal_LN_C.SG,4750.0,0.9047374129295348,-1.6276569112308958,0.2361854656404159,-0.5186492434793787
DolmenAnsiao96B.SG,Portugal,Portugal_LN_C.SG,5450.0,0.8243635892868042,-1.627332727363137,0.2345816318576456,-0.5105348451663018
LugarCanto41.SG,Portugal,Portugal_MN.SG,5950.0,0.6352438926696777,-1.6494319769006176,0.23654216423476007,-0.48362029114766275
LugarCanto42.SG,Portugal,Portugal_MN.SG,5950.0,0.9207485914230348,-1.6473047464347779,0.2344912595746329,-0.4825836264801989
LugarCanto44.SG,Portugal,Portugal_MN.SG,5950.0,0.8422725200653076,-1.6471430766225228,0.2394291060887714,-0.48462520596130265
LugarCanto45.SG,Portugal,Portugal_MN.SG,5950.0,0.0719319283962249,-1.6638930862834398,0.24501550138349149,-0.4834043196902975
MonteGato104.SG,Portugal,Portugal_MBA.SG,3546.0,0.6025856733322144,-1.6687949385544054,0.23549804009776107,-0.494695288149779
TV32032extra.SG,Portugal,Portugal_MBA.SG,3550.0,0.5351452231407166,-1.6594245873878275,0.2534738378095784,-0.5015701484809127
TV3831.SG,Portugal,Portugal_MBA.SG,3550.0,0.5900683999061584,-1.649161271916834,0.23716209692454246,-0.4892431744309035
ValeOuro10207.SG,Portugal,Portugal_MBA.SG,3550.0,0.2100853770971298,-1.643969936738682,0.236050187635223,-0.5328125560608523
Popovo2.AG,Russia,Russia_Popovo_Mesolithic.AG,8200.0,0.0562102757394313,0.5193396024102862,-0.14080011337638187,-0.30026960695461
Donkalnis6.AG,Lithuania,Lithuania_EMN_Narva.AG,6569.0,0.797157883644104,-0.20492817172403155,-0.520758273154702,0.1336844985430035
Donkalnis7.AG,Lithuania,Lithuania_EMN_Narva.AG,7110.0,0.3893924951553345,-0.2266723249329837,-0.5479475020430236,0.12235233327081294
Gyvakarai1_10bp.AG,Lithuania,Lithuania_LN.AG,4495.0,0.956306219100952,-0.22118767755664331,-0.5600565807138814,0.11787536280577934
Kivisaare3.AG,Estonia,Estonia_EMN_Narva.AG,6594.0,0.148709699511528,0.2996807817221842,0.15605545649514735,-0.1828988813933564
Kivutkalns153.AG,Latvia,Latvia_BA.AG,2633.0,0.2079507708549499,0.13242547013484454,0.030235105895916006,0.025477508368331774
Kivutkalns164.AG,Latvia,Latvia_BA.AG,2423.0,0.0801605507731437,0.18637432830242162,0.026586097537160194,0.02477905795135261
Kivutkalns194.AG,Latvia,Latvia_BA.AG,2298.0,0.1113840639591217,0.17854094698541773,0.020545452898431134,0.021920820163349588
Kivutkalns19.AG,Latvia,Latvia_BA.AG,2433.0,0.7782764434814453,0.1638880977744198,0.02359250959480612,0.0390444813466494
Kivutkalns207.AG,Latvia,Latvia_BA.AG,2600.0,0.7813453674316406,0.16911592495968492,0.014750351122528716,0.027438489559348713
Kivutkalns209.AG,Latvia,Latvia_BA.AG,2616.0,0.6957063674926758,0.16074248075602451,0.011537663642848377,0.024102704960931403
Kivutkalns215.AG,Latvia,Latvia_BA.AG,2559.0,0.723457932472229,0.15227990725174645,0.035423387311320415,0.039017791137113615
Kivutkalns222.AG,Latvia,Latvia_BA.AG,2473.0,0.5488190054893494,0.183909511824477,0.015568075158190812,0.02799651366715595
Kivutkalns25.AG,Latvia,Latvia_BA.AG,2637.0,0.585223376750946,0.2029704521962262,0.024218628218536112,0.020564195711215302
Kivutkalns42.AG,Latvia,Latvia_BA.AG,2697.0,0.4982972741127014,0.1705163866199455,0.023802047235715103,0.02960010320055047
Kretuonas1.AG,Lithuania,Lithuania_EMN_Narva.AG,6123.0,0.2511636018753052,-0.20888619561132094,-0.573270249355089,0.13599358771158418
Kretuonas2.AG,Lithuania,Lithuania_EMN_Narva.AG,6150.0,0.5423333048820496,-0.1993791482234677,-0.5216549034139798,0.11748186478414974
Kretuonas4.AG,Lithuania,Lithuania_EMN_Narva.AG,6150.0,0.8484857678413391,-0.2384597639222116,-0.5238743810832689,0.10219898922381246
Kretuonas5.AG,Lithuania,Lithuania_EMN_Narva_twin.Kretuonas2.AG,6150.0,0.1622764766216278,-0.2224916836659979,-0.5575886913931564,0.10570367891576651
Kunila2.AG,Estonia,Estonia_CordedWare.AG,4416.0,0.3109683394432068,0.3109987674644113,0.14579713151737023,-0.1796951675514786
Kvarlov5164.AG,Sweden,Sweden_MN_TRB.AG,5746.0,0.3097980320453644,-1.2635247946105288,0.8130373445797563,-0.5849750423899793
Olsund.AG,Sweden,Sweden_LNBA.AG,4306.0,0.5826767683029175,-1.2196579777154304,0.8323090345457294,-0.5869665016522141
Plinkaigalis241.AG,Lithuania,Lithuania_LN.AG,4528.0,0.156081885099411,-0.23977090473061066,-0.5841982844243959,0.11376225491432188
Plinkaigalis242.AG,Lithuania,Lithuania_LN.AG,4842.0,0.7336865067481995,-0.18101953581756555,-0.5534663447855915,0.12413624196677597
Spiginas1.AG,Lithuania,Lithuania_EMN_Narva.AG,6263.0,0.8372206687927246,-0.2253659756432447,-0.5572075683585724,0.12490715883625693
Spiginas2.AG,Lithuania,Lithuania_LN_o.AG,3880.0,0.7531850934028625,-0.22020379216417188,-0.554257689932429,0.11652264492522026
Spiginas4.AG,Lithuania,Lithuania_Mesolithic.AG,8276.0,0.5653727650642395,-0.23899075165551223,-0.5186179687757019,0.12035853234927579
Tamula1.AG,Estonia,Estonia_MN_CCC_1.AG,5407.0,0.1352670192718505,0.28795090851788846,0.16302439427260837,-0.19289448303213777
Tamula3.AG,Estonia,Estonia_MN_CCC_2.AG,5666.0,0.1289086192846298,0.3179835420952242,0.16095823005436244,-0.19961878762340468
Turlojiske1932.AG,Lithuania,Lithuania_BA.AG,3036.0,0.0696943178772926,-0.21741431749519766,-0.5631448939271511,0.1177743680547851
Turlojiske1.AG,Lithuania,Lithuania_BA.AG,2819.0,0.1070953831076622,-0.23643011463795835,-0.5746394590498877,0.12248375472507832
Turlojiske3.AG,Lithuania,Lithuania_BA.AG,2846.0,0.3979779481887817,-0.213516732545331,-0.5599466276543624,0.12113190162166658
Turlojiske5.AG,Lithuania,Lithuania_BA.AG,3300.0,0.0500408336520195,-0.21105585791506473,-0.5607663161921361,0.11791754670663285
UzOO77.AG,Russia,Russia_YuzhniyOleniyOstrov_Mesolithic.AG,7200.0,0.4483780860900879,0.539792777582082,-0.11900450879894112,-0.2335650009239964
Veibri4.AG,Estonia,Estonia_EMN_Narva.AG,6760.0,0.4588491916656494,0.306174631228011,0.15820746298771324,-0.18056714230078735
AITI_119.AG,Germany,Germany_Lech_EBA.AG,3747.0,0.453521579504013,0.38977233505252956,0.13609314379210102,0.7970655508173156
AITI_120.AG.SG,Germany,Germany_Lech_EBA.AG.SG,3662.0,0.4308592081069946,0.2792223444966078,0.11872273601742686,0.749399183108689
AITI_2.AG,Germany,Germany_Lech_EBA.AG,3753.0,0.6418229341506958,0.27714307527760657,0.16091555549544992,0.7743686005077515
AITI_40.AG.SG,Germany,Germany_Lech_EBA.AG.SG,3746.0,0.1692220568656921,0.33505003549750323,0.09454607394261064,0.8120203491074557
AITI_43.AG,Germany,Germany_Lech_EBA.AG,3760.0,0.7386816143989563,0.27160662559042914,0.10394791105413714,0.7908583809619955
AITI_50.AG.SG,Germany,Germany_Lech_EBA.AG.SG,3773.0,0.2708576619625091,0.28582336771121974,0.14270640701026238,0.7879473194151643
AITI_70.AG.SG,Germany,Germany_Lech_EBA.AG.SG,3901.0,0.3153348863124847,0.2941168945811448,0.08322971249331569,0.7423747618024226
AITI_72.AG.SG,Germany,Germany_Lech_EBA.AG.SG,3776.0,0.6001777648925781,0.23852902649621482,0.13626970255204657,0.7893921117320681
AITI_78.AG.SG,Germany,Germany_Lech_EBA.AG.SG,3748.0,0.5648505091667175,0.2289339662081424,0.11559952196498129,0.754817898670772
AITI_98.AG.SG,Germany,Germany_Lech_EBA.AG.SG,3605.0,0.2786726355552673,0.30549025253768397,0.1083128712811881,0.8057231023424459
OBKR_80.AG,Germany,Germany_Lech_EBA.AG,4000.0,0.6189432144165039,0.31395840214956083,0.05606633743082034,0.731908856409863
OTTM_156.AG.SG,Germany,Germany_Lech_MBA.AG.SG,3448.0,0.114328883588314,0.3118793207620861,0.14076471187065284,0.8235322217285039
POST_28.AG,Germany,Germany_Lech_EBA.AG,3917.0,0.4068440496921539,0.219093198461497,0.1486980422210407,0.7354775253142662
POST_44.AG,Germany,Germany_Lech_EBA_contam.AG,4023.0,0.7361593246459961,0.3205152664045884,0.1278652767427763,0.7670933581548747
POST_47.AG,Germany,Germany_Lech_EBA.AG,3997.0,0.0511673428118228,0.25557574517734655,0.19717665626072575,0.8228553919461855
POST_50.AG,Germany,Germany_Lech_EBA_contam.AG,4045.0,0.6592039465904236,0.2938508871216775,0.08687792839489475,0.777586388425627
POST_6.AG,Germany,Germany_Lech_EBA.AG,3873.0,0.8098536133766174,0.3073111348888914,0.08956116229915506,0.7498381409179588
UNTA58_153.AG,Germany,Germany_Lech_EBA.AG,3839.0,0.1664905399084091,0.2693703606148252,0.09824800848394638,0.8218405423144719
UNTA58_68Sk1.AG,Germany,Germany_Lech_BellBeaker_oEEF.AG,4250.0,0.4742642641067505,0.2510264003472926,0.09633916239718586,0.8057410928685865
UNTA85_1343.AG,Germany,Germany_Lech_BellBeaker.AG,4208.0,0.6838622093200684,0.30400955477534897,0.11787372563594702,0.7775990047827127
UNTA85_1412.AG,Germany,Germany_Lech_EBA.AG,3910.0,0.2549535036087036,0.3389975349180082,0.06889684854802522,0.8240201117044591
WEHR_1192SkA.AG,Germany,Germany_Lech_BellBeaker.AG,4193.0,0.8105194568634033,0.3191994030119792,0.09920456743378027,0.7983364242551971
WEHR_1415child.AG,Germany,Germany_Lech_EBA_contam.AG,3902.0,0.4474973082542419,0.2825129040057897,0.07933427916924139,0.8094652431141326
R10337.SG,Italy,Italy_TarquiniaMonterozzi_IA_oLevant.SG,2028.0,0.6497166156768799,-1.0226931572669409,0.25264571451402695,0.4165226433508986
R10338.SG,Italy,Italy_TarquiniaMonterozzi_IA.SG,2328.0,0.6718882918357849,-1.0328590140430707,0.14495399549391072,0.4631407410525084
R10339.SG,Italy,Italy_TarquiniaMonterozzi_IA.SG,2054.0,0.4683949053287506,-1.083422128032482,0.18521087664643457,0.41859353523823767
R10340.SG,Italy,Italy_TarquiniaMonterozzi_IA.SG,2328.0,0.634154736995697,-1.0311180859323463,0.2393547592174682,0.4263729956499131
R10341.SG,Italy,Italy_TarquiniaMonterozzi_IA_oLevant.SG,2054.0,0.634415864944458,-0.9581123306959005,0.20917144606728408,0.3952564891725049
R10342.SG,Italy,Italy_TarquiniaMonterozzi_IA.SG,2044.0,0.6989309787750244,-1.0313997521461091,0.22449470977528618,0.4211151238385867
R10343.SG,Italy,Italy_TarquiniaMonterozzi_IA.SG,2328.0,0.6775086522102356,-1.0239186291576663,0.20523498073951152,0.39811616696458585
R10344.SG,Italy,Italy_TarquiniaMonterozzi_IA.SG,2592.0,0.4417650103569031,-1.0940735830272292,0.1825737439056521,0.4649536556103693
R10359.SG,Italy,Italy_TarquiniaMonterozzi_IA.SG,2224.0,0.6753456592559814,-1.0484976023837942,0.15122241961250238,0.3978021267864088
R10361.SG,Italy,Italy_TarquiniaMonterozzi_IA.SG,2328.0,0.8263862729072571,-0.9986593236225012,0.1846842732634623,0.34941953739042925
R10363.SG,Italy,Italy_TarquiniaMonterozzi_IA.SG,2253.0,0.6754065155982971,-0.9793880986829553,0.1764952979137514,0.33369052625646195
R11102.SG,Italy,Italy_PianSultano_BA.SG,3787.0,0.5101097822189331,-1.0558482484314549,0.2323390344660915,0.4316549591929238
R11104.SG,Italy,Italy_PianSultano_BA.SG,3719.0,0.6944290399551392,-0.9805213093141067,0.15154236048509936,0.3705346139214504
R11105.SG,Italy,Italy_PianSultano_BA.SG,3610.0,0.6945433616638184,-1.0944190766093962,0.2429571099072903,0.43605103390995353
R11107.SG,Italy,Italy_PianSultano_BA.SG,3719.0,0.4936793148517608,-1.0512112315484365,0.1748215621804049,0.3671317574527909
BOL001_antiquity1240k.AG,Russia,Russia_Davydovskoye_Antiquity.AG,1656.0,0.3820478916168213,0.5232193852126708,-0.10405175891839347,-0.28473884470232547
BOL002_antiquity1240k.AG,Russia,Russia_Davydovskoye_Antiquity.AG,1762.0,0.7173995971679688,0.5491426857844642,-0.1259553757325047,-0.2900380830943605
BOL003_antiquity1240k.AG,Russia,Russia_Davydovskoye_Antiquity.AG,1658.0,0.0961693003773689,0.5351599949041221,-0.1188866626177785,-0.25861327620525054
BOL004.AG,Russia,Russia_Davydovskoye_Antiquity.AG,1687.0,0.5561295747756958,0.5485855629849098,-0.10550520668489241,-0.2808731943767526
BOL005.AG,Russia,Russia_Davydovskoye_Antiquity.AG,1731.0,0.4749471545219421,0.533487360169325,-0.10280616087937687,-0.30151413577621616
BOL006.AG,Russia,Russia_Davydovskoye_Antiquity.AG,1758.0,0.6632955074310303,0.5473980138211932,-0.10794260147358832,-0.29640465178162045
BOL007.AG,Russia,Russia_Davydovskoye_Antiquity.AG,1577.0,0.7327335476875305,0.5078059040529617,-0.12296349134426876,-0.3010028007086119
BOL008.AG,Russia,Russia_Davydovskoye_Antiquity.AG,1661.0,0.7531996965408325,0.5150008125914864,-0.12397793063042781,-0.3345028131959102
BOL009.AG,Russia,Russia_Davydovskoye_Antiquity.AG,1655.0,0.720140814781189,0.539293540561874,-0.11005240201034142,-0.2904271464416437
GOS001.AG,Russia,Russia_Gorokhovets_Medieval.AG,793.0,0.4666325449943542,0.544980397852311,-0.11068972910048248,-0.27089370733960233
GOS002.AG,Russia,Russia_Gorokhovets_Medieval.AG,839.0,0.3285902142524719,0.518911604859822,-0.09378141778983776,-0.24939215758296351
GOS003.AG,Russia,Russia_Gorokhovets_Medieval.AG,860.0,0.1778926849365234,0.5446386660460842,-0.09372862606060126,-0.24227418115517654
KBL002.AG,Russia,Russia_Kibol_Modern.AG,163.0,0.7725830674171448,0.5282376259097543,-0.12715884760266954,-0.28197592927816834
KBL003.AG,Russia,Russia_Kibol_Modern.AG,222.0,0.2537451088428497,0.515823784384822,-0.10231216365350301,-0.26671602022017443
KED001.AG,Russia,Russia_Kideksha_Modern.AG,203.0,0.7139827609062195,0.553220381915899,-0.1157751942737596,-0.29179487334485305
KED002.AG,Russia,Russia_Kideksha_Modern.AG,178.0,0.5080344080924988,0.5113243252606829,-0.10128920284223722,-0.3006510134113947
KED003.AG,Russia,Russia_Kideksha_Modern.AG,316.0,0.7611971497535706,0.5339375709170563,-0.11809508342132871,-0.26983822066472984
KED004.AG,Russia,Russia_Kideksha_Medieval.AG,536.0,0.6542931795120239,0.5148288754014073,-0.10781444725163278,-0.2995306611733361
KRS001.AG,Russia,Russia_Krasnoe_Medieval.AG,521.0,0.7734087109565735,0.5521560439419381,-0.12098856218194294,-0.25946202548275066
SHE001.AG,Russia,Russia_Shekshovo9_EarlyMedieval.AG,1020.0,0.0822197347879409,0.5315449225546072,-0.10159652261138614,-0.23380847262201002
SHE002.AG,Russia,Russia_Shekshovo9_EarlyMedieval.AG,940.0,0.0520148612558841,0.5479363296453053,-0.11847496979936456,-0.2664754826687046
SHE003.AG,Russia,Russia_Shekshovo9_EarlyMedieval.AG,1109.0,0.6225343942642212,0.5334608849540843,-0.11983889533825422,-0.31026434261174074
SHE004.AG,Russia,Russia_Shekshovo9_EarlyMedieval.AG,1014.0,0.6997817754745483,0.5254027409828007,-0.1094367519696156,-0.27792045423076084
SHE005.AG,Russia,Russia_Shekshovo9_HighMedieval.AG,904.0,0.124808095395565,0.5481911373650981,-0.11957032401512706,-0.2531257823006056
SHE006.AG,Russia,Russia_Shekshovo9_HighMedieval.AG,938.0,0.5144333243370056,0.5063038588535115,-0.09716344799450054,-0.2745949400922573
SHE007.AG,Russia,Russia_Shekshovo9_HighMedieval.AG,825.0,0.1780005544424057,0.5245261205842406,-0.11238014911126747,-0.2730057426024684
SHE008.AG,Russia,Russia_Shekshovo9_HighMedieval.AG,602.0,0.2516461610794067,0.5522317750794916,-0.12028794538779317,-0.2619570486617596
SHE009.AG,Russia,Russia_Shekshovo9_HighMedieval.AG,604.0,0.5276821851730347,0.5113554928614683,-0.07845087571071047,-0.28332350533432776
SHK001.AG,Russia,Russia_Shekshovo2_Medieval.AG,743.0,0.4649659097194671,0.4987274455780559,-0.07711261038253717,-0.3522503366771173
SHK002.AG,Russia,Russia_Shekshovo2_Medieval.AG,771.0,0.2708698213100433,0.5508685191272122,-0.09535527606738098,-0.32272961244551607
DLV005.AG,Czechia,Czechia_Gravettian.AG,31015.0,0.6383217573165894,1.5568281814764915,-0.10936373744474172,0.14809498176206842
KVH002.AG,Russia,Russia_Mesolithic_Veretye.AG,8330.0,0.3900583386421203,0.535080889179471,-0.1144986240022704,-0.22837353376637648
MN2001.AG,Russia,Russia_Minino_Mesolithic.AG,10550.0,0.2718105912208557,0.5024209883925769,-0.09493142394433295,-0.3001349490222494
MN2002.AG,Russia,Russia_Minino_Mesolithic.AG,10657.0,0.5652008652687073,0.5140504876749588,-0.08713718580958231,-0.24985082118929072
UOO015.AG,Russia,Russia_YuzhniyOleniyOstrov_Mesolithic.AG,8125.0,0.146396666765213,0.5229266415463318,-0.10696222736072682,-0.2566060758452411
UOO025.AG,Russia,Russia_YuzhniyOleniyOstrov_Mesolithic.AG,8125.0,0.2066304236650467,0.5548993247500263,-0.11873380654615925,-0.28815076212490337
UOO029.AG,Russia,Russia_YuzhniyOleniyOstrov_Mesolithic.AG,8125.0,0.0613107904791832,0.5330313429572632,-0.12633069624971457,-0.2874364901399704
UOO037.AG,Russia,Russia_YuzhniyOleniyOstrov_Mesolithic.AG,8125.0,0.6335253715515137,0.5837136060757625,-0.12161769376519663,-0.239267605368304
UOO047.AG,Russia,Russia_YuzhniyOleniyOstrov_Mesolithic.AG,8220.0,0.4068448543548584,0.5460616859475788,-0.1171932066135418,-0.24731303244222766
UOO053.AG,Russia,Russia_YuzhniyOleniyOstrov_Mesolithic.AG,8125.0,0.2898225784301758,0.5411355495963962,-0.11425512245614049,-0.2618635141267208
VO1004.AG,Ukraine,Ukraine_N.AG,7458.0,0.2950715124607086,0.05832983052769818,0.8178452756393656,0.17077409490394982
AAT001.AG,Belgium,Belgium_Mesolithic.AG,10835.0,0.8645975589752197,-0.21238475576284344,0.004095364007916409,-0.14385346166206406
DOG004.AG,Netherlands,Netherlands_Doggerland_Mesolithic_contam.AG,10067.0,0.0792797803878784,0.4926816593158442,0.5535526685974134,-0.1952211208696336
BDB001.AG,Germany,Germany_Mesolithic.AG,8600.0,0.6839570999145508,0.18887731885410985,0.12179178923072169,0.6908861568358419
BOT005.AG,Germany,Germany_Mesolithic.AG,7548.0,0.0735085532069206,0.266080545311791,0.12946867558665495,0.7414028707382396
FLR001.AG,France,France_MN.AG,6414.0,0.4377285540103912,-0.3028967240289873,-0.015622143116152657,-0.493952956509034
FLR002.AG,France,France_MN.AG,5972.0,0.4406717419624328,-0.3463031683473191,-0.020177441356794158,-0.4484414553801407
FLR003.AG,France,France_MN.AG,6376.0,0.5851843953132629,-0.3271033038266843,-0.011221203426539664,-0.4595498674560498
FLR004.AG,France,France_MN.AG,6512.0,0.6180429458618164,-0.34572304684787547,-0.04452655808970859,-0.49783946576173116
FLR005.AG,France,France_MN.AG,6301.0,0.518063485622406,-0.2934316065626249,0.00014407411620977808,-0.4238236095556042
FLR007.AG,France,France_MN.AG,6326.0,0.6251848340034485,-0.32069464782329127,-0.024513436674564175,-0.4658235367922223
FLR010.AG,France,France_MN.AG,6345.0,0.2671739757061004,-0.33424034709632033,-0.029704042461055277,-0.48214154672009374
FLR013.AG,France,France_MN.AG,6356.0,0.310821533203125,-0.32278038337224296,0.015675364860957386,-0.41467652688719703
FLR014.AG,France,France_MN.AG,6426.0,0.3198165893554687,-0.3374431307575594,-0.040904799772870405,-0.46023702893957563
GRG003.AG,France,France_MN.AG,6450.0,0.6219212412834167,-0.2946555773313117,-0.05584033458423289,-0.46593942539214067
GRG008.AG,France,France_MN.AG,6450.0,0.5588351488113403,-0.3226859250670522,-0.020957768191928353,-0.463802918567328
GRG015.AG,France,France_MN_1d.rel.GLN215A.AG,6450.0,0.6549931168556213,-0.3085213854166419,-0.03105216677962202,-0.4597568016418764
GRG016.AG,France,France_MN_1d.rel.GLN319_brother.GLN260.GLN241.AG,6407.0,0.5498449802398682,-0.32658849351626046,-0.0003057685370826484,-0.44969986693517394
GRG018.AG,France,France_MN.AG,6593.0,0.3151548206806183,-0.2974958884859944,-0.014859695073119123,-0.47843812454691537
GRG019.AG,France,France_MN_1d.rel.GLN226.AG,6450.0,0.6370176076889038,-0.3074999556726644,-0.00450712897878484,-0.47951921563763983
GRG021.AG,France,France_MN_1d.rel.GLN268A.GLN267.GLN269.AG,6450.0,0.5952410697937012,-0.33814180558806395,-0.04192289178792104,-0.44951433019833276
GRG022.AG,France,France_MN.AG,6450.0,0.5737149715423584,-0.32390051742048726,0.030976136757731313,-0.47547913132647773
GRG023.AG,France,France_MN_father.or.son.GLN322_1d.rel.GLN270B.AG,6450.0,0.3230322897434234,-0.332950043773723,-0.023075128699859216,-0.458973045478821
GRG025.AG,France,France_MN.AG,6450.0,0.5799509286880493,-0.33749803398766937,-0.024302154032388754,-0.46762937492000556
GRG027.AG,France,France_MN_father.or.son.GLN266_father.GLN262.AG,6690.0,0.635960042476654,-0.32030600761746925,-0.03597004382507332,-0.45955500495750845
GRG028.AG,France,France_MN.AG,6671.0,0.5151227116584778,-0.3383685873657946,0.00015212204399356414,-0.4827823802281161
GRG032.AG,France,France_MN_1d.rel.GLN285B.AG,6088.0,0.6172611117362976,-0.2719163438774232,-0.04923295839572259,-0.518272494535573
GRG035.AG,France,France_MN_father.or.son.GLN250_1d.rel.GLN261.AG,6450.0,0.4940994083881378,-0.3224584927377916,0.012268148278285585,-0.47738071036968
GRG041.AG,France,France_MN_father.or.son.GLN275_1d.rel.GLN325.AG,6450.0,0.4779195487499237,-0.3138008382520761,0.007821949406069216,-0.4762932988423544
GRG043.AG,France,France_MN_father.or.son.GLN305_1d.rel.GLN300.GLN298.AG,6450.0,0.5772145390510559,-0.2507927330550094,0.027241312445674105,-0.4663829459186018
GRG047.AG,France,France_MN_1d.rel.GLN310B.AG,6450.0,0.3955789506435394,-0.32305756592016327,-0.004974223707821591,-0.488671753900973
GRG049.AG,France,France_MN.AG,6571.0,0.0720592588186264,-0.3363646315912304,-0.020877233540101778,-0.454111316830199
GRG050.AG,France,France_MN.AG,6450.0,0.3502761125564575,-0.28947448767805467,0.0062920065435229915,-0.5481317977385232
GRG052.AG,France,France_MN_father.or.son.GLN302.AG,6450.0,0.5071763396263123,-0.38293118614622307,-0.019337453990219466,-0.45129858827716296
GRG056.AG,France,France_MN.AG,6450.0,0.3909034132957458,-0.3228663756518518,0.01240235377569383,-0.476387127738919
GRG057.AG,France,France_MN_1d.rel.GLN202.GLN255.GLN224.GLN213.GLN212.AG,6615.0,0.4493010342121124,-0.33590459439902565,-0.0015455613042690461,-0.45701900218066654
HBS002.AG,Germany,Germany_EN_LBK.AG,6975.0,0.0541421696543693,0.23627544646809362,0.12775967793086668,0.6779073780736153
HBS004.AG,Germany,Germany_EN_LBK.AG,6975.0,0.0917792469263076,0.30213446363377244,0.1377151585134669,0.8206202617985214
HBS005.AG,Germany,Germany_EN_LBK.AG,6975.0,0.0622840151190757,0.25219722440461334,0.1532980590169026,0.748927181548034
HBS006.AG,Germany,Germany_EN_LBK.AG,6975.0,0.2215921431779861,0.28240618274468277,0.13525316673609056,0.7970902093097675
HBS007.AG,Germany,Germany_EN_LBK.AG,6975.0,0.1139996126294136,0.27531211922937365,0.09055031472269517,0.7688795116337115
HBS008.AG,Germany,Germany_EN_LBK.AG,6975.0,0.0988748669624328,0.28954481705687424,0.11317035075498659,0.7029882238815693
HBS009.AG,Germany,Germany_EN_LBK.AG,6975.0,0.2226310670375824,0.2754327265117816,0.10536029720604415,0.798771000888402
LBR001.AG,France,France_EN_MN.AG,6740.0,0.5814740061759949,-0.3714780869794477,-0.044600614931100756,-0.4816796994578026
LBR002.AG,France,France_EN_MN.AG,6991.0,0.5539454817771912,-0.34100161306157295,-0.05578247339856877,-0.4492326798904866
LBR003.AG,France,France_EN_MN.AG,6680.0,0.5601968765258789,-0.34135762129846137,-0.08713376589416144,-0.5447434309057123
LBR004.AG,France,France_EN_MN.AG,6797.0,0.5433340668678284,-0.3050283434760922,-0.023792641372995367,-0.49146556791895907
LBR005.AG,France,France_EN_MN_o.AG,7051.0,0.6593069434165955,-0.3521221051323881,0.00763022302116414,-0.4997451991396477
OBN001.AG,France,France_MN_o.AG,6609.0,0.2119612693786621,-0.3430026033084201,-0.02746689896144025,-0.4433551574944696
OBN002.AG,France,France_MN.AG,6700.0,0.354396104812622,-0.342191428286138,0.023963576627020658,-0.4448854826210578
OBN003.AG,France,France_MN_o.AG,6544.0,0.5065494179725647,-0.3210711863785855,0.0014052913212752424,-0.4572508950130633
OBN004.AG,France,France_MN.AG,6528.0,0.430883526802063,-0.2842939313873369,0.011080382788276784,-0.45423869063703387
OBN005.AG,France,France_MN.AG,6888.0,0.3735629618167877,-0.3060968990339106,-0.037018169321600826,-0.49345144226539733
OBN006.AG,France,France_MN.AG,7026.0,0.4500690698623657,-0.2957462288610517,0.015641082067858282,-0.46437408896429766
OBN007.AG,France,France_MN.AG,6377.0,0.4669934511184692,-0.3220600030573076,-0.015102602296126744,-0.46537043622786045
OBN008.AG,France,France_MN.AG,6543.0,0.7046349048614502,-0.2825252832082021,-0.025238261940893188,-0.4754205792040883
OBN009.AG,France,France_MN.AG,6398.0,0.5657223463058472,-0.30197294008155945,-0.03833642867555498,-0.4222462428010459
OBN010.AG,France,France_MN.AG,6700.0,0.525482714176178,-0.326907090354929,-0.007691626491076752,-0.45649113576055506
OBN011.AG,France,France_MN.AG,6549.0,0.4734589159488678,-0.3216086034912566,-0.008250805699629188,-0.5069926111173144
PEN001_real1.AG,France,France_EN_o.AG,7361.0,0.7860833406448364,-0.32276125940571543,-0.00178703244283899,-0.46658924484072517
PEN001_real2.AG,France,France_EN.AG,7359.0,0.585917592048645,-0.3236742492224854,0.028947075668721376,-0.4443285962383458
PEN003.AG,France,France_EN.AG,7363.0,0.5747936367988586,-0.3267829169594912,-0.03202008074824099,-0.4929186112851254
PRI001.AG,France,France_MN.AG,6218.0,0.4944522082805633,-0.36033259314988975,-0.03848073577570174,-0.478807431898417
PRI006.AG,France,France_MN.AG,6150.0,0.3214483559131622,-0.3002414216065224,0.01547369636978917,-0.4417521670305899
SCH001.AG,Germany,Germany_EN_LBK.AG,7050.0,0.0537374690175056,0.25696038022323037,0.0713888577868639,0.7398069717636178
SCH007.AG,Germany,Germany_EN_LBK.AG,7050.0,0.1028553619980812,0.2761518663200849,0.12609822134051984,0.7634930613603643
SCH009.AG,Germany,Germany_EN_LBK.AG,7050.0,0.2002955377101898,0.2351254648115796,0.12359094387625798,0.7598523347417945
SCH010.AG,Germany,Germany_EN_LBK.AG,7050.0,0.2444515973329544,0.2780326306621835,0.10071322068350827,0.8061057684496548
SCH014.AG,Germany,Germany_EN_LBK.AG,7050.0,0.2812914252281189,0.29634613786076336,0.11329876109121695,0.7836433619488546
SCH016.AG,Germany,Germany_EN_LBK.AG,7091.0,0.2404678612947464,0.28275439414810544,0.11249896752689716,0.744864362186483
SMH004.AG,Germany,Germany_EN_LBK.AG,7116.0,0.2501417398452759,0.2834741886684985,0.09531598984066593,0.8261286495141884
TGM009.AG,Germany,Germany_LN_oWHG.AG,5208.0,0.5817254185676575,0.2251133927628961,0.11591998315623765,0.708407061073504
XN164.AG,Germany,Germany_EN_LBK.AG,7110.0,0.3144038319587707,0.27573182383958494,0.09903445853724163,0.7564297360990261
XN165.AG,Germany,Germany_EN_LBK.AG,7099.0,0.3778338134288788,0.30390826810206617,0.10901456155961194,0.7522427395486201
XN166.AG,Germany,Germany_EN_LBK.AG,7100.0,0.2784544825553894,0.30060369107511364,0.08104772400495082,0.7846687229894992
XN167.AG,Germany,Germany_EN_LBK.AG,7176.0,0.3533393442630768,0.2524866360239764,0.13293104944019965,0.8015962361889893
XN168.AG,Germany,Germany_EN_LBK.AG,7093.0,0.2310429811477661,0.19718332464431593,0.13489937310767175,0.7793260988308796
XN169.AG,Germany,Germany_EN_LBK.AG,7081.0,0.3200753033161163,0.26754591626847624,0.0920716159937551,0.7642798634191357
XN170.AG,Germany,Germany_EN_LBK.AG,7024.0,0.2776831984519958,0.27925590557452207,0.11885061933093989,0.7878413937835108
XN171.AG,Germany,Germany_EN_LBK.AG,7106.0,0.3912018835544586,0.22390349646977406,0.12718659769941085,0.7271621621639859
XN172.AG,Germany,Germany_EN_LBK.AG,7101.0,0.3433232307434082,0.30859352699796977,0.12169962065015566,0.8087797586178425
XN173.AG,Germany,Germany_EN_LBK.AG,7060.0,0.1292062550783157,0.24962339185136742,0.12821127562705664,0.7424143020005582
XN174.AG,Germany,Germany_EN_LBK.AG,6800.0,0.2059726864099502,0.29004058063048876,0.09948172777050471,0.7873240308130323
XN175.AG,Germany,Germany_EN_LBK.AG,7092.0,0.3025045096874237,0.2764362543154222,0.13167269935195025,0.7318977551777222
XN180.AG,Germany,Germany_EN_LBK.AG,7068.0,0.1619253009557724,0.2958033418859549,0.11896199946421482,0.7232270564525882
XN182.AG,Germany,Germany_EN_LBK.AG,7069.0,0.104755587875843,0.29335186947987396,0.09997644670584598,0.7389087016623095
XN183.AG,Germany,Germany_EN_LBK.AG,7152.0,0.1020832732319831,0.26679929954542053,0.07080121055584052,0.7787867269282408
XN188.AG,Germany,Germany_EN_LBK.AG,7130.0,0.2041730284690857,0.2427762363263997,0.07806218623932402,0.7325787858554226
XN205.AG,Germany,Germany_EN_LBK.AG,7100.0,0.0636416673660278,0.3335852416506856,0.11653075565388869,0.7404987500251213
XN207.AG,Germany,Germany_EN_LBK.AG,7100.0,0.1366400867700576,0.2963331751675066,0.13466887085394147,0.7426885827962295
XN211.AG,Germany,Germany_EN_LBK.AG,7068.0,0.0574357286095619,0.30258095263796914,0.14195136538450487,0.7686545529441373
XN225.AG,Germany,Germany_EN_LBK.AG,7100.0,0.1098269000649452,0.25462021949850805,0.04401360867030491,0.7013954360741733
FLR008.AG,France,France_Calvados_N_Norman_father.or.son.FLR002.AG,6183.0,0.1547355949878692,-0.32390103497778233,-0.03843928602771061,-0.4979271779185391
FLR009.AG,France,France_Calvados_N_Norman.AG,5806.0,0.1027118116617202,-0.32044693537977953,-0.010204096948166362,-0.46568046462920293
FLR015.AG,France,France_Calvados_N_Norman_father.or.son.FLR007.AG,6315.0,0.1104075983166694,-0.3027865737590847,-0.0020036712380760878,-0.4722944987186078
A1801.AG,Hungary,Hungary_DanubeTisza_EarlyAvar.AG,1300.0,0.8611668944358826,0.5144756706752328,0.005334187267523956,-0.8749894192093758
A1802.AG,Hungary,Hungary_DanubeTisza_EarlyAvar.AG,1300.0,0.6716076731681824,0.519045715918656,-0.05128774412660542,-0.9382321650021619
A1804.AG,Hungary,Hungary_Transtisza_EarlyAvar.AG,1300.0,0.901213526725769,0.5836480165970691,-0.0796392128848236,-0.998099639391992
A1805.AG,Hungary,Hungary_Transtisza_EarlyAvar_daughter.A1817.AG,1300.0,0.5269628167152405,0.5698150535214008,-0.04755066067932301,-1.0641070360086644
A1806.AG,Hungary,Hungary_Transtisza_EarlyAvar.AG,1300.0,0.7342039346694946,0.5872514415234674,-0.08023387796642928,-0.9388615575699224
A1807.AG,Hungary,Hungary_Transtisza_EarlyAvar.AG,1300.0,0.9150958061218262,0.6031583552652628,0.008792179309014197,-1.0014308181924596
A1808.AG,Hungary,Hungary_DanubeTisza_EarlyAvar.AG,1330.0,0.0824289768934249,0.5034002778213732,-0.09332767853340893,-1.0317086452589532
A1809.AG,Hungary,Hungary_DanubeTisza_LateEarlyAvar.AG,1175.0,0.7905172109603882,0.5619501056595394,-0.18402223632012432,-0.9575633682720883
A181013.AG,Hungary,Hungary_DanubeTisza_LSarmation_EHun.AG,1500.0,0.2070845961570739,0.5123797993510657,-0.07670039085149384,-1.1200878950174673
A181014.AG,Hungary,Hungary_DanubeTisza_LSarmation_EHun.AG,1500.0,0.8821585774421692,0.6042636226692973,-0.2221084153187921,-1.0160679561008255
A181015.AG,Hungary,Hungary_DanubeTisza_LSarmation_EHun.AG,1500.0,0.8979994654655457,0.6259878026101879,-0.28696080649114936,-1.1282447320647886
A181016.AG,Hungary,Hungary_DanubeTisza_LSarmation_EHun.AG,1500.0,0.2205653935670852,0.5973663690642067,-0.10853052187311722,-1.0351169809154852
A181017.AG,Hungary,Hungary_DanubeTisza_LSarmation_EHun.AG,1500.0,0.3197411596775055,0.6061769620108144,-0.07324181200100707,-0.9932058336431033
A181018.AG,Hungary,Hungary_DanubeTisza_LSarmation_EHun_oWest.AG,1500.0,0.8920003175735474,0.5732902749881174,-0.2199352426705511,-1.1339743036668593
A181019.AG,Hungary,Hungary_DanubeTisza_LSarmation_EHun.AG,1500.0,0.6814372539520264,0.49619152051613014,-0.13766484680620827,-1.1372723050219915
A181020.AG,Hungary,Hungary_DanubeTisza_LSarmation_EHun.AG,1500.0,0.4694435596466064,0.5471155215274761,-0.057956822668220956,-0.9863600588935709
A181021.AG,Hungary,Hungary_Transtisza_LSarmation_EHun.AG,1550.0,0.9034276008605956,0.5621282692907469,-0.15592845669885605,-1.2640164752565195
A181022.AG,Hungary,Hungary_Transtisza_LSarmation_EHun.AG,1550.0,0.8416439890861511,0.6370044328428396,-0.12009379567637915,-1.317570956570881
A181023.AG,Hungary,Hungary_Transtisza_LSarmation_EHun.AG,1550.0,0.8982573747634888,0.6894070051261448,-0.25897088138160423,-1.1814845588059515
A181024.AG,Hungary,Hungary_Transtisza_LSarmation_EHun.AG,1550.0,0.903409779071808,0.614468122521518,-0.1901477081269036,-1.1912114798090498
A181025.AG,Hungary,Hungary_Transtisza_LSarmation_EHun.AG,1550.0,0.9058542251586914,0.5931385062627742,-0.1301884243131693,-1.1503832437474155
A181026.AG,Hungary,Hungary_Transtisza_LSarmation_EHun.AG,1550.0,0.8996401429176331,0.6614030279937582,-0.3260271078307011,-1.2163427613476807
A181027.AG,Hungary,Hungary_Transtisza_LSarmation_EHun_oEast.AG,1550.0,0.8806168437004089,0.5138653989451762,-0.2680718869752785,-0.8981551847498835
A181028.AG,Hungary,Hungary_Transtisza_LSarmation_EHun.AG,1550.0,0.8890579342842102,0.7035814847121301,-0.17215479772737666,-1.188394804813191
A181029.AG,Hungary,Hungary_NorthTransdanubia_Hun.AG,1500.0,0.8593875169754028,0.6018942862894169,-0.14998081873357388,-1.0215355085889066
A1810.AG,Hungary,Hungary_DanubeTisza_LateEarlyAvar.AG,1200.0,0.8256717324256897,0.47421441276005316,-0.05650801500438815,-0.9377392146451452
A1811.AG,Hungary,Hungary_DanubeTisza_MiddleLateAvar.AG,1200.0,0.7815221548080444,0.5255111244073435,0.07520180208034521,-0.906359074451432
A1812.AG,Hungary,Hungary_DanubeTisza_MiddleAvar.AG,1300.0,0.7835740447044373,0.5512858085970209,0.035480990531393815,-0.8499116011334511
A1813.AG,Hungary,Hungary_DanubeTisza_LateEarlyAvar.AG,1250.0,0.7573950886726379,0.6402634911738628,-0.05003069195147627,-1.1158511369103299
A1814.AG,Hungary,Hungary_DanubeTisza_LateEarlyAvar.AG,1175.0,0.8970676064491272,0.6458262156109689,-0.04659974618632934,-0.9493796892508127
A1815.AG,Hungary,Hungary_DanubeTisza_LateEarlyAvar.AG,1200.0,0.8050247430801392,0.563006674701449,-0.10519665790159984,-1.083365180381752
A1816.AG,Hungary,Hungary_DanubeTisza_EarlyAvar.AG,1300.0,0.8377405405044556,0.5427600508913701,0.08592367727935415,-0.797031608954604
A1817.AG,Hungary,Hungary_DanubeTisza_EarlyAvar_o.AG,1300.0,0.823081374168396,0.5620857128507142,-0.144821545256894,-0.9176314405574225
A1818.AG,Hungary,Hungary_DanubeTisza_EarlyAvar.AG,1300.0,0.810207188129425,0.5530153182175791,0.04642530397536158,-0.8166481349472476
A1819.AG,Hungary,Hungary_DanubeTisza_EarlyAvar.AG,1300.0,0.9121185541152954,0.5577204729903209,0.03284240933315336,-0.8348835797095769
A1820.AG,Hungary,Hungary_DanubeTisza_EarlyAvar.AG,1300.0,0.1110280230641365,0.5865727645776582,-0.03983342005885943,-0.9570202940524574
A1821.AG,Hungary,Hungary_DanubeTisza_EarlyAvar.AG,1300.0,0.607481837272644,0.5301827842737649,0.005630952693498572,-0.9147296271760521
A1822.AG,Hungary,Hungary_DanubeTisza_EarlyAvar.AG,1300.0,0.8650752305984497,0.5290393956268371,0.10209839362949377,-0.885687191098876
A1823.AG,Hungary,Hungary_DanubeTisza_EarlyAvar.AG,1300.0,0.7554510831832886,0.5621416782364654,0.019182255527328093,-0.8915402428401068
A1824.AG,Hungary,Hungary_SouthTransdanubia_EarlyAvar_1.AG,1325.0,0.8317795395851135,0.46137927206012364,-0.009856574913735741,-1.1431678136262013
A1825.AG,Hungary,Hungary_SouthTransdanubia_EarlyAvar_2.AG,1325.0,0.2692704796791076,0.5643085324839006,-0.13568973982146734,-1.0711823841458268
s19_0LS03_1.SG,Estonia,Estonia_Medieval.SG,740.0,0.0694477707147598,0.29263980810683055,0.15579980628890455,-0.2031269123433303
s19_0LS10_1.SG,Estonia,Estonia_IA.SG,2609.0,0.2697992622852325,0.29576353786253773,0.16756212350905908,-0.2225901782164178
s19_0LS11_1.SG,Estonia,Estonia_BA.SG,2918.0,0.1905770599842071,0.29508308529490684,0.15447948901793704,-0.20314898702618303
s19_IIa_1.SG,Estonia,Estonia_Medieval.SG,685.0,0.4976711571216583,0.28294067919053245,0.17279700461643321,-0.1947953858127298
s19_IIf_1.SG,Estonia,Estonia_Medieval.SG,575.0,0.1974853426218032,0.2946708215095294,0.14620724549556255,-0.19392114666571358
s19_IIg_1.SG,Estonia,Estonia_Medieval.SG,740.0,0.0965780541300773,0.3024463407628376,0.1458552064833971,-0.20345161772273132
s19_IVLS09KT_1.SG,Estonia,Estonia_Medieval.SG,365.0,0.2884130179882049,0.29679392399692456,0.16215565632113202,-0.1886300629598299
s19_V10_2.SG,Estonia,Estonia_IA.SG,2573.0,0.3222074806690216,0.29578433906932167,0.17141125612656416,-0.20629142973644107
s19_V11_1.SG,Estonia,Estonia_IA.SG,2229.0,0.2406008690595626,0.29198010218648074,0.16698481962911557,-0.2018852206491572
s19_V12_1.SG,Estonia,Estonia_IA.SG,2104.0,0.2156757414340973,0.2879524312191723,0.17284126238623695,-0.20927662557759333
s19_V14_2.SG,Estonia,Estonia_BA.SG,3130.0,0.3649888634681701,0.2829780312899142,0.16757898533250093,-0.21166994731528851
s19_V16_1.SG,Estonia,Estonia_BA.SG,2434.0,0.2057950794696808,0.2952167618641923,0.1596994857605225,-0.18470019893891262
s19_V9_2.SG,Estonia,Estonia_BA.SG,3072.0,0.3725159466266632,0.29585755464716573,0.15248582343596173,-0.21250533938724234
s19_VII15_1.SG,Russia,Russia_IA_Ingria.SG,1911.0,0.2168411910533905,0.5503894112651355,-0.13600460252207786,-0.2800320874834547
s19_VII4_1.SG,Estonia,Estonia_IA.SG,2493.0,0.2975791692733764,0.28201436125017554,0.16665475319249504,-0.20139777704461712
s19_VIII5_2.SG,Russia,Russia_IA_Ingria.SG,1763.0,0.3377028405666351,0.5263753937399432,-0.0565075530744505,-0.2746222837823485
s19_VIII7_1.SG,Russia,Russia_IA_Ingria.SG,1813.0,0.0553043633699417,0.4986245487866074,-0.10630224995186424,-0.2789449300994014
s19_VIII9_1.SG,Russia,Russia_IA_Ingria.SG,1813.0,0.2479933351278305,0.5320117197323647,-0.12073782204394819,-0.31858682785604775
s19_X04_1.SG,Estonia,Estonia_IA.SG,2345.0,0.2211412191390991,0.29528918067459403,0.16160235788490235,-0.2040006779107136
s19_X08_1.SG,Estonia,Estonia_BA.SG,2819.0,0.2516599595546722,0.28479901668857105,0.17072886276705224,-0.20669555053181637
s19_X10_1.SG,Estonia,Estonia_BA.SG,3075.0,0.2024552822113037,0.2801331447945486,0.17952713955797256,-0.20348139648976293
s19_X11_1.SG,Estonia,Estonia_BA.SG,2906.0,0.2028583586215973,0.2975651867936676,0.16329428178214492,-0.2056612319612564
s19_X14_1.SG,Estonia,Estonia_BA.SG,2580.0,0.275263100862503,0.2932582422305415,0.15385398625139216,-0.20618414199483528
s19_X15_2.SG,Estonia,Estonia_BA.SG,3037.0,0.274648368358612,0.2933496069632879,0.16156412870970263,-0.20320651422487676
s19_X17_2.SG,Estonia,Estonia_BA.SG,2819.0,0.3152172863483429,0.2877958698658756,0.1483477432590545,-0.20432948583006016
s19_X20_1.SG,Estonia,Estonia_BA.SG,2787.0,0.0772668272256851,0.3242152154323764,0.17927373012630682,-0.18943634413790048
MA969.SG,Estonia,Estonia_CordedWare_o2.SG,4652.0,0.5361459851264954,0.28950906677696936,0.15985229340195978,-0.20295942742388026
MA971.SG,Estonia,Estonia_CordedWare.SG,4400.0,0.3808313310146332,0.32151497752921954,0.15718712215449926,-0.19825504784251874
MA973.SG,Estonia,Estonia_CordedWare.SG,4416.0,0.7289590835571289,0.2853540568094449,0.1401358617646774,-0.1940369259707908
MA975.SG,Estonia,Estonia_N_CombCeramic.SG,5488.0,0.0895797535777092,0.30564138255792583,0.14643759233488526,-0.19734076540523482
BER001.SG,Russia,Russia_Yaroslavl_Lyalovo_Volosovo_N.SG,6283.0,0.1195234730839729,0.5010708471278001,-0.08531593063601031,-0.2697549954324248
BOL001.SG,Russia,Russia_Tver_Fatyanovo_BA.SG,4478.0,0.1116265580058097,0.49064283140866327,-0.10528159555795545,-0.2722175959779461
BOL002.SG,Russia,Russia_Tver_Fatyanovo_BA.SG,4306.0,0.111084796488285,0.4871153466812051,-0.09646977300801206,-0.2594058630762538
BOL003.SG,Russia,Russia_Tver_Fatyanovo_BA.SG,4414.0,0.6764859557151794,0.5310185604562405,-0.1015652290182376,-0.2934208165537299
GOL001.SG,Russia,Russia_Yaroslavl_Fatyanovo_BA.SG,4441.0,0.1174148172140121,0.5356728557863747,-0.10866767981251799,-0.2718591684481531
HAL001.SG,Russia,Russia_Yaroslavl_Fatyanovo_BA.SG,4504.0,0.7460545897483826,0.5194283377719162,-0.10030902787580001,-0.27873528547320137
HAN002.SG,Russia,Russia_Moscow_Fatyanovo_BA.SG,4605.0,0.7220410704612732,0.5029144826434002,-0.10497388103194386,-0.2683683619021295
HAN004.SG,Russia,Russia_Moscow_Fatyanovo_BA.SG,4511.0,0.7135188579559326,0.5241512849866811,-0.09951712924944665,-0.2736105421599678
IVA001.SG,Russia,Russia_Moscow_Fatyanovo_BA.SG,4624.0,0.7151570916175842,0.5065581806692901,-0.11495372063540737,-0.25861641733435947
KAR001.SG,Russia,Russia_Mesolithic_Veretye.SG,8321.0,0.1704248040914535,0.5619962287517372,-0.12720382345383285,-0.25245658821848194
MIL001.SG,Russia,Russia_Ivanovo_Fatyanovo_BA.SG,4494.0,0.1518994569778442,0.5173719709820817,-0.10489009953570298,-0.25945129662802013
MIL002.SG,Russia,Russia_Ivanovo_Fatyanovo_BA.SG,4127.0,0.1053516864776611,0.5181070230603753,-0.11334457096423162,-0.27335839699117304
NAU001.SG,Russia,Russia_Yaroslavl_Fatyanovo_BA.SG,4526.0,0.77638840675354,0.5332359811223107,-0.10358155549839677,-0.27263758161953766
NAU002.SG,Russia,Russia_Yaroslavl_Fatyanovo_BA.SG,4516.0,0.6756765842437744,0.5391575462945708,-0.1090179915689977,-0.25896059009283223
NIK002.SG,Russia,Russia_Yaroslavl_Fatyanovo_BA.SG,4637.0,0.1249037906527519,0.5334653362950614,-0.10169656013487043,-0.2375720039474752
NIK003.SG,Russia,Russia_Yaroslavl_Fatyanovo_BA.SG,4430.0,0.1158203557133674,0.5407272509385659,-0.1121783943432881,-0.27584143350038015
NIK004.SG,Russia,Russia_Yaroslavl_Fatyanovo_BA.SG,4552.0,0.1692853271961212,0.5148907263419419,-0.11042816144807052,-0.3047553834243347
NIK005.SG,Russia,Russia_Yaroslavl_Fatyanovo_BA.SG,4646.0,0.1002690121531486,0.5170989489758383,-0.08454761221193799,-0.27095441557403793
NIK007.SG,Russia,Russia_Yaroslavl_Fatyanovo_BA.SG,4540.0,0.1195153668522834,0.5522040960572672,-0.12240084690187926,-0.2655487757602257
NIK008AB.SG,Russia,Russia_Yaroslavl_Fatyanovo_BA.SG,4508.0,0.734589159488678,0.5034442466488946,-0.07973230988730054,-0.2597478674809743
PES001.SG,Russia,Russia_Mesolithic_Veretye.SG,12711.0,0.9777107238769532,0.5024537594260281,-0.07190683172391482,-0.24872959985105955
SOP002.SG,Estonia,Estonia_IdaViru_CordedWare_Neolithic_dup.NEO306.SG,4620.0,0.1111204847693443,0.31251195642975915,0.16735080012225964,-0.19590686475507907
TIM006.SG,Russia,Russia_Ivanovo_Fatyanovo_BA.SG,4502.0,0.1157416850328445,0.5635025610931224,-0.13310943306363163,-0.3035727203469612
TIM008.SG,Russia,Russia_Ivanovo_Fatyanovo_BA.SG,4473.0,0.1059396788477897,0.5351250906423854,-0.1025827297488468,-0.2771267337369077
VOD001.SG,Russia,Russia_Yaroslavl_Fatyanovo_BA.SG,4383.0,0.2122483700513839,0.5092019639227784,-0.11378831817826089,-0.29004014744043516
VORONKOVO003.SG,Russia,Russia_Yaroslavl_Fatyanovo_BA.SG,4465.0,0.1075925379991531,0.5271682120330192,-0.12490640993745164,-0.30817738243679055
VOR004.SG,Russia,Russia_Yaroslavl_Fatyanovo_BA.SG,4698.0,0.7322307229042053,0.5155147832741983,-0.11746799286324744,-0.25964478435020244
VOR005.SG,Russia,Russia_Yaroslavl_Fatyanovo_BA.SG,4481.0,0.1081334874033927,0.5198235637719257,-0.09496675520794673,-0.2555452896193444
ans003.SG,Sweden,Sweden_Ansarve_Megalithic.SG,5282.0,0.120625652372837,-1.2539642854609176,0.80625189196063,-0.5829013110262894
ans005.SG,Sweden,Sweden_Ansarve_Megalithic.SG,5367.0,0.1085268333554267,-1.2621103789956978,0.8550131208477221,-0.6278435790597796
ans008.SG,Sweden,Sweden_Ansarve_Megalithic.SG,5154.0,0.4044142365455627,-1.2701639390572736,0.8367277249285779,-0.590037903932224
ans014.SG,Sweden,Sweden_Ansarve_Megalithic.SG,5111.0,0.8959491848945618,-1.3361870848217339,0.8582743525639676,-0.6279254731639023
ans016.SG,Sweden,Sweden_Ansarve_Megalithic.SG,4705.0,0.2068940103054046,-1.3490277462861546,0.8942782272528983,-0.5955378885975116
ans017.SG,Sweden,Sweden_Ansarve_Megalithic.SG,5053.0,0.9901355504989624,-1.4268988518957897,0.8654694321997041,-0.6737692417910971
bal004.SG,UnitedKingdom,Scotland_Megalithic.SG,5186.0,0.7390822172164917,0.870385197505569,-0.5880514128095509,0.5931481630330951
kol6.SG,Czechia,Czechia_MN.SG,6775.0,0.6912335753440857,1.7141492906492883,-0.10848121405991729,0.17081090568732554
lai001.SG,UnitedKingdom,Scotland_Megalithic.SG,5178.0,0.1589448004961013,0.8975899067628317,-0.5642762690533507,0.6464556870064265
mid001.SG,UnitedKingdom,Scotland_Megalithic.SG,5173.0,0.2138030976057052,0.9250944128282501,-0.601741717551437,0.6150103970667665
mid002.SG,UnitedKingdom,Scotland_Megalithic.SG,5410.0,0.219999298453331,0.9215420928807315,-0.6218532317764079,0.589055976744516
prs002.SG,Ireland,Ireland_Megalithic.SG,5665.0,0.9693068861961364,-0.39384763654844224,0.012631105282478801,0.5560676750214326
prs003.WGC.SG,Ireland,Ireland_Megalithic.WGC.SG,5643.0,0.1267326474189758,-0.4134299449382103,0.013928394030228363,0.5666574824250887
prs006.WGC.SG,Ireland,Ireland_Megalithic.WGC.SG,5480.0,0.1646633148193359,-0.3826617709886049,0.02486088449693889,0.5836025467498813
prs010.WGC.SG,Ireland,Ireland_Megalithic.WGC.SG,5522.0,0.1330375224351883,-0.38699632251893445,-0.012620738667815226,0.5939524748966265
prs012.WGC.SG,Ireland,Ireland_Megalithic.WGC.SG,5650.0,0.1710995733737945,-0.4048374600143469,-0.0229878487224959,0.5858934449814525
prs016.SG,Ireland,Ireland_Megalithic.SG,5539.0,0.9964241981506348,-0.4073232041824926,-0.011877689772667828,0.5887628264449374
prs017.WGC.SG,Ireland,Ireland_Megalithic_father.prs002ALL_DATA.WGC.SG,5657.0,0.1424356400966644,-0.3905590797039587,-0.0014832182490946175,0.5920229452867651
prs018.WGC.SG,Ireland,Ireland_Megalithic.WGC.SG,5643.0,0.0723933950066566,-0.411785761493288,0.007244041099110078,0.56235333740849
BRC001.SG,Italy,Italy_Broion_CA.SG,5061.0,0.1670582592487335,-1.035679866990942,0.21622832240802706,0.4202554323107255
BRC003.SG,Italy,Italy_Broion_BA.SG,3447.0,0.7227709889411926,-1.050982860167654,0.28474785551864384,0.43639161235694923
BRC007.SG,Italy,Italy_Broion_BA.SG,3491.0,0.1791886985301971,-1.0473655312514747,0.2346922986398279,0.3972062037979584
BRC010.SG,Italy,Italy_Broion_EBA.SG,3804.0,0.3102003037929535,-1.0504426046839594,0.1953452794156867,0.4206104498138109
BRC022.SG,Italy,Italy_Broion_CA.SG,5152.0,0.1349782943725586,-1.0191028345608821,0.1968101197013906,0.40230326848710746
BRC030.SG,Italy,Italy_Broion_EBA.SG,3772.0,0.0944012776017189,-1.056461265182461,0.16834172249059504,0.3637355038514576
GCP003.SG,Italy,Italy_ReginaMargherita_BA.SG,3497.0,0.1251689940690994,-1.018617176225781,0.17142605112156775,0.3770725405386362
LSC002.SG,Italy,Italy_LaSassa_CA.SG,4619.0,0.6774510741233826,-1.0018186002663594,0.20537626592873678,0.4459978774787835
LSC005.SG,Italy,Italy_LaSassa_CA.SG,4633.0,0.1180019974708557,-1.0482135230531118,0.25158724134333416,0.3614565396451719
LSC011.SG,Italy,Italy_LaSassa_CA_1d.rel.LSC002.SG,4586.0,0.0613691844046115,-1.0402858930071937,0.1928265772224143,0.36611607133269475
TRPTN_611.SG,UnitedKingdom,England_Trumpington_N.SG,5418.0,0.8577736020088196,0.8532047669948203,-0.5542910933523824,0.5615677423113339
TRPTN_613.SG,UnitedKingdom,England_Trumpington_N_brother.TRPTN_611.SG,5639.0,0.7564559578895569,0.8229702555231889,-0.5427229567009658,0.575114402529652
RISE1159.SG,Poland,Poland_Koszyce_GlobularAmphora.SG,4724.0,0.9250981211662292,-0.5459116565284464,-0.22444798926982593,-0.5283990378362227
RISE1160.SG,Poland,Poland_Koszyce_GlobularAmphora_son.RISE1159.son.RISE1168.SG,4721.0,0.8597508668899536,-0.5156364898758165,-0.2014948346960174,-0.5182159926673358
RISE1161.SG,Poland,Poland_Koszyce_GlobularAmphora.SG,4785.0,0.7086389064788818,-0.5065470854852746,-0.21098809043177041,-0.5040462550568611
RISE1163.SG,Poland,Poland_Koszyce_GlobularAmphora.SG,4736.0,0.9763822555541992,-0.506876426210887,-0.21404733951618,-0.5080737402910712
RISE1164.SG,Poland,Poland_Koszyce_GlobularAmphora_son.RISE1170.brother.RISE1164.SG,4463.0,0.6634163856506348,-0.4753501703229849,-0.23239281803875936,-0.5143521897600634
RISE1165.SG,Poland,Poland_Koszyce_GlobularAmphora.SG,4754.0,0.879562497138977,-0.4980194296128742,-0.193594386099841,-0.5162028865532655
RISE1166.SG,Poland,Poland_Koszyce_GlobularAmphora.SG,4904.0,0.9311548471450806,-0.5445576244989135,-0.2076483533553722,-0.49245353087192617
RISE1169.SG,Poland,Poland_Koszyce_GlobularAmphora_brother.RISE1168.brother.RISE1173.brother.RISE1163.SG,4747.0,0.6309958100318909,-0.5128296720130703,-0.21415280887326507,-0.5251769856555426
RISE1170.SG,Poland,Poland_Koszyce_GlobularAmphora.SG,4754.0,0.9528990983963012,-0.5571544204383169,-0.22924368012216245,-0.5353737011714297
RISE1241.SG,Poland,Poland_Sandomierz_GlobularAmphora.SG,4773.0,0.5664514303207397,-0.5113328029453721,-0.19583837691153877,-0.4957994783785191
RISE1243.SG,Poland,Poland_Ksiaznice_GlobularAmphora_mother.or.daughter.RISE1249.SG,4725.0,0.2107779830694198,-0.5183616909132925,-0.22166993893012016,-0.4890155242027258
RISE1246.SG,Poland,Poland_Ksiaznice_GlobularAmphora.SG,4721.0,0.3735491931438446,-0.49649478164412986,-0.21659051184567793,-0.5180826513612184
RISE1247.SG,Poland,Poland_Ksiaznice_GlobularAmphora_mother.or.daughter.RISE1248.SG,4725.0,0.5250163674354553,-0.49262443354823493,-0.22722424074333,-0.5159300824189216
RISE1248.SG,Poland,Poland_Ksiaznice_GlobularAmphora.SG,4725.0,0.5476714372634888,-0.5123556964319724,-0.21307076861830887,-0.5142895714016833
RISE1249.SG,Poland,Poland_Ksiaznice_GlobularAmphora.SG,4737.0,0.6424806714057922,-0.5281697694862761,-0.22087592026388145,-0.530933716776989
RISE1250.SG,Poland,Poland_Sandomierz_GlobularAmphora.SG,4750.0,0.3778938353061676,-0.5207257082624664,-0.2063711919993837,-0.5053094705207739
RISE1252.SG,Poland,Poland_Mierzanowice_GlobularAmphora.SG,4725.0,0.3372859954833984,-0.47579942415395127,-0.20204297257550724,-0.5289186413382292
RISE1254.SG,Poland,Poland_Wilczyce_GlobularAmphora.SG,4725.0,0.3474359214305877,-0.48252858268845544,-0.22296346994879468,-0.5260709341617729
f1R.SG,Italy,Italy_Pompeii_Roman.SG,1871.0,0.3352819383144378,-1.0228977336935634,0.1795678367211575,0.423310284493493
1H04.SG,France,France_MontAime_MLN.SG,4851.0,0.3925506174564361,-0.30035969736228646,-0.030776257285940533,-0.46384687342910746
1H06.SG,France,France_MontAime_MLN_daughter.2H11.SG,5115.0,0.5422019362449646,-0.34502043536724364,0.015411593615444684,-0.39839038323054093
1H07.SG,France,France_MontAime_MLN.SG,5166.0,0.2261087298393249,-0.32381732324649026,-0.03550392326280131,-0.4084015325995008
1H13.SG,France,France_MontAime_MLN.SG,4950.0,0.5715049505233765,-0.32482610456406363,-0.011906632910703166,-0.41677543372532405
1H14.SG,France,France_MontAime_MLN.SG,5160.0,0.4399020969867706,-0.3260564427175786,-0.004488061826602262,-0.45105444961161695
2H07.SG,France,France_MontAime_MLN.SG,5184.0,0.348485380411148,-0.3328039124180034,-0.022024467032026776,-0.47461866926429097
2H10.SG,France,France_MontAime_MLN.SG,5165.0,0.9982514381408693,-0.32744163574328905,-0.01614291544011742,-0.5012868115729057
2H17.SG,France,France_MontAime_MLN_father.or.son.2H10.SG,5157.0,0.6903374195098877,-0.3288401247837643,-0.011493101745491433,-0.4458966589568372
2HC51961131.SG,France,France_MontAime_MLN.SG,5161.0,0.4616009593009949,-0.32337644665702103,-0.027336327561442195,-0.47982899136480833
GBVPK.SG,France,France_LaClape_LN_EMBA_BellBeakerPossible.SG,4336.0,0.6067389249801636,-0.30091511385181763,-0.05220350215962442,-0.4650927588603381
GBVPL.SG,France,France_LaClape_LN_EMBA_BellBeakerPossible_oNeolithic.SG,4474.0,0.5620394945144653,-0.3578362779130765,-0.029483435324227057,-0.5064326891670934
GBVPO.SG,France,France_LaClape_LN_EMBA_BellBeakerPossible.SG,3598.0,0.7284172773361206,-0.34912304980267395,0.024612601416609748,-0.47175286695579655
MAS15.SG,France,France_MasRouge_LN_Ferrieres.SG,4950.0,0.15523761510849,-0.30623518631002156,0.0013193065981404553,-0.45165854081787743
ROUQCC.SG,France,France_LaClape_LN_EMBA.SG,5346.0,0.3038540482521057,-0.3247620785412143,-0.02113724680395274,-0.4838230132405275
ROUQEE.SG,France,France_LaClape_LN_EMBA.SG,5047.0,0.631355881690979,-0.34306948251535463,-0.022878636976134115,-0.48137698607356255
ROUQFF.SG,France,France_LaClape_LN_EMBA.SG,5166.0,0.4689163863658905,-0.3430936304668135,-0.006776035264174939,-0.4569098612100206
ROUQHH.SG,France,France_LaClape_LN_EMBA.SG,5163.0,0.4565142393112182,-0.3477039832917195,-0.037387723849381695,-0.46170871218977616
ROUQV.SG,France,France_LaClape_LN_EMBA.SG,5159.0,0.6138313412666321,-0.3244329215185856,-0.0001640234129175894,-0.4511058558118408
ROUQW.SG,France,France_LaClape_LN_EMBA.SG,5165.0,0.372541069984436,-0.38738924965564414,0.0034220034187717324,-0.458621000376203
TORTC.SG,France,France_LaClape_LN_EBA_Veraza.SG,4476.0,0.1792300641536712,-0.33921714137065095,-0.015144602653496955,-0.47654147760274984
TORTD.SG,France,France_LaClape_LN_EBA_Veraza.SG,4973.0,0.160136193037033,-0.2909566194920692,-0.04171872156031239,-0.5015495466345868
TORTE.SG,France,France_LaClape_LN_EBA_Veraza.SG,4574.0,0.6071768999099731,-0.34363794873434617,0.03583259866838294,-0.4498367654185608
TORTF.SG,France,France_LaClape_LN_EBA_Veraza_oSteppe.SG,3861.0,0.6571812033653259,-0.3072634046196878,-0.05629680202431758,-0.45860750179486537
MS060.SG,Spain,Spain_Segorbe_Medieval_Islamic.SG,800.0,0.0810551047325134,-1.1241769619478494,0.05724455778173121,-1.247929602035398
ALA001_d.AG,Turkey,Turkey_Hatay_Alalakh_MLBA.AG,3378.0,0.1106127798557281,-0.7445042571807912,0.5601285917210158,0.9845782200881815
ALA002.AG,Turkey,Turkey_Hatay_Alalakh_MLBA.AG,3388.0,0.6094915270805359,-0.7058211163903384,0.5505842579336868,0.9527940034204765
ALA004.AG,Turkey,Turkey_Hatay_Alalakh_MLBA.AG,3773.0,0.5902979373931885,-0.7289933335236811,0.5598722510566726,0.9559354384111378
ALA008.AG,Turkey,Turkey_Hatay_Alalakh_MLBA.AG,3752.0,0.6130275726318359,-0.7151893468334594,0.544100854485174,0.92248847122252
ALA009.AG,Turkey,Turkey_Hatay_Alalakh_MLBA_contam.AG,3699.0,0.0930046960711479,-0.7302863674677826,0.5552387518358749,0.9420496129124775
ALA011.AG,Turkey,Turkey_Hatay_Alalakh_MLBA_brother.ALA123.AG,3620.0,0.5920546054840088,-0.7131337575684199,0.5206089640490187,0.9422124092726087
ALA013.AG,Turkey,Turkey_Hatay_Alalakh_MLBA.AG,3734.0,0.7822828888893127,-0.6868025543134045,0.557115715578695,0.95004549659942
ALA014_d.AG,Turkey,Turkey_Hatay_Alalakh_MLBA.AG,3629.0,0.0713536664843559,-0.6916329205152755,0.5530672194557334,0.9058488729056619
ALA016.AG,Turkey,Turkey_Hatay_Alalakh_MLBA.AG,3503.0,0.3078499436378479,-0.7151509013388074,0.5486745226208855,0.9603569237900965
ALA017.AG,Turkey,Turkey_Hatay_Alalakh_MLBA.AG,3478.0,0.4597275257110595,-0.7372880534926991,0.5961436438240206,0.9326357579787459
ALA018.AG,Turkey,Turkey_Hatay_Alalakh_MLBA.AG,3382.0,0.5840149521827698,-0.7535336910623787,0.5869920275258129,0.9729736866089351
ALA019.AG,Turkey,Turkey_Hatay_Alalakh_MLBA_o.AG,3514.0,0.6247630715370178,-0.6962975189125095,0.5614260031796926,0.9279168774246701
ALA020.AG,Turkey,Turkey_Hatay_Alalakh_MLBA.AG,3395.0,0.5654879808425903,-0.7534007898884288,0.5614173883731791,0.967314293697861
ALA023.AG,Turkey,Turkey_Hatay_Alalakh_MLBA.AG,3785.0,0.1234058365225792,-0.7341585499963181,0.5665969668327808,0.9591893905609612
ALA024.AG,Turkey,Turkey_Hatay_Alalakh_MLBA.AG,3889.0,0.0599693581461906,-0.685750608872352,0.5713903591320594,0.9319843232153944
ALA025.AG,Turkey,Turkey_Hatay_Alalakh_MLBA.AG,3711.0,0.5897886157035828,-0.7179657888748743,0.5588072695811648,0.9966352737229439
ALA026.AG,Turkey,Turkey_Hatay_Alalakh_MLBA.AG,3627.0,0.7831223011016846,-0.7230041098833769,0.5469167066026501,0.966216974844036
ALA028.AG,Turkey,Turkey_Hatay_Alalakh_MLBA.AG,3705.0,0.7205974459648132,-0.7124027285939631,0.559485930956219,0.9542452555969994
ALA029.AG,Turkey,Turkey_Hatay_Alalakh_MLBA.AG,3743.0,0.569708526134491,-0.7412216811263947,0.5692692474629241,0.9508266908240517
ALA030.AG,Turkey,Turkey_Hatay_Alalakh_MLBA.AG,3467.0,0.6250947713851929,-0.70343282427893,0.546427350580986,0.9583509829433041
ALA034.AG,Turkey,Turkey_Hatay_Alalakh_MLBA.AG,3697.0,0.686322033405304,-0.7613674812002333,0.5511491527492176,0.9563417948226794
ALA035.AG,Turkey,Turkey_Hatay_Alalakh_MLBA.AG,3820.0,0.1954026371240615,-0.7395558316869348,0.5670960605504606,0.972434199031997
ALA037.AG,Turkey,Turkey_Hatay_Alalakh_MLBA.AG,3754.0,0.1959371119737625,-0.7880895695685296,0.573405519483749,0.973364970198807
ALA038.AG,Turkey,Turkey_Hatay_Alalakh_MLBA_daughter.ALA001.AG,3473.0,0.0520302690565586,-0.729281855196604,0.5535807152972428,0.9497348486249708
ALA039.AG,Turkey,Turkey_Hatay_Alalakh_MLBA.AG,3337.0,0.641807496547699,-0.7282325729978544,0.5778202920133552,0.9824821492712194
ALA084.AG,Turkey,Turkey_Hatay_Alalakh_MLBA.AG,3844.0,0.1010508388280868,-0.7144550349248494,0.5718019897284536,0.9402747258569378
ALA095.AG,Turkey,Turkey_Hatay_Alalakh_MLBA.AG,3780.0,0.4913216531276703,-0.7251778542585882,0.5647344071409198,0.9904302936157408
ART001.AG,Turkey,Turkey_East_Arslantepe_EBA.AG,4342.0,0.6778663396835327,-0.7274092061558358,0.5351235248156399,0.9620253047020397
ART004.AG,Turkey,Turkey_East_Arslantepe_Chalcolithic.AG,5632.0,0.0865343660116195,-0.689211923743207,0.5516464209582992,0.9360366795831798
ART005.AG,Turkey,Turkey_East_Arslantepe_Chalcolithic.AG,5650.0,0.4089778363704681,-0.7218660244953197,0.588627170085764,0.9573363178961102
ART009.AG,Turkey,Turkey_East_Arslantepe_EBA.AG,4553.0,0.848832905292511,-0.7837739195108469,0.6008516957632517,0.9727883105789132
ART010.AG,Turkey,Turkey_East_Arslantepe_EBA.AG,4625.0,0.6675752997398376,-0.7121041417445957,0.537282631371416,0.9106832454328817
ART011.AG,Turkey,Turkey_East_Arslantepe_EBA.AG,4640.0,0.5540014505386353,-0.6813836943514695,0.5428814933701028,0.9310676043881003
ART012.AG,Turkey,Turkey_East_Arslantepe_Chalcolithic.AG,5159.0,0.7533367276191711,-0.7217007139479455,0.5368132990775886,0.9603674248820165
ART014.AG,Turkey,Turkey_East_Arslantepe_Chalcolithic.AG,5255.0,0.6578916907310486,-0.7006063516000719,0.5259414275980561,0.9299603091651247
ART015.AG,Turkey,Turkey_East_Arslantepe_Chalcolithic.AG,5212.0,0.8720411062240601,-0.7385977288655861,0.5485607247859614,0.98032927524239
ART017.AG,Turkey,Turkey_East_Arslantepe_Chalcolithic.AG,5166.0,0.633406937122345,-0.7445635953344906,0.5703289933948336,0.978657166588332
ART018.AG,Turkey,Turkey_East_Arslantepe_Chalcolithic.AG,5260.0,0.7312242388725281,-0.6981250109929271,0.5151392218004192,0.9316037581629153
ART019.AG,Turkey,Turkey_East_Arslantepe_Chalcolithic.AG,5393.0,0.393903374671936,-0.7365848345514426,0.5323473349079054,0.9406009599363441
ART020_d.AG,Turkey,Turkey_East_Arslantepe_Chalcolithic.AG,5177.0,0.24850994348526,-0.679277806288298,0.5435820598707216,0.975452896362248
ART022.AG,Turkey,Turkey_East_Arslantepe_Chalcolithic.AG,5413.0,0.6976187825202942,-0.7794529596320475,0.5257051804331163,1.0291328642798132
ART023.AG,Turkey,Turkey_East_Arslantepe_Chalcolithic.AG,5227.0,0.3098840117454529,-0.7115980039103795,0.5414448743846123,0.9378022728253171
ART024.AG,Turkey,Turkey_East_Arslantepe_Chalcolithic_brother.ART014.AG,5384.0,0.6198312640190125,-0.7430334060548611,0.5570088756560005,0.9672812257621352
ART026.AG,Turkey,Turkey_East_Arslantepe_Chalcolithic.AG,5163.0,0.7073404788970947,-0.7363210315463187,0.5247512753392646,0.9809006339343593
ART027_d.AG,Turkey,Turkey_East_Arslantepe_Chalcolithic.AG,5190.0,0.1280359625816345,-0.7474940648406436,0.5692225825829779,0.9590358092489605
ART032.AG,Turkey,Turkey_East_Arslantepe_Chalcolithic.AG,5254.0,0.7572669386863708,-0.7354792391100581,0.5591869449293841,0.963554093555476
ART038.AG,Turkey,Turkey_East_Arslantepe_Chalcolithic.AG,5175.0,0.2783417403697967,-0.7268415549910185,0.5879774071169057,0.9853848457669391
ART039.AG,Turkey,Turkey_East_Arslantepe_Chalcolithic.AG,5638.0,0.0843113586306572,-0.6870460799519906,0.5576635800180655,0.9374649305592387
ART042.AG,Turkey,Turkey_East_Arslantepe_Chalcolithic.AG,5767.0,0.8131147027015686,-0.7321369892113668,0.5636899505502286,0.9989106569163221
CBT001.AG,Turkey,Turkey_Central_CamlibelTarlasi_Chalcolithic.AG,5446.0,0.5247308611869812,-0.6937287324749799,0.5471027261913904,0.9466757048994918
CBT002.AG,Turkey,Turkey_Central_CamlibelTarlasi_Chalcolithic_1d.rel.CBT016.CBT017.AG,5529.0,0.2564936578273773,-0.7395834040439708,0.5786188361703557,0.9797266417043033
CBT003.AG,Turkey,Turkey_Central_CamlibelTarlasi_Chalcolithic.AG,5450.0,0.0555833540856838,-0.7131346398632953,0.5709036538262677,0.9685789516058069
CBT004.AG,Turkey,Turkey_Central_CamlibelTarlasi_Chalcolithic.AG,5526.0,0.5305013060569763,-0.726784593575117,0.5232523933383949,0.9709648186987601
CBT005.AG,Turkey,Turkey_Central_CamlibelTarlasi_Chalcolithic.AG,5415.0,0.4426628053188324,-0.7099106191489017,0.534508830609708,0.9637967817521517
CBT010.AG,Turkey,Turkey_Central_CamlibelTarlasi_Chalcolithic.AG,5480.0,0.4569505751132965,-0.7264254628034893,0.5556125920135488,0.9684548612894137
CBT011.AG,Turkey,Turkey_Central_CamlibelTarlasi_Chalcolithic.AG,5480.0,0.5763945579528809,-0.7387096546638938,0.5152182475104685,1.0044152888161781
CBT013.AG,Turkey,Turkey_Central_CamlibelTarlasi_Chalcolithic_1d.rel.CBT004.AG,5526.0,0.4569748938083648,-0.7294592894823846,0.5894743467642117,0.9687320181112196
CBT014.AG,Turkey,Turkey_Central_CamlibelTarlasi_Chalcolithic.AG,5518.0,0.6107543110847473,-0.7155394333359607,0.573863752253449,0.9710960289281125
CBT015.AG,Turkey,Turkey_Central_CamlibelTarlasi_Chalcolithic.AG,5525.0,0.5482066869735718,-0.7181048436254654,0.5709327800005521,0.9446901542932818
CBT016.AG,Turkey,Turkey_Central_CamlibelTarlasi_Chalcolithic.AG,5538.0,0.6142684817314148,-0.7524094349113051,0.5544568338681103,0.9741325842061638
CBT017.AG,Turkey,Turkey_Central_CamlibelTarlasi_Chalcolithic_1d.rel.CBT016.CBT002.AG,5480.0,0.5893425345420837,-0.7028844167170532,0.525893174684488,0.9425175148922014
CBT018.AG,Turkey,Turkey_Central_Buyukkaya_Chalcolithic.AG,7516.0,0.5207138657569885,-0.749372452512797,0.5227212599127202,0.9570025321810607
ETM001.AG,Syria,Syria_Ebla_EMBA.AG,3800.0,0.096307173371315,-1.4357158677062842,0.1626603870016605,1.5784896316573787
ETM004.AG,Syria,Syria_Ebla_EMBA.AG,3850.0,0.0601899586617946,-1.4207819427184292,0.14725618771110238,1.5671256656893695
ETM005.AG,Syria,Syria_Ebla_EMBA.AG,3850.0,0.1416416466236114,-1.405303157887785,0.15194470047999128,1.5675599229756514
ETM006.AG,Syria,Syria_Ebla_EMBA.AG,3850.0,0.2362919151782989,-1.4225642690896774,0.1528071505610373,1.5673317107285263
ETM012.AG,Syria,Syria_Ebla_EMBA.AG,4470.0,0.6178985834121704,-1.4214717880290082,0.16843688344911742,1.5735538214593972
ETM014.AG,Syria,Syria_Ebla_EMBA.AG,3850.0,0.5330673456192017,-1.4258032378978125,0.16135764628536792,1.575597128188516
ETM016.AG,Syria,Syria_Ebla_EMBA.AG,3914.0,0.3552914559841156,-1.4147388283622568,0.15344633680693773,1.55491299862659
ETM018.AG,Syria,Syria_Ebla_EMBA.AG,4004.0,0.0632134452462196,-1.4018952951760286,0.13573730835319878,1.553955089149166
ETM023.AG,Syria,Syria_Ebla_EMBA.AG,4275.0,0.5963311195373535,-1.4264272051364737,0.14856835834342627,1.576061329542358
ETM026.AG,Syria,Syria_Ebla_EMBA.AG,3850.0,0.2747967839241028,-1.4214132236439632,0.1600094066301448,1.569862698296048
IKI002.AG,Turkey,Turkey_BlackSea_Ikiztepe_Chalcolithic.AG,5165.0,0.0646603107452392,-0.6910917678335646,0.5595145444800169,0.9656027739542229
IKI009.AG,Turkey,Turkey_BlackSea_Ikiztepe_Chalcolithic.AG,5206.0,0.0710308849811554,-0.6907121826641349,0.5188201002816893,0.9853013209019326
IKI012.AG,Turkey,Turkey_BlackSea_Ikiztepe_Chalcolithic.AG,5218.0,0.1032762825489044,-0.6666473431674943,0.5455572095575026,0.9033019611796085
IKI016.AG,Turkey,Turkey_BlackSea_Ikiztepe_Chalcolithic.AG,5396.0,0.1661117970943451,-0.73140027850118,0.5595049892094672,0.9670770331916448
IKI017.AG,Turkey,Turkey_BlackSea_Ikiztepe_Chalcolithic.AG,5284.0,0.0517829097807407,-0.713708086253629,0.5614249989169203,0.926955168319932
IKI024.AG,Turkey,Turkey_BlackSea_Ikiztepe_Chalcolithic.AG,5821.0,0.0961733609437942,-0.7021886806022887,0.5555962663925025,0.9397776522286038
IKI034.AG,Turkey,Turkey_BlackSea_Ikiztepe_Chalcolithic.AG,5392.0,0.1225064098834991,-0.6748812836128715,0.5301817295580228,0.906903952090066
IKI036.AG,Turkey,Turkey_BlackSea_Ikiztepe_Chalcolithic.AG,5405.0,0.0587066002190113,-0.7120375112585053,0.5377216058061428,0.9331898264886419
IKI037.AG,Turkey,Turkey_BlackSea_Ikiztepe_Chalcolithic.AG,5496.0,0.0888774096965789,-0.7064177790617548,0.5487958386988266,0.9643516315099462
KRD001.AG,Turkey,Turkey_Hatay_TellKurdu_Chalcolithic.AG,7629.0,0.2060781121253967,-0.7386638624453681,0.5775406937199308,0.9637172998002506
KRD002.AG,Turkey,Turkey_Hatay_TellKurdu_Chalcolithic.AG,6889.0,0.1518086194992065,-0.722205745918969,0.5428127015650559,0.9468374021400349
KRD003.AG,Turkey,Turkey_Hatay_TellKurdu_Chalcolithic.AG,7602.0,0.3581373393535614,-0.7065759865596204,0.5566370767875425,0.953052981309239
KRD004.AG,Turkey,Turkey_Hatay_TellKurdu_Chalcolithic.AG,7620.0,0.0605411306023597,-0.6987147050423755,0.5520989049421647,0.9339662948231188
KRD006.AG,Turkey,Turkey_Hatay_TellKurdu_Chalcolithic.AG,7550.0,0.2204088717699051,-0.7063497063308568,0.5375004630337666,0.9432081471689753
TIT021.AG,Turkey,Turkey_Southeast_Titris_Hoyuk_EBA.AG,4182.0,0.0875805839896202,-0.7081277751422773,0.5610992605215892,0.9349481540074498
AID001.AG,Greece,Greece_Aidonia_LBA.AG,3250.0,0.633144199848175,-0.707112576331924,-0.009620644160204344,2.1840667148545205
AID007.AG,Greece,Greece_Aidonia_LBA.AG,3250.0,0.6463070511817932,-0.7017663916984739,-0.017907996025033894,2.1864253493073535
AID009.AG,Greece,Greece_Aidonia_LBA.AG,3250.0,0.0795530974864959,-0.7061848911549493,-0.027285591840131095,2.22744207049849
AID014.AG,Greece,Greece_Aidonia_LBA.rel.of.AID012andAID017.AG,3200.0,0.0873786434531211,-0.7128599724231913,-0.0017003504204930583,2.2310975004355647
AID017.AG,Greece,Greece_Aidonia_LBA.AG,3425.0,0.1408525258302688,-0.7314648100684727,0.013450539458618816,2.2375245386349083
APO004.AG,Greece,Greece_Crete_Aposelemis_N.AG,7935.0,0.2446543574333191,-0.6911019645219512,-0.018712008424786635,2.1785798513628083
APO022.AG,Greece,Greece_Crete_Aposelemis_LBA.AG,3504.0,0.1281754523515701,-0.7252818021989383,-0.013777348760662559,2.1956896065347955
APO023.AG,Greece,Greece_Crete_Aposelemis_LBA.AG,3504.0,0.1857855468988418,-0.7275073606812191,-0.005979884269715085,2.2143872543758434
APO025.AG,Greece,Greece_Crete_Aposelemis_LBA.AG,3526.0,0.2094730585813522,-0.7074690239708677,-0.02117122420098068,2.205620080647422
APO028.AG,Greece,Greece_Crete_Aposelemis_N.AG,7956.0,0.0502281822264194,-0.6909834965800992,0.003014684031803332,2.1948397489481764
APO029.AG,Greece,Greece_Crete_Aposelemis_N.AG,7935.0,0.1657168269157409,-0.7145641528660476,0.011690676107139768,2.1942657522491675
APO043.AG,Greece,Greece_Crete_Aposelemis_N.AG,7851.0,0.129563108086586,-0.6946178763600622,0.0037512377630351517,2.185764103334767
APO044.AG,Greece,Greece_Crete_Aposelemis_N.AG,7946.0,0.1109307035803794,-0.7004037493975224,-0.01531471823312424,2.1895893228442294
GLI002.AG,Greece,Greece_GlykaNera_LBA.AG,3312.0,0.0504033602774143,-0.6870010097103939,-0.05619128108003873,2.2288040817290034
GLI003.AG,Greece,Greece_GlykaNera_LBA.AG,3318.0,0.7906867265701294,-0.7180055234413637,0.014204968897017297,2.2061809805438295
HGC001.AG,Greece,Greece_Crete_HgCharalambos_EMBA.AG,4074.0,0.8433544635772705,-0.6982120970816532,-0.005824326305914706,2.187596768775856
HGC002.AG,Greece,Greece_Crete_HgCharalambos_EMBA.rel.of.HGC026andI0074.AG,4150.0,0.1429206281900406,-0.7234808951805053,-0.008608701280967548,2.2287690496229087
HGC003.AG,Greece,Greece_Crete_HgCharalambos_EMBA.AG,3971.0,0.4251585304737091,-0.699941358518182,-0.018086423701326088,2.1781478486320345
HGC005.AG,Greece,Greece_Crete_HgCharalambos_EMBA.AG,4118.0,0.3153892159461975,-0.7014833408218929,-0.020998050644962962,2.220009021305678
HGC006-035.AG,Greece,Greece_Crete_HgCharalambos_EMBA.AG,4129.0,0.8514305949211121,-0.702534101709243,-0.018750132747378016,2.235120740709152
HGC008.AG,Greece,Greece_Crete_HgCharalambos_EMBA.AG,4177.0,0.6157599091529846,-0.7089333384129831,-0.005736741950043665,2.2155372686311265
HGC009.AG,Greece,Greece_Crete_HgCharalambos_EMBA.AG,3933.0,0.6386761665344238,-0.7168077073636814,0.001692444231828234,2.232760299917658
HGC010.AG,Greece,Greece_Crete_HgCharalambos_EMBA.AG,4050.0,0.0986526533961296,-0.699778990323007,-0.01207330238335231,2.188882145845576
HGC011.AG,Greece,Greece_Crete_HgCharalambos_EMBA.AG,4050.0,0.7305121421813965,-0.7132220110289678,-0.0014180945433205998,2.2317109251928944
HGC013.AG,Greece,Greece_Crete_HgCharalambos_EMBA.rel.of.HGC024.AG,4050.0,0.5121438503265381,-0.7009919054401669,-0.015401149041093737,2.2118906385959742
HGC015.AG,Greece,Greece_Crete_HgCharalambos_EMBA.AG,4050.0,0.2618869245052337,-0.7175354060042899,-0.0051497554988723295,2.2307797391463877
HGC017-023-029.AG,Greece,Greece_Crete_HgCharalambos_EMBA.AG,4050.0,0.7457852959632874,-0.7128462112932037,-0.01073476884310791,2.2101357330405023
HGC018.AG,Greece,Greece_Crete_HgCharalambos_EMBA.AG,4050.0,0.5315134525299072,-0.700969634801634,-0.021650050340265535,2.1961306273890613
HGC020.AG,Greece,Greece_Crete_HgCharalambos_EMBA.AG,4050.0,0.2545236647129059,-0.7089991350750111,-0.004168172677560895,2.2009320529533833
HGC024.AG,Greece,Greece_Crete_HgCharalambos_EMBA.AG,4050.0,0.5227649807929993,-0.7077245502848637,-0.021535450519507154,2.186168185837537
HGC025.AG,Greece,Greece_Crete_HgCharalambos_EMBA.AG,4050.0,0.468613862991333,-0.7033414128100381,-0.025757839387469256,2.199633571669869
HGC027.AG,Greece,Greece_Crete_HgCharalambos_EMBA.AG,4050.0,0.3269625008106231,-0.728312856699888,-0.010299776474714367,2.199012962272582
HGC031.AG,Greece,Greece_Crete_HgCharalambos_EMBA.AG,4050.0,0.3978481888771057,-0.6996319379971537,-0.03230221743341627,2.1921796430259057
HGC032.AG,Greece,Greece_Crete_HgCharalambos_EMBA.AG,4050.0,0.2378515005111694,-0.716472300142031,0.011124798734563589,2.2199132079259214
HGC033.AG,Greece,Greece_Crete_HgCharalambos_EMBA.rel.of.HGC033.AG,4050.0,0.6183211207389832,-0.6954287852988968,-0.006735216646322242,2.208351733112006
HGC036.AG,Greece,Greece_Crete_HgCharalambos_EMBA.AG,4050.0,0.1795163601636886,-0.7086176150455518,0.010238317772801202,2.2010719898830335
HGC037.AG,Greece,Greece_Crete_HgCharalambos_EMBA.AG,4050.0,0.1129314973950386,-0.7218897255445902,-0.0039049329259576173,2.2298642991425006
HGC040.AG,Greece,Greece_Crete_HgCharalambos_EMBA.AG,4106.0,0.2324971407651901,-0.6745453115005968,-0.01287825840944754,2.1985690775054745
HGC041-052.AG,Greece,Greece_Crete_HgCharalambos_EMBA.AG,4050.0,0.0810259133577346,-0.7035141115865013,-0.02441309382581286,2.167978444335248
HGC053-057.AG,Greece,Greece_Crete_HgCharalambos_EMBA.AG,4050.0,0.0722101032733917,-0.6925690334741703,-0.00626532680461391,2.2252314311632713
HGC055-065.AG,Greece,Greece_Crete_HgCharalambos_EMBA.AG,4050.0,0.3172837495803833,-0.7123930334009028,-0.037995379583433915,2.2139718302616886
HGC063.AG,Greece,Greece_Crete_HgCharalambos_EMBA.rel.of.HGC024.AG,4050.0,0.1323757320642471,-0.7268769520601427,-0.032906819038521586,2.1715056645826283
KUK001.AG,Greece,Greece_Koukounaries_LBA.AG,3113.0,0.5108981132507324,-0.7310402956823897,0.0006641068702388587,2.223795482052051
KUK002.AG,Greece,Greece_Koukounaries_LBA.AG,3113.0,0.2974461615085602,-0.6505404359454655,-0.019232442571436584,2.1749822724383674
KUK005.AG,Greece,Greece_Koukounaries_LBA.AG,3113.0,0.8830726146697998,-0.7140608066119633,-0.0040060567229922295,2.184615697021297
KUK006.AG,Greece,Greece_Koukounaries_LBA.AG,3113.0,0.8409457206726074,-0.7048822242637881,-0.0021472464872133255,2.21349161750858
LAZ017.AG,Greece,Greece_Lazarides_EBA.AG,4716.0,0.3546369671821594,-0.7175826954115968,0.01702973080532274,2.1949260487648936
LAZ018.AG,Greece,Greece_Lazarides_LBA.AG,3307.0,0.4344933927059173,-0.7044451119412697,-0.016938523470566205,2.223570266961803
LAZ019.AG,Greece,Greece_Lazarides_LBA.AG,3261.0,0.1887725442647934,-0.718879301691731,-0.018433970709736146,2.177388807728424
LAZ020.AG,Greece,Greece_Lazarides_LBA.AG,3274.0,0.8198040127754211,-0.7173645219327648,-0.026174472663922033,2.193415545342942
LAZ021.AG,Greece,Greece_Lazarides_LBA.AG,3523.0,0.1470503509044647,-0.7010449028669262,-0.020897366084892722,2.2316321082077297
MYG001.AG,Greece,Greece_Mygdalia_LBA.rel.AG,3478.0,0.5040498375892639,-0.7108878247812639,-0.025836273658706145,2.237099235066036
MYG002.AG,Greece,Greece_Mygdalia_LBA.rel.AG,3526.0,0.3569889366626739,-0.6958790719433484,-0.022485036423380962,2.193448055415574
MYG003.AG,Greece,Greece_Mygdalia_LBA.AG,3441.0,0.7689140439033508,-0.7168629180434497,0.013483535381681231,2.1952508568137277
MYG004.AG,Greece,Greece_Mygdalia_LBA.AG,3462.0,0.7913947105407715,-0.7211442915086818,-0.008880641570889546,2.1978435625147275
MYG005.AG,Greece,Greece_Mygdalia_LBA.rel.AG,3416.0,0.6023683547973633,-0.7167850614515774,-0.012939862466636405,2.210927347433024
MYG006.AG,Greece,Greece_Mygdalia_LBA.rel.AG,3478.0,0.7577033042907715,-0.7271963608151862,0.0019088190040784932,2.207534773441755
MYG008.AG,Greece,Greece_Mygdalia_LBA.rel.AG,3473.0,0.7147516012191772,-0.7117422643140799,-0.003018640034025137,2.209061968745849
NST004.AG,Greece,Greece_NeaStyra_EBA.AG,4454.0,0.1206434965133667,-0.7292090212555414,0.007874756996172492,2.2655156428678667
NST005.AG,Greece,Greece_NeaStyra_EBA.AG,4324.0,0.2814414799213409,-0.6906517299877857,0.004989982605912745,2.193144738697425
NST010.AG,Greece,Greece_NeaStyra_EBA.AG,4581.0,0.1330594271421432,-0.7261839047675258,0.018549595310964166,2.221764126150251
NST012.AG,Greece,Greece_NeaStyra_EBA.AG,4367.0,0.1545620411634445,-0.7178676639239244,-0.027222459249514833,2.2203102649630244
TIR001.AG,Greece,Greece_Tiryns_LBA.AG,3271.0,0.1026234105229377,-0.71320140424081,-0.00043316098729725505,2.200835978266663
TIR002.AG,Greece,Greece_Tiryns_LBA.AG,3261.0,0.6197817921638489,-0.7350453786836376,0.02649481040555798,2.1804510700889947
TIR008.AG,Greece,Greece_Tiryns_IA.AG,2851.0,0.3260890245437622,-0.7063025696645935,-0.015133369531526273,2.188099305425106
TIR010.AG,Greece,Greece_Tiryns_LBA.AG,3325.0,0.4072398245334625,-0.7013865523374351,-0.0073272137477302145,2.195437327011646
XAN013.AG,Greece,Greece_Crete_Chania_LBA.AG,3225.0,0.3251960873603821,-0.6858109487622958,0.0005359064437530632,2.1678339200842376
XAN014.AG,Greece,Greece_Crete_Chania_LBA.AG,3225.0,0.2885054647922516,-0.7025559072704208,0.003216745569289987,2.2160168192045124
XAN015.AG,Greece,Greece_Crete_Chania_LBA.AG,3225.0,0.2275628894567489,-0.6787273804530698,-0.029285313430770163,2.1973429146753145
XAN016.AG,Greece,Greece_Crete_Chania_LBA.rel.of.XAN017.AG,3200.0,0.1575903892517089,-0.7109921092537134,-0.014088552072383787,2.2255055948976077
XAN017.AG,Greece,Greece_Crete_Chania_LBA.AG,3200.0,0.3263826072216034,-0.6781652623045208,-0.029953574539884304,2.134837399047359
XAN018.AG,Greece,Greece_Crete_Chania_LBA.AG,3200.0,0.1415548771619796,-0.7013940599264524,0.04066370102982549,2.1958562644023645
XAN021.AG,Greece,Greece_Crete_Chania_LBA.AG,3175.0,0.4184497594833374,-0.6843947774464214,0.010319943402090054,2.229805878984115
XAN022.AG,Greece,Greece_Crete_Chania_LBA.AG,3175.0,0.2136270999908447,-0.7730988560040102,0.030943216285051096,2.244091760954879
XAN023.AG,Greece,Greece_Crete_Chania_LBA.AG,3175.0,0.3882124423980713,-0.7259078069189565,0.0166954199593697,2.2057265449977805
XAN025.AG,Greece,Greece_Crete_Chania_LBA.AG,3175.0,0.5161178112030029,-0.691252263486623,0.025963695696398458,2.224972918910707
XAN026.AG,Greece,Greece_Crete_Chania_LBA.AG,3175.0,0.1590810418128967,-0.6917218537527263,-0.01825750639020524,2.22821452890133
XAN027.AG,Greece,Greece_Crete_Chania_LBA.AG,3175.0,0.2311013787984848,-0.7133044604526816,-0.007992134264437522,2.18476183078016
XAN028.AG,Greece,Greece_Crete_Chania_LBA.AG,3225.0,0.1952444911003112,-0.7162976987248147,0.0045730102166873,2.1982720364173733
XAN029.AG,Greece,Greece_Crete_Chania_LBA.AG,3225.0,0.4385866224765777,-0.708780799204569,-0.01775644940189795,2.2083197240911954
XAN030.AG,Greece,Greece_Crete_Chania_LBA.AG,3225.0,0.3906860649585724,-0.7091267941398487,0.015939128926547346,2.2191071485420872
XAN031.AG,Greece,Greece_Crete_Chania_LBA.AG,3225.0,0.3312819898128509,-0.7055123399873692,-0.018508182231862038,2.215806222739677
XAN034.AG,Greece,Greece_Crete_Chania_LBA.AG,3225.0,0.4667241871356964,-0.7068498664657011,-0.006271177708195633,2.169980781269303
XAN035.AG,Greece,Greece_Crete_Chania_LBA.AG,3525.0,0.1413391381502151,-0.7048645905499442,-0.020060875079661207,2.1999405956482168
XAN036.AG,Greece,Greece_Crete_Chania_LBA.AG,3225.0,0.42509526014328,-0.6892104850505044,-0.004003815114109963,2.1816816537327974
XAN040.AG,Greece,Greece_Crete_Chania_LBA.AG,3250.0,0.0750543624162674,-0.7010561939690397,0.0007869368773131947,2.1936845298497807
XAN053.AG,Greece,Greece_Crete_Chania_LBA.AG,3250.0,0.4159120917320251,-0.7095291506307868,-0.01335160429299149,2.2551761957500367
syr005.SG,Syria,Syria_TellQarassa_Umayyad.SG,1233.0,0.1561208218336105,-1.4309707105964662,0.16846094106863724,1.5800485249033664
syr013.SG,Syria,Syria_TellQarassa_Umayyad.SG,1235.0,0.9661471247673036,-1.3975150971588433,0.15926290047793065,1.5445460725699376
NIEcap9.AG,Germany,Germany_EarlyMedieval_Alemanic_brother.NIEcap12b_father.NIEcap1_father.NIEcap3a.AG,1345.0,0.171075239777565,0.2733070306829899,0.09944751001864302,0.822346306713094
NIEcap1.AG,Germany,Germany_EarlyMedieval_Alemanic.AG,1345.0,0.4709488153457641,0.27315973251565623,0.10198783047495392,0.8138618025769705
NIEcap3a.AG,Germany,Germany_EarlyMedieval_Alemanic_son.NIEcap9_brother.NIEcap1_3d.or.3dplus.NIEcap3c.AG,1345.0,0.4005270004272461,0.27619089048386924,0.07188643938811387,0.8151827874254031
NIEcap3c.AG,Germany,Germany_EarlyMedieval_Alemanic_SEurope.AG,1345.0,0.2087025791406631,0.2665477641786044,0.09249784180601106,0.7952888116374512
NIEcap6.AG,Germany,Germany_EarlyMedieval_Alemanic_son.NIEcap1.AG,1345.0,0.2791714370250702,0.2915550372791673,0.10128950798653966,0.7928791031879904
NIEcap3b.AG,Germany,Germany_EarlyMedieval_Alemanic_SEurope.AG,1345.0,0.565767765045166,0.23769578137080585,0.14814812182355944,0.7688321473765013
NIEcap12b.AG,Germany,Germany_EarlyMedieval_Alemanic_brother.NIEcap9.AG,1345.0,0.1138495728373527,0.2509347327427591,0.11918209368694704,0.7609505105951012
NIEcap12c.AG,Germany,Germany_EarlyMedieval_Alemanic.AG,1345.0,0.2525650560855865,0.2984359031585768,0.1345497040473601,0.7725316906735727
atp005.SG,Spain,Spain_EN.SG,7069.0,0.0799204856157302,-1.0825233463114314,0.07177372621383292,-1.2426585406274804
atp016.SG,Spain,Spain_C.SG,4971.0,0.9739710688591005,-1.1244940818426836,0.06443713031896174,-1.2524352555004
c40331.SG,Spain,Spain_LN.SG,5630.0,0.24709552526474,-1.1445939286767444,0.09355175623426229,-1.254104373278754
esp005.SG,Spain,Spain_BA.SG,3400.0,0.8493543863296509,-1.1757411290494149,0.05960482213571992,-1.2793922466048224
mur.SG,Spain,Spain_EN.SG,7127.0,0.912903606891632,-1.1337876695893438,0.08568712466463592,-1.2542575852127689
pir001.SG,Spain,Spain_BA.SG,3725.0,0.1801481395959854,-1.1840572702812142,0.06479725520599576,-1.2538093373771744
por002.SG,Spain,Spain_C.SG,5111.0,0.5181697010993958,-1.1635208403924382,0.0986835996691171,-1.2250552388331812
por004.SG,Spain,Spain_C.SG,4955.0,0.099328227341175,-1.2015443979165417,0.08608814069478818,-1.2658139916959599
san216.SG,Spain,Spain_LN.SG,5657.0,0.1797604709863662,-1.195466887607718,0.05733034473566732,-1.2581739828240044
AED106.SG,Germany,Germany_EarlyMedieval.SG,1455.0,0.1406416594982147,0.286734178603612,0.051611733468146015,0.7732436091434398
AED1108.SG,Germany,Germany_EarlyMedieval_o2.SG,1469.0,0.1424786299467086,0.27175269039554883,0.11557620606029777,0.7698316337920881
AED1119.SG,Germany,Germany_EarlyMedieval.SG,1430.0,0.0813495069742202,0.3215852820196142,0.12504399726253126,0.800382361561725
AED1135b.SG,Germany,Germany_EarlyMedieval_o3.SG,1445.0,0.1321770399808883,0.2532456369737103,0.15119471621208383,0.7945535812338933
AED204.SG,Germany,Germany_EarlyMedieval.SG,1455.0,0.1212347298860549,0.2996406918704821,0.1412159317107882,0.8033166092808491
AED249.SG,Germany,Germany_EarlyMedieval_o3.SG,1455.0,0.1452993601560592,0.25259489275577657,0.1024532791334386,0.7591970577088321
AED432b.SG,Germany,Germany_EarlyMedieval.SG,1445.0,0.0952998846769332,0.2711657262121317,0.14992806613153098,0.7684898830399163
AED513.SG,Germany,Germany_EarlyMedieval_o3.SG,1525.0,0.1262955069541931,0.313734551595561,0.09001681607610028,0.820021618115695
AED92b.SG,Germany,Germany_EarlyMedieval.SG,1455.0,0.0929819867014885,0.30976534474807926,0.1542204930622681,0.7470589678940064
AEHIb.SG,Germany,Germany_EarlyMedieval_o1.SG,1503.0,0.1000776141881942,0.23524773460555895,0.12106411702057913,0.7574617585517504
Alh10.SG,Germany,Germany_EarlyMedieval.SG,1477.0,0.9468310475349426,0.2524090267854239,0.13571873341345553,0.8230256686436711
Alh1.SG,Germany,Germany_EarlyMedieval.SG,1500.0,0.9619736075401306,0.3652435861668384,0.11315607043714807,0.7793013390836288
Alh2.SG,Germany,Germany_EarlyMedieval.SG,1529.0,0.064231276512146,0.2656362168326032,0.12912657175335723,0.7766325608476654
Alh3a.SG,Germany,Germany_EarlyMedieval.SG,1491.0,0.3427117168903351,0.2960609415442064,0.14948628136871514,0.7921548109313621
BIM33.SG,Germany,Germany_EarlyMedieval.SG,1475.0,0.1362143009901046,0.312354497274885,0.1448994739975491,0.770424595020778
BIM37b.SG,Germany,Germany_EarlyMedieval.SG,1350.0,0.1079137027263641,0.27357641893180346,0.11299355818045072,0.7902954545628841
Ker1.SG,Ukraine,Crimea_Pantikapaion.SG,1604.0,0.3885230720043182,0.05430127793141614,0.7826310601674568,0.19056960014445556
NW255a.SG,Germany,Germany_EarlyMedieval_oSteppe.SG,1467.0,0.1545222997665405,0.2991101846764217,0.19132648300222893,0.7877241238933509
NW54.SG,Germany,Germany_EarlyMedieval_o1.SG,1482.0,0.1777523905038833,0.2157914829595298,0.08341333282375585,0.7517637486954494
STR220c.SG,Germany,Germany_EarlyMedieval.SG,1445.0,0.3976227343082428,0.3018801307317197,0.15098933191883124,0.767128206379839
STR228.SG,Germany,Germany_EarlyMedieval_o3.SG,1471.0,0.1971325576305389,0.24582046574554092,0.16065949067344512,0.8015111597978658
STR241.SG,Germany,Germany_EarlyMedieval.SG,1455.0,0.0762806236743927,0.2785407970518827,0.1151365005120481,0.7716652700843093
STR248b.SG,Germany,Germany_EarlyMedieval_o3.SG,1405.0,0.1061886623501777,0.2967785082989465,0.12236494220794722,0.7750369974989949
STR266b.SG,Germany,Germany_EarlyMedieval.SG,1430.0,0.0503944419324398,0.30247115843695827,0.09238014287334508,0.7134256235526616
STR300b.SG,Germany,Germany_EarlyMedieval_o1.SG,1430.0,0.32862588763237,0.20672687763373077,0.14050080751901767,0.8093804818490822
STR310.SG,Germany,Germany_EarlyMedieval_o1.SG,1430.0,0.5236230492591858,0.32766456017878626,0.18466455331149492,0.8163749144500806
STR316b.SG,Germany,Germany_EarlyMedieval.SG,1455.0,0.1624954491853714,0.26392653715461795,0.1117642109995467,0.7430876472327996
STR328c.SG,Germany,Germany_EarlyMedieval_o2.SG,1497.0,0.2188225090503692,0.29316782412220416,0.11509328316625607,0.720869940574472
STR355c.SG,Germany,Germany_EarlyMedieval.SG,1430.0,0.4652375876903534,0.22680020531021783,0.18820138692864286,0.8243852951863275
STR360c.SG,Germany,Germany_EarlyMedieval_o4.SG,1430.0,0.0559604801237583,0.2465156284762231,0.11083214161536746,0.75331023741064
STR393b.SG,Germany,Germany_EarlyMedieval.SG,1455.0,0.0846901014447212,0.23705990605253335,0.10478734143193663,0.7783016436737006
STR480.SG,Germany,Germany_EarlyMedieval.SG,1430.0,0.157823160290718,0.27759028174301004,0.13333924517420262,0.7574544373423223
STR486.SG,Germany,Germany_EarlyMedieval.SG,1455.0,0.2821551859378814,0.26330450085214613,0.10881827724333569,0.7502247656444714
STR502b.SG,Germany,Germany_EarlyMedieval_o1.SG,1364.0,0.0614478513598442,0.2966172098933259,0.1412993657071248,0.7984077368276192
STR535.SG,Germany,Germany_EarlyMedieval_o1.SG,1483.0,0.1310205161571502,0.23590195924746468,0.10858437785128025,0.7639423394238773
Vim2b.SG,Serbia,Serbia_Medieval_Gepidian.SG,1400.0,0.3789822161197662,-0.25392825267863683,0.8246860235518662,-0.11319051669255047
ALM001_merged.AG,Spain,Spain_Almoloya_Argar_Early.AG,3821.0,0.401544839143753,-1.1281488048101893,0.0883934286637955,-1.2500332355710178
ALM002_merged.AG,Spain,Spain_Almoloya_Argar_Early.AG,3800.0,0.4443870484828949,-1.1200374310475152,0.0870433278504786,-1.3270551582630803
ALM003.AG,Spain,Spain_Almoloya_Argar_Late.AG,3825.0,0.4871108531951904,-1.1593910125062394,0.07186412446604147,-1.2668997953350687
ALM004.AG,Spain,Spain_Almoloya_Argar_Early.AG,3825.0,0.2525147795677185,-1.1811119705570068,0.10583588295252457,-1.2814279923229708
ALM006.AG,Spain,Spain_Almoloya_Argar_Early.AG,3780.0,0.655083954334259,-1.1498240634711703,0.06812759539427071,-1.2631884338187727
ALM007.AG,Spain,Spain_Almoloya_Argar_Early.AG,3825.0,0.418917715549469,-1.124108088502366,0.07915019141439793,-1.2837205829838156
ALM008.AG,Spain,Spain_Almoloya_Argar_Early.AG,3825.0,0.603053629398346,-1.1349127653111861,0.0898052629655007,-1.320436552313429
ALM014.AG,Spain,Spain_Almoloya_Argar_Early.AG,3825.0,0.1399020105600357,-1.151724262919639,0.10399527069665677,-1.2278669043324497
ALM015_merged.AG,Spain,Spain_Almoloya_Argar_Early.AG,3773.0,0.5698772072792053,-1.159622990775534,0.109505435290044,-1.2789151262474348
ALM016_merged.AG,Spain,Spain_Almoloya_Argar_Early.AG,3803.0,0.7086040377616882,-1.135128971488539,0.09364292745960498,-1.2629008153212866
ALM017.AG,Spain,Spain_Almoloya_Argar_Early.AG,3752.0,0.6658681035041809,-1.148021084194571,0.07466079497269855,-1.2696592823107569
ALM018.AG,Spain,Spain_Almoloya_Argar_Early.AG,3825.0,0.2520857453346252,-1.1322242490208874,0.09742777759782083,-1.2539438276996346
ALM019_merged.AG,Spain,Spain_Almoloya_Argar_Early.AG,3946.0,0.7094604969024658,-1.1619075362335884,0.07697069441021537,-1.275080880267794
ALM020.AG,Spain,Spain_Almoloya_Argar_Early.AG,3825.0,0.5346618294715881,-1.1920616539799471,0.08368659332305378,-1.32548281815994
ALM021.AG,Spain,Spain_Almoloya_Argar_Early.AG,3825.0,0.5942962765693665,-1.1818329731548805,0.1191914674267262,-1.252754451509189
ALM024.AG,Spain,Spain_Almoloya_Argar_Early.AG,3825.0,0.1162720918655395,-1.1341744164170688,0.09101283707232274,-1.2847789881426526
ALM025.AG,Spain,Spain_Almoloya_Argar_Early.AG,3825.0,0.3358601927757263,-1.0720990526929757,0.0836593626193142,-1.2179496611258496
ALM026.AG,Spain,Spain_Almoloya_Argar_Early.AG,3825.0,0.4212080538272857,-1.145381723197446,0.11500522367042854,-1.2994559754561876
ALM027.AG,Spain,Spain_Almoloya_Argar_Early.AG,3825.0,0.1126849427819252,-1.1501776213183532,0.06690562138576853,-1.2878392027484464
ALM028_merged.AG,Spain,Spain_Almoloya_Argar_Early.AG,3825.0,0.5264356732368469,-1.1461236589465416,0.12211308018232668,-1.2333498155981981
ALM029.AG,Spain,Spain_Almoloya_Argar_Late.AG,3825.0,0.3269422054290771,-1.097874987509304,0.08276000976214501,-1.3046190918686331
ALM030.AG,Spain,Spain_Almoloya_Argar_Late_daughter.ALM039.ALM038.AG,3825.0,0.0782643780112266,-1.1142155283184692,0.06343569690795832,-1.2986632523815196
ALM031.AG,Spain,Spain_Almoloya_Argar_Late_daughter.ALM039.AG,3600.0,0.2322497814893722,-1.1463535325249692,0.08808521903594484,-1.2698741029032186
ALM032.AG,Spain,Spain_Almoloya_Argar_Late.AG,3600.0,0.3903073072433471,-1.1877187982098099,0.11748080454761733,-1.2468134369937673
ALM034.AG,Spain,Spain_Almoloya_Argar_Early_father.or.son.ALM049.1d.rel.ALM048.MMI003.AG,3822.0,0.5754140615463257,-1.1656511946633434,0.11683446101374158,-1.2652706348327
ALM035.AG,Spain,Spain_Almoloya_Argar.AG,3725.0,0.5739834308624268,-1.1736301834908203,0.11212951283357932,-1.285053241093663
ALM036.AG,Spain,Spain_Almoloya_Argar_Late.AG,3825.0,0.5379399657249451,-1.155162615516297,0.11220136045265512,-1.2537218320077177
ALM038_merged.AG,Spain,Spain_Almoloya_Argar_Late.AG,3598.0,0.3229349553585052,-1.180228333705984,0.06494229120128799,-1.2631917545618496
ALM039.AG,Spain,Spain_Almoloya_Argar_Late.AG,3580.0,0.5518571138381958,-1.1120053500654605,0.03147228612090662,-1.3321420082419824
ALM040.AG,Spain,Spain_Almoloya_Argar_Early.AG,3842.0,0.2587385475635528,-1.1515193084767774,0.1328390596072615,-1.257514691078449
ALM041.AG,Spain,Spain_Almoloya_Argar_Early.AG,3814.0,0.6448999047279358,-1.1573945171116087,0.08546128723039138,-1.2584053924226268
ALM042.AG,Spain,Spain_Almoloya_Argar_Early.AG,3825.0,0.5909816026687622,-1.1290340484591437,0.05190691367560664,-1.2614882044486901
ALM043.AG,Spain,Spain_Almoloya_Argar_Early.AG,3754.0,0.2706102728843689,-1.119931313047351,0.11897066271915897,-1.2588343831691626
ALM044.AG,Spain,Spain_Almoloya_Argar_Early.AG,3775.0,0.0666448771953582,-1.1260066266422475,0.0995215769868463,-1.2476748688589774
ALM046.AG,Spain,Spain_Almoloya_Argar_Early.AG,3763.0,0.1094092279672622,-1.1440749509603398,0.09422791809265786,-1.2789652696729075
ALM047.AG,Spain,Spain_Almoloya_Argar.AG,3725.0,0.3473361730575561,-1.1793615265681885,0.09795400659719367,-1.3103895013972129
ALM048.AG,Spain,Spain_Almoloya_Argar_Early.AG,3825.0,0.1022397950291633,-1.1120369431698205,0.057297049578837515,-1.2815254725699503
ALM049.AG,Spain,Spain_Almoloya_Argar_Early.AG,3825.0,0.0807396173477172,-1.1169329875309926,0.09260425893617319,-1.2828987256317037
ALM050.AG,Spain,Spain_Almoloya_Argar_Early.AG,3825.0,0.6275408267974854,-1.118984885481182,0.1324379869078804,-1.2267541556071806
ALM051.AG,Spain,Spain_Almoloya_Argar_Late.AG,3825.0,0.5049022436141968,-1.1065356483364748,0.05062769014175978,-1.260133663988185
ALM052.AG,Spain,Spain_Almoloya_Argar_son.ALM015.ALM016.AG,3765.0,0.1642683446407318,-1.1613096062022386,0.07784467788399906,-1.2521121090475957
ALM053.AG,Spain,Spain_Almoloya_Argar.AG,3600.0,0.4451064169406891,-1.1907116015239902,0.05432118544903843,-1.2564202989004025
ALM055.AG,Spain,Spain_Almoloya_Argar_Late.AG,3825.0,0.2794423103332519,-1.1238795830302934,0.09666876785190308,-1.2624147522788456
ALM056_merged.AG,Spain,Spain_Almoloya_Argar.AG,3725.0,0.139883354306221,-1.1698754762052397,0.11617524992625002,-1.2683134689955973
ALM057.AG,Spain,Spain_Almoloya_Argar_Late.AG,3696.0,0.3075555562973022,-1.1422230248957768,0.08652095930852917,-1.2681504133482222
ALM058.AG,Spain,Spain_Almoloya_Argar_Late_son.ALM064.ALM086.AG,3825.0,0.4904733300209045,-1.1328458102964105,0.09023028022232986,-1.2895780696484314
ALM060.AG,Spain,Spain_Almoloya_Argar_daughter.ALM017.AG,3713.0,0.6710156202316284,-1.1414107783921368,0.08417440851792274,-1.289317280851152
ALM062.AG,Spain,Spain_Almoloya_Argar.AG,3825.0,0.1843808591365814,-1.1734123492101804,0.053580156095071406,-1.2890673291485777
ALM063.AG,Spain,Spain_Almoloya_Argar_Late.AG,3600.0,0.5181575417518616,-1.137368420605196,0.10748704265370024,-1.2910053546359477
ALM064.AG,Spain,Spain_Almoloya_Argar_Late.AG,3825.0,0.6143787503242493,-1.1663965724856988,0.11784346690800701,-1.253674426848759
ALM067.AG,Spain,Spain_Almoloya_Argar_Late.AG,3600.0,0.519795835018158,-1.1423998307174719,0.09802570515365779,-1.3147410881271941
ALM068.AG,Spain,Spain_Almoloya_Argar_Late.AG,3600.0,0.5911518931388855,-1.1839481382113493,0.03795511197366967,-1.2602055409096222
ALM069.AG,Spain,Spain_Almoloya_Argar.AG,3600.0,0.4406458139419555,-1.1410333886855737,0.11849276787239539,-1.2454515138278737
ALM070.AG,Spain,Spain_Almoloya_Argar.AG,3600.0,0.1035933941602706,-1.1598979298356948,0.10337033182527268,-1.2807194629450644
ALM071.AG,Spain,Spain_Almoloya_Argar.AG,3825.0,0.2900658845901489,-1.1297961000424626,0.06962869463792844,-1.2290364965387652
ALM075.AG,Spain,Spain_Almoloya_Argar.AG,3825.0,0.3015093803405761,-1.1744089195815874,0.09617130034576257,-1.2699485342343995
ALM076.AG,Spain,Spain_Almoloya_Argar_Late.AG,3825.0,0.5962938070297241,-1.194531799726484,0.0809384246928191,-1.2886378777113885
ALM077.AG,Spain,Spain_Almoloya_Argar_mother.or.daughter.ALM068.AG,3825.0,0.1584606170654297,-1.1447510795358227,0.07736559877815373,-1.2702678805999499
ALM078.AG,Spain,Spain_Almoloya_Argar_Late.AG,3600.0,0.304498016834259,-1.1411801712322138,0.10805955601604483,-1.2674522637112686
ALM079.AG,Spain,Spain_Almoloya_Argar.AG,3825.0,0.0842553973197937,-1.1715457928507989,0.11980196641140227,-1.2658230864454454
ALM080.AG,Spain,Spain_Almoloya_Argar_Late_brother.ALM081.AG,3600.0,0.6599816679954529,-1.1452941880172287,0.08097005197302759,-1.2530613133481827
ALM081.AG,Spain,Spain_Almoloya_Argar_Late.AG,3825.0,0.694534420967102,-1.1523740486852727,0.07384779749477371,-1.2841876260135319
ALM084.AG,Spain,Spain_Almoloya_Argar.AG,3600.0,0.5873798727989197,-1.1475677732097191,0.09630116707905516,-1.2534765400314345
ALM086.AG,Spain,Spain_Almoloya_Argar_Late.AG,3788.0,0.5494597554206848,-1.17754203866559,0.08976820499269493,-1.2681359893266364
ALM087.AG,Spain,Spain_Almoloya_Argar_Late.AG,3825.0,0.2345133423805236,-1.16671607210529,0.07424193911357199,-1.2702675837541169
ALM088.AG,Spain,Spain_Almoloya_Argar.AG,3600.0,0.4469539225101471,-1.132011901500673,0.06147076809515829,-1.2704564595903702
BAS002.AG,Spain,Spain_Bastida_Argar_Late.AG,3515.0,0.5345223546028137,-1.1512687197232592,0.0759223653483447,-1.287873904368257
BAS003.AG,Spain,Spain_Bastida_Argar.AG,3914.0,0.0552605688571929,-1.1591488590370662,0.13126581090194678,-1.2577248551458753
BAS018.AG,Spain,Spain_Bastida_Argar_Late.AG,3670.0,0.2150723487138748,-1.156035120141888,0.06876858429526446,-1.3086014019149714
BAS022.AG,Spain,Spain_Bastida_Argar.AG,3600.0,0.6201791763305664,-1.1687398266657438,0.04789304109448558,-1.3226481293806527
BAS023.AG,Spain,Spain_Bastida_Argar.AG,3961.0,0.5236197710037231,-1.1558037510196886,0.07410687630621532,-1.253822092873773
BAS024.AG,Spain,Spain_Bastida_Argar.AG,4029.0,0.6129156947135925,-1.1584906620957587,0.11689080435409745,-1.2490526088908183
BAS025.AG,Spain,Spain_Bastida_Argar.AG,3981.0,0.5066094398498535,-1.1586823942962814,0.10333986268441187,-1.2632030060917285
BAS026.AG,Spain,Spain_Bastida_Argar_Late.AG,3825.0,0.1142258867621421,-1.0935792556477737,0.06657244435917414,-1.3113311799037335
BAS027.AG,Spain,Spain_Bastida_Argar.AG,3825.0,0.4177766144275665,-1.116694527028612,0.08518737964217588,-1.283483173818237
CBR004.AG,Spain,Spain_SE_CabezoRedondo_BA.AG,3448.0,0.6170607805252075,-1.1467690083488438,0.09944491885099781,-1.286037579192902
CDM001.AG,Spain,Spain_SE_Iberia_CA.AG,4337.0,0.3189763724803924,-1.1259447424340407,0.06072523622095891,-1.28347664247586
CDM002.AG,Spain,Spain_SE_Iberia_CA.AG,4435.0,0.3611373007297516,-1.1796153444469322,0.08650224109281139,-1.2841780851812843
CDM003.AG,Spain,Spain_SE_Iberia_CA.AG,4750.0,0.302211731672287,-1.1720898087686662,0.13382353486292653,-1.2537038848806137
CDM004.AG,Spain,Spain_SE_Iberia_CA.AG,4750.0,0.0839918181300163,-1.1179496310096997,0.03113557410108877,-1.284510564509112
CDM005.AG,Spain,Spain_SE_Iberia_CA.AG,4750.0,0.1131796687841415,-1.116916314759638,0.07975376642346031,-1.2821236783929675
CDM006.AG,Spain,Spain_SE_Iberia_CA.AG,4239.0,0.3223193883895874,-1.1373756955098326,0.07682880568076576,-1.2235840865041139
CDP001.AG,Spain,Spain_SE_Iberia_CA.AG,4750.0,0.5793653726577759,-1.1493323118762129,0.07291076608316285,-1.2698245132292798
CDP002.AG,Spain,Spain_SE_Iberia_CA.AG,4750.0,0.3583733439445495,-1.1303192944874652,0.0722541470117356,-1.2535508222678513
CDP003.AG,Spain,Spain_SE_Iberia_CA_father.CDP011.AG,4750.0,0.090444304049015,-1.1388939185812756,0.14768221834276826,-1.2553742636517071
CDP006.AG,Spain,Spain_SE_Iberia_CA.AG,4750.0,0.2022476643323898,-1.1375601407229505,0.11657981290050741,-1.2605315444532101
CDP009.AG,Spain,Spain_SE_Iberia_CA_father.or.son.CDP006.AG,4750.0,0.0711241513490676,-1.1138092722008848,0.12254965335951239,-1.2725954440939182
CDP011.AG,Spain,Spain_SE_Iberia_CA.AG,4750.0,0.4204959869384765,-1.1463563639248486,0.07580688209192246,-1.2583215397820877
CLL001.AG,Spain,Spain_SE_Iberia_CA.AG,4750.0,0.3900291323661804,-1.14939950814904,0.08027504752026669,-1.2596680078276796
CLL002.AG,Spain,Spain_SE_Iberia_CA.AG,4750.0,0.4087953567504883,-1.1748813947256338,0.07903200945836282,-1.2868044634556088
CLL003.AG,Spain,Spain_SE_Iberia_CA.AG,4750.0,0.2532446980476379,-1.1108330837141331,0.050787746960701895,-1.268848802765114
CLL004.AG,Spain,Spain_SE_Iberia_CA.AG,4750.0,0.5638326406478882,-1.1051345843694893,0.1092866210162452,-1.203017711322251
CLL005.AG,Spain,Spain_SE_Iberia_CA.AG,4750.0,0.1747921556234359,-1.1244585735314034,0.09716047554838254,-1.2220600330277442
CLL006.AG,Spain,Spain_SE_Iberia_CA.AG,4750.0,0.434867262840271,-1.1797138335821071,0.09567240942403486,-1.260553924006764
CLL008.AG,Spain,Spain_SE_Iberia_CA.AG,4750.0,0.3394749164581299,-1.1892903889200015,0.12262635229878287,-1.3108862962956254
CLL009.AG,Spain,Spain_SE_Iberia_CA.AG,4750.0,0.3954743444919586,-1.1683923519043808,0.06158213893392207,-1.2720119008351372
CLL010.AG,Spain,Spain_SE_Iberia_CA.AG,4750.0,0.3311100602149963,-1.1775752391578755,0.1033606942468273,-1.274594614927954
CLL011.AG,Spain,Spain_SE_Iberia_CA.AG,4750.0,0.2829402387142181,-1.1341687546072654,-0.003467529594659919,-1.2027260149733314
CMO001.AG,Spain,Spain_SE_Iberia_BA_Argar.AG,3729.0,0.3007535338401794,-1.1233715267616555,0.07444487661132553,-1.3058164648189723
CMO002.AG,Spain,Spain_SE_Iberia_BA_Argar.AG,3764.0,0.1988000124692917,-1.1153273779023087,0.07973187257698833,-1.285072892959742
CMO003.AG,Spain,Spain_SE_Iberia_BA_Argar.AG,3600.0,0.1103621795773506,-1.1175992995314352,0.1000177630068526,-1.211014037872217
EFA006.AG,Spain,Spain_Aritgues_LBA.AG,3050.0,0.1557372063398361,-1.153211335686385,0.07842516391461242,-1.2718710521699346
EFA007.AG,Spain,Spain_Aritgues_LBA_father.or.son.EFA006.AG,3050.0,0.116537295281887,-1.1341181587335596,0.08206087792480603,-1.1942243179444183
EFA009.AG,Spain,Spain_Aritgues_LBA.AG,3050.0,0.0733779743313789,-1.1906405455227007,0.09670053707523873,-1.2834890510762824
EFA010.AG,Spain,Spain_Aritgues_LBA.AG,3050.0,0.2351410686969757,-1.2217095787111572,0.15142203256398845,-1.2736885382547027
EFA011.AG,Spain,Spain_Aritgues_LBA.AG,3050.0,0.2980333566665649,-1.1513376013905774,0.0807941557441259,-1.2583802184077284
LHO001.AG,Spain,Spain_LaHorna_BA_1d.LHO001_brother.LHO002.AG,3461.0,0.6171954274177551,-1.140039970061233,0.07800002401017365,-1.2589959494968246
LHO002.AG,Spain,Spain_LaHorna_BA_1d.LHO001.AG,3500.0,0.6327183842658997,-1.1504357577894477,0.09667607823520263,-1.2690589464001212
LHO003.AG,Spain,Spain_SE_Iberia_BA_Valencian.AG,3524.0,0.5801430940628052,-1.1617018986586063,0.09937458975591758,-1.2729001322377365
LOT001.AG,Spain,Spain_SE_Iberia_BA_Argar.AG,3849.0,0.0914661884307861,-1.146121308715952,0.10641455064582521,-1.2243425339160157
MDP001.AG,Spain,Spain_MolinosPapel_Early_Argar_father.or.son.MDP003.AG,4155.0,0.104899950325489,-1.1274662293436302,0.06269972761465505,-1.2889204707789281
MDP002.AG,Spain,Spain_MolinosPapel_Early_Argar.AG,4050.0,0.3252942264080047,-1.1833642399086823,0.137169090229025,-1.2700082802609172
MDP003.AG,Spain,Spain_MolinosPapel_Early_Argar.AG,4040.0,0.1610031723976135,-1.148550225710154,0.09524716028137169,-1.3013214575369407
MIV001.AG,Spain,Spain_NE_Iberia_BA.AG,4050.0,0.1771222203969955,-1.1343548546409106,0.040455246960898035,-1.2668510947539435
MMI004.AG,Spain,Spain_SE_Iberia_BA_Argar.AG,3450.0,0.0617373846471309,-1.1361330648780166,0.05431720190484177,-1.3077003225472281
VLBA013.AG,Spain,Spain_SW_Iberia_CA.AG,4350.0,0.3178287744522095,-1.1764491506120744,0.09076585804057774,-1.2387998504823168
VLBA014.AG,Spain,Spain_SW_Iberia_CA.AG,3600.0,0.206819400191307,-1.1814009213591483,0.09304898439869443,-1.2841355509588581
VLBA015.AG,Spain,Spain_SW_Iberia_CA.AG,4750.0,0.1660201400518417,-1.1258211026208846,0.056799943826509866,-1.267888839545129
VLBA016.AG,Spain,Spain_SW_Iberia_CA.AG,4750.0,0.2959522604942322,-1.1518249887636298,0.11536703174914005,-1.247899398268292
VLBA017.AG,Spain,Spain_SW_Iberia_CA.AG,4750.0,0.2416568249464035,-1.120284098846381,0.06283961449338435,-1.2592334878839484
VLBA019.AG,Spain,Spain_SW_Iberia_CA.AG,4750.0,0.2159831225872039,-1.1370450608729625,0.07332696799899259,-1.2895047514584723
VLBA020.AG,Spain,Spain_SW_Iberia_CA.AG,4750.0,0.2284988015890121,-1.152514994092022,0.08436237331956983,-1.2910335574125003
VLBA021.AG,Spain,Spain_SW_Iberia_CA.AG,4750.0,0.3861540853977203,-1.163272710307489,0.08634665937186761,-1.2739153777822172
VLBA033.AG,Spain,Spain_SW_Iberia_CA.AG,4750.0,0.2889604568481445,-1.1359257308212585,0.11706732211715433,-1.2648990263810467
PLZ001.AG,Spain,Spain_SE_Iberia_BA_Valencian.AG,4750.0,0.6344580054283142,-1.1102107926051712,0.06768942800721627,-1.3009571377944549
PUC001.AG,Spain,Spain_SE_Iberia_BA_Valencian.AG,3741.0,0.6252424120903015,-1.193475613297232,0.04042154088534065,-1.1926771340958406
PUC002.AG,Spain,Spain_SE_Iberia_BA_Valencian.AG,3610.0,0.6408659219741821,-1.1411755075688563,0.08790930894734207,-1.2585694325959984
PUC003.AG,Spain,Spain_SE_Iberia_BA_Valencian.AG,3761.0,0.5947601795196533,-1.1478733377681198,0.09272622940980559,-1.2170550218724923
PUC004.AG,Spain,Spain_SE_Iberia_BA_Valencian.AG,3644.0,0.6014081239700317,-1.171547136884121,0.10823526165071512,-1.286312361635096
ZAP002.AG,Spain,Spain_Zapateria_Argar.AG,3825.0,0.5287105441093445,-1.1295673637720414,0.06794044457446476,-1.2154690753167876
BAL051_merged.AG,Spain,Spain_Azilian.AG,13015.0,0.2860999703407287,-1.0721782486823659,0.09844652850512879,-1.1536498832505808
CHA001_merged.AG,Spain,Spain_EN.AG,7127.0,0.2903172969818115,-1.1582875440346008,0.027031400767739217,-1.2722686340066927
CHA002_merged.AG,Spain,Spain_EN.AG,7127.0,0.1231479346752166,-1.0712005888119729,0.0718035246350013,-1.2517021616923536
CHA003_merged.AG,Spain,Spain_EN.AG,7075.0,0.3237678706645965,-1.113606024678758,0.0488984841307269,-1.1798241532515112
CHA004.A0102.AG,Spain,Spain_EN.AG,6420.0,0.056718785315752,-1.1446423888019603,0.0922360182197543,-1.2404373943303888
CMS001_merged.AG,Portugal,Portugal_Mesolithic.AG,8067.0,0.1534379571676254,-1.6043290979285731,0.22918545767849843,-0.5039416025948519
ELT002_merged.AG,Spain,Spain_MLN.AG,5753.0,0.7002683877944946,-1.128373031762406,0.07154646331032626,-1.241922369767675
ELT006_merged.AG,Spain,Spain_MLN.AG,5809.0,0.6034818887710571,-1.0859677221240642,0.11519385831275213,-1.2588835251228887
FUC003_merged.AG,Spain,Spain_EN.AG,7019.0,0.3758581578731537,-1.127606698386665,0.08066333465080781,-1.2442742583068662
MLZ005003.AG,Spain,Spain_Solutrean.AG,22889.0,0.1821756958961486,-1.1070818023215185,0.11562566643665673,-1.1852208016290724
AY2001.AG,Russia,Russia_Steppe_Maikop_o2.AG,5397.0,0.7060971856117249,0.5307442310790144,-0.10585792925497309,-0.259386724050304
AY2003.AG,Russia,Russia_Steppe_Maikop.AG,5452.0,0.6479282975196838,0.5801420116955881,-0.11623227902932433,-0.23787137127286567
BU2001.AG,Russia,Russia_North_Caucasus.AG,4675.0,0.2750230431556701,0.5230822400263352,-0.10685983673637697,-0.2741245789190991
GW1001.AG,Russia,Russia_North_Caucasus.AG,4718.0,0.4655555188655853,0.5763610934261434,-0.10998578327628478,-0.24966939883468037
I1722.AG,Russia,Russia_Caucasus_Eneolithic_sibling.I2055_sibling.I2056.AG,6408.0,0.1745261400938034,0.5353011336889728,-0.11323309669780479,-0.24287872998618726
I1723.AG,Russia,Russia_North_Caucasus.AG,4696.0,0.0695840194821357,0.5568748318113084,-0.11638038278324066,-0.29366842989838876
I2051.AG,Russia,Russia_Caucasus_LBA_Dolmen.AG,3275.0,0.0781370475888252,0.5082028874991312,-0.09290363328256351,-0.29795189840315023
I2055.AG,Russia,Russia_Caucasus_Eneolithic_sibling.I2056_sibling.I1722.AG,6508.0,0.1705602407455444,0.5304819460538687,-0.10504728141821426,-0.24551338399089379
I2056.AG,Russia,Russia_Caucasus_Eneolithic.AG,6466.0,0.6395228505134583,0.4995341261871873,-0.09256153439046497,-0.2784998939802812
I6266.AG,Russia,Russia_Caucasus_Maikop_Novosvobodnaya.AG,5385.0,0.467408686876297,0.4828426414501072,-0.09517583217264468,-0.21561808797940424
I6267.AG,Russia,Russia_Caucasus_Maikop_Novosvobodnaya.AG,5410.0,0.1731060445308685,0.4603040800359856,-0.11325406669823036,-0.24845811699265005
I6268.AG,Russia,Russia_Caucasus_Maikop_Novosvobodnaya.AG,5550.0,0.3197914361953735,0.5168767125813962,-0.1054544179028713,-0.264709143093464
I6272.AG,Russia,Russia_Caucasus_Maikop_Novosvobodnaya.AG,5040.0,0.4117336869239807,0.5153632068321466,-0.11509856072696759,-0.27155010258005724
IV3002.AG,Russia,Russia_Steppe_Maikop_o.AG,5201.0,0.2156278938055038,0.5185057023693723,-0.13491181259068508,-0.26842269330869123
KBD001.AG,Russia,Russia_North_Caucasus_MBA.AG,4030.0,0.7916420698165894,0.5374912625701852,-0.11827874147023565,-0.28827372569829757
KBD002.AG,Russia,Russia_North_Caucasus_MBA_rel.KBD001.AG,4035.0,0.666257381439209,0.5178223120596138,-0.11899890082084871,-0.2639478491387632
KDC001.AG,Russia,Russia_North_Caucasus_MBA.AG,3838.0,0.6291863918304443,0.48251733143863645,-0.09115096465343571,-0.28084684703807095
KDC002.AG,Russia,Russia_North_Caucasus_MBA.AG,3750.0,0.576695442199707,0.5215577702967396,-0.1184008567958429,-0.25885488774603277
LYG001.AG,Russia,Russia_North_Caucasus.AG,4670.0,0.48764368891716,0.559875182574673,-0.11100584203603914,-0.2330612378970764
MK3003.AG,Russia,Russia_Steppe_Catacomb.AG,4477.0,0.4052122831344604,0.5017749576092585,-0.12194758704753063,-0.2893765743730115
MK5001.AG,Russia,Russia_Caucasus_LateMaikop_rel.MK5004.AG,5150.0,0.6304143071174622,0.49420653638662987,-0.10540305092393248,-0.2594409192337737
MK5004.AG,Russia,Russia_Caucasus_LateMaikop.AG,5150.0,0.6968742609024048,0.5332405713756424,-0.11076900091238832,-0.27604555018848453
MK5009.AG,Russia,Russia_North_Caucasus.AG,4705.0,0.3822652399539947,0.5499328470430315,-0.12262520911744204,-0.2804190791424536
NV3001.AG,Russia,Russia_Steppe_Lola.AG,3945.0,0.6927623748779297,0.5301869332211131,-0.1290862689766788,-0.23105764030407325
OSS001.AG,Russia,Russia_Caucasus_Maikop.AG,5582.0,0.3571065366268158,0.5162456763033846,-0.10449342759077744,-0.27390580137703047
PG2001.AG,Russia,Russia_Steppe_Eneolithic.AG,6850.0,0.7539555430412292,0.559746540610423,-0.12662627282578082,-0.28840543026835497
PG2002.AG,Russia,Russia_NorthCaucasus_EBA.AG,4361.0,0.2545115053653717,0.5302119853538197,-0.11202427853032525,-0.26012391628514014
PG2004.AG,Russia,Russia_Steppe_Eneolithic.AG,6088.0,0.7433968782424927,0.5649176191113534,-0.11433583134478552,-0.20663629827661154
RK1001.AG,Russia,Russia_Caucasus_EBA_Yamnaya.AG,4717.0,0.5381459593772888,0.5640823612420038,-0.12161603378166802,-0.2427176976713058
RK1003.AG,Russia,Russia_North_Caucasus.AG,4764.0,0.1570145636796951,0.5295705992896885,-0.12377912389424493,-0.2863593183513319
RK1007.AG,Russia,Russia_Caucasus_EBA_Yamnaya.AG,5105.0,0.1697832942008972,0.5660782171305212,-0.12759903654104907,-0.24405725441973325
RK4001.AG,Russia,Russia_Steppe_Catacomb.AG,4238.0,0.4798011183738708,0.5681955600284153,-0.10364151764103313,-0.24630971472258256
RK4002.AG,Russia,Russia_Steppe_Catacomb.AG,4510.0,0.5510874390602112,0.5387359426305361,-0.12229178883676116,-0.2410635192783937
SA6001.AG,Russia,Russia_Steppe_Maikop.AG,5397.0,0.6465211510658264,0.555720911136848,-0.12083744752365698,-0.2462749525222774
SA6002.AG,Russia,Russia_LateMaikop.AG,5126.0,0.6306073069572449,0.486903583806706,-0.10625059367130754,-0.29033775139741547
SA6003.AG,Russia,Russia_Steppe_Catacomb.AG,4318.0,0.3461682796478271,0.5507702456812128,-0.12768798854156985,-0.248339279703129
SA6004.AG,Russia,Russia_Steppe_Maikop.AG,5159.0,0.6668989062309265,0.5347556165699054,-0.1153707859350554,-0.25110794571025485
SA6010.AG,Russia,Russia_EBA_Yamnaya_o.AG,4728.0,0.3303736448287964,0.5413558813626053,-0.10865720812069977,-0.2697932512200965
SA6013.AG,Russia,Russia_Steppe_Maikop_o.AG,5167.0,0.3683132231235504,0.5439260517255665,-0.11863811677263954,-0.26717393244637266
SIJ002.AG,Russia,Russia_LateMaikop_1d.rel.I11132.I11133.AG,5164.0,0.6162457466125488,0.5093319652697441,-0.12690456971161646,-0.2875266708225892
SIJ003.AG,Russia,Russia_LateMaikop_1d.rel.I11131.I11133.AG,5164.0,0.6498203873634338,0.4951931905975279,-0.12655442224770394,-0.2759328365459614
VJ1001.AG,Russia,Russia_Steppe_Eneolithic.AG,6230.0,0.7001288533210754,0.5642086338640323,-0.12332481355803618,-0.2593465295548177
ZO2002.AG,Russia,Russia_Caucasus_EBA_Yamnaya.AG,4850.0,0.4569781422615051,0.5777805249620236,-0.11224401766984661,-0.24402416000870988
UZZ5054.AG,Italy,Italy_Epigravettian.AG,10661.0,0.7056957483291626,-0.7917752495614239,0.12898873517752565,0.27776606096227036
UZZ4446.AG,Italy,Italy_Epigravettian.AG,8488.0,0.4247432947158813,-0.9537238848174638,0.18091036343593622,0.3645413859133051
UZZ026.AG,Italy,Italy_Epigravettian.AG,10666.0,0.0599823370575904,-0.9934985595119323,0.19105545533647766,0.38871165054459467
UZZ033.AG,Italy,Italy_Sicily_N_Stentinello.AG,7245.0,0.3216219246387481,-1.0466933652370893,0.23143703544069724,0.4124318279519578
UZZ034.AG,Italy,Italy_Sicily_N_Stentinello.AG,7265.0,0.298522412776947,-1.024905598005455,0.20616699764351282,0.40871909197268574
UZZ057.AG,Italy,Italy_Sicily_EBA.AG,4043.0,0.1968576163053512,-1.0393805468566741,0.20027423980017017,0.4156487794504181
UZZ069.AG,Italy,Italy_Epigravettian.AG,8628.0,0.6157518029212952,-0.9417534486782725,0.18036629721688108,0.38782948493007835
UZZ071.AG,Italy,Italy_Sicily_Mesolithic.AG,7884.0,0.4786770343780517,-0.9445024275413181,0.2114730105166525,0.37318345564265276
UZZ074.AG,Italy,Italy_Sicily_N_Stentinello.AG,7217.0,0.1633016020059585,-0.9995443856091841,0.18944786994979962,0.41275309808862715
UZZ075.AG,Italy,Italy_Sicily_N_Stentinello.AG,7217.0,0.7498307228088379,-0.9916801675143121,0.16327854145185783,0.41497807687261873
UZZ077.AG,Italy,Italy_Sicily_EN.AG,7367.0,0.1377276629209518,-1.0390310702746772,0.20469811606340355,0.3913973315534608
UZZ079.AG,Italy,Italy_Epigravettian.AG,8580.0,0.7696074843406677,-0.8901445551226882,0.21229116241675913,0.31367765943735915
UZZ080.AG,Italy,Italy_Epigravettian.AG,8580.0,0.8602269291877747,-0.9359612683436933,0.22365416753923564,0.3539989283658977
UZZ081.AG,Italy,Italy_Epigravettian.AG,8578.0,0.2679152488708496,-0.9918232337142717,0.20272212626788688,0.4006846268725081
UZZ082.AG,Italy,Italy_Epigravettian.AG,8580.0,0.7593536972999573,-0.9059013688435,0.16569473344987384,0.31139804959628636
UZZ088.AG,Italy,Italy_Sicily_Mesolithic.AG,7875.0,0.5324469208717346,-0.9453453668429677,0.20661289890430545,0.3614704729532919
UZZ096.AG,Italy,Italy_Epigravettian.AG,10250.0,0.0560918673872947,-0.9905107961360745,0.2064705484072171,0.3496150503031999
MS10614.SG,Spain,Ibiza_Punic.SG,2217.0,0.2916035652160644,-1.0950187400480644,0.041237893893982594,-1.2215476396471636
MOK10B.SG,Serbia,Serbia_Mokrin_EBA_Maros_1d.rel.MOK24A.SG,3900.0,0.6472015976905823,-0.31362721407494243,0.8577473249503447,-0.08174782466208065
MOK12.SG,Serbia,Serbia_Mokrin_EBA_Maros.SG,3900.0,0.4960872232913971,-0.3012615867812951,0.8824193416850714,-0.07997990947710613
MOK13.SG,Serbia,Serbia_Mokrin_EBA_Maros.SG,3900.0,0.7012131810188293,-0.30821958135659616,0.8880472205892784,-0.08341136144632935
MOK14.SG,Serbia,Serbia_Mokrin_EBA_Maros_1d.rel.MOK32.SG,3900.0,0.6037876605987549,-0.3165857950413271,0.8732932312523884,-0.0928612212324084
MOK15.SG,Serbia,Serbia_Mokrin_EBA_Maros.SG,3900.0,0.7497544884681702,-0.2991950754686504,0.882431846774151,-0.09130823644034393
MOK16A.SG,Serbia,Serbia_Mokrin_EBA_Maros_1d.rel.MOK15.SG,3900.0,0.7399589419364929,-0.30241595502320834,0.8811178008647021,-0.07434090996082372
MOK17A.SG,Serbia,Serbia_Mokrin_EBA_Maros_oAegean.SG,3900.0,0.5107083320617676,-0.3116675976097917,0.8370563856917361,-0.09518153134204312
MOK18A.SG,Serbia,Serbia_Mokrin_EBA_Maros_1d.rel.MOK12.SG,3900.0,0.2927325069904327,-0.31336400087079275,0.8691298516882678,-0.09723717634482062
MOK19A.SG,Serbia,Serbia_Mokrin_EBA_Maros.SG,3900.0,0.6137859225273132,-0.2964107519913149,0.86174188129872,-0.08207854756137421
MOK20.SG,Serbia,Serbia_Mokrin_EBA_Maros.SG,3900.0,0.5274088978767395,-0.31197701667033734,0.8916575308702079,-0.07897243360395369
MOK21A.SG,Serbia,Serbia_Mokrin_EBA_Maros.SG,3900.0,0.3478941321372986,-0.27369386146550834,0.8543204718908286,-0.10897040506021638
MOK22.SG,Serbia,Serbia_Mokrin_EBA_Maros.SG,3900.0,0.5975557565689087,-0.32861724666967246,0.8808057942587235,-0.07144689379135412
MOK23.SG,Serbia,Serbia_Mokrin_EBA_Maros_1d.rel.MOK28A.SG,3900.0,0.6207655668258667,-0.2943894243538701,0.8758386241797489,-0.09065075032627792
MOK24A.SG,Serbia,Serbia_Mokrin_EBA_Maros.SG,3900.0,0.6785557270050049,-0.29982950933558455,0.8499522273368852,-0.09673529977918692
MOK25A.SG,Serbia,Serbia_Mokrin_EBA_Maros.SG,3900.0,0.7247093319892883,-0.29190788694227177,0.8359127460830337,-0.08680795780249423
MOK26A.SG,Serbia,Serbia_Mokrin_EBA_Maros.SG,3900.0,0.6851047277450562,-0.2979138645341779,0.8753051737492706,-0.09293705828675489
MOK27.SG,Serbia,Serbia_Mokrin_EBA_Maros.SG,3900.0,0.515971839427948,-0.3005972435351193,0.8878480481992541,-0.08154042943280947
MOK28A.SG,Serbia,Serbia_Mokrin_EBA_Maros.SG,3900.0,0.6716166138648987,-0.30976436242149763,0.8914236880309541,-0.07700284026038091
MOK29A.SG,Serbia,Serbia_Mokrin_EBA_Maros.SG,3900.0,0.8093385696411133,-0.3016255495750836,0.8513879230879705,-0.0712587036787132
MOK30.SG,Serbia,Serbia_Mokrin_EBA_Maros.SG,3900.0,0.616777777671814,-0.3205099215759696,0.8701772873255429,-0.07485157969374165
MOK31.SG,Serbia,Serbia_Mokrin_EBA_Maros_oAegean.SG,3900.0,0.6055256724357605,-0.3263572717679301,0.904597458764583,-0.0641765609954145
MOK32.SG,Serbia,Serbia_Mokrin_EBA_Maros.SG,3900.0,0.6209423542022705,-0.30374032430851616,0.8403372132020599,-0.06602162650878009
MOK33.SG,Serbia,Serbia_Mokrin_EBA_Maros.SG,3900.0,0.6439372301101685,-0.3138064272390529,0.8461239935928779,-0.08034000715862707
MOK9B.SG,Serbia,Serbia_Mokrin_EBA_Maros.SG,3900.0,0.6486946940422058,-0.27748367569289656,0.8663890773898075,-0.08945036071273264
Goyet.SG,Belgium,Goyet_Neanderthal.SG,42436.0,0.8120490312576294,-0.18229019326259654,-0.021210242383865326,-0.07403870201663905
Mezmaiskaya2.SG,Russia,Mezmaiskaya2_Neanderthal.SG,43449.0,0.5851941704750061,0.31295004352753447,-0.09543172291878738,-0.14759990534481143
Spy.SG,Belgium,Spy_Neanderthal.SG,40922.0,0.3637333810329437,-0.15051134603350763,-0.03010456688353148,-0.1185714137171296
VindijaG1.SG,Croatia,VindijaG1_Neanderthal.SG,50000.0,0.4513569474220276,-0.17694618241317386,-0.138571467011405,0.42340731361747797
RISE109.SG,Poland,Poland_EBA_Unetice.SG,3821.0,0.1714604794979095,-0.47535464655816523,-0.22390325877106587,-0.5135616746457903
RISE150.SG,Poland,Poland_EBA_Unetice.SG,3744.0,0.5218314528465271,-0.49221699978894207,-0.21036789741449569,-0.5146113569610203
RISE154.SG,Poland,Poland_EBA_Unetice.SG,3786.0,0.1369766592979431,-0.45497631239108943,-0.19319207032398203,-0.5113234552632457
RISE174.SG,Sweden,Sweden_IA.SG,1405.0,0.5276367664337158,-1.2516033419254866,0.8266341077403637,-0.6077138848500729
RISE175.SG,Sweden,Sweden_BA.SG,3233.0,0.0907678976655006,-1.2647034009766027,0.8591922644119725,-0.5935373546792885
RISE240.SG,Russia,Russia_Remontnoye_EBA_Yamnaya.SG,4705.0,0.1753574311733245,0.5235513559725014,-0.1198134396183032,-0.2578370340609392
RISE247.SG,Hungary,Hungary_MBA_Vatya.SG,3607.0,0.1933329105377197,0.566841370055496,-0.1402767601040198,-1.047583669774869
RISE276.SG,Denmark,Denmark_LBA.SG,2612.0,0.0735199078917503,-0.858368344913807,0.37193082857678444,-0.15966551330847592
RISE373.SG,Hungary,Hungary_Maros_EBA.SG,3751.0,0.2080772817134857,0.5545640683349486,-0.06584526056818692,-0.9997795373621895
RISE374.SG,Hungary,Hungary_Maros_EBA.SG,3643.0,0.1120961382985115,0.5427764025897824,-0.08688598850038382,-0.9872533680064499
RISE431.SG,Poland,Poland_CordedWare_ProtoUnetice.SG,4125.0,0.0918944105505943,-0.46959195778651913,-0.21206740194681345,-0.48560737368313805
RISE434.SG,Germany,Germany_CordedWare.SG,4703.0,0.0881750658154487,0.34191441059743305,0.06885648614748127,0.7556541296967554
RISE446.SG,Germany,Germany_CordedWare.SG,4486.0,0.1494112461805343,0.23767817140707362,0.12835178145458734,0.7854947948693127
RISE471.SG,Germany,Germany_BA.SG,3543.0,0.0882204845547676,0.22773807089075304,0.027815039614353134,0.6774740480469335
RISE479.SG,Hungary,Hungary_MBA_Vatya_o2.SG,3700.0,0.7161708474159241,0.5355895389052376,-0.06303397223645008,-1.0244605660093682
RISE47.SG,Denmark,Denmark_BA.SG,3380.0,0.0806220173835754,-0.8262695690160895,0.4241751334385341,-0.15003618913465802
RISE480.SG,Hungary,Hungary_MBA_Vatya.SG,3550.0,0.1274658143520355,0.562625736300176,-0.08080979601916478,-1.0341244075936402
RISE483.SG,Hungary,Hungary_MBA_Vatya.SG,3700.0,0.1031951829791069,0.5111611383885022,-0.164073721315384,-1.0646566259806205
RISE484.SG,Hungary,Hungary_MBA_Vatya.SG,3700.0,0.128246009349823,0.5471879306492411,-0.07732619422360171,-1.0719840560577463
RISE486.SG,Italy,Italy_North_Remedello_EBA.SG,3902.0,0.1530105471611023,-1.0297205400155356,0.18491952603006082,0.41505376925419635
RISE487.SG,Italy,Italy_North_Remedello_C.SG,5207.0,0.1838261187076568,-1.0404641197473439,0.20582304273570065,0.41377792021308824
RISE489.SG,Italy,Italy_North_Remedello_C.SG,4702.0,0.3873438537120819,-1.0425884382439998,0.1894282114059147,0.3845706455173647
RISE546.SG,Russia,Russia_Remontnoye_EBA_Yamnaya.SG,4700.0,0.1382215768098831,0.5229762963106666,-0.10476030686491751,-0.3168382401673105
RISE547.SG,Russia,Russia_Remontnoye_EBA_Yamnaya.SG,4713.0,0.5122087001800537,0.5568255572310156,-0.12776714708688405,-0.27216962594617106
RISE548.SG,Russia,Russia_BA_Steppe_NorthCaucasus.SG,4600.0,0.596916675567627,0.5346223250890392,-0.10910170150673976,-0.2689039187657732
RISE550.SG,Russia,Russia_Kalmykia_EBA_Yamnaya.SG,4916.0,0.3837250769138336,0.4870921236153611,-0.11364236965513519,-0.2301741527478079
RISE552.SG,Russia,Russia_Kalmykia_EBA_Yamnaya.SG,4382.0,0.7816981673240662,0.5054110711320604,-0.09279764109433422,-0.24419846837570752
RISE555.SG,Russia,Russia_EBA_o1.SG,4598.0,0.1767337471246719,0.5246797424492089,-0.09467613403787266,-0.2886264627153407
RISE559.SG,Germany,Germany_Lech_BellBeaker_oEEF.SG,4278.0,0.1086330786347389,0.23236047358443954,0.13777317777875667,0.7941771997742921
RISE562.SG,Germany,Germany_BellBeaker.SG,4267.0,0.0518923960626125,0.2366874835037912,0.04507844340050063,0.8338735633103659
RISE563.SG,Germany,Germany_BellBeaker.SG,4411.0,0.1871951073408126,0.2674394336945879,0.13586516286981143,0.7597468554642038
RISE566.SG,Czechia,Czechia_BellBeaker.SG,4089.0,0.0941011980175972,1.7314549886004886,-0.12527812703941815,0.18436942702051679
RISE568.SG,Czechia,Czechia_EarlyMedieval_EarlySlav.SG,1250.0,0.0501754656434059,1.7128956997596063,-0.14996700389996012,0.20779996595890976
RISE569.SG,Czechia,Czechia_EarlyMedieval_EarlySlav.SG,1229.0,0.5822939276695251,1.7001639863095792,-0.13206007393570934,0.2244213012292721
RISE577.SG,Czechia,Czechia_EBA_Starounetice.SG,4150.0,0.5901795029640198,1.6822871444118535,-0.10996216938955075,0.19932279986182264
RISE586.SG,Czechia,Czechia_EBA_Unetice_oEEF.SG,4250.0,0.1489927470684051,1.7173594590001042,-0.13420168587060988,0.1790957901208386
RISE61.SG,Denmark,Denmark_MN_B.SG,4569.0,0.1887255012989044,-0.7736294497369872,0.3913048444091374,-0.15044598169803744
RISE71.SG,Denmark,Denmark_LN.SG,4040.0,0.1567615270614624,-0.7966512014903461,0.36562499056030734,-0.1547327938417821
RISE94.SG,Sweden,Sweden_BattleAxe.SG,4487.0,0.4956533312797546,-1.2554236308341795,0.8350024038701823,-0.5903736250087633
RISE97.SG,Sweden,Sweden_LN.SG,3895.0,0.4611549079418182,-1.2741270710956403,0.8113432726301552,-0.5711271263508186
RISE98.SG,Sweden,Sweden_LN.SG,4082.0,0.9108793139457704,-1.2034489525977838,0.845739615703948,-0.6675125030839271
Klei10.SG,Greece,Greece_North_N.SG,6348.0,0.850523054599762,-0.6705753809768825,-0.02334094248166721,2.1427177646325
Pal7.SG,Greece,Greece_North_N.SG,6348.0,0.6846099495887756,-0.6999576342945494,-0.0035172460107028443,2.191599912915232
Rev5.SG,Greece,Greece_North_N.SG,8316.0,0.6169334650039673,-0.6826452593809467,-0.021334782341434107,2.141708514351602
BR1.SG,Hungary,Hungary_EBA_Mako.SG,4026.0,0.4820646643638611,0.5685276714681584,-0.10964107281048255,-1.0601612200276467
BR2.SG,Hungary,Hungary_LBA_EIA_Piliny_Kyjatice.SG,2858.0,0.9993438720703124,0.5476686073613379,-0.005413334619735222,-1.0157085787931845
CO1.SG,Hungary,Hungary_Baden_LateCA.SG,5019.0,0.5935046672821045,0.5916724225939248,-0.10953222710596522,-1.0734306698373568
IR1.SG,Hungary,Hungary_LBA_EIA_Piliny_Kyjatice.SG,2849.0,0.652025580406189,0.5221338458959561,-0.0574961364954542,-0.9569230555680154
KO1.SG,Hungary,Hungary_EN_Koros_oMesolithic.SG,7661.0,0.657396137714386,0.47951952550630417,-0.08254850301227695,-0.9668761072596708
KO2.SG,Hungary,Hungary_EN_Koros_o.SG,7591.0,0.081675536930561,0.5410225561727044,-0.11606962141228912,-1.012568486739211
NE1.SG,Hungary,Hungary_MN_AVK.SG,7146.0,0.9747301936149596,0.5803946547050111,-0.16699386066058788,-1.0728610183026464
NE2.SG,Hungary,Hungary_MN_AVK.SG,7094.0,0.1419960707426071,0.5320926934638535,-0.016611014936537504,-0.9833719308519234
NE3.SG,Hungary,Hungary_MN_AVK_Bukk.SG,7077.0,0.0803916901350021,0.6220446855973285,-0.10098514770196126,-1.026710366944665
NE4.SG,Hungary,Hungary_MN_AVK.SG,7057.0,0.0703390836715698,0.5713598055113819,-0.09055694732911942,-1.001167476269315
NE5.SG,Hungary,Hungary_MN_AVK.SG,7058.0,0.5585504770278931,0.5341433897543103,-0.05661336432888599,-1.0127966083338273
NE6.SG,Hungary,Hungary_MN_LBK.SG,7040.0,0.6352406740188599,0.5038611439014866,-0.12902073023871516,-0.9911951851418997
NE7.SG,Hungary,Hungary_LN_Lengyel.SG,6367.0,0.614713728427887,0.5684046479100869,-0.04821449006955051,-1.0565051276749466
ATP9.SG,Spain,Spain_BA.SG,3628.0,0.320086658000946,-1.1224784397359533,0.08215701383665391,-1.2350037577782893
CB13.SG,Spain,Spain_EN.SG,7345.0,0.5996814370155334,-1.146182418093064,0.08530016111347692,-1.2439396627758823
bally.SG,Ireland,Ireland_N.SG,5131.0,0.9744722843170166,-0.40983817292368313,0.005956428831316449,0.5704097295483491
rath1.SG,Ireland,Ireland_EBA.SG,3897.0,0.9989140629768372,-0.38464741631699234,-0.014393697976734938,0.5847169186382697
rath2.SG,Ireland,Ireland_EBA.SG,3819.0,0.7782967686653137,-0.4521593952336358,0.001900825226920779,0.5583598204408292
rath3.SG,Ireland,Ireland_EBA.SG,3580.0,0.544479250907898,-0.4272373103110467,0.013961925079914042,0.5612147002676818
ANI160.AG,Bulgaria,Bulgaria_Varna_Chalcolithic.AG,6533.0,0.0534990318119525,0.6684443527109268,0.43760443767011087,0.31083722337850533
ANI163.AG,Bulgaria,Bulgaria_Varna_Chalcolithic_contam.AG,6569.0,0.3547529578208923,0.6504389721112611,0.45781447994076413,0.3281227134884223
Bul10.AG,Bulgaria,Bulgaria_Sabrano_EBA.AG,4951.0,0.0576660595834255,0.7092078438413448,0.4639703632297092,0.3333349256818267
Bul4.AG,Bulgaria,Bulgaria_EBA_Yamnaya_o.AG,4895.0,0.3177500963211059,0.6667683643412906,0.44826306462461674,0.3265918047317023
Bul6.AG,Bulgaria,Bulgaria_BeliBreyag_EBA.AG,4450.0,0.3150891363620758,0.6477828154892509,0.431482668270348,0.3235408724048332
ANI159-ANI181.AG,Bulgaria,Bulgaria_Varna_Chalcolithic.AG,6566.0,0.3575728833675384,0.680707420974389,0.45696604943549357,0.324744565691602
Bon001.WGC.SG,Turkey,Turkey_Central_Boncuklu_PPN.WGC.SG,10032.0,0.0619328431785106,-0.7163756192250473,0.5675501832500913,0.9208977770125788
Bon002.WGC.SG,Turkey,Turkey_Central_Boncuklu_PPN.WGC.SG,10078.0,0.8897724747657776,-0.6909599099705368,0.543285891718747,0.9295229805240969
Bon004.WGC.SG,Turkey,Turkey_Central_Boncuklu_PPN.WGC.SG,10075.0,0.0895100086927414,-0.7265717170957733,0.543908805329707,0.9646771638233154
Tep002.WGC.SG,Turkey,Turkey_Central_TepecikCiftlik_N.WGC.SG,8487.0,0.233908325433731,-0.7175522940590903,0.5461994693564219,0.922986943858901
Tep003.WGC.SG,Turkey,Turkey_Central_TepecikCiftlik_N.WGC.SG,8419.0,0.3959349989891052,-0.6846652394616928,0.5618348584397281,0.9316137886858196
Tep004.WGC.SG,Turkey,Turkey_Central_TepecikCiftlik_N.WGC.SG,8237.0,0.2120050638914108,-0.73282024389667,0.5565193705949344,0.9643310320998347
Tep006.WGC.SG,Turkey,Turkey_Central_TepecikCiftlik_N_father.or.son.Tep004.WGC.SG,8099.0,0.0875708535313606,-0.7382313526624855,0.5822726029695197,0.9660566965148452
Kostenki14.SG,Russia,Russia_Kostenki14_UP.SG,38052.0,0.8996003866195679,0.5448116186087592,-0.1481643678976069,-0.298788919100938
I0017.SG,Sweden,Sweden_Mesolithic_HG.SG,7624.0,0.8747904300689697,-1.1797823007926052,0.8525709974460988,-0.563080610468707
3DT16.SG,UnitedKingdom,England_IA_Roman.SG,1750.0,0.4796591699123382,0.8352250417556271,-0.6249787903260768,0.576137310594209
3DT26.SG,UnitedKingdom,England_IA_Roman_oMiddleEast.SG,1750.0,0.6500418186187744,0.7266761165185643,-0.5001696350366205,0.6235719754699695
6DT18.SG,UnitedKingdom,England_IA_Roman.SG,1750.0,0.6572380065917969,0.811244816339727,-0.5579401688296406,0.5074082351713767
6DT21.SG,UnitedKingdom,England_IA_Roman.SG,1750.0,0.6812807321548462,0.8320198740178693,-0.6363175209155345,0.6601271710389707
6DT22.SG,UnitedKingdom,England_IA_Roman.SG,1750.0,0.669748842716217,0.9197046591955667,-0.5813473385454163,0.5822004611723327
6DT23.SG,UnitedKingdom,England_IA_Roman.SG,1750.0,0.4697582125663757,0.9537727617449044,-0.6115273858425531,0.5498288672955199
6DT3.SG,UnitedKingdom,England_IA_Roman.SG,1750.0,0.8035900592803955,0.9087732040071795,-0.5445930702079098,0.5419051556425326
M1489.SG,UnitedKingdom,England_IA_o.SG,2035.0,0.3924581408500671,0.9167599689394902,-0.6058527193677072,0.5416795347075324
NO3423.SG,UnitedKingdom,England_EarlyMedieval_Saxon.SG,1200.0,0.6338481307029724,0.8683619279850744,-0.6125526470622787,0.5534061107577153
I0156.SG,UnitedKingdom,England_IA_ERoman.SG,1981.0,0.5760758519172668,0.9279079497422662,-0.5452324500918964,0.5283046950186621
I0157.SG,UnitedKingdom,England_EarlyMedieval_Saxon.SG,1227.0,0.918995201587677,0.9743155633417365,-0.6486150507794707,0.625368564943383
I0159.SG,UnitedKingdom,England_EarlyMedieval_Saxon.SG,1234.0,0.9042118787765504,0.8760677038311204,-0.5751436517905534,0.6088331806286962
I0160.SG,UnitedKingdom,England_IA.SG,1973.0,0.9907737970352172,0.9875685987815097,-0.6121183450855396,0.6445792448868864
I0161.SG,UnitedKingdom,England_EarlyMedieval_Saxon.SG,1157.0,0.5225241184234619,0.8764608620011306,-0.7155200492326714,0.4747571256357954
I0769.SG,UnitedKingdom,England_EarlyMedieval_Saxon.SG,1449.0,0.8054926991462708,0.9535797446510696,-0.6067700117089445,0.5886083528521465
I0773.SG,UnitedKingdom,England_EarlyMedieval_Saxon.SG,1479.0,0.7177605032920837,0.9195239104098969,-0.6109959841318401,0.561029716983035
I0774.SG,UnitedKingdom,England_EarlyMedieval_Saxon.SG,1469.0,0.9587879180908204,0.9159769483420537,-0.6326654193753956,0.6014060295443635
I0777.SG,UnitedKingdom,England_EarlyMedieval_Saxon.SG,1465.0,0.9546266198158264,0.9423592086159915,-0.6310284655213134,0.5604337120689057
I0789.SG,UnitedKingdom,England_IA.SG,2163.0,0.5238565802574158,0.9208458387318661,-0.572741129763032,0.5971710754059228
Ajvide52.SG,Sweden,Sweden_PWC.SG,4700.0,0.0539994314312934,-1.2958107522149684,0.8729950499315975,-0.5761967491429165
Ajvide58.SG,Sweden,Sweden_PWC.SG,4700.0,0.8420600891113281,-1.2543512768091143,0.8563858112021773,-0.5788991046953293
Ajvide70.SG,Sweden,Sweden_PWC.SG,4700.0,0.0981530621647834,-1.2893948979623617,0.8746471447752452,-0.5924149106067204
Gokhem2.SG,Sweden,Sweden_MN_TRB.SG,4928.0,0.5848178267478943,-1.2553045948729455,0.8843848770978814,-0.6003006172302308
StoraForvar11.SG,Sweden,Sweden_Mesolithic.SG,7365.0,0.0723058059811592,-1.2555589880060192,0.8665836507242322,-0.547818777252074
EHU001.AG,Spain,Spain_C_oSteppe.AG,4367.0,0.4527932703495025,-1.1276029764988578,0.09016583560999633,-1.2964627804653373
VAD001.AG,Spain,Spain_EBA.AG,3641.0,0.4527932703495025,-1.1434376776940611,0.09477508808549587,-1.27443784507169
VAD002.AG,Spain,Spain_EBA.AG,3650.0,0.4527932703495025,-1.1472391689940524,0.0739435953220361,-1.3020661838818786
VAD003.AG,Spain,Spain_EBA.AG,3650.0,0.4527932703495025,-1.1541074149122679,0.0789391458680221,-1.3032373823893442
VAD004.AG,Spain,Spain_EBA.AG,3650.0,0.4527932703495025,-1.1099349201007462,0.13078325440277852,-1.2882275351865167
VAD005.AG,Spain,Spain_EBA_oSteppe.AG,3590.0,0.4527932703495025,-1.1497162500613625,0.09572859922604787,-1.286587427471164
I10372.AG,Italy,Italy_Sicily_LBA.AG,3198.0,0.6647383570671082,-1.0208338682471814,0.17345167513546958,0.3413837898542805
I10373.AG,Italy,Italy_Sicily_LBA_son.I3878.AG,3200.0,0.644402801990509,-1.067267923853202,0.18402316330596966,0.4640162304379308
I4064.AG,Italy,Italy_Sicily_MN.AG,6718.0,0.6669248342514038,-0.9565670795508646,0.19911829346982285,0.4053125883614728
I10379.AG,NorthMacedonia,NorthMacedonia_IA.AG,2591.0,0.6499777436256409,0.2695186579194742,-0.32003104732379256,1.3671177803339287
I10381.AG,NorthMacedonia,NorthMacedonia_IA.AG,2586.0,0.221910074353218,0.275985014371693,-0.33213116241874974,1.3688983235394039
I10382.AG,NorthMacedonia,NorthMacedonia_IA.AG,2550.0,0.0755515173077583,0.2727493480085658,-0.32856120150366386,1.4203066761963703
I10383.AG,NorthMacedonia,NorthMacedonia_IA.AG,2607.0,0.6638267636299133,0.3052180829737854,-0.35304884695418687,1.4130385302078912
I10384.AG,NorthMacedonia,NorthMacedonia_IA.AG,2550.0,0.6533921360969543,0.28092899744094696,-0.3256485811582252,1.3558572333158265
I10385.AG,NorthMacedonia,NorthMacedonia_IA.AG,2591.0,0.6816959977149963,0.27627868257659216,-0.3545116330811736,1.3903395978805888
I10387.AG,NorthMacedonia,NorthMacedonia_IA.AG,2550.0,0.4395841658115387,0.27602447067036906,-0.33100023047397786,1.3722295198717451
I10388.AG,NorthMacedonia,NorthMacedonia_IA.AG,2658.0,0.6719458699226379,0.27598957222200216,-0.324391940338616,1.3611116866055566
I10389.AG,NorthMacedonia,NorthMacedonia_IA.AG,2550.0,0.1570097059011459,0.28054204444353426,-0.33777878907656556,1.3608929828986815
I10390.AG,NorthMacedonia,NorthMacedonia_Classical_Hellenistic.AG,2343.0,0.6768890619277954,0.28287104389957957,-0.3471366067999504,1.3448379556880576
I10391.AG,NorthMacedonia,NorthMacedonia_Classical_Hellenistic.AG,2250.0,0.6530093550682068,0.2671020621789812,-0.34958684548808583,1.4044741387947146
I10392.AG,NorthMacedonia,NorthMacedonia_Classical_Hellenistic_o.AG,2250.0,0.6682573556900024,0.2647938683898918,-0.312140776716276,1.3516732552076678
I10412.AG,Moldova,Moldova_MBA_MultiCordonedWare.AG,3900.0,0.605865478515625,1.418984443869131,-0.3477340712424155,-0.5691435999779886
I10420.AG,Moldova,Moldova_BA.AG,3950.0,0.635152280330658,1.3872931421031809,-0.3480250368692731,-0.5788411030480288
I10421.AG,Moldova,Moldova_BA.AG,3950.0,0.3554131090641022,1.4199367958844897,-0.34827927765441924,-0.5870623485707785
I10430.AG,Turkey,Turkey_Marmara_Ilipinar_Byzantine3.AG,1218.0,0.6717317700386047,-0.7493543988733428,0.5795956142074584,0.9307329904495706
I10436.AG,Moldova,Moldova_MBA_MultiCordonedWare.AG,3860.0,0.6460986137390137,1.4142285656493223,-0.3457109962154413,-0.5575554489145614
I10438.AG,Moldova,Moldova_LBA_Sabatinovka.AG,3450.0,0.2660239636898041,1.4066247616217311,-0.34542590552621344,-0.5729736140582148
I10479.AG,Romania,Romania_BA_Arman.AG,3932.0,0.4478452503681183,-0.41693031198928004,0.2160558090847654,-0.007856891152037051
I10480.AG,Romania,Romania_BA_Arman.AG,3931.0,0.5364631414413452,-0.4125788283867678,0.2441765795764097,-0.0173900055925026
I10481.AG,Romania,Romania_BA_Arman.AG,3950.0,0.123988963663578,-0.35149102760055073,0.19070941384797113,-0.019213546121789774
I10483.AG,Romania,Romania_BA_Arman.AG,3950.0,0.3216559886932373,-0.40318629630690517,0.1904846697879523,0.000980304056329231
I10494.AG,Romania,Romania_BA_1.AG,4914.0,0.6026562452316284,-0.4290911006112431,0.20713579597301127,-0.005272663643965154
I10495.AG,Romania,Romania_Medieval.AG,943.0,0.6767544150352478,-0.3612667191496519,0.181208295841686,-0.015584443396549004
I10542.AG,Turkey,Turkey_Marmara_Ilipinar_Chalcolithic.AG,5461.0,0.6766773462295532,-0.7243133762883789,0.5461953307352101,0.9537358797639697
I10545.AG,Turkey,Turkey_Marmara_Ilipinar_Chalcolithic.AG,6450.0,0.5617613196372986,-0.7502271246984468,0.5536479285415074,0.9811522559231846
I10546.AG,Turkey,Turkey_Marmara_Ilipinar_Byzantine2.AG,1250.0,0.446342408657074,-0.7297989867266463,0.5668466194964484,0.9761394631764451
I10547.AG,Turkey,Turkey_Marmara_Ilipinar_Chalcolithic.AG,6450.0,0.3819059431552887,-0.7456019978552332,0.5631545172474614,0.935576182652291
I10548.AG,Bulgaria,Bulgaria_Medieval.AG,825.0,0.7001004815101624,0.6853881538430989,0.45239747835320515,0.3453554234615229
I10552.AG,Italy,Italy_Sardinia_LBA.AG,3234.0,0.7102877497673035,-1.018240125829373,0.21820722455599345,0.3471680844710677
I10553.AG,Italy,Italy_Sardinia_LBA.AG,3110.0,0.6872514486312866,-1.0315688607109226,0.19045967962249247,0.3823124264364532
I10554.AG,Italy,Italy_Sardinia_LBA.AG,3122.0,0.6772158741950989,-1.0202419573895722,0.20175951138198805,0.40572810544836774
I10558.AG,Romania,Romania_BA_Arman.AG,3958.0,0.6281507015228271,-0.4197765603691791,0.2054867337505296,0.004494925646329447
I10559.AG,Romania,Romania_BA_Arman_o.AG,3950.0,0.0866738632321357,-0.3994693456985348,0.18511939918429482,-0.0102383715057504
I10561.AG,Romania,Romania_BA_Arman.AG,3888.0,0.0569515489041805,-0.4035864898796742,0.22524920896951395,0.014818886069281736
I10562.AG,Romania,Romania_BA_Arman.AG,3950.0,0.2429698705673217,-0.4160767678010653,0.20882014598494725,0.008039860724113466
I10768.AG,Israel,Israel_MLBA.AG,3500.0,0.3117225766181946,-1.4341446954538501,0.966441114405339,1.9158156313753198
I10769.AG,Israel,Israel_MLBA_brother.I10770.AG,3450.0,0.6128581166267395,-1.4214084685381299,0.975197335392961,1.8914854124568814
I10770.AG,Israel,Israel_MLBA.AG,3450.0,0.6182100176811218,-1.4031301842477508,0.9606490138995691,1.8848100653371802
I10771.AG,Israel,Israel_MLBA.AG,3550.0,0.3934962451457977,-1.4151808596696094,0.9560603308609574,1.8690819142512933
I10852.AG,Spain,Spain_Medieval.AG,908.0,0.2646127939224243,-1.1458676658757219,0.04688781300283346,-1.2450087846700035
I10853.AG,Spain,Spain_Medieval.AG,876.0,0.2145111262798309,-1.1329634981318635,0.0842581015800505,-1.2276636231736673
I10866.AG,Spain,Spain_Roman_oMixed.AG,1947.0,0.6827065348625183,-1.1495830595226537,0.07761224511177998,-1.2470155423878442
I10892.AG,Spain,Spain_Medieval.AG,950.0,0.4729025661945343,-1.1518336709908585,0.07832628887241985,-1.2865958081966486
I10895.AG,Spain,Spain_Medieval.AG,1038.0,0.5365020632743835,-1.093107949993454,0.06701122031209232,-1.2365078278311357
I10897.AG,Spain,Spain_Medieval.AG,828.0,0.1005739569664001,-1.168318005136414,0.09269336010452657,-1.2247295080949054
I10899.AG,Spain,Spain_Cariguela_UP.AG,24450.0,0.4011312127113342,-1.0924068511038172,0.06468215744770267,-1.1809028667032626
I11033.AG,UnitedKingdom,England_EastYorkshire_EIA_MIA.AG,2421.0,0.6856366991996765,1.0248564234233246,-0.6233766663678344,0.5900320618113315
I11034.AG,UnitedKingdom,England_EastYorkshire_MIA_LIA.AG,2175.0,0.6658226847648621,1.0456373836690362,-0.6104874097369314,0.5416783788703575
I11094.AG,Israel,Israel_Medieval_oNAfrica_sister.I11095.AG,400.0,0.3188660740852356,-1.4029556420110234,0.9609427472419607,1.8940958084352384
I11095.AG,Israel,Israel_Medieval_oNAfrica.AG,400.0,0.5917285680770874,-1.4085203652322411,0.9468732279482436,1.8650311264475514
I11134.AG,Bulgaria,Bulgaria_N.AG,7725.0,0.6257833242416382,0.661028941145522,0.4283050932203953,0.2977467925209546
I11135.AG,Bulgaria,Bulgaria_N.AG,7725.0,0.6526808738708496,0.7026173768760048,0.4500917035060599,0.30654962113900236
I11142.AG,UnitedKingdom,England_LIA.AG,2067.0,0.6455641388893127,0.9147925893637444,-0.5975686190842483,0.5403684881825569
I11143.AG,UnitedKingdom,England_MIA_LIA.AG,2145.0,0.6490191221237183,0.8036770427671243,-0.6561109237022675,0.7467752577857755
I11144.AG,UnitedKingdom,England_LIA.AG,1976.0,0.6724519729614258,1.0007881704430286,-0.6263208190574627,0.7689070419546196
I11145.AG,UnitedKingdom,England_LIA.AG,2022.0,0.6769936680793762,1.0054950893674457,-0.487881664671146,0.5275840694683833
I11146.AG,UnitedKingdom,England_MIA.AG,2250.0,0.1367000937461853,0.9843997917918077,-0.619599428366405,0.6286169373477163
I11147.AG,UnitedKingdom,England_MIA.AG,2241.0,0.6702581644058228,0.9041147968047178,-0.5955276895058468,0.46754412987935967
I11148.AG,UnitedKingdom,England_MIA.AG,2292.0,0.6659224033355713,1.0025023966389068,-0.5386338934228733,0.512439366112828
I11149.AG,UnitedKingdom,England_EIA.AG,2443.0,0.6605615615844727,0.9508387777071143,-0.6627328709749912,0.6625238415584096
I11150.AG,UnitedKingdom,England_MIA.AG,2227.0,0.6670675873756409,1.0444618409885515,-0.5798048455334754,0.5453399818875273
I11151.AG,UnitedKingdom,England_MIA.AG,2227.0,0.662316620349884,1.0101585318080784,-0.7326638311573946,0.6513160132541153
I11152.AG,UnitedKingdom,England_MIA_LIA.AG,2179.0,0.6742029190063477,0.9651690764294301,-0.6894589734795703,0.6052916340623077
I11153.AG,UnitedKingdom,England_MIA.AG,2285.0,0.6838711500167847,1.0180281736265742,-0.6598713568221503,0.5937027091921374
I11154.AG,UnitedKingdom,England_EIA.AG,2469.0,0.6561325788497925,0.9159211699109593,-0.623569231905576,0.4056524705390035
I11156.AG,UnitedKingdom,England_MIA.AG,2229.0,0.6763667464256287,1.0240551040753754,-0.5815535437148166,0.5793044907871514
I11248.AG,Spain,Spain_MLN.AG,5050.0,0.7016316652297974,-1.1801265677414592,0.08972350450744332,-1.2688552936801554
I11249.AG,Spain,Spain_MLN.AG,5050.0,0.6153982281684875,-1.1569453009455075,0.08891873376436278,-1.2753392925919398
I11270.AG,Bulgaria,Bulgaria_N.AG,7725.0,0.2796434462070465,0.6683467295323688,0.43757338773767385,0.3146833770050163
I11300.AG,Spain,Spain_MLN.AG,5050.0,0.0554041191935539,-1.1663475602341766,0.029519924378345577,-1.2684230239072833
I11301.AG,Spain,Spain_MLN.AG,5050.0,0.4488192796707153,-1.1086602133026873,0.05977300719887613,-1.2532011529117542
I11303.AG,Spain,Spain_MLN.AG,4900.0,0.0618955343961715,-1.1600002834308936,0.07951195170343305,-1.264411933249353
I11304.AG,Spain,Spain_MLN.AG,4900.0,0.0592045672237873,-1.0868525425696307,0.1285885121283545,-1.2385822879112407
I11305.AG,Spain,Spain_MLN.AG,4900.0,0.4225202798843384,-1.104050046971805,0.06440438418097433,-1.2724430967091314
I11306.AG,Spain,Spain_MLN.AG,4900.0,0.367936909198761,-1.166135621082675,0.07397517768855794,-1.2639790024284012
I11567.AG,UnitedKingdom,England_EarlyMedieval.AG,1294.0,0.0760324522852897,0.9194978406449926,-0.5656442224873535,0.6174553069115359
I11569.AG,UnitedKingdom,England_EarlyMedieval.AG,1350.0,0.2275174707174301,0.9644188329957586,-0.6642417015605764,0.6197359654090049
I11571.AG,UnitedKingdom,England_EarlyMedieval.AG,1350.0,0.2172475010156631,1.0307684553772067,-0.6230383877544581,0.636518600378981
I11574.AG,UnitedKingdom,England_EarlyMedieval.AG,1321.0,0.0606944113969802,0.9468855123463047,-0.5956444269117094,0.5922644281497571
I11576.AG,UnitedKingdom,England_EarlyMedieval.AG,1326.0,0.0790640488266944,0.9292922176984789,-0.6266900177574144,0.5953740024729509
I11577.AG,UnitedKingdom,England_EarlyMedieval.AG,1350.0,0.0711679458618164,0.9748951385195436,-0.6471113902945531,0.6619563537751858
I11579.AG,UnitedKingdom,England_EarlyMedieval.AG,1436.0,0.2530605792999267,0.9035799333321356,-0.5783255756530759,0.6001101782120846
I11581.AG,UnitedKingdom,England_EarlyMedieval.AG,1350.0,0.1712090671062469,0.9286601368065031,-0.5787034507892652,0.5619538163456881
I11583.AG,UnitedKingdom,England_EarlyMedieval_Saxon.AG,1450.0,0.3735629618167877,0.9161881019258424,-0.6276960798161465,0.6425774772272035
I11584.AG,UnitedKingdom,England_EarlyMedieval_Saxon.AG,1450.0,0.2909231185913086,0.9783543466964301,-0.5753373899240836,0.6072049996089568
I11585.AG,UnitedKingdom,England_EarlyMedieval_Saxon.AG,1450.0,0.4409718215465545,0.9338480388898932,-0.579165077268864,0.6322129531979509
I11586.AG,UnitedKingdom,England_EarlyMedieval_Saxon.AG,1450.0,0.4072106182575226,0.9008900085823135,-0.5820449196224372,0.5589246478790673
I11587.AG,UnitedKingdom,England_EarlyMedieval_Saxon.AG,1450.0,0.5180788636207581,0.9186269360865162,-0.6280723190902473,0.5575299704067224
I11588.AG,UnitedKingdom,England_EarlyMedieval_Saxon.AG,1450.0,0.190557599067688,0.9345411524001305,-0.6113246017251293,0.6386436193086763
I11589.AG,UnitedKingdom,England_EarlyMedieval_Saxon.AG,1450.0,0.5913092494010925,0.9859739665342906,-0.5732394724406088,0.6352927967283953
I11590.AG,UnitedKingdom,England_EarlyMedieval_Saxon.AG,1450.0,0.5150237679481506,0.9761393531491938,-0.6728254485633689,0.5696891359863578
I11592.AG,Portugal,Portugal_C.AG,4650.0,0.4991317987442016,-1.6586507613072712,0.23055166492663462,-0.48586326790628315
I11599.AG,Portugal,Portugal_C.AG,5050.0,0.3776456415653229,-1.6652020306570001,0.24156817417769375,-0.482966014630898
I11601.AG,Portugal,Portugal_C.AG,5050.0,0.1237926930189132,-1.6717359431587242,0.22527455049527612,-0.47799037343612816
I11604.AG,Portugal,Portugal_LN_Megalithic.AG,4725.0,0.0525379702448844,-1.6451796041956745,0.23853355335891785,-0.4821983810257226
I11605.AG,Portugal,Portugal_LN_Megalithic_father.or.son.I32555.AG,4725.0,0.4493788778781891,-1.6768201516209245,0.23782976789294158,-0.5005262293219526
I11614.AG,Portugal,Portugal_C.AG,4650.0,0.505146324634552,-1.6366302881529018,0.238333537350196,-0.49997882393127463
I11629.AG,Netherlands,Netherlands_MBA_LBA.AG,3200.0,0.2350105047225952,0.5494438888700264,0.5801085775320636,-0.21810452177132242
I11699.AG,Austria,Austria_IA_LaTene.AG,2300.0,0.722650945186615,0.07163505047958507,-0.2633736487602936,-0.14284598710504046
I11701.AG,Austria,Austria_IA_LaTene.AG,2300.0,0.7343264222145081,0.09687725470123962,-0.21987845298136485,-0.1555772649349667
I11708.AG,Austria,Austria_IA_LaTene.AG,2300.0,0.6878297328948975,0.11079223641702682,-0.18746148758425946,-0.17652765385328922
I11710.AG,Slovakia,Slovakia_LIA.AG,1967.0,0.7129105925559998,0.5539972689302556,-0.8135985785972176,0.3186591422134998
I11712.AG,Slovakia,Slovakia_LIA_LaTene.AG,2011.0,0.6788379549980164,0.5477895102260545,-0.8134299071759183,0.32895508268142415
I11713.AG,Slovakia,Slovakia_LIA_LaTene.AG,2046.0,0.7245389819145203,0.5703654608798199,-0.8188011967573829,0.33489686447391837
I11715.AG,Slovakia,Slovakia_LIA_LaTene.AG,2046.0,0.2965905368328094,0.5521791225384655,-0.8245598317415005,0.3202230287482729
I11716.AG,Slovakia,Slovakia_LIA_LaTene.AG,2051.0,0.7307157516479492,0.541233946941656,-0.8319821863985577,0.31704058117397477
I11717.AG,Slovakia,Slovakia_IA_Vekerzug.AG,2525.0,0.4473764598369598,0.5527031383377329,-0.8210591901624292,0.32657537094001154
I11719.AG,Slovakia,Slovakia_IA_Vekerzug.AG,2576.0,0.5374160408973694,0.5541687910616688,-0.8314433374814179,0.33631470668138236
I11721.AG,Slovakia,Slovakia_IA_Vekerzug.AG,2525.0,0.6544716358184814,0.5748759173782715,-0.8326488206381522,0.31625640605048416
I11722.AG,Slovakia,Slovakia_IA_Vekerzug.AG,2525.0,0.7181505560874939,0.563656490087798,-0.8265455376418782,0.3220076762224643
I11912.AG,Romania,Romania_Glavanesti_o1.AG,4250.0,0.0552654340863227,-0.4238146212906468,0.1832902875539321,0.0021773030179714947
I11971.AG,Netherlands,Netherlands_LBA.AG,3060.0,0.6167128682136536,0.5373271645254297,0.6023996016512395,-0.2127367131378195
I11972.AG,Netherlands,Netherlands_MBA.AG,3381.0,0.7273248434066772,0.5411927174337533,0.5870300998652679,-0.2076869306053635
I11973.AG,Netherlands,Netherlands_MBA.AG,3280.0,0.716041088104248,0.5468393284507456,0.6004280775153311,-0.20092074122064119
I11993.AG,UnitedKingdom,England_MIA_LIA.AG,2200.0,0.7170987129211426,1.054987935362278,-0.6510243964562974,0.6088848224737566
I11994.AG,UnitedKingdom,England_MIA_LIA.AG,2200.0,0.7194368839263916,0.9587249032521216,-0.6000140396295554,0.6206363766050308
I11995.AG,UnitedKingdom,England_EIA.AG,2457.0,0.7031118273735046,0.8482378060562275,-0.5939529025086149,0.5701112088147631
I11997.AG,UnitedKingdom,England_MIA.AG,2227.0,0.7393855452537537,0.8817456748991777,-0.5530047344360088,0.6611618777919415
I12031.AG,Spain,Spain_Visigoth.AG,1392.0,0.4788741171360016,-1.165744811894299,0.09106096828004737,-1.2863600910372048
I12032.AG,Spain,Spain_Visigoth.AG,1392.0,0.1839331835508346,-1.1221039258333023,0.09089090058594765,-1.2702330392336043
I12034.AG,Spain,Spain_Visigoth.AG,1392.0,0.4354220032691955,-1.1464025155215458,0.1106632960353099,-1.2768260678838692
I12081.AG,Netherlands,Netherlands_MBA.AG,3257.0,0.6697593331336975,0.5314661003457171,0.596786322243836,-0.22639371456008883
I12082.AG,Netherlands,Netherlands_MBA.AG,3300.0,0.6548665761947632,0.5293947352795562,0.581553337982747,-0.21081604970334666
I12083.AG,Netherlands,Netherlands_MBA_LBA.AG,3100.0,0.6612030863761902,0.5331182072438918,0.586190971695756,-0.19564330584799008
I12097.AG,Slovakia,Slovakia_IA_Vekerzug.AG,2525.0,0.6697942614555359,0.5498220605802885,-0.8520105498661031,0.34644137755700094
I12098.AG,Slovakia,Slovakia_IA_Vekerzug.AG,2525.0,0.2277088761329651,0.5574993800549436,-0.820473623950389,0.32051672355454547
I12099.AG,Slovakia,Slovakia_IA_Vekerzug.AG,2525.0,0.611842691898346,0.5454084417955796,-0.8131069772086954,0.3255320945021538
I12103.AG,Slovakia,Slovakia_IA_Vekerzug.AG,2525.0,0.542111873626709,0.5600035665921371,-0.7998009759459463,0.3116012174049496
I12105.AG,Slovakia,Slovakia_IA_Vekerzug.AG,2525.0,0.5362246632575989,0.5534138390375392,-0.8342749525136121,0.327692887643974
I12106.AG,Slovakia,Slovakia_IA_Vekerzug.AG,2614.0,0.5508206486701965,0.5408210084964157,-0.8049089060132883,0.328633927186524
I12107.AG,Slovakia,Slovakia_IA_Vekerzug.AG,2525.0,0.5879200100898743,0.5676565942052682,-0.7963966843003115,0.31392590329343084
I12110.AG,Slovakia,Slovakia_IA_Vekerzug.AG,2525.0,0.5904009342193604,0.5574965452404089,-0.8772780972833231,0.34789198177656344
I12162.AG,Spain,Spain_Visigoth.AG,1392.0,0.373283177614212,-1.1348436464565814,0.057918981466241366,-1.2514103910611065
I12163.AG,Spain,Spain_Visigoth.AG,1392.0,0.3596036732196808,-1.1076683475768305,0.11467662197594636,-1.2673957422962205
I12208.AG,Spain,Spain_MBA.AG,3250.0,0.733272910118103,-1.127259607505704,0.06455132385817106,-1.2969809160965828
I12209.AG,Spain,Spain_MBA.AG,3250.0,0.7602085471153259,-1.145554848080162,0.08389677081552545,-1.2568413950163106
I12221.AG,Italy,Italy_Sardinia_EarlyMedieval.AG,1005.0,0.0674104839563369,-0.987406061235455,0.1724666602785681,0.3897816282587256
I12317.AG,UnitedKingdom,Scotland_N_mediumlowEEF.AG,5448.0,0.5551060438156128,0.9194682487977359,-0.5662106367504889,0.6025915049923947
I12410.AG,Spain,Spain_IA.AG,2375.0,0.6925336718559265,-1.14112289884801,0.11174164436136112,-1.2595442846820628
I12411.AG,UnitedKingdom,England_EastYorkshire_MIA_LIA.AG,2175.0,0.6817073225975037,0.9026492640360884,-0.6455822683785352,0.6307138370584797
I12412.AG,UnitedKingdom,England_EastYorkshire_MIA.AG,2238.0,0.6963949203491211,0.9740777775382775,-0.6454364895999416,0.5988707210067078
I12413.AG,UnitedKingdom,England_EastYorkshire_MIA_LIA.AG,2175.0,0.7097670435905457,0.9871422813003666,-0.5633594284762456,0.6526672500033437
I12414.AG,UnitedKingdom,England_EastYorkshire_MIA_LIA.AG,2175.0,0.7051450610160828,0.9548405370466398,-0.6095415197058488,0.6538568334674719
I12415.AG,UnitedKingdom,England_EastYorkshire_MIA_LIA.AG,2175.0,0.6892027854919434,1.0313070604691745,-0.5405919376659961,0.5304149692080689
I12440.AG,UnitedKingdom,England_N_Megalithic_son.I30300.son.I30302.brother.I30299.AG,5600.0,0.5985094904899597,0.8575185816838836,-0.6996065564180975,0.6935187448872622
I12510.AG,Moldova,Moldova_MBA.AG,4003.0,0.5622090101242065,1.4073999663874506,-0.3442493811269664,-0.5663873149203531
I12514.AG,Spain,Spain_Islamic.AG,854.0,0.4344552755355835,-1.125326786871954,0.08322907887233753,-1.2216809256047703
I12515.AG,Spain,Spain_Islamic.AG,750.0,0.4983361959457397,-1.1696491565005112,0.0982754675715564,-1.2400359794903288
I12516.AG,Spain,Spain_Islamic.AG,937.0,0.3679644763469696,-1.1561145667823267,0.10624013360745717,-1.243602794474257
I12640.AG,Spain,Spain_IA.AG,2550.0,0.0528242588043212,-1.1463502085904884,0.05816366033186993,-1.289061598462312
I12641.AG,Spain,Spain_IA.AG,2599.0,0.0628468617796897,-1.1757797256713174,0.07918222948754369,-1.322563705809409
I12644.AG,Spain,Spain_Islamic.AG,750.0,0.4739528298377991,-1.1120449480626298,0.10267465035407322,-1.2424169681265376
I12647.AG,Spain,Spain_Islamic.AG,750.0,0.532598614692688,-1.1575331713441221,0.07372627463495342,-1.2212692947944153
I12649.AG,Spain,Spain_Islamic.AG,750.0,0.1194715723395347,-1.1514422419012265,0.0812189358098944,-1.2172142239629793
I12770.AG,UnitedKingdom,England_MIA.AG,2225.0,0.6973219513893127,0.95150783457042,-0.6002982566044394,0.6321380777239682
I12771.AG,UnitedKingdom,England_MIA.AG,2326.0,0.717814028263092,0.9164465364581814,-0.6166289612764163,0.6331494659967296
I12772.AG,UnitedKingdom,England_IA.AG,2329.0,0.6926982998847961,0.9015423558390846,-0.5984827740730359,0.5970524323299431
I12774.AG,UnitedKingdom,England_EIA_highEEF.AG,2554.0,0.7156347632408142,0.9339644741601407,-0.5782350887686888,0.6762897695600146
I12775.AG,UnitedKingdom,England_MIA.AG,2225.0,0.6798955202102661,0.9344116820808869,-0.4502266382899742,0.6507587985845252
I12776.AG,UnitedKingdom,England_C_EBA_highEEF.AG,3778.0,0.673331081867218,0.97432968923431,-0.7138196898834223,0.6714031773317927
I12778.AG,UnitedKingdom,England_MIA.AG,2230.0,0.7215893268585205,0.8801911119372552,-0.5563165245494617,0.5978586705972256
I12779.AG,UnitedKingdom,England_MIA_lowEEF.AG,2225.0,0.7454779744148254,0.9102090017028445,-0.6053440723009522,0.6319204671783707
I12783.AG,UnitedKingdom,England_EIA.AG,2599.0,0.6058200597763062,0.9521877504583351,-0.5541851789677474,0.6096561875668903
I12785.AG,UnitedKingdom,England_LIA.AG,2051.0,0.695819079875946,0.973971893692386,-0.5900849326022657,0.5660125916758777
I12786.AG,UnitedKingdom,England_C_EBA.AG,4137.0,0.5640094876289368,0.8899841430012815,-0.6392148702693589,0.5686983505629676
I12787.AG,UnitedKingdom,England_EIA.AG,2391.0,0.6063504815101624,0.9012342513921688,-0.5886103106464367,0.583764530499895
I12790.AG,UnitedKingdom,England_MIA_LIA.AG,2200.0,0.647608757019043,0.9839238957219865,-0.6382192384346307,0.6428880700722791
I12791.AG,UnitedKingdom,England_LIA.AG,2051.0,0.6684990525245667,0.8599727044338993,-0.590277805941477,0.6565704197131064
I12792.AG,UnitedKingdom,England_MIA_LIA_mother.I12793.AG,2200.0,0.5706314444541931,0.9342746073815001,-0.49251411713505977,0.6072631783745537
I12793.AG,UnitedKingdom,England_MIA_LIA.AG,2200.0,0.6546857357025146,1.0109121276362711,-0.5394309364937147,0.55613712284506
I12878.AG,Spain,Spain_IA.AG,2360.0,0.1394737958908081,-1.208901050931469,0.06591131139868411,-1.250699009536038
I12879.AG,Spain,Spain_IA.AG,2429.0,0.2386706322431564,-1.0974246814579494,0.090587051695306,-1.3003441446743438
I12900.AG,Netherlands,Netherlands_LNB_BellBeaker.AG,4239.0,0.0713852941989898,0.5075630656790519,0.5864042592073639,-0.21572263518054097
I12903.AG,Netherlands,Netherlands_EIA.AG,2600.0,0.0649457871913909,0.5360082281292433,0.6003768808594704,-0.21268111890984678
I12905.AG,Netherlands,Netherlands_EIA.AG,2500.0,0.1593413800001144,0.5288931874801487,0.5826621246582151,-0.21002517979789012
I12906.AG,Netherlands,Netherlands_MIA_LIA.AG,2210.0,0.2717424631118774,0.5177578484094927,0.5623632326726288,-0.20613985003300134
I12907.AG,Netherlands,Netherlands_MIA_LIA.AG,2176.0,0.2778924405574798,0.508444007909841,0.5731969107339482,-0.2024439006627602
I12926.AG,UnitedKingdom,England_MIA_LIA.AG,2200.0,0.6305505037307739,0.9622534324032967,-0.67817580029328,0.6674477835910297
I12927.AG,UnitedKingdom,England_LIA.AG,1825.0,0.7031401991844177,0.8743340196100658,-0.6022382005389947,0.6044401794440811
I12931.AG,UnitedKingdom,England_LIA.AG,1825.0,0.587981641292572,0.9249957939364586,-0.5502113463256731,0.5641831767493966
I12932.AG,UnitedKingdom,England_LIA.AG,1825.0,0.704319417476654,0.939600466478035,-0.6338991952837768,0.5970375424317765
I12935.AG,UnitedKingdom,England_EBA_highEEF.AG,4000.0,0.6126893758773804,0.9205414694622747,-0.5397863443759255,0.6212664863138059
I12991.AG,Slovakia,Slovakia_EBA_Nitrianska.AG,1133.0,0.6242797374725342,0.5635249688636107,-0.8254206685948677,0.3231927112170609
I13025.AG,Netherlands,Netherlands_LNB_EBA_BellBeaker.AG,3958.0,0.7052894234657288,0.5619118869408457,0.5965136357127148,-0.21874098743574552
I13026.AG,Netherlands,Netherlands_LNB_EBA_BellBeaker.AG,3951.0,0.0786836817860603,0.5287003727115275,0.5811971436576836,-0.19985327972494885
I13027.AG,Netherlands,Netherlands_LNB_EBA_BellBeaker.AG,4039.0,0.5451913475990295,0.5501008657932797,0.6509368977719153,-0.2148106854310426
I13028.AG,Netherlands,Netherlands_LNB_BellBeaker.AG,4250.0,0.7314545512199402,0.5437340525178661,0.5574064210209267,-0.22193840259976036
I13125.AG,Italy,Italy_Sicily_IA_Sicani.AG,2550.0,0.3339056372642517,-1.0171153355667824,0.18950845167276464,0.4106889873144956
I13167.AG,Montenegro,Montenegro_MLBA.AG,3090.0,0.7190378308296204,-5.954652571432852,-13.840237693902496,0.45256942353290563
I13168.AG,Montenegro,Montenegro_MLBA.AG,3293.0,0.7267052531242371,-5.947044087495151,-13.813907135505035,0.4560568634512117
I13169.AG,Montenegro,Montenegro_MLBA.AG,3287.0,0.7212819457054138,-5.944326398248514,-13.823080507452344,0.45301763445253224
I13171.AG,Montenegro,Montenegro_MLBA.AG,3175.0,0.674558162689209,-5.959992911100846,-13.862685739079597,0.4489672684311394
I13172.AG,Montenegro,Montenegro_MLBA.AG,3207.0,0.7150841355323792,-5.954574560034892,-13.846714585345008,0.44752112909432956
I13376.AG,Italy,Italy_Sicily_IA.AG,2650.0,0.7367278337478638,-1.0310237285359205,0.1929929925485178,0.38144168088249314
I13377.AG,Italy,Italy_Sicily_IA.AG,2650.0,0.7265503406524658,-0.9897407574932471,0.165936644979859,0.36683227282212927
I13378.AG,Italy,Italy_Sicily_IA.AG,2650.0,0.7193160057067871,-1.0683429791990469,0.1759768764860643,0.5113915330929798
I13379.AG,Italy,Italy_Sicily_IA.AG,2650.0,0.4298794865608215,-0.9782681698025055,0.19442208635398994,0.41847360912002884
I13380.AG,Italy,Italy_Sicily_IA.AG,2650.0,0.7188091278076172,-1.0227166446330456,0.16957205539018855,0.4126289904963016
I13381.AG,Italy,Italy_Sicily_IA.AG,2650.0,0.7325502634048462,-1.0188702699053374,0.17364227921056885,0.4975965696483955
I13382.AG,Italy,Italy_Sicily_IA.AG,2650.0,0.3548194468021393,-1.0178236572825723,0.1824203765301561,0.39507717095798117
I13383.AG,Italy,Italy_Sicily_IA.AG,2733.0,0.7639246582984924,-1.045942401634599,0.2923187185566729,0.4059777095997429
I13384.AG,Italy,Italy_Sicily_IA.AG,2650.0,0.564555287361145,-1.0220529222033083,0.20992981375139494,0.3591920084721712
I13385.AG,Italy,Italy_Sicily_IA.AG,2592.0,0.761782705783844,-1.0689087274110896,0.23034391998520842,0.4095187144532616
I13386.AG,Italy,Italy_Sicily_IA.AG,2650.0,0.7196517586708069,-0.9998910142476157,0.23646991147375301,0.3901267182788698
I13387.AG,Italy,Italy_Sicily_IA.AG,2650.0,0.6964005827903748,-0.9695121623278737,0.20328904979609894,0.396840643913388
I13389.AG,Italy,Italy_Sicily_IA.AG,2650.0,0.7077240943908691,-1.0693249033942158,0.18746964832692423,0.424012438233868
I13390.AG,Italy,Italy_Sicily_IA.AG,2650.0,0.6929942965507507,-1.0479348040875107,0.22262473976362987,0.3930219896018639
I13391.AG,Italy,Italy_Sicily_IA.AG,2650.0,0.7400716543197632,-1.0605304224741476,0.23197697862839892,0.4069273425258626
I13392.AG,Italy,Italy_Sicily_IA.AG,2650.0,0.7283086180686951,-1.0229320088390994,0.20174149234306904,0.33981585732609537
I13393.AG,Italy,Italy_Sicily_IA.AG,2650.0,0.6664341688156128,-1.0556634268580058,0.182701950714946,0.3899421673231985
I13394.AG,Italy,Italy_Sicily_IA.AG,2684.0,0.739265501499176,-1.0432437412513593,0.1945537383135175,0.41984915492754415
I13395.AG,Italy,Italy_Sicily_IA.AG,2650.0,0.6282131671905518,-1.03626570612064,0.18958768308355076,0.40969054164203933
I13458.AG,Slovakia,Slovakia_EBA_Nitrianska.AG,1107.0,0.6943106055259705,0.5438467398686455,-0.8227740011570223,0.33723272716784986
I13467.AG,Czechia,Czechia_EBA_CordedWare_2.AG,4289.0,0.7297838926315308,1.7398953634420458,-0.10899367486993297,0.2235639340495701
I13468.AG,Czechia,Czechia_EBA_Unetice.AG,3950.0,0.7024094462394714,1.7871920282973681,-0.16851656820841882,0.17491196588477226
I13469.AG,Czechia,Czechia_EBA_Unetice.AG,3945.0,0.693234384059906,1.7206790683107311,-0.12327639165732517,0.15718306192506593
I13470.AG,Czechia,Czechia_EBA_Unetice.AG,3943.0,0.7080541849136353,1.7022889841895807,-0.14308188394320884,0.16657086872898688
I13471.AG,Czechia,Czechia_EBA_Unetice.AG,3950.0,0.7145301699638367,1.7406767348018697,-0.1410121554103616,0.13444202655636273
I13510.AG,Greece,Greece_PalaceOfNestor_BA.AG,3278.0,0.0776569247245788,-0.7044971362929571,-0.017615043313603466,2.210069589133959
I13615.AG,UnitedKingdom,England_MIA.AG,2250.0,0.5962905287742615,0.9986010791990682,-0.6717529164635939,0.62602107275856
I13620.AG,France,France_SouthEast_IA2.AG,2250.0,0.1750451922416687,-0.28362171593853586,-0.023028895608019462,-0.47974552174008056
I13623.AG,France,France_SouthEast_IA2.AG,2250.0,0.2334898263216018,-0.3316706990671523,-0.01299605053613221,-0.46305378071630204
I13680.AG,UnitedKingdom,England_MIA.AG,2224.0,0.3550879061222076,0.919010210972796,-0.5905028008863601,0.6123451665187568
I13685.AG,UnitedKingdom,England_MIA.AG,2265.0,0.6091079115867615,0.9327871751246529,-0.5530687739366206,0.5490187862382462
I13687.AG,UnitedKingdom,England_MIA.AG,2222.0,0.6677820682525635,0.9578321366293943,-0.6053777479794704,0.6007533543936184
I13688.AG,UnitedKingdom,England_EIA.AG,2589.0,0.5739931464195251,0.98607001052504,-0.5368630056341732,0.538262792112481
I13689.AG,UnitedKingdom,England_EIA.AG,2531.0,0.5646647810935974,0.902659810815394,-0.6214763808878724,0.6116513978855438
I13711.AG,UnitedKingdom,England_LBA_lowEEF.AG,2928.0,0.7209226489067078,0.9080974026586599,-0.6108079879633908,0.6169268742247995
I13712.AG,UnitedKingdom,England_LBA.AG,2914.0,0.7056803107261658,0.9558341220217018,-0.6805774978537451,0.5696840041888485
I13713.AG,UnitedKingdom,England_LBA.AG,2912.0,0.7076389193534851,0.9678729957185646,-0.6412157548279442,0.6114483678302605
I13714.AG,UnitedKingdom,England_MBA.AG,3423.0,0.6911078691482544,0.9434325384256103,-0.5872991926040956,0.6034507518670268
I13717.AG,UnitedKingdom,England_MIA.AG,2259.0,0.6957980394363403,0.9328646634935062,-0.7228590210370224,0.6691897027946714
I13727.AG,UnitedKingdom,England_MIA.AG,2243.0,0.7187750935554504,0.9702181284639451,-0.6305538841594024,0.6321765924559912
I13728.AG,UnitedKingdom,England_MIA.AG,2227.0,0.714970588684082,0.9267324335949325,-0.685005127401883,0.6389655976477081
I13729.AG,UnitedKingdom,England_MIA.AG,2350.0,0.7011280655860901,0.976854177321174,-0.6514609722040196,0.6521113252748791
I13730.AG,UnitedKingdom,England_MIA.AG,2237.0,0.6942254304885864,0.9899898346983993,-0.661171672739972,0.6270236282969758
I13731.AG,UnitedKingdom,England_MIA.AG,2246.0,0.7196249961853027,0.9060093016494349,-0.6045588339872349,0.6481270687019848
I13732.AG,UnitedKingdom,England_MIA.AG,2269.0,0.476385086774826,0.9135302631325365,-0.6339502142890685,0.5789677193479085
I13751.AG,UnitedKingdom,England_EastYorkshire_MIA_LIA.AG,2175.0,0.5380592346191406,0.8827358639372574,-0.609449047793737,0.6417486276908345
I13752.AG,UnitedKingdom,England_EastYorkshire_MIA_LIA_sister.I5511.AG,2121.0,0.5490185618400574,0.9806307578313526,-0.6007087161882412,0.6551925227924409
I13753.AG,UnitedKingdom,England_EastYorkshire_MIA_LIA.AG,2175.0,0.6289560794830322,1.0106265455912087,-0.5954101282499746,0.5989129218386479
I13754.AG,UnitedKingdom,England_EastYorkshire_MIA_LIA.AG,2175.0,0.5706849694252014,0.9608510019739182,-0.5561950648847991,0.6028040520335628
I13755.AG,UnitedKingdom,England_EastYorkshire_MIA_LIA.AG,2175.0,0.3711299002170563,0.9370075624636949,-0.6545749314881975,0.6320211664335272
I13756.AG,UnitedKingdom,England_EastYorkshire_MIA_LIA.AG,2175.0,0.5959693789482117,0.9257427278226343,-0.6410312372916577,0.5996566546883602
I13757.AG,UnitedKingdom,England_EastYorkshire_MIA_LIA.AG,2175.0,0.5734246373176575,1.020985280752964,-0.5650984327731188,0.6305088005207788
I13758.AG,UnitedKingdom,England_EastYorkshire_MIA_LIA_brother.I21558.AG,2175.0,0.5079686641693115,0.9876916730753278,-0.5902841876219918,0.6030828430813805
I13759.AG,UnitedKingdom,England_EastYorkshire_MIA_LIA.AG,2175.0,0.6628535389900208,0.9424091916623981,-0.6427000738360409,0.6215817224702023
I13760.AG,UnitedKingdom,England_EastYorkshire_MIA_LIA.AG,2175.0,0.5446674227714539,0.9106415476750894,-0.6065165219230743,0.5711197424028217
I13775.AG,Montenegro,Montenegro_MLBA.AG,3300.0,0.5060814619064331,-5.941500499844325,-13.820635066996012,0.45388792778436793
I13777.AG,Montenegro,Montenegro_MLBA_brother.I13169_son.or.brother.I13776.AG,3300.0,0.6961994767189026,-5.939858879895775,-13.807742649089827,0.4523878918494835
I13778.AG,Montenegro,Montenegro_MLBA.AG,3234.0,0.7150062322616577,-5.9583716993410825,-13.846647286367597,0.4497365854113298
I13780.AG,Czechia,Czechia_IA_LaTene.AG,2250.0,0.6642290353775024,1.6873084252606578,-0.24191802595269415,0.18000284315246673
I13781.AG,Czechia,Czechia_LBA_IA_Knoviz_Hallstatt.AG,2977.0,0.6802053451538086,1.7116508143303364,-0.14864608395511214,0.15784358560809555
I13783.AG,Czechia,Czechia_LBA_Knoviz.AG,3022.0,0.6844964623451233,1.7720101342184476,-0.15113013497711275,0.2120037376381602
I13786.AG,Czechia,Czechia_LBA_Knoviz_o3.AG,3050.0,0.7133241891860962,1.7319037247667552,-0.15824571252523856,0.20889699156302458
I13787.AG,Czechia,Czechia_LBA_Knoviz.AG,2958.0,0.6713351607322693,1.7276782079866957,-0.12745964981956598,0.20367667495957306
I13788.AG,Czechia,Czechia_LBA_Knoviz.AG,3000.0,0.6978004574775696,1.7931472880155048,-0.12526425795006702,0.18964089764784536
I13789.AG,Czechia,Czechia_LBA_Knoviz.AG,3000.0,0.715088963508606,1.7803729116966625,-0.13629881570527605,0.20536627579222488
I13791.AG,Czechia,Czechia_LBA_IA_Knoviz_Hallstatt.AG,2975.0,0.6764105558395386,1.8072730483507233,-0.11157680536309027,0.1643468248411859
I13792.AG,Czechia,Czechia_LBA_Knoviz.AG,3000.0,0.7127808332443237,1.7154722899940062,-0.05166451895426278,0.18416117210992974
I13793.AG,Czechia,Czechia_LBA_Knoviz.AG,3000.0,0.7164490818977356,1.7603303346177983,-0.15117427091188543,0.21745236531952392
I13794.AG,Czechia,Czechia_LBA_Knoviz_o3.AG,3050.0,0.6884874701499939,1.7999525852403855,-0.2048799981674325,0.15297705855512178
I13795.AG,Czechia,Czechia_LBA_Knoviz.AG,3035.0,0.7309533357620239,1.7106980954644475,-0.11836173698826434,0.19451472743362766
I13796.AG,Czechia,Czechia_LBA_Knoviz.AG,3000.0,0.6833528876304626,1.7585649155244276,-0.21203793459117032,0.21380640843617657
I13798.AG,Czechia,Czechia_LBA_Knoviz.AG,3050.0,0.6830657720565796,1.7707755453825835,-0.13754416310750678,0.2324340976638932
I13799.AG,Czechia,Czechia_LBA_Knoviz.AG,3050.0,0.7153606414794922,1.7560908555467376,-0.14729198848776767,0.1711855198162854
I13838.AG,Albania,Albania_TrenCave_NChalcolithic.AG,6200.0,0.7225487232208252,-0.41712105078962397,-0.6825434932623414,0.5532878932274526
I13839.AG,Albania,Albania_Shtike_Medieval.AG,1014.0,0.6929991841316223,-0.41567137104669327,-0.703828510423041,0.5608588164861104
I13840.AG,Albania,Albania_TrenCave_NChalcolithic.AG,6102.0,0.7293621301651001,-0.4113624417202772,-0.7149685003564824,0.5661949587710676
I13861.AG,Germany,Germany_Medieval_Jewish.AG,625.0,0.2808243036270141,0.23211510331184174,0.17800867609982224,0.7800992970448836
I13862.AG,Germany,Germany_Medieval_Jewish.AG,625.0,0.7064410448074341,0.2682443950075171,0.08928348210756802,0.7929751584723138
I13863.AG,Germany,Germany_Medieval_Jewish.AG,625.0,0.2281930595636367,0.2668631208556724,0.12743592883371035,0.7590401421527595
I13864.AG,Germany,Germany_Medieval_Jewish.AG,625.0,0.5800595879554749,0.28184550049591356,0.08668128128286429,0.8146923089988326
I13865.AG,Germany,Germany_Medieval_Jewish.AG,625.0,0.4713145792484283,0.2606174296330531,0.10254234512202323,0.7498896187625012
I13866.AG,Germany,Germany_Medieval_Jewish.AG,625.0,0.5528376698493958,0.30760322959675285,0.16303621437451896,0.817596505115013
I13867.AG,Germany,Germany_Medieval_Jewish.AG,625.0,0.6616921424865723,0.25035954497153445,0.1033800601559047,0.7830025641708519
I13868.AG,Germany,Germany_Medieval_Jewish.AG,625.0,0.5281712412834167,0.270851406105492,0.1434196488644345,0.8244104848906345
I13869.AG,Germany,Germany_Medieval_Jewish_daughter.I14904.AG,659.0,0.5157642364501953,0.28520858652832576,0.14344219312398532,0.8334190298371225
I13870.AG,Germany,Germany_Medieval_Jewish.AG,625.0,0.3138709664344787,0.2651048659537286,0.09550487837054195,0.7983928363800605
I13888.AG,UnitedKingdom,England_N_Megalithic_son.I12437.brother.I21393.I30302.AG,5601.0,0.6798809170722961,0.831770401344344,-0.523048907998722,0.5659389459372344
I13889.AG,UnitedKingdom,England_N_Megalithic.AG,5624.0,0.7088651657104492,0.9415575850531672,-0.5728260759161801,0.583006501287709
I13892.AG,UnitedKingdom,England_N_Megalithic.AG,5677.0,0.6534627079963684,0.8926902846864967,-0.6680699177296211,0.5765368219678113
I14088.AG,UnitedKingdom,England_Scorton_Anglian.AG,1427.0,0.4126152694225311,0.9796487412282877,-0.6386920883873336,0.6047579007199383
I14089.AG,UnitedKingdom,England_Scorton_Anglian.AG,1378.0,0.40254807472229,0.9768091944216025,-0.6063315183345841,0.6582023089212721
I14090.AG,UnitedKingdom,England_Scorton_Anglian.AG,1382.0,0.2573403418064117,0.9688777592151347,-0.6241637773968421,0.6441737093933172
I14091.AG,UnitedKingdom,England_Scorton_Anglian.AG,1392.0,0.5335726141929626,0.9593998340692124,-0.6086036571903488,0.6235021117149853
I14095.AG,UnitedKingdom,England_Scorton_Anglian.AG,1466.0,0.6463322043418884,0.9451378946636576,-0.5296418264394521,0.6451512791064123
I14096.AG,UnitedKingdom,England_LIA.AG,1973.0,0.3554634153842926,0.9938405934660566,-0.5982177462228871,0.5669438488696328
I14097.AG,UnitedKingdom,England_LIA.AG,2002.0,0.4484956860542297,0.9239911177416467,-0.5951927992513437,0.5176970257364915
I14099.AG,UnitedKingdom,England_EastYorkshire_MIA_LIA.AG,2175.0,0.6327005624771118,0.9577663543786757,-0.6303626637915329,0.6615814906217822
I14100.AG,UnitedKingdom,England_EastYorkshire_MIA.AG,2302.0,0.6234800219535828,0.9251917005481609,-0.6449775994716263,0.5790837969994868
I14101.AG,UnitedKingdom,England_EastYorkshire_MIA_LIA.AG,2175.0,0.6393784880638123,0.9494837914860551,-0.6619010031273136,0.5176335630298193
I14102.AG,UnitedKingdom,England_EastYorkshire_MIA_LIA.AG,2175.0,0.6557684540748596,0.9684635792769799,-0.6028054203665256,0.5674430919799524
I14103.AG,UnitedKingdom,England_EastYorkshire_MIA_LIA.AG,2175.0,0.3059132397174835,0.9784402406229066,-0.5639955356714045,0.5993814452687289
I14104.AG,UnitedKingdom,England_EastYorkshire_MIA_LIA.AG,2175.0,0.656876266002655,0.930656198325777,-0.5633906898719088,0.5947841424563224
I14105.AG,UnitedKingdom,England_EastYorkshire_MIA_LIA.AG,2175.0,0.6510953307151794,0.961499892511034,-0.6976601266044143,0.689005730376651
I14106.AG,UnitedKingdom,England_EastYorkshire_MIA_LIA.AG,2045.0,0.5883733630180359,0.9346856193208704,-0.6055515266897198,0.555361758708176
I14107.AG,UnitedKingdom,England_EastYorkshire_MIA_LIA_son.I21698.AG,2175.0,0.5169848203659058,0.9394741835192133,-0.6018297482169509,0.6071465058743798
I14108.AG,UnitedKingdom,England_EastYorkshire_MIA_LIA.AG,2045.0,0.6511512994766235,1.070146798943244,-0.7694305841807427,0.6990980314657957
I14157.AG,Romania,Romania_C_Bodrogkeresztur.AG,5900.0,0.6608778834342957,-0.40551754225815567,0.1946045496580211,-0.019629338275294197
I14159.AG,Romania,Romania_C_Bodrogkeresztur.AG,5900.0,0.6980332136154175,-0.3820274902305738,0.19461313605741135,-0.006245318969900835
I14160.AG,Romania,Romania_C_Bodrogkeresztur.AG,5900.0,0.6722621917724609,-0.4087637137799583,0.19722273229789228,0.004427376334845157
I14161.AG,Romania,Romania_C_Bodrogkeresztur.AG,5900.0,0.6643425226211548,-0.4152790304520179,0.19734921412689377,0.0033375070209358208
I14162.AG,Romania,Romania_C_Bodrogkeresztur.AG,5900.0,0.6659889221191406,-0.3869054990468504,0.1662828852836886,-0.011130724404296232
I14163.AG,Romania,Romania_C_Bodrogkeresztur.AG,5900.0,0.6562955975532532,-0.38402983439597316,0.16314482778317513,0.001826818123167452
I14164.AG,Romania,Romania_C_Bodrogkeresztur.AG,5900.0,0.6113463640213013,-0.39964678347628274,0.18343210925512707,-0.003952391565825916
I14165.AG,Romania,Romania_C_Bodrogkeresztur.AG,5900.0,0.6837146282196045,-0.40958492577519073,0.18687542862916784,-0.0031511221665895548
I14166.AG,Romania,Romania_C_Bodrogkeresztur.AG,5900.0,0.6513231992721558,-0.3832764498503318,0.20624298601195926,0.006728974879753109
I14167.AG,Czechia,Czechia_C_Baalberge.AG,5850.0,0.6489128470420837,1.6634626817767846,-0.11907630057465456,0.20760916689010267
I14168.AG,Czechia,Czechia_C_Baalberge_o2.AG,5850.0,0.6189318299293518,1.6771800400762638,-0.14802025127657875,0.12881889449171027
I14169.AG,Czechia,Czechia_C_Baalberge.AG,5850.0,0.6848662495613098,1.639486127941037,-0.1337267254771884,0.2523551426106015
I14170.AG,Czechia,Czechia_C_Baalberge.AG,5850.0,0.6764227151870728,1.699326871011067,-0.11029612005267175,0.22514063262824122
I14171.AG,Czechia,Czechia_C_Baalberge.AG,5850.0,0.662807285785675,1.74032326029903,-0.17495638569072505,0.16423064122095982
I14172.AG,Czechia,Czechia_C_Baalberge.AG,5850.0,0.6748380064964294,1.6966466806783225,-0.13417548600398727,0.24744971679062855
I14173.AG,Czechia,Czechia_C_Baalberge.AG,5850.0,0.6993600130081177,1.7088810347293024,-0.13407024325498063,0.17684309120554298
I14174.AG,Czechia,Czechia_C_Baalberge.AG,5850.0,0.6652208566665649,1.7757872118348748,-0.12901298997605112,0.20974369434933388
I14175.AG,Czechia,Czechia_C_Baalberge.AG,5526.0,0.6635898947715759,1.7933600380044727,-0.11142014961451464,0.18519685725281568
I14176.AG,Czechia,Czechia_C_Baalberge.AG,5550.0,0.6583214998245239,1.6673786878686294,-0.14637949279729112,0.18744637928347677
I14177.AG,Slovakia,Slovakia_N_LBK.AG,7100.0,0.1109120473265647,0.5571137512743561,-0.8482158716335078,0.34116446309426957
I14178.AG,Slovakia,Slovakia_N_LBK.AG,7100.0,0.6612858176231384,0.5445449579507687,-0.7846610639896049,0.3145546090165842
I14179.AG,Slovakia,Slovakia_N_LBK.AG,7100.0,0.3583498299121856,0.5600748132815786,-0.808048800584873,0.3315778444489236
I14180.AG,Slovakia,Slovakia_N_LBK.AG,7100.0,0.6658064723014832,0.5196309522964737,-0.786454847632683,0.33228033775648114
I14181.AG,Slovakia,Slovakia_N_LBK.AG,7100.0,0.3146641552448272,0.5423780977437135,-0.8250484148493483,0.31275264917680184
I14182.AG,Slovakia,Slovakia_N_LBK.AG,7100.0,0.4831725358963012,0.532693248537189,-0.817007049018057,0.32990780463967706
I14183.AG,Slovakia,Slovakia_N_LBK.AG,7100.0,0.5591433048248291,0.5557393095713895,-0.8432746109998438,0.34489524515230185
I14185.AG,Czechia,Czechia_EBA_Unetice.AG,3850.0,0.6412438750267029,1.75461864783022,-0.16557491640668404,0.18771842332317767
I14186.AG,Czechia,Czechia_EBA_Unetice.AG,3850.0,0.5025948882102966,1.7342750091051604,-0.11528101523342618,0.17894725427894126
I14188.AG,Czechia,Czechia_EBA_Unetice_brother.I14585.AG,3850.0,0.3563571572303772,1.719999206566359,-0.16906706805749064,0.18371804569483985
I14189.AG,Czechia,Czechia_EBA_Unetice.AG,3850.0,0.6504684090614319,1.710181892183977,-0.13429763323914015,0.20215767965282655
I14190.AG,Czechia,Czechia_MN.AG,6450.0,0.6995344161987305,1.6821748105985175,-0.11601913238196634,0.13628065341988208
I14191.AG,Czechia,Czechia_EBA_Unetice.AG,3850.0,0.6087754368782043,1.7394301253895867,-0.13710357799054368,0.20071579469837272
I14192.AG,Czechia,Czechia_EBA_Unetice.AG,3850.0,0.5686323046684265,1.744155218800414,-0.1382846290386392,0.19236425634939583
I14193.AG,Czechia,Czechia_EBA_Unetice.AG,3850.0,0.6815499663352966,1.7674023787025912,-0.12561612621584772,0.18486547123134112
I14326.AG,UnitedKingdom,England_N.AG,4908.0,0.6772588491439819,0.8859402857017749,-0.5399552683915749,0.5526709989393608
I14327.AG,UnitedKingdom,England_EastYorkshire_MIA_LIA.AG,2081.0,0.690087616443634,0.9507873269578518,-0.5214032354234328,0.5430832594660412
I14347.AG,UnitedKingdom,England_MIA.AG,2224.0,0.6393654942512512,1.0150997482168416,-0.5599445803229381,0.5829604883009971
I14348.AG,UnitedKingdom,England_MIA.AG,2222.0,0.6164711713790894,0.9081167299385272,-0.6197520038577037,0.5210409406475753
I14351.AG,UnitedKingdom,England_LIA.AG,2048.0,0.5975460410118103,0.9168646871417085,-0.6583058605483647,0.5828468854196811
I14352.AG,UnitedKingdom,England_LIA_sister.I14351.AG,2048.0,0.4686374068260193,0.9157666189634605,-0.5674231288468474,0.6216236929559338
I14353.AG,UnitedKingdom,England_MIA_LIA.AG,2120.0,0.6575251221656799,0.8895462554737642,-0.5284061521120093,0.7091498100554531
I14358.AG,UnitedKingdom,England_LBA.AG,2808.0,0.6277395486831665,0.8952964500416124,-0.4727625204869288,0.535003236375859
I14360.AG,UnitedKingdom,England_LIA_o.AG,1984.0,0.4563674628734588,0.8942750636549832,-0.5893015845843991,0.603611093472554
I14377.AG,UnitedKingdom,England_LBA.AG,2889.0,0.6619524955749512,0.9480468261998928,-0.7631312291759451,0.7509968164676218
I14378.AG,UnitedKingdom,England_MIA_lowEEF.AG,2264.0,0.669519305229187,0.9637685986615796,-0.5431756887402253,0.596289331017897
I14380.AG,UnitedKingdom,England_MIA.AG,2235.0,0.6856797337532043,1.020333820657981,-0.6096344635374292,0.6186166668292007
I14381.AG,UnitedKingdom,England_EIA.AG,2443.0,0.6154801249504089,0.9021987140555914,-0.5561050832876223,0.5348925223712255
I14465.AG,Slovakia,Slovakia_IA_Vekerzug.AG,2525.0,0.167903333902359,0.5422590576465602,-0.8085880512809086,0.30300498722036223
I14497.AG,Montenegro,Montenegro_MLBA_o_1d.rel_I14500.AG,3100.0,0.0720884501934051,-5.978039764482632,-13.90486100262726,0.44747364881196167
I14498.AG,Montenegro,Montenegro_MLBA.AG,3100.0,0.5127537250518799,-5.981079172338287,-13.908514548050519,0.4457393620929645
I14500.AG,Montenegro,Montenegro_MLBA.AG,3100.0,0.1135511174798011,-5.977060997797217,-13.904795051522745,0.45198315429741615
I14501.AG,Montenegro,Montenegro_MLBA.AG,3175.0,0.4948698878288269,-5.933101166238007,-13.811350166715252,0.45187516421540297
I14533_d.AG,UnitedKingdom,England_EarlyMedieval.AG,1350.0,0.054185964167118,0.939635875394654,-0.6001527430925664,0.6068866025256667
I14534.AG,UnitedKingdom,England_EarlyMedieval.AG,1350.0,0.6599606275558472,0.8045733619415272,-0.5935440853999243,0.6321179447359623
I14535.AG,UnitedKingdom,England_EarlyMedieval_father.I14536.AG,1350.0,0.5379440188407898,0.9160658133081673,-0.6090771187243477,0.6420394779754087
I14536.AG,UnitedKingdom,England_EarlyMedieval.AG,1350.0,0.5671302676200867,0.9891822221590725,-0.6518099172336485,0.5707720488335087
I14538.AG,UnitedKingdom,England_EarlyMedieval.AG,1350.0,0.5890538096427917,1.00794589378971,-0.5015376524044383,0.6604060583430279
I14539.AG,UnitedKingdom,England_EarlyMedieval_o.AG,1350.0,0.337104320526123,0.9366960465942087,-0.5576632367080433,0.6657753187750071
I14541.AG,UnitedKingdom,England_EarlyMedieval.AG,1350.0,0.6376721262931824,0.9052758168792095,-0.6879175909205272,0.7196491487343168
I14542.AG,UnitedKingdom,England_EarlyMedieval.AG,1350.0,0.5888080596923828,0.9204847269096382,-0.44747544503034525,0.5163374099824951
I14543.AG,UnitedKingdom,England_C_EBA.AG,3975.0,0.6394871473312378,0.9771654758729975,-0.6142678497225998,0.5961312139529216
I14549.AG,UnitedKingdom,England_MIA.AG,2267.0,0.390156477689743,0.9512252309303046,-0.6005646367452879,0.563807623854253
I14550.AG,UnitedKingdom,England_IA_EarlyMedieval.AG,1850.0,0.6706336140632629,1.0259103644102736,-0.5956978908738335,0.6163418636314437
I14551.AG,UnitedKingdom,England_MIA.AG,2349.0,0.6361019611358643,0.9589541571107092,-0.6755697347107728,0.691590517321063
I14552_d.AG,UnitedKingdom,England_LIA.AG,1947.0,0.1102526932954788,0.9407464926735901,-0.585152834392027,0.5958565590819346
I14553.AG,UnitedKingdom,England_C_EBA.AG,3807.0,0.6509712338447571,0.9369916946936453,-0.6266741791293782,0.6461918063990486
I14585.AG,Czechia,Czechia_EBA_Unetice.AG,3850.0,0.6300622820854187,1.7689795164488444,-0.11835492068348971,0.2243926859546903
I14586.AG,Austria,Austria_EN_LBK.AG,7113.0,0.6676790714263916,0.0920325126973923,-0.22161975108676613,-0.14848459966031682
I14599.AG,Slovakia,Slovakia_N_LBK.AG,7100.0,0.645833432674408,0.5471079138164634,-0.7946600608747477,0.3216946356978306
I14600.AG,Slovakia,Slovakia_N_LBK.AG,7100.0,0.6426752805709839,0.5181418982575834,-0.7719695569708528,0.3454661486103953
I14622.AG,Albania,Albania_Kenete_Medieval.AG,1121.0,0.5829500555992126,-0.42361537213436445,-0.7212355702347942,0.576348145934435
I14627.AG,Turkey,Turkey_Southeast_Batman_Chalcolithic.AG,5535.0,0.3109999597072601,-0.7175152214653285,0.5624482123633768,0.9886015748918049
I14635.AG,Turkey,Turkey_Southeast_Batman_Ancient.AG,2500.0,0.6651430130004883,-0.7280152177818495,0.5515315916596675,0.9633956907693288
I14644.AG,Turkey,Turkey_Southeast_Batman_Ancient.AG,2593.0,0.6526322364807129,-0.7015315063162042,0.5449139218498761,0.9398384192755949
I14645.AG,Turkey,Turkey_Southeast_Gaziantep_Byzantine.AG,750.0,0.5868251323699951,-0.7539107716942518,0.5802990988152582,0.9484723429829212
I14647.AG,Turkey,Turkey_Southeast_Gaziantep_Byzantine.AG,750.0,0.3461050391197204,-0.7182606465467081,0.5868222280601296,0.9551356989064493
I14648.AG,Turkey,Turkey_Southeast_Gaziantep_Byzantine.AG,851.0,0.663573682308197,-0.660949294028517,0.49428963405121124,0.9712944031136909
I14649_enhanced.AG,Turkey,Turkey_Southeast_Gaziantep_BA.AG,4168.0,0.1195583492517471,-0.7094190521757128,0.5637595474903296,0.950734370167751
I14650.AG,Turkey,Turkey_Southeast_Gaziantep_Byzantine_father.or.son.I14651.AG,750.0,0.2419374287128448,-0.7042000018734055,0.554622202227672,0.9582373752406796
I14651.AG,Turkey,Turkey_Southeast_Gaziantep_Byzantine.AG,750.0,0.5255321860313416,-0.7089381375717346,0.5669343232895717,0.9270559292023981
I14652.AG,Turkey,Turkey_Southeast_Gaziantep_Byzantine.AG,750.0,0.1814571321010589,-0.6905821182511761,0.5456742111459061,0.9212993341526833
I14675.AG,Italy,Italy_Sardinia_C_MonteClaro.AG,4021.0,0.673315703868866,-1.0810160214677031,0.2137881688399486,0.3298163660876704
I14676.AG,Italy,Italy_Sardinia_C_MonteClaro.AG,4053.0,0.689338207244873,-1.0129140139306265,0.22480650752110118,0.4092785083714169
I14677.AG,Italy,Italy_Sardinia_C_MonteClaro.AG,4329.0,0.6711153984069824,-1.0218295579941368,0.21429243784335303,0.37296491170163654
I14678.AG,Italy,Italy_Sardinia_C_MonteClaro.AG,4247.0,0.6888816356658936,-1.0303154228364333,0.1638435392903533,0.3514325690538462
I14686.AG,Albania,Albania_Bardhoc_PostMedieval.AG,400.0,0.6716822981834412,-0.4255953373122774,-0.7432175934870292,0.5722668052426259
I14687.AG,Albania,Albania_Bardhoc_PostMedieval.AG,400.0,0.62330162525177,-0.41341910499057527,-0.7266224978796885,0.5709531114164338
I14688.AG,Albania,Albania_Cinamak_BA_IA.AG,2450.0,0.6588754653930664,-0.3907785916495569,-0.7225461496746002,0.5885865770902772
I14689.AG,Albania,Albania_Cinamak_EBA.AG,4505.0,0.4871919453144073,-0.4010705547130715,-0.7239791722332117,0.5682814330003405
I14690.AG,Albania,Albania_Cinamak_BA_IA.AG,3000.0,0.6453679203987122,-0.43793315923932835,-0.7255509924451011,0.5769967745610901
I14692.AG,Albania,Albania_Cinamak_BA_IA.AG,2900.0,0.6795224547386169,-0.4026993063738412,-0.732532258931474,0.5695440155486222
I14730.AG,Turkey,Turkey_Southeast_Batman_Chalcolithic.AG,5950.0,0.0775231048464775,-0.7414229514205836,0.5517856513958258,0.9565814530075608
I14733.AG,Turkey,Turkey_Southeast_Batman_Ancient.AG,2401.0,0.6165263652801514,-0.6963079636793379,0.5329649261805143,0.9566729320358174
I14734.AG,Turkey,Turkey_Southeast_Batman_Ancient.AG,2500.0,0.4758757650852203,-0.6950727101903035,0.5375163217181668,0.9505767589833588
I14735.AG,Turkey,Turkey_Southeast_Batman_Ancient.AG,2500.0,0.111517883837223,-0.7206008608542774,0.5623225425422848,0.9524021626535728
I14736.AG,Germany,Germany_Medieval_Jewish.AG,625.0,0.5743329524993896,0.2686378559603126,0.10057735487894562,0.8751226783102335
I14737.AG,Germany,Germany_Medieval_Jewish.AG,604.0,0.3295650482177734,0.28320129074182965,0.11731716519014924,0.7862083741619648
I14738.AG,Germany,Germany_Medieval_Jewish.AG,625.0,0.6907404661178589,0.2764805448988385,0.1590997204466671,0.7855652622281645
I14739.AG,Germany,Germany_Medieval_Jewish.AG,625.0,0.2783563435077667,0.2804965358924697,0.15557760608392043,0.8087864412338069
I14740.AG,Germany,Germany_Medieval_Jewish.AG,603.0,0.698488175868988,0.29795875083596834,0.10521677244985472,0.8007029554536428
I14741.AG,Germany,Germany_Medieval_Jewish.AG,609.0,0.1058715507388114,0.2712978429493953,0.1247303327253716,0.7653813566787323
I14743_d.AG,UnitedKingdom,England_EIA.AG,2594.0,0.0681574344635009,0.9497897509468904,-0.62718106122996,0.610921077239429
I14747.AG,UnitedKingdom,England_EIA.AG,2374.0,0.1496699601411819,0.9862466461116359,-0.5669782922232336,0.5757976078094419
I14759.AG,Turkey,Turkey_Southeast_Kilis_MBA.AG,3700.0,0.5565569996833801,-0.7399072721001861,0.597577705967689,1.03104231759778
I14760.AG,Turkey,Turkey_Southeast_Kilis_Byzantine.AG,1127.0,0.1577071845531463,-0.7047123733733898,0.5427503706732683,0.937666641832503
I14761.AG,Turkey,Turkey_Southeast_Kilis_MBA.AG,3700.0,0.410004585981369,-0.7260265853747225,0.5520019662593667,0.9380377337105731
I14762.AG,Turkey,Turkey_Southeast_Kilis_MBA.AG,3583.0,0.6957988142967224,-0.745774585762307,0.5556598617534758,0.9609712795789892
I14764.AG,Turkey,Turkey_East_Van_Urartian_outlier.AG,2582.0,0.7037249207496643,-0.720947427814145,0.5666013167785449,0.9674047150486483
I14765.AG,Turkey,Turkey_East_Van_Urartian.AG,2750.0,0.6695906519889832,-0.7376166218082769,0.596981754917748,0.9454743631615707
I14767.AG,Turkey,Turkey_East_Van_BIA_pre-Urartian.AG,3256.0,0.6953033208847046,-0.7263308448655136,0.5735584775437108,0.9568507147545212
I14782.AG,Turkey,Turkey_Southeast_Kilis_MBA_father.I14784.father.I14789.AG,3700.0,0.651605486869812,-0.7437890889093819,0.562235716853165,0.947645066123458
I14784.AG,Turkey,Turkey_Southeast_Kilis_MBA.AG,3695.0,0.6941102743148804,-0.6631665644283823,0.5852418123126524,0.8760621920265025
I14785.AG,Turkey,Turkey_Southeast_Kilis_MBA_brother.I14786.AG,3700.0,0.2257794588804245,-0.7103941362193045,0.5745215398458375,0.9600200558750226
I14786.AG,Turkey,Turkey_Southeast_Kilis_MBA.AG,3540.0,0.6762588620185852,-0.7573410189086007,0.5459140464626859,0.9366670927396477
I14787.AG,Turkey,Turkey_Southeast_Kilis_Byzantine.AG,950.0,0.3070559799671173,-0.640018850561859,0.5257378227913752,0.867276323077031
I14788.AG,Turkey,Turkey_Southeast_Kilis_MBA.AG,4450.0,0.5895980000495911,-0.7598544025271141,0.5520916466603176,1.040089998483902
I14789.AG,Turkey,Turkey_Southeast_Kilis_MBA_sister.I14784.daughter.I14782.AG,3658.0,0.6258336305618286,-0.7449163013184339,0.5809427915867283,0.9629256937965676
I14790.AG,Turkey,Turkey_Southeast_Kilis_Byzantine_mother.or.daughter.I14791.AG,950.0,0.3720147311687469,-0.7607158473137785,0.5751084328851555,0.9583251139062501
I14791.AG,Turkey,Turkey_Southeast_Kilis_Byzantine.AG,942.0,0.5364542007446289,-0.6924985251299025,0.5345774896056794,0.9223582817228498
I14792.AG,Turkey,Turkey_Southeast_Kilis_EBA_A.AG,4247.0,0.6431699991226196,-0.7665514200381447,0.5681355809239622,0.9554280526829527
I14794.AG,Turkey,Turkey_Southeast_Kilis_EBA_A.AG,4450.0,0.445720374584198,-0.7071127390203283,0.5705376479006061,0.9746372484061345
I14797.AG,Turkey,Turkey_Southeast_Kilis_EBA_A.AG,4450.0,0.5826061964035034,-0.7035042262789686,0.5723419003128718,0.9261462477733428
I14798.AG,Turkey,Turkey_Southeast_Kilis_EBA_A.AG,4450.0,0.5404930710792542,-0.7522793100018442,0.5284876933552162,0.9690351550481328
I14799.AG,Turkey,Turkey_Marmara_Iznik_Basilica_Roman_Byzantine_A.AG,1575.0,0.518337607383728,-0.7052120320380663,0.5468967238627085,0.9532375201874724
I14800.AG,UnitedKingdom,England_MIA.AG,2228.0,0.6116796731948853,0.9753626568310488,-0.6118983898509346,0.6088004479917681
I14801.AG,UnitedKingdom,England_MIA.AG,2214.0,0.5972418785095215,0.9434361725828727,-0.6721644537808406,0.5331667027293592
I14802.AG,UnitedKingdom,England_MIA.AG,2247.0,0.3026294112205505,0.9452954218723156,-0.6233586120910825,0.5913395139376988
I14803.AG,UnitedKingdom,England_MIA_highEEF.AG,2224.0,0.2818185985088348,0.903788684651023,-0.6392784165220011,0.6347929750334713
I14804.AG,UnitedKingdom,England_MIA.AG,2233.0,0.6303623914718628,0.9836651736482362,-0.5928990574960649,0.6353898176564613
I14807.AG,UnitedKingdom,England_MIA.AG,2241.0,0.5304794311523438,0.9385066577560571,-0.6205492612385745,0.5461771942685142
I14808.AG,UnitedKingdom,England_MIA.AG,2274.0,0.3026391565799713,0.9461024494449707,-0.5988408067317909,0.6014486533651983
I14809.AG,UnitedKingdom,England_MIA_LIA.AG,2199.0,0.4468493163585663,0.9128784585989871,-0.56065337779358,0.5941422791253587
I14820.AG,Turkey,Turkey_Marmara_Balikesir_Byzantine.AG,390.0,0.6925725936889648,-0.7034032294968553,0.5575928475519739,0.9883310094413251
I14821.AG,Turkey,Turkey_Marmara_Balikesir_Byzantine.AG,1150.0,0.6715120077133179,-0.7233299922600214,0.6197275915896233,0.9563301226463907
I14822.AG,Turkey,Turkey_Marmara_Balikesir_Byzantine.AG,1150.0,0.6834153532981873,-0.6909992649853195,0.5576523345943994,0.978034141205683
I14823.AG,Turkey,Turkey_Marmara_Balikesir_PostMedieval.AG,377.0,0.7079527974128723,-0.747210248190742,0.5693789525784769,0.946166171682768
I14824.AG,Turkey,Turkey_Marmara_Balikesir_Byzantine.AG,1456.0,0.6858678460121155,-0.7145933657586084,0.538725087378016,0.9868751675037226
I14831.AG,Turkey,Turkey_Marmara_Balikesir_Byzantine.AG,1150.0,0.687375545501709,-0.7184303087439956,0.5298854360053582,0.948713121439421
I14832.AG,Turkey,Turkey_Marmara_Balikesir_Byzantine.AG,1150.0,0.7021799683570862,-0.7056685729602888,0.5731358563115801,0.9435585935584581
I14833.AG,Turkey,Turkey_Marmara_Iznik_Y.kapi_Byzantine.AG,1400.0,0.4108456373214721,-0.6992840423310607,0.5492059006633421,0.9359883887273168
I14837.AG,UnitedKingdom,England_MIA_LIA.AG,2046.0,0.495331346988678,0.9694608826073248,-0.6060102202138007,0.5988106416879297
I14839.AG,Turkey,Turkey_Marmara_Iznik_Y.kapi_Byzantine.AG,1466.0,0.7077443599700928,-0.7553354791504754,0.5420681692228632,0.9487796487536709
I14840.AG,Turkey,Turkey_Marmara_Iznik_Y.kapi_Byzantine.AG,1478.0,0.3961807489395141,-0.7307349384996549,0.535337442582559,0.9453401253530422
I14842.AG,Turkey,Turkey_Marmara_Iznik_Y.kapi_Byzantine.AG,1400.0,0.6474716663360596,-0.7272354212921878,0.6110275534186117,0.9793407693629764
I14843.AG,Turkey,Turkey_Marmara_Iznik_Y.kapi_Byzantine.AG,1400.0,0.659647524356842,-0.7566842302639972,0.5696894321687885,1.0125236478967112
I14844.AG,Turkey,Turkey_Marmara_Iznik_Y.kapi_PostMedieval.AG,386.0,0.7219315767288208,-0.7442873691242733,0.6010551560198515,0.9907039728853144
I14845.AG,Turkey,Turkey_Marmara_Apollonia_Roman.AG,1900.0,0.4536626935005188,-0.7307902941848602,0.5565896250216016,0.9664392910515863
I14846.AG,Germany,Germany_Medieval_Jewish.AG,625.0,0.0503644309937953,0.2280979281267259,0.17931338538872854,0.7751721654070207
I14847.AG,Germany,Germany_Medieval_Jewish.AG,625.0,0.7152876853942871,0.2596098376992934,0.1237974645485616,0.8025731523250442
I14850.AG,Germany,Germany_Medieval_Jewish.AG,604.0,0.4688490629196167,0.27383751488087554,0.13949542016252495,0.7933725872633488
I14851.AG,Germany,Germany_Medieval_Jewish.AG,604.0,0.3626563549041748,0.22564158604438125,0.1112573875907508,0.7751032860477678
I14852.AG,Germany,Germany_Medieval_Jewish.AG,625.0,0.2195751368999481,0.27837373682786304,0.14194724173532405,0.7317225367983329
I14853.AG,Germany,Germany_Medieval_Jewish_son.I14850.brother.I14898.AG,606.0,0.4419263899326324,0.22629554758145676,0.1032535687537846,0.8568193961422672
I14857.AG,UnitedKingdom,England_EIA.AG,2408.0,0.1434623897075653,0.9407131487880243,-0.5797173732444755,0.5462346550736398
I14858.AG,UnitedKingdom,England_MIA.AG,2254.0,0.6170032024383545,0.9704778640138368,-0.5838044732729122,0.5870248872354393
I14859.AG,UnitedKingdom,England_MIA.AG,2227.0,0.6082603931427002,0.9999753988202524,-0.5422026926682487,0.5617564051514297
I14860.AG,UnitedKingdom,England_MIA.AG,2231.0,0.6713416576385498,0.9342216152816617,-0.657158464618758,0.6523686485954516
I14861.AG,UnitedKingdom,England_LBA_highEEF.AG,2810.0,0.6041947603225708,1.0127558929831244,-0.5373986865468101,0.5900615148026006
I14862.AG,UnitedKingdom,England_LBA.AG,2834.0,0.7041807174682617,0.9403542906148408,-0.5990320884906967,0.6360157062487964
I14863.AG,UnitedKingdom,England_MIA.AG,2225.0,0.6798087358474731,0.8799361687487189,-0.5034848799645901,0.6210854422082115
I14864.AG,UnitedKingdom,England_LBA.AG,2839.0,0.6445941925048828,0.9860483926626171,-0.6204283373842489,0.5713949430843087
I14865.AG,UnitedKingdom,England_LBA_highEEF.AG,2823.0,0.2105436027050018,0.9408736018316669,-0.5545909941032336,0.6550771171507481
I14866.AG,UnitedKingdom,England_MIA.AG,2226.0,0.6376769542694092,0.9925127986485357,-0.6634555762445256,0.6454561441017842
I14897.AG,Germany,Germany_Medieval_Jewish.AG,603.0,0.1989476233720779,0.27715674636555915,0.1362908153188199,0.7963158113869879
I14898.AG,Germany,Germany_Medieval_Jewish.AG,615.0,0.0980971008539199,0.28437021086784164,0.11699289773100519,0.7986912536495699
I14901.AG,Germany,Germany_Medieval_Jewish.AG,625.0,0.0564900785684585,0.25001765003877363,0.11542240627625319,0.778896589926658
I14903.AG,Germany,Germany_Medieval_Jewish.AG,625.0,0.511756181716919,0.2604727233493717,0.13092613292516694,0.7952119386450891
I14904.AG,Germany,Germany_Medieval_Jewish.AG,606.0,0.6025475859642029,0.2613831498953881,0.1160818716045812,0.7737920058719076
I14916.AG,Greece,Greece_Crete_Zakros_BA.AG,3768.0,0.1334519535303115,-0.6683597023991933,0.013434294423538664,2.2376758770083693
I14962.AG,Hungary,Hungary_N_Koros.AG,7544.0,0.6967785358428955,0.47975751870017375,-0.05139017877578089,-0.8144510039043248
I14965.AG,Hungary,Hungary_N_Koros.AG,7500.0,0.271936297416687,0.4991925031464205,-0.04866390206169454,-0.9592302636757901
I14980.AG,Czechia,Czechia_IA_Hallstatt.AG,2625.0,0.6607367396354675,1.755322472045061,-0.1604034276905516,0.19726706515410708
I14983.AG,Czechia,Czechia_IA_Hallstatt.AG,2625.0,0.5451369881629944,1.7651922547366046,-0.12986748648058566,0.2243918813473587
I14985.AG,Czechia,Czechia_IA_LaTene.AG,2225.0,0.6554553508758545,1.7181820356343827,-0.14459234438056406,0.17464040044311988
I14986.AG,Czechia,Czechia_IA_LaTene.AG,2255.0,0.68880295753479,1.8018785411478495,-0.04636281689979081,0.21849380096250187
I14987.AG,Czechia,Czechia_IA_LaTene.AG,2255.0,0.4438347220420837,1.705877222358191,-0.16086812550284924,0.20253389360163754
I14988.AG,Czechia,Czechia_IA_LaTene_father.or.son.I17142.AG,2255.0,0.4141408205032348,1.7601316220483023,-0.09112818510364315,0.18485095334935736
I15027.AG,France,France_Medieval_o.AG,685.0,0.6940088868141174,-0.3273447393433506,-0.03247799159385443,-0.486339339358113
I15028.AG,France,France_EBA.AG,4218.0,0.6821444630622864,-0.3353072509434995,-0.00013170237862245365,-0.47554730611871054
I15029.AG,France,France_N.AG,5700.0,0.6933317184448242,-0.3318303612560502,-0.019980557523296662,-0.47008860262194696
I15030.AG,France,France_N.AG,5700.0,0.6408910751342773,-0.3521747409356208,0.007218458591030536,-0.47118139322171454
I15031.AG,France,France_N.AG,5700.0,0.6871825456619263,-0.3112587714899554,-0.062625809506104,-0.516077896536841
I15032.AG,France,France_N.AG,5700.0,0.6944176554679871,-0.36943089353406783,0.0005538605153498555,-0.457298086791112
I15033.AG,France,France_EBA.AG,3765.0,0.7092269062995911,-0.32935531424136905,0.014582799383690568,-0.4579652919653656
I15034.AG,France,France_N_BA.AG,5000.0,0.6678040027618408,-0.3089981778890816,-0.021981236274131025,-0.47705812608579856
I15035.AG,France,France_N.AG,5000.0,0.7044718861579895,-0.3091922822287343,-0.008343256468103636,-0.47005490782327497
I15039.AG,Czechia,Czechia_IA_LaTene.AG,2185.0,0.6962602734565735,1.7475655097320761,-0.10802819701544294,0.22142618868657418
I15040.AG,Czechia,Czechia_IA_LaTene.AG,2240.0,0.624154806137085,1.7186721692661202,-0.14424386159743663,0.1483504440738938
I15041.AG,Czechia,Czechia_LBA_Knoviz.AG,3151.0,0.6651446223258972,1.8134098530863019,-0.15707914744825108,0.1538988154649183
I15042.AG,Czechia,Czechia_IA_LaTene.AG,2225.0,0.7060566544532776,1.7380194694182574,-0.16844591682620638,0.25338874363067854
I15043.AG,Czechia,Czechia_IA_LaTene.AG,2240.0,0.7074021100997925,1.6989528937393343,-0.11447969249104338,0.2038723847876334
I15044.AG,Czechia,Czechia_IA_LaTene.AG,2230.0,0.7183306217193604,1.6978854529791079,-0.20868481155238452,0.19007935809408188
I15045.AG,Czechia,Czechia_IA_LaTene.AG,2255.0,0.7065489292144775,1.756862091393121,-0.15056903432752747,0.1978546812005885
I15046.AG,Czechia,Czechia_IA_LaTene.AG,2256.0,0.7096413373947144,1.7126183393453023,-0.13448394918571507,0.180460661460611
I15047.AG,Czechia,Czechia_IA_LaTene.AG,2170.0,0.4640251100063324,1.7404439972074888,-0.15760344786251393,0.19495558203620178
I15048.AG,Czechia,Czechia_IA_LaTene.AG,2385.0,0.6501594185829163,1.769365307780804,-0.15596264361210715,0.2308513156660785
I15049.AG,Czechia,Czechia_IA_LaTene.AG,2275.0,0.3895822763442993,1.6707663052366801,-0.15865215551795195,0.20222658170873595
I15071.AG,Czechia,Czechia_IA_Hallstatt.AG,2625.0,0.2785104513168335,1.7719022206736839,-0.14813746912802053,0.20871735454568266
I15073.AG,Hungary,Hungary_EN_Koros.AG,7610.0,0.6981304883956909,0.47691909446250497,-0.04726168252117735,-0.7952368118942643
I15074.AG,Hungary,Hungary_N_Koros.AG,7500.0,0.5610573291778564,0.4952471959198141,-0.05114957512875889,-0.8754243312581116
I15463.AG,Croatia,Croatia_Medieval_sister.I15744.AG,1200.0,0.6780358552932739,-0.15727578119305977,-0.19266366714801555,0.6013576546049082
I15486.AG,Serbia,Serbia_Roman.AG,1750.0,0.3315731585025787,-0.30398393731512846,0.8692856957207977,-0.03964511435709477
I15488.AG,Serbia,Serbia_Roman.AG,1700.0,0.4860386848449707,-0.3269928827218777,0.8809973117883078,-0.08046154601539526
I15489.AG,Serbia,Serbia_Roman.AG,1700.0,0.3493491113185882,-0.30760095120330455,0.8564753960958253,-0.08594406838725108
I15490.AG,Serbia,Serbia_Roman.AG,1750.0,0.2437362819910049,-0.2848360077231983,0.8496589054144463,-0.0753902076995936
I15492.AG,Serbia,Serbia_Roman.AG,1648.0,0.4980036616325378,-0.2947853628407115,0.8617688631891499,-0.07944961989898501
I15494.AG,Serbia,Serbia_Roman.AG,1750.0,0.1483058184385299,-0.2980386486613739,0.8521888748029576,-0.0728570575735604
I15495.AG,Serbia,Serbia_Roman.AG,1750.0,0.3294750452041626,-0.3198388737181906,0.8968261514235357,-0.10140140289844483
I15500.AG,Serbia,Serbia_Roman.AG,1740.0,0.0812205523252487,-0.29785856844987524,0.8832901754062772,-0.08584658449214527
I15502.AG,Serbia,Serbia_Roman.AG,1680.0,0.1384551525115966,-0.31346498019709407,0.8897279217527876,-0.08263927004941364
I15504.AG,Serbia,Serbia_Roman.AG,1700.0,0.550814151763916,-0.3209886783386819,0.8453005145904653,-0.0901635143020852
I15507.AG,Serbia,Serbia_Roman.AG,1700.0,0.3050778806209564,-0.27016592428745273,0.8749210772026386,-0.12162981389885752
I15508.AG,Serbia,Serbia_Roman.AG,1700.0,0.4724905490875244,-0.3130409248060766,0.8804564460209451,-0.06883143936265482
I15509.AG,Serbia,Serbia_Roman.AG,1750.0,0.0580642707645893,-0.3069511103292239,0.8798702796192951,-0.09761763236947667
I15510.AG,Serbia,Serbia_Roman.AG,1750.0,0.4617477655410766,-0.3072672221434403,0.8423570086892858,-0.07289598731466769
I15513.AG,Serbia,Serbia_Roman.AG,1775.0,0.3854565918445587,-0.2835357874255919,0.8477781518709778,-0.052767803852805564
I15514.AG,Serbia,Serbia_Roman.AG,1750.0,0.1577363759279251,-0.3086469093233859,0.8812026460103695,-0.08537081175506407
I15515.AG,Serbia,Serbia_Roman.AG,1750.0,0.066519983112812,-0.29634737915649245,0.8540644076095069,-0.06809859215815439
I15516.AG,Serbia,Serbia_Roman.AG,1769.0,0.1908998489379882,-0.2927130071004847,0.8739437991838014,-0.08010231764354324
I15517.AG,Serbia,Serbia_Roman.AG,1777.0,0.120624840259552,-0.31345888200954536,0.8615373399577677,-0.07742992627510585
I15518.AG,Serbia,Serbia_Roman.AG,1688.0,0.2345060408115387,-0.29461340417309506,0.8440895558364956,-0.08243503802017238
I15520.AG,Serbia,Serbia_Roman.AG,1696.0,0.4634046852588653,-0.2826102197997778,0.8296849621821025,-0.07319305259685428
I15521.AG,Serbia,Serbia_Roman.AG,1756.0,0.1993831396102905,-0.3132040812982732,0.8692521047557135,-0.05897611077795318
I15522.AG,Serbia,Serbia_Roman.AG,1700.0,0.325825423002243,-0.2798066261258151,0.8729441303211478,-0.08901141001661231
I15524.AG,Serbia,Serbia_Roman.AG,1700.0,0.1636130362749099,-0.325503779594378,0.8674563575019771,-0.04956916252529741
I15525.AG,Serbia,Serbia_Roman.AG,1750.0,0.3573547005653381,-0.29528625742676123,0.839813836539244,-0.07313432854595758
I15526.AG,Serbia,Serbia_Roman.AG,1680.0,0.2491149753332138,-0.34115676267489736,0.9314403793138474,-0.0562922934113749
I15527.AG,Serbia,Serbia_Roman.AG,1815.0,0.5561603903770447,-0.2971538843554754,0.8579967432608914,-0.08315621236775005
I15528.AG,Serbia,Serbia_Roman.AG,1795.0,0.2573371231555938,-0.30024802596778183,0.854830680501194,-0.08519020415948003
I15529.AG,Serbia,Serbia_Roman.AG,1800.0,0.3431293964385986,-0.29270712272055527,0.8411062455321244,-0.042709770042221665
I15531.AG,Serbia,Serbia_Roman.AG,1595.0,0.254217118024826,-0.2738277140070094,0.8307745835164401,-0.07462416000223869
I15532.AG,Serbia,Serbia_Roman.AG,1600.0,0.1279589086771011,-0.31388753624000215,0.8649195798892191,-0.051432964750739454
I15533.AG,Serbia,Serbia_Roman.AG,1644.0,0.1874513924121856,-0.30276902487994456,0.8463229505881382,-0.09476942181211263
I15534.AG,Serbia,Serbia_Roman.AG,1654.0,0.0732863321900367,-0.2938205021553693,0.8597103315500669,-0.07154400588378111
I15535.AG,Serbia,Serbia_Roman.AG,1610.0,0.1217700019478797,-0.2974075086842873,0.8677625579546753,-0.08064274398362425
I15537.AG,Serbia,Serbia_EarlyMedieval_Slavic.AG,1050.0,0.3724526762962341,-0.2870941750382875,0.8381360628136034,-0.09823121833297081
I15540.AG,Serbia,Serbia_EarlyMedieval_Slavic.AG,1026.0,0.524964451789856,-0.33828885525849445,0.8704790226657234,-0.07842848677192193
I15541.AG,Serbia,Serbia_EarlyMedieval_Slavic.AG,1050.0,0.3621348738670349,-0.3293280573640617,0.8443280302934502,-0.06299634278730223
I15542.AG,Serbia,Serbia_EarlyMedieval_Slavic.AG,980.0,0.4811076521873474,-0.2917157457374281,0.8765746199031303,-0.07899265200333207
I15543.AG,Serbia,Serbia_EarlyMedieval_Slavic.AG,1050.0,0.5108526945114136,-0.316967854051287,0.8817453319206532,-0.08153096184284477
I15544.AG,Serbia,Serbia_Roman.AG,1581.0,0.4148431420326233,-0.2849628327980271,0.8175182015861526,-0.06029977748195359
I15545.AG,Serbia,Serbia_Roman.AG,1472.0,0.5616015195846558,-0.30649794693277266,0.9033099018319741,-0.1027867913848211
I15546.AG,Serbia,Serbia_Roman.AG,1555.0,0.3388334214687347,-0.31364146280285954,0.8725353199764276,-0.058600328819420844
I15548.AG,Serbia,Serbia_Roman.AG,1555.0,0.4421834945678711,-0.3278300005550892,0.8339801848335506,-0.06920201290330406
I15549.AG,Serbia,Serbia_Gepid.AG,1598.0,0.3804298937320709,-0.28541438527186,0.8754356056212947,-0.09800307113352408
I15551.AG,Serbia,Serbia_Roman.AG,1645.0,0.3225270211696625,-0.3149017567454595,0.8400130147543678,-0.058834352470164976
I15552.AG,Serbia,Serbia_Roman.AG,1555.0,0.2837520837783813,-0.2802028504151554,0.8910720043899151,-0.05429065720839791
I15553.AG,Serbia,Serbia_Roman.AG,1585.0,0.3669653236865997,-0.3092562351459666,0.8823037247304374,-0.09504934870520033
I15554.AG,Serbia,Serbia_Roman.AG,1520.0,0.152451753616333,-0.3073552271679026,0.8611697479377487,-0.05921078712730737
I15555.AG,Serbia,Serbia_Roman.AG,1520.0,0.3012758195400238,-0.30933854497421087,0.8512827936536237,-0.07851310014452467
I15556.AG,Serbia,Serbia_Roman.AG,1555.0,0.0574803352355957,-0.29531435742491025,0.8726738283322935,-0.07836427153976061
I15571.AG,Greece,Greece_Attica_Kolikrepi_BA.AG,3417.0,0.4292963743209839,-0.7270490715481894,-0.00625722146942009,2.2329565899036576
I15582.AG,Greece,Greece_Attica_Kolikrepi_BA.AG,3466.0,0.2551311254501343,-0.6910732231836738,-0.00943217245766149,2.2135981914984058
I15617.AG,Romania,Romania_C_Bodrogkeresztur_brother.I18114.brother.I7135.AG,5900.0,0.6352755427360535,-0.36511483370682807,0.18823119224444368,-0.02120569247749636
I15618.AG,Romania,Romania_C_Bodrogkeresztur.AG,5900.0,0.5794886350631714,-0.4096669758521773,0.19626471009458932,-0.010697606017062936
I15619.AG,Romania,Romania_C_Bodrogkeresztur.AG,5900.0,0.6274994611740112,-0.3787358069510677,0.19848927416200393,-0.005856274425789571
I15621.AG,Romania,Romania_C_Bodrogkeresztur.AG,5900.0,0.574658989906311,-0.40364388892840847,0.18589046003662815,-0.026335531244735297
I15622.AG,Romania,Romania_C_Bodrogkeresztur_sister.I7133.AG,5900.0,0.5370819568634033,-0.39852997459016853,0.2059147512520764,-0.024317930692678874
I15623.AG,Romania,Romania_C_Bodrogkeresztur_o1.AG,6088.0,0.5641181468963623,-0.4104523697033433,0.2063098402110694,0.011422183642460164
I15642.AG,Czechia,Czechia_EBA_Unetice.AG,3950.0,0.3147193193435669,1.7618770547379088,-0.15704471838584375,0.16052349837528873
I15643.AG,Czechia,Czechia_EBA_Unetice.AG,3950.0,0.5896774530410767,1.7106788928188479,-0.14159594832743921,0.22340726815228662
I15644.AG,Czechia,Czechia_EBA_Unetice.AG,3950.0,0.6273007392883301,1.7107170434543477,-0.17949336410752306,0.17932995262598922
I15646.AG,Czechia,Czechia_EBA_Unetice_son.I13470.AG,3950.0,0.5919240117073059,1.7797289911809697,-0.1250800419406377,0.1878760666762682
I15648.AG,Czechia,Czechia_N.AG,5397.0,0.4833882451057434,1.6541998114370706,-0.1906140243936308,0.1322089072800022
I15650.AG,Czechia,Czechia_N_possible.AG,3058.0,0.5832023024559021,1.7413551021361422,-0.15175105110738543,0.19928407412674157
I15705.AG,Albania,Albania_Podgorie_N.AG,8096.0,0.0876122117042541,-0.4045135618760516,-0.7074229119070528,0.5650321264450973
I15706.AG,Albania,Albania_Pazhok_PostMedieval.AG,320.0,0.6866756677627563,-0.4028058169778754,-0.7225433405851023,0.5750419909750499
I15707.AG,Albania,Albania_Bardhoc_PostMedieval.AG,399.0,0.6821355223655701,-0.41288439171212193,-0.696413178094583,0.5870453641125317
I15741.AG,Croatia,Croatia_Medieval.AG,1096.0,0.6841574311256409,-0.25789284897948506,-0.23048673713175327,0.6443659761421038
I15742.AG,Croatia,Croatia_Medieval_o.AG,1232.0,0.6735379099845886,-0.19397073582397698,-0.24531114689824365,0.6018213506236564
I15743.AG,Croatia,Croatia_Medieval.AG,1029.0,0.6954411864280701,-0.2703831440168684,-0.1975680433206474,0.719342068565085
I15744.AG,Croatia,Croatia_Medieval.AG,1228.0,0.6794186234474182,-0.24501631152746778,-0.18460558548473713,0.684345457068121
I15818.AG,Czechia,Czechia_EN_LBK.AG,7200.0,0.6372998356819153,1.6784669313107414,-0.15461106830296795,0.17286922865493862
I15819.AG,Czechia,Czechia_N.AG,7200.0,0.2348434329032898,1.7057071531726686,-0.14565266839065208,0.19890402052054532
I15823.AG,Czechia,Czechia_C.AG,5550.0,0.5073409676551819,1.6767748961624491,-0.12721426823867016,0.1896955090139083
I15824.AG,Czechia,Czechia_EBA_Unetice.AG,3900.0,0.6159862279891968,1.7236562187759876,-0.11286327936839416,0.19696638643599793
I15825.AG,Czechia,Czechia_EBA_Unetice.AG,3850.0,0.4305907487869262,1.7352851095626018,-0.13471176922612998,0.17455471239817424
I15826.AG,Czechia,Czechia_C.AG,5505.0,0.1962704360485077,1.7519710101091213,-0.1398307327354342,0.19684904346691015
I15940.AG,Italy,Italy_Sardinia_N_oAfrica.AG,4203.0,0.4567461907863617,-0.9528493933795024,0.21252840503887505,0.3599007178779527
I15941.AG,Italy,Italy_Sardinia_N.AG,4196.0,0.6168037056922913,-1.017827107803343,0.19051403106076817,0.3750601480411518
I15942.AG,Italy,Italy_Sardinia_N.AG,4297.0,0.4897442162036896,-1.0135919660984125,0.20889744874753302,0.3772235173179563
I15943.AG,Italy,Italy_Sardinia_N.AG,5723.0,0.1190839037299156,-1.020446827592757,0.203121343946368,0.4205557664568489
I15945.AG,Italy,Italy_Sardinia_N.AG,5825.0,0.152491495013237,-1.0364480107066922,0.21601450620860774,0.43040681781868534
I15946.AG,Italy,Italy_Sardinia_N.AG,5968.0,0.3961304426193237,-1.0324527200637668,0.19064241943603796,0.40713653600697075
I15947.AG,Italy,Italy_Sardinia_N_contam.AG,5575.0,0.1116849556565284,-1.0179162673922835,0.19388357476577484,0.4004804433847895
I15950.AG,Czechia,Czechia_IA_LaTene.AG,2385.0,0.596672534942627,1.7257894594892313,-0.0934651657568904,0.24053639889641848
I15951.AG,Czechia,Czechia_IA_LaTene.AG,2235.0,0.6015548706054688,1.7871333662518725,-0.11186505619765799,0.23799023869470143
I15952.AG,Czechia,Czechia_IA_LaTene.AG,2310.0,0.621917188167572,1.7333011190537366,-0.1443075959461516,0.19479670663840837
I15953.AG,Czechia,Czechia_IA_LaTene_mother.or.daughter.I15039.AG,2185.0,0.6077405214309692,1.779414123014478,-0.10992943693260258,0.19659274757692727
I15954.AG,Czechia,Czechia_IA_LaTene.AG,2305.0,0.625424861907959,1.7492419166608406,-0.17426621298021172,0.20532923945363377
I15955.AG,Czechia,Czechia_LBA_Knoviz.AG,3059.0,0.5646339654922485,1.7686133930667525,-0.09378899478591914,0.28057122973109744
I15956.AG,Czechia,Czechia_LBA_Knoviz.AG,3050.0,0.5134528279304504,1.7423221068143848,-0.12351145211857174,0.20232507990327783
I15957.AG,Czechia,Czechia_LBA_Knoviz.AG,3050.0,0.6024989485740662,1.6882423381634053,-0.12807227948050415,0.21729642388474013
I15958.AG,Czechia,Czechia_LBA_Knoviz.AG,3050.0,0.6114209890365601,1.6916225646167513,-0.15000996492633148,0.18962724552316065
I15959.AG,Czechia,Czechia_LBA_Knoviz.AG,3022.0,0.6275399923324585,1.703921508785226,-0.05510117369409542,0.22241206691878274
I15960.AG,Czechia,Czechia_LBA_Knoviz.AG,3050.0,0.6229796409606934,1.6945521873840055,-0.1343591073229075,0.1868222282594024
I15961.AG,Czechia,Czechia_LBA_Knoviz_o3.AG,3050.0,0.3412234783172607,1.7492811865806615,-0.12368215602551359,0.27077684323194373
I16006.AG,Austria,Austria_EN_LBK.AG,7019.0,0.6250396370887756,0.062376829347884695,-0.2090425492307193,-0.13130841696998016
I16007.AG,Slovakia,Slovakia_N_LBK_sister.I14178.AG,7100.0,0.6541236639022827,0.5366081409927729,-0.8113307422581116,0.3058998500489618
I16008.AG,Slovakia,Slovakia_N_LBK.AG,7100.0,0.6466598510742188,0.5790861612596271,-0.8136851430137977,0.29130860216500365
I16009.AG,Slovakia,Slovakia_N_LBK_mother.or.daughter.I14599.AG,7100.0,0.6422470808029175,0.5209349671423932,-0.8015869360685224,0.3204435972095257
I16010.AG,Slovakia,Slovakia_N_LBK.AG,7100.0,0.6497360467910767,0.5416515098890606,-0.7929481838197117,0.3245263260114147
I16011.AG,Slovakia,Slovakia_N_LBK.AG,7100.0,0.6269398331642151,0.553162498988075,-0.794717793759984,0.3329590498992304
I16012.AG,Slovakia,Slovakia_N_LBK.AG,7100.0,0.649976909160614,0.5428688146791346,-0.8084888447330479,0.3107139841931886
I16013.AG,Slovakia,Slovakia_N_LBK.AG,7100.0,0.6211710572242737,0.5380968340289982,-0.8152032178836068,0.3179392488677632
I16014.AG,Slovakia,Slovakia_N_LBK.AG,7100.0,0.269215315580368,0.5558374793189831,-0.82038474773857,0.31685282207662974
I16015.AG,Slovakia,Slovakia_N_LBK.AG,7100.0,0.6339357495307922,0.5471523075394612,-0.8069727271185403,0.3290741266332804
I16016.AG,Slovakia,Slovakia_N_LBK.AG,7100.0,0.654448926448822,0.5362535594584369,-0.8173860582900739,0.3317147441670562
I16088.AG,Czechia,Czechia_IA_Hallstatt.AG,2593.0,0.3441407382488251,1.7343533088972618,-0.1450101814436962,0.17542814691279407
I16089.AG,Czechia,Czechia_LBA_Knoviz.AG,3000.0,0.6776400804519653,1.7464628634782366,-0.12274459874507081,0.19880665410224643
I16090.AG,Czechia,Czechia_IA_LaTene_Hallstatt.AG,2350.0,0.6739888191223145,1.6878232453370827,-0.2245262277896711,0.20436999711144363
I16092.AG,Czechia,Czechia_N.AG,5385.0,0.6100633144378662,1.6674620943160166,-0.1986473581324139,0.20314260010266832
I16099.AG,Czechia,Czechia_MBA_Tumulus.AG,3325.0,0.5941137671470642,1.798286493938355,-0.15783527765532815,0.2014781259083119
I16100.AG,Czechia,Czechia_MBA_Tumulus.AG,3325.0,0.5037384033203125,1.7642584111503992,-0.13586127260904557,0.22007915103912934
I16108.AG,Czechia,Czechia_LN.AG,5526.0,0.2206229716539383,1.6976548270021652,-0.1312667244216097,0.20120316101242297
I16109.AG,Czechia,Czechia_EBA_Unetice.AG,3950.0,0.5140473246574402,1.6808333959072015,-0.14239499353776894,0.21313848650769993
I16110.AG,Czechia,Czechia_EBA_Unetice_brother.I7958.AG,3950.0,0.1569894254207611,1.7550309559564534,-0.15327573813526973,0.17931656584179867
I16111.AG,Czechia,Czechia_MBA_Tumulus.AG,3325.0,0.4563139379024505,1.7019926049272531,-0.11556726617771469,0.21200474126330618
I16112.AG,Czechia,Czechia_MBA_Tumulus.AG,3325.0,0.5469439625740051,1.8257054060882147,-0.17138422846348766,0.1903285064166006
I16113.AG,Czechia,Czechia_Medieval.AG,1462.0,0.5799468159675598,1.754451751499617,-0.15198824897521146,0.1896492056550203
I16121.AG,Czechia,Czechia_C_Baalberge.AG,5850.0,0.4977303445339203,1.6537598729166487,-0.1316240556806524,0.2570987232571836
I16122.AG,Czechia,Czechia_C_Baalberge.AG,5850.0,0.4526278376579284,1.662118574064076,-0.11679415211545564,0.13463695493136388
I16163.AG,Italy,Italy_Sardinia_IA_2.AG,2576.0,0.4768668413162231,-1.064329450931422,0.25983008069894553,0.40098808656715795
I16164.AG,Italy,Italy_Sardinia_C.AG,4415.0,0.416925847530365,-1.056376912495362,0.24218371618119644,0.421114689782095
I16165.AG,Italy,Italy_Sardinia_N.AG,5671.0,0.4372467994689941,-1.031606618821538,0.2210652588259874,0.40255317636037485
I16166.AG,Italy,Italy_Sardinia_N.AG,5746.0,0.1059299483895301,-1.053745157820291,0.2249183218064653,0.44174782746904123
I16168.AG,Italy,Italy_Sardinia_N.AG,5807.0,0.3603457510471344,-1.001360984983499,0.20161910756615356,0.37208471479987926
I16169.AG,Italy,Italy_Sardinia_N.AG,4177.0,0.3800041079521179,-1.0084194603883598,0.22286750806015734,0.41090750552416655
I16170.AG,Italy,Italy_Sardinia_MBA.AG,3337.0,0.4817467331886291,-0.9769529399247365,0.19612660592391992,0.3483834779882797
I16182.AG,Czechia,Czechia_LBA_Knoviz.AG,3050.0,0.5114771723747253,1.7061604055644404,-0.12805952378743515,0.21108740485952382
I16183.AG,Italy,Italy_Sardinia_N.AG,5164.0,0.1558158695697784,-1.018580296810154,0.20991894706590344,0.44714641090158924
I16239.AG,Slovakia,Slovakia_N_LBK.AG,7100.0,0.1575587540864944,0.5326452494432874,-0.8014284041923295,0.3428525918561003
I16240.AG,Slovakia,Slovakia_N_LBK.AG,7100.0,0.2062249183654785,0.5402379934482402,-0.7954763358109954,0.3162598754209427
I16241.AG,Slovakia,Slovakia_N_LBK_son.I17545.AG,7100.0,0.3358253240585327,0.5632868065299752,-0.8302190922823067,0.302328240200719
I16242.AG,Slovakia,Slovakia_N_LBK.AG,7100.0,0.0556222833693027,0.5550914802179792,-0.8224551243375657,0.32449796830024097
I16245.AG,Slovakia,Slovakia_N_LBK.AG,7100.0,0.4092130362987518,0.5446784474057519,-0.8085444411473567,0.3218348124206815
I16246.AG,Slovakia,Slovakia_N_LBK_mother.or.daughter.I16008.AG,7100.0,0.2100399583578109,0.5596135476019827,-0.8488040500130901,0.3323901983400217
I16247.AG,France,France_GrandEst_EBA.AG,4534.0,0.3892164826393127,-0.31919580713923423,-0.03295491140715126,-0.49916586228320686
I16251.AG,Albania,Albania_Cinamak_BA_IA.AG,2225.0,0.3680350482463836,-0.41711034464868146,-0.7146880090847932,0.5699658516943762
I16253.AG,Albania,Albania_Cinamak_BA_IA.AG,2426.0,0.330487996339798,-0.40475993232687907,-0.7049794869799737,0.5819629289835959
I16254.AG,Albania,Albania_Cinamak_BA_IA.AG,2450.0,0.1321454048156738,-0.4258711436731796,-0.7309623587708058,0.5653015021871446
I16256.AG,Albania,Albania_Cinamak_IA.AG,2525.0,0.2509065270423889,-0.4306485431874745,-0.6982339272981524,0.5770740414643283
I16268.AG,Czechia,Czechia_IA_LaTene.AG,2250.0,0.4905073940753937,1.7905462354502133,-0.1516469905717274,0.18326062250095915
I16269.AG,Czechia,Czechia_IA_LaTene.AG,2250.0,0.099663995206356,1.7856539150210122,-0.09994746787958633,0.1727699814581915
I16270.AG,Czechia,Czechia_IA_LaTene.AG,2250.0,0.160650372505188,1.712796242811002,-0.14227514488099355,0.18970551031101937
I16271.AG,Czechia,Czechia_IA_LaTene.AG,2250.0,0.5259052515029907,1.7213461534750034,-0.14852232410883218,0.1852459167158589
I16272.AG,Czechia,Czechia_IA_LaTene.AG,2239.0,0.529553234577179,1.759807058703034,-0.1328151207184271,0.23492163702400914
I16273.AG,Czechia,Czechia_IA_LaTene.AG,2046.0,0.3692013025283813,1.7759955840154786,-0.14650826127154892,0.1599522241303881
I16326.AG,Czechia,Czechia_IA_Hallstatt.AG,2625.0,0.4189655780792236,1.7022188930383966,-0.12338898344802339,0.1751570850158565
I16327.AG,Czechia,Czechia_IA_Hallstatt.AG,2592.0,0.4192980825901031,1.7223056813262803,-0.12992711676119115,0.2010270430414634
I16380.AG,UnitedKingdom,England_IA.AG,2329.0,0.3167882263660431,0.9621383112020351,-0.5950136298238273,0.6275691647375697
I16383.AG,UnitedKingdom,England_EarlyMedieval.AG,1250.0,0.2114649266004562,0.9540829072855589,-0.5486522875923139,0.5923633764318468
I16385.AG,UnitedKingdom,England_EarlyMedieval.AG,1250.0,0.078005664050579,0.9301052530945885,-0.568482851644351,0.532206247618035
I16386.AG,UnitedKingdom,England_MIA_LIA.AG,2050.0,0.1418979316949844,0.9044301836988602,-0.6059481035777365,0.6285765935368323
I16388.AG,UnitedKingdom,England_IA.AG,2329.0,0.3225180804729461,0.9644963467635189,-0.6228868561783347,0.5913877961514135
I16389.AG,UnitedKingdom,England_EarlyMedieval.AG,1250.0,0.1522562950849533,0.9600572365762426,-0.6359200812228029,0.6483391535462418
I16392.AG,UnitedKingdom,England_EarlyMedieval.AG,1225.0,0.1362272799015045,0.9391643912468821,-0.560220162583736,0.602648820005669
I16395.AG,UnitedKingdom,England_C_EBA.AG,3950.0,0.1079145148396492,0.9844492768099533,-0.6117945433547208,0.5443632249759195
I16396.AG,UnitedKingdom,England_C_EBA.AG,3950.0,0.155367374420166,0.9571803805673782,-0.6128600322567083,0.6061427344020301
I16400.AG,UnitedKingdom,England_C_EBA.AG,3900.0,0.3925911486148834,0.9149916681198518,-0.5706859702312624,0.5935809483935273
I16403.AG,UnitedKingdom,England_MBA.AG,3425.0,0.3671696782112121,0.9672461577495437,-0.5768686498701585,0.6403910733013027
I16413.AG,UnitedKingdom,Scotland_LIA.AG,1920.0,0.1614686995744705,0.9634922904390351,-0.6107322986155831,0.5804529527063998
I16416.AG,UnitedKingdom,Scotland_MIA_LIA_father.or.son.I16503.AG,2110.0,0.3468795418739319,0.9050829990863153,-0.587562045463215,0.6054289228851288
I16418.AG,UnitedKingdom,Scotland_LIA.AG,1955.0,0.2531992793083191,0.9395728546457275,-0.629592899645627,0.5647351494134765
I16422.AG,UnitedKingdom,Scotland_MIA_LIA.AG,2208.0,0.3395706415176391,0.9324287563721397,-0.6463949068345969,0.5495685152178047
I16424.AG,UnitedKingdom,England_C_EBA.AG,4106.0,0.6722118854522705,0.9594946928085996,-0.601708555194259,0.7071161417483746
I16425.AG,UnitedKingdom,ChannelIslands_LN.AG,4929.0,0.4330319166183471,0.868442993478181,-0.6044864265971199,0.6207985697712995
I16429.AG,UnitedKingdom,ChannelIslands_LN.AG,4935.0,0.0618087574839592,0.9398515267104638,-0.6025381545511101,0.5955973243001859
I16430.AG,UnitedKingdom,ChannelIslands_IA.AG,2084.0,0.305493950843811,0.9297336355741348,-0.6126577024561659,0.6018829928097134
I16437.AG,UnitedKingdom,ChannelIslands_MN.AG,6091.0,0.1491865813732147,0.8779997728744047,-0.6058163742650061,0.6288007222743187
I16438.AG,UnitedKingdom,ChannelIslands_LN.AG,4384.0,0.1718311160802841,0.9378497336177869,-0.6093008310701267,0.6013016015720601
I16439.AG,UnitedKingdom,England_IA.AG,2329.0,0.663790225982666,1.007040956163706,-0.5707698970505712,0.728407090661021
I16440.AG,UnitedKingdom,England_IA.AG,2329.0,0.4001060724258423,0.9644805185736277,-0.6282364922940084,0.6120917932442476
I16441.AG,UnitedKingdom,England_IA.AG,2329.0,0.6150462031364441,0.9242053632764174,-0.60904096586194,0.6036147882378475
I16442.AG,UnitedKingdom,England_IA.AG,2329.0,0.646755576133728,0.9143866457051454,-0.6506952120419567,0.6458390133186352
I16444.AG,UnitedKingdom,ChannelIslands_MN.AG,6048.0,0.6192489266395569,0.7585668153132671,-0.5644727908304624,0.5032869453909323
I16450.AG,UnitedKingdom,England_MIA_LIA.AG,2050.0,0.6328157186508179,0.9780559945715515,-0.5868539124541834,0.5839054458267955
I16454.AG,UnitedKingdom,England_MBA.AG,3162.0,0.4952932298183441,0.9140768046154956,-0.6396131108594024,0.6251947011679682
I16455.AG,UnitedKingdom,England_MIA_LIA.AG,2050.0,0.059280801564455,0.9624194973367033,-0.5784646711530806,0.6249925931265046
I16457.AG,UnitedKingdom,England_MIA_LIA.AG,2050.0,0.5047903060913086,0.9058383420494874,-0.614957984697061,0.5392806997550449
I16458.AG,UnitedKingdom,England_MIA_LIA.AG,2050.0,0.4024547934532165,1.0007179932809007,-0.5369538096443394,0.5361131858565957
I16463.AG,UnitedKingdom,England_N.AG,5700.0,0.4209614992141723,0.9166673490930236,-0.6116923091171337,0.5610646063413823
I16488.AG,UnitedKingdom,Wales_LBA.AG,3050.0,0.4700420796871185,0.9631284721650737,-0.6013764582877471,0.5716721908622001
I16491.AG,UnitedKingdom,Wales_N.AG,4686.0,0.0832716301083564,0.9741444156101275,-0.6440567175563645,0.6745466599175787
I16495.AG,UnitedKingdom,Scotland_LIA.AG,2055.0,0.6229317784309387,0.9194234104520808,-0.5790756849925052,0.6267999611636926
I16498.AG,UnitedKingdom,Scotland_EIA.AG,2495.0,0.4816096723079681,0.8948069993312812,-0.6145968896237687,0.605862800438303
I16499.AG,UnitedKingdom,Scotland_MIA_LIA.AG,2069.0,0.6524838209152222,1.0651038847016863,-0.6332367412636273,0.6424010332502859
I16503.AG,UnitedKingdom,Scotland_MIA_LIA_father.or.son.I16503.AG,2120.0,0.6757000684738159,1.0494581611515588,-0.655906295946245,0.563902600850442
I16504.AG,UnitedKingdom,Scotland_IA.AG,1916.0,0.5674603581428528,0.8695075655538784,-0.650472440013551,0.6207126560300409
I16505.AG,UnitedKingdom,ChannelIslands_IA.AG,2058.0,0.158016175031662,0.992905103361766,-0.5459648062800111,0.6130663019782531
I16508.AG,UnitedKingdom,England_EarlyMedieval.AG,1276.0,0.5848908424377441,0.9554235685057071,-0.5838625174751709,0.7163459961574471
I16509.AG,UnitedKingdom,England_EarlyMedieval.AG,1311.0,0.6549833416938782,0.9364269601892204,-0.5192581333540831,0.5144407887539705
I16510.AG,UnitedKingdom,England_EarlyMedieval.AG,1324.0,0.6498885154724121,0.9027444973114049,-0.6272432834441346,0.6338464513198457
I16538.AG,Czechia,Czechia_EMBA.AG,3975.0,0.5022850632667542,1.7439588446989098,-0.12786168498107264,0.21342204220260852
I16549.AG,Czechia,Czechia_LBA_Knoviz.AG,2868.0,0.458365797996521,1.7292351030689816,-0.12773712067237644,0.2000249051173081
I16571.AG,Turkey,Turkey_Southeast_Gaziantep_Byzantine.AG,750.0,0.0504179596900939,-0.7256961409514258,0.5665700506571187,0.9272747335478961
I16580.AG,Turkey,Turkey_Southeast_Kilis_EBA_A.AG,4450.0,0.054723672568798,-0.7104550148928428,0.5557346085470448,0.9354770148388031
I16591.AG,UnitedKingdom,England_MIA.AG,2311.0,0.1838934421539306,0.945638354833705,-0.6102944842190562,0.6029799659881084
I16595.AG,UnitedKingdom,England_MIA.AG,2236.0,0.0739756971597671,0.9142838746121995,-0.5780262374637303,0.5888265162335669
I16597.AG,UnitedKingdom,England_MIA.AG,2283.0,0.4656358063220978,0.9433120948170585,-0.5932446573585193,0.6482635447901064
I16599.AG,UnitedKingdom,England_MIA.AG,2295.0,0.3457003235816955,0.926818121913606,-0.5978224481526431,0.5687565163591605
I16601.AG,UnitedKingdom,England_MIA_LIA.AG,2082.0,0.4982405006885528,0.9222101053280201,-0.6020958122413632,0.5698947987140642
I16602.AG,UnitedKingdom,England_EIA.AG,2455.0,0.2405603229999542,0.9503424704689556,-0.5996532406013967,0.663400155807669
I16611.AG,UnitedKingdom,England_MIA.AG,2267.0,0.2499284297227859,0.94852077127632,-0.5803485011666092,0.5839734246252866
I16612.AG,UnitedKingdom,England_EIA.AG,2419.0,0.1364462524652481,0.9417562166328493,-0.6042796829891226,0.5698668293530765
I16619.AG,UnitedKingdom,England_MIA_LIA.AG,2198.0,0.0608444511890411,0.9437988484222251,-0.6665169461835767,0.5736376414093751
I16620.AG,UnitedKingdom,England_IA.AG,2117.0,0.1444096714258194,0.8802630277748107,-0.6411330757378962,0.5723361375232595
I16709.AG,Greece,Greece_Attica_Kolikrepi_BA.AG,3369.0,0.1543965935707092,-0.7236872181577693,0.001977204475027168,2.2214660678969826
I16741.AG,Hungary,Hungary_Transtisza_LateEarlyAvar.AG,1175.0,0.295651376247406,0.5489659339709303,-0.07254994715252916,-1.0879602535011625
I16743.AG,Hungary,Hungary_Transtisza_LateEarlyAvar.AG,1150.0,0.3447189927101135,0.5242447636092796,-0.10428206050415724,-1.0359147403976432
I16744.AG,Hungary,Hungary_Transtisza_EarlyAvar.AG,1325.0,0.6645063757896423,0.5947093419988703,-0.04431560736081032,-1.0550697745199282
I16750.AG,Hungary,Hungary_Transtisza_Maros_EarlyAvar.AG,1325.0,0.6548479199409485,0.5417307524609418,-0.07716510736845374,-1.0312826765157954
I16751.AG,Hungary,Hungary_NorthHungaryMountains_LateEarlyAvar.AG,1200.0,0.6418991684913635,0.5997591130894527,-0.07945184683930132,-1.0107875543778957
I16752.AG,Hungary,Hungary_NorthHungaryMountains_LateEarlyAvar.AG,1200.0,0.6607124209403992,0.5523319945526266,-0.21773291693577454,-1.0409637991219256
I16753.AG,Hungary,Hungary_NorthHungaryMountains_LateEarlyAvar.AG,1200.0,0.6672524809837341,0.6202880786013919,-0.19369932818927998,-1.1300195150617374
I16759.AG,Hungary,Hungary_SouthTransdanubia_LateEarlyAvar.AG,1225.0,0.5648707747459412,0.5647480669638183,-0.02442886794125537,-0.9763682892322874
I16791.AG,France,France_BA.AG,3737.0,0.0649019926786422,-0.30608905187088653,-0.020867462737859242,-0.4762187817237457
I16803.AG,Serbia,Serbia_Mokrin_EBA_Maros.AG,3894.0,0.6568722128868103,-0.3108720013490192,0.8112706422732398,-0.07038997364831263
I16812.AG,Hungary,Hungary_Transtisza_EarlyAvar.AG,1325.0,0.6786895394325256,0.5578926775230473,-0.04062716807905059,-0.9291520686628947
I16813.AG,Serbia,Serbia_BA_o.AG,3966.0,0.6677983403205872,-0.2942589062678178,0.8630189687467893,-0.08141331312898639
I16814.AG,Serbia,Serbia_LBA.AG,2903.0,0.628831148147583,-0.29324186258030555,0.8173280164816763,-0.07168795505430073
I16994.AG,Montenegro,Montenegro_LN_Hvar_possible.AG,4950.0,0.1658222526311874,-5.9124809272041325,-13.741468469041644,0.45081134802454376
I16995.AG,Montenegro,Montenegro_Mesolithic_LN_Hvar_possible_oMesolithic.AG,4950.0,0.0622945576906204,-5.768915228641531,-13.374096654114616,0.4412889367176253
I17014.AG,UnitedKingdom,England_MIA.AG,2227.0,0.5640386343002319,0.9439068711796522,-0.6758667966503362,0.6274825033000606
I17015.AG,UnitedKingdom,England_MIA.AG,2227.0,0.5587297081947327,0.9315273650659546,-0.6133158473458477,0.5392806010361552
I17016.AG,UnitedKingdom,England_MIA.AG,2226.0,0.7091749906539917,0.9876980932752758,-0.558929046499127,0.6363512682598973
I17017.AG,UnitedKingdom,England_LIA_highEEF.AG,2051.0,0.6750739812850952,0.965163979429836,-0.5940293878458691,0.6283151472031855
I17019.AG,Netherlands,Netherlands_MBA.AG,3270.0,0.4016364812850952,0.5294021723718129,0.5813374281469614,-0.20477822443394383
I17139.AG,Czechia,Czechia_IA_LaTene.AG,2220.0,0.48942631483078,1.7056715208798128,-0.15312188627174836,0.1911633202395461
I17143.AG,Czechia,Czechia_IA_LaTene.AG,2220.0,0.3974791765213012,1.7770040338816677,-0.0945482092615158,0.16953448501272347
I17145.AG,Czechia,Czechia_IA_LaTene.AG,2255.0,0.6024526953697205,1.7482000926957986,-0.17395052815432976,0.22577414505381374
I17146.AG,Czechia,Czechia_IA_LaTene.AG,2197.0,0.5235865116119385,1.7805578689787926,-0.1539414022705741,0.1558036313029334
I17258.AG,UnitedKingdom,England_EIA.AG,2415.0,0.5780539512634277,0.9215663045542203,-0.6662110635634552,0.503550428061731
I17259.AG,UnitedKingdom,England_EIA.AG,2438.0,0.5586072206497192,0.9282391903026614,-0.6388643335241122,0.6094292434208753
I17260.AG,UnitedKingdom,England_EIA.AG,2550.0,0.5756208300590515,0.9327454292468429,-0.6689375708999744,0.6636746519933936
I17261.AG,UnitedKingdom,England_MIA.AG,2224.0,0.5935614705085754,0.9340064225470541,-0.6966809299641471,0.5588837532844856
I17262.AG,UnitedKingdom,England_MIA_LIA.AG,2176.0,0.5350162386894226,0.9475252156865862,-0.6225431160990862,0.5754086935879859
I17263.AG,UnitedKingdom,England_MIA_LIA.AG,2114.0,0.5656493306159973,1.0137405547121159,-0.6915296711138729,0.6540284493626705
I17266.AG,UnitedKingdom,England_MIA_LIA.AG,2183.0,0.0788994133472442,0.9891263573758892,-0.6540554491834066,0.6395358916737494
I17267.AG,UnitedKingdom,England_MIA_LIA.AG,2225.0,0.5747206211090088,0.9529107330974181,-0.5724401939092123,0.5891507849113954
I17268.AG,UnitedKingdom,England_EarlyMedieval_Saxon.AG,1200.0,0.5403592586517334,0.9137027630578826,-0.5775811121850569,0.5797104886642713
I17269.AG,UnitedKingdom,England_EarlyMedieval.AG,1200.0,0.5645617842674255,1.0071078786464274,-0.6382859706864377,0.6160994606140506
I17270.AG,UnitedKingdom,England_EarlyMedieval.AG,1200.0,0.5330713987350464,0.9590899045196452,-0.5797585322557054,0.5408059979115025
I17271.AG,UnitedKingdom,England_EarlyMedieval.AG,1200.0,0.5693500638008118,1.0419877736955512,-0.5270485152838831,0.5818943229326338
I17272.AG,UnitedKingdom,England_EarlyMedieval.AG,1400.0,0.5252020955085754,0.8812309641894757,-0.6115885511107721,0.5439614773535574
I17273.AG,UnitedKingdom,England_EarlyMedieval.AG,1400.0,0.560874879360199,0.9479181437390964,-0.6655316710345008,0.5646841239902634
I17274.AG,UnitedKingdom,England_EarlyMedieval.AG,1400.0,0.5481791496276855,0.9025384905689607,-0.5698427065714881,0.6166212079019617
I17275.AG,UnitedKingdom,England_EarlyMedieval.AG,1400.0,0.5354501605033875,0.8987871745759756,-0.6056444566998398,0.5614195620383541
I17276.AG,UnitedKingdom,England_EarlyMedieval.AG,1400.0,0.7197953462600708,0.9157568210799119,-0.6451303522666614,0.6519816687765984
I17277.AG,UnitedKingdom,England_EarlyMedieval.AG,1200.0,0.5414428114891052,0.917933851557981,-0.6046754503365841,0.5717094853630007
I17310.AG,Czechia,Czechia_C.AG,5397.0,0.3789376020431518,1.7612920435190877,-0.1612094226289041,0.1279502727415174
I17311.AG,Czechia,Czechia_LBA_IA_Knoviz_Hallstatt.AG,2975.0,0.3364360332489013,1.7353460100155063,-0.13399054532153162,0.19852714368867966
I17314.AG,Czechia,Czechia_IA_LaTene.AG,2250.0,0.3963607847690582,1.7539643319179188,-0.1052347903259712,0.20124155880545389
I17315.AG,Czechia,Czechia_IA_LaTene.AG,2221.0,0.1432588249444961,1.7623010534881691,-0.1424983550460151,0.18883002715919786
I17316.AG,Czechia,Czechia_IA_LaTene.AG,2250.0,0.279037594795227,1.7763215784662403,-0.13309624222915434,0.19760816363757133
I17317.AG,Czechia,Czechia_IA_LaTene.AG,2250.0,0.4136533737182617,1.7490111570470537,-0.15198357625474873,0.22786511873209814
I17320.AG,Czechia,Czechia_IA_LaTene.AG,2250.0,0.2234088331460952,1.7415195593622657,-0.14805346361722282,0.17021858638566814
I17321.AG,Czechia,Czechia_IA_LaTene.AG,2225.0,0.4259557723999023,1.717800569413999,-0.1258692354457711,0.19864029046424814
I17322.AG,Czechia,Czechia_IA_LaTene.AG,2250.0,0.4903306066989898,1.6887655795428624,-0.11476139802574574,0.1959417891419916
I17323.AG,Czechia,Czechia_IA_LaTene.AG,2250.0,0.3535672426223755,1.7242032346934648,-0.16899715417155045,0.22310723046436284
I17324.AG,Czechia,Czechia_IA_LaTene.AG,2250.0,0.0770267620682716,1.7105723689931198,-0.15568551768969072,0.13842083945022482
I17327.AG,Czechia,Czechia_IA_LaTene.AG,2250.0,0.4127807319164276,1.7257491820497701,-0.11349936190943302,0.23388265820408488
I17339.AG,Slovakia,Slovakia_N_LBK.AG,7100.0,0.2040651589632034,0.5592630575524538,-0.8241066786625448,0.3369477436164761
I17340.AG,Slovakia,Slovakia_N_LBK.AG,7100.0,0.4194984138011932,0.5588165617084245,-0.816944486153008,0.31714521016202113
I17341.AG,Slovakia,Slovakia_N_LBK.AG,7100.0,0.4119680821895599,0.5520411593802794,-0.8273389724579745,0.32743038741738456
I17343.AG,Slovakia,Slovakia_N_LBK.AG,7100.0,0.2021430432796478,0.5593816521050243,-0.8006058810630484,0.2965393289101688
I17344.AG,Slovakia,Slovakia_N_LBK.AG,7100.0,0.3877817988395691,0.5425266991068702,-0.8176958880323701,0.3200733687883922
I17345.AG,Slovakia,Slovakia_N_LBK.AG,7100.0,0.4476489722728729,0.566069200909436,-0.815559027357145,0.3224024877918374
I17362.AG,Hungary,Hungary_MN.AG,7214.0,0.0835806280374527,0.5804876222564547,-0.1214707140434835,-1.0746480536763245
I17363.AG,Hungary,Hungary_MN.AG,7144.0,0.0564470924437046,0.5601008995933852,-0.11299495537021614,-1.0419908259310118
I17365.AG,Hungary,Hungary_MN_AVK.AG,7125.0,0.2963602244853973,0.560550134050961,-0.039614768598202246,-0.9839156540150165
I17366.AG,Hungary,Hungary_MN_AVK.AG,7205.0,0.2438773959875106,0.5732506065776928,-0.0799298055357959,-1.001034835287877
I17538.AG,Slovakia,Slovakia_N_LBK_father.or.son.I14180.AG,7100.0,0.5612609386444092,0.5564199295353421,-0.8052770750104266,0.30852003198271544
I17545.AG,Slovakia,Slovakia_N_LBK.AG,7100.0,0.6585915684700012,0.5608111785078179,-0.8047964962431114,0.3158633018124488
I17607.AG,Czechia,Czechia_IA_Hallstatt.AG,2625.0,0.0804792791604995,1.7264887596017104,-0.13863693414105568,0.19385107008846883
I17616.AG,Czechia,Czechia_IA_LaTene_1d.rel.I15951.AG,2220.0,0.06712257117033,1.7350851869568296,-0.14061446158429355,0.19361636500371832
I17750.AG,Netherlands,Netherlands_LIA.AG,2031.0,0.5332530736923218,0.531231845471694,0.6009962232967299,-0.22455856750228106
I17835.AG,Romania,Romania_EN.AG,7700.0,0.1453626155853271,-0.36629737945110913,0.18326448692386635,-0.016592521319160256
I17909.AG,Hungary,Hungary_MN_AVK.AG,7075.0,0.5810717344284058,0.55377156899853,-0.2219271276293791,-1.033717561011529
I17910.AG,Hungary,Hungary_MN_AVK_sister.I21897.AG,7075.0,0.5701091289520264,0.5011826270192614,-0.16426967036897971,-1.0459867588539178
I17911.AG,Hungary,Hungary_MN_AVK.AG,7334.0,0.5544232130050659,0.5899540654784968,-0.10896639980285644,-1.0823961049534507
I17912.AG,Serbia,Serbia_BA_Maros.AG,3900.0,0.5021042227745056,-0.29395524831193026,0.8654758695118274,-0.0783894324627934
I17913.AG,Serbia,Serbia_BA_Maros.AG,3900.0,0.5665633678436279,-0.30593245305572114,0.8052615571202532,-0.0691564466622615
I17914.AG,Serbia,Serbia_C_BA_Tiszapolgar_Bodrogkerestur.AG,6125.0,0.5952151417732239,-0.289311537271733,0.8352843052568159,-0.07914643775888433
I17915.AG,Serbia,Serbia_C_BA_Tiszapolgar_Bodrogkerestur.AG,6125.0,0.5834780335426331,-0.3118438403779058,0.8715126512436974,-0.07789524654347704
I17916.AG,Serbia,Serbia_Mokrin_EBA_Maros.AG,3900.0,0.1411225944757461,-0.3126510473112508,0.8584343087703002,-0.0746287825237838
I17927.AG,Hungary,Hungary_EN_Starcevo_1.AG,7519.0,0.542961835861206,0.5795043030177522,-0.05389239404046343,-0.9109660185864896
I17931.AG,Hungary,Hungary_EN_Koros.AG,7500.0,0.5793507695198059,0.6038217728997639,-0.11378503718269181,-0.971060680248259
I17933.AG,Hungary,Hungary_MN_AVK.AG,6850.0,0.5404062867164612,0.5469517069301462,-0.046706866874620646,-0.9579605832829928
I17934.AG,Hungary,Hungary_MN_AVK.AG,7050.0,0.502590000629425,0.5815650896105848,-0.15299933188388137,-1.0567489612398822
I17938.AG,Hungary,Hungary_MN_AVK.AG,7106.0,0.5849021673202515,0.5456392434042698,-0.12019713558468635,-1.0194291239482203
I17939.AG,Hungary,Hungary_MN_AVK.AG,6850.0,0.5916944742202759,0.5557259796464926,-0.05404695115791356,-1.049022930649009
I17941.AG,Hungary,Hungary_MN_Szakalhat.AG,6848.0,0.5714538097381592,0.4569304569234464,-0.12326967990185632,-1.0045987113089152
I17948.AG,Hungary,Hungary_MN_AVK.AG,7105.0,0.3282552659511566,0.5838005546075445,-0.03551875769601751,-0.9942752889069673
I17950.AG,Hungary,Hungary_MN_AVK.AG,7100.0,0.236477643251419,0.5896716549810457,-0.030510319248301863,-0.9901488784655412
I17980.AG,Bulgaria,Bulgaria_Medieval.AG,797.0,0.6317849159240723,0.6639599367478399,0.45981262598381684,0.3239618197265823
I17981.AG,Bulgaria,Bulgaria_N_o.AG,7725.0,0.7030655741691589,0.692972624299086,0.4393713308639819,0.3296652983311422
I18071.AG,Croatia,Croatia_MLBA.AG,3450.0,0.1611069738864898,-0.22036420636161974,-0.21443548947985727,0.6283962902720848
I18072.AG,Croatia,Croatia_MLBA.AG,3450.0,0.3704080879688263,-0.2166511382888971,-0.23184094861991766,0.6483494040175745
I18073.AG,Croatia,Croatia_MLBA.AG,3450.0,0.1460268497467041,-0.21780837362678698,-0.20178953294038626,0.5820710382692421
I18074.AG,Croatia,Croatia_MLBA.AG,3450.0,0.0830299407243728,-0.23879430393508283,-0.2077042302388846,0.6139709222154349
I18075.AG,Croatia,Croatia_MLBA.AG,3450.0,0.06373330950737,-0.23561908743570345,-0.20716423983272234,0.6473092250555481
I18077.AG,Croatia,Croatia_MLBA.AG,3450.0,0.3996097445487976,-0.2347670255476705,-0.2202158419274662,0.6210619673480027
I18078.AG,Croatia,Croatia_MLBA.AG,3450.0,0.3276064395904541,-0.23296508628888676,-0.22349796755646018,0.6137748652960898
I18079.AG,Croatia,Croatia_MLBA.AG,3450.0,0.2045444846153259,-0.22048962637229097,-0.21525142936974992,0.625497945972064
I18082.AG,Croatia,Croatia_MLBA.AG,3450.0,0.3811460137367248,-0.2149622406738127,-0.20639666004858595,0.6338894146408942
I18087.AG,Croatia,Croatia_MLBA.AG,3450.0,0.2928314507007599,-0.25313749690714127,-0.20695903767954746,0.658901498025164
I18088.AG,Croatia,Croatia_MBA_Cetina.AG,3550.0,0.0869212225079536,-0.22789512173577528,-0.20873144180624842,0.6002420009821492
I18091.AG,Slovakia,Slovakia_N_LBK_father.or.son.I14600.1d.rel.I18144.AG,7100.0,0.1169452369213104,0.5614062551772295,-0.8082708734245252,0.3082162073710211
I18093.AG,Slovakia,Slovakia_N_LBK.AG,7100.0,0.1184196770191192,0.5697515714386853,-0.8431205551622404,0.3336989146642699
I18097.AG,Slovakia,Slovakia_N_LBK.AG,7100.0,0.179008662700653,0.5731520323375595,-0.829987935816223,0.34215957547270937
I18143.AG,Slovakia,Slovakia_N_LBK.AG,7100.0,0.064336709678173,0.5493213942861136,-0.8356153605353072,0.328866695906821
I18144.AG,Slovakia,Slovakia_N_LBK.AG,7100.0,0.3334563374519348,0.5388709505644018,-0.8189637271429298,0.3161810784458072
I18154.AG,Romania,Romania_C_Bodrogkeresztur_o2.AG,5900.0,0.1368679851293563,-0.3960223429527249,0.17069221523968492,-0.011903905805019337
I18174.AG,Hungary,Hungary_Tiszaregion_EarlyAvar_father.or.son.I38710.AG,1350.0,0.5242167115211487,0.5899714711264203,-0.10896175204895069,-1.0364132829155719
I18181.AG,Hungary,Hungary_IA_LaTene.AG,2185.0,0.1094716787338256,0.5974763024241153,-0.08954629032023159,-1.0607204394879297
I18182.AG,Hungary,Hungary_IA_LaTene_o.AG,2185.0,0.4865925908088684,0.6224790563591918,-0.1001118962702529,-1.032386600687154
I18183.AG,Hungary,Hungary_IA_LaTene_o.AG,2239.0,0.4951213002204895,0.5332039284169368,-0.04310578438487974,-0.9971682490785878
I18184.AG,Hungary,Hungary_Tiszaregion_EarlyAvar.AG,1350.0,0.5544158816337585,0.6021662790487913,-0.17081575970470414,-1.0149792437478626
I18185.AG,Hungary,Hungary_Tiszaregion_EarlyAvar.AG,1350.0,0.4058521687984466,0.5295562899134303,-0.08831510389745648,-1.043448811143325
I18211.AG,Hungary,Hungary_EIA_Prescythian_Mezocsat.AG,2725.0,0.6424514651298523,0.5490467236838725,-0.06988453236945996,-1.0640225978625768
I18213.AG,Hungary,Hungary_EIA_Prescythian_Mezocsat.AG,2725.0,0.6426582932472229,0.6230232851945064,-0.07589485418380561,-0.9579440489169404
I18220.AG,Hungary,Hungary_IA_LaTene.AG,2312.0,0.6567813754081726,0.5615126875974152,-0.09904995522455524,-1.1003304063485218
I18222.AG,Hungary,Hungary_DanubeTisza_LateEarlyAvar.AG,1225.0,0.6648762226104736,0.5677381285488584,-0.0640331116312169,-0.9796355367782595
I18223.AG,Hungary,Hungary_DanubeTisza_MiddleLateAvar.AG,1250.0,0.6194857358932495,0.48883481757288233,0.003628535494998959,-0.946251394537916
I18224.AG,Hungary,Hungary_DanubeTisza_MiddleLateAvar.AG,1250.0,0.6630968451499939,0.513888837777145,-0.018646174538968118,-0.9340967410288729
I18225.AG,Hungary,Hungary_DanubeTisza_LateEarlyAvar.AG,1225.0,0.6586986780166626,0.5776879608663835,-0.07006038229151323,-1.008458924348331
I18226.AG,Hungary,Hungary_IA_LaTene_o.AG,2295.0,0.6348611116409302,0.5444986771049044,-0.07833446794409711,-1.0556317906971777
I18227.AG,Hungary,Hungary_EIA_Hallstatt.AG,2525.0,0.6781347990036011,0.6173676829243695,-0.11868812720097996,-1.1640725973217307
I18239.AG,Hungary,Hungary_EIA_Prescythian_Mezocsat.AG,2725.0,0.6500831842422485,0.5324830327944209,-0.1331833355660913,-1.104743592712995
I18241.AG,Hungary,Hungary_EIA_Prescythian_Mezocsat_o1.AG,2725.0,0.4063525795936584,0.5386248599692653,-0.07378157726027762,-1.0413312521580678
I18245.AG,Hungary,Hungary_EIA_Prescythian_Mezocsat.AG,2725.0,0.6678948402404785,0.5623331718146213,-0.0927137308106448,-1.118349978303192
I18246.AG,Hungary,Hungary_EIA_Prescythian_Mezocsat.AG,2725.0,0.662129282951355,0.5835790392648232,-0.11751442881586185,-1.0748551360593994
I18259.AG,Hungary,Hungary_IA_Syrmian_SremGroup.AG,2310.0,0.6316843628883362,0.6349405204941875,-0.11381330770435263,-1.0023618609536482
I18413.AG,Croatia,Croatia_MLBA.AG,3100.0,0.3569346070289612,-0.22456208996901808,-0.21395490470097045,0.6067738648578741
I18414_d.AG,Croatia,Croatia_MLBA.AG,3100.0,0.1107165962457656,-0.22480650104657446,-0.21514578079222277,0.6229061024783816
I18415.AG,Croatia,Croatia_MLBA.AG,3100.0,0.6264467835426331,-0.2172637587331989,-0.2167422683217764,0.6511861581341123
I18416.AG,Croatia,Croatia_MLBA.AG,3100.0,0.6149042844772339,-0.2523352517184239,-0.2164545498583265,0.664816654720152
I18417.AG,Croatia,Croatia_MLBA.AG,3100.0,0.621266782283783,-0.20944520127891034,-0.19041888750879712,0.6319352298397
I18428.AG,France,France_LN.AG,5400.0,0.2200820297002792,-0.316424403538579,-0.03633556256570314,-0.45091261683506545
I18488.AG,Hungary,Hungary_IA_LaTene.AG,2240.0,0.6409502625465393,0.5716725855228648,-0.00201388587105777,-1.1067263725556276
I18489.AG,Hungary,Hungary_LaTene.AG,2240.0,0.7287019491195679,0.5554563525674797,-0.08234234931515594,-0.9417133814146013
I18490.AG,Hungary,Hungary_IA_LaTene_brother.I18492.AG,2240.0,0.6207550168037415,0.5390610553558297,-0.1806283570165569,-1.0522115891793666
I18491.AG,Hungary,Hungary_LaTene.AG,2240.0,0.7382622957229614,0.6271133893316385,-0.06803975394399846,-1.036670439404089
I18492.AG,Hungary,Hungary_LaTene.AG,2240.0,0.7484633326530457,0.6139228878580816,-0.23962760165010713,-1.0862826728643273
I18493.AG,Hungary,Hungary_LaTene.AG,2240.0,0.7069463133811951,0.5565987112001494,-0.11910836912932893,-1.1046341621778628
I18526.AG,Hungary,Hungary_IA_LaTene.AG,2200.0,0.6379259824752808,0.4961004745786965,-0.09274282721611132,-1.145399011620646
I18527.AG,Hungary,Hungary_IA_LaTene.AG,2200.0,0.5892557501792908,0.5358390033858818,-0.07823222596802658,-1.0260158957079084
I18528.AG,Hungary,Hungary_IA_LaTene.AG,2200.0,0.5291663408279419,0.5467228822122043,-0.07972862949153933,-1.1013337183601646
I18529.AG,Hungary,Hungary_IA_LaTene.AG,2200.0,0.6242878437042236,0.5583633858621417,-0.15636569537423997,-0.9829909617655853
I18530.AG,Hungary,Hungary_IA_LaTene.AG,2230.0,0.6173722147941589,0.6043208283894645,-0.11500938221612216,-1.0776539719420735
I18531.AG,Hungary,Hungary_IA_LaTene.AG,2200.0,0.6289868950843811,0.5392996796880977,-0.15299874699461727,-1.037416689128959
I18599.AG,UnitedKingdom,England_LIA.AG,1924.0,0.5709842443466187,0.8441821541908935,-0.5649555831342102,0.6067996987078051
I18606.AG,UnitedKingdom,England_C_EBA.AG,3770.0,0.5804870128631592,0.9038062268288525,-0.6805289355795572,0.5685822878425069
I18635.AG,Hungary,Hungary_MN_AVK.AG,7130.0,0.5904398560523987,0.5774545943309243,-0.02471153651302712,-1.0700519623830917
I18636.AG,Hungary,Hungary_MN_AVK.AG,7125.0,0.5894349813461304,0.4651221918378466,-0.1347394081592045,-0.9960975025081873
I18637.AG,Hungary,Hungary_MN_AVK.AG,7125.0,0.5781714916229248,0.5680063030973921,-0.05489401261343617,-1.0090233531753927
I18642.AG,Hungary,Hungary_MN_ALBK.AG,7209.0,0.5661684274673462,0.5984132643964133,-0.20688032852957478,-1.0048094890885326
I18656.AG,Hungary,Hungary_MN_AVK.AG,7075.0,0.5876239538192749,0.5353338367259798,-0.1002897412393899,-1.0219224593308984
I18657.AG,Hungary,Hungary_MN_AVK_o.AG,7168.0,0.5683289766311646,0.5676205048616285,-0.22584990949815212,-1.077357962141691
I18658.AG,Hungary,Hungary_MN_AVK.AG,7100.0,0.52789306640625,0.5985673216023052,-0.08788743613538051,-0.9908446148878992
I18659.AG,Hungary,Hungary_MN_AVK.AG,7075.0,0.5788073539733887,0.449534024245658,0.05913785594699604,-1.0299151403728157
I18660.AG,Hungary,Hungary_MN_AVK_daughter.I21898.sister.I21902.AG,7340.0,0.5260220170021057,0.5617694166804937,-0.12536322083521,-1.0535135423284077
I18661.AG,Hungary,Hungary_MN_AVK.AG,7075.0,0.5609673261642456,0.5813312482603419,-0.043236260347121344,-0.9602550921984733
I18662.AG,Hungary,Hungary_MN_AVK_son.I21840.AG,7075.0,0.5449115037918091,0.6536430235497432,-0.12586357366748788,-0.965788298007961
I18695.AG,Hungary,Hungary_MN_AVK_mother.I21827.AG,7075.0,0.5609527230262756,0.5827843778005176,-0.045147479317345786,-1.1176414902799474
I18696.AG,Hungary,Hungary_MN_AVK.AG,7078.0,0.5602520108222961,0.6610194143593908,-0.05180214396080563,-1.0972992542867308
I18712.AG,Croatia,Croatia_BA.AG,3600.0,0.5104155540466309,-0.2121922207743655,-0.1988876506030268,0.5942911419086498
I18717.AG,Croatia,Croatia_MLBA_brother.I18078.father.I18071.AG,3100.0,0.4446417093276977,-0.24549591075309402,-0.17262861208471011,0.6206406780951308
I18720.AG,Croatia,Croatia_MLBA.AG,3100.0,0.397981196641922,-0.24372107552829234,-0.21318001129352548,0.6814280646238767
I18721.AG,Croatia,Croatia_MLBA.AG,3100.0,0.5383211970329285,-0.2589981846434699,-0.20355504288859683,0.6265412483772917
I18722.AG,Croatia,Croatia_MLBA.AG,3100.0,0.0547480024397373,-0.2377188052491927,-0.20705457914409497,0.6019083863297753
I18723.AG,Croatia,Croatia_MLBA.AG,3100.0,0.5096101760864258,-0.23778508214398147,-0.20797783598691916,0.61444837374027
I18724.AG,Croatia,Croatia_MLBA.AG,3100.0,0.5498863458633423,-0.2517946821113073,-0.21219148986215983,0.6195210333594176
I18725.AG,Croatia,Croatia_MLBA.AG,3100.0,0.5579705834388733,-0.2507078526968884,-0.22138044140980936,0.6502235994766318
I18727.AG,Croatia,Croatia_MLBA.AG,3100.0,0.3905230462551117,-0.21612988433256827,-0.20781974616136076,0.6632419436539786
I18729.AG,Croatia,Croatia_MLBA.AG,3100.0,0.5152305960655212,-0.2369087443908165,-0.21019054221164263,0.6538616582391628
I18730.AG,Croatia,Croatia_MLBA.AG,3100.0,0.4950961470603943,-0.23011304986639108,-0.21178710363830525,0.6648824944622208
I18732.AG,Croatia,Croatia_MLBA.AG,3100.0,0.5314753651618958,-0.24786652561005207,-0.2164387999939942,0.6490829494291973
I18734.AG,Croatia,Croatia_MLBA.AG,3100.0,0.3820292353630066,-0.21209143461260796,-0.20854516415173507,0.5811305584360579
I18735.AG,Croatia,Croatia_MLBA_1d.rel.I18077.AG,3100.0,0.0527139604091644,-0.23471618517051765,-0.22046494816369755,0.6314238363912738
I18737.AG,Croatia,Croatia_MLBA.AG,3100.0,0.4863346815109253,-0.2544780981893428,-0.20340916196758152,0.6416669585133863
I18738.AG,Croatia,Croatia_MLBA.AG,3100.0,0.4989087581634521,-0.23803453377191355,-0.21721912023079487,0.5914545017796332
I18739.AG,Croatia,Croatia_MLBA.AG,3100.0,0.4241536855697632,-0.24871006599245538,-0.22488433754411571,0.6272176220829953
I18742.AG,Hungary,Hungary_DanubeTisza_MiddleAvar.AG,1250.0,0.5768568515777588,0.48371534655460546,0.10516547959368877,-0.9092353511000316
I18743.AG,Hungary,Hungary_DanubeTisza_EarlyAvar.AG,1313.0,0.6026002764701843,0.4920363310191245,-0.03396744233394996,-0.9391294448662214
I18744.AG,Hungary,Hungary_DanubeTisza_MiddleLateAvar_oWest.AG,1250.0,0.4358745515346527,0.5282718372141475,-0.04035353165513733,-0.9883233619271952
I18745.AG,Croatia,Croatia_MBA_Cetina.AG,3550.0,0.5844707489013672,-0.2281748836072694,-0.21345249926326373,0.650153546516294
I18746.AG,Croatia,Croatia_MBA_Cetina.AG,3530.0,0.5471434593200684,-0.2454328890982074,-0.22316530042243934,0.6537668712520036
I18747.AG,Croatia,Croatia_MBA_Cetina.AG,3550.0,0.3738792836666107,-0.2653469355338226,-0.24239063339840522,0.6908522738073646
I18748.AG,Croatia,Croatia_BA.AG,3700.0,0.462703138589859,-0.256660734864313,-0.24175369723034187,0.6725898830244402
I18752.AG,Croatia,Croatia_MBA_Cetina.AG,3550.0,0.5040084719657898,-0.22648254492568304,-0.2173287576155183,0.6061840177067004
I18792.AG,Bulgaria,Bulgaria_LateAntiquity.AG,1550.0,0.117990642786026,0.7005972912633794,0.44212204455058457,0.32728363672611
I18793.AG,Bulgaria,Bulgaria_EBA_Ezero.AG,4051.0,0.3239324986934662,0.686758497510746,0.436737834772607,0.2945390133200749
I18794.AG,Bulgaria,Bulgaria_EBA_Yamnaya.AG,4757.0,0.3338285982608795,0.7480751339850803,0.43714000798079516,0.3051812879155881
I18801_d.AG,Bulgaria,Bulgaria_EBA_Yamnaya.AG,4775.0,0.1005115136504173,0.6577177739400724,0.4366014768415097,0.30518451084174225
I18830.AG,Croatia,Croatia_LIA_brother.I18831.AG,2201.0,0.547711193561554,-0.24016866105743326,-0.22793105340708406,0.6351638124302869
I18831.AG,Croatia,Croatia_LIA.AG,2201.0,0.5880010724067688,-0.22605580277236648,-0.2598619597940022,0.5762353008718679
I18832.AG,Hungary,Hungary_IA_LaTene_oEast.AG,2210.0,0.564629077911377,0.5176024943362451,-0.04969326390456152,-1.0161945988678627
I18833.AG,Hungary,Hungary_IA_LaTene_oWest.AG,2210.0,0.0590488500893116,0.6030172074044106,-0.08618616272072957,-1.0188242744863263
I18834.AG,Hungary,Hungary_IA_LaTene.AG,2210.0,0.5809727907180786,0.7191023407432675,-0.15613893612888288,-1.1745914560465436
I18835.AG,Hungary,Hungary_IA_LaTene_father.or.son.I18838.AG,2210.0,0.5644603967666626,0.5890234197694089,-0.16120375079278948,-1.1240497503569509
I18837.AG,Hungary,Hungary_IA_LaTene_oWest.AG,2210.0,0.2651804983615875,0.5692840868064862,-0.023668211176525,-1.1119940708740599
I18838.AG,Hungary,Hungary_IA_LaTene.AG,2210.0,0.5842233896255493,0.5963583083393144,-0.11896531959955861,-1.1670882091034032
I18839.AG,Hungary,Hungary_IA_LaTene.AG,2200.0,0.5486373901367188,0.560813707150015,-0.17081006034721757,-1.0667255453427325
I18840.AG,Hungary,Hungary_IA_LaTene.AG,2200.0,0.5735300183296204,0.4946275221620129,-0.131676982192177,-0.9361173582897558
I19040.AG,UnitedKingdom,England_MIA_LIA.AG,2200.0,0.110666312277317,0.9125913822804014,-0.5909521166032417,0.5792327421506961
I19042.AG,UnitedKingdom,England_MIA_LIA.AG,2245.0,0.7000599503517151,0.9354204099789882,-0.5927584128557736,0.5728611803129824
I19044.AG,UnitedKingdom,England_MIA.AG,2228.0,0.6727163195610046,0.9998288517275378,-0.7658695384869552,0.7206192570397887
I19045.AG,UnitedKingdom,England_MIA.AG,2238.0,0.4268714189529419,0.9194699827614495,-0.619352320080155,0.5073693552916442
I19046.AG,UnitedKingdom,England_MIA.AG,2228.0,0.616992712020874,0.974362919259958,-0.6487231118079342,0.5635149060657977
I19207.AG,UnitedKingdom,England_MIA.AG,2232.0,0.0902796611189842,0.9314018842625738,-0.6307684882017311,0.6385142779235259
I19210.AG,UnitedKingdom,England_MIA.AG,2201.0,0.1342816352844238,0.9164548638385636,-0.6617856597378118,0.6013004765538335
I19211.AG,UnitedKingdom,England_MIA.AG,2250.0,0.4437049627304077,0.9261301908223614,-0.6442542317573808,0.6037511204224258
I19286.AG,UnitedKingdom,Scotland_N.AG,5130.0,0.077587179839611,0.9587003731013654,-0.6400420375521862,0.5940433243028437
I19287.AG,UnitedKingdom,England_EIA.AG,2570.0,0.3920526504516601,0.9243588658001173,-0.639746474533118,0.7073264663332537
I19356.AG,France,France_GrandEst_IA2.AG,2200.0,0.7335461974143982,-0.3129714950669917,0.0021583940802369843,-0.46310172731714944
I19357.AG,France,France_GrandEst_IA2.AG,2200.0,0.7541931867599487,-0.31483567247783195,-0.01591016259427239,-0.4567785439686647
I19358.AG,France,France_GrandEst_IA2.AG,2200.0,0.1952915340662002,-0.29670915251921137,-0.012252622522514545,-0.4669590004735373
I19359.AG,France,France_GrandEst_IA2.AG,2200.0,0.0529499687254428,-0.2880195367526042,-0.04405447973764791,-0.4397963235969479
I19360.AG,France,France_GrandEst_IA2_son.I19358.son.I19362.brother.I19363.AG,2200.0,0.6713140606880188,-0.30606484495783004,-0.017050399968006856,-0.4465838002235985
I19362.AG,France,France_GrandEst_IA2.AG,2200.0,0.2779994904994964,-0.3415840172173594,0.00477097778912732,-0.46870293164924604
I19363.AG,France,France_GrandEst_IA2_son.I19358.son.I19362.brother.I19360.AG,2200.0,0.2879093587398529,-0.2995532515309418,-0.025562196349338043,-0.4802099075468872
I19364_enhanced.AG,Greece,Greece_PalaceOfNestor_BA.AG,3085.0,0.1222509443759918,-0.6797674049390847,0.0010119082659661087,2.2275094734783707
I19366.AG,Greece,Greece_PalaceOfNestor_BA.AG,3278.0,0.4975495040416717,-0.7142999368872821,-0.0094059266835698,2.203545397760391
I19368.AG,Greece,Greece_PalaceOfNestor_EIA.AG,2960.0,0.1075763180851936,-0.7064733046013535,0.002018377769824025,2.1799304245886026
I19452.AG,Bulgaria,Bulgaria_EBA.AG,4450.0,0.3246210813522339,0.6846116247691632,0.45598968280392754,0.3305647824440547
I19453.AG,Bulgaria,Bulgaria_EBA.AG,4450.0,0.0513084605336189,0.6660178378378437,0.452463729935083,0.32859674743218514
I19454.AG,Bulgaria,Bulgaria_EBA.AG,4766.0,0.4073663353919983,0.6288992206379445,0.46445973019407427,0.3133239412033071
I19456.AG,Bulgaria,Bulgaria_EBA.AG,4450.0,0.4081870913505554,0.6899452632353539,0.437343604522023,0.3120661406676472
I19456_d.AG,Bulgaria,Bulgaria_EBA.AG,4450.0,0.0806633830070495,0.6971846391405978,0.43916774844507495,0.3493594441841917
I19457_enhanced.AG,Bulgaria,Bulgaria_EBA_oNorth_in.preparation.AG,4325.0,0.1655010879039764,0.6856514092198074,0.4462672504066767,0.3145678718548452
I19458.AG,Bulgaria,Bulgaria_EBA_oNorth.AG,4337.0,0.1904821693897247,0.6858217626504053,0.4440521704499614,0.29824261076506475
I19459.AG,Bulgaria,Bulgaria_EBA.AG,4325.0,0.1926703155040741,0.67949965749573,0.4626907670315036,0.3695733460757278
I19460.AG,Bulgaria,Bulgaria_EBA.AG,4325.0,0.1248429641127586,0.6787512245147179,0.4580033449273377,0.34176188457141166
I19462.AG,Bulgaria,Bulgaria_EBA.AG,4450.0,0.0766472071409225,0.6710079125222419,0.4303208702479681,0.29819113521184964
I19539.AG,Turkey,Turkey_Aegean_Mugla_Stratonikeia_Byzantine.AG,650.0,0.4747824966907501,-0.7059073836886773,0.4775281116941254,0.9868806275273481
I19612.AG,Turkey,Turkey_East_Van_Urartian.AG,2750.0,0.2468895316123962,-0.6797984687767853,0.5511956278306579,0.9682950932695531
I19613.AG,Turkey,Turkey_East_Van_Urartian.AG,2750.0,0.6316267251968384,-0.7154575046323745,0.5575237014173645,0.951365455010768
I19652.AG,UnitedKingdom,England_MIA.AG,2247.0,0.1632991731166839,0.9272820617869806,-0.6123152932390179,0.6308998771327621
I19654.AG,UnitedKingdom,England_MIA.AG,2250.0,0.2665795087814331,0.9370291620609164,-0.6078606530060321,0.609723736038388
I19655.AG,UnitedKingdom,England_MIA_LIA_alt.AG,2200.0,0.0953996405005455,0.9586191437424704,-0.6307904821863952,0.6591821899037748
I19656.AG,UnitedKingdom,England_MIA.AG,2231.0,0.5800393223762512,0.9514383758835704,-0.660981559705946,0.6535512665299305
I19657.AG,UnitedKingdom,England_MIA_LIA.AG,2183.0,0.7370441555976868,0.9245118290095309,-0.5306428156960147,0.536347276764637
I19722.AG,Spain,Spain_IA.AG,2347.0,0.0880817994475364,-1.1942112544531527,0.10772343098519852,-1.328284660545891
I19854.AG,UnitedKingdom,England_MIA_LIA.AG,2200.0,0.6184874176979065,0.9595973235115762,-0.655783457798629,0.6112574791877573
I19855.AG,UnitedKingdom,England_MIA_LIA.AG,2200.0,0.4600859880447387,0.974950377671243,-0.6387331846406908,0.6106461615126474
I19856.AG,UnitedKingdom,England_MIA.AG,2250.0,0.0818344950675964,0.9536278829349766,-0.5558071888528556,0.5645907105438501
I19857.AG,UnitedKingdom,England_MBA.AG,3423.0,0.587157666683197,0.9428579487697546,-0.5260322477042505,0.5821617513393299
I19858.AG,UnitedKingdom,England_MBA.AG,3429.0,0.5664206147193909,0.9250600566785382,-0.5736427544427882,0.5436580051762763
I19859.AG,UnitedKingdom,England_MBA.AG,3401.0,0.5917950868606567,0.915233858314666,-0.6282503322898211,0.592028004618056
I19860.AG,UnitedKingdom,England_MBA.AG,3398.0,0.4621938169002533,0.985331294002927,-0.6034089374274378,0.6660445454666993
I19861.AG,UnitedKingdom,England_EIA.AG,2597.0,0.582831621170044,0.9640079375906985,-0.6542575005995311,0.5561259802170199
I19862.AG,UnitedKingdom,England_EIA.AG,2571.0,0.5689080357551575,0.9505084137735003,-0.5700371254937655,0.5967259625045587
I19863.AG,UnitedKingdom,England_EIA.AG,2352.0,0.5054869651794434,0.9089577510236037,-0.5625019628941229,0.5952112729057519
I19867.AG,UnitedKingdom,England_EIA_highEEF.AG,2598.0,0.6023910641670227,0.9074724932331677,-0.6034501163476754,0.6676747080129011
I19868.AG,UnitedKingdom,England_EIA.AG,2579.0,0.4962648451328277,0.9543009312834669,-0.6053401078658529,0.6006088599537817
I19869.AG,UnitedKingdom,England_LIA_daughter.I19870.AG,2043.0,0.6309390068054199,1.0116645832639568,-0.5811303053925841,0.5608047332287319
I19870.AG,UnitedKingdom,England_LIA.AG,2051.0,0.6394904255867004,0.9570766049128921,-0.5768906891441576,0.4848013222536925
I19872.AG,UnitedKingdom,England_MIA.AG,2275.0,0.6034956574440002,0.9834606374482832,-0.6693731094001877,0.5904706316087428
I19873.AG,UnitedKingdom,England_MIA.AG,2250.0,0.5753783583641052,0.9327093104954827,-0.5617415780065124,0.57456329013072
I19874.AG,UnitedKingdom,England_MIA.AG,2250.0,0.6595478057861328,0.9126571447140488,-0.582104163131512,0.7233991673110424
I19907.AG,UnitedKingdom,England_MIA.AG,2250.0,0.6137948036193848,0.9391051441101599,-0.5303875964510497,0.595943637573447
I19908.AG,UnitedKingdom,England_MIA.AG,2250.0,0.6721421480178833,0.9446035663284148,-0.6057322061276551,0.5851351647719673
I19909.AG,UnitedKingdom,England_MIA.AG,2227.0,0.6919335126876831,1.0159358275080128,-0.6163196449654375,0.6098633884762247
I19910.AG,UnitedKingdom,England_MIA.AG,2250.0,0.6428318023681641,0.977322820218626,-0.5235372015117878,0.5494436874268528
I19911.AG,UnitedKingdom,England_MIA.AG,2250.0,0.6623928546905518,0.9568235446369878,-0.6171159509907983,0.5960822934826321
I19912.AG,UnitedKingdom,England_MIA.AG,2222.0,0.6791582703590393,0.8767660725430382,-0.5829763701843534,0.45844881653870667
I19913.AG,UnitedKingdom,England_MBA.AG,3271.0,0.5773937702178955,0.9944195259315187,-0.6441559218989752,0.6783123341295211
I19914.AG,UnitedKingdom,England_MIA.AG,2233.0,0.6360313892364502,0.9710205499905963,-0.6747514998649174,0.7386167791438204
I19915.AG,UnitedKingdom,England_MBA.AG,3422.0,0.6616288423538208,0.9442225230283494,-0.6226119579462072,0.6426877555429913
I19916.AG,France,France_SouthEast_IA2.AG,2250.0,0.6732824444770813,-0.31373041344965946,-0.017684513220912034,-0.47351062055946225
I19917.AG,France,France_SouthEast_IA2.AG,2250.0,0.6386599540710449,-0.327460992398865,-0.0418918965548791,-0.40744563461433025
I19918.AG,France,France_SouthEast_IA2.AG,2250.0,0.6131338477134705,-0.3185434006602049,0.03043565938346345,-0.4534488250472308
I19990.AG,Spain,Spain_LIA.AG,2036.0,0.098202534019947,-1.1251164938120346,0.04339502485999232,-1.29644027194576
I20001.AG,Turkey,Turkey_Aegean_Mugla_Camandras_Dalagoz_Roman.AG,1726.0,0.684400737285614,-0.7843058574815225,0.5837536478902671,1.0006538007943082
I20062.AG,Netherlands,Netherlands_LBA.AG,2810.0,0.6848516464233398,0.5303020380761355,0.5826856718121282,-0.1970988914146917
I20063.AG,Netherlands,Netherlands_EBA.AG,3797.0,0.2066150158643722,0.5337455227440229,0.5892195502934695,-0.21073507451717172
I20071.AG,Moldova,Moldova_IA.AG,2749.0,0.3056407272815704,1.429068436899826,-0.3458650332466954,-0.580293456546778
I20077.AG,Moldova,Moldova_MBA_Catacomb.AG,4450.0,0.415307879447937,1.4079677790048486,-0.3436915311075038,-0.5758148800592892
I20083.AG,Moldova,Moldova_MBA_Catacomb.AG,4450.0,0.198340967297554,1.4202155166925279,-0.34501776184634675,-0.5745433211263498
I20086.AG,Moldova,Moldova_LBA.AG,2824.0,0.1192452982068061,1.412601987810246,-0.34593054284649877,-0.5861743866830692
I20088.AG,Moldova,Moldova_MBA_Catacomb.AG,4660.0,0.0743309259414672,1.4043317322711186,-0.3455468325188123,-0.5755040832622572
I20139.AG,Turkey,Turkey_Aegean_Mugla_Camandras_Dalagoz_Roman.AG,1726.0,0.5691975951194763,-0.6902682328890348,0.5472990522183975,0.9344512353952603
I20140.AG,Turkey,Turkey_Aegean_Mugla_Stratonikeia_Byzantine_brother.I20141.AG,850.0,0.5796581506729126,-0.7006632044565184,0.5638845731237897,0.8922033653074231
I20141.AG,Turkey,Turkey_Aegean_Mugla_Stratonikeia_Byzantine.AG,850.0,0.6758087873458862,-0.743663199963449,0.5514881733009305,0.9687082807017401
I20142.AG,Turkey,Turkey_Aegean_Mugla_Stratonikeia_Byzantine.AG,650.0,0.4508646726608276,-0.7304275983240498,0.5680342764413421,0.9883055222932207
I20143.AG,Turkey,Turkey_Aegean_Mugla_Stratonikeia_Byzantine.AG,650.0,0.4498971104621887,-0.7464273381111175,0.5516673213192698,0.9699573665892782
I20144.AG,Turkey,Turkey_Aegean_Mugla_Stratonikeia_Byzantine.AG,650.0,0.302643209695816,-0.7250527118426272,0.5261027463848805,0.9233235767815218
I20145.AG,Turkey,Turkey_Aegean_Mugla_Stratonikeia_Byzantine.AG,650.0,0.6944119930267334,-0.7254721120251807,0.5973115347819236,0.9048730796293263
I20147.AG,Turkey,Turkey_Aegean_Mugla_Stratonikeia_Byzantine.AG,650.0,0.6255935430526733,-0.6914156630054933,0.5220793933050097,0.9340050516109601
I20163.AG,Italy,Italy_Sicily_Himera_Classical_1.AG,2500.0,0.095383420586586,-0.9964003996129556,0.22305997153658338,0.4000048351839811
I20166.AG,Italy,Italy_Sicily_Himera_Classical_oAegean.AG,2500.0,0.1186597347259521,-1.0316732030837457,0.20746231300589169,0.41609117281841523
I20180.AG,Bulgaria,Bulgaria_EIA.AG,2750.0,0.6830430626869202,0.692579040597283,0.4562097671328005,0.3105394309426012
I20181.AG,Bulgaria,Bulgaria_EIA.AG,2750.0,0.7293751239776611,0.7206152991035508,0.45653752828277344,0.30793033820967647
I20182.AG,Bulgaria,Bulgaria_EBA_MBA.AG,4100.0,0.6767706274986267,0.6935969228797892,0.4798135636355641,0.33211036117211157
I20183.AG,Bulgaria,Bulgaria_EIA.AG,2750.0,0.6886001825332642,0.6815074642074271,0.45583187580566376,0.3133188329757114
I20184.AG,Bulgaria,Bulgaria_EIA.AG,2750.0,0.6992351412773132,0.6761754278124043,0.4529083210113337,0.3420761357913599
I20185.AG,Bulgaria,Bulgaria_EIA.AG,2750.0,0.7530958652496338,0.6725606008842806,0.44316578967637954,0.3294472252310698
I20186.AG,Bulgaria,Bulgaria_EIA.AG,2750.0,0.7442249059677124,0.6872441959593715,0.45905838843042823,0.316871079548005
I20187.AG,Turkey,Turkey_Aegean_Mugla_Stratonikeia_Byzantine.AG,660.0,0.7306321859359741,-0.7160758680556795,0.5531955849808451,0.9296091231307886
I20224.AG,Turkey,Turkey_Aegean_Mugla_Degirmendere_Ancient.AG,2565.0,0.6986852288246155,-0.7551042941959879,0.5178904031631777,0.9858507932623435
I20225.AG,Turkey,Turkey_Aegean_Mugla_Degirmendere_Ancient_father.or.son.I20224.AG,2565.0,0.6658161878585815,-0.7054991395609568,0.5382016828779155,0.9663665070150292
I20226.AG,Turkey,Turkey_Aegean_Mugla_Degirmendere_Ancient_sister.I20229.AG,2565.0,0.5229361057281494,-0.7314085702500198,0.5452059272439267,0.9657902047281174
I20227.AG,Turkey,Turkey_Aegean_Mugla_Degirmendere_Ancient.AG,2565.0,0.6727553009986877,-0.6920086747589128,0.5703277909597446,0.9165052827065718
I20228.AG,Turkey,Turkey_Aegean_Mugla_Degirmendere_Ancient.AG,2565.0,0.5379772782325745,-0.7364730297636395,0.5524702563288412,0.9655110901382353
I20229.AG,Turkey,Turkey_Aegean_Mugla_Degirmendere_Ancient.AG,2565.0,0.7266225218772888,-0.7292200951594062,0.5274647178916864,0.9469988026479055
I20230.AG,Turkey,Turkey_Aegean_Mugla_Degirmendere_Ancient.AG,2565.0,0.7117824554443359,-0.735440046695341,0.5527804009002945,0.9864727486718159
I20231.AG,Turkey,Turkey_Aegean_Mugla_Degirmendere_Ancient.AG,2565.0,0.489202469587326,-0.7340031017129455,0.5714124218891662,0.9486923710475992
I20232.AG,Turkey,Turkey_Aegean_Mugla_Degirmendere_Ancient.AG,2565.0,0.5328435301780701,-0.7403699353172154,0.5829103333661573,0.9630174984847927
I20233.AG,Turkey,Turkey_Aegean_Mugla_Degirmendere_Ancient.AG,2565.0,0.6838370561599731,-0.7253703316782505,0.5545824476476788,0.9733743564831978
I20257.AG,Turkey,Turkey_Aegean_Mugla_Degirmendere_Ancient.AG,2565.0,0.6910291910171509,-0.7142982378961545,0.5121870000358568,0.955968483027385
I20258.AG,Turkey,Turkey_Aegean_Mugla_Degirmendere_Ancient.AG,2565.0,0.676013171672821,-0.702196885836809,0.5560531045866416,0.9636240747636289
I20259.AG,Turkey,Turkey_Aegean_Mugla_Samantas_Byzantine.AG,1346.0,0.7375380396842957,-0.7369299874358848,0.5632135567847923,0.9804343516600612
I20260.AG,Turkey,Turkey_Aegean_Mugla_Samantas_Byzantine.AG,1346.0,0.7217823266983032,-0.7262581067384573,0.5938598799130689,0.9763030007754725
I20261.AG,Turkey,Turkey_Aegean_Mugla_Samantas_Byzantine.AG,1346.0,0.2493031322956085,-0.7204794414924386,0.5194669915579191,0.9522243218619559
I20264.AG,Turkey,Turkey_Aegean_Mugla_Samantas_Byzantine_brother.I20265.AG,1346.0,0.7140711545944214,-0.754898997467278,0.5320307346252353,0.9152956320485975
I20265.AG,Turkey,Turkey_Aegean_Mugla_Samantas_Byzantine.AG,1346.0,0.7161781787872314,-0.732953832392679,0.5528874811412317,0.9571538446356065
I20266.AG,Turkey,Turkey_Aegean_Mugla_Samantas_Byzantine.AG,1346.0,0.6942773461341858,-0.6713952464725882,0.6038811553596901,0.9458795339246543
I20320.AG,Turkey,Turkey_Aegean_Mugla_Samantas_Byzantine.AG,1346.0,0.235411137342453,-0.6839143706269152,0.5188522560228785,0.9516000015804851
I20322_d.AG,Turkey,Turkey_Aegean_Mugla_Capalibag_Medieval.AG,475.0,0.2393502742052078,-0.7059876513074895,0.558596028632618,0.9016685931026239
I20323.AG,Turkey,Turkey_Aegean_Mugla_Capalibag_Medieval.AG,475.0,0.7183436155319214,-0.6812125807870343,0.5396006598211645,0.8787328171903719
I20324.AG,Turkey,Turkey_Aegean_Mugla_Capalibag_Medieval.AG,475.0,0.7256671190261841,-0.7027949207278358,0.5498354350838298,0.8795281327670137
I20325.AG,Turkey,Turkey_Aegean_Mugla_Capalibag_Medieval.AG,475.0,0.6925733685493469,-0.6524098283498173,0.5491122759416437,0.8363294608185639
I20326.AG,Turkey,Turkey_Aegean_Mugla_Capalibag_Medieval.AG,475.0,0.7220329642295837,-0.7361251234079932,0.5308534779310197,0.9252919993328217
I20327.AG,Turkey,Turkey_Aegean_Mugla_Capalibag_Medieval.AG,400.0,0.7294830083847046,-0.6770940644287897,0.5137424286919537,0.8955635545931289
I20328.AG,Turkey,Turkey_Aegean_Mugla_Capalibag_Medieval.AG,399.0,0.7036592364311218,-0.7301184282218212,0.5597198901995655,0.9160200910672996
I20329.AG,Turkey,Turkey_Aegean_Mugla_Capalibag_Medieval.AG,400.0,0.7241902351379395,-0.6434744448255527,0.5187193350446593,0.8743582481884166
I20502.AG,Croatia,Croatia_C.AG,5950.0,0.6724770665168762,-0.22900210528412057,-0.23535197950244902,0.5869588748041802
I20504.AG,Czechia,Czechia_IA_LaTene.AG,2223.0,0.134373277425766,1.7552077027424695,-0.14760741252675033,0.17720274060839547
I20509.AG,Czechia,Czechia_IA_LaTene.AG,2250.0,0.2116644382476806,1.7310462779750415,-0.14619368059941137,0.17446700571838675
I20513.AG,Czechia,Czechia_IA_LaTene.AG,2250.0,0.0992463156580925,1.7000334692101222,-0.15687186676357165,0.21921070427815104
I20515.AG,Czechia,Czechia_Medieval.AG,1009.0,0.2609421014785766,1.7182568367553042,-0.1374548167078627,0.21750533709460868
I20517.AG,Czechia,Czechia_LBA_Knoviz.AG,3000.0,0.3351059556007385,1.782376039396952,-0.16162503639937953,0.1955650921017568
I20518.AG,Czechia,Czechia_IA_LaTene.AG,2255.0,0.0512233041226863,1.7866709321558005,-0.1339730935257716,0.19300684583674546
I20519.AG,Czechia,Czechia_IA_LaTene.AG,2250.0,0.2512690424919128,1.762627556723284,-0.1363816332108507,0.17180424360179755
I20521.AG,Czechia,Czechia_IA_LaTene.AG,2250.0,0.0836471319198608,1.7605715975223597,-0.11574662102382458,0.16653415914545236
I20522.AG,Czechia,Czechia_IA_LaTene.AG,2230.0,0.3858507573604584,1.8678343344149493,-0.1779629938352361,0.29050607633521774
I20525.AG,Czechia,Czechia_LBA_Knoviz.AG,2850.0,0.2382351160049438,1.7917670943557817,-0.14005077284365353,0.19697037425826336
I20526.AG,Czechia,Czechia_LBA_Knoviz.AG,2850.0,0.1939282119274139,1.7198147179882333,-0.15748947041267614,0.2255856738158993
I20570.AG,Turkey,Turkey_Aegean_Mugla_Capalibag_Medieval.AG,400.0,0.719113290309906,-0.7053166344388844,0.5490008532783881,0.8887880208282898
I20571.AG,Turkey,Turkey_Aegean_Mugla_Capalibag_Medieval.AG,464.0,0.7429962158203125,-0.6736511036149031,0.5542379612107126,0.8710307939319125
I20572.AG,Turkey,Turkey_Aegean_Mugla_Capalibag_Medieval.AG,562.0,0.7363515496253967,-0.7011092856393547,0.5679270111436066,0.9357090491800315
I20573.AG,Turkey,Turkey_Aegean_Mugla_Capalibag_Medieval.AG,529.0,0.731482982635498,-0.69036185573337,0.5411975839008437,0.924908128953566
I20574.AG,Turkey,Turkey_Aegean_Mugla_Stratonikeia_Byzantine.AG,650.0,0.7319095730781555,-0.7279580181920935,0.5631617831531472,0.9337313045296824
I20577.AG,Turkey,Turkey_East_Van_Urartian.AG,2750.0,0.686277449131012,-0.7496816688613885,0.520694650785644,0.9513185505969968
I20582.AG,UnitedKingdom,England_MIA.AG,2217.0,0.6774672865867615,0.9592349063244086,-0.5581703952665502,0.7074848279657491
I20583.AG,UnitedKingdom,England_MIA_highEEF.AG,2233.0,0.7040688395500183,0.8912069995894589,-0.5931622188960496,0.5604589951773428
I20584.AG,UnitedKingdom,England_MIA_LIA.AG,2161.0,0.6131662726402283,0.8751004588390018,-0.6141210396207998,0.5993716961377615
I20585.AG,UnitedKingdom,England_EIA.AG,2550.0,0.6351197957992554,0.9846201688713229,-0.6868872204983673,0.5898986842534061
I20586.AG,UnitedKingdom,England_MIA.AG,2250.0,0.698214054107666,1.0184376908693455,-0.47631102554056354,0.6466898503779434
I20587.AG,UnitedKingdom,England_MIA.AG,2244.0,0.704869270324707,0.9456921246587506,-0.6724500892938368,0.6110119567058415
I20588.AG,UnitedKingdom,England_MIA.AG,2225.0,0.6797008514404297,1.0278101742294123,-0.6644141392728589,0.5705205440957533
I20589.AG,UnitedKingdom,England_MIA.AG,2250.0,0.6913171410560608,0.9302324021907948,-0.5565844456697602,0.6129421019880964
I20601.AG,UnitedKingdom,England_EarlyMedieval_Saxon.AG,1425.0,0.0514941848814487,0.9174580719524357,-0.6336392618914625,0.636182293191726
I20602.AG,UnitedKingdom,England_EarlyMedieval_Saxon.AG,1320.0,0.0817250087857246,0.9575360823683382,-0.6383160832152894,0.5930878382829153
I20605.AG,UnitedKingdom,England_EarlyMedieval_Saxon.AG,1450.0,0.1682666838169098,0.9031937544279435,-0.6348287051345443,0.599930921449028
I20607.AG,UnitedKingdom,England_EarlyMedieval_Saxon.AG,1400.0,0.1851399838924408,0.9534345551739247,-0.6293034845690976,0.597613278253884
I20608.AG,UnitedKingdom,England_EarlyMedieval_Saxon.AG,1383.0,0.0999624505639076,0.9077725275307061,-0.6194548390626581,0.6289284008374638
I20615.AG,UnitedKingdom,England_Roman.AG,1786.0,0.4696203470230102,1.0192157338100798,-0.5958767470969321,0.603300115888391
I20621.AG,UnitedKingdom,England_MIA_LIA.AG,2175.0,0.4358583390712738,0.9347392203545263,-0.5510424741923994,0.6798204044295836
I20622.AG,UnitedKingdom,England_MIA_LIA.AG,2186.0,0.6568365693092346,0.9873644550014281,-0.5617924324142716,0.5563216376514227
I20623.AG,UnitedKingdom,England_MIA_LIA.AG,2225.0,0.6488455533981323,0.9862046293772013,-0.570883460054374,0.6969548346791294
I20624.AG,UnitedKingdom,England_MIA_LIA.AG,2194.0,0.1416084021329879,0.9481079722818537,-0.6326131525285477,0.6275521965921732
I20625.AG,UnitedKingdom,England_MIA_LIA.AG,2092.0,0.086196169257164,0.949402221862586,-0.5877604236262268,0.5526552279594505
I20626.AG,UnitedKingdom,England_MIA_LIA.AG,2118.0,0.198234736919403,0.9515059817336402,-0.6092868454827618,0.533600861631158
I20627.AG,UnitedKingdom,England_MIA.AG,2227.0,0.3936600685119629,0.9189246294929397,-0.6767352806143976,0.5439031005793472
I20628.AG,UnitedKingdom,England_MIA_LIA.AG,2131.0,0.4363717138767242,0.9369364349565885,-0.5487559220974563,0.6307324277303491
I20630_d.AG,UnitedKingdom,England_MIA_LIA.AG,2175.0,0.0637860298156738,0.9117245605212231,-0.5704328715173483,0.5881033504198099
I20631.AG,UnitedKingdom,England_MIA_LIA.AG,2175.0,0.6865191459655762,1.0575269228540503,-0.5921655252074732,0.6090549096105798
I20634.AG,UnitedKingdom,England_MIA_LIA.AG,2175.0,0.0506774857640266,0.9594688697374998,-0.5581595166919611,0.6180774474078664
I20637.AG,UnitedKingdom,England_EarlyMedieval.AG,1350.0,0.4089397192001343,1.0246000106455142,-0.6803688744503755,0.5979990287297028
I20638.AG,UnitedKingdom,England_EarlyMedieval_Saxon_father.or.son.I20649.father.or.son.I11588.AG,1450.0,0.4211569428443908,0.96198576016741,-0.5854410039073452,0.6104545042207441
I20639.AG,UnitedKingdom,England_EarlyMedieval_Saxon.AG,1450.0,0.4291106462478637,0.9576803625504747,-0.5888662733627393,0.6479630150783835
I20640.AG,UnitedKingdom,England_EarlyMedieval_Saxon.AG,1450.0,0.7217888236045837,0.943071909198182,-0.6037035200650384,0.5242939626218113
I20641.AG,UnitedKingdom,England_EarlyMedieval_Saxon.AG,1450.0,0.6145637035369873,0.9514023116633821,-0.5658036776503921,0.5956358125036182
I20642.AG,UnitedKingdom,England_EarlyMedieval_Saxon.AG,1450.0,0.0774517357349395,0.9342681948955548,-0.5873091882415172,0.5683932106383942
I20643.AG,UnitedKingdom,England_EarlyMedieval_Saxon.AG,1450.0,0.2863789796829223,0.9540134921916908,-0.598191196838194,0.5351416782712215
I20644.AG,UnitedKingdom,England_EarlyMedieval_Saxon.AG,1450.0,0.755301833152771,0.9094345384591319,-0.5406738440424481,0.5839706088921321
I20645.AG,UnitedKingdom,England_EarlyMedieval_Saxon.AG,1450.0,0.2355003505945205,0.920059655928105,-0.5638305768449826,0.5811300339926271
I20646.AG,UnitedKingdom,England_EarlyMedieval_Saxon.AG,1450.0,0.617555558681488,0.9749104833479736,-0.6175842993407514,0.6018374077377519
I20649.AG,UnitedKingdom,England_EarlyMedieval_Saxon.AG,1450.0,0.543467104434967,0.8491816877379565,-0.603623211424382,0.623246339944601
I20650.AG,UnitedKingdom,England_EarlyMedieval_Saxon.AG,1450.0,0.6390045881271362,0.8922145473087495,-0.6462834949978882,0.6352115143713796
I20652.AG,UnitedKingdom,England_EarlyMedieval_Saxon.AG,1450.0,0.7774013876914978,0.9688911743750449,-0.5667295232953902,0.5906277539648559
I20653.AG,UnitedKingdom,England_EarlyMedieval_Saxon.AG,1450.0,0.4396847486495971,0.9506440570013066,-0.655038556791852,0.5651686791960985
I20654.AG,UnitedKingdom,England_EarlyMedieval_Saxon.AG,1450.0,0.7464925646781921,0.9884336897347491,-0.5701344918587976,0.5351285081458328
I20655.AG,UnitedKingdom,England_EarlyMedieval_Saxon.AG,1450.0,0.6480491161346436,0.9046192752358356,-0.6574706997493209,0.671121305099085
I20656.AG,UnitedKingdom,England_EarlyMedieval_Saxon_oSteppe.AG,1450.0,0.6836318969726562,0.8961398929721811,-0.6263699992368786,0.6356155273580264
I20658.AG,UnitedKingdom,England_EarlyMedieval_Saxon.AG,1450.0,0.6974103450775146,0.9578665742264755,-0.6240682796976744,0.6389190727661425
I20659.AG,UnitedKingdom,England_EarlyMedieval_Saxon.AG,1450.0,0.6779036521911621,1.0027363001653662,-0.5292901077491844,0.665081644026898
I20660.AG,UnitedKingdom,England_EarlyMedieval_Saxon.AG,1450.0,0.6767300963401794,0.9602428152448003,-0.6048641301665466,0.4069710032866751
I20661.AG,UnitedKingdom,England_EarlyMedieval_Saxon.AG,1450.0,0.6755922436714172,0.9457825981257411,-0.6694672000461559,0.5098474481575209
I20666.AG,UnitedKingdom,England_EarlyMedieval_Saxon.AG,1450.0,0.1334462761878967,0.9745439154479142,-0.6347770841425238,0.6346594238398343
I20667.AG,UnitedKingdom,England_EarlyMedieval_Saxon.AG,1450.0,0.2781511545181274,0.8795594797543117,-0.597250812962316,0.5726301997789921
I20668.AG,UnitedKingdom,England_EarlyMedieval_Saxon.AG,1450.0,0.695109486579895,0.8921978252364019,-0.6369185624453764,0.6773642618129618
I20669.AG,UnitedKingdom,England_EarlyMedieval_Saxon.AG,1450.0,0.2122353911399841,0.9306307627064827,-0.5736428810011835,0.5891718718385159
I20670.AG,UnitedKingdom,England_EarlyMedieval_Saxon.AG,1450.0,0.6696685552597046,0.9194564877346343,-0.608998012027846,0.6525496408752636
I20671.AG,UnitedKingdom,England_EarlyMedieval_Saxon.AG,1450.0,0.7208269238471985,0.9927799131157355,-0.5319335066661802,0.5540857488443631
I20672.AG,UnitedKingdom,England_EarlyMedieval_Saxon.AG,1450.0,0.1333668082952499,0.9107814112143644,-0.5704762021164601,0.553721153003677
I20673.AG,UnitedKingdom,England_EarlyMedieval_Saxon.AG,1450.0,0.5143254995346069,0.9764273273401612,-0.5477645722396961,0.5946508034865277
I20674.AG,UnitedKingdom,England_EarlyMedieval_Saxon.AG,1450.0,0.6263559460639954,0.9451125497622666,-0.6006021598624363,0.6110299071251272
I20676.AG,UnitedKingdom,England_EarlyMedieval_Saxon.AG,1450.0,0.289544403553009,0.9313621957426044,-0.5862074993984441,0.5975080662113802
I20677.AG,UnitedKingdom,England_EarlyMedieval_Saxon.AG,1450.0,0.7446393370628357,0.9846112527952924,-0.5805374580074957,0.6872228728353692
I20678.AG,UnitedKingdom,England_EarlyMedieval_Saxon.AG,1450.0,0.612994372844696,0.9063672470585441,-0.6168259003905704,0.5791870178195961
I20679.AG,UnitedKingdom,England_EarlyMedieval_Saxon.AG,1450.0,0.7356045842170715,0.8820853584131696,-0.638882189392038,0.5395026480762732
I20680.AG,UnitedKingdom,England_EarlyMedieval_Saxon.AG,1450.0,0.7009617686271667,0.9782768297536839,-0.5945641151666582,0.5797558313937586
I20736.AG,Spain,Spain_LBA_1d.rel.I23440.I23441.AG,3100.0,0.0830753594636917,-1.143933776437019,0.10072509336598422,-1.2519332363170976
I20740.AG,Spain,Spain_LBA.AG,3100.0,0.1911780387163162,-1.1362786275510801,0.05831990380553893,-1.2598784911024217
I20766.AG,Hungary,Hungary_IA_Scythian.AG,2100.0,0.1849226206541061,0.5266697819715711,-0.09997692008896487,-1.1117590597227174
I20798.AG,Hungary,Hungary_Transtisza_LateEarlyAvar.AG,1200.0,0.7214425206184387,0.5217137610353111,-0.06640439820391048,-0.971814728831519
I20799.AG,Hungary,Hungary_Transtisza_LateEarlyAvar.AG,1200.0,0.727543830871582,0.6218994645963074,-0.17003195995117512,-1.0727399991314268
I20800.AG,Hungary,Hungary_Transtisza_EarlyAvar.AG,1325.0,0.7390943765640259,0.6603639967079036,-0.08966227380052556,-0.9498641560672626
I20801.AG,Hungary,Hungary_Transtisza_EarlyAvar.AG,1325.0,0.6833593845367432,0.549927450912702,-0.07538595101910975,-1.015823082610317
I20802.AG,Hungary,Hungary_Transtisza_Roman_Sarmation.AG,1700.0,0.7351917624473572,0.4703829307707302,-0.09842840008097684,-1.0863024809595596
I20806.AG,Romania,Romania_C_Bodrogkeresztur.AG,5900.0,0.7528631091117859,-0.4104645628266449,0.20042046816429188,-0.0179605426725198
I20809.AG,Romania,Romania_C_Bodrogkeresztur.AG,6147.0,0.7410002946853638,-0.3998282102879053,0.17997980483210838,0.006622415558121082
I20810.AG,Romania,Romania_C_Bodrogkeresztur.AG,5900.0,0.7189510464668274,-0.38429678752153434,0.20400854574509858,-0.028471861462334835
I20815.AG,France,France_GrandEst_IA2.AG,2200.0,0.3614511787891388,-0.3271524501853861,-0.009583428408575822,-0.4587262116976625
I20817.AG,France,France_GrandEst_IA2.AG,2200.0,0.6944241523742676,-0.291518740656677,-0.02419173997962981,-0.4391219928391729
I20827.AG,France,France_GrandEst_IA2.AG,2200.0,0.4269525110721588,-0.31664721156556175,-0.02460914624704725,-0.4361300175035893
I20982.AG,UnitedKingdom,England_MIA_LIA.AG,2176.0,0.6230088472366333,0.9040210254798474,-0.6057642331774377,0.6396682862359807
I20983.AG,UnitedKingdom,England_MIA_LIA.AG,2176.0,0.5582284927368164,0.9190319543307868,-0.6971860423408751,0.5893807843556382
I20984.AG,UnitedKingdom,England_MIA_LIA.AG,2176.0,0.6242659091949463,0.9771807125905131,-0.6662092065970264,0.5952625079177393
I20985.AG,UnitedKingdom,England_MIA_LIA.AG,2176.0,0.5289449691772461,0.9330798259140451,-0.6127128169598685,0.6527211460322531
I20986.AG,UnitedKingdom,England_MIA_LIA.AG,2176.0,0.593033492565155,0.9726283728225971,-0.6715179487009317,0.572962949001603
I20987.AG,UnitedKingdom,England_MIA_LIA.AG,2176.0,0.3770252168178558,0.9215302073980575,-0.6135381500976499,0.5675125760124273
I20988.AG,UnitedKingdom,England_MIA_LIA.AG,2225.0,0.6343493461608887,0.9537217455055252,-0.6679318502075821,0.6895927362956112
I20989.AG,UnitedKingdom,England_MIA_LIA.AG,2173.0,0.6610952019691467,0.8918584061936417,-0.6882480808164695,0.6794535054511303
I20990.AG,UnitedKingdom,England_MIA.AG,2220.0,0.4933913946151733,0.9627470788562464,-0.642107514612433,0.638935502606233
I20997.AG,UnitedKingdom,England_C_EBA.AG,4075.0,0.5395579934120178,0.9178834313967591,-0.6058730523307277,0.51062551590997
I21178.AG,UnitedKingdom,England_MIA.AG,2250.0,0.730285108089447,0.8499042125446514,-0.6127044754090617,0.6929295014420397
I21179.AG,UnitedKingdom,England_MIA.AG,2228.0,0.7289339303970337,0.9388853932863377,-0.6841498835037128,0.5538192044217424
I21180.AG,UnitedKingdom,England_MIA.AG,2267.0,0.7568063139915466,0.9560253244130602,-0.5268900484768061,0.6771262385029738
I21181.AG,UnitedKingdom,England_MIA.AG,2250.0,0.7544527053833008,0.9493950014776253,-0.6083338184902437,0.6014651661134381
I21182.AG,UnitedKingdom,England_MIA.AG,2250.0,0.7428559064865112,0.9529281202417001,-0.5517240187907851,0.6379371593506158
I21271.AG,UnitedKingdom,England_MIA_LIA.AG,2200.0,0.758907675743103,0.9198183671800043,-0.6679858132127637,0.682404906519538
I21272.AG,UnitedKingdom,England_MIA_LIA.AG,2200.0,0.6682540774345398,0.9569460442325834,-0.5580376268528041,0.520033666753948
I21274.AG,UnitedKingdom,England_MIA_LIA.AG,2200.0,0.7431203126907349,0.9594158879416986,-0.6461688361563556,0.6471964803588617
I21277.AG,UnitedKingdom,England_MIA.AG,2225.0,0.7280612587928772,0.9919885606016264,-0.6416872099713514,0.696311288981892
I21293.AG,UnitedKingdom,England_MIA.AG,2263.0,0.5177358388900757,0.9282346473121129,-0.6178478318829422,0.6182286153487604
I21302.AG,UnitedKingdom,England_LIA.AG,1922.0,0.652949333190918,0.9916872471769078,-0.6285998201336691,0.6049456383632095
I21303.AG,UnitedKingdom,England_LIA.AG,1995.0,0.4062179327011108,0.9219542910195792,-0.6201743203224664,0.6291658517203831
I21305.AG,UnitedKingdom,England_IA.AG,2300.0,0.2205734997987747,0.9482481301405137,-0.5430296164980525,0.5843783930398075
I21306.AG,UnitedKingdom,England_LIA.AG,2147.0,0.4219533801078796,0.9338408676583507,-0.6224387861533109,0.603468475957736
I21307.AG,UnitedKingdom,England_MIA_LIA.AG,2117.0,0.3105092942714691,0.9224061613014962,-0.5986571852958312,0.5837745965620269
I21308.AG,UnitedKingdom,England_MIA_LIA.AG,2058.0,0.3313857913017273,0.8761710170945324,-0.5937465190622555,0.6358143861050043
I21309.AG,UnitedKingdom,England_MIA_LIA.AG,2165.0,0.7181392312049866,1.0177250373465514,-0.6213494080673336,0.6842546453288099
I21310.AG,UnitedKingdom,England_MIA_LIA.AG,2115.0,0.6887105107307434,1.011540005081309,-0.48544792431078193,0.6411274894833465
I21311.AG,UnitedKingdom,England_MIA_LIA.AG,2078.0,0.6888710856437683,1.0021189122524092,-0.5241580452296013,0.595160306830908
I21312.AG,UnitedKingdom,England_MIA_LIA.AG,2096.0,0.6680983901023865,0.9901524136637001,-0.5032336627415187,0.5601545712605043
I21313.AG,UnitedKingdom,England_MIA_LIA.AG,2165.0,0.6910073161125183,1.0058184903004102,-0.6210163686259544,0.5228359750512346
I21314.AG,UnitedKingdom,England_MIA_LIA.AG,2095.0,0.6834266781806946,0.994531679298749,-0.6977852686656991,0.6992031589820897
I21315.AG,UnitedKingdom,England_LIA.AG,2043.0,0.0756407305598259,0.9191442719129,-0.6305821071527409,0.6497559615131967
I21390.AG,UnitedKingdom,England_N_Megalithic.AG,5630.0,0.7104945182800293,0.806053947641254,-0.5722116131269561,0.6304543090824574
I21399.AG,France,France_GrandEst_IA2.AG,2200.0,0.6103180050849915,-0.3299924892967122,-0.03047180847802592,-0.4548656417405311
I21402.AG,France,France_GrandEst_IA2.AG,2200.0,0.7265105843544006,-0.2851897728948589,-0.03596092744016562,-0.4821126149228176
I21403.AG,France,France_GrandEst_IA2_father.or.son.I21399.AG,2200.0,0.20492485165596,-0.2739968860223546,-0.007028155400435076,-0.4825954428723725
I21714.AG,Hungary,Hungary_MN_AVK.AG,7060.0,0.7662320137023926,0.46747366814227465,-0.23836043785039246,-1.0896217544774283
I21763.AG,Hungary,Hungary_MN_AVK.AG,7075.0,0.5654125213623047,0.5797089851419343,-0.17133546338313319,-1.1029187518282328
I21764.AG,Hungary,Hungary_MN_AVK.AG,7075.0,0.1427389681339264,0.5080320519457983,-0.12368687747956811,-1.0200884206972238
I21765.AG,Hungary,Hungary_MN_AVK.AG,7075.0,0.2727505564689636,0.5941092544133012,-0.09255894261901944,-1.0476547919698271
I21766.AG,Hungary,Hungary_MN_AVK.AG,7075.0,0.0687746182084083,0.5634206787152467,-0.12301044533636703,-1.049634068409191
I21767.AG,Hungary,Hungary_MN_AVK.AG,7075.0,0.4006551504135132,0.5826684088252426,-0.09462887211167041,-0.9750646670360874
I21768.AG,Hungary,Hungary_MN_AVK.AG,7075.0,0.2778251469135284,0.5423130165048958,-0.11178836160905548,-1.027120608590924
I21769.AG,Hungary,Hungary_MN_AVK.AG,7075.0,0.3450247347354889,0.5447398071428098,-0.12692881147686308,-1.008847615832174
I21770.AG,Hungary,Hungary_MN_AVK_oLevant.AG,6897.0,0.104570671916008,0.591184308713648,-0.08073986522511344,-1.0172117335411521
I21771.AG,Hungary,Hungary_MN_AVK.AG,7075.0,0.0788134410977363,0.49823917785632665,-0.10548468451985021,-0.9899438438921085
I21824.AG,Hungary,Hungary_MN_AVK_sister.I11933.AG,7075.0,0.3182204961776733,0.5463691526506472,-0.104204966245093,-1.1142660551142027
I21825.AG,Hungary,Hungary_MN_AVK_son.I21826.son.I18658.AG,7140.0,0.615347146987915,0.6019774643571268,-0.13289706198518278,-0.9494645223012413
I21826.AG,Hungary,Hungary_MN_AVK.AG,7125.0,0.6664049625396729,0.6206093953941236,-0.05149523132432311,-1.0124522280480142
I21827.AG,Hungary,Hungary_MN_AVK.AG,7075.0,0.6335448026657104,0.4591974325416592,-0.12731658308165655,-1.1260841775225918
I21828.AG,Hungary,Hungary_N_LateAVK.AG,6894.0,0.5723273158073425,0.5085987531428962,-0.1700947036308251,-1.1680808678115522
I21829.AG,Hungary,Hungary_N_LBK.AG,7254.0,0.6093569397926331,0.5300720253105928,-0.14406902967197818,-0.9779002047085523
I21830.AG,Hungary,Hungary_N_LateAVK.AG,6928.0,0.6023991703987122,0.5395852117832725,-0.10945517194313392,-1.0352828570390502
I21840.AG,Hungary,Hungary_MN_AVK.AG,7075.0,0.6155328154563904,0.5644770404251721,-0.11822118313352521,-1.044332794501243
I21841.AG,Hungary,Hungary_MN_AVK_brother.I21843.AG,7177.0,0.6856116056442261,0.5639991657025367,-0.05091716437012489,-1.0111747125287112
I21842.AG,Hungary,Hungary_MN_AVK.AG,7075.0,0.710137665271759,0.5671942201531643,-0.16535824434626265,-0.9405505130838628
I21843.AG,Hungary,Hungary_MN_AVK.AG,7150.0,0.7632863521575928,0.5290712391399361,-0.15471660320910194,-0.9828617019429127
I21844.AG,Hungary,Hungary_MN_AVK.AG,7075.0,0.5897083282470703,0.6047972024996995,-0.12209232648318497,-1.0294010142672925
I21846.AG,Hungary,Hungary_MN_AVK.AG,7075.0,0.5556713342666626,0.5938210021107433,-0.12162612360381854,-1.1203588974674725
I21847.AG,Hungary,Hungary_MN_AVK.AG,7065.0,0.7163549661636353,0.5361849352009557,-0.13354246319721044,-0.9818517355879416
I21897.AG,Hungary,Hungary_MN_AVK.AG,7092.0,0.7768928408622742,0.6010979263325021,-0.07820378014952614,-1.122514493012624
I21898.AG,Hungary,Hungary_MN_AVK_oHG1.AG,7273.0,0.7945868968963623,0.3535970923519554,-0.1301519294512727,-1.1889216105182272
I21899.AG,Hungary,Hungary_MN_AVK.AG,7075.0,0.7253232598304749,0.4959211653516454,-0.08158561250725255,-1.0196085466803584
I21901.AG,Hungary,Hungary_MN_AVK.AG,7150.0,0.6328684091567993,0.604640107995983,-0.03918914578819375,-0.9866754004063156
I21902.AG,Hungary,Hungary_MN_AVK_son.I21898.brother.I18660.AG,7239.0,0.7407326698303223,0.6167562026334247,-0.15312547083948588,-1.1124676888794507
I21906_d.AG,Romania,Romania_EN_Cris.AG,7510.0,0.3423775732517242,-0.3819057808511332,0.1863772328694172,0.006400014026764416
I21931.AG,France,France_GrandEst_IA2.AG,2200.0,0.2573873996734619,-0.2901082232329743,-0.03364470595696002,-0.45552092574409103
I22052.AG,UnitedKingdom,England_EastYorkshire_MIA_LIA.AG,2104.0,0.6804372668266296,1.0085805327456023,-0.6524876443033907,0.6698687322511008
I22055.AG,UnitedKingdom,England_EastYorkshire_MIA.AG,2237.0,0.6779060959815979,0.9330699317887277,-0.5697618397923199,0.6042875312329435
I22056.AG,UnitedKingdom,England_EastYorkshire_MIA.AG,2238.0,0.6641049385070801,1.0155102327711294,-0.6587674353271891,0.6872177826174882
I22057.AG,UnitedKingdom,England_EastYorkshire_LIA.AG,1970.0,0.668090283870697,0.9342845767381034,-0.487866528425925,0.5326864758588372
I22060.AG,UnitedKingdom,England_EastYorkshire_MIA_LIA.AG,2074.0,0.7158432006835938,0.9794413789469425,-0.6831398050861129,0.6151884140624957
I22062.AG,UnitedKingdom,England_EastYorkshire_LIA.AG,1930.0,0.6827681660652161,0.9204697436060771,-0.6723321032266102,0.561204267659964
I22064.AG,UnitedKingdom,England_EastYorkshire_LIA.AG,1971.0,0.6540685296058655,0.9330889189185172,-0.6519794969606104,0.6163619951492132
I22065.AG,UnitedKingdom,England_EastYorkshire_MIA_LIA.AG,2149.0,0.6978758573532104,1.0127473160115885,-0.5988222022352451,0.5980563612116148
I22933.AG,Slovenia,Slovenia_EIA.AG,2625.0,0.2645998001098633,2.572870664617059,0.5940092173780238,0.4907836198925932
I22934.AG,Slovenia,Slovenia_EIA_father.I22935.I5684.I5685.I5686.AG,2625.0,0.1141009852290153,2.5923660016720147,0.6006713735448057,0.4802787552079834
I22935.AG,Slovenia,Slovenia_EIA_son.I22934.brother.I5684.brother.I5685.brother.I5686.AG,2625.0,0.5629470348358154,2.574084210590409,0.5917296687234479,0.48966439113881094
I22937.AG,Slovenia,Slovenia_EIA.AG,2446.0,0.1667719632387161,2.567352534891221,0.5991709409757698,0.4757722537445127
I22938.AG,Slovenia,Slovenia_EIA.AG,2425.0,0.7637048363685608,2.5739582250367588,0.591035372370015,0.4998576221561824
I22940.AG,Slovenia,Slovenia_EIA.AG,2425.0,0.4671151041984558,2.5692163210491117,0.6047527011990748,0.475657514368779
I23093.AG,Hungary,Hungary_MN_AVK.AG,7075.0,0.7183744311332703,0.5754024204914033,-0.042254301487721795,-0.9661111129674816
I23094.AG,Hungary,Hungary_MN_AVK.AG,7112.0,0.708896815776825,0.5482895865869877,-0.0716423087173775,-0.9823472891480136
I23205.AG,Serbia,Serbia_Mokrin_EBA_Maros.AG,3900.0,0.726286768913269,-0.26934593652283545,0.8674661313985836,-0.06780867324738232
I23206.AG,Serbia,Serbia_Mokrin_EBA_Maros.AG,3900.0,0.7380424737930298,-0.3175921391322265,0.8573643201750124,-0.0843542223567724
I23207.AG,Serbia,Serbia_Mokrin_EBA_Maros.AG,3900.0,0.7300418019294739,-0.31049779306791475,0.8705766283366163,-0.08951755748077443
I23208.AG,Serbia,Serbia_Mokrin_EBA_Maros.AG,3900.0,0.5259295701980591,-0.27797817297797295,0.8413855299798867,-0.07865288464543223
I23209.AG,Serbia,Serbia_BA_Maros.AG,3900.0,0.713341236114502,-0.2904548857502603,0.9285377751116546,-0.10061828465313385
I23210.AG,Serbia,Serbia_BA_Maros.AG,3900.0,0.710035502910614,-0.25766348046778936,0.8563689660846056,-0.09786615331419382
I23211.AG,Serbia,Serbia_BA_Maros.AG,3900.0,0.718680202960968,-0.3117608632482299,0.9393196413239657,-0.0806755422741422
I23212.AG,Serbia,Serbia_Mokrin_EBA_Maros.AG,3900.0,0.713411808013916,-0.3278748947565748,0.9541679645984179,-0.09244591953200419
I23569.AG,Spain,Spain_EBA.AG,4037.0,0.09560077637434,-1.1451702906797283,0.13905686724078814,-1.25221749323767
I23904.AG,Croatia,Croatia_EIA.AG,2642.0,0.6884769201278687,-0.22155848824267055,-0.21969623566476532,0.6348802864539456
I23911.AG,Croatia,Croatia_EIA.AG,2765.0,0.693625271320343,-0.22441472652604474,-0.23376391356977846,0.6031811138847667
I23971.AG,Slovenia,Slovenia_EIA.AG,2636.0,0.4821717143058777,2.583681705831993,0.5977315830824926,0.481635765377845
I23974.AG,Slovenia,Slovenia_LBA_EIA.AG,2600.0,0.4636812508106231,2.583310172587318,0.590887592288635,0.48609596984004233
I23978.AG,Slovenia,Slovenia_EIA.AG,2459.0,0.6268482208251953,2.5784043926101226,0.5977002483819788,0.4728295147603319
I23995.AG,Croatia,Croatia_EIA.AG,2729.0,0.6857113242149353,-0.2769077252583944,-0.21872444756169973,0.6883831703804842
I23996.AG,Croatia,Croatia_EIA.AG,2744.0,0.6418123841285706,-0.21834943084947883,-0.23265319820534677,0.6839985842912745
I24015.AG,Austria,Austria_N_LBK.AG,7100.0,0.722710132598877,0.09354808549363096,-0.19811217758550842,-0.1528979052007625
I24016.AG,Austria,Austria_N_LBK_brother.I30411.AG,6896.0,0.2583833336830139,0.06332454065659261,-0.2314821109733826,-0.1578431877515847
I24017.AG,Austria,Austria_N_LBK.AG,7100.0,0.7086251378059387,0.10603802444346826,-0.231126095801614,-0.14356215679782255
I24018.AG,Austria,Austria_N_LBK.AG,7111.0,0.734241247177124,0.046400249958968146,-0.20770980348655535,-0.12340290251148245
I24021.AG,Austria,Austria_N_LBK.AG,7100.0,0.6892352104187012,0.07368894199832117,-0.21319559039226083,-0.11037397162105016
I24022.AG,Austria,Austria_N_LBK.AG,7100.0,0.7204474210739136,0.0682034522428983,-0.2059464422427374,-0.13356370496986555
I24023.AG,Austria,Austria_N_LBK.AG,7100.0,0.7230629324913025,0.09261957662027354,-0.1994903039682498,-0.14621896677486643
I24024.AG,Austria,Austria_N_LBK.AG,7100.0,0.182927519083023,0.03615977827437004,-0.20780515382290507,-0.14174929855685398
I24026.AG,Austria,Austria_N_LBK.AG,7091.0,0.0997953787446022,0.08278254264479736,-0.20253303926029764,-0.1513022184763109
I24027.AG,Austria,Austria_N_LBK.AG,7100.0,0.118528351187706,0.08278993839964957,-0.21476359718036978,-0.1376155308483394
I24268.AG,Austria,Austria_N_LBK.AG,7100.0,0.7064443230628967,0.11577475041574407,-0.2200579837860765,-0.15003189085392302
I24269.AG,Austria,Austria_N_LBK.AG,7100.0,0.6821907162666321,0.0805629126412417,-0.23087211042159095,-0.13805463922862338
I24270.AG,Austria,Austria_N_LBK.AG,7100.0,0.6057989597320557,0.09340717635143324,-0.21348691680014828,-0.15342717557803098
I24271.AG,Austria,Austria_N_LBK.AG,7100.0,0.4259930849075317,0.08030890393542212,-0.22990869045440565,-0.13799440843268973
I24272.AG,Austria,Austria_N_LBK.AG,7100.0,0.7029430866241455,0.08748953114876307,-0.20270741796993416,-0.1336489347543449
I24275.AG,Austria,Austria_N_LBK.AG,7100.0,0.6292812824249268,0.0821387992947457,-0.22361225204584714,-0.14214822452263454
I24278.AG,Austria,Austria_N_LBK.AG,7100.0,0.6335821151733398,0.08570016994528437,-0.2105168426844167,-0.14480783295236346
I24279.AG,Austria,Austria_N_LBK.AG,7100.0,0.5737709403038025,0.0944095908492538,-0.21703123667156338,-0.1539645060064445
I24281.AG,Austria,Austria_N_LBK.AG,7026.0,0.6567635536193848,0.08273836488890299,-0.22091636604904108,-0.15199238100164766
I24282.AG,Austria,Austria_N_LBK.AG,7528.0,0.5024569630622864,0.08760443283866647,-0.23418278985647026,-0.13906864597585158
I24283.AG,Austria,Austria_N_LBK.AG,7100.0,0.594723641872406,0.08532755117537683,-0.21528158734170888,-0.14026907703489025
I24285.AG,Austria,Austria_N_LBK.AG,7100.0,0.503831684589386,0.08560817742988361,-0.22242555355316423,-0.13416633145819826
I24286_d.AG,Austria,Austria_N_LBK.AG,7100.0,0.0911531373858451,0.10876302989874262,-0.20644418817571755,-0.14664234994404426
I24289.AG,Austria,Austria_N_LBK.AG,7100.0,0.6824372410774231,0.10077374925227639,-0.20893906264502943,-0.14115544542795833
I24295.AG,Slovakia,Slovakia_N_ZeliezovceGroup.AG,7050.0,0.1791773438453674,0.5568701235421386,-0.8149944603322218,0.32492010936480914
I24342.AG,Croatia,Croatia_MBA.AG,3410.0,0.7127751111984253,-0.2432482572909455,-0.213356165775839,0.611776466717259
I24345.AG,Croatia,Croatia_LBA_EIA.AG,2900.0,0.0516353026032447,-0.22423753366448942,-0.20437528917623776,0.5990835250838386
I24638.AG,Croatia,Croatia_EIA.AG,2658.0,0.6755508780479431,-0.23404429497703158,-0.22139287714513475,0.655318510601451
I24639.AG,Croatia,Croatia_EIA.AG,2658.0,0.6814461946487427,-0.21073248779391782,-0.23489229501342038,0.6254307484010195
I24868.AG,Slovakia,Slovakia_N_ZeliezovceGroup.AG,7041.0,0.3419201672077179,0.5137379467832323,-0.8225786721490362,0.34015859696820866
I24879.AG,Croatia,Croatia_EIA.AG,2599.0,0.6888102293014526,-0.20043869105905254,-0.24500564795646854,0.715940775868801
I24882.AG,Croatia,Croatia_EIA.AG,2599.0,0.7080866098403931,-0.21599651962899602,-0.21685205442022826,0.6572515033433077
I24886.AG,Austria,Austria_N_LBK.AG,7100.0,0.7162706255912781,0.10640690555607148,-0.22451531349249654,-0.15070538590005578
I24887.AG,Austria,Austria_N_LBK.AG,7100.0,0.7184068560600281,0.04751605294827698,-0.20362937611140025,-0.14077375383655183
I24888.AG,Austria,Austria_N_LBK.AG,7181.0,0.6904379725456238,0.07801629820009,-0.2131845464359912,-0.16040077323733015
I24889.AG,Austria,Austria_N_LBK.AG,7187.0,0.7083550691604614,0.11643908940111035,-0.19084148200950243,-0.13135590158028623
I24890.AG,Austria,Austria_N_LBK.AG,7100.0,0.6935352683067322,0.08362853091807798,-0.23860038815188045,-0.14293370175163353
I24892.AG,Austria,Austria_N_LBK_father.or.son.I24280.AG,6904.0,0.7105472683906555,0.0948003554899125,-0.20515222072445394,-0.15168944757302716
I24893.AG,Austria,Austria_N_LBK.AG,7050.0,0.7508606910705566,0.08625901349836539,-0.20213035510355962,-0.15224723891748607
I24894.AG,Austria,Austria_N_LBK.AG,7100.0,0.6738144755363464,0.07566598164274649,-0.21778787405031352,-0.13575438019370745
I24895.AG,Austria,Austria_N_LBK.AG,7100.0,0.6554408073425293,0.08209318581414511,-0.20527757410700448,-0.15450009682682694
I24896.AG,Austria,Austria_N_LBK.AG,7100.0,0.7217710018157959,0.11145556072597018,-0.22219560020757492,-0.14941880596790558
I24897.AG,Austria,Austria_N_LBK.AG,7100.0,0.6080235838890076,0.0783252751593129,-0.21365252256639872,-0.15912124309707001
I24900.AG,Austria,Austria_N_LBK.AG,7100.0,0.6754868030548096,0.08843062344415178,-0.2003844401600967,-0.1689270670290627
I24901.AG,Austria,Austria_N_LBK.AG,7100.0,0.7092772126197815,0.09809595398251879,-0.25155593791099407,-0.15410744417235975
I24902.AG,Austria,Austria_N_LBK.AG,7100.0,0.7331658005714417,0.07035602653837732,-0.22080664739665873,-0.14173171808003027
I24903.AG,Austria,Austria_N_LBK.AG,7100.0,0.7171432971954346,0.04054487485516755,-0.262002591366742,-0.11362560487622603
I24904.AG,Austria,Austria_N_LBK.AG,7100.0,0.7395331859588623,0.07083908651981734,-0.2183629345039609,-0.1356468921401111
I24905.AG,Austria,Austria_N_LBK.AG,7100.0,0.7022504806518555,0.05812823557060896,-0.22303498092105897,-0.13391049434316515
I24906.AG,Austria,Austria_N_LBK_sister.I25332.AG,7100.0,0.7264570593833923,0.0924103479503663,-0.2139905891930058,-0.14189045913829917
I24907.AG,Austria,Austria_N_LBK.AG,7100.0,0.3525623679161072,0.07345400756456759,-0.22388978027262135,-0.15018531054938858
I25175.AG,Slovakia,Slovakia_N_LBK.AG,7100.0,0.447842001914978,0.5372928782276684,-0.8044262046948089,0.3089226778248716
I25176.AG,Slovakia,Slovakia_N_LBK.AG,7100.0,0.2605065703392029,0.5453779364986047,-0.8244981953761434,0.3315122644101324
I25201.AG,Slovakia,Slovakia_N_LBK.AG,7100.0,0.1244480013847351,0.5403224500270374,-0.8147275887803362,0.3305623122346794
I25323.AG,Austria,Austria_N_LBK.AG,7100.0,0.0855481624603271,0.09617402346744662,-0.2709696985438461,-0.1452862150084829
I25349.AG,Austria,Austria_N_LBK.AG,6981.0,0.0685086026787757,0.07922606046613993,-0.22702186229212692,-0.14307853758391442
I25504.AG,Hungary,Hungary_LBA.AG,2875.0,0.7640690207481384,0.5817477203448471,-0.2605653460545504,-1.1602822001803836
I25505.AG,Hungary,Hungary_LBA.AG,2911.0,0.414710134267807,0.5755327221665492,-0.05799178676576013,-1.049488757640152
I25507.AG,Hungary,Hungary_EIA.AG,2841.0,0.6763675808906555,0.5219228834242798,-0.09423474503025442,-1.0815208467990505
I25508.AG,Hungary,Hungary_EIA.AG,2809.0,0.7299501299858093,0.5575843655835663,-0.09559132527877535,-0.9880208540311566
I25509.AG,Hungary,Hungary_IA_LaTene_o3.AG,2131.0,0.723285973072052,0.6087537415251669,-0.07105699248490312,-1.0770955046153698
I25510.AG,Hungary,Hungary_IA_LaTene.AG,2150.0,0.6892254948616028,0.56228854817087,-0.16107265509420352,-1.0818720739761003
I25512.AG,Hungary,Hungary_IA_LaTene.AG,2150.0,0.2653767764568329,0.5363930594804746,-0.10753444415597982,-1.0013235135415544
I25516.AG,Hungary,Hungary_IA_LaTene.AG,2150.0,0.1590996980667114,0.533376525144651,-0.1469613831130111,-0.9922805024808015
I25518.AG,Hungary,Hungary_IA_LaTene.AG,2150.0,0.3893259763717651,0.6115096108872565,-0.10694028887379073,-1.0680776808542358
I25519.AG,Hungary,Hungary_IA_LaTene.AG,2150.0,0.7139389514923096,0.581673496088068,-0.12703444177011308,-0.9897784415518576
I25522.AG,Hungary,Hungary_IA_LaTene.AG,2150.0,0.7173209190368652,0.6275627181749363,-0.13312557510316297,-1.0489382043492315
I25524.AG,Hungary,Hungary_IA_LaTene_o3.AG,2218.0,0.6940972805023193,0.6093288883635222,-0.1625519480804431,-1.101773644423348
I25525.AG,Hungary,Hungary_EIA_o3.AG,2550.0,0.6731380820274353,0.6292939272524766,-0.10564268594516023,-1.105249586839811
I26628.AG,UnitedKingdom,ChannelIslands_EIA.AG,2549.0,0.2071219086647033,0.8873385178123993,-0.6700160770885084,0.5964242180595586
I26629.AG,UnitedKingdom,ChannelIslands_LIA_LaTene.AG,1990.0,0.111582763493061,0.9369934165274318,-0.5881707381429805,0.5671416148422588
I26702.AG,Croatia,Croatia_Roman_EarlyImperial_brother.I26708.AG,1850.0,0.7509969472885132,-0.22976352185183607,-0.21853698729796586,0.601680945690733
I26703.AG,Croatia,Croatia_Roman_EarlyImperial_o3.AG,1850.0,0.7498525977134705,-0.23039347390732787,-0.2095930408263256,0.6117860216332895
I26704.AG,Croatia,Croatia_Roman_EarlyImperial.AG,1850.0,0.7459669709205627,-0.21762292512829656,-0.19421500352616733,0.6905322937373068
I26705.AG,Croatia,Croatia_Roman_EarlyImperial_o1.AG,1850.0,0.5837326645851135,-0.2302538737360555,-0.22124500227600843,0.6906409490881431
I26707.AG,Croatia,Croatia_Roman_EarlyImperial.AG,1850.0,0.7363401651382446,-0.27284908438376365,-0.19233804944014243,0.6330779414110129
I26708.AG,Croatia,Croatia_Roman_EarlyImperial.AG,1850.0,0.7509928941726685,-0.24007548885182414,-0.21360911838208452,0.671902615237499
I26709.AG,Croatia,Croatia_Roman_LateImperial_oLevant.AG,1500.0,0.7502288818359375,-0.177352870487458,-0.2527357627246819,0.6086211186754301
I26718.AG,Croatia,Croatia_Roman_LateImperial.AG,1700.0,0.309823989868164,-0.23544442359767723,-0.21587508445261808,0.6057251843337533
I26719.AG,Croatia,Croatia_Roman_LateImperial_oEurope.AG,1700.0,0.4673008322715759,-0.22077389515928775,-0.22086082419235914,0.6412095982455058
I26738.AG,Croatia,Croatia_MN.AG,7125.0,0.55824875831604,-0.18374225708874098,-0.2131811903020827,0.5736694656298911
I26741.AG,Croatia,Croatia_MN_Sopot.AG,6585.0,0.7509750723838806,-0.18505070517980218,-0.22487432784520028,0.6081551128410537
I26742.AG,Croatia,Croatia_LBA_EIA.AG,2650.0,0.8029899001121521,-0.2072018483725603,-0.21369134695562042,0.6282477673206754
I26745.AG,Croatia,Croatia_EarlyMedieval_EarlySlav.AG,1226.0,0.732178807258606,-0.23901938840360118,-0.2171770664634573,0.5808191060875154
I26746.AG,Croatia,Croatia_EarlyMedieval_EarlySlav_oAegean.AG,1249.0,0.7690178155899048,-0.2542918437276794,-0.22803155277473208,0.6313929431447791
I26747.AG,Croatia,Croatia_EarlyMedieval_EarlySlav.AG,1227.0,0.7524518966674805,-0.23577377726604196,-0.2566652502912327,0.6056097667131507
I26748.AG,Croatia,Croatia_EarlyMedieval.AG,1112.0,0.7308893203735352,-0.2662587323743275,-0.17246841796307485,0.6078021571527883
I26749.AG,Croatia,Croatia_EarlyMedieval_oAegean.AG,1118.0,0.6459388732910156,-0.2117589216225826,-0.2231370879337047,0.61012748652974
I26750.AG,Croatia,Croatia_OsijekTrg_Roman_LateImperial.AG,1700.0,0.7490488886833191,-0.22530393926631362,-0.21610917042005984,0.6227768862699783
I26751.AG,Croatia,Croatia_OsijekTrg_Roman_LateImperial.AG,1700.0,0.6646475195884705,-0.2200142685850138,-0.23265524651286512,0.6768053354111285
I26752.AG,Croatia,Croatia_OsijekTrg_Roman_LateImperial.AG,1700.0,0.7693884968757629,-0.23048938674619882,-0.24617404967063655,0.6414302050343231
I26753.AG,Croatia,Croatia_OsijegTrg_Roman_LateImperial_oLevant.AG,1700.0,0.7629205584526062,-0.26580010221282535,-0.18738371859845307,0.6740346310932085
I26754.AG,Croatia,Croatia_OsijekTrg_Roman_LateImperial.AG,1700.0,0.4599440693855285,-0.269511509598239,-0.24317992306561315,0.6727242684748466
I26761.AG,Croatia,Croatia_Roman_LateImperial_oEurope.AG,1575.0,0.113982580602169,-0.22005166408826426,-0.20995234221551132,0.6350222098301058
I26762.AG,Croatia,Croatia_Roman_LateImperial_oEurope.AG,1575.0,0.6945506930351257,-0.23068338565093904,-0.2185563221912172,0.6820241064132557
I26763.AG,Croatia,Croatia_Roman_LateImperial_oEurope.AG,1575.0,0.7793875932693481,-0.20591604279095535,-0.22180117945434982,0.637867279230448
I26764.AG,Croatia,Croatia_SisakPogorelec_Roman_LateImperial.AG,1575.0,0.7741637825965881,-0.22890350103030796,-0.20559446565836248,0.652102366087722
I26765.AG,Croatia,Croatia_LateAntiquity.AG,1250.0,0.765346348285675,-0.22110438883663047,-0.23279504629784228,0.648226856898601
I26766.AG,Croatia,Croatia_LateAntiquity.AG,1250.0,0.7805067896842957,-0.20414054629392472,-0.2143242632046077,0.6313271605522751
I26767.AG,Croatia,Croatia_LateAntiquity.AG,1324.0,0.6985992789268494,-0.25775022482866444,-0.2056417870772344,0.5936627252272588
I26773.AG,Croatia,Croatia_MBA.AG,3325.0,0.6226097941398621,-0.2386171511374496,-0.19621905590578553,0.6647040274662116
I26774.AG,Croatia,Croatia_MBA.AG,3325.0,0.7081709504127502,-0.21309485721907773,-0.20904739632953465,0.5786072385099629
I26775.AG,Croatia,Croatia_Roman_oAfrica.AG,1750.0,0.6816359758377075,-0.23277927909324045,-0.20493384250777527,0.5827652134151574
I26776.AG,Croatia,Croatia_Roman.AG,1650.0,0.5796622037887573,-0.212691578618518,-0.1694500625378427,0.6928449261100784
I26828.AG,Netherlands,Netherlands_MBA.AG,3400.0,0.7308601140975952,0.5317234799152704,0.5587262116447906,-0.19437406606086313
I26829.AG,Netherlands,Netherlands_MBA.AG,3400.0,0.7079665660858154,0.4945656850813402,0.5561933936010316,-0.19468497726185524
I26830.AG,Netherlands,Netherlands_MBA.AG,3429.0,0.7261934876441956,0.5011511675359395,0.5798686530505729,-0.1930835364516234
I26831.AG,Netherlands,Netherlands_MBA.AG,3400.0,0.1695610731840133,0.5066818596752863,0.5751486835698668,-0.2168169895176616
I26832.AG,Netherlands,Netherlands_MBA.AG,3400.0,0.7209340333938599,0.5414373306123028,0.561167994219698,-0.19594912981867482
I26893.AG,Croatia,Croatia_MBA.AG,3325.0,0.7343053221702576,-0.18510052958371068,-0.22852154715470196,0.6373970040122701
I26894.AG,Croatia,Croatia_LateAntiquity.AG,1470.0,0.7424803972244263,-0.2415828037166645,-0.20063937615316432,0.6744588059661012
I26895.AG,Croatia,Croatia_LateAntiquity.AG,1470.0,0.7133955359458923,-0.25368212938305784,-0.1995575146958464,0.7067164935906578
I27295.AG,Croatia,Croatia_Gepidic.AG,1450.0,0.6955181956291199,-0.19514584689033648,-0.24082117699686692,0.6481047792353481
I27296.AG,Croatia,Croatia_Gepidic.AG,1427.0,0.7016763091087341,-0.19419218997427723,-0.20940990718000171,0.6727252854263625
I27297.AG,Croatia,Croatia_Gepidic_oAegean.AG,1540.0,0.7033607959747314,-0.21988452746090612,-0.21615041156831613,0.6178096290938195
I27298.AG,Croatia,Croatia_Gepidic.AG,1450.0,0.6819539070129395,-0.2148933060991918,-0.22578692649112841,0.6673860734297077
I27379.AG,UnitedKingdom,England_LIA.AG,2068.0,0.6466996073722839,0.969506787685655,-0.6076357214286613,0.7179272302862141
I27380.AG,UnitedKingdom,England_EBA_BellBeaker.AG,4228.0,0.7193200588226318,0.9413243020162301,-0.6029710110463787,0.5645388817173123
I27381.AG,UnitedKingdom,England_EIA.AG,2487.0,0.717656672000885,1.0232537019223793,-0.6755155085532599,0.6003591601347734
I27382.AG,UnitedKingdom,England_EIA.AG,2592.0,0.73747318983078,0.9636463327578357,-0.6047193776759052,0.5602458312244587
I27383.AG,UnitedKingdom,England_EIA.AG,2522.0,0.7317384481430054,0.899540829130927,-0.603354459031606,0.5969470628679932
I27384.AG,UnitedKingdom,Scotland_LIA.AG,1945.0,0.5971096754074097,0.9040532761795773,-0.6120703886074517,0.5522352638052058
I27385.AG,UnitedKingdom,Scotland_LIA.AG,1916.0,0.7221229672431946,0.9614514406159784,-0.5500418461521098,0.5621069958058066
I27771.AG,Austria,Austria_N_LBK.AG,7025.0,0.2172296643257141,0.06752466898059326,-0.2138477510202008,-0.1567655364114642
I27772.AG,Austria,Austria_N_LBK.AG,7137.0,0.518528163433075,0.08481328698246633,-0.21443545657093757,-0.13130271173272862
I27773.AG,Austria,Austria_N_LBK.AG,7092.0,0.7723065614700317,0.0741801705815385,-0.2218170457330628,-0.14234346634270242
I27774.AG,Austria,Austria_N_LBK.AG,7100.0,0.7567949295043945,0.09990160423199787,-0.2206561301543668,-0.13325354543938983
I27776.AG,Austria,Austria_N_LBK.AG,7006.0,0.2197860032320022,0.08385818872770678,-0.21051910707398658,-0.1353512641809702
I27778.AG,Austria,Austria_N_LBK.AG,7208.0,0.7489855885505676,0.08918268230547856,-0.21575095148044965,-0.16734169196499932
I27780.AG,Austria,Austria_N_LBK.AG,7100.0,0.0673107281327247,0.07969178278345176,-0.2267514974884659,-0.1471311664491914
I27783.AG,Austria,Austria_N_LBK.AG,7100.0,0.7503765225410461,0.07031943348715788,-0.18966071905930948,-0.14830204638204228
I27784.AG,Austria,Austria_N_LBK.AG,7100.0,0.7440530061721802,0.07918252581925464,-0.2589624064778118,-0.1465817782285126
I27785.AG,Austria,Austria_N_LBK.AG,7100.0,0.0568120516836643,0.0770229398350969,-0.2134648894653904,-0.13517960003418264
I27787_d.AG,Austria,Austria_N_LBK_1d.rel.I24906.AG,7100.0,0.2118023037910461,0.09309707430637003,-0.2358966045779122,-0.14025287045175783
I27791.AG,Austria,Austria_N_LBK.AG,7100.0,0.0939381793141365,0.07257328134366643,-0.20620671522199668,-0.13869058272887427
I27793.AG,Austria,Austria_N_LBK.AG,7100.0,0.7713041305541992,0.08385374810258318,-0.2021523940601473,-0.16987349618185366
I27794.AG,Austria,Austria_N_LBK.AG,7100.0,0.7662749886512756,0.11129107077544456,-0.20890472487342984,-0.1254759206948425
I27796.AG,Austria,Austria_N_LBK.AG,7100.0,0.5928372144699097,0.07919223041135946,-0.2193640369214055,-0.13906256987840734
I27805.AG,Austria,Austria_N_LBK.AG,7100.0,0.0782270729541778,0.06910564832685352,-0.20323354895907822,-0.1519442024539495
I28390.AG,Croatia,Croatia_EarlyMedieval_Avar_oNorthEurope.AG,1103.0,0.7082383036613464,-0.19568666774411905,-0.2406389092349663,0.7289236883973268
I28392.AG,Croatia,Croatia_EarlyMedieval_Avar.AG,1150.0,0.7158278226852417,-0.22739589789371828,-0.21236625826970945,0.6584901121552742
I28393.AG,Croatia,Croatia_EarlyMedieval_Avar.AG,1150.0,0.7011823654174805,-0.25076502488109503,-0.20430297863561017,0.6283720642024455
I28397.AG,Croatia,Croatia_EarlyMedieval_Avar.AG,1150.0,0.713153064250946,-0.2527291352610137,-0.23158451077259323,0.659470516992512
I28398.AG,Croatia,Croatia_EarlyMedieval_Avar.AG,1150.0,0.7169478535652161,-0.23205676524664143,-0.2084795535893718,0.655151851920994
I28400.AG,Croatia,Croatia_EarlyMedieval_Avar.AG,1150.0,0.7316460013389587,-0.2181824818158724,-0.19949194932904463,0.6307991723217171
I28425.AG,Croatia,Croatia_EN_Starcevo.AG,7500.0,0.7060501575469971,-0.19813104798579495,-0.21415765488618344,0.6182514951501897
I28426.AG,Croatia,Croatia_EN_Starcevo.AG,7511.0,0.7002594470977783,-0.24098927266893014,-0.24353659638500158,0.5507230238531275
I28427.AG,Croatia,Croatia_EN_Starcevo.AG,7500.0,0.1549651175737381,-0.2519866538641965,-0.21498940674182848,0.6638287672164261
I28446.AG,Croatia,Croatia_LateAntiquity.AG,1575.0,0.6546475887298584,-0.19273253805211005,-0.22519938354169233,0.6307743461116323
I28447.AG,Croatia,Croatia_LateAntiquity.AG,1575.0,0.7275300621986389,-0.22427011373991126,-0.21915501128636916,0.6236327428732084
I28448.AG,Croatia,Croatia_LateAntiquity.AG,1575.0,0.7251343131065369,-0.2696763342043644,-0.23501959418563262,0.5918358690265766
I29876.TW,Hungary,Hungary_EN_Starcevo.TW,7550.0,0.8077781796455383,0.462508171233009,-0.12979566790265684,-0.8025899205876237
I29877.TW,Hungary,Hungary_EN.TW,7940.0,0.8533900380134583,0.4529341746519125,-0.3154231972984849,-0.6507926258595383
I29891.TW,Hungary,Hungary_MN_LBK.TW,6982.0,0.8277771472930908,0.41358104650540195,-0.2615532201148951,-1.0689830208276523
I29957.TW,Hungary,Hungary_MN_ALBK.TW,7100.0,0.7381885051727295,0.501129191301613,-0.026397622495842408,-0.9699152512559972
I29958.TW,Hungary,Hungary_MN_ALBK.TW,7100.0,0.6183195114135742,0.5900859434400577,-0.10460498139881852,-1.035139578198771
I30300.TW,UnitedKingdom,England_N_Megalithic.TW,5575.0,0.8480721712112427,0.8913641827857854,-0.6234321337046426,0.5871481740979461
I32299.TW,Serbia,Serbia_Medieval_Slav.TW,750.0,0.3992528915405273,-0.2715371141431815,0.8477830284729302,-0.09070963189733383
I32300.TW,Serbia,Serbia_Medieval_Slav.TW,750.0,0.4102584421634674,-0.3145908594014329,0.8434477882876832,-0.08511394671084069
I32305.TW,Serbia,Serbia_Roman_AfricanPossible.TW,1850.0,0.7797670960426331,-0.2845901259228002,0.8592021248076455,-0.08193025470576495
I33809.TW,Croatia,Croatia_LateAntiquity_oLevant1.TW,1550.0,0.7816657423973083,-0.28751331397182034,-0.17563088119097234,0.6297852892109881
I33885.TW,Croatia,Croatia_LateAntiquity.TW,1550.0,0.9211832880973816,-0.2480988189427266,-0.17545226767563143,0.7026418447445334
I33886.TW,Croatia,Croatia_LateAntiquity_oAegean.TW,1550.0,0.7281423807144165,-0.253486758254837,-0.21805022759793805,0.644324733422654
I33888.TW,Croatia,Croatia_LateAntiquity.TW,1550.0,0.8997974991798401,-0.2438055350160635,-0.20548180324301252,0.6321306304201745
I33890.TW,Croatia,Croatia_LateAntiquity.TW,1550.0,0.8593705296516418,-0.2294672192075164,-0.1946923155876902,0.6076849453990468
I33893.TW,Croatia,Croatia_LateAntiquity_oLevant1.TW,1550.0,0.8708059191703796,-0.221261447139636,-0.19047269650926169,0.61246593216842
I34290.TW,Croatia,Croatia_LateAntiquity.TW,1550.0,0.1399717628955841,-0.2353878768697261,-0.21917864250787067,0.6310240477418784
I34980.TW,Croatia,Croatia_EarlyMedieval.TW,784.0,0.9337865710258484,-0.22453119297644936,-0.22035781563807383,0.6263444613065144
I35008.TW,Croatia,Croatia_EarlyMedieval.TW,825.0,0.9477248191833496,-0.19333929677545428,-0.2417817320532532,0.5927166694794151
I35009.TW,Croatia,Croatia_LateAntiquity.TW,1650.0,0.8615594506263733,-0.2086103899055723,-0.2012570233148033,0.5991560220051232
I35010.TW,Croatia,Croatia_EarlyMedieval.TW,825.0,0.932450830936432,-0.2143166518074806,-0.23034597672150595,0.5986021745837182
I35012.TW,Croatia,Croatia_EarlyMedieval.TW,825.0,0.9160576462745668,-0.22677412330293803,-0.22298536525363596,0.6399471830231336
I35014.TW,Croatia,Croatia_EarlyMedieval.TW,825.0,0.3041979372501373,-0.2120145247349912,-0.2199041773061227,0.6320957842821606
I35080.TW,Croatia,Croatia_LateAntiquity.TW,1650.0,0.1197505593299865,-0.2377264521195187,-0.21608539427656157,0.646152928968939
I35081.TW,Croatia,Croatia_EarlyMedieval.TW,1190.0,0.9410800933837892,-0.23407572389928286,-0.20781205158414298,0.6437311014951772
I35082.TW,Croatia,Croatia_LateAntiquity.TW,1650.0,0.314471960067749,-0.2575799818925397,-0.21682155593580899,0.6346567965158337
I35095.TW,Croatia,Croatia_EarlyMedieval.TW,825.0,0.9307265877723694,-0.2651876562187814,-0.20835343241960905,0.6348511550249579
I8134.AG,Spain,Spain_MLN.AG,6100.0,0.5699591040611267,-1.1073709268369103,0.058474733653295204,-1.2242845622318388
I10429.AG,Turkey,Turkey_Marmara_Ilipinar_Byzantine1.AG,1250.0,0.1908025294542312,-0.7042388983485511,0.5500115353922428,0.9231215275611145
I1072.AG,Israel,Israel_Natufian.AG,12700.0,0.4931464493274688,-1.405304573140026,0.9354084203053492,1.8720512204579909
I1072_d.AG,Israel,Israel_Natufian_d.AG,12700.0,0.1201698631048202,-1.416108186193308,0.954543168303358,1.916269625108287
I10944.AG,Italy,Italy_Sicily_Himera_480BCE_Sarmatian.AG,2430.0,0.5861414074897766,-0.9603061181947358,0.19883517974198225,0.35373264389483583
I10949.AG,Italy,Italy_Sicily_Himera_480BCE_NEurope.AG,2540.0,0.483537495136261,-0.9754819404676258,0.208327968215906,0.35587131274896155
I11683.AG,Hungary,Hungary_EIA_Prescythian_Mezocsat.AG,2586.0,0.6794608235359192,0.6695408518065521,-0.09813280739728354,-1.0056974709689384
I11843.AG,Croatia,Croatia_MBA_Cetina.AG,3550.0,0.3416054844856262,-0.22672058915549062,-0.20247432813042932,0.6239663712527943
I11902.AG,Romania,Romania_C_Bodrogkeresztur.AG,6112.0,0.7895115613937378,-0.4010599118886804,0.24312031258372985,0.0017940607694577513
I11906.AG,Romania,Romania_C_Bodrogkeresztur.AG,5900.0,0.7085529565811157,-0.39577492750727444,0.19365099942241193,-0.009138887048404388
I11929.AG,Hungary,Hungary_MN_AVK.AG,7075.0,0.6612768769264221,0.5738410613189441,-0.15458275378364078,-1.047813229475082
I11933.AG,Hungary,Hungary_MN_AVK.AG,7075.0,0.7485638856887817,0.4425335503127664,-0.190173774941816,-1.0205163468670844
I11991.AG,UnitedKingdom,England_MIA_LIA.AG,2116.0,0.802702009677887,0.9592112541509564,-0.57954083062392,0.5996630229422859
I11992.AG,UnitedKingdom,England_MIA_LIA.AG,2095.0,0.7823810577392578,0.9195671898306477,-0.5766291846944508,0.6234739303082086
I12171.AG,Spain,Spain_EIA_Tartessian.AG,2608.0,0.3160575032234192,-1.1863370315008535,0.09005302390942319,-1.349923545027036
I12220.AG,Italy,Italy_Sardinia_LateAntiquity.AG,1306.0,0.1943118125200271,-1.0330940416915728,0.20686599302085934,0.4362805695360072
I12314.AG,UnitedKingdom,Scotland_N_lowEEF.AG,5551.0,0.5388888716697693,0.8406585684443005,-0.5513767057444817,0.5611612556465188
I12439.AG,UnitedKingdom,England_N_Megalithic.AG,5600.0,0.7659635543823242,0.9553661240014869,-0.7041462704465808,0.621697425741034
I12610.AG,UnitedKingdom,England_EIA.AG,2586.0,0.0600950680673122,0.9817688090134047,-0.59708041671842,0.60817971645426
I12614.AG,UnitedKingdom,England_LBA.AG,2900.0,0.1203344985842704,0.9032217613331179,-0.5967098092861981,0.5958921860220431
I12624.AG,UnitedKingdom,England_LBA.AG,2800.0,0.2160772085189819,0.9789952334793983,-0.6135646007358617,0.5925639465182643
I1298_enhanced.AG,Bulgaria,Bulgaria_N.AG,7883.0,0.1946240663528442,0.6565796243301124,0.44737875930494353,0.3015496171914546
I13128.AG,Italy,Italy_Sicily_IA_Sicani.AG,2586.0,0.2668025493621826,-0.9959144466721466,0.20572729666566286,0.4084147695514606
I13162.AG,Serbia,Serbia_EN_Starcevo.AG,7962.0,0.7564688920974731,-0.2880413529949407,0.8131793895632439,-0.05767634924861836
I13170.AG,Montenegro,Montenegro_IA.AG,2550.0,0.739928126335144,-5.94695394094982,-13.838412098403367,0.4424739134955299
I13428.AG,Greece,Greece_Kastrouli_BA.AG,3243.0,0.063380517065525,-0.6933001263301272,-0.025506503748181922,2.1895223890907443
I13506_d.AG,Greece,Greece_PalaceOfNestor_BA_father.or.son.I13518.AG,3085.0,0.2679266035556793,-0.7056184621934335,-0.00829270941356746,2.19501429165668
I13514.AG,Greece,Greece_PalaceOfNestor_BA.AG,3165.0,0.7478704452514648,-0.6871326033968758,0.024470165264097454,2.2231133533837815
I13516.AG,Greece,Greece_PalaceOfNestor_BA.AG,3335.0,0.0692085176706314,-0.720590572143812,0.015263168896336998,2.1883390858781047
I13517.AG,Greece,Greece_PalaceOfNestor_BA_1d.rel.I13510.AG,3278.0,0.7921481728553772,-0.7021316041528317,-0.024316716605018163,2.2191438495796287
I13517_d.AG,Greece,Greece_PalaceOfNestor_BA_1d.rel.I13510.AG,3278.0,0.3092449009418487,-0.7107822731233122,0.008887995759734061,2.191375894651424
I13518.AG,Greece,Greece_PalaceOfNestor_BA.AG,3085.0,0.8069233894348145,-0.6914878236691349,-0.01911170891439467,2.1402866480672342
I13577.AG,Greece,Greece_Kastrouli_BA.AG,3200.0,0.2454970031976699,-0.6982274782779059,-0.011594039686703113,2.2141147742728355
I13578.AG,Greece,Greece_Kastrouli_BA.AG,3262.0,0.1273952573537826,-0.7080696805024239,-0.018519508727320767,2.194995031678032
I13579.AG,Greece,Greece_Kastrouli_BA.AG,3216.0,0.1804806590080261,-0.7315487701855875,-0.002796942364943242,2.2378119699999575
I13616.AG,UnitedKingdom,England_MIA_LIA.AG,2153.0,0.5241956114768982,0.9075602078276019,-0.5700020230469781,0.5867726958232584
I13617.AG,UnitedKingdom,England_LBA_highEEF.AG,3086.0,0.4237652122974396,0.9184792627966804,-0.498691454139062,0.5858088567323453
I13682.AG,UnitedKingdom,England_EIA.AG,2612.0,0.6367167234420776,0.9359955596121332,-0.6032944614154325,0.576621505717106
I13684.AG,UnitedKingdom,England_EIA.AG,2408.0,0.7639773488044739,1.0334112412416967,-0.6206289764873963,0.6102018702983908
I13710.AG,UnitedKingdom,England_MBA.AG,3252.0,0.2039500027894973,0.9293605996429322,-0.5907563363037255,0.5552574830630458
I13716.AG,UnitedKingdom,England_MBA_highEEF.AG,3223.0,0.7311342358589172,1.0468743965438965,-0.6891594059085142,0.6299030624947667
I13726.AG,UnitedKingdom,England_MIA_LIA.AG,2133.0,0.7151197791099548,0.9598973247012342,-0.7279572948336129,0.6211517580069762
I13833.AG,Albania,Albania_Barc_PostMedieval.AG,325.0,0.8669016361236572,-0.4308672245752101,-0.7347420287082913,0.5383502534197058
I13834.AG,Albania,Albania_Barc_Medieval_o.AG,531.0,0.7581063508987427,-0.4078882459781001,-0.7174977753889364,0.5531399752691502
I13835.AG,Albania,Albania_Barc_PostMedieval.AG,246.0,0.851243257522583,-0.40857145182044097,-0.6933853116254391,0.5350681681617449
I13893.AG,UnitedKingdom,England_N_Megalithic.AG,5517.0,0.7524470686912537,0.8839164861229729,-0.6273123331771603,0.5887033853055109
I13896.AG,UnitedKingdom,England_N_Megalithic_sister.I21395.daughter.I30332.AG,5486.0,0.5565107464790344,0.8261855405589859,-0.59781495465196,0.5817100565095207
I14158.AG,Romania,Romania_C_Bodrogkeresztur.AG,5900.0,0.5432635545730591,-0.40297849783281164,0.1831606864801191,0.013450939212513112
I14200.AG,UnitedKingdom,England_BellBeaker_highEEF.AG,4328.0,0.1420479714870453,0.9430370744496716,-0.6232346070598687,0.5829768668781796
I14379.AG,UnitedKingdom,England_LBA.AG,2801.0,0.5686265826225281,0.9435197599585834,-0.5161650106290832,0.6053814688128113
I14481.AG,Czechia,Czechia_LBA_Knoviz.AG,2834.0,0.0760340690612793,1.7376176732626105,-0.14453402946112315,0.18902857035118373
I14685.AG,Albania,Albania_Bardhoc_PostMedieval.AG,400.0,0.6509323120117188,-0.4362571098235829,-0.6986164219473494,0.5764944509869154
I14984.AG,Czechia,Czechia_IA_LaTene.AG,2270.0,0.6506808996200562,1.8586153992401628,-0.16704098071772114,0.1685445677047736
I15462.AG,Croatia,Croatia_Medieval.AG,1216.0,0.7360765933990479,-0.22013938343939843,-0.21216260294712455,0.6237586820878407
I15538.AG,Serbia,Serbia_EarlyMedieval_Slavic_o.AG,1011.0,0.3004307448863983,-0.30797667377069954,0.8629432490084339,-0.08097080252835351
I15616.AG,Romania,Romania_C_Bodrogkeresztur.AG,5900.0,0.7058408856391907,-0.37181211029654043,0.18537117373480172,0.013903225413110804
I15620.AG,Romania,Romania_C_Bodrogkeresztur.AG,5900.0,0.7646237015724182,-0.3748684249311382,0.22503440172021577,0.0019843060457404977
I1584.AG,Turkey,Turkey_Marmara_Barcin_Chalcolithic.AG,5770.0,0.5005916357040405,-0.711152045848535,0.5381823711090531,0.9462155123057323
I1584_enhanced.AG,Turkey,Turkey_Marmara_Barcin_Chalcolithic.AG,5770.0,0.8221567869186401,-0.7676614772766993,0.5782484970754816,0.9514180094342489
I16161.AG,Italy,Italy_Sardinia_MBA.AG,3434.0,0.5929750800132751,-1.0332830522306597,0.21152537531228535,0.34367614404955144
I16170_enhanced.AG,Italy,Italy_Sardinia_MBA.AG,3337.0,0.7284189462661743,-1.0223828605996201,0.2245543660536109,0.30660308585534446
I16405.AG,UnitedKingdom,Wales_MIA.AG,2250.0,0.7253848910331726,0.9784127157582929,-0.6098524251718387,0.6427935590298581
I16448.AG,UnitedKingdom,Scotland_C_EBA_highEEF.AG,4175.0,0.4098707735538482,0.9696800118721715,-0.6195379845000947,0.5852048213177805
I16453.AG,UnitedKingdom,England_IA.AG,2350.0,0.0558696463704109,0.9189800291307764,-0.5728581165258022,0.6177119534988755
I16469.AG,UnitedKingdom,England_LBA.AG,2945.0,0.3175514042377472,0.9607011188262069,-0.6301217337323504,0.6085899205999693
I16475.AG,UnitedKingdom,Wales_MIA_LIA.AG,2226.0,0.186534121632576,0.9386125927068109,-0.5823817526707631,0.6252330502466752
I16592.AG,UnitedKingdom,England_MIA.AG,2231.0,0.743480384349823,0.9527053569357914,-0.641797785080763,0.537465252899577
I16600.AG,UnitedKingdom,England_EIA.AG,2396.0,0.2226537764072418,0.8894717512083163,-0.552820038414404,0.5558210605918237
I16617.AG,UnitedKingdom,England_EIA.AG,2591.0,0.0741330385208129,0.973537011982386,-0.6002372383644938,0.6009313635167223
I16618.AG,UnitedKingdom,England_EIA.AG,2604.0,0.3831168115139007,0.937550792835223,-0.5227470505096583,0.5614126914544499
I17264.AG,UnitedKingdom,England_MIA_LIA.AG,2225.0,0.6871184706687927,1.0294195839099831,-0.6198202557920683,0.6618816675223951
I17313.AG,Czechia,Czechia_Modern.AG,199.0,0.4821595549583435,1.720871229952231,-0.19374798632232973,0.204561084033645
I17455.AG,Hungary,Hungary_MN_ALBK.AG,7200.0,0.5694863200187683,0.515295336283788,-0.11165825866598604,-0.9049139861747174
I17962.AG,Greece,Greece_Kastrouli_IA.AG,2594.0,0.4098018407821655,-0.708870081811517,-0.010762599412509774,2.195526940539497
I18110.AG,Hungary,Hungary_IA_LaTene.AG,2200.0,0.5130741000175476,0.5281673198142021,0.005550305175048516,-1.055282181423812
I18111.AG,Slovakia,Slovakia_N_LBK_o.AG,7062.0,0.7402663230895996,0.5519320071149071,-0.8304927313107642,0.33265641519814154
I18113.AG,Romania,Romania_C_Bodrogkeresztur.AG,5900.0,0.3521163165569305,-0.38043027273043695,0.18748723720667276,-0.001232091272794197
I18114.AG,Romania,Romania_C_Bodrogkeresztur_brother.I15617.brother.I7135.AG,5900.0,0.7410092353820801,-0.39680492937049266,0.18560688136622977,-0.011694210767850568
I18115.AG,Romania,Romania_C_Bodrogkeresztur.AG,5900.0,0.792250394821167,-0.4225323732649363,0.18735463135905253,0.017341702785903954
I18116.AG,Romania,Romania_C_Bodrogkeresztur.AG,6128.0,0.7612093091011047,-0.4471413601465957,0.14920369246530002,-0.009402282390834214
I18117_d.AG,Romania,Romania_C_Bodrogkeresztur_possible_dup.I18154_1d.rel.I7137.AG,5900.0,0.1769843399524688,-0.4055985787670462,0.164750612075349,0.000679755890133035
I18719.AG,Croatia,Croatia_MLBA_alt.AG,3100.0,0.7116550803184509,-0.2186543429665239,-0.2002259432007615,0.550130834822197
I19017.AG,Croatia,Croatia_MBA_Cetina.AG,3550.0,0.0999802947044372,-0.2271715751181591,-0.214977443634809,0.5988446623477359
I19027.AG,Croatia,Croatia_MBA_Cetina.AG,3550.0,0.3286940157413482,-0.23675655079545435,-0.21932536660908655,0.6224811453429212
I19220.AG,UnitedKingdom,England_EBA.AG,3759.0,0.1524225622415542,0.8913250240437608,-0.5692901833958658,0.5561668555226577
I19451.AG,Bulgaria,Bulgaria_EBA.AG,4750.0,0.3033358156681061,0.6640782452186309,0.4273920498389899,0.32469129928379686
I19481.AG,Bulgaria,Bulgaria_EIA.AG,2550.0,0.1660566478967666,0.6935162768692446,0.4287839612065545,0.31278683966618076
I19493.AG,Bulgaria,Bulgaria_EIA.AG,2750.0,0.0646513849496841,0.6922283952158998,0.4575217645733883,0.3005405462627017
I19500.AG,Bulgaria,Bulgaria_LIA.AG,2200.0,0.3771939277648926,0.7171068135553055,0.4419412747993353,0.2953351901167179
I19987.AG,Spain,Spain_LIA.AG,2025.0,0.2746986448764801,-1.1809009846109606,0.06681464714388952,-1.2820748993818973
I19991.AG,Spain,Spain_LIA.AG,2050.0,0.3419428765773773,-1.2022295745684002,0.06205256178011811,-1.3161393426015702
I20000.AG,Turkey,Turkey_Aegean_Mugla_Camandras_Dalagoz_Roman.AG,1726.0,0.7381552457809448,-0.7454709032937133,0.5646494334408033,0.9236823244128655
I20146.AG,Turkey,Turkey_Aegean_Mugla_Stratonikeia_Byzantine.AG,650.0,0.7759220600128174,-0.7250117170887203,0.5743905005863509,0.9444515621928665
I20632.AG,UnitedKingdom,England_MIA_LIA_o.AG,2175.0,0.4044556021690368,0.8983207629970555,-0.5983833186852592,0.6167385797472756
I20749.AG,Hungary,Hungary_LBA_Halva.AG,3200.0,0.4705984592437744,0.5584070698018546,-0.0883999877798261,-1.0401666826031604
I20750.AG,Hungary,Hungary_MBA_Fuzesabony.AG,3900.0,0.4395679533481598,0.5752753003762561,-0.04097332119171451,-0.9753804936111271
I20751.AG,Hungary,Hungary_LBA.AG,3200.0,0.7285811305046082,0.6043201815092827,-0.11652565363982335,-1.0357113761200916
I20752.AG,Hungary,Hungary_IA_LaTene.AG,2256.0,0.7875593900680542,0.623890898141347,-0.31258878816439095,-1.0433196423611781
I20818.TW,UnitedKingdom,England_N_Megalithic.TW,5545.0,0.6884517669677734,0.9296598214274867,-0.5291592368649883,0.5420169200956205
I2180.AG,Bulgaria,Bulgaria_EBA.AG,4959.0,0.7165260910987854,0.682310309759532,0.4733351465455605,0.30875719817598657
I2357.AG,Hungary,Hungary_MN_ALBK_Szakalhat.AG,7050.0,0.3357888460159302,0.5398555764524491,-0.16652484440082688,-1.0684930837482056
I2446.AG,UnitedKingdom,England_BellBeaker_highWHG.AG,4215.0,0.424315869808197,0.9237019909381383,-0.6101223465855106,0.5863955872322553
I2448.AG,UnitedKingdom,England_MBA.AG,3200.0,0.433877021074295,0.8553012100595426,-0.5702235873933011,0.5881793888392997
I2469.AG,Spain,Spain_LBA.AG,2826.0,0.1882737725973129,-1.1420641579005628,0.08578759880729517,-1.2580265420740522
I2470_enhanced.AG,Spain,Spain_MBA.AG,3275.0,0.7516360282897949,-1.1559585041656761,0.09627488374595433,-1.315169839586119
I24884.AG,Austria,Austria_N_LBK.AG,6936.0,0.8638132810592651,0.11248356693892952,-0.20999792335215495,-0.14273221564453792
I24885.AG,Austria,Austria_N_LBK.AG,7071.0,0.7083688378334045,0.07038426018744252,-0.23308334147303109,-0.15293571246974463
I24891.AG,Austria,Austria_N_LBK.AG,6872.0,0.7084605097770691,0.07465508547703163,-0.20427642618404324,-0.14686147497336793
I24899.AG,Austria,Austria_N_LBK.AG,7071.0,0.5197885036468506,0.07982757378235193,-0.21683191882943698,-0.15968225656531396
I2500.AG,Turkey,Turkey_Marmara_Barcin_Chalcolithic_dup.I1584_do.not.merge.AG,5770.0,0.2728559970855713,-0.7470246618216656,0.5499362319713695,0.9489281386658215
I25334.AG,Austria,Austria_N_LBK.AG,7100.0,0.4331519603729248,0.07749964236149223,-0.21458446170826462,-0.1526309251100193
I2565.AG,UnitedKingdom,England_BellBeaker.AG,4237.0,0.0503157712519168,0.946650140908609,-0.6044249841589909,0.5659646604353337
I2574.AG,UnitedKingdom,Wales_MBA.AG,3277.0,0.2725080847740173,0.9644972050970594,-0.5464340913759899,0.6342729111035206
I2598.AG,UnitedKingdom,England_C_EBA.AG,3998.0,0.1463253051042556,0.9437428652056618,-0.5872916812987343,0.5511626188162696
I2611.AG,UnitedKingdom,England_N_o.AG,4939.0,0.2414491921663284,0.9288348898062088,-0.5665696091009315,0.5586803193039083
I26714.AG,Croatia,Croatia_Roman_LateImperial.AG,1600.0,0.8141268491744995,-0.24943358181475694,-0.22251707763339457,0.6225906368328518
I26897.AG,Croatia,Croatia_LateAntiquity_oAegean.AG,1327.0,0.8184836506843567,-0.23775889432911643,-0.20638528782995114,0.6196299439388522
I27789.AG,Austria,Austria_N_LBK.AG,7100.0,0.1766015440225601,0.09771822046833466,-0.21089905108483553,-0.15691681152659015
I30293.TW,UnitedKingdom,England_N_Megalithic.TW,5575.0,0.9087479114532472,0.9798166298467801,-0.5892756461868368,0.591356896816898
I30301.TW,UnitedKingdom,England_N_Megalithic.TW,5575.0,0.8248331546783447,0.9053230028769874,-0.5559030064664596,0.5695591494226176
I30302.TW,UnitedKingdom,England_N_Megalithic_son.I12437.brother.I13888.I21393.TW,5575.0,0.586639404296875,0.9862957606143216,-0.6160453153422203,0.6855003141086357
I30304.TW,UnitedKingdom,England_N_Megalithic.TW,5600.0,0.1330059021711349,0.8662916567327791,-0.6290623945169193,0.5309018151323709
I30311.TW,UnitedKingdom,England_N_Megalithic_brother.I13891.TW,5575.0,0.4733575284481048,0.97450459631726,-0.6546960830161016,0.6433509118677576
I30334.TW,UnitedKingdom,England_N_Megalithic.TW,5575.0,0.9285611510276794,0.9321280722822803,-0.6268254042919549,0.6164020959289865
I3141.AG,Ukraine,Ukraine_EBA_Yamnaya.AG,4850.0,0.0987807884812355,0.06721947674403847,0.8037156168918396,0.17836763759207605
I32301.TW,Serbia,Serbia_Medieval_Slav.TW,750.0,0.2543801367282867,-0.2950494932318865,0.8710142482673559,-0.08901788363819804
I3315.AG,Spain,Spain_Menorca_LBA_enhanced.AG,2809.0,0.6893041729927063,-1.1591287947945763,0.0940601205160963,-1.2551243828208423
I33812.TW,Croatia,Croatia_LateAntiquity.TW,1550.0,0.657075822353363,-0.2698833320407088,-0.2059518787735755,0.6371915875166021
I33891.TW,Croatia,Croatia_LateAntiquity.TW,1550.0,0.9410922527313232,-0.27013113461300303,-0.24337203357964912,0.6592230113002938
I34292.TW,Croatia,Croatia_LateAntiquity.TW,1550.0,0.9417362213134766,-0.2302246753366952,-0.1829797401985342,0.5775402215028848
I34294.TW,Croatia,Croatia_LateAntiquity.TW,1550.0,0.964865744113922,-0.2676351621936814,-0.2308175204016797,0.6284148116503769
I34296.TW,Croatia,Croatia_LateAntiquity.TW,1550.0,0.9634643197059632,-0.2222156834286976,-0.21006703579668298,0.5963401442460411
I34297.TW,Croatia,Croatia_LateAntiquity.TW,1550.0,0.971380650997162,-0.25176381013720345,-0.1957343882729504,0.6211563832256571
I34299.TW,Croatia,Croatia_LateAntiquity.TW,1550.0,0.8887075781822205,-0.28624754171709194,-0.23563527206979754,0.6937059932656001
I3878.AG,Italy,Italy_Sicily_LBA.AG,3216.0,0.7154547572135925,-1.012552079732828,0.1826082971242799,0.33130944329331474
I4188_enhanced.AG,Hungary,Hungary_MN_AVK_new.AG,7050.0,0.3572143912315368,0.5543308679348978,-0.11859043244995168,-1.0650219226297548
I4556.AG,Spain,Spain_IA.AG,2550.0,0.2528278231620788,-1.146282079745336,0.08921567705033062,-1.2988934530101839
I4622.AG,Turkey,Turkey_Southeast_Sirnak_Chalcolithic_B.AG,5525.0,0.1955097019672393,-0.7305172179453262,0.5501911682477979,0.9368699129975866
I4949_enhanced.AG,UnitedKingdom,England_N.AG,5417.0,0.0798629075288772,0.9408377847906749,-0.5751826126487899,0.6474398273844796
I5243.AG,Serbia,Serbia_IronGates_MBA.AG,4306.0,0.7257847189903259,-0.2842723987172631,0.8634394920642487,-0.08069141014567074
I5395.AG,Turkey,Turkey_Marmara_Barcin_Chalcolithic_dup.I1584_do.not.merge.AG,5770.0,0.7686082720756531,-0.7699996698796264,0.6032153044112275,0.9475795802370994
I5404.AG,Serbia,Serbia_IronGates_Medieval.AG,485.0,0.3270622491836548,-0.2904953937734373,0.8494482441704264,-0.07950334040419092
I5432.AG,Turkey,Turkey_Marmara_Barcin_Chalcolithic_dup.I1584_do.not.merge.AG,5770.0,0.1984342485666275,-0.7073184098325416,0.5728850805141384,0.9394961810226201
I5504.AG,UnitedKingdom,England_EastYorkshire_Anglian.AG,1350.0,0.0542184077203273,0.9292618078217643,-0.5574907056234834,0.5616669161117438
I5505.AG,UnitedKingdom,England_EastYorkshire_MIA.AG,2236.0,0.7579587697982788,1.0025301414950805,-0.587815118191263,0.6150655296620385
I5655.AG,Germany,Germany_BellBeaker.AG,4200.0,0.0640098676085472,0.2461518468312675,0.08959844755811619,0.7393125900187837
I5657.AG,Germany,Germany_BellBeaker_1d.rel.I5658.AG,4200.0,0.1005869358777999,0.3076093461029484,-0.03115348109806031,0.7980220477629265
I5660.AG,Germany,Germany_BellBeaker_1d.rel.I6624.AG,4200.0,0.1039259135723114,0.35119327924908456,0.1211202754700426,0.868972656188118
I5661.AG,Germany,Germany_BellBeaker.AG,4200.0,0.1351421326398849,0.22226171107874187,0.08017727967377052,0.7822967753856332
I5689.AG,Slovenia,Slovenia_EIA.AG,2540.0,0.801144003868103,2.5939883025530865,0.6013815026741984,0.4474675791673833
I5690.AG,Slovenia,Slovenia_EIA.AG,2574.0,0.8175072073936462,2.582017241602252,0.5872659720103927,0.492801984160074
I5695.AG,Slovenia,Slovenia_MBA.AG,3296.0,0.8098276257514954,2.579491521694288,0.5907601573956248,0.49540930735077093
I5696.AG,Slovenia,Slovenia_MIA_oSouth.AG,2272.0,0.8028690814971924,2.5702023069813578,0.601788674585393,0.4721264976473494
I5697.AG,Slovenia,Slovenia_LBA.AG,2799.0,0.7849414348602295,2.570771894724226,0.593137219463933,0.48702494735660207
I5698.AG,Slovenia,Slovenia_EIA.AG,2593.0,0.7947028875350952,2.5738209181237277,0.6064411684038707,0.45796766413761353
I5744.AG,Turkey,Turkey_BlackSea_Amasya_EBA.AG,4700.0,0.3452737331390381,-0.732539855158442,0.5555832963994587,0.9471967136047336
I6912.AG,Austria,Austria_N_LBK_oHG.AG,7088.0,0.0776074528694152,0.09340010780464608,-0.2166415366051187,-0.1552047176798539
I7629.AG,UnitedKingdom,England_LBA.AG,3015.0,0.6322245001792908,1.0112619673326984,-0.6175484569417328,0.5641850950053879
I7964.AG,Czechia,Czechia_EBA_Unetice.AG,3950.0,0.7800720930099487,1.6875801921287206,-0.15125238189790455,0.2003834884721242
I8368.AG,Turkey,Turkey_Marmara_Iznik_Basilica_Roman_Byzantine_A.AG,1350.0,0.2305531203746795,-0.7075247258246053,0.5576671229672128,0.9295821048673132
I8370.AG,Turkey,Turkey_Marmara_Iznik_Basilica_Roman_Byzantine_A.AG,1350.0,0.4756186604499817,-0.7094195253995912,0.5478704123778612,0.9188715117243764
I8373.AG,Turkey,Turkey_Marmara_Iznik_Basilica_Roman_Byzantine_A.AG,1350.0,0.5567248463630676,-0.7376138940844058,0.547691137667935,0.9956296285697676
I8432.AG,Turkey,Turkey_Southeast_Mardin_PPN.AG,10700.0,0.1373132318258285,-0.6989387229853344,0.5487124180524561,0.8990761716593894
I8582.AG,UnitedKingdom,IsleofMan_EBA_lowsteppe.AG,4025.0,0.086445152759552,0.9394825135908574,-0.6043978524814375,0.6176437657975866
I21275.AG,UnitedKingdom,England_MIA.AG,2231.0,0.7360401153564453,0.9669497001369892,-0.6243488413230924,0.6122790647805398
I21276.AG,UnitedKingdom,England_MIA.AG,2229.0,0.6527068018913269,0.9842677315466867,-0.6461084120711761,0.6184700576143828
EAS003.SG,UnitedKingdom,England_Saxon_oAfrica.SG,1200.0,0.6270720362663269,0.7611355222860774,-0.5532844845954495,0.5258013593076701
SED016.SG,UnitedKingdom,England_Saxon_oIran.SG,1200.0,0.3437409102916717,0.9518139711838459,-0.6126105410558922,0.5713255710740596
EAS001.SG,UnitedKingdom,England_Saxon.SG,1200.0,0.788153886795044,0.919029835519501,-0.5967292893449868,0.5721884855135174
EAS002.SG,UnitedKingdom,England_Saxon.SG,1200.0,0.362213522195816,0.9432760529414459,-0.6012623756140109,0.5792108053143018
EAS004.SG,UnitedKingdom,England_Saxon.SG,1200.0,0.3234848380088806,0.9210449035767428,-0.5819119966659954,0.5671553167119358
ELY001.SG,UnitedKingdom,England_Saxon.SG,1200.0,0.3236502707004547,0.9155368424594551,-0.5083347146845001,0.6030443282295804
ELY002.SG,UnitedKingdom,England_Saxon.SG,1200.0,0.8131601214408875,1.001201822505589,-0.6378396441214914,0.621820419861254
ELY003.SG,UnitedKingdom,England_Saxon.SG,1200.0,0.4352687299251556,0.8819579921801146,-0.5637173106868294,0.5641787106089767
ELY004.SG,UnitedKingdom,England_Saxon.SG,1200.0,0.209413856267929,0.9231355770923683,-0.5848456765572596,0.6368309491475217
ELY005.SG,UnitedKingdom,England_Saxon.SG,1200.0,0.8834472894668579,0.9315999861874226,-0.5645277118012264,0.5821571658883203
ELY006.SG,UnitedKingdom,England_Saxon.SG,1200.0,0.4112843871116638,0.943854244813167,-0.6326900022888128,0.65889803371679
HAD001.SG,UnitedKingdom,England_Saxon.SG,1200.0,0.8700557351112366,0.931678098136071,-0.5517100524182164,0.6399102475099467
HAD002.SG,UnitedKingdom,England_Saxon.SG,1200.0,0.8463130593299866,0.9228731708594025,-0.6195039676581038,0.5934662850389577
HAD003.SG,UnitedKingdom,England_Saxon.SG,1200.0,0.3612711429595947,0.9495449235346698,-0.5962745404268714,0.5256239486803992
HAD004.SG,UnitedKingdom,England_Saxon.SG,1200.0,0.5787513852119446,0.9292711452434974,-0.6133140260986005,0.5393460127987392
HAD005.SG,UnitedKingdom,England_Saxon.SG,1200.0,0.8703501224517822,0.8967871238305193,-0.5876508404510267,0.590888335981202
HAD006.SG,UnitedKingdom,England_Saxon.SG,1200.0,0.120022252202034,0.9614476141165357,-0.5950851256774541,0.6452522337084788
HAD007.SG,UnitedKingdom,England_Saxon.SG,1200.0,0.4127555787563324,0.932627260327295,-0.6330101890650282,0.6062567850303334
HAD008.SG,UnitedKingdom,England_Saxon.SG,1200.0,0.5814642906188965,0.9092137449381313,-0.5919676895085634,0.6071267601190811
HAD010.SG,UnitedKingdom,England_Saxon.SG,1200.0,0.6421375870704651,0.9298968151964138,-0.6053757416291348,0.5965726674951843
HAD013.SG,UnitedKingdom,England_Saxon.SG,1200.0,0.6251669526100159,0.8813753154115302,-0.5580027406359587,0.4909324122811003
HAD015.SG,UnitedKingdom,England_Saxon.SG,1200.0,0.6305667757987976,0.9093492633420689,-0.5931929304500358,0.6361450651404107
OAI001.SG,UnitedKingdom,England_Saxon.SG,1200.0,0.5391443371772766,0.9509766778171862,-0.582237012911207,0.5952226009558156
OAI002.SG,UnitedKingdom,England_Saxon.SG,1200.0,0.2827374935150146,0.9986353245185038,-0.628500172460864,0.6319590826075543
OAI003.SG,UnitedKingdom,England_Saxon.SG,1450.0,0.5437712073326111,0.8920727284650851,-0.5949312789282659,0.5652793790044675
OAI004.SG,UnitedKingdom,England_Saxon.SG,1450.0,0.9075459837913512,0.9597313955694634,-0.6211563196864444,0.5488555362032774
OAI005.SG,UnitedKingdom,England_Saxon.SG,1200.0,0.8681505918502808,0.9382588445286936,-0.6169916938113544,0.6573471347910395
OAI006.SG,UnitedKingdom,England_Saxon.SG,1200.0,0.3889934718608856,0.9194480175882804,-0.5833540806004096,0.6405119566973428
OAI007.SG,UnitedKingdom,England_Saxon.SG,1450.0,0.8325921893119812,0.9694061761751175,-0.6162567144332037,0.5859940632400581
POH001.SG,UnitedKingdom,England_Saxon.SG,1200.0,0.3032328188419342,0.8636851764346659,-0.5531926853305754,0.5526781492449843
POH002.SG,UnitedKingdom,England_Saxon.SG,1200.0,0.4328226745128631,0.9042751303258925,-0.5851797796386328,0.6029869555570775
POH006.SG,UnitedKingdom,England_Saxon.SG,1200.0,0.2907690405845642,0.936413799495513,-0.6033965800231972,0.5732742131695048
SED003.SG,UnitedKingdom,England_Saxon.SG,1200.0,0.385905921459198,0.9122915051267328,-0.5869254150622291,0.5927186566198226
SED005.SG,UnitedKingdom,England_Saxon.SG,1200.0,0.5824885964393616,0.9529072025670127,-0.664101848296987,0.6274763128625411
SED008.SG,UnitedKingdom,England_Saxon.SG,1200.0,0.471044510602951,0.9298042044212065,-0.5857737998219038,0.5573994946116639
SED009.SG,UnitedKingdom,England_Saxon.SG,1200.0,0.3843568563461303,0.8905652724321029,-0.5632459333436085,0.6137182817422825
SED010.SG,UnitedKingdom,England_Saxon.SG,1200.0,0.316117525100708,0.9332026385616831,-0.5744155354500118,0.5950748916525679
SED017.SG,UnitedKingdom,England_Saxon.SG,1200.0,0.386085957288742,0.9473805715712699,-0.6292159217356647,0.6220260510047034
I9006.AG,Greece,Greece_Salamis_BA.AG,3283.0,0.2944819033145904,-0.723816244765412,-0.020719807093630135,2.1761559052114468
I9010.AG,Greece,Greece_Galatas_BA.AG,3250.0,0.1974577754735946,-0.7122439903330033,0.0004051522517844621,2.194749804748507
I9041.AG,Greece,Greece_Galatas_BA.AG,3250.0,0.3410012722015381,-0.7045213480359857,-0.02845306017929159,2.2442192501479488
I9033.AG,Greece,Greece_Peristeria_BA.AG,3296.0,0.2028948664665222,-0.7092120934496279,-0.007048693158435837,2.204962691856825
I9005.AG,Greece,Greece_Crete_HgCharalambos_EMBA.AG,4000.0,0.3177817165851593,-0.714605587787165,0.0022764413535261247,2.19956287084742
I9129.AG,Greece,Greece_Crete_Odigitria_BA.AG,3895.0,0.0538923740386962,-0.7009599993519975,-0.007808341451825676,2.2032487148917865
I9130.AG,Greece,Greece_Crete_Odigitria_BA.AG,3895.0,0.076255477964878,-0.7205091618705122,0.02266673850193984,2.1953946809387475
I9131.AG,Greece,Greece_Crete_Odigitria_BA.AG,3895.0,0.0817047357559204,-0.6865654497690163,-0.009806115684808214,2.2146644770390713
I2158.AG,Italy,Italy_Epigravettian.AG,12000.0,0.0518632009625434,-1.0074610406670959,0.19530636480987004,0.3992042535062351
RIP001.SG,Italy,Italy_Epigravettian.SG,16736.0,0.1509278416633606,-1.0191810511613562,0.2187507648572466,0.3864635110271583
OSS002.B0101.AG,Russia,Russia_Maikop.AG,5711.0,0.0564089752733707,0.5280790537837998,-0.10281372273924376,-0.2519104458773414
MK5005.C0101.AG,Russia,Russia_Steppe_Maikop_o2.AG,5450.0,0.1334681808948516,0.5347689364736986,-0.09952645222211991,-0.27062588741403465
Vindija_snpAD.DG,Croatia,Vindija_Neanderthal.DG,50000.0,0.8956815600395203,-0.19273791161095766,-0.12926892193705042,0.3637961954594227
JAG34.SG,Croatia,Croatia_Jagodnjak_MBA.SG,3715.0,0.7613925933837891,-0.25106133452506685,-0.17527830847981737,0.686790519699627
JAG58.SG,Croatia,Croatia_Jagodnjak_MBA.SG,3650.0,0.6217306852340698,-0.22255190857210952,-0.19622658731212014,0.6426833641153691
JAG78.SG,Croatia,Croatia_Jagodnjak_MBA.SG,3650.0,0.7631833553314209,-0.2043900903364714,-0.21588816148587225,0.6269827560766291
JAG82.SG,Croatia,Croatia_Jagodnjak_MBA.SG,3650.0,0.7164855599403381,-0.2353780357366684,-0.208350038268605,0.616656332649296
JAG85.SG,Croatia,Croatia_Jagodnjak_MBA.SG,3650.0,0.5983172655105591,-0.22646512178960784,-0.19088839542071948,0.5934872561377051
JAG93.SG,Croatia,Croatia_Jagodnjak_MBA.SG,3650.0,0.6610368490219116,-0.24878847042632174,-0.2022892776806733,0.6375184600214017
POP02.SG,Croatia,Croatia_Popova_MN.SG,6450.0,0.7022375464439392,-0.258602514854746,-0.18990091276675647,0.5943192465602978
POP04.SG,Croatia,Croatia_Popova_MN.SG,6450.0,0.7280750274658203,-0.2375160960347923,-0.22526416276965672,0.6492639196184655
POP05.SG,Croatia,Croatia_Popova_MN.SG,6450.0,0.6438788771629333,-0.24995347886656694,-0.20524834011583398,0.594827339000942
POP06.SG,Croatia,Croatia_Popova_MN.SG,6450.0,0.7777582406997681,-0.24492724541017158,-0.2019594934042037,0.6122917208172289
POP07.SG,Croatia,Croatia_Popova_MN.SG,6635.0,0.7066130042076111,-0.2741213206797192,-0.2121903435029899,0.6004911596030754
POP08.SG,Croatia,Croatia_Popova_MN.SG,6450.0,0.654941976070404,-0.23645173241926193,-0.20838832147631847,0.6332001812840301
POP09.SG,Croatia,Croatia_Popova_MN.SG,6450.0,0.7093339562416077,-0.246512156026762,-0.19944174690621208,0.665154525875022
POP12.SG,Croatia,Croatia_Popova_MN.SG,6450.0,0.6902944445610046,-0.2207499515860716,-0.1958016005728908,0.5372525532622189
POP13.SG,Croatia,Croatia_Popova_MN.SG,6450.0,0.6507733464241028,-0.23779612739553108,-0.20414991025387286,0.6521689819293707
POP14.SG,Croatia,Croatia_Popova_MN.SG,6488.0,0.7507666349411011,-0.29279415948173515,-0.1727466898540437,0.5239050233531513
POP16.SG,Croatia,Croatia_Popova_MN.SG,6450.0,0.6735574007034302,-0.2865892637626157,-0.1928233856220541,0.6865555053424214
POP19.SG,Croatia,Croatia_Popova_MN.SG,6450.0,0.7187077403068542,-0.24138136229298487,-0.20099142774335155,0.6303885589098354
POP23.SG,Croatia,Croatia_Popova_RomanP.SG,1586.0,0.7996614575386047,-0.23312647374385131,-0.2122223330507097,0.5940488175719935
POP24.SG,Croatia,Croatia_Popova_MN.SG,6450.0,0.6476768851280212,-0.26057748463040925,-0.20255916299764132,0.625724720514298
POP27.SG,Croatia,Croatia_Popova_MN.SG,6450.0,0.6825377941131592,-0.24612787165453326,-0.20667670314894526,0.5985178931136251
POP33.SG,Croatia,Croatia_Popova_MN.SG,6324.0,0.5777449011802673,-0.22181218890345614,-0.20046150737220295,0.5919883316979093
POP36.SG,Croatia,Croatia_Popova_MN.SG,6450.0,0.6185563206672668,-0.252959350095642,-0.1910254262256395,0.622997681950015
POP39.SG,Croatia,Croatia_Popova_CA.SG,4626.0,0.8121917843818665,-0.24710911040075936,-0.21920743748115343,0.6131837055055789
T21.SG,Italy,Italy_CasalBertone_RomanImperial.SG,1800.0,0.2213683128356933,-1.0130071850034652,0.20451712409856054,0.3895505040344268
F4_I.SG,Italy,Italy_CasalBertone_RomanImperial.SG,1800.0,0.2498383969068527,-1.0441936616218712,0.20216990159339335,0.41252424202341237
T46.SG,Italy,Italy_CasalBertone_RomanImperial.SG,1800.0,0.1536374688148498,-0.9590646229667318,0.1949537779740942,0.3775007725714236
VLASA32.SG,Serbia,Serbia_IronGates_Mesolithic.SG,10223.0,0.9982165694236756,-0.29589191407411497,0.8452570589482882,-0.07024746568762685
VLASA7.SG,Serbia,Serbia_IronGates_Mesolithic.SG,9170.0,0.99858558177948,-0.3082015601222034,0.8407364404198902,-0.07454258239181917
CE003.SG,UnitedKingdom,England_Derbyshire_IA.SG,2553.0,0.2335798591375351,0.9224298640760896,-0.625095011254115,0.6082383519035497
KD001.SG,UnitedKingdom,Scotland_BlackIsle_IA.SG,1381.0,0.5320616960525513,0.943217098538703,-0.6482575119075947,0.6307325462183875
KD003.SG,UnitedKingdom,England_NorthYorkshire_EBA.SG,3800.0,0.1318801939487457,0.9957707252120399,-0.583479970294267,0.5764458900008037
KD004.SG,UnitedKingdom,Scotland_Orkney_IA.SG,2062.0,0.2869385778903961,0.8842443193914603,-0.5754729047854817,0.563655973536939
KD005.SG,UnitedKingdom,Scotland_Skye_IA.SG,1844.0,0.2274282574653625,0.9283261845900744,-0.6416105917946796,0.5609704231336328
KD006.SG,UnitedKingdom,Scotland_Orkney_MBA.SG,3504.0,0.0939560234546661,0.9370343825657345,-0.6039431367885962,0.6398329331130349
KD026.SG,UnitedKingdom,Scotland_Skye_N.SG,5200.0,0.3034988343715668,0.9379549222009169,-0.5653327860922657,0.651440580917994
KD040.SG,UnitedKingdom,England_NorthYorkshire_EBA.SG,3800.0,0.0870915427803993,0.9664300702127296,-0.6300606577242761,0.6049023295293419
KD041.SG,UnitedKingdom,England_NorthYorkshire_EBA.SG,3800.0,0.1224958673119545,0.933229171509508,-0.5858408379549055,0.6024735793340161
KD043.SG,UnitedKingdom,Scotland_Orkney_IA.SG,1826.0,0.1415994763374328,0.95991556316585,-0.5881993661932785,0.7084248415417905
KD044.SG,UnitedKingdom,Scotland_Orkney_MBA.SG,3425.0,0.10789505392313,0.9582970240229826,-0.6380466536699657,0.604891218041024
KD045.SG,UnitedKingdom,Scotland_Orkney_MBA.SG,3425.0,0.0764168724417686,0.9655098310061965,-0.5781704723379683,0.5749378496243919
KD047.SG,UnitedKingdom,Scotland_Orkney_MBA.SG,3381.0,0.1655627340078354,0.9265400118922079,-0.5900032363714136,0.5639120538957958
KD049.SG,UnitedKingdom,Scotland_Orkney_MBA.SG,3425.0,0.4448898732662201,0.9019885765750612,-0.57145485018966,0.653986368785648
KD050_65.SG,UnitedKingdom,Scotland_Orkney_MBA.SG,3454.0,0.1033290028572082,0.9048344860604407,-0.5755819381085755,0.5747545150557599
KD057.SG,UnitedKingdom,Scotland_Orkney_MBA.SG,3425.0,0.1291381418704986,0.9721638306636231,-0.600267681246369,0.6108649590527432
KD059.SG,UnitedKingdom,Scotland_Orkney_MBA.SG,3500.0,0.1104230061173439,0.8862315486409604,-0.5835290881352224,0.5630564344534656
KD060.SG,UnitedKingdom,Scotland_Orkney_MBA.SG,3425.0,0.3515510261058807,0.977241268636772,-0.6105874931472013,0.5782566794926065
KD061.SG,UnitedKingdom,Scotland_Orkney_MBA.SG,3425.0,0.4094701409339905,0.9625850066192841,-0.5737591230319838,0.4846051426569747
KD063.SG,UnitedKingdom,Scotland_Orkney_MBA.SG,3425.0,0.1195283457636833,0.9211537609139564,-0.6092645139010436,0.6128899103518131
KD064.SG,UnitedKingdom,Scotland_Orkney_MBA.SG,3425.0,0.5732648372650146,0.9891021409666161,-0.5894066351928302,0.5974630988708421
KD067.SG,UnitedKingdom,Scotland_Orkney_MBA.SG,3425.0,0.1089023426175117,0.9600176765772546,-0.5319561100712351,0.5665247328026298
KD070.SG,UnitedKingdom,England_Northumberland_EBA.SG,4306.0,0.1582027077674865,0.9070794050100929,-0.5390125307910857,0.562635754275243
KD073.SG,UnitedKingdom,Scotland_Shetland_IA.SG,1642.0,0.0624413527548313,0.9518561270948797,-0.5995012903165499,0.5847504373386513
VERT107.SG,Ukraine,Ukraine_Eneolithic_Trypillia.SG,5600.0,0.7078514099121094,0.05354382580037965,0.8307677031669005,0.1861444668294895
VERT028.SG,Ukraine,Ukraine_Eneolithic_Trypillia.SG,5600.0,0.6663952469825745,0.07542399672585026,0.7898642652771632,0.14646509432262703
VERT029.SG,Ukraine,Ukraine_Eneolithic_Trypillia.SG,5600.0,0.743985652923584,0.04610045394326641,0.817377043666151,0.14738045526631868
VERT031.SG,Ukraine,Ukraine_Eneolithic_Trypillia.SG,5646.0,0.6339503526687622,0.06641576185623423,0.8235130210599296,0.19501726261920815
VERT033.SG,Ukraine,Ukraine_Eneolithic_Trypillia.SG,5600.0,0.461446076631546,0.05868433140960297,0.8210914913958934,0.20353611458300153
I13837.AG,Albania,Albania_Barc_PostMedieval_daughter.or.mother.I13835.AG,388.0,0.8327406048774719,-0.40294738512368466,-0.7156657593149403,0.5515168319755898
I17633.AG,Albania,Albania_Cinamak_IA_o_1d.rel.I16256.AG,2512.0,0.0676473006606102,-0.41974672174883854,-0.7418698454157486,0.5689665103823169
wes003.SG,Sweden,Sweden_north_Medieval.SG,811.0,0.6619986891746521,-1.3020000655496264,0.8727335923575944,-0.5880903388630522
wes004.SG,Sweden,Sweden_north_Medieval.SG,811.0,0.9977745413780212,-1.215521402845859,0.8506465492631852,-0.5636873375231068
snb017.SG,Sweden,Sweden_south_Pre_Viking.SG,1475.0,0.2036158591508865,-1.2796046972816557,0.8035887938720859,-0.5766390015290316
snb018.SG,Sweden,Sweden_south_Pre_Viking.SG,1475.0,0.5937488079071045,-1.2912373247305495,0.8571592572804628,-0.5724463712546464
kro004.SG,Sweden,Sweden_south_Post_Medieval.SG,274.0,0.2668617367744446,-1.3020863124729585,0.8304834159087547,-0.5648949319760349
wes005.SG,Sweden,Sweden_north_Medieval.SG,811.0,0.941369652748108,-1.2408838225618115,0.8131695747761557,-0.5739868068874531
wes007.SG,Sweden,Sweden_north_Medieval.SG,738.0,0.9983958005905152,-1.194434977574036,0.8368456199675268,-0.6199705533193283
gam872.SG,Sweden,Sweden_central_Late_Viking.SG,925.0,0.9987526535987854,-1.1689530633867529,0.8727154395520854,-0.622633553830979
kro010.SG,Sweden,Sweden_south_Post_Medieval.SG,274.0,0.2507354021072387,-1.2730464292991852,0.8546516418289998,-0.5819223424618883
kro011.SG,Sweden,Sweden_south_Post_Medieval.SG,274.0,0.523288905620575,-1.2789578958000831,0.8031311344885341,-0.5880446347142936
kvi001.SG,Sweden,Gotland_Viking.SG,1025.0,0.606617271900177,-1.2524534988988931,0.8713630678432633,-0.5888587156459941
vls696.SG,Sweden,Sweden_central_Late_Viking.SG,856.0,0.315858781337738,-1.2569063000037337,0.8360807813058563,-0.6107780891308684
wes001.SG,Sweden,Sweden_north_Medieval.SG,811.0,0.565740168094635,-1.232865730342645,0.84878846860561,-0.6024718252074233
ven001_viking.SG,Sweden,Sweden_central_PreViking.SG,1360.0,0.2736946046352386,-1.2624869494526363,0.8476581543165166,-0.6407348196857864
als010.SG,Sweden,Sweden_central_Late_Viking.SG,975.0,0.2126709073781967,-1.239188925871632,0.8829378124788486,-0.6073643040351574
als015.SG,Sweden,Sweden_central_Late_Viking.SG,1100.0,0.2055752873420715,-1.2763209830830171,0.8464837082315716,-0.6211015188007944
ful001.SG,Sweden,Sweden_central_Pre_Viking.SG,1637.0,0.0762173607945442,-1.269478463730521,0.8139621137426658,-0.5713420639530706
kro001.SG,Sweden,Sweden_south_Post_Medieval.SG,274.0,0.300573468208313,-1.313956496165011,0.858062403078897,-0.5808205402338943
kro002.SG,Sweden,Sweden_south_Post_Medieval.SG,274.0,0.1407941430807113,-1.2612318858615346,0.887870576144338,-0.6018125779553387
kro012.SG,Sweden,Sweden_south_Post_Medieval.SG,274.0,0.279203861951828,-1.2270922115413359,0.8214966071376115,-0.614356022792336
kro013.SG,Sweden,Sweden_south_Post_Medieval.SG,274.0,0.9784762859344482,-1.1821883429861904,0.7958351831496346,-0.6228103994924538
gor164.SG,Sweden,Sweden_central_Late_Viking.SG,900.0,0.9904193878173828,-1.2157017441295725,0.7849817333365217,-0.5948842328594617
gor358.SG,Sweden,Sweden_central_Late_Viking.SG,975.0,0.0889933854341507,-1.2842529399489044,0.8367181303576806,-0.6074079528711096
rtp001.SG,Sweden,Sweden_north_Pre_Viking.SG,1475.0,0.5225329995155334,-1.2586847869757951,0.8650119789395979,-0.5868299662990804
rtp003.SG,Sweden,Sweden_north_Pre_Viking.SG,1475.0,0.9689135551452636,-1.2792215120115495,0.7538114166714758,-0.5705177362982695
lov001.SG,Sweden,Sweden_central_Pre_Viking.SG,1453.0,0.7139641046524048,-1.227928639287129,0.827843302283684,-0.5759123534945642
kro008_viking.SG,Sweden,Sweden_South_Post_Medieval.SG,274.0,0.2787602543830871,-1.2824976061435762,0.9127356342156012,-0.5987439956553056
kro009_viking.SG,Sweden,Sweden_South_Post_Medieval.SG,274.0,0.4313117563724518,-1.270331312749851,0.8624481349321497,-0.5757284664267154
snb010.SG,Sweden,Sweden_south_Pre_Viking.SG,1475.0,0.9111534357070924,-1.2223343330999958,0.8382680766680817,-0.5938518991502174
snb012.SG,Sweden,Sweden_south_Pre_Viking.SG,1475.0,0.8785609006881714,-1.1767865951678578,0.8229010060147297,-0.5849673811313372
bro100.SG,Sweden,Sweden_central_Late_Viking.SG,975.0,0.3197614252567291,-1.2888122954856855,0.8688626600639594,-0.5693714877736151
snb019.SG,Sweden,Sweden_south_Pre_Viking.SG,1475.0,0.95543110370636,-1.2430425954770192,0.7147498804710971,-0.5861086272509031
stg018.SG,Sweden,Sweden_central_Late_Viking.SG,989.0,0.7117045521736145,-1.2600527318070343,0.8261133710217814,-0.5967109355624471
enb508.SG,Sweden,Sweden_central_Late_Viking.SG,925.0,0.9701000452041626,-1.2547277024436552,0.7962628240183284,-0.5992061008824408
snb013.SG,Sweden,Sweden_south_Pre_Viking.SG,1475.0,0.5802152752876282,-1.2314195935921002,0.8475184557550925,-0.5942565276653133
snb014.SG,Sweden,Sweden_south_Pre_Viking.SG,1475.0,0.978752076625824,-1.2748880668899558,0.6827801676631123,-0.5371526507985457
kro014.SG,Sweden,Sweden_south_Post_Medieval.SG,274.0,0.1921772062778473,-1.286950758093056,0.8719275462649915,-0.5728076356741137
kro015.SG,Sweden,Sweden_south_Post_Medieval.SG,274.0,0.2841462194919586,-1.2913062858559379,0.8622603484408006,-0.602832256299635
wes008.SG,Sweden,Sweden_north_Medieval.SG,811.0,0.5623833537101746,-1.2984459647625028,0.8535194900025296,-0.5792533585452175
als001.SG,Sweden,Sweden_central_Pre_Viking.SG,1363.0,0.8723500967025757,-1.2552638473374598,0.7961230142898593,-0.5314442096253018
als007.SG,Sweden,Sweden_central_Late_Viking.SG,975.0,0.2088785767555236,-1.228557044291272,0.7933954401666794,-0.6217349438977586
sal002.SG,Sweden,Sweden_central_Late_Viking.SG,975.0,0.9727302193641664,-1.3252126137239362,0.8269174832512245,-0.6169613654979956
kro008.SG,Greece,Greece_Crete_Krousonas_LBA.SG,3143.0,0.1660680025815963,-0.6951393636390104,-0.02079751801126482,2.191220208603644
kro009.SG,Greece,Greece_Crete_Krousonas_LBA.SG,3135.0,0.467062383890152,-0.7046693094396992,-0.03157300782634541,2.212217130984773
XAN003-007.AG,Greece,Greece_Crete_Chania_LBA.AG,3250.0,0.1955486238002777,-0.6757470010472658,-0.01718863281138702,2.1826772285936857
I3758_noDNU.AG,Spain,Spain_IA_Celt.AG,2226.0,0.7311050295829773,-1.1238410528364746,0.09113433472850141,-1.278137798403354
I6767_alt.AG,UnitedKingdom,England_Mesolithic.AG,10280.0,0.754246711730957,0.6662588423411074,-0.4460888715667467,0.4510104830803584
I2484.TW,Austria,Austria_Gravettian_twin.I2483.TW,30200.0,0.296588122844696,0.06161153821075734,-0.19740437042272888,-0.1319258000789573
I13890.AG,UnitedKingdom,England_N_Megalithic.AG,5600.0,0.6935482621192932,0.8591843700237726,-0.6755519542940377,0.6060515203058724
I13890.AG.TW,UnitedKingdom,England_N_Megalithic.AG.TW,5600.0,0.6958450675010681,0.882989975994835,-0.6234639744775179,0.6073448824829799
I13891.TW,UnitedKingdom,England_N_Megalithic.TW,5526.0,0.1090880632400512,0.9093092205164275,-0.5865384861945363,0.6105946852864138
I13891.AG,UnitedKingdom,England_N_Megalithic.AG,5526.0,0.5869864821434021,0.8380319427113035,-0.5963403962237303,0.6446300289743986
I13891.AG.TW,UnitedKingdom,England_N_Megalithic.AG.TW,5526.0,0.6190388798713684,0.9226768127167158,-0.6135632458853141,0.6207671389296892
I13897.AG,UnitedKingdom,England_N_Megalithic.AG,5600.0,0.6815345883369446,0.858627176542148,-0.7546524207556411,0.6128284700282571
I13897.AG.TW,UnitedKingdom,England_N_Megalithic.AG.TW,5600.0,0.6835653781890869,0.9707733386173164,-0.728120007477546,0.6199541723326303
I13898.TW,UnitedKingdom,England_N_Megalithic_son.I30334.TW,5569.0,0.6189926862716675,0.9022670499524981,-0.5661754792477771,0.5964198967887236
I13898.AG,UnitedKingdom,England_N_Megalithic_son.I30334.AG,5569.0,0.7597819566726685,0.9139301582324648,-0.6158086045224487,0.6007929666134437
I13898.AG.TW,UnitedKingdom,England_N_Megalithic_son.I30334.AG.TW,5569.0,0.8630428314208984,0.9223201290805173,-0.5852269698735666,0.6086500517488677
I13899.TW,UnitedKingdom,England_N_Megalithic.TW,5600.0,0.7267652750015259,0.8606047707740617,-0.6019770735204646,0.5851628318687967
I13899.AG,UnitedKingdom,England_N_Megalithic.AG,5600.0,0.647334635257721,0.9284235697309383,-0.6203443593531405,0.63565127840582
I13899.AG.TW,UnitedKingdom,England_N_Megalithic.AG.TW,5600.0,0.8601182699203491,0.9318464384172975,-0.5742236579594624,0.6086708475033507
I20821.TW,UnitedKingdom,England_N_Megalithic.TW,5486.0,0.8609690070152283,0.9216378965901162,-0.6286043257013223,0.5963802017764172
I20821.AG,UnitedKingdom,England_N_Megalithic.AG,5486.0,0.7741864919662476,0.91979568140319,-0.5826686246923128,0.5621889287311356
I20821.AG.TW,UnitedKingdom,England_N_Megalithic.AG.TW,5486.0,0.927886426448822,0.9146034429518082,-0.5893685640630556,0.66031678221902
I13895.TW,UnitedKingdom,England_N_Megalithic_father.I20821.son.I21390.TW,5600.0,0.7748880386352539,0.859058945277239,-0.5735640890683129,0.5787317472227478
I13895.AG,UnitedKingdom,England_N_Megalithic_father.I20821.son.I21390.AG,5600.0,0.7036576271057129,0.8733802655809937,-0.6536400492651054,0.6707795518271142
I13895.AG.TW,UnitedKingdom,England_N_Megalithic_father.I20821.son.I21390.AG.TW,5600.0,0.8873361349105835,0.9499589973963949,-0.6106531638894739,0.6333376493212663
I17866.AG,Italy,Italy_Sicily_Himera_409BCE.AG,2359.0,0.1532619744539261,-1.021728682731888,0.24947680205062137,0.4150952056382971
I13836.AG,Albania,Albania_Barc_PostMedieval.AG,448.0,0.8718780875205994,-0.4141185311674686,-0.7103794717767539,0.5447096849634652
I12437.AG,UnitedKingdom,England_N_Megalithic_father.I13888.father.I21393.father.I21389.father.I30304.son.I30334.son.I30300.AG,5600.0,0.4265510439872741,0.9640428517009209,-0.5550399899586764,0.6012584770023764
I21385.TW,UnitedKingdom,England_N_Megalithic.TW,5680.0,0.8556089997291565,0.9238148887819365,-0.5626311424222804,0.5582177978777542
I21385.AG,UnitedKingdom,England_N_Megalithic.AG,5680.0,0.7926428914070129,0.9156455538383323,-0.6445061241854799,0.6110537649147247
I21385.AG.TW,UnitedKingdom,England_N_Megalithic.AG.TW,5680.0,0.9327793121337892,0.9242127277537662,-0.5842716672463415,0.5857889998832603
I21387.AG,UnitedKingdom,England_N_Megalithic_mother.I21385.mother.I30332.AG,5600.0,0.1164780929684639,0.9743174413857436,-0.5607781661115941,0.5975587095723621
I21388.AG,UnitedKingdom,England_N_Megalithic_son.I30300.son.I21390.AG,5657.0,0.1011587083339691,0.9791304774909292,-0.6149984290689882,0.618059963632896
I21389.TW,UnitedKingdom,England_N_Megalithic.TW,5585.0,0.6888418793678284,1.0614136229046012,-0.5687924986868836,0.5102234170443554
I21389.AG,UnitedKingdom,England_N_Megalithic.AG,5585.0,0.1575976908206939,0.9162050372700346,-0.6106031472364767,0.58531046447652
I21389.AG.TW,UnitedKingdom,England_N_Megalithic.AG.TW,5585.0,0.7234757542610168,0.8763102788389286,-0.6129932115599831,0.5591009741264609
I21391.TW,UnitedKingdom,England_N_Megalithic.TW,5600.0,0.1286174654960632,0.9090667805703146,-0.6576922766805934,0.5796656634537817
I21391.AG.TW,UnitedKingdom,England_N_Megalithic.AG.TW,5600.0,0.1476861983537674,0.9149969957472721,-0.6424203069296232,0.583029187397766
I21393.TW,UnitedKingdom,England_N_Megalithic.TW,5600.0,0.8645618557929993,0.8787978450748656,-0.5829445633745192,0.6125450490183055
I21393.AG,UnitedKingdom,England_N_Megalithic.AG,5600.0,0.2837277352809906,0.9464399298755479,-0.6698072121008699,0.6308095867996927
I21393.AG.TW,UnitedKingdom,England_N_Megalithic.AG.TW,5600.0,0.8846889734268188,0.939803326623298,-0.6085050121191361,0.6262827762689817
I21395.TW,UnitedKingdom,England_N_Megalithic.TW,5416.0,0.6398805379867554,0.9494523498796105,-0.6376584825353963,0.6504570255306248
I21395.AG,UnitedKingdom,England_N_Megalithic.AG,5416.0,0.1353481262922287,0.9162193100882853,-0.5962471334059259,0.6072102252621617
I21395.AG.TW,UnitedKingdom,England_N_Megalithic.AG.TW,5416.0,0.6738274693489075,0.8915889786114539,-0.6881722327679858,0.6272657658870822
I24277.AG,Austria,Austria_N_LBK.AG,7100.0,0.5899248719215393,0.08140761191745771,-0.23054907452125467,-0.14200873806255396
I24280.AG,Austria,Austria_N_LBK.AG,7100.0,0.6198499202728271,0.08207558353200228,-0.20982712054138897,-0.1456553629445477
I17432.AG,Italy,Italy_Sicily_Himera_480BCE.AG,2430.0,0.1073443666100502,-1.0190249306110741,0.192732205794265,0.40347262897929526
I24276.AG,Austria,Austria_N_LBK.AG,7100.0,0.5775932669639587,0.07948796743732879,-0.22978460117961558,-0.13871623345427822
Gordinesti.SG,Moldova,Moldova_Gordinesti_I.SG,5250.0,0.7535378932952881,1.4335220260281498,-0.3438490204223177,-0.583853946529908
Pocrovca1.SG,Moldova,Moldova_Pocrovca_V.SG,5250.0,0.0663537234067916,1.4401483730395193,-0.36118111653297097,-0.566490904861066
Pocrovca2.SG,Moldova,Moldova_Pocrovca_V.SG,5250.0,0.9175134301185608,1.4222452944168034,-0.3501920434337069,-0.5632862147115689
MA1863.SG,Italy,Italy_Sicily_Epigravettian.SG,18104.0,0.3531219959259033,-0.9402715136800832,0.19403610879786615,0.35824576984718604
MA1864.SG,Italy,Italy_Sicily_Epigravettian.SG,18104.0,0.0752027779817581,-0.9756859538083383,0.18597811911443154,0.3676106043182513
NEV009.AG,Turkey,Turkey_Southeast_NevaliCori_PPN.AG,10041.0,0.4216119349002838,-0.7418330160680819,0.5685042496728089,0.975846448667183
NEV020.AG,Turkey,Turkey_Southeast_NevaliCori_Roman.AG,1791.0,0.7353150248527527,-0.7284832763584134,0.5599576147280387,0.9483087243339806
NEV021.AG,Turkey,Turkey_Southeast_NevaliCori_Roman.AG,1760.0,0.6124128699302673,-0.7607933548251073,0.5552171069664826,0.9761638037095604
NEV030.AG,Turkey,Turkey_Southeast_NevaliCori_IA.AG,2583.0,0.4736981689929962,-0.7393672600499203,0.5946626669207441,0.9312283698983622
NEO36.SG,Sweden,Sweden_MN_TRB_N.SG,5161.0,0.8880473971366882,-1.3982878106161902,0.8012572850352218,-0.5729109386761733
NEO38.SG,Sweden,Sweden_MN_TRB_N.SG,5037.0,0.1025017574429512,-1.24878416825077,0.8328299786088466,-0.5981269876710631
NEO39.SG,Sweden,Sweden_MN_TRB_N.SG,5039.0,0.1678270995616912,-1.3364381497674416,0.9022930915178052,-0.6272328277593444
NEO43.SG,Denmark,Denmark_SouthScandinavia_EN.SG,5608.0,0.1084278896450996,-0.843879854625958,0.39511042157552406,-0.17473181698585313
NEO44.SG,Sweden,Sweden_MN_BAC.SG,4391.0,0.1090239956974983,-1.2589194322604784,0.8488168184592921,-0.5825880516553862
NEO46.SG,Sweden,Sweden_EN.SG,5609.0,0.0984547585248947,-1.3028491719603978,0.8598833955650889,-0.5979322751242534
NEO492.SG,Ukraine,Ukraine_Mesolithic.SG,11275.0,0.0542516596615314,0.06805268771750057,0.8062124957812787,0.175238541725708
NEO121.SG,France,France_Chalcolithic.SG,4482.0,0.4068367481231689,-0.3364862064263402,-0.01523584511453455,-0.4433129197322062
NEO494.SG,Ukraine,Ukraine_Mesolithic_dup.VSL004.SG,11353.0,0.0624908246099948,0.09945328523583175,0.8053364513067547,0.1716112202629944
NEO497.SG,Ukraine,Ukraine_Mesolithic.SG,11275.0,0.0865822210907936,0.08786262336289735,0.8096580222394731,0.14435806097777446
NEO498.SG,Ukraine,Ukraine_Dnieper_N_Mariupol.SG,7458.0,0.8598019480705261,0.07096704834585651,0.802999547876547,0.15147177120335042
NEO501.SG,Ukraine,Ukraine_Mesolithic.SG,11254.0,0.1206872910261154,0.10067419581511464,0.7965856833393179,0.15252733874894522
NEO502.SG,Ukraine,Ukraine_Dnieper_N_Mariupol.SG,7126.0,0.7306694984436035,0.05410553235779325,0.7937145979699899,0.16396347129355712
NEO503.SG,Ukraine,Ukraine_Dnieper_N_Mariupol.SG,7250.0,0.2669801414012909,0.02745201670688406,0.8180645592942899,0.18459622183424074
NEO507.SG,Ukraine,Ukraine_Dnieper_N_Mariupol.SG,7371.0,0.2347290813922882,0.048229909597840744,0.8248568997388429,0.19089481868442484
NEO508.SG,Ukraine,Ukraine_Dnieper_N_Mariupol.SG,6761.0,0.0865157172083854,0.0766767799159719,0.7897482906808446,0.10960341687438926
NEO509.SG,Ukraine,Ukraine_Dnieper_EBA.SG,4669.0,0.8868365287780762,0.09430038668517227,0.8033293081427915,0.17847172024768
NEO122.SG,Denmark,Denmark_MM_Kongemose.SG,8160.0,0.4073152542114258,-0.8000290291014716,0.3634642422707053,-0.13863680199081924
NEO51.SG,Sweden,Sweden_MN_BAC.SG,4364.0,0.4958836734294891,-1.248691623452193,0.8481265804706626,-0.578520078927208
NEO516.SG,Ukraine,Ukraine_Dnieper_N.SG,7465.0,0.2508513629436493,0.07257533507473717,0.8260428033551489,0.15126736000338475
NEO518.SG,Ukraine,Ukraine_Dnieper_EIA.SG,2372.0,0.2752282321453094,0.09611462845846862,0.804516163886335,0.14640038488762439
NEO52.SG,Sweden,Sweden_LN.SG,3783.0,0.1027856171131134,-1.303144241568989,0.8767485522052414,-0.626700347230093
NEO521.SG,Ukraine,Ukraine_Dnieper_N.SG,8744.0,0.1414883732795715,0.04645232870995421,0.8369551851040891,0.2028760732582287
NEO522.SG,Ukraine,Ukraine_Dnieper_Mesolithic.SG,6475.0,0.0878960713744163,0.07714634142109882,0.808996356756572,0.18907357651973752
NEO524.SG,Ukraine,Ukraine_Dnieper_N_Mariupol.SG,7410.0,0.1039315909147262,0.08028076629215995,0.7999601481724646,0.206682111169656
NEO527.SG,Ukraine,Ukraine_Dnieper_Mesolithic.SG,11533.0,0.0798174887895584,0.06213234697642377,0.7803698147892362,0.16586031364133955
NEO528.SG,Ukraine,Ukraine_N.SG,7313.0,0.1925267577171325,0.0622463436162709,0.8233153568606918,0.18801551217642667
NEO123.SG,Denmark,Denmark_MM_Kongemose.SG,8249.0,0.2491749823093414,-0.8169860114090493,0.37524726572366573,-0.1892438374743857
NEO529.SG,Ukraine,Ukraine_N.SG,7253.0,0.0911198854446411,0.08604553397409487,0.8005203204193382,0.1888364931849454
NEO536.SG,Russia,Russia_Minino_Mesolithic.SG,10181.0,0.1767069697380066,0.5282352568590128,-0.10249248846779437,-0.26216885734319617
NEO537.SG,Russia,Russia_Minino_Mesolithic.SG,8434.0,0.1304203569889068,0.5469735989964669,-0.12145932160212898,-0.2826164055505587
NEO539.SG,Russia,Russia_Minino_Mesolithic.SG,10616.0,0.2250049263238906,0.4974723954453887,-0.10228648564472609,-0.2553837305312706
NEO551.SG,Ukraine,Ukraine_N_1d.rel.NEO528.NEO552.SG,7589.0,0.0719262510538101,0.07669465382845794,0.7813270736904823,0.1738366639440857
NEO552.SG,Ukraine,Ukraine_N.SG,7400.0,0.1603194773197174,0.06050917864810395,0.8230163054123374,0.18655298614583554
NEO128.SG,Czechia,Czechia_EN_LBK.SG,7096.0,0.0551178306341171,1.6754174490915545,-0.16833941894446589,0.173346782476284
NEO555.SG,Russia,Russia_Mesolithic_Veretye.SG,8456.0,0.8647508025169373,0.5025771970060467,-0.07062862511813582,-0.24003596556463144
NEO556.SG,Russia,Russia_Mesolithic_Veretye.SG,7458.0,0.6436736583709717,0.49482526390999637,-0.0890818768089117,-0.26658519525417207
NEO557.SG,Russia,Russia_Mesolithic_Veretye.SG,8342.0,0.4458055198192596,0.49251137185662314,-0.10760820791459383,-0.2533991368094003
NEO558.SG,Russia,Russia_Mesolithic_Veretye.SG,8264.0,0.4471364021301269,0.4928878501976913,-0.09865804304989055,-0.2595386847997086
NEO559.SG,Russia,Russia_Mesolithic_Veretye.SG,8449.0,0.6440540552139282,0.5193533017585269,-0.10185748724049364,-0.2695557881579153
NEO560.SG,Russia,Russia_Mesolithic_Veretye.SG,8117.0,0.7425582408905029,0.4861346711378302,-0.06850739381006418,-0.21585662504077452
NEO561.SG,Russia,Russia_Mesolithic_Veretye_mother.NEO560.SG,8409.0,0.7019698619842529,0.494430048426752,-0.09775602808627964,-0.2653171419592316
NEO563.SG,Denmark,Denmark_SouthScandinavia_EBA.SG,3380.0,0.5479471683502197,-0.8462892667409008,0.37796972194554534,-0.12895275554647534
NEO564.SG,Denmark,Denmark_SouthScandinavia_EN.SG,5519.0,0.0775604173541069,-0.8425483849446594,0.38964694375878967,-0.15186470828240664
NEO568.SG,Denmark,Denmark_LM_Ertebølle.SG,6457.0,0.8448556661605835,-0.7860935446732633,0.368713140697797,-0.13187664910986518
NEO569.SG,Denmark,Denmark_LM_Ertebølle_1d.rel.NEO568.SG,6351.0,0.4938593506813049,-0.7619142690104528,0.32669631959064105,-0.15323903281013052
NEO570.SG,Denmark,Denmark_LM_Ertebølle.SG,6701.0,0.9218159317970276,-0.7522169633822781,0.3648636178386347,-0.14445387862032055
NEO583.SG,Denmark,Denmark_LM_Ertebølle.SG,7297.0,0.1621564477682113,-0.7874122178264013,0.36942792497156085,-0.166767493514583
NEO586.SG,Denmark,Denmark_LM_Ertebølle.SG,7307.0,0.1864887028932571,-0.8010915183139482,0.37783401957723617,-0.18284676916919873
NEO130.SG,Hungary,Hungary_EN_Koros.SG,7758.0,0.0886122062802314,0.5857095178293614,-0.0415812917768651,-1.0463417492794518
NEO587.SG,Denmark,Denmark_EM_Maglemose.SG,7530.0,0.6712897419929504,-0.774308693317266,0.3446750477286618,-0.12269413365709914
NEO589.SG,Denmark,Denmark_MM_Kongemose.SG,7548.0,0.9949967861175536,-0.7742310367687718,0.3682013739633141,-0.12582394598284233
NEO590.SG,Denmark,Denmark_SouthScandinavia_EBA.SG,3271.0,0.6209172010421753,-0.8379942714590451,0.38361584054948455,-0.17430491666359135
NEO594.SG,Denmark,Denmark_SouthScandinavia_MN.SG,5138.0,0.0556084960699081,-0.8097216094186519,0.3739692076114054,-0.16628561869008868
NEO595.SG,Denmark,Denmark_SouthScandinavia_EN.SG,5581.0,0.1998527199029922,-0.838915211366095,0.41076931033322694,-0.14940380551658666
NEO597.SG,Denmark,Denmark_SouthScandinavia_EN.SG,5183.0,0.1592675894498825,-0.8262336898728211,0.3979113858296629,-0.1760319622799394
NEO598.SG,Denmark,Denmark_LM_Ertebølle.SG,6316.0,0.4857710301876068,-0.8191874746849162,0.38100394989179964,-0.1341320609679939
NEO599.SG,Denmark,Denmark_MN_TRB_N.SG,5096.0,0.1796963959932327,-0.8987732449196816,0.4108402765324209,-0.1841448380303509
NEO600.SG,Denmark,Denmark_MM_Kongemose.SG,7868.0,0.1015220433473587,-0.8088264650809059,0.38517155167782646,-0.1540953845454913
NEO137.SG,Hungary,Hungary_EN_Koros.SG,7547.0,0.1606568694114685,0.5751115625165145,-0.09666087853025873,-1.0623201769340338
NEO601.SG,Denmark,Denmark_SouthScandinavia_EN.SG,5768.0,0.0773860439658165,-0.8137465314741497,0.38290548991043405,-0.15537909420342172
NEO602.SG,Denmark,Denmark_SouthScandinavia_EN.SG,5136.0,0.0817055478692054,-0.8146145196743071,0.3709040968467951,-0.15052556819432442
NEO603.SG,Portugal,Portugal_LN.SG,4292.0,0.0705986097455024,-1.687539597197306,0.24378561913163832,-0.4998498978936799
NEO609.SG,Portugal,Portugal_LN.SG,4286.0,0.1202274411916732,-1.6466323310352902,0.24375040270326967,-0.4764370278074444
NEO624.SG,UnitedKingdom,Great_Britain_Orkney_N.SG,4903.0,0.805907130241394,0.9040223175533735,-0.5919378710041339,0.5706120557007472
NEO625.SG,UnitedKingdom,Great_Britain_Orkney_N_father.NEO624.SG,5138.0,0.613372266292572,0.8170522196979025,-0.5520296738974907,0.5972522834660364
NEO626.SG,UnitedKingdom,Great_Britain_Orkney_N.SG,5204.0,0.2831170558929443,1.0458484039649945,-0.633612808074849,0.5745190439645523
NEO627.SG,UnitedKingdom,Great_Britain_Orkney_N.SG,5138.0,0.3634860217571258,0.935123039600344,-0.6576400459716056,0.6078822179006751
NEO140.SG,Hungary,Hungary_MN_Tisza.SG,6671.0,0.136960431933403,0.6105627445718862,-0.09701133432524792,-1.014234461846004
NEO630.SG,UnitedKingdom,Great_Britain_Orkney_N.SG,4901.0,0.1952509880065918,0.950445556065701,-0.5627615633730508,0.5826987269356849
NEO631.SG,Portugal,Portugal_EN_Cardial.SG,7090.0,0.7509020566940308,-1.6235678064289545,0.23591621743506977,-0.4784523186177722
NEO632.SG,Portugal,Portugal_EN_Cardial.SG,7302.0,0.7165066599845886,-1.61895742242059,0.23758027160482184,-0.5023291548019095
NEO640.SG,Poland,Poland_Eneolithic_TRB.SG,5202.0,0.1820499897003173,-0.5337192849886151,-0.22457088789896504,-0.4985579959874128
NEO641.SG,Poland,Poland_Eneolithic_TRB.SG,5407.0,0.2319659292697906,-0.49394035113541945,-0.223044673069265,-0.5296633648876969
NEO645.SG,Denmark,Denmark_SouthScandinavia_EN_oMesolithic.SG,6056.0,0.1934488862752914,-0.8080771468374255,0.3969012502046563,-0.14155340613203257
NEO646.SG,Spain,Spain_Asturias_Mesolithic.SG,8413.0,0.775248110294342,-1.076087815156217,0.09757655370378256,-1.175309528028463
NEO648.SG,Spain,Spain_Asturias_Mesolithic.SG,7611.0,0.8368484377861023,-1.0954372570864144,0.07714593025175587,-1.1867412460122286
NEO142.SG,Hungary,Hungary_MN_Tisza.SG,6580.0,0.5388458967208862,0.5631264285753633,-0.029250694089644067,-0.97827512472183
NEO649.SG,Spain,Spain_Asturias_Chalcolithic.SG,4174.0,0.1895170658826828,-1.1207177219771622,0.06783804316455132,-1.2551311786515988
NEO650.SG,Spain,Spain_Asturias_Chalcolithic.SG,4096.0,0.0615143552422523,-1.1551722931511657,0.01738611025985181,-1.2263008657903325
NEO653.SG,Spain,Spain_Asturias_BA.SG,3418.0,0.2169166058301925,-1.1548424183210633,0.054787078604694485,-1.2173579812353124
NEO655.SG,Serbia,Serbia_IronGates_Mesolithic_oHighEEF.SG,9175.0,0.1706867665052414,-0.3045768550465309,0.8521013288124335,-0.06862164551317551
NEO657.SG,Serbia,Serbia_IronGates_Mesolithic_oHighEEF.SG,9175.0,0.0891774892807006,-0.30947419811751603,0.8457784349309209,-0.08520547834151175
NEO658.SG,Serbia,Serbia_IronGates_Mesolithic_oLowEEF_1d.or.2d.rel.I17391.SG,7920.0,0.4271236360073089,-0.3115820161539672,0.824150912993553,-0.0804746841822238
NEO669.SG,Serbia,Serbia_IronGates_Mesolithic_dup.I5407.SG,9800.0,0.2183472514152526,-0.31742271201406347,0.8472545885036494,-0.06332650932582273
NEO671.SG,Romania,Romania_LM_IronGates.SG,9188.0,0.136036679148674,-0.4136674419227104,0.19997529230515534,-0.00133869521302877
NEO143.SG,Hungary,Hungary_MN_Tisza.SG,6611.0,0.0517812855541706,0.5724596358665098,-0.11747895021185868,-1.039617598024105
NEO672.SG,Romania,Romania_LM_IronGates.SG,9361.0,0.3308570086956024,-0.4012310242537459,0.21766648986040157,-0.010122501044815414
NEO674.SG,Romania,Romania_N_IronGates.SG,5779.0,0.2199952453374862,-0.385673143621113,0.20093420571308512,-0.006642172204029585
NEO677.SG,Serbia,Serbia_IronGates_Mesolithic.SG,9175.0,0.2676443755626678,-0.29938019620443174,0.8388323204913772,-0.07796419639703416
NEO679.SG,Sweden,Sweden_LM_Ertebølle.SG,6862.0,0.1520219147205352,-1.2497940013195983,0.8484982747331012,-0.5621907882470408
NEO683.SG,Denmark,Denmark_MM_Kongemose.SG,7724.0,0.7198286056518555,-0.8005739051044017,0.3645580024407995,-0.14217967028358616
NEO694.SG,Spain,Spain_Alicante_Mesolithic.SG,9477.0,0.2361686378717422,-1.0999008259702991,0.08765006641873009,-1.1605697300539846
NEO695.SG,Italy,Italy_N.SG,7455.0,0.2909442186355591,-1.0311977992904398,0.20367807192055554,0.48457099600393055
NEO145.SG,Hungary,Hungary_MN_Tisza.SG,6704.0,0.2000814229249954,0.5255564286330341,-0.06518873794977138,-1.0576913373011223
NEO702.SG,Denmark,Denmark_SouthScandinavia_EN.SG,5262.0,0.0725483000278472,-0.8081828793123182,0.35014545495601834,-0.1561872013237805
NEO717.SG,UnitedKingdom,Great_Britain_Orkney_N.SG,4906.0,0.383884847164154,0.94940956719023,-0.6097981675303807,0.6025063902523128
NEO721.SG,Spain,Spain_Madrid_Chalcolithic.SG,4450.0,0.2435586601495742,-1.1792900209465254,0.1129467950300755,-1.2400000813324277
NEO732.SG,Denmark,Denmark_LM_Ertebølle_1d.rel.NEO733.SG,7086.0,0.1303206086158752,-0.7930668657957167,0.3742573946379169,-0.1504440239961974
NEO733.SG,Denmark,Denmark_LM_Ertebølle.SG,7086.0,0.6470142602920532,-0.8143928501908708,0.39459119860426145,-0.16702657418541877
NEO735.SG,Denmark,Denmark_SouthScandinavia_LN.SG,3973.0,0.4353863298892975,-0.8016373079629338,0.36972144390877065,-0.17509959204106038
NEO737.SG,Denmark,Denmark_SouthScandinavia_LN.SG,4124.0,0.1909655481576919,-0.870942562693232,0.39737270675260855,-0.17345642582356136
NEO147.SG,Hungary,Hungary_MN_Tisza.SG,6679.0,0.2548334896564483,0.5473429339050931,-0.04991124438140725,-1.0167105019200031
NEO738.SG,Denmark,Denmark_SouthScandinavia_LN.SG,4201.0,0.6223965287208557,-0.8258553256553351,0.3781371204434893,-0.15915368734015198
NEO739.SG,Denmark,Denmark_SouthScandinavia_LN.SG,3983.0,0.7491980791091919,-0.8290214306345537,0.4008599851578782,-0.1707249689706223
NEO744.SG,Denmark,Denmark_SouthScandinavia_EN.SG,5406.0,0.1408184617757797,-0.8194404206151509,0.38062752381634735,-0.14817470007342115
NEO745.SG,Denmark,Denmark_LM_Ertebølle.SG,6983.0,0.2412910461425781,-0.8051465378540704,0.360031246807074,-0.13279068956867016
NEO746.SG,Denmark,Denmark_LM_Ertebølle.SG,7171.0,0.075724259018898,-0.8039846407795399,0.3736169362225504,-0.14582416200400808
NEO747.SG,Denmark,Denmark_LM_Ertebølle.SG,6908.0,0.1463488191366195,-0.8060202816995685,0.3809499061054222,-0.14199967263030705
NEO748.SG,Denmark,Denmark_LM_Ertebølle.SG,7274.0,0.0637576431035995,-0.8125945122045429,0.36623437707601175,-0.15940269255322137
NEO749.SG,Denmark,Denmark_LM_Ertebølle.SG,7096.0,0.7947701811790466,-0.808493056196707,0.36567916546498946,-0.13834388981644324
NEO751.SG,Denmark,Denmark_LM_Ertebølle.SG,6563.0,0.1954448223114013,-0.7920828852044537,0.36057150850296465,-0.14858316152116702
NEO148.SG,Hungary,Hungary_MN_Tisza.SG,6567.0,0.0704931765794754,0.5514215851803018,-0.151769473714198,-1.0654986530012351
NEO752.SG,Denmark,Denmark_SouthScandinavia_LN.SG,3759.0,0.8485490679740906,-0.8365721410411188,0.37460049677307217,-0.15841334190440373
NEO753.SG,Denmark,Denmark_SouthScandinavia_EN.SG,5523.0,0.1554663181304931,-0.8870264109731203,0.40640649423092984,-0.193666142000431
NEO757.SG,Denmark,Denmark_SouthScandinavia_EN.SG,5412.0,0.0851823911070823,-0.8152543237487911,0.3796494484803126,-0.15251729738969486
NEO759.SG,Denmark,Denmark_EM_Maglemose.SG,9167.0,0.8958162069320679,-0.7745196573098374,0.35517480952652164,-0.15099149682812732
NEO790.SG,Denmark,Denmark_SouthScandinavia_EN.SG,5693.0,0.4874384999275207,-0.8124830560144328,0.36597085979386573,-0.1252212778537805
NEO791.SG,Denmark,Denmark_MM_Kongemose.SG,7100.0,0.8997577428817749,-0.7516959340026289,0.3840736703948714,-0.14056156312038898
NEO149.SG,Hungary,Hungary_MN_Tisza.SG,6933.0,0.075699932873249,0.5653567060540338,-0.09026096136461198,-1.008282656900182
NEO792.SG,Denmark,Denmark_MN_TRB_N_CWC.SG,4451.0,0.2272863239049911,-0.7947014809139897,0.3806837166912163,-0.14425098430563124
NEO806.SG,Italy,Italy_BA.SG,3163.0,0.7309825420379639,-1.0202164156881168,0.12303179705521558,0.328077753480245
NEO814.SG,Denmark,Denmark_SouthScandinavia_Mesolithic.SG,7305.0,0.0514860749244689,-0.8240149584459745,0.3631446358800487,-0.14322046996701684
NEO815.SG,Denmark,Denmark_SouthScandinavia_EBA.SG,3430.0,0.0962171554565429,-0.8201933275048686,0.37440877516391974,-0.14949226317679723
NEO158.SG,Russia,Russia_UpperVolga_Eneolithic_Volosovo.SG,6021.0,0.1130580157041549,0.5318170727490721,-0.11357723446943342,-0.2716500488647655
NEO822.SG,Denmark,Denmark_SouthScandinavia_Mesolithic.SG,7176.0,0.0564041100442409,-0.8160336978281005,0.3717423955076494,-0.15349613781134056
NEO823.SG,Italy,Italy_Eneolithic.SG,4665.0,0.3281765878200531,-1.0209841123059953,0.18804510888211529,0.40848305008389346
NEO828.SG,Italy,Italy_Eneolithic_Gaudo.SG,5100.0,0.0775531157851219,-1.0541900075231911,0.21259882007155365,0.4039715507976169
NEO830.SG,Italy,Italy_Eneolithic_Rinaldone.SG,5348.0,0.0953696370124816,-1.0100706492813945,0.17105420146406286,0.4001098745750311
NEO834.SG,Italy,Italy_EN.SG,7365.0,0.0789886265993118,-1.0552789459245768,0.21738259389472125,0.4171909620885808
NEO160.SG,Russia,Russia_Don_Eneolithic_SeredniiStih.SG,5792.0,0.7433676719665527,0.5002487357014179,-0.09310083749885463,-0.2366695535885264
NEO847.SG,UnitedKingdom,Great_Britain_Gloucestershire_N.SG,5416.0,0.7258625626564026,0.8014366360879333,-0.5194250266487035,0.5524418686012746
NEO852.SG,Denmark,Denmark_LM_Ertebølle.SG,6564.0,0.1759267747402191,-0.7948697959128751,0.3801232076961521,-0.1415959939514857
NEO853.SG,Denmark,Denmark_LM_Ertebølle.SG,6253.0,0.805630624294281,-0.7714140900814976,0.3821038976051701,-0.15508055331421627
NEO855.SG,Denmark,Denmark_LM_Ertebølle.SG,6574.0,0.7482589483261108,-0.7715356107569427,0.3783245760240046,-0.14843284168699283
NEO856.SG,Denmark,Denmark_LM_Ertebølle.SG,7128.0,0.4410918653011322,-0.79088942079526,0.343804747212956,-0.14612466039258065
NEO860.SG,Denmark,Denmark_SouthScandinavia_LN.SG,3836.0,0.1606803834438324,-0.8413145802373069,0.3968854495575425,-0.14762692446594475
NEO861.SG,Denmark,Denmark_SouthScandinavia_LN.SG,4068.0,0.3083803653717041,-0.8382810457503366,0.4053362750739352,-0.1587090517038003
NEO865.SG,Denmark,Denmark_SouthScandinavia_EN.SG,5392.0,0.0738159269094467,-0.8324901001045015,0.4033188373563557,-0.18002521485773337
NEO866.SG,Denmark,Denmark_SouthScandinavia_EN.SG,5412.0,0.7266760468482971,-0.8266281810090653,0.3938396313528439,-0.15681607735755818
NEO162.SG,Russia,Russia_Don_Eneolithic_SeredniiStih.SG,7253.0,0.1404754072427749,0.5315695649846359,-0.10702635415347751,-0.2842402186745012
NEO87.SG,Russia,Russia_VolgaOka_LM.SG,8419.0,0.1931820660829544,0.4893982141450062,-0.16507310113632725,-0.2620173877578121
NEO870.SG,Denmark,Denmark_SouthScandinavia_LN.SG,4210.0,0.4304455816745758,-0.8535462168861246,0.4007215166931529,-0.1746628265082312
NEO872.SG,Denmark,Denmark_TRB_N_CWC.SG,3993.0,0.0810121223330497,-0.8465373637170597,0.39534723571747543,-0.14047836567691008
NEO875.SG,Denmark,Denmark_TRB_N_CWC.SG,4156.0,0.1545969098806381,-0.847592405926258,0.37318587425466115,-0.16122293735209656
NEO878.SG,Denmark,Denmark_SouthScandinavia_LN.SG,3997.0,0.2205662131309509,-0.8225183297739577,0.3878760790720202,-0.1536740544028876
NEO88.SG,Russia,Russia_VolgaOka_LM.SG,8265.0,0.9187048077583312,0.4821191627753786,-0.07158981034870843,-0.25154006286403485
NEO886.SG,Denmark,Denmark_SouthScandinavia_EN.SG,5417.0,0.1995007395744323,-0.8537644892832232,0.3767779358901443,-0.15060956802812653
NEO888.SG,Denmark,Denmark_SouthScandinavia_EN.SG,5345.0,0.0552029870450496,-0.8322831724580105,0.3716481854228443,-0.16016338245547343
NEO891.SG,Denmark,Denmark_SouthScandinavia_EN.SG,5674.0,0.4019973874092102,-0.8616107343326802,0.3967258374337706,-0.14614240627361955
NEO163.SG,Russia,Russia_Don_Eneolithic_SeredniiStih.SG,5826.0,0.2142523974180221,0.5184281437899239,-0.09905707614739077,-0.2702932577611453
NEO896.SG,Denmark,Denmark_SouthScandinavia_EN.SG,5402.0,0.1004441976547241,-0.8342816529629642,0.37645438680686777,-0.17319381843052387
NEO898.SG,Denmark,Denmark_SouthScandinavia_MN_oMesolithic.SG,5167.0,0.8616470098495483,-0.8148120721089377,0.38777059436646827,-0.15699204520812335
NEO91.SG,Denmark,Denmark_EM_Maglemose.SG,9112.0,0.6834153532981873,-0.815192553924967,0.39024516536325815,-0.15730671934009835
NEO164.SG,Russia,Russia_Don_Eneolithic_SeredniiStih.SG,5988.0,0.2278280854225158,0.5146558295795601,-0.1193674814954916,-0.3094920953562344
NEO92.SG,Denmark,Denmark_SouthScandinavia_LN.SG,4173.0,0.4888958930969238,-0.8299995280084043,0.39661022517063976,-0.16894255124962185
NEO166.SG,Russia,Russia_Don_Eneolithic_SeredniiStih.SG,5910.0,0.8802194595336914,0.48951663727513506,-0.0778894440885119,-0.25439236491934786
NEO925.SG,Denmark,Denmark_EN_TRB_N.SG,5170.0,0.2749922275543213,-0.8710875828666322,0.3947563466515374,-0.1490852832265517
NEO93.SG,Denmark,Denmark_SouthScandinavia_LN.SG,3743.0,0.8619982004165649,-0.8563246026032327,0.41267151044047484,-0.15249329827771563
NEO932.SG,Denmark,Denmark_MM_Kongemose.SG,7530.0,0.8916904926300049,-0.7601092434826286,0.3754955239021206,-0.14149787730499308
NEO933.SG,Denmark,Denmark_SouthScandinavia_EN.SG,5402.0,0.3916203677654266,-0.8345683016552575,0.3696498993251913,-0.16494173373894974
NEO934.SG,Denmark,Denmark_SouthScandinavia_LN.SG,3808.0,0.0749310851097107,-0.8420472609359537,0.3823021017216042,-0.18233324484221441
NEO935.SG,Denmark,Denmark_SouthScandinavia_EN.SG,5204.0,0.9818501472473145,-0.841425404626291,0.3830959565630925,-0.18042781988081116
NEO938.SG,Spain,Spain_Asturias_Mesolithic.SG,7972.0,0.3770090043544769,-1.092343060417609,0.08860555371452646,-1.1947825140483408
NEO941.SG,Denmark,Denmark_LM_Ertebølle.SG,6733.0,0.117082305252552,-0.8091044310207068,0.3618733644449133,-0.14198071059731954
NEO942.SG,Denmark,Denmark_SouthScandinavia_EN.SG,5547.0,0.5290803909301758,-0.8105828478304646,0.3947702636291818,-0.17312328451993664
NEO167.SG,Russia,Russia_Don_Eneolithic_SeredniiStih.SG,5835.0,0.4547162055969238,0.5289018797494216,-0.13476459696497936,-0.30558215505967823
NEO943.SG,Denmark,Denmark_TRB_N_CWC.SG,4574.0,0.7975496053695679,-0.7882014295439705,0.380653238342071,-0.17391271369184766
NEO945.SG,Denmark,Denmark_SouthScandinavia_EN.SG,5399.0,0.7138886451721191,-0.8181141631349911,0.37453553074761997,-0.16699352110044383
NEO946.SG,Denmark,Denmark_SouthScandinavia_BA.SG,3123.0,0.7051758766174316,-0.8373616912428825,0.39012967594812115,-0.17136628965452694
NEO951.SG,Denmark,Denmark_SouthScandinavia_EBA.SG,3271.0,0.3863219618797302,-0.8234383376272677,0.38314322982454,-0.15225667265654064
NEO960.SG,Denmark,Denmark_EN_TRB_N.SG,6060.0,0.1253271400928497,-0.8249151317154659,0.3538992650930708,-0.13007683757142446
NEO168.SG,Russia,Russia_Don_Eneolithic_SeredniiStih_1d.rel.NEO171.SG,5698.0,0.0626570880413055,0.5298442475494077,-0.10734657607850161,-0.25616355358751663
NEO17.SG,Norway,Norway_Mesolithic.SG,9384.0,0.6614455580711365,-0.14908778591664631,0.7655368474396795,-0.9887212627695681
NEO170.SG,Russia,Russia_Don_Eneolithic_SeredniiStih.SG,5779.0,0.3413248658180237,0.5096115090152427,-0.13401181820826186,-0.277859343247474
NEO171.SG,Russia,Russia_Don_Eneolithic_SeredniiStih.SG,6094.0,0.5455514192581177,0.49752367538722003,-0.08651439582828975,-0.2845188584073417
NEO172.SG,Russia,Russia_Don_N.SG,7052.0,0.0724890977144241,0.5243908742492642,-0.11144196452341995,-0.26427933385776203
NEO173.SG,Russia,Russia_Don_Eneolithic_SeredniiStih.SG,6537.0,0.5213878750801086,0.5143406874048504,-0.11629951062674691,-0.2778791253101984
NEO174.SG,Russia,Russia_Don_Eneolithic_SeredniiStih.SG,5526.0,0.6977550387382507,0.4933255943829318,-0.10249683410638963,-0.277865287933735
NEO175.SG,Russia,Russia_Don_MBA_Catacomb.SG,4562.0,0.3402770161628723,0.5023559098446156,-0.11874531219099582,-0.2872949589098402
NEO178.SG,Russia,Russia_UpperVolga_Eneolithic_Volosovo.SG,5413.0,0.2918152511119842,0.5124817815603876,-0.12227227873119866,-0.2570804834040712
NEO179.SG,Russia,Russia_UpperVolga_Eneolithic_Volosovo.SG,5611.0,0.4807897508144378,0.521199403432589,-0.10389954461012382,-0.28734860939670864
NEO18.SG,Sweden,Sweden_Mesolithic.SG,9830.0,0.9217291474342346,-1.12440267762557,0.850847339586461,-0.5012112472648017
NEO180.SG,Russia,Russia_UpperVolga_Eneolithic_Volosovo.SG,6084.0,0.3349040150642395,0.511561858130373,-0.13869259372781576,-0.25644148926498417
NEO181.SG,Russia,Russia_UpperVolga_Eneolithic_Volosovo.SG,6089.0,0.0696878284215927,0.5370112596533114,-0.10627307383830135,-0.25183771831199864
NEO182.SG,Russia,Russia_UpperVolga_Eneolithic_Volosovo.SG,5416.0,0.0745255723595619,0.5403042823650424,-0.1083203072351437,-0.26511076363337577
NEO183.SG,Russia,Russia_UpperVolga_Eneolithic_Volosovo.SG,5707.0,0.0781540796160698,0.5412813071795343,-0.12091664104319753,-0.24892611397011016
NEO184.SG,Russia,Russia_UpperVolga_LN_Lyalovo.SG,5708.0,0.5115436911582947,0.48390483650102506,-0.09476637077767339,-0.2539791812790265
NEO185.SG,Russia,Russia_UpperVolga_LN_Lyalovo.SG,7258.0,0.712273120880127,0.4793646762734793,-0.10155436704336047,-0.2635480621483311
NEO186.SG,Russia,Russia_UpperVolga_LN_Lyalovo.SG,7169.0,0.3028573095798492,0.5333246521113512,-0.12340555633749783,-0.2806741513995477
NEO187.SG,Russia,Russia_UpperVolga_Eneolithic_Volosovo.SG,5262.0,0.1644078344106674,0.5155471329238616,-0.1115552185911071,-0.3143616441206964
NEO113.SG,Russia,Russia_Don_N_Mariupol.SG,7458.0,0.1229524761438369,0.5063017328758861,-0.06593705074949135,-0.2765608318481403
NEO188.SG,Russia,Russia_UpperVolga_Eneolithic_Volosovo.SG,5610.0,0.0602556504309177,0.5165491201200298,-0.10068678450916152,-0.2537679412215387
NEO189.SG,Russia,Russia_UpperVolga_Eneolithic_Volosovo.SG,5833.0,0.449689507484436,0.48888838651022,-0.10295814530754485,-0.29341964711201685
NEO19.SG,Denmark,Denmark_MM_Kongemose.SG,8268.0,0.882607102394104,-0.7938802490963734,0.38130021713634143,-0.1179336277673989
NEO192.SG,Russia,Russia_UpperVolga_LN_Lyalovo.SG,7101.0,0.2599356174468994,0.4940424466656521,-0.13610047406516554,-0.22005823877899783
NEO193.SG,Russia,Russia_UpperVolga_Eneolithic_Volosovo.SG,5699.0,0.2124081403017044,0.5391190804737942,-0.11684670341455936,-0.24992545607609593
NEO194.SG,Russia,Russia_UpperVolga_Eneolithic_Volosovo.SG,5829.0,0.8095218539237976,0.48115935089244977,-0.09482609921177301,-0.2492900347794023
NEO195.SG,Russia,Russia_UpperVolga_Eneolithic_Volosovo.SG,5814.0,0.4530584812164306,0.5150268056300303,-0.10515587707303636,-0.27000853845088413
NEO197.SG,Russia,Russia_UpperVolga_Eneolithic_Volosovo.SG,5494.0,0.4656479656696319,0.5039984280789995,-0.11940871938303517,-0.28065191341068274
NEO202.SG,Russia,Russia_Mesolithic_Veretye.SG,11500.0,0.880704402923584,0.5015908771742064,-0.06719988810459675,-0.24671427211590208
NEO204.SG,Russia,Russia_Don_N_Mariupol.SG,7412.0,0.0693399012088775,0.530768218648507,-0.11518304225646278,-0.30495556024726844
NEO207.SG,Russia,Russia_Don_N_Mariupol.SG,7274.0,0.0612134672701358,0.5522885917385051,-0.10626776787996403,-0.2752858817159901
NEO209.SG,Russia,Russia_Don_N_Mariupol.SG,7457.0,0.0639555305242538,0.5194149788597628,-0.11278457971933893,-0.27098850732513546
NEO210.SG,Russia,Russia_Don_N_Mariupol.SG,7507.0,0.0647414103150367,0.5439291555936466,-0.1406109191041105,-0.2622377233984738
NEO212.SG,Russia,Russia_Don_N_Mariupol.SG,7547.0,0.9393566846847534,0.5338581664958225,-0.10015025146341001,-0.27587764255782155
NEO220.SG,Sweden,Sweden_LN_EBA.SG,3941.0,0.440863162279129,-1.242719964206253,0.8388133991673173,-0.5775200117990668
NEO221.SG,Sweden,Sweden_LN_EBA.SG,3653.0,0.0663293898105621,-1.2896014027826972,0.8667091766141484,-0.5783450954398428
NEO224.SG,Sweden,Sweden_LN_EBA.SG,3874.0,0.147858127951622,-1.2647125104331842,0.864628178188827,-0.5808435904727582
NEO225.SG,Sweden,Sweden_LN_EBA.SG,3703.0,0.9644602537155152,-1.355500341243625,0.7223411663468348,-0.5481542130006539
NEO226.SG,Sweden,Sweden_LN_EBA.SG,3716.0,0.3304888010025024,-1.2324508966564842,0.8554266753769164,-0.5793261182315352
NEO227.SG,Sweden,Sweden_LN_EBA.SG,3879.0,0.1264601498842239,-1.244284309949164,0.8592461919269674,-0.5802038487992545
NEO228.SG,Sweden,Sweden_LN_EBA.SG,3796.0,0.162627637386322,-1.2601903567634996,0.8739266223841488,-0.5901934218344819
NEO25.SG,Denmark,Denmark_SouthScandinavia_MN.SG,5085.0,0.3287467360496521,-0.7902464518415171,0.39615627367383616,-0.15616950289488793
NEO254.SG,Denmark,Denmark_EM_Maglemose.SG,10420.0,0.3256778419017792,-0.7730843170261128,0.3637274103735527,-0.14073104887639154
NEO259.SG,Sweden,Sweden_MN_TRB_N.SG,4915.0,0.0510529913008213,-1.3012689857520223,0.8719715834820058,-0.5935783927197049
NEO261.SG,Sweden,Sweden_LN.SG,3966.0,0.933515727519989,-1.26577102893093,0.7875985934552115,-0.6498841537058501
NEO262.SG,Ukraine,Ukraine_Dnieper_N_Mariupol.SG,7017.0,0.0699270814657211,0.02219511575595023,0.8206344344708091,0.17533541361440166
NEO265.SG,Ukraine,Ukraine_Dnieper_N_Mariupol.SG,6017.0,0.0861134454607963,0.051643718899101305,0.8439205551860253,0.15736357457791703
NEO268.SG,Ukraine,Ukraine_Dnieper_N_Mariupol.SG,7642.0,0.0861807614564895,0.05496748449253066,0.7744781122355654,0.1599603726418619
NEO27.SG,Sweden,Sweden_Mesolithic.SG,9648.0,0.9307193160057068,-1.1089723154147124,0.8470018484670622,-0.48924989612668257
NEO270.SG,Ukraine,Ukraine_Dnieper_N_Mariupol.SG,7605.0,0.1249994933605194,0.04966249659190952,0.8109199328592495,0.17521027049390442
NEO278.SG,Ukraine,Ukraine_Don_LBA_EIA.SG,2929.0,0.0555598363280296,0.09672611818887657,0.8143970774520845,0.19710586218564577
NEO28.SG,Denmark,Denmark_SouthScandinavia_EN.SG,5485.0,0.6029587388038635,-0.8406839160744415,0.3929326913923595,-0.1598175378041442
NEO119.SG,France,France_Chalcolithic.SG,4337.0,0.1090126410126686,-0.30275595204632616,-0.03127789291580369,-0.46704808961458427
NEO29.SG,Denmark,Denmark_SouthScandinavia_EN.SG,5521.0,0.4476668238639831,-0.8223092932946263,0.38689290441819607,-0.16870659864667545
NEO300.SG,Ukraine,Ukraine_Dnieper_N_Mariupol.SG,7244.0,0.8774359822273254,0.07185346989542327,0.8193575831357546,0.1637329891698499
NEO302.SG,Ukraine,Ukraine_Dnieper_N_Mariupol.SG,7328.0,0.9262919425964355,0.05156327143842761,0.7899781577882506,0.16543067914274023
NEO304.SG,Ukraine,Ukraine_Dnieper_N_Mariupol.SG,7450.0,0.7078473567962646,0.025112536831539686,0.8182877455537886,0.16472863064248244
NEO305.SG,Ukraine,Ukraine_N_1d.rel.NEO302.SG,7102.0,0.8738828897476196,0.09182663085794247,0.7961475589161878,0.16496437640596048
NEO306.SG,Estonia,Estonia_CWC.SG,4453.0,0.8874237537384033,0.3005762904979262,0.15215181876877046,-0.18538732474989394
NEO307.SG,Latvia,Latvia_MM_Kunda.SG,8104.0,0.3904987275600433,0.13762808483037428,0.03256419771365305,0.04212652305068804
NEO120.SG,France,France_BA.SG,3314.0,0.0821791812777519,-0.30445621162480546,-0.025116831966339202,-0.4551313575957396
poz1039.SG,Poland,Poland_Mokrzec_Mierzanowice_BA.SG,4113.0,0.2370461672544479,-0.5218180460297139,-0.21400114044902943,-0.4798726168931643
buk002.SG,Romania,Romania_Negrilesti_StarcevoCris_EN.SG,7494.0,0.0648216977715492,-0.4381751478820521,0.20228986425801687,-0.007804737816351047
buk004.SG,Romania,Romania_Gumelnita_Gumelnita_LN_Eneolithic.SG,5880.0,0.1239102929830551,-0.40320549243297565,0.19663313524538747,0.004320250975941417
buk010.SG,Romania,Romania_Garlesti_Salcuta_EN.SG,7411.0,0.1470057517290115,-0.39015950075582606,0.193391641817221,-0.0035841290678455284
buk019.SG,Romania,Romania_Curatesti_Boian_LN_Eneolithic.SG,6833.0,0.3839432299137115,-0.4147522918474049,0.2029835589461596,0.007976053538216038
buk022.SG,Romania,Romania_Curatesti_Boian_LN_Eneolithic.SG,6833.0,0.3283582627773285,-0.4283331249081908,0.19153417101749656,-0.010584860804100208
buk023.SG,Romania,Romania_Curatesti_Boian_LN_Eneolithic_contam_1d.rel.buk019.SG,6782.0,0.1607233732938766,-0.3938172511110997,0.19960022044278267,-0.010150429901812873
lbk102.SG,Poland,Poland_Kruszyn_ELBK_N.SG,6100.0,0.2843660116195678,-0.49429748941883167,-0.19830725926322723,-0.4967812353519253
lbk104.SG,Poland,Poland_Kruszyn_ELBK_N.SG,6100.0,0.2354719638824463,-0.5193280607765254,-0.2158956354125504,-0.5098756209831026
lbk138.SG,Poland,Poland_KruszaZamkowa_LLBK_LLengyel_N.SG,6111.0,0.4288811087608337,-0.4945949323623043,-0.2044102616883871,-0.5039540860105576
poz120.SG,Poland,Poland_KruszaZamkowa_LLBK_LLengyel_N.SG,6144.0,0.9192498326301576,-0.5215994840296219,-0.25187428691319197,-0.4575101110278458
poz177.SG,Poland,Poland_Ksiaznice_LublinVolhynian_Eneolithic_contam.SG,5927.0,0.8904488682746887,-0.5259263652979931,-0.23560982375958697,-0.4952001725127361
poz177_d.SG,Poland,Poland_Ksiaznice_LublinVolhynian_Eneolithic.SG,5927.0,0.2611626982688904,-0.5453923971700397,-0.20570618039963418,-0.4701002819759096
poz236.SG,Poland,Poland_Racot_LLBK_LLengyel_N.SG,6131.0,0.637823760509491,-0.49270125610720794,-0.21976699177763842,-0.518561836098834
poz252.SG,Poland,Poland_Siniarzewo_LLBK_LLengyel_N.SG,6391.0,0.4511452913284302,-0.5192041592881886,-0.229853477127252,-0.5113632386093847
poz275.SG,Poland,Poland_Ksiaznice_LublinVolhynian_Eneolithic.SG,5782.0,0.7153071165084839,-0.5184550236007794,-0.2254498958969768,-0.5199721901008532
poz297.SG,Poland,Poland_Lojewo_Mesolithic_contam.SG,7500.0,0.2649761140346527,-0.49759724174075676,-0.21926128020379995,-0.5004323891048309
poz375.SG,Poland,Poland_Bronocice_LublinVolhynian_Eneolithic.SG,5780.0,0.1552846580743789,-0.48019095909711895,-0.2211292295528735,-0.5113829644644128
poz503.SG,Poland,Poland_Kamienskie_Mesolithic.SG,8597.0,0.0732563212513923,-0.5070223977237812,-0.18562225513338335,-0.469328297746952
rom011.SG,Romania,Romania_Iclod_LN_Eneolithic_contam.SG,6711.0,0.3124841451644897,-0.408412200784739,0.21077017656326005,-0.011631338159272003
rom011_d.SG,Romania,Romania_Iclod_LN_Eneolithic.SG,6711.0,0.0614324435591697,-0.40124680035947186,0.1927565097481533,-0.0059467239236724225
rom047.SG,Romania,Romania_DeceaMuresului_LN_Eneolithic_contam.SG,6209.0,0.1877895891666412,-0.3756100569884706,0.2005330620284943,-0.026534867529466953
rom057_rom058.SG,Romania,Romania_Baciu_StarcevoCris_EN.SG,7504.0,0.6968434453010559,-0.3999023392548698,0.18236311388859636,0.006177035643954956
rom061.SG,Romania,Romania_IronGates_Mesolithic_dup.I4081.SG,9487.0,0.3690390884876251,-0.40471807358198625,0.2144153708859011,-0.010278670140500535
rom066.SG,Romania,Romania_IronGates_Mesolithic_dup.I4582.SG,8510.0,0.1669211983680725,-0.3968145164940085,0.1964895622044203,-0.006247348153003685
ukr005.SG,Ukraine,Ukraine_N_contam_dup.I5878.SG,7296.0,0.1954375207424163,0.04072840474573833,0.8460243733335965,0.19702555527066504
ukr033.SG,Ukraine,Ukraine_Nikolske_N.SG,6521.0,0.057646594941616,0.07455908888037026,0.7951370959862573,0.18978099700204368
ukr087.SG,Ukraine,Ukraine_N.SG,7233.0,0.4475078582763672,0.06446845097270586,0.7916468197195139,0.16476542692842922
ukr102.SG,Ukraine,Ukraine_Mesolithic_contam.SG,8383.0,0.9364986419677734,0.055124957049818145,0.809200074004077,0.17560577255739296
ukr102_d.SG,Ukraine,Ukraine_Mesolithic.SG,8383.0,0.3263047635555267,0.05682397544460436,0.8096174875484632,0.1688297460528395
ukr104.SG,Ukraine,Ukraine_Eneolithic_SeredniiStih_dup.I28319.SG,5564.0,0.6184501051902771,0.079283527509964,0.7951285629098085,0.1702051297713875
ukr108.SG,Ukraine,Ukraine_Mesolithic_contam.SG,7943.0,0.3710455596446991,0.08300190300308465,0.8043909226220051,0.16223882829307396
ukr108_d.SG,Ukraine,Ukraine_Mesolithic.SG,7943.0,0.1118933856487274,0.06470349175242142,0.8066922761030838,0.18880730918161012
ukr111.SG,Ukraine,Ukraine_N_contam.SG,6677.0,0.5036062002182007,0.08276919027178772,0.7813599933237354,0.18609718599317102
ukr111_d.SG,Ukraine,Ukraine_N.SG,6677.0,0.1020589396357536,0.06872253944611088,0.8107336170745689,0.17195577033522702
ukr112.SG,Ukraine,Ukraine_Eneolithic_SeredniiStih.SG,6340.0,0.0885229930281639,0.052527623259859574,0.761691960226238,0.16428578914535363
ukr113.SG,Ukraine,Ukraine_N_contam_dup.I5890_1d.rel.I5879.SG,6711.0,0.5280260443687439,0.08386581462014214,0.795182097679313,0.17107673657498765
ukr113_d.SG,Ukraine,Ukraine_N_dup.I5890_1d.rel.I5879.SG,6711.0,0.1287237107753753,0.06237591609904073,0.8273935582368152,0.15646418254586533
ukr116.SG,Ukraine,Ukraine_Eneolithic_SeredniiStih.SG,6306.0,0.1752495765686035,0.03208772649141453,0.8433967136715667,0.18244549257178544
ukr117.SG,Ukraine,Ukraine_N_dup.I5886.SG,7132.0,0.0933088287711143,0.06447545511021666,0.7975227976102786,0.1855507320643042
ukr123.SG,Ukraine,Ukraine_Eneolithic_SeredniiStih.SG,6206.0,0.1140807121992111,0.06305066874199874,0.8037453650383659,0.18708645889864578
ukr125.SG,Ukraine,Ukraine_Epipaleolithic_Mesolithic_contam.SG,10544.0,0.2320794612169265,0.08645774991608836,0.7689550064991173,0.15748911136865837
ukr125_d.SG,Ukraine,Ukraine_Epipaleolithic_Mesolithic.SG,10544.0,0.0585890002548694,0.08818778650397803,0.8008924972941526,0.18777840210986935
ukr144.SG,Ukraine,Ukraine_Nikolske_N_contam.SG,7027.0,0.2735932171344757,0.09505676884975714,0.7815648710725979,0.21953237800924524
ukr144_d.SG,Ukraine,Ukraine_Nikolske_N.SG,7027.0,0.0721654966473579,0.0749712431457461,0.8282447557132621,0.21650763232113612
ukr147.SG,Ukraine,Ukraine_Nikolske_N_contam.SG,6617.0,0.1724101901054382,0.06851163636606881,0.788169654082017,0.16897751222151372
ukr158.SG,Ukraine,Ukraine_Yasinovatka_N_contam.SG,7144.0,0.2099012732505798,0.06647336407671889,0.782742962984231,0.13033784215119926
ukr159.SG,Ukraine,Ukraine_Yasinovatka_N_brother.ukr160_father.I27994.SG,7053.0,0.1585757881402969,0.061388323430321586,0.8419497076052544,0.16760780781267032
ukr160.SG,Ukraine,Ukraine_Yasinovatka_MT_N_contam.SG,7235.0,0.414528489112854,0.06512984225032206,0.8134112524933682,0.19085277544731769
ukr160_d.SG,Ukraine,Ukraine_Yasinovatka_MT_N.SG,7235.0,0.1148933544754982,0.07456600567222223,0.7935468961410569,0.20047482777380202
ukr161.SG,Ukraine,Ukraine_Yasinovatka_N_contam_dup.I27994.SG,7056.0,0.319444328546524,0.06316652327144998,0.7996766906553431,0.16311388824538461
ukr161_d.SG,Ukraine,Ukraine_Yasinovatka_N_dup.I27994.SG,7056.0,0.0790640488266944,0.06768540649159488,0.8237929659962615,0.1887026198348365
ukr162.SG,Ukraine,Ukraine_Yasinovatka_MT_N_contam_father.or.son.I27986_1d.rel.I27982.SG,6617.0,0.3469825685024261,0.0776440290755784,0.7787593956356429,0.16519514163358356
ukr162_d.SG,Ukraine,Ukraine_Yasinovatka_MT_N_father.or.son.I27986_1d.rel.I27982.SG,6617.0,0.1168016865849495,0.06773742215671907,0.7913434622688028,0.1555985400932887
GLN201.AG,France,France_N.AG,6932.0,0.6654236316680908,-0.315528869308479,0.007086526376454557,-0.4460044310894064
GLN202.AG,France,France_N_father.or.son.GLN201.AG,6381.0,0.6250218152999878,-0.31440572279504225,-0.008440928531890447,-0.44852464456019725
GLN204.AG.SG,France,France_N.AG.SG,6550.0,0.0517228916287422,-0.3097654101316421,-0.02848436248121966,-0.509865955351732
GLN206.AG,France,France_N.AG,6550.0,0.8209654092788696,-0.33389076201784035,-0.006041779932733018,-0.45416854613844604
GLN207A.AG,France,France_N.AG,6550.0,0.612923800945282,-0.3136391380267551,-0.02638641406992585,-0.4606855167115145
GLN207B.AG,France,France_N.AG,6482.0,0.5058519244194031,-0.2762863070989439,-0.05322022199589633,-0.46634523367189956
GLN208.AG,France,France_N.AG,6550.0,0.4805513024330139,-0.3280936049386699,-0.03666344568426782,-0.4742128760848099
GLN209.AG,France,France_N.AG,6456.0,0.7064775228500366,-0.3112319138413321,-0.04212166587144264,-0.4405610383244024
GLN211A.AG,France,France_N.AG,6550.0,0.5578173398971558,-0.3041894658566049,0.015347026721087094,-0.4377447953257185
GLN211B.AG,France,France_N_1d.rel.GLN211A.AG,6550.0,0.4389094114303589,-0.3233821062371462,-0.02291975980662587,-0.4779479986825291
GLN212.AG,France,France_N_sister.GLN255.AG,6550.0,0.5454443693161011,-0.33822474665960667,-0.004395297522276993,-0.45676545437012905
GLN213.AG,France,France_N_sister.GLN255.GLN212.AG,6785.0,0.2123651504516601,-0.3338582790346676,0.011286296268724284,-0.4801639687128079
GLN214.AG,France,France_N.AG,6550.0,0.5007084012031555,-0.35193766112240055,-0.02545413495549349,-0.46489615039214394
GLN215A.AG,France,France_N.AG,6550.0,0.6166982650756836,-0.32350921601521915,-0.006083531020179519,-0.5003169561375023
GLN216.AG,France,France_N_father.or.son.GLN275_1d.rel.GLN325.GLN276.GRG041.AG,6690.0,0.8419854640960693,-0.3091937234405898,-0.02150112778618646,-0.48003353636953294
GLN221B.AG,France,France_N_1d.rel.GLN265.GLN325.GLN266.AG,6735.0,0.429822713136673,-0.3220947700055473,-0.009904145659982436,-0.5027010882483423
GLN224.AG,France,France_N_brother.GLN255.GLN213.GLN212.AG,6550.0,0.1432636976242065,-0.36406316401292516,-0.029231547587713465,-0.48493460080298384
GLN226.AG,France,France_N.AG,6550.0,0.4005399644374847,-0.3128703911421485,-0.02540390717801979,-0.46079070370840747
GLN232B.AG,France,France_N.AG,6564.0,0.1677322089672088,-0.32996447465851675,0.00572429236496831,-0.4611405385391311
GLN235.AG,France,France_N.AG,6550.0,0.6405196189880371,-0.3242924849420592,-0.014242657373629024,-0.46754971624769903
GLN236A.AG,France,France_N_1d.rel.GLN262.AG,6550.0,0.5677539706230164,-0.2712039021455957,-0.03861580659254948,-0.48018630753859204
GLN236B.AG,France,France_N.AG,6550.0,0.7235292792320251,-0.3003519628235976,-0.006554270603168132,-0.4435189954071301
GLN237A.AG,France,France_N_father.or.son.GLN265.GLN325.GLN221B.GLN266.AG,6739.0,0.362948328256607,-0.28090005614613783,0.008296858624617128,-0.49111304317295357
GLN241.AG,France,France_N.AG,6550.0,0.5733694434165955,-0.3092518095413074,-0.009656558132441564,-0.47457040351345564
GLN242.AG,France,France_N.AG,6415.0,0.3181248009204864,-0.3330620848678618,-0.0246998118556773,-0.44948196695538795
GLN244.AG,France,France_N_daughter.GLN245B.AG,6550.0,0.6040763854980469,-0.3063926868255527,-0.037826181538001984,-0.4735353509253422
GLN245A.AG,France,France_N_father.or.son.GLN245B.AG,6550.0,0.6270096302032471,-0.3443613666953939,0.0001590084638732327,-0.4698643321234676
GLN245B.AG,France,France_N.AG,6550.0,0.6584821343421936,-0.33907277291480126,-0.02558197065046398,-0.4676564694542402
GLN246.AG,France,France_N.AG,6686.0,0.6218085289001465,-0.3318645546651385,-0.0030001252112044218,-0.474764391822475
GLN249.AG,France,France_N_mother.GLN258.GLN245A.GLN244.AG,6550.0,0.4461218118667602,-0.2985399309028745,0.0001618723940712349,-0.4812372068661355
GLN250.AG,France,France_N.AG,6862.0,0.4954935610294342,-0.33839710087615477,-0.020438594380493,-0.4692312071169677
GLN253.AG,France,France_N_1d.rel.GLN275.AG,6070.0,0.5651302933692932,-0.3599284173622921,0.010259305804137175,-0.47109997205632687
GLN255.AG,France,France_N.AG,6574.0,0.6156463623046875,-0.30988608903268766,-0.02943286918089111,-0.48286127648623456
GLN257.AG,France,France_N.AG,6665.0,0.5566980838775635,-0.3405267994503205,-0.012161463675352976,-0.4596325581068577
GLN258.AG,France,France_N_father.or.son.GLN245B_1d.rel.GLN244.GLN245A.AG,6550.0,0.5013532042503357,-0.2716494269301805,-0.021642861412377357,-0.46990211321771574
GLN260.AG,France,France_N_brother.GLN241_1d.rel.GLN319.AG,6550.0,0.523000955581665,-0.3462667450025758,-0.015879141569022263,-0.4829945509775356
GLN261.AG,France,France_N_father.or.son.GLN245B.AG,6550.0,0.5846759080886841,-0.33487122042156725,-0.018842119427747515,-0.4754412824655799
GLN262.AG,France,France_N.AG,6550.0,0.6274013519287109,-0.31702842757172384,-0.018699328734109705,-0.4634288281588247
GLN263.AG,France,France_N_brother.GLN321.AG,6918.0,0.4482329189777374,-0.31921487236965296,-0.05109854309366751,-0.49164229720753017
GLN265.AG,France,France_N_father.or.son.GLN235_1d.rel.GLN325.GLN266.AG,6550.0,0.5325929522514343,-0.30897717573061595,-0.0052825911977728126,-0.4869490177888239
GLN266.AG,France,France_N_1d.rel.GLN325.AG,6550.0,0.5959320664405823,-0.3204904892063216,-0.016954804290032554,-0.48755264278413146
GLN267.AG,France,France_N_1d.rel.GLN268A.GLN269.AG,6550.0,0.4053258299827575,-0.3289024850827022,0.05075499985421963,-0.4756244203226809
GLN268A.AG,France,France_N_1d.rel.GLN269.AG,6550.0,0.5207633376121521,-0.3272243177598924,0.0013512509658573937,-0.47837795398175276
GLN269.AG,France,France_N.AG,6550.0,0.6662800908088684,-0.336897796271515,-0.021616203499489367,-0.4781395682233153
GLN275.AG,France,France_N.AG,6840.0,0.9211663007736206,-0.3523078652308169,-0.02666645234787037,-0.48658934732786374
GLN276.AG,France,France_N_1d.rel.GLN325_father.or.son.GLN275.AG,6550.0,0.8650428056716919,-0.31532927879421047,-0.021574630549673235,-0.4865393122894039
GLN277.AG,France,France_N_1d.rel.GLN307.AG,6532.0,0.4917133748531341,-0.30059730524153,-0.01429720179204644,-0.45741676867184816
GLN279.AG,France,France_N.AG,6550.0,0.1422028839588165,-0.313135005084594,-0.011695857156303254,-0.40983898289956694
GLN282.AG,France,France_N_father.or.son.GLN207A.AG,6550.0,0.5816735029220581,-0.28730283383833377,-0.019702196131278583,-0.5344896222854539
GLN284.AG,France,France_N.AG,6402.0,0.575410783290863,-0.32692327889277173,-0.012678439577275253,-0.4680389761947031
GLN285A.AG,France,France_N.AG,6550.0,0.609534502029419,-0.3166387860149733,-0.042739952909021946,-0.5103128350480374
GLN285B.AG,France,France_N_1d.rel.GLN285A.AG,6550.0,0.4970482885837555,-0.3227717313352693,0.006597651770733432,-0.46766992457556317
GLN288.AG,France,France_N.AG,6550.0,0.4818254113197326,-0.32149491700049865,-0.03127331852959094,-0.4907752186142652
GLN291.AG,France,France_N.AG,6550.0,0.6484197378158569,-0.3035736317985992,-0.02520717427740683,-0.4768814819200599
GLN298.AG,France,France_N_1d.rel.GLN291.AG,6495.0,0.5140789151191711,-0.30131385295577195,0.005743657512498721,-0.46176792886953666
GLN300.AG,France,France_N_father.GLN277_father.or.son.GLN305_1d.rel.GLN298.GLN291.AG,6550.0,0.2528294622898102,-0.33278104928028635,-0.010023236690442985,-0.44076795177178507
GLN301.AG,France,France_N.AG,6588.0,0.3697414398193359,-0.3365259210183249,-0.06484087884913663,-0.4148567937912049
GLN302.AG,France,France_N.AG,6550.0,0.44955974817276,-0.349528535342052,-9.598234177435105e-05,-0.45175022326981085
GLN305.AG,France,France_N_father.or.son.GLN291.AG,6550.0,0.3916244208812713,-0.2989097972307296,-0.07432538002646132,-0.4900072612184292
GLN306.AG,France,France_N_1d.rel.GLN301.AG,6550.0,0.3546377718448639,-0.3144742674149696,-0.023043196755978324,-0.453438703102208
GLN307.AG,France,France_N.AG,6550.0,0.5777376294136047,-0.30670217737779354,-0.0005810427076167073,-0.45228458541719946
GLN308.AG,France,France_N.AG,6550.0,0.6765265464782715,-0.3324829517860406,-0.002858333649101713,-0.4456543514274124
GLN309.AG,France,France_N.AG,6550.0,0.6799401044845581,-0.3050131376726956,-0.005792227193063982,-0.4630090217481907
GLN310B.AG,France,France_N.AG,6550.0,0.529916524887085,-0.3191777867343593,-0.04450979840658353,-0.49509345044290853
GLN315.AG,France,France_N_1d.rel.GLN202.AG,6776.0,0.502388060092926,-0.3375795679356851,-0.011806520168644622,-0.47745433262659076
GLN319.AG,France,France_N_1d.rel.GLN241.AG,6615.0,0.5728739500045776,-0.345563158159777,-0.018876264913407038,-0.41285192845495255
GLN320.AG,France,France_N.AG,6550.0,0.554668128490448,-0.28948092359660627,-0.036003224393103196,-0.5286126685345504
GLN321.AG,France,France_N.AG,6550.0,0.4658953249454498,-0.3350881796047305,-0.029766255411676393,-0.4476817194003362
GLN322.AG,France,France_N.AG,6550.0,0.4130443036556244,-0.3452458895780416,0.018262103610402692,-0.47177594761034314
GLN325.AG,France,France_N.AG,6874.0,0.8868746757507324,-0.3281423782088529,-0.03935674357785902,-0.49705437869401087
GLN326.AG,France,France_N.AG,6550.0,0.5857991576194763,-0.3308341558403407,-0.03587167646207979,-0.4428016335446513
LAR11.SG,France,FrenchAlps_LPSP.SG,321.0,0.0852221325039863,-0.33639860919837966,-0.01381639478096668,-0.4924001224300012
LAR8.SG,France,FrenchAlps_LPSP.SG,321.0,0.3423864841461181,-0.33244367035263056,-0.012430588910823489,-0.46121222364328396
PCA0001.SG,Poland,Poland_Kowalewko_Wielbark_IA.SG,1806.0,0.0860031470656395,-0.48329735022155407,-0.19931076956721427,-0.5421577436401885
PCA0002.SG,Poland,Poland_Kowalewko_Wielbark_IA.SG,1750.0,0.0803795233368873,-0.5092680150024103,-0.22060905805501485,-0.4504476928993172
PCA0007.SG,Poland,Poland_Kowalewko_Wielbark_IA.SG,1806.0,0.0927443578839302,-0.47971269777053,-0.1985116018518714,-0.5530421152666833
PCA0011.SG,Poland,Poland_Gaski_Przeworsk_IA.SG,1750.0,0.2694481015205383,-0.5377759018802293,-0.21087021506286255,-0.5708246055354184
PCA0012.SG,Poland,Poland_Gaski_Przeworsk_IA.SG,1750.0,0.1676178574562072,-0.5037271756778448,-0.21363928771944832,-0.5636327871651816
PCA0015.SG,Poland,Poland_Kowalewko_Wielbark_IA.SG,1797.0,0.1022860258817672,-0.48836483424231575,-0.21546263782451539,-0.5147576744113854
PCA0018.SG,Poland,Poland_Kowalewko_Wielbark_IA.SG,1790.0,0.0991789996623992,-0.5758975855129835,-0.2735982697757333,-0.5183724694290932
PCA0026.SG,Poland,Poland_Kowalewko_Wielbark_IA.SG,1817.0,0.171042799949646,-0.5014544098461675,-0.2406730589735479,-0.5336638469862764
PCA0027.SG,Poland,Poland_Kowalewko_Wielbark_IA.SG,1750.0,0.2419447302818298,-0.5009187310765724,-0.1996123211554023,-0.49800916444766347
PCA0028.SG,Poland,Poland_Kowalewko_Wielbark_IA.SG,1889.0,0.3596061170101166,-0.5045115653593294,-0.21771718325988376,-0.5107202939943124
PCA0030.SG,Poland,Poland_Kowalewko_Wielbark_IA.SG,1887.0,0.3102805912494659,-0.5196119733995609,-0.21394077797927674,-0.531612479593392
PCA0031.SG,Poland,Poland_Kowalewko_Wielbark_IA.SG,1872.0,0.1397098004817962,-0.48616007378599513,-0.20404021053017116,-0.5032391332269582
PCA0034.SG,Poland,Poland_Kowalewko_Wielbark_IA.SG,746.0,0.1042195037007331,-0.49741224432297576,-0.19962902509702476,-0.5192339010831876
PCA0035.SG,Poland,Poland_Kowalewko_Wielbark_IA.SG,1884.0,0.0703528672456741,-0.4897802277609178,-0.1780410926367793,-0.5453174902228735
PCA0036.SG,Poland,Poland_Kowalewko_Wielbark_IA.SG,1835.0,0.1378152519464492,-0.5244657627695531,-0.22413392345156719,-0.46745237676734586
PCA0040.SG,Poland,Poland_Kowalewko_Wielbark_IA.SG,1790.0,0.1601605117321014,-0.5255040233401835,-0.19605049725870646,-0.4993644674178414
PCA0044.SG,Poland,Poland_Kowalewko_Wielbark_IA.SG,1810.0,0.0953144878149032,-0.5113039302972253,-0.20951084283194873,-0.5236704873349489
PCA0045.SG,Poland,Poland_Kowalewko_Wielbark_IA.SG,1784.0,0.0599401630461216,-0.5004966606256455,-0.22953745120772118,-0.5315115440725955
PCA0046.SG,Poland,Poland_Kowalewko_Wielbark_IA_contam.SG,1927.0,0.7722789645195007,-0.5280782906899172,-0.2059793393838002,-0.50338977075873
PCA0049.SG,Poland,Poland_Kowalewko_Wielbark_IA.SG,1850.0,0.106715016067028,-0.43162917394450023,-0.21843005553747313,-0.4980226186877066
PCA0050.SG,Poland,Poland_Kowalewko_Wielbark_IA.SG,1814.0,0.1075714528560638,-0.4899019705970303,-0.21582938436349408,-0.5246468932028567
PCA0051.SG,Poland,Poland_Kowalewko_Wielbark_IA.SG,1750.0,0.1187205612659454,-0.55146148436615,-0.24714526866940933,-0.5052102631222992
PCA0052.SG,Poland,Poland_Kowalewko_Wielbark_IA.SG,1872.0,0.1076687723398208,-0.5461221812262579,-0.2090516412819209,-0.4779046113401539
PCA0054.SG,Poland,Poland_Kowalewko_Wielbark_IA.SG,1750.0,0.0519621446728706,-0.5095790915646669,-0.19500937999895518,-0.5450428758607618
PCA0056.SG,Poland,Poland_Kowalewko_Wielbark_IA.SG,1795.0,0.086067222058773,-0.42817780288514257,-0.2740575760022711,-0.5498500838343915
PCA0059.SG,Poland,Poland_Kowalewko_Wielbark_IA.SG,1890.0,0.751575231552124,-0.49538697396719933,-0.22015189289013912,-0.5031905244440878
PCA0060.SG,Poland,Poland_Kowalewko_Wielbark_IA_contam.SG,1835.0,0.6972781419754028,-0.4960580745001584,-0.19858193299383034,-0.49654570622844585
PCA0062.SG,Poland,Poland_Kowalewko_Wielbark_IA.SG,1797.0,0.249937355518341,-0.48876528579176304,-0.20741756915409437,-0.5153751267293255
PCA0063.SG,Poland,Poland_Kowalewko_Wielbark_IA.SG,1885.0,0.2565187811851501,-0.47443194691938895,-0.23205770123535274,-0.5022492416858501
PCA0065.SG,Poland,Poland_Kowalewko_Wielbark_IA.SG,1750.0,0.0915927067399025,-0.49629113432265565,-0.20314676892491762,-0.5527345658483447
PCA0066.SG,Poland,Poland_Kowalewko_Wielbark_IA.SG,1872.0,0.0687827318906784,-0.5044760183945467,-0.20262081947260574,-0.5233431631161908
PCA0088.SG,Poland,Poland_Maslomecz_Wielbark_IA.SG,1653.0,0.279052197933197,-0.5216620997999841,-0.18958599226871903,-0.5059831330502004
PCA0089.SG,Poland,Poland_Maslomecz_Wielbark_IA.SG,1753.0,0.272441565990448,-0.4843339880742051,-0.2255669729209176,-0.5068928646732561
PCA0092.SG,Poland,Poland_Maslomecz_Wielbark_IA.SG,1719.0,0.2855987846851349,-0.5093457367845812,-0.22356753340242946,-0.5288476665363324
PCA0094.SG,Poland,Poland_Maslomecz_Wielbark_IA.SG,1650.0,0.2402432113885879,-0.5259273296304254,-0.21506017586965695,-0.5577111243913172
PCA0100.SG,Poland,Poland_Maslomecz_Wielbark_IA.SG,1757.0,0.8958981037139893,-0.4685035709882259,-0.18898292665491917,-0.49038272533761196
PCA0102.SG,Poland,Poland_Maslomecz_Wielbark_IA.SG,1650.0,0.1266661435365677,-0.46955487691414105,-0.18978915081539774,-0.5204532795040663
PCA0103.SG,Poland,Poland_Maslomecz_Wielbark_IA.SG,1756.0,0.727138340473175,-0.49674432476132613,-0.21331972523063197,-0.5127120226704849
PCA0110.SG,Poland,Poland_Maslomecz_Wielbark_IA_oEEF.SG,1760.0,0.0837233662605285,-0.5086171024498285,-0.21437833729767514,-0.48569196629382166
PCA0111.SG,Poland,Poland_Maslomecz_Wielbark_IA.SG,1650.0,0.1059615761041641,-0.5584584054366789,-0.2268636855105,-0.516193398197949
PCA0114.SG,Poland,Poland_Maslomecz_Wielbark_IA.SG,1650.0,0.1051967814564704,-0.4804108279921526,-0.14182378790474562,-0.4670213252567231
PCA0115.SG,Poland,Poland_Niemcza_IA.SG,1000.0,0.0628687590360641,-0.5080630365981749,-0.23025481291882416,-0.5218600702215437
PCA0117.SG,Poland,Poland_Niemcza_IA.SG,1000.0,0.0586887560784816,-0.4589334112186252,-0.22474093079293933,-0.526118296942014
PCA0119.SG,Poland,Poland_Niemcza_IA.SG,1000.0,0.0681071504950523,-0.48979243289762575,-0.19981878370630715,-0.486739180491272
PCA0121.SG,Poland,Poland_Niemcza_IA.SG,1000.0,0.065220721065998,-0.4936337510420307,-0.24299056226788612,-0.47102774856659674
PCA0122.SG,Poland,Poland_Niemcza_IA.SG,1000.0,0.305249810218811,-0.5037231039004807,-0.19119751905624296,-0.5371665220198735
PCA0124.SG,Poland,Poland_Niemcza_IA.SG,1000.0,0.3989593088626861,-0.509189257881324,-0.22741925811055955,-0.5077698710683913
PCA0126.SG,Poland,Poland_Niemcza_IA.SG,1000.0,0.2376982271671295,-0.5011201518878392,-0.22109038755711058,-0.4952472722694526
PCA0127.SG,Poland,Poland_Niemcza_IA.SG,1000.0,0.1295217424631118,-0.502347058065984,-0.22501012460868786,-0.5230870422633583
PCA0130.SG,Poland,Poland_Niemcza_IA.SG,1000.0,0.0556328296661376,-0.5574042764839546,-0.22113194342663564,-0.54675121880111
PCA0132.SG,Poland,Poland_Niemcza_IA.SG,1000.0,0.1213677376508712,-0.5108456241756919,-0.247643411350069,-0.5015151434157464
PCA0133.SG,Poland,Poland_Niemcza_IA.SG,1000.0,0.0827168896794319,-0.5003954787090361,-0.22430448947334697,-0.5271587753491527
PCA0137.SG,Poland,Poland_Niemcza_IA.SG,1000.0,0.3040535748004913,-0.4918193922647295,-0.1984287607812236,-0.5254059412481864
PCA0138.SG,Poland,Poland_Niemcza_IA.SG,1000.0,0.1058829054236412,-0.544954812214753,-0.21838684357624594,-0.534036373494539
PCA0140.SG,Poland,Poland_Niemcza_IA.SG,1000.0,0.2506194114685058,-0.502297924122991,-0.1961045680645337,-0.5125402891535586
PCA0142.SG,Poland,Poland_Niemcza_IA.SG,1000.0,0.1593454480171203,-0.4905017596386087,-0.20729841789862544,-0.5113738664891587
PCA0143.SG,Poland,Poland_Niemcza_IA_contam.SG,1077.0,0.3108207285404205,-0.4909678193137411,-0.21841773814758172,-0.5099509542956547
PCA0146.SG,Poland,Poland_Niemcza_IA.SG,1000.0,0.1432190835475921,-0.5122269845166474,-0.20791742309507447,-0.5590771145662718
PCA0148.SG,Poland,Poland_Niemcza_IA.SG,1000.0,0.4895122647285461,-0.488293010616015,-0.2261514280426543,-0.5110940571709419
PCA0153.SG,Poland,Poland_Markowice_IA.SG,850.0,0.0575752258300781,-0.4545637524147157,-0.21477146549710466,-0.54022692050974
PCA0156.SG,Poland,Poland_Markowice_IA.SG,1002.0,0.0961684882640838,-0.5055387448379581,-0.2468797906117907,-0.5409696892777002
PCA0157.SG,Poland,Poland_Markowice_IA.SG,850.0,0.3420028686523437,-0.49284841349777736,-0.23986134975137366,-0.5280895357981366
PCA0158.SG,Poland,Poland_Markowice_IA_contam.SG,850.0,0.2606793344020843,-0.5032221540640412,-0.2237367873491627,-0.5166396509191966
PCA0159.SG,Poland,Poland_Markowice_IA_oEastAsian.SG,1002.0,0.0721046701073646,-0.4560013319895912,-0.22799593344511135,-0.5379791017191907
PCA0165.SG,Poland,Poland_Legowo_IA.SG,850.0,0.196107417345047,-0.5095832177683717,-0.18993171278673807,-0.508263624641195
PCA0166.SG,Poland,Poland_Legowo_IA.SG,850.0,0.1643989086151123,-0.4798014854621475,-0.201858053172911,-0.5047202792873564
PCA0167.SG,Poland,Poland_Legowo_IA.SG,850.0,0.3006107807159424,-0.5282141015675361,-0.23821818822032695,-0.5126436726376468
PCA0169.SG,Poland,Poland_Legowo_IA.SG,850.0,0.1107798516750335,-0.5241472093592204,-0.23617784046520443,-0.5756269665595201
PCA0181.SG,Poland,Poland_Lad_IA.SG,850.0,0.1550770401954651,-0.49287711332286266,-0.17599452484631437,-0.49350805035038836
PCA0182.SG,Poland,Poland_Lad_IA.SG,850.0,0.0927378684282302,-0.4784350727235311,-0.20926626456682504,-0.5236913101876268
PCA0185.SG,Poland,Poland_Lad_IA.SG,850.0,0.0994506925344467,-0.5021913768974092,-0.20092812390700862,-0.481709282395749
PCA0186.SG,Poland,Poland_Lad_IA.SG,850.0,0.0703788176178932,-0.4248670271207848,-0.21611690753825527,-0.49920610531992904
PCA0187.SG,Poland,Poland_Lad_IA.SG,850.0,0.1290448755025863,-0.49114292923264924,-0.22296569068567162,-0.5234170803015701
PCA0189.SG,Poland,Poland_Lad_IA.SG,850.0,0.0950038656592369,-0.5189958390197102,-0.22459828911515411,-0.5836066154503472
PCA0191.SG,Poland,Poland_Lad_IA.SG,850.0,0.1063322126865387,-0.4635535855687232,-0.22224313039226679,-0.4830476413811154
PCA0192.SG,Poland,Poland_Lad_IA.SG,850.0,0.1313741207122802,-0.5161246413133481,-0.2185414646136405,-0.5366790867106943
PCA0193.SG,Poland,Poland_Lad_IA.SG,850.0,0.115179643034935,-0.514407422671578,-0.19798247655026233,-0.47752159536118
PCA0194.SG,Poland,Poland_Lad_IA.SG,850.0,0.39185231924057,-0.5139374818231166,-0.18915046735781896,-0.5435684841361392
PCA0197.SG,Poland,Poland_Lad_IA.SG,850.0,0.1369377225637436,-0.48488575040311466,-0.22001088984733186,-0.5231422665024015
PCA0198.SG,Poland,Poland_Lad_IA.SG,779.0,0.1713096350431442,-0.4811348578369028,-0.19764420441227726,-0.50000934538292
PCA0199.SG,Poland,Poland_Lad_IA.SG,850.0,0.1276499181985855,-0.45549905261851326,-0.21639205359484437,-0.5336293625055136
PCA0200.SG,Poland,Poland_Lad_IA.SG,850.0,0.0815847069025039,-0.43763737128905367,-0.21616471790742314,-0.5565211636827573
PCA0201.SG,Poland,Poland_Lad_IA.SG,850.0,0.1023103594779968,-0.42684396437256544,-0.14916637449996917,-0.5041988524986243
PCA0202.SG,Poland,Poland_Lad_IA.SG,850.0,0.0698224604129791,-0.5402839510501571,-0.21414151847192225,-0.5946496095117723
PCA0203.SG,Poland,Poland_Lad_IA.SG,850.0,0.1150231212377548,-0.5467337441285172,-0.1894491424738654,-0.5615195762748889
PCA0205.SG,Poland,Poland_Lad_IA.SG,850.0,0.0944475010037422,-0.5019864371653677,-0.20402993828585195,-0.4434804796957442
PCA0206.SG,Poland,Poland_Lad_IA.SG,850.0,0.1075925379991531,-0.44705461252266204,-0.25259475133355447,-0.5548118851988589
PCA0211.SG,Poland,Poland_Lad_IA.SG,850.0,0.1082210838794708,-0.5465103705935836,-0.2550397820851548,-0.4767314912172208
PCA0216.SG,Poland,Poland_Oblaczkowo_IA.SG,850.0,0.091930091381073,-0.5049041401903396,-0.2077371994633786,-0.48718810703492704
PCA0218.SG,Poland,Poland_Oblaczkowo_IA.SG,850.0,0.0878757983446121,-0.4882293731244504,-0.1936301620810132,-0.47425194337117554
PCA0222.SG,Poland,Poland_Oblaczkowo_IA.SG,850.0,0.0802059695124626,-0.5012638029353875,-0.23368161623468692,-0.5476059153077856
PCA0225.SG,Poland,Poland_Oblaczkowo_IA.SG,850.0,0.0838069021701812,-0.5899233968125759,-0.22935249926901674,-0.4934286055655568
PCA0232.SG,Poland,Poland_PoznanSrodka_IA.SG,850.0,0.0600537061691284,-0.5047190464667939,-0.21689160282076955,-0.48622036233389326
PCA0234.SG,Poland,Poland_PoznanSrodka_IA.SG,850.0,0.0645200014114379,-0.5164247713814896,-0.2210507453869573,-0.45704828795912855
PCA0235.SG,Poland,Poland_PoznanSrodka_IA.SG,850.0,0.0644551217555999,-0.555875857647343,-0.193389338967601,-0.5346970679857812
PCA0238.SG,Poland,Poland_PoznanSrodka_IA.SG,850.0,0.0588079765439033,-0.5016552784552459,-0.15049902466979964,-0.49880907914725425
PCA0244.SG,Poland,Poland_Rumin_IA.SG,861.0,0.1492612063884735,-0.49529496217000046,-0.21846966821257396,-0.5372191148516697
PCA0246.SG,Poland,Poland_Rumin_IA.SG,850.0,0.1375159919261932,-0.5371850269514515,-0.22015528118400468,-0.5028427141722214
PCA0297.SG,Poland,Poland_Plonsk_IA.SG,850.0,0.1029275432229042,-0.5028588172535,-0.2005536528183626,-0.4754714949627722
PCA0300.SG,Poland,Poland_Groszowice_IA.SG,850.0,0.0584900565445423,-0.4855992899956116,-0.17091141212002847,-0.5380705031196528
PCA0301.SG,Poland,Poland_Konskie_IA.SG,850.0,0.0916056856513023,-0.49149818338702433,-0.2027227990946148,-0.5131119367615693
PCA0309.SG,Poland,Poland_Konskie_IA.SG,850.0,0.1429246962070465,-0.4747202109282607,-0.20520487323177117,-0.5228015645711251
PCA0312.SG,Poland,Poland_Plonsk_IA.SG,850.0,0.0764606669545173,-0.5405339011897582,-0.18305013688203345,-0.4403213480896544
PCA0313.SG,Poland,Poland_Plonsk_IA.SG,850.0,0.0609766468405723,-0.5627345681843432,-0.21984771979678877,-0.49925616029081443
PCA0314.SG,Poland,Poland_Plonsk_IA.SG,850.0,0.1209752038121223,-0.4638459805133515,-0.1971849301293684,-0.5591167220844453
PCA0317.SG,Poland,Poland_Plonsk_IA.SG,850.0,0.2670985758304596,-0.4870408632878516,-0.23213069880236778,-0.5376409970095358
PCA0319.SG,Poland,Poland_Plonsk_IA.SG,850.0,0.2214786112308502,-0.45345840192365106,-0.19454689526662874,-0.5273049604887854
PCA0324.SG,Poland,Poland_Plonsk_IA.SG,850.0,0.1768391728401184,-0.5056302010052011,-0.2220958541702505,-0.49880703989623765
PCA0327.SG,Poland,Poland_Plonsk_IA.SG,850.0,0.1414859443902969,-0.5132991660948163,-0.2088433288858845,-0.5104119257534515
PCA0328.SG,Poland,Poland_Plonsk_IA.SG,850.0,0.2196197509765625,-0.497357532744138,-0.21161846910777124,-0.5305104192086783
PCA0332.SG,Poland,Poland_OstrowLednicki_IA.SG,850.0,0.2239165306091308,-0.5391842040619671,-0.2277839772853369,-0.5207161465128382
PCA0333.SG,Poland,Poland_OstrowLednicki_IA.SG,850.0,0.2698771357536316,-0.49684415529731096,-0.20383908296675773,-0.4869185539025758
PCA0334.SG,Poland,Poland_OstrowLednicki_IA.SG,850.0,0.1062048822641372,-0.476178244348783,-0.18221928588210046,-0.4527162886413566
PCA0335.SG,Poland,Poland_OstrowLednicki_IA.SG,850.0,0.1900718063116073,-0.4867488030583136,-0.20459821017025384,-0.5063717585225779
PCA0339.SG,Poland,Poland_OstrowLednicki_IA.SG,850.0,0.3482663929462433,-0.4811325224981709,-0.21861503910910593,-0.5293088644498423
PCA0340.SG,Poland,Poland_OstrowLednicki_IA.SG,850.0,0.3753861486911773,-0.5004397126719982,-0.22567508706209885,-0.4991814174604676
PCA0341.SG,Poland,Poland_OstrowLednicki_IA.SG,850.0,0.0793154686689376,-0.5355137306196418,-0.23818619623607978,-0.5412193652996611
PCA0343.SG,Poland,Poland_OstrowLednicki_IA.SG,850.0,0.2819061875343323,-0.4869782070991477,-0.1767311968481348,-0.5251211385683695
PCA0344.SG,Poland,Poland_OstrowLednicki_IA.SG,850.0,0.3550595045089721,-0.5064586271168537,-0.19565446912723417,-0.4827540491542704
PCA0354.SG,Poland,Poland_Dziekanowice_IA.SG,850.0,0.5087853670120239,-0.5059376347533018,-0.213978678237609,-0.5155025252111639
PCA0359.SG,Poland,Poland_Dziekanowice_IA.SG,850.0,0.2241330742835998,-0.5220064887343607,-0.22922420773822333,-0.5246956903798027
PCA0368.SG,Poland,Poland_Dziekanowice_IA.SG,863.0,0.0562946200370788,-0.4589428740575136,-0.21741244059460765,-0.5455533914543742
PCA0376.SG,Poland,Poland_Santok_IA.SG,850.0,0.101681001484394,-0.5211592783993912,-0.18251648317688238,-0.43741336364904315
PCA0381.SG,Poland,Poland_Santok_IA.SG,850.0,0.0577787905931472,-0.47925817830398665,-0.1848132120366659,-0.5228873979624956
PCA0383.SG,Poland,Poland_Santok_IA.SG,850.0,0.0813730284571647,-0.517444702929872,-0.2071262475320834,-0.484608397375062
PCA0391.SG,Poland,Poland_Santok_IA.SG,850.0,0.112723059952259,-0.5226523578741132,-0.2561140579833353,-0.5381369702064707
PCA0397.SG,Poland,Poland_Santok_IA.SG,850.0,0.0648825243115425,-0.513903635317553,-0.19742248694193804,-0.5567575249185448
PCA0399.SG,Poland,Poland_Santok_IA.SG,850.0,0.1798350811004638,-0.4925096500698989,-0.18076009964300513,-0.4739418568784957
PCA0400.SG,Poland,Poland_Santok_IA.SG,850.0,0.0558493696153163,-0.46903894230323856,-0.2203509400757411,-0.5502745522087364
PCA0405.SG,Poland,Poland_Santok_IA.SG,696.0,0.073267675936222,-0.5102150226808285,-0.2340981401393094,-0.5863657127119101
PCA0408.SG,Poland,Poland_Santok_IA.SG,850.0,0.0864297449588775,-0.5240249820431014,-0.17329823293364663,-0.4430215810269398
PCA0410.SG,Poland,Poland_Santok_IA.SG,850.0,0.0817566365003585,-0.4923175264176234,-0.19682002651410951,-0.5185163470057716
PCA0411.SG,Poland,Poland_Santok_IA.SG,850.0,0.1076533645391464,-0.4629577040433845,-0.18882223941374074,-0.5591075065929776
PCA0412.SG,Poland,Poland_Santok_IA.SG,850.0,0.0547025874257087,-0.5101129481335507,-0.2551855304827408,-0.48645268832017347
PCA0420.SG,Poland,Poland_Santok_IA.SG,850.0,0.0587228201329708,-0.4933345313865983,-0.22409347875287908,-0.5122467344603264
PCA0422.SG,Poland,Poland_Santok_IA.SG,850.0,0.0590967014431953,-0.5019931221213351,-0.25285405583391896,-0.5395759299905079
PCA0425.SG,Poland,Poland_Santok_IA.SG,850.0,0.0745069161057472,-0.5188961091615575,-0.22192700068252325,-0.538603753974222
PCA0426.SG,Poland,Poland_Santok_IA.SG,844.0,0.1050005182623863,-0.5305682377251022,-0.28945209795682136,-0.43892282389064374
PCA0427.SG,Poland,Poland_Santok_IA.SG,850.0,0.0537626110017299,-0.5340324301517595,-0.22335402937796356,-0.5725622382380937
PCA0451.SG,Poland,Poland_Czarnowko_Wielbark_IA.SG,1750.0,0.0643869936466217,-0.5950598871946752,-0.1479975274062323,-0.5554712894491233
PCA0452.SG,Poland,Poland_Czarnowko_Wielbark_IA.SG,1750.0,0.0892229005694389,-0.4834071467205418,-0.2057577438438008,-0.5117164129457599
PCA0472.SG,Poland,Poland_PruszczGdanski_Wielbark_IA.SG,1750.0,0.1066931188106536,-0.47638255496377824,-0.25873132017779704,-0.5515185574408012
PCA0475.SG,Poland,Poland_PruszczGdanski_Wielbark_IA.SG,1750.0,0.085770383477211,-0.5718934223611563,-0.2046084346791423,-0.519662883408686
PCA0476.SG,Poland,Poland_PruszczGdanski_Wielbark_IA.SG,1750.0,0.057751215994358,-0.460584589931393,-0.15983208082102726,-0.4374562162570242
PCA0477.SG,Poland,Poland_PruszczGdanski_Wielbark_IA.SG,1750.0,0.0594762600958347,-0.48767476504460533,-0.2009194527392965,-0.47837532782631853
PCA0478.SG,Poland,Poland_PruszczGdanski_Wielbark_IA.SG,1750.0,0.1508629620075225,-0.5177453786845191,-0.24104968821840247,-0.5338536909325104
PCA0479.SG,Poland,Poland_PruszczGdanski_Wielbark_IA.SG,1750.0,0.1161471903324127,-0.5077352144913224,-0.20302035094947513,-0.4673827323070286
PCA0480.SG,Poland,Poland_PruszczGdanski_Wielbark_IA.SG,1750.0,0.056932084262371,-0.4774766913969265,-0.2211887099241663,-0.501142781169496
PCA0483.SG,Poland,Poland_PruszczGdanski_Wielbark_IA.SG,1750.0,0.0745385512709617,-0.5513911616092163,-0.22547447605694235,-0.5191883723484613
PCA0486.SG,Poland,Poland_PruszczGdanski_Wielbark_IA.SG,1750.0,0.1172363981604576,-0.46940822513363295,-0.1841056179530928,-0.5167656998272095
PCA0487.SG,Poland,Poland_PruszczGdanski_Wielbark_IA.SG,1750.0,0.0825636088848114,-0.5278027197792043,-0.24432949179679916,-0.5260200561214593
PCA0488.SG,Poland,Poland_PruszczGdanski_Wielbark_IA.SG,1750.0,0.0674023702740669,-0.41903548563941795,-0.25135415207989953,-0.4834268325374877
PCA0492.SG,Poland,Poland_PruszczGdanski_Wielbark_IA.SG,1750.0,0.1155186519026756,-0.48709232083035175,-0.2348720648284894,-0.48059538024284326
PCA0493.SG,Poland,Poland_PruszczGdanski_Wielbark_IA.SG,1750.0,0.1033111587166786,-0.4611660125570468,-0.16818135011824953,-0.5323734662731086
PCA0495.SG,Poland,Poland_PruszczGdanski_Wielbark_IA.SG,1750.0,0.0738994628190994,-0.5067849007295717,-0.23957925897205878,-0.5490043902045287
PCA0497.SG,Poland,Poland_PruszczGdanski_Wielbark_IA.SG,1750.0,0.0611639954149723,-0.5599028081097033,-0.22420760854129554,-0.5492041382738977
PCA0498.SG,Poland,Poland_PruszczGdanski_Wielbark_IA.SG,1750.0,0.153696671128273,-0.4999879914184907,-0.22466947541133772,-0.5252523325502004
PCA0499.SG,Poland,Poland_PruszczGdanski_Wielbark_IA.SG,1750.0,0.0973850265145301,-0.520625485442185,-0.20980082351419832,-0.5534223091076236
PCA0513.SG,Poland,Poland_Milicz_IA.SG,850.0,0.0540399812161922,-0.4627962881735192,-0.2067403922222494,-0.5194489623983785
PCA0518.SG,Poland,Poland_Poznan_IA.SG,850.0,0.059140495955944,-0.43143186219727436,-0.22990369804545036,-0.4911492767469768
PCA0541.SG,Poland,Poland_Milicz_IA.SG,850.0,0.1077871844172477,-0.5141561315411702,-0.21330926851104334,-0.49504568927421777
PCA0548.SG,Poland,Poland_Poznan_IA.SG,850.0,0.0570756345987319,-0.470698348919528,-0.21926912499372087,-0.4700841153662803
PCA0549.SG,Poland,Poland_Poznan_IA.SG,850.0,0.0986842811107635,-0.5123118649839423,-0.2300148796056162,-0.4795503577677091
PCA0550.SG,Poland,Poland_Balczewo_IA.SG,850.0,0.0668857470154762,-0.45821835120856474,-0.2201905429879805,-0.4936607252975805
PCA0551.SG,Poland,Poland_Balczewo_IA.SG,850.0,0.1199906244874,-0.5347409728218778,-0.1938442597102278,-0.4921665897168886
I33811.TW,Croatia,Croatia_LateAntiquity.TW,1550.0,0.7620211839675903,-0.2809808771189505,-0.22903167418904868,0.7089084343862195
hoe001.SG,France,France_Mesolithic.SG,7187.0,0.095535896718502,-0.3243044678073384,0.005993984760699148,-0.4283484860603506
hoe002.SG,France,France_Mesolithic.SG,7216.0,0.9243324995040894,-0.33835782424031047,0.0015182244587322964,-0.3454115233779738
hoe003.SG,France,France_Mesolithic.SG,7500.0,0.9985361099243164,-0.3212143583595883,0.025748792167850164,-0.3759140125554136
hoe004.SG,France,France_Mesolithic.SG,7248.0,0.9352756142616272,-0.31089252938792156,0.012213328210122781,-0.37734692479306803
hoe005.SG,France,France_Mesolithic.SG,7324.0,0.9686629176139832,-0.32940376191522236,0.03706146694314066,-0.3585207446608093
stp001.SG,France,France_Mesolithic.SG,8119.0,0.999394953250885,-0.2887970766599199,-0.008228704090533077,-0.37642187233626345
tev001.SG,France,France_Mesolithic.SG,7353.0,0.7529474496841431,-0.31539340563505724,-0.014231111177765023,-0.410579998699484
tev003.SG,France,France_Mesolithic.SG,7402.0,0.998803734779358,-0.3178624096342425,0.01966745597705069,-0.3885402268798722
LEU007.AG,Germany,Germany_EBA_Unetice.AG,3779.0,0.6095994114875793,0.3005305267836162,0.1428344602683086,0.7541749738763577
LEU017.AG,Germany,Germany_EBA_Unetice.AG,3900.0,0.5224340558052063,0.2514196502716941,0.08732170854484027,0.7250846917064077
LEU018.AG,Germany,Germany_EBA_Unetice.AG,3900.0,0.5075193643569946,0.2976025828687112,0.09296441956296847,0.7731766559111276
LEU021.AG,Germany,Germany_EBA_Unetice.AG,3900.0,0.2084608972072601,0.26266656233233443,0.11045543238772323,0.7471200205677545
LEU023.AG,Germany,Germany_EBA_Unetice.AG,4033.0,0.4777905941009521,0.3341769623527054,0.1513511600559115,0.7179753050387093
LEU024.AG,Germany,Germany_EBA_Unetice.AG,3900.0,0.6268198490142822,0.28107528243208046,0.1373485735935256,0.7967604364339791
LEU025.AG,Germany,Germany_EBA_Unetice.AG,3900.0,0.4057726860046386,0.29201344284260095,0.18295872935141683,0.7956129911173427
LEU02651.AG,Germany,Germany_EBA_Unetice.AG,3900.0,0.6318822503089905,0.2697315386236767,0.09551383698955385,0.782300055932664
LEU026.AG,Germany,Germany_EBA_Unetice.AG,3900.0,0.6125426292419434,0.2949471886119919,0.12163922115999369,0.8013685259115044
LEU027.AG,Germany,Germany_EBA_Unetice.AG,3842.0,0.6342998743057251,0.3116821369502714,0.10815040620315544,0.7919312813999746
LEU029.AG,Germany,Germany_EBA_Unetice.AG,3900.0,0.2722801864147186,0.32459807205137015,0.1867193823785739,0.824881966188384
LEU008.AG,Germany,Germany_EBA_Unetice.AG,3900.0,0.3351010978221893,0.29002142824864574,0.1431785950769277,0.7297548467917228
LEU030.AG,Germany,Germany_EBA_Unetice.AG,3900.0,0.0712522864341735,0.28548446747261474,0.12234129707460835,0.8404442740925516
LEU031.AG,Germany,Germany_EBA_Unetice.AG,4001.0,0.3996600210666656,0.28625225539552385,0.12931154541602713,0.8043110689891015
LEU032.AG,Germany,Germany_EBA_Unetice.AG,3900.0,0.3072652220726013,0.2768636470394528,0.14561044604111942,0.7711176070935732
LEU033.AG,Germany,Germany_EBA_Unetice.AG,3900.0,0.0898717194795608,0.2972911781838392,0.09748979705882432,0.7721781668848718
LEU034.AG,Germany,Germany_EBA_Unetice.AG,3900.0,0.0849772095680236,0.3454367933092411,0.13359637015848672,0.8373894071896844
LEU035.AG,Germany,Germany_EBA_Unetice.AG,3900.0,0.2015445083379745,0.30388705410022027,0.13408392086625867,0.799966217126012
LEU036.AG,Germany,Germany_EBA_Unetice.AG,4045.0,0.073123313486576,0.2806176356022745,0.1579847160064264,0.7379879353602385
LEU037.AG,Germany,Germany_EBA_Unetice.AG,3900.0,0.0790535062551498,0.2728728133971614,0.15281240559382117,0.8008524559110554
LEU038.AG,Germany,Germany_EBA_Unetice.AG,4046.0,0.5620086789131165,0.29737028352998746,0.15331077720204547,0.7529424654351804
LEU039.AG,Germany,Germany_EBA_Unetice.AG,3900.0,0.6764154434204102,0.300108844056552,0.13850906443349925,0.7473559742474141
LEU009.AG,Germany,Germany_EBA_Unetice.AG,3900.0,0.5363244414329529,0.23139168502014232,0.1326883841875844,0.77141491054851
LEU040.AG,Germany,Germany_EBA_Unetice.AG,3900.0,0.4994781017303467,0.29818521734540854,0.15203967407426455,0.6919777587821287
LEU041.AG,Germany,Germany_EBA_Unetice.AG,4052.0,0.7061028480529785,0.29442984223426694,0.14185115308523283,0.7922164338594068
LEU044.AG,Germany,Germany_EBA_Unetice.AG,3900.0,0.4994107782840729,0.2543752164026489,0.08656741351081018,0.7498700987602844
LEU046.AG,Germany,Germany_EBA_Unetice.AG,3900.0,0.615145206451416,0.2993899053637991,0.12343543941140804,0.7853441056156716
LEU050.AG,Germany,Germany_EBA_Unetice.AG,4064.0,0.3731428682804107,0.2568829509146662,0.12373747475867071,0.7663240484476611
LEU051.AG,Germany,Germany_EBA_Unetice.AG,3900.0,0.0719132721424102,0.31824722503473696,0.12473208731905513,0.783322090083286
LEU052.AG,Germany,Germany_EBA_Unetice.AG,3900.0,0.6170908212661743,0.2628871518048126,0.1104036944536481,0.7914062193067342
LEU053.AG,Germany,Germany_EBA_Unetice.AG,3961.0,0.3314133882522583,0.3047601546849758,0.10823130767547254,0.7874186081781555
LEU055.AG,Germany,Germany_EBA_Unetice.AG,3900.0,0.5974406003952026,0.2742666617611251,0.11671611548601109,0.7994004792371366
LEU056.AG,Germany,Germany_EBA_Unetice.AG,3900.0,0.3996705710887909,0.2811222353835846,0.14449408498733735,0.7817850383848194
LEU010.AG,Germany,Germany_EBA_Unetice.AG,4026.0,0.5922354459762573,0.32213262349227684,0.10826811440667593,0.8202805167058033
LEU057.AG,Germany,Germany_EBA_Unetice.AG,4022.0,0.4880037903785705,0.31475051546996635,0.15902830005127414,0.7754218499055002
LEU058.AG,Germany,Germany_EBA_Unetice.AG,4054.0,0.5199969410896301,0.2982632345382203,0.13140443633259208,0.7612518415991413
LEU059.AG,Germany,Germany_EBA_Unetice.AG,3896.0,0.6084818243980408,0.28624341224585026,0.13763584128016668,0.7729076856235697
LEU060.AG,Germany,Germany_EBA_Unetice.AG,3911.0,0.5184316635131836,0.28023046332307344,0.137825231085865,0.781385990287389
LEU061.AG,Germany,Germany_EBA_Unetice.AG,3900.0,0.4153094887733459,0.2637846091292751,0.0874180545213815,0.7451980213529962
LEU063.AG,Germany,Germany_EBA_Unetice.AG,3900.0,0.470640629529953,0.33070104896774466,0.12059089176445008,0.8574964124368727
LEU064.AG,Germany,Germany_EBA_Unetice.AG,4019.0,0.2932872474193573,0.2740296967373863,0.05160337725956809,0.7528727504257645
LEU065.AG,Germany,Germany_EBA_Unetice.AG,4028.0,0.5679096579551697,0.2912989714780462,0.14944447726090532,0.7555272048131114
LEU011.AG,Germany,Germany_EBA_Unetice.AG,4012.0,0.6332293152809143,0.24592539020177248,0.10227467112866234,0.7820796056914581
LEU012.AG,Germany,Germany_EBA_Unetice.AG,3900.0,0.6403030753135681,0.27246361636608796,0.12774053171199937,0.7935198896235565
LEU013.AG,Germany,Germany_EBA_Unetice.AG,4105.0,0.5484645962715149,0.289834402343499,0.12359340357941465,0.7501236779850129
LEU014.AG,Germany,Germany_EBA_Unetice.AG,4071.0,0.5851803421974182,0.2987387208607773,0.13117174107145632,0.7667492857118519
LEU015.AG,Germany,Germany_EBA_Unetice.AG,4028.0,0.5134609341621399,0.2970952992481729,0.0670806229720582,0.788561095062271
LEU016.AG,Germany,Germany_EBA_Unetice.AG,4033.0,0.5762355923652649,0.3366130176754375,0.15868789755350785,0.8434615644395881
WOL001.AG,Austria,Austria_Mesolithic_contam.AG,8784.0,0.1756575107574463,0.07745730575366871,-0.22052334025420864,-0.130735858842712
AC16.AG,Italy,Italy_Epigravettian.AG,12756.0,0.9338717460632324,-0.9053463632145758,0.18155840433365564,0.35862984115711544
DOB001.AG,Germany,Germany_Mesolithic.AG,9483.0,0.7449507713317871,0.17067477434094652,0.08885172816045353,0.6061905774295749
DOG001.AG,Netherlands,Netherlands_Doggerland_Mesolithic.AG,9592.0,0.4720655679702759,0.5087646422399995,0.560314165952515,-0.18579161256555277
DOG002.AG,Netherlands,Netherlands_Doggerland_Mesolithic.AG,10247.0,0.3651916086673736,0.4976822148560091,0.5603445153982521,-0.20739915993703772
DOG007.AG,Netherlands,Netherlands_Doggerland_Mesolithic.AG,9380.0,0.5781123042106628,0.4317195454690786,0.519527389643678,-0.17221237991603036
DON005.AG,Lithuania,Lithuania_Mesolithic_contam.AG,8373.0,0.2456316351890564,-0.23293703577500352,-0.5747826558224263,0.11334624428271349
DRI001.AG,Germany,Germany_Mesolithic.AG,7144.0,0.6746336221694946,0.206367184423474,0.10244333372528265,0.7076716151134589
FRL006.AG,France,France_Gravettian_contam.AG,28725.0,0.5103433728218079,-0.3261568971220885,-0.010438729869591918,-0.4326099625436647
FRL006_d.AG,France,France_Gravettian.AG,28725.0,0.1830191612243652,-0.3298057746874694,-0.010423560555985279,-0.47378511769919446
FRM001.AG,France,France_Mesolithic.AG,9964.0,0.0929682031273841,-0.32187686078329636,-0.014679241954286295,-0.4344020061892917
GFW001.AG,Germany,Germany_Mesolithic.AG,7771.0,0.4523691236972809,0.20354654585370646,0.12346307677103532,0.6898955556390874
GFW002.AG,Germany,Germany_Mesolithic.AG,7878.0,0.6390321850776672,0.255129803483999,0.09850602964779998,0.7567101256706635
GFW003.AG,Germany,Germany_Mesolithic.AG,7878.0,0.5337778329849243,0.20044363186670752,0.08403477770347616,0.7284820958752145
GFW004.AG,Germany,Germany_Mesolithic.AG,8376.0,0.5679364204406738,0.23610075253055035,0.12500745269680275,0.7272253818717695
AMI002.AG,Spain,Spain_Mesolithic.AG,7129.0,0.2481385022401809,-1.0803799115579626,0.06879711014273929,-1.1567131604711485
GFW005.AG,Germany,Germany_Mesolithic.AG,7046.0,0.7877200245857239,0.20536335604772876,0.12205894226604405,0.7010389088141449
GFW007.AG,Germany,Germany_Mesolithic.AG,7994.0,0.4518103301525116,0.24125267768366385,0.1109505313994479,0.7114972271317644
GFW008.AG,Germany,Germany_Mesolithic.AG,7975.0,0.0914856567978859,0.21776872911473846,0.018998427086934895,0.7552366630539421
GOY009.AG,Belgium,Belgium_Gravettian_contam.AG,26150.0,0.216369166970253,-0.21971439711840807,-0.013813409344167788,-0.19197013752995
GOY014.AG,Belgium,Belgium_Gravettian.AG,27926.0,0.1612983793020248,-0.18133842536122463,-0.05552861854726787,-0.20790486511130668
IGR001.AG,Ukraine,Ukraine_Igren_N.AG,7565.0,0.5596656203269958,0.09142435807372193,0.8117808667245093,0.18643516349003356
BRM001.AG,Germany,Germany_LN_oOberkassel2_contam.AG,5789.0,0.0872423872351646,0.23963042247534203,0.14853379166264358,0.7067336441172225
KVH001.AG,Russia,Russia_Mesolithic_Veretye.AG,8373.0,0.0807469189167022,0.5173207926180929,-0.09979915999007002,-0.2993988200761495
MN2003.AG,Russia,Russia_Minino_Mesolithic.AG,10526.0,0.5289903879165649,0.541191890922368,-0.09812196381815068,-0.24173241302230805
MNN004.AG,Russia,Russia_Minino_Mesolithic.AG,7589.0,0.0848182439804077,0.5305298656235927,-0.11291388336404973,-0.28205796669592814
MNN005.AG,Russia,Russia_Minino_Mesolithic.AG,10499.0,0.8708399534225464,0.5306923381550989,-0.06805797556455598,-0.21652672755637545
MNN006.AG,Russia,Russia_Minino_Mesolithic.AG,10657.0,0.6054072380065918,0.536008096431915,-0.09248822490098044,-0.23829109629342302
MNN007.AG,Russia,Russia_Minino_Mesolithic.AG,10916.0,0.1589488536119461,0.5096498258807833,-0.10407026167163577,-0.263045365313514
MPR001.AG,Belgium,Belgium_Mesolithic.AG,10451.0,0.8491500020027161,-0.19112704933920863,0.004698448753809206,-0.14660573514627137
CRN001.AG,Spain,Spain_Mesolithic.AG,7895.0,0.6119959950447083,-1.0722079401487592,0.0724856062185182,-1.1738644715197606
OKL001.AG,Germany,Germany_LMagdalenian_Federmesser.AG,13958.0,0.7244554758071899,0.21440455216184365,0.10186915672877889,0.6623774585156491
OKL002.AG,Germany,Germany_LMagdalenian_Federmesser.AG,13433.0,0.5607799887657166,0.21260206327199682,0.09020316079079842,0.662935031155567
OST001.AG,Germany,Germany_LN_oOberkassel1.AG,5397.0,0.1344649195671081,0.18745936566138896,0.08455983077863811,0.7002388088625304
OST003.AG,Germany,Germany_LN_oOberkassel1.AG,5172.0,0.5833701491355896,0.23762330552240357,0.1106792619625493,0.7085489961313916
CRN002.AG,Spain,Spain_Mesolithic_contam.AG,7938.0,0.6543012857437134,-1.1018052130666285,0.08701941237839127,-1.2021012715412105
CRN002_d.AG,Spain,Spain_Mesolithic.AG,7938.0,0.2127528190612793,-1.071310405901926,0.0628736821429958,-1.1860159304482034
PRD001.AG,Italy,Italy_Epigravettian_contam.AG,12991.0,0.2042622417211532,-0.9805787336940196,0.21004236805350904,0.35394599470204724
RIP001.AG,Italy,Italy_Epigravettian_contam.AG,16736.0,0.5505724549293518,-0.8635733667430341,0.1911014674249466,0.33022417492678197
STO001.AG,Italy,Italy_Sicily_Epigravettian.AG,13450.0,0.7968131899833679,-0.8709977144315754,0.15622849778760878,0.31643198161535024
UOO012.AG,Russia,Russia_YuzhniyOleniyOstrov_Mesolithic.AG,8125.0,0.4220450222492218,0.5674086885858791,-0.12933083913177268,-0.23029050859622427
CRW001.AG,Germany,Germany_Mesolithic.AG,6712.0,0.4884766042232513,0.24681515674404134,0.13973717725009652,0.7462066722877179
UOO033.AG,Russia,Russia_YuzhniyOleniyOstrov_Mesolithic.AG,8296.0,0.7324602603912354,0.5369871864294906,-0.07714218852100717,-0.21469223213129787
UOO049.AG,Russia,Russia_YuzhniyOleniyOstrov_Mesolithic.AG,7977.0,0.2076239287853241,0.5605392597228924,-0.12245788290967495,-0.2762151425467986
UOO051.AG,Russia,Russia_YuzhniyOleniyOstrov_Mesolithic.AG,8125.0,0.0603829808533191,0.5253753449151518,-0.11691677596744852,-0.2630920661623208
UOO052.AG,Russia,Russia_YuzhniyOleniyOstrov_Mesolithic.AG,8125.0,0.3938287794589996,0.5514560236210237,-0.09829050651227805,-0.2520333678464558
UOO059.AG,Russia,Russia_YuzhniyOleniyOstrov_Mesolithic.AG,8125.0,0.1944245547056198,0.5281017033121178,-0.10932223489310602,-0.2934746787700003
VO1001.AG,Ukraine,Ukraine_N_contram.AG,7458.0,0.1403626799583435,0.0720573263556164,0.8141110650788383,0.17024263837564868
VO1003.AG,Ukraine,Ukraine_N_contram.AG,7458.0,0.4551987648010254,0.06089633238910479,0.8155313751824538,0.18533561713179264
VO1005.AG,Ukraine,Ukraine_N.AG,7458.0,0.1140912547707557,0.07689851468010335,0.8286979502667512,0.17293945638234656
VO2001.AG,Ukraine,Ukraine_N.AG,7531.0,0.549675464630127,0.06140841992092658,0.8355775869533965,0.19586023930385918
VSL002.AG,Ukraine,Ukraine_Mesolithic.AG,10483.0,0.4089324176311493,0.07971437927417598,0.795179634927622,0.17321626601058707
VSL003.AG,Ukraine,Ukraine_Mesolithic_contam.AG,10358.0,0.1301162242889404,0.040579889247524745,0.8215416658755915,0.18716185003709923
VSL004.AG,Ukraine,Ukraine_Mesolithic_contam.AG,10358.0,0.2756872773170471,0.10230242027483857,0.7794266961764376,0.16158724917864314
WCX002.AG,Belgium,Belgium_Mesolithic_contam.AG,10495.0,0.3158101439476013,-0.18982579559432547,-0.01573869306689287,-0.19673496320731493
WCX002_d.AG,Belgium,Belgium_Mesolithic.AG,10495.0,0.058682270348072,-0.18309171476641037,-0.019180481101935536,-0.17355888870057168
WCX004.AG,Belgium,Belgium_Mesolithic_contam.AG,10471.0,0.1446837931871414,-0.20501263873922496,-0.03602916722272008,-0.16750917236204843
nalchik2023.SG,Russia,Russia_Nalchik_E.SG,6975.0,0.4128707349300384,0.5408441378686274,-0.11006276705072932,-0.27815853051583933
HNJ002.AG,Hungary,Hungary_MiddleAvar.AG,1250.0,0.8512213826179504,0.578333753491209,-0.10785761237624401,-1.0585584205610628
HNJ003.AG,Hungary,Hungary_MiddleAvar.AG,1250.0,0.7757071256637573,0.510782374843916,-0.017706296896881617,-1.0916639052560868
HNJ004.AG,Hungary,Hungary_MiddleAvar.AG,1250.0,0.3498065173625946,0.5748880492628179,-0.10197741292699962,-1.0697887532885162
HNJ006.AG,Hungary,Hungary_MiddleAvar.AG,1250.0,0.1148463189601898,0.5703041265820541,-0.0811797782595653,-0.9939197979764532
HNJ007.AG,Hungary,Hungary_MiddleAvar.AG,1250.0,0.1663737595081329,0.5626329839648414,-0.05704935062014478,-1.0178724496061875
HNJ008.AG,Hungary,Hungary_MiddleAvar.AG,1250.0,0.1493642032146453,0.5531723591893396,-0.09812165841742664,-1.038723630791245
HNJ010.AG,Hungary,Hungary_MiddleAvar.AG,1250.0,0.7846251130104065,0.6234864895037565,-0.01481627622437256,-0.9159305908393545
HNJ011.AG,Hungary,Hungary_MiddleAvar.AG,1283.0,0.6226998567581177,0.5203626940325212,-0.04177509748248743,-1.0129586138167601
HNJ012.AG,Hungary,Hungary_MiddleAvar.AG,1250.0,0.7049155235290527,0.6786928167939633,-0.058275419143809855,-0.9846230845927254
HNJ013.AG,Hungary,Hungary_MiddleAvar.AG,1250.0,0.5009858012199402,0.5849458443155876,-0.03528006380980475,-1.0043344496644948
HNJ014.AG,Hungary,Hungary_MiddleAvar.AG,1250.0,0.7244554758071899,0.5525090728269538,-0.1424597033183583,-0.9732120524099066
HNJ015.AG,Hungary,Hungary_MiddleAvar.AG,1250.0,0.798690676689148,0.48221917190288327,-0.08018644081899796,-0.8811162720875577
HNJ016.AG,Hungary,Hungary_MiddleAvar.AG,1263.0,0.4718141555786133,0.5744008843223316,-0.07957381164271708,-1.0104443109770205
HNJ025.AG,Hungary,Hungary_MiddleAvar.AG,1250.0,0.8399878740310669,0.5692424920937666,-0.08561488526023309,-1.074781288411324
HNJ026.AG,Hungary,Hungary_MiddleAvar.AG,1250.0,0.8223960399627686,0.5728528679570016,-0.025349538832793433,-0.9342892602031608
KFJ001.AG,Hungary,Hungary_LateAvar.AG,1188.0,0.1825422793626785,0.5710764710130838,-0.07884046850101598,-0.9946072862632921
KFJ003.AG,Hungary,Hungary_LateAvar.AG,1188.0,0.0768921300768852,0.5759648433058011,-0.095768127502709,-1.1091938170804212
KFJ004.AG,Hungary,Hungary_LateAvar.AG,1188.0,0.8006971478462219,0.4995325655823595,0.001984473458753858,-0.9303271339653343
KFJ005.AG,Hungary,Hungary_LateAvar.AG,1188.0,0.7196314930915833,0.5609494416349345,-0.06156641911937438,-1.0791371367186184
KFJ006.AG,Hungary,Hungary_LateAvar.AG,1188.0,0.8420527577400208,0.6942515084388136,-0.05646819290803263,-1.000299393982048
KFJ007.AG,Hungary,Hungary_LateAvar.AG,1188.0,0.8082761764526367,0.6422281659035396,0.014331614233781934,-1.0602357284995068
KFJ008.AG,Hungary,Hungary_LateAvar.AG,1188.0,0.6016668081283569,0.5647519656506782,-0.05935856617037955,-0.9548288268146268
KFJ009.AG,Hungary,Hungary_LateAvar.AG,1188.0,0.6275084018707275,0.6639572967640266,-0.11128105409294287,-1.0929279586128389
KFJ010.AG,Hungary,Hungary_LateAvar.AG,1188.0,0.7464917302131653,0.6784004800726836,-0.19697311782924334,-1.0902734459224352
KFJ011.AG,Hungary,Hungary_MiddleLateAvar.AG,1213.0,0.8841707110404968,0.5061147916984639,-0.010353502412083191,-0.9491091151733656
KFJ012.AG,Hungary,Hungary_LateAvar.AG,1188.0,0.8424055576324463,0.6515593104458192,-0.11083820202625821,-1.1403120851832136
KFJ013.AG,Hungary,Hungary_MiddleLateAvar.AG,1213.0,0.8724068403244019,0.6118461432069535,-0.019292703286161117,-0.9778303221105068
KFJ014.AG,Hungary,Hungary_MiddleLateAvar.AG,1213.0,0.4655587673187256,0.5999322283843458,-0.0368178156190065,-1.001937221795047
KFJ015.AG,Hungary,Hungary_MiddleLateAvar.AG,1213.0,0.868868350982666,0.578991758263945,-0.1083194420554002,-1.124139666088496
KFJ016.AG,Hungary,Hungary_MiddleLateAvar.AG,1213.0,0.1164294257760047,0.586207285451679,-0.12677818070914074,-1.0175313083716915
KFJ017.AG,Hungary,Hungary_LateAvar.AG,1188.0,0.8748220801353455,0.7362040977525608,0.010801965427099682,-0.9585272822674813
KFJ018.AG,Hungary,Hungary_LateAvar.AG,1188.0,0.8728131651878357,0.6054293211281371,0.013901232315689826,-1.001802928507785
KFJ019.AG,Hungary,Hungary_LateAvar.AG,1188.0,0.231490671634674,0.5755419582668206,-0.08493358686971492,-1.03397287299938
KFJ020.AG,Hungary,Hungary_LateAvar.AG,1188.0,0.5284916162490845,0.592848075680614,-0.08310399700860231,-1.044735270842592
KFJ021.AG,Hungary,Hungary_LateAvar.AG,1188.0,0.8640695810317993,0.6773596085502989,-0.12422248994253732,-1.1660173259455295
KFJ022.AG,Hungary,Hungary_LateAvar.AG,1188.0,0.8555092215538025,0.6634961009020214,-0.1302840765803978,-1.0463886886177132
KFJ023.AG,Hungary,Hungary_LateAvar.AG,1188.0,0.7770445346832275,0.6655176274986575,0.033844455804925275,-1.0995507413097536
KFJ024.AG,Hungary,Hungary_MiddleLateAvar.AG,1213.0,0.672653079032898,0.5358544236082692,0.004891287061306574,-1.072808795442537
KFJ025.AG,Hungary,Hungary_LateAvar.AG,1188.0,0.8513219356536865,0.6610051830367107,-0.10384360006646212,-0.9634028942155707
KFJ026.AG,Hungary,Hungary_LateAvar.AG,1188.0,0.2705324292182922,0.5604260459785585,-0.07410847899988313,-1.0327357050645367
KFJ027.AG,Hungary,Hungary_Avar.AG,1213.0,0.6974897980690002,0.5624991689704822,-0.11027711778081342,-1.0108504156635105
KFJ028.AG,Hungary,Hungary_MiddleLateAvar.AG,1213.0,0.5698431134223938,0.5563740367998914,-0.11968363357796173,-1.0188405827878948
KFJ029.AG,Hungary,Hungary_MiddleLateAvar.AG,1213.0,0.790116548538208,0.6042723979315352,-0.03395894970158899,-1.063545957400012
KFJ030.AG,Hungary,Hungary_LateAvar.AG,1188.0,0.6881995797157288,0.5539882569580131,-0.05943772541631094,-1.0236808700273643
KFJ031.AG,Hungary,Hungary_Avar.AG,1213.0,0.8077433109283447,0.590078182866141,-0.00128424866650463,-0.9303198789514057
KFJ032.AG,Hungary,Hungary_MiddleLateAvar.AG,1213.0,0.8207350373268127,0.5368459060535018,0.032315302923458564,-0.8304994596243929
KFJ033.AG,Hungary,Hungary_Avar.AG,1213.0,0.8792129755020142,0.5394006008846334,0.07077357829567298,-0.7959238538732752
KFJ034.AG,Hungary,Hungary_MiddleAvar.AG,1255.0,0.5863547325134277,0.5455673153701065,-0.1081741735028743,-0.9754236685896309
KFJ036.AG,Hungary,Hungary_MiddleLateAvar.AG,1213.0,0.8094180822372437,0.5564568262028479,0.07881267980852581,-0.8120559579300406
KFJ037.AG,Hungary,Hungary_LateAvar.AG,1188.0,0.4025594294071197,0.5366264193710736,-0.09120373125126403,-1.0690269721774692
KFJ038.AG,Hungary,Hungary_MiddleLateAvar.AG,1213.0,0.8326384425163269,0.537284910403132,0.10776044845245233,-0.8704256891342289
KFJ039.AG,Hungary,Hungary_MiddleLateAvar.AG,1213.0,0.6214386820793152,0.5469766767619793,-0.043416075756984376,-0.9592801735275002
KFJ040.AG,Hungary,Hungary_LateAvar.AG,1188.0,0.8314510583877563,0.6390864700999973,-0.07264464202458383,-1.1344821328470858
KFJ041.AG,Hungary,Hungary_LateAvar.AG,1188.0,0.7676374912261963,0.5690108430857155,-0.11153839880921819,-0.9811623376771857
KFJ042.AG,Hungary,Hungary_MiddleLateAvar.AG,1213.0,0.3241952955722809,0.5971863749610888,-0.0762221546105533,-1.018429876890382
KFJ043.AG,Hungary,Hungary_MiddleAvar.AG,1255.0,0.8313294053077698,0.5831589030562665,-0.0738802949383862,-1.0157269189912799
KFJ044.AG,Hungary,Hungary_MiddleLateAvar.AG,1213.0,0.2493517845869064,0.5690830891628711,-0.13070131421028153,-1.0181921012509352
KFJ045.AG,Hungary,Hungary_MiddleLateAvar.AG,1213.0,0.8315289616584778,0.6021688592054429,-0.03169207081578406,-1.1193072032089944
KFJ046.AG,Hungary,Hungary_Avar.AG,1213.0,0.5499114990234375,0.5142053425062247,-0.13562125746225215,-0.9795483380230504
KFJ047.AG,Hungary,Hungary_LateAvar.AG,1188.0,0.8367567658424377,0.6277339892636762,-0.043633860699195635,-1.066810166641714
KFJ048.AG,Hungary,Hungary_LateAvar.AG,1188.0,0.8046898245811462,0.6548101873555697,-0.03729837893291672,-1.1034318462034907
KFJ049.AG,Hungary,Hungary_LateAvar.AG,1188.0,0.7048417329788208,0.5386017578682197,-0.10247669967921609,-1.0865100266561418
KFJ050.AG,Hungary,Hungary_LateAvar.AG,1188.0,0.7028465867042542,0.5833576876113259,-0.06139184006591959,-1.083977462382194
KFJ051.AG,Hungary,Hungary_LateAvar.AG,1188.0,0.8108397722244263,0.6935692894085546,-0.08443996942956425,-0.9266196282166981
KFJ052.AG,Hungary,Hungary_LateAvar.AG,1188.0,0.7933444380760193,0.5229578462296374,-0.06304006938209945,-1.0177113279518815
KFJ053.AG,Hungary,Hungary_LateAvar.AG,1188.0,0.8111609816551208,0.7136037196286885,-0.11765239505805382,-0.9642973583725191
KFJ054.AG,Hungary,Hungary_LateAvar.AG,1188.0,0.1957651674747467,0.6332405000021681,-0.10694944969217034,-0.9883256470264656
KUP001.AG,Hungary,Hungary_Avar.AG,1213.0,0.6715444326400757,0.5383744075932918,0.01757928151230421,-0.898068841439771
KUP002.AG,Hungary,Hungary_EarlyAvar.AG,1325.0,0.8365961909294128,0.5235228083745813,0.11460356463533647,-0.7845876294042115
KUP003.AG,Hungary,Hungary_EarlyAvar.AG,1325.0,0.6427977681159973,0.6083081300080252,-0.0309704214410391,-1.0130446537007476
KUP004.AG,Hungary,Hungary_EarlyAvar.AG,1325.0,0.8193758130073547,0.5339304249349526,0.0013039730063337347,-0.8239784387137941
KUP005.AG,Hungary,Hungary_EarlyAvar.AG,1325.0,0.7986112236976624,0.5251835191283093,0.05220124295382174,-0.835203226653789
KUP007.AG,Hungary,Hungary_LateAvar.AG,1188.0,0.8070458173751831,0.5267608692948247,-0.04393103174768133,-1.0315782880011053
KUP009.AG,Hungary,Hungary_LateAvar.AG,1188.0,0.6007601022720337,0.6020541800700645,-0.08202585007716598,-1.0680770880187138
KUP010.AG,Hungary,Hungary_LateAvar.AG,1188.0,0.6737650036811829,0.570327490899144,-0.027334119053176908,-1.0954395444879068
KUP011.AG,Hungary,Hungary_LateAvar.AG,1188.0,0.810005247592926,0.641838427600241,-0.11442045788196453,-1.1512793480155095
KUP012.AG,Hungary,Hungary_LateAvar.AG,1188.0,0.7687534689903259,0.5460035507289668,-0.1591262902124045,-1.1566981291489222
KUP014.AG,Hungary,Hungary_Avar.AG,1213.0,0.7891644239425659,0.6950698899771581,-0.24403501800961985,-1.0417101748630804
KUP015.AG,Hungary,Hungary_MiddleLateAvar_oEurope.AG,1213.0,0.5481799244880676,0.6235876802617187,-0.24432538472485368,-1.103650863858775
KUP016.AG,Hungary,Hungary_LateAvar.AG,1188.0,0.8659600615501404,0.5677762584888107,-0.0835037151075309,-1.083859774250422
KUP017.AG,Hungary,Hungary_LateAvar.AG,1188.0,0.808143138885498,0.5523666860762974,-0.11210056410787562,-1.1195089502745361
KUP018.AG,Hungary,Hungary_LateAvar.AG,1188.0,0.8171479105949402,0.49631604054194894,-0.24898517396485503,-1.0857876196189797
KUP019.AG,Hungary,Hungary_LateAvar.AG,1188.0,0.6879392266273499,0.5828000757000279,-0.1315468536607007,-0.9673015292586776
KUP020.AG,Hungary,Hungary_Avar.AG,1213.0,0.8118576407432556,0.7584601321924902,-0.16335927483841095,-0.8533825805190268
KUP021.AG,Hungary,Hungary_Avar.AG,1213.0,0.8249199390411377,0.48924807291303746,-0.22858899688154688,-1.085218753073139
KUP022.AG,Hungary,Hungary_EarlyAvar.AG,1325.0,0.687042236328125,0.5840958454984405,-0.004536656340773321,-0.8965657451463206
KUP023.AG,Hungary,Hungary_LateAvar.AG,1188.0,0.7833356261253357,0.6988391547247752,-0.20764381452993474,-1.1463773057644504
KUP024.AG,Hungary,Hungary_EarlyAvar.AG,1325.0,0.4947068691253662,0.568604378202006,-0.03842260197911046,-1.0106744077636503
KUP025.AG,Hungary,Hungary_EarlyAvar.AG,1325.0,0.8371720314025879,0.41825508616659446,0.12621477907542958,-0.933764917030714
KUP026.AG,Hungary,Hungary_EarlyAvar.AG,1325.0,0.7393109202384949,0.5235850180430864,-0.01869392629476881,-0.8978655134622472
KUP027.AG,Hungary,Hungary_EarlyAvar.AG,1325.0,0.81792813539505,0.5227450436041611,-0.002052495854092695,-0.8616589530104727
RKC001.AG,Hungary,Hungary_Avar.AG,1213.0,0.5827975869178772,0.5847720515358068,-0.017929706475822673,-1.0472341791470627
RKC002.AG,Hungary,Hungary_MiddleAvar.AG,1175.0,0.8688740730285645,0.48475693217364546,-0.10570375314077866,-1.1275701780706895
RKC003.AG,Hungary,Hungary_MiddleAvar.AG,1154.0,0.8814018964767456,0.5839345243346844,-0.30158262413679504,-1.0528833085961211
RKC004.AG,Hungary,Hungary_MiddleLateAvar_oEurope.AG,1231.0,0.7597024440765381,0.690963434538887,-0.1987868631120503,-0.9947518352647012
RKC005.AG,Hungary,Hungary_LateAvar.AG,1119.0,0.0986218303442001,0.546731000921905,-0.10009748498953262,-1.0581354979108464
RKC006.AG,Hungary,Hungary_MiddleLateAvar.AG,1225.0,0.7179096937179565,0.519506028123172,-0.0847891799554718,-1.0125955100778985
RKC007.AG,Hungary,Hungary_MiddleLateAvar.AG,1245.0,0.8237780332565308,0.5677785158874549,-0.06265661841367978,-1.0243881093120524
RKC008.AG,Hungary,Hungary_LateAvar.AG,1175.0,0.4749990403652191,0.5642943166612897,-0.0943185495726864,-0.9648778571493201
RKC009.AG,Hungary,Hungary_LateAvar.AG,1225.0,0.8049136400222778,0.5368206675464874,0.01991434260981796,-1.2238461360271078
RKC010.AG,Hungary,Hungary_LateAvar.AG,1118.0,0.8267001509666443,0.49522449982414923,-0.004998933031887199,-1.0397198999531676
RKC011.AG,Hungary,Hungary_LateAvar.AG,1175.0,0.817280113697052,0.5818853990538526,-0.17091696951144353,-1.0771366816255716
RKC012.AG,Hungary,Hungary_LateAvar.AG,1229.0,0.8545546531677246,0.533306251947441,-0.1817603293404722,-1.0156346894985184
RKC013.AG,Hungary,Hungary_LateAvar.AG,1175.0,0.7663187384605408,0.518324846697605,-0.2644358906439322,-0.9813452585438399
RKC014.AG,Hungary,Hungary_MiddleLateAvar.AG,1225.0,0.8237934112548828,0.38000055652745535,-0.2506414845745237,-1.0617631903849734
RKC015.AG,Hungary,Hungary_LateAvar.AG,1175.0,0.6143285036087036,0.6387637825147655,-0.2118085740728108,-1.0488410464243567
RKC016.AG,Hungary,Hungary_MiddleLateAvar.AG,1225.0,0.8549812436103821,0.6883680734239666,-0.16596015285037286,-0.8540530542293187
RKC017.AG,Hungary,Hungary_MiddleLateAvar.AG,1225.0,0.8285914063453674,0.5236490357764947,-0.006984533016533101,-1.0295505781698118
RKC018.AG,Hungary,Hungary_LateAvar.AG,1201.0,0.8618903160095215,0.5033584765920879,-0.11103686255387424,-1.2940264756647777
RKC019.AG,Hungary,Hungary_LateAvar.AG,1246.0,0.659171462059021,0.5013309448562313,-0.08640633284429816,-1.0321279728490451
RKC020.AG,Hungary,Hungary_LateAvar.AG,1175.0,0.8671846985816956,0.5155199591154177,-0.050410841648550746,-1.1092729157979961
RKC021.AG,Hungary,Hungary_MiddleLateAvar.AG,1229.0,0.8487550616264343,0.6686453254260543,-0.0849531948360919,-0.9935547888805836
RKC022.AG,Hungary,Hungary_MiddleLateAvar.AG,1225.0,0.8248607516288757,0.5562390749334898,-0.07661005685985384,-0.9781065438259812
RKC023.AG,Hungary,Hungary_LateAvar.AG,1175.0,0.8631393313407898,0.4848748296743114,-0.07642869151556307,-1.1255721987107885
RKC024.AG,Hungary,Hungary_LateAvar.AG,1175.0,0.7100030779838562,0.5790052803911772,-0.08926195287591314,-1.0412201388362001
RKC025.AG,Hungary,Hungary_Avar.AG,1213.0,0.0858239158987999,0.5726382663790317,-0.036135069796913576,-1.0314263242241681
RKC026.AG,Hungary,Hungary_MiddleLateAvar.AG,1225.0,0.792437732219696,0.5875761101799272,-0.34698411373399146,-1.2167641769988722
RKC027.AG,Hungary,Hungary_LateAvar.AG,1175.0,0.5283488631248474,0.6007964503841039,-0.05920840462710897,-1.0748250137444726
RKC028.AG,Hungary,Hungary_MiddleLateAvar.AG,1225.0,0.8712576627731323,0.47854088797238087,-0.015660166801880784,-1.1735063132218433
RKC029.AG,Hungary,Hungary_LateAvar.AG,1175.0,0.7412703633308411,0.5800036374008668,-0.12882396238520374,-1.065881579949263
RKC030.AG,Hungary,Hungary_MiddleAvar.AG,1175.0,0.6412462592124939,0.5266295941596361,-0.09360659743857937,-1.0446217504831652
RKC031.AG,Hungary,Hungary_MiddleAvar.AG,1175.0,0.8802129626274109,0.5220483414404118,-0.027991809602937155,-1.066487658610498
RKC032.AG,Hungary,Hungary_LateAvar.AG,1193.0,0.8393025994300842,0.5644275779424651,0.1100704110982844,-1.0048649719049398
RKC033.AG,Hungary,Hungary_MiddleAvar.AG,1229.0,0.5304615497589111,0.5377203955296409,-0.06508768405414217,-1.0856041842584019
RKC034.AG,Hungary,Hungary_MiddleLateAvar.AG,1225.0,0.2709987759590149,0.5269972900685131,-0.09346446938792818,-0.9805572420270144
RKC035.AG,Hungary,Hungary_LateAvar.AG,1175.0,0.8514135479927063,0.5638430051889836,-0.09742976383356018,-1.084467621469819
RKC036.AG,Hungary,Hungary_MiddleAvar.AG,1175.0,0.6985668540000916,0.535517494496424,-0.1255743278665886,-1.139941740874867
RKC037.AG,Hungary,Hungary_MiddleAvar.AG,1175.0,0.8560282588005066,0.5271714213361399,-0.01048808834161296,-1.0336852302714372
RKC038.AG,Hungary,Hungary_MiddleAvar.AG,1228.0,0.8797798752784729,0.5655631312721642,0.0018279636600851198,-1.0643786472881454
RKC039.AG,Hungary,Hungary_MiddleAvar.AG,1175.0,0.8556333184242249,0.5531004737423932,-0.08400365242406757,-1.0609214549367485
RKC040.AG,Hungary,Hungary_MiddleLateAvar.AG,1225.0,0.802269697189331,0.5927485427850777,-0.018351225366616954,-1.1519007248783801
RKC041.AG,Hungary,Hungary_LateAvar.AG,1187.0,0.8307065963745117,0.3718636220768005,-0.15507693926237034,-1.1787270372648815
RKC042.AG,Hungary,Hungary_MiddleAvar.AG,1226.0,0.862589418888092,0.5396843277827712,-0.12917052742136792,-1.130006302878879
RKC043.AG,Hungary,Hungary_LateAvar.AG,1175.0,0.8682065606117249,0.561737697782836,-0.08064696998083114,-1.1737178558040495
RKC044.AG,Hungary,Hungary_MiddleLateAvar.AG,1225.0,0.2349026352167129,0.5530812506461261,-0.09788683538140512,-0.998833724177136
RKC045.AG,Hungary,Hungary_MiddleLateAvar.AG,1225.0,0.8397818803787231,0.5938984894223971,0.12270769266870797,-0.9872239852455403
RKC046.AG,Hungary,Hungary_LateAvar.AG,1175.0,0.8239191174507141,0.5151261507945313,-0.17460854143554325,-1.0552602878317299
RKC047.AG,Hungary,Hungary_MiddleAvar.AG,1234.0,0.8162850141525269,0.6225673189820339,-0.15925790464939937,-1.0072756265080518
RKC048.AG,Hungary,Hungary_LateAvar.AG,1175.0,0.7583374977111816,0.6428894316575082,-0.09375366378932588,-1.0713585558611336
RKC049.AG,Hungary,Hungary_LateAvar.AG,1198.0,0.8338127732276917,0.5580078885966541,-0.02617309968394544,-1.1626534675066829
RKC050.AG,Hungary,Hungary_LateAvar.AG,1175.0,0.814207136631012,0.5908789861904397,-0.06765029960518684,-0.8806882588672255
RKC051.AG,Hungary,Hungary_EarlyAvar.AG,1297.0,0.8025681972503662,0.5274793451189687,0.047641251069882776,-1.0444890083704794
RKC052.AG,Hungary,Hungary_EarlyAvar.AG,1325.0,0.8403334021568298,0.4714403351445456,0.029533845467383163,-1.1059374548526772
RKF002.AG,Hungary,Hungary_LateAvar.AG,1175.0,0.6914452910423279,0.6040067506481681,-0.0994575704802249,-1.1030846853840925
RKF003.AG,Hungary,Hungary_MiddleLateAvar.AG,1225.0,0.704319417476654,0.5536082910914216,-0.16529034892537253,-1.1074710715194596
RKF004.AG,Hungary,Hungary_MiddleLateAvar.AG,1225.0,0.682049572467804,0.5821351457291978,0.01709048831025891,-1.0543475357930467
RKF005.AG,Hungary,Hungary_LateAvar.AG,1175.0,0.3077145218849182,0.5500070755922998,-0.013888572806629083,-1.0184171948436986
RKF006.AG,Hungary,Hungary_LateAvar.AG,1175.0,0.7018190622329712,0.576713511666038,-0.13938401374459966,-1.080978570548595
RKF007.AG,Hungary,Hungary_MiddleLateAvar.AG,1225.0,0.5312174558639526,0.5656248877390163,-0.04043230219954504,-1.0181571568417036
RKF009.AG,Hungary,Hungary_EarlyAvar.AG,1325.0,0.1183280274271965,0.578246346969252,-0.06639513799918105,-1.0326199691849705
RKF010.AG,Hungary,Hungary_LateAvar.AG,1175.0,0.7335137724876404,0.5558218708292534,-0.09472002781119798,-1.1093808440861128
RKF011.AG,Hungary,Hungary_LateAvar.AG,1175.0,0.5622519850730896,0.542621427192262,-0.08231770255371136,-1.0289456682582567
RKF012.AG,Hungary,Hungary_LateAvar.AG,1235.0,0.0933072045445442,0.5677815444118303,-0.08678802014209562,-1.1078777497233352
RKF013.AG,Hungary,Hungary_LateAvar.AG,1175.0,0.6174346804618835,0.60488804535485,-0.06994025179861826,-1.011171571051685
RKF014.AG,Hungary,Hungary_LateAvar.AG,1175.0,0.7742262482643127,0.5029517395755019,-0.0254438149813565,-1.0954370812906495
RKF015.AG,Hungary,Hungary_LateAvar.AG,1175.0,0.8090904355049133,0.6059696406993406,0.09551993524103243,-0.9994786920296818
RKF016.AG,Hungary,Hungary_LateAvar.AG,1175.0,0.747825026512146,0.6197937440116034,-0.18170114962516365,-1.035352344882746
RKF017.AG,Hungary,Hungary_LateAvar.AG,1175.0,0.6153179407119751,0.5565233138120229,-0.08292069220149449,-1.0858481307231949
RKF018.AG,Hungary,Hungary_LateAvar.AG,1175.0,0.7383596301078796,0.5614186266828524,-0.0543425984150237,-1.0307452357445244
RKF019.AG,Hungary,Hungary_LateAvar.AG,1287.0,0.3495875597000122,0.5544175413808481,-0.059737485168185875,-1.0389467185870054
RKF020.AG,Hungary,Hungary_LateAvar.AG,1175.0,0.7401714324951172,0.5385604774808412,-0.06741888915327965,-1.0409618563591454
RKF021.AG,Hungary,Hungary_LateAvar.AG,1175.0,0.6856545805931091,0.5811194975737477,-0.04867643505054443,-1.052670347271708
RKF023.AG,Hungary,Hungary_LateAvar.AG,1175.0,0.7464308738708496,0.5283196893067483,-0.06556610057168456,-1.0231166612969438
RKF025.AG,Hungary,Hungary_LateAvar.AG,1175.0,0.3803723156452179,0.5448400254021312,-0.05072695067067168,-0.9682348417459377
RKF026.AG,Hungary,Hungary_Avar.AG,1213.0,0.8655261397361755,0.39685288318576467,-0.20619208564486338,-1.0515130971763706
RKF027.AG,Hungary,Hungary_Avar.AG,1213.0,0.6978855729103088,0.5135215067750722,-0.09845747098493386,-1.0365234001313999
RKF028.AG,Hungary,Hungary_LateAvar.AG,1175.0,0.7110654711723328,0.5690998508420779,-0.032555350794095765,-1.0613812781365255
RKF029.AG,Hungary,Hungary_MiddleAvar.AG,1175.0,0.792798638343811,0.5415508731576519,-0.12380916622627465,-1.1564422159803756
RKF030.AG,Hungary,Hungary_LateAvar.AG,1175.0,0.8189370036125183,0.5385476945982217,-0.07254321373456848,-0.9894542979147253
RKF031.AG,Hungary,Hungary_MiddleLateAvar.AG,1225.0,0.8027887940406799,0.523274893725737,-0.10230771385692444,-1.1106126276750183
RKF032.AG,Hungary,Hungary_LateAvar.AG,1175.0,0.8176953792572021,0.5950072291204229,-0.1188854701285426,-0.9881418507442817
RKF033.AG,Hungary,Hungary_LateAvar.AG,1175.0,0.3044355511665344,0.5685237579216311,-0.07936188271578588,-1.0270847808287071
RKF034.AG,Hungary,Hungary_LateAvar.AG,1175.0,0.7655304670333862,0.5787004083841536,-0.21965724367757616,-1.0455883500123346
RKF035.AG,Hungary,Hungary_Avar.AG,1213.0,0.0553400479257106,0.5887939487007918,-0.1022084809112125,-1.1239603864870356
RKF036.AG,Hungary,Hungary_LateAvar.AG,1175.0,0.7066778540611267,0.5001423846053649,-0.1542968350004683,-1.1141398263302504
RKF037.AG,Hungary,Hungary_MiddleAvar.AG,1175.0,0.8170416951179504,0.6524090887808656,-0.13747579523233142,-1.2051578533378624
RKF038.AG,Hungary,Hungary_LateAvar.AG,1175.0,0.6117380857467651,0.5225309402750968,-0.0834908975760897,-1.0792227969691242
RKF039.AG,Hungary,Hungary_MiddleLateAvar.AG,1225.0,0.6001777648925781,0.6004598667917637,-0.06850405149768277,-0.9748371557239326
RKF040.AG,Hungary,Hungary_MiddleLateAvar.AG,1225.0,0.489629864692688,0.567179225029183,-0.05638795542774752,-1.0784958161785663
RKF041.AG,Hungary,Hungary_LateAvar.AG,1175.0,0.3228571116924286,0.5763239110849685,-0.10694061663204077,-1.018062920371035
RKF042.AG,Hungary,Hungary_MiddleAvar.AG,1230.0,0.7426150441169739,0.5878307314132926,-0.08385850738619985,-1.0941577611013469
RKF043.AG,Hungary,Hungary_MiddleLateAvar.AG,1225.0,0.7566660046577454,0.7034607117122299,-0.023405904942908843,-0.9617860226627408
RKF044.AG,Hungary,Hungary_MiddleAvar.AG,1175.0,0.7472614049911499,0.5282421694528356,-0.09990965526383133,-0.864055539598563
RKF045.AG,Hungary,Hungary_Avar.AG,1213.0,0.4621638357639313,0.5684589135850278,-0.11841091489249106,-1.0839102622672998
RKF046.AG,Hungary,Hungary_LateAvar.AG,1175.0,0.8675626516342163,0.5241302156445276,-0.0368299092798197,-1.0877247341793228
RKF047.AG,Hungary,Hungary_MiddleAvar.AG,1175.0,0.7932252287864685,0.4793669124530956,-0.15438852585131235,-1.1441575848255212
RKF048.AG,Hungary,Hungary_EarlyAvar.AG,1325.0,0.2479179054498672,0.5683095742350863,-0.08495412927010484,-1.0433348158854914
RKF049.AG,Hungary,Hungary_MiddleAvar.AG,1175.0,0.4752626419067383,0.5655531813017296,-0.05670524153099735,-1.0402070555170704
RKF050.AG,Hungary,Hungary_EarlyAvar.AG,1325.0,0.4998138844966888,0.5994230901352646,-0.10017253529722805,-0.9382479527855597
RKF051.AG,Hungary,Hungary_Avar.AG,1213.0,0.8364980816841125,0.6509634900512346,-0.048160689191775734,-1.069293738128175
RKF052.AG,Hungary,Hungary_EarlyAvar.AG,1325.0,0.6854072213172913,0.5556635747156289,-0.12278857137361829,-1.0771889862253012
RKF053.AG,Hungary,Hungary_EarlyAvar.AG,1325.0,0.7512645721435547,0.5385470443312539,-0.06421225874587363,-1.0754470513588132
RKF054.AG,Hungary,Hungary_EMiddleAvar.AG,1300.0,0.8022900223731995,0.5183894617683547,-0.15641769640364445,-1.2020163413328464
RKF055.AG,Hungary,Hungary_EMiddleAvar.AG,1300.0,0.702747642993927,0.6355826494168049,-0.1584031838866505,-1.051504106163658
RKF056.AG,Hungary,Hungary_EarlyAvar.AG,1365.0,0.060136429965496,0.5719016529099072,-0.07679688646211856,-1.0632812938342955
RKF057.AG,Hungary,Hungary_EMiddleAvar.AG,1300.0,0.7323532104492188,0.5336723255486434,-0.042673705632565215,-1.0808633146007582
RKF059.AG,Hungary,Hungary_EarlyAvar.AG,1325.0,0.0600301846861839,0.5840828449125266,-0.08607609779234127,-1.064760670874523
RKF060.AG,Hungary,Hungary_EarlyAvar.AG,1325.0,0.1534111946821212,0.5791165293019106,-0.04462794304290554,-1.0579055949856229
RKF061.AG,Hungary,Hungary_EarlyAvar.AG,1325.0,0.6178726553916931,0.5548017600992184,-0.014229872800260227,-1.0194547307746615
RKF062.AG,Hungary,Hungary_EarlyAvar.AG,1341.0,0.5089395046234131,0.6108109926201839,-0.06317229738618811,-1.0158544871199784
RKF063.AG,Hungary,Hungary_MiddleAvar.AG,1175.0,0.7559547424316406,0.5847921311193709,0.010384314225518958,-0.9889985971614076
RKF064.AG,Hungary,Hungary_MiddleLateAvar.AG,1228.0,0.4865739345550537,0.5382627868382802,-0.04972558193681731,-1.0627112723871135
RKF066.AG,Hungary,Hungary_EarlyAvar.AG,1325.0,0.7445801496505737,0.5659015430581875,-0.00146636165127191,-1.0476503216273676
RKF067.AG,Hungary,Hungary_EarlyAvar.AG,1325.0,0.6390483975410461,0.5930060383781506,-0.07667072047000507,-1.0074095530904326
RKF068.AG,Hungary,Hungary_MiddleAvar.AG,1175.0,0.0783608928322792,0.5010533430352133,-0.1055286193067487,-1.0683997708349056
RKF069.AG,Hungary,Hungary_EarlyAvar.AG,1328.0,0.6058427691459656,0.5247457560804726,-0.11601919590610765,-1.0638131890166638
RKF071.AG,Hungary,Hungary_EarlyAvar.AG,1343.0,0.1106622591614723,0.5530285604152755,-0.0957968996487283,-1.063895931313032
RKF072.AG,Hungary,Hungary_EMiddleAvar.AG,1300.0,0.7021118402481079,0.5859187808026699,-0.15505551305439474,-1.0625688411420648
RKF073.AG,Hungary,Hungary_MiddleAvar.AG,1226.0,0.0708200186491012,0.5686924340120161,-0.059140401177332394,-1.034312387523302
RKF074.AG,Hungary,Hungary_EarlyAvar.AG,1324.0,0.7123339176177979,0.5079151545823194,-0.033179891377722856,-1.0515387597093984
RKF076.AG,Hungary,Hungary_EarlyAvar.AG,1321.0,0.5780482292175293,0.6155808460232218,-0.004170614370448432,-1.0884118833428733
RKF077.AG,Hungary,Hungary_EarlyAvar.AG,1325.0,0.4378794133663177,0.5807470521901474,-0.07687688458843121,-1.0220342757900993
RKF078.AG,Hungary,Hungary_EarlyAvar.AG,1325.0,0.5355101823806763,0.5082384527826879,-0.07554615550765734,-1.0195414340792297
RKF079.AG,Hungary,Hungary_MiddleLateAvar.AG,1225.0,0.1759097427129745,0.5647142898733045,-0.028951876629894634,-1.1237144016552998
RKF080.AG,Hungary,Hungary_Avar.AG,1213.0,0.5865631699562073,0.4951825033792637,-0.04740557543392458,-1.0504693493194912
RKF081.AG,Hungary,Hungary_EarlyAvar.AG,1325.0,0.5402165055274963,0.5527244364875632,-0.07777877757924383,-1.1115493969675383
RKF083.AG,Hungary,Hungary_MiddleAvar.AG,1175.0,0.4065058529376983,0.571383628017129,-0.09941605337460517,-1.0396148671140841
RKF084.AG,Hungary,Hungary_Avar.AG,1213.0,0.7207944989204407,0.5697795489992792,-0.04550861858170057,-1.0103564380674073
RKF087.AG,Hungary,Hungary_EarlyAvar.AG,1325.0,0.0877022370696067,0.5404896285569,-0.05900137974568618,-1.016811149829428
RKF088.AG,Hungary,Hungary_MiddleAvar.AG,1175.0,0.6758185029029846,0.5366989345991149,-0.09495578217958688,-1.0410052791451578
RKF089.AG,Hungary,Hungary_EMiddleAvar.AG,1300.0,0.7692221999168396,0.5194872768742259,-0.04735829255770096,-1.0130922167654242
RKF090.AG,Hungary,Hungary_LateAvar.AG,1175.0,0.1895121932029724,0.6172540313840261,-0.12312125345312917,-1.1024523044972505
RKF091.AG,Hungary,Hungary_EMiddleAvar.AG,1300.0,0.7782513499259949,0.5642860643039007,-0.019892713719197673,-1.051588099079797
RKF092.AG,Hungary,Hungary_LateAvar.AG,1175.0,0.5357080698013306,0.5676649305315656,-0.09711479984008807,-1.138580784144897
RKF093.AG,Hungary,Hungary_EMiddleAvar.AG,1300.0,0.0851385965943336,0.5414885591156071,-0.1099148559919728,-1.0348872861721696
RKF094.AG,Hungary,Hungary_Avar.AG,1213.0,0.1013525426387786,0.574625446522762,-0.0965691094635669,-1.0093362638578909
RKF095.AG,Hungary,Hungary_LateAvar.AG,1175.0,0.7547844052314758,0.5756561139588878,-0.010077360657249202,-0.9929929769234958
RKF096.AG,Hungary,Hungary_LateAvar.AG,1175.0,0.093208260834217,0.523559796581385,-0.05889115171758608,-0.9888064837415933
RKF097.AG,Hungary,Hungary_EMiddleAvar.AG,1300.0,0.0777307301759719,0.6354516071283889,-0.05887700438519118,-1.0833055022718963
RKF098.AG,Hungary,Hungary_MiddleAvar.AG,1175.0,0.7957450747489929,0.5056420961446192,-0.17386256377587642,-1.0626007194143345
RKF099.AG,Hungary,Hungary_LateAvar.AG,1225.0,0.5991031527519226,0.5753072289036825,-0.10072958635258852,-1.0960199841037572
RKF100.AG,Hungary,Hungary_LateAvar.AG,1175.0,0.3105376958847046,0.5485555399177114,-0.09683045714574903,-1.0694620458005706
RKF101.AG,Hungary,Hungary_EarlyAvar.AG,1325.0,0.7283751368522644,0.5490490187484076,-0.04878802816731244,-1.0140907035371847
RKF102.AG,Hungary,Hungary_Avar.AG,1213.0,0.8021050691604614,0.5815796081017445,0.07049176685688727,-1.016085698281593
RKF103.AG,Hungary,Hungary_EarlyAvar.AG,1325.0,0.2973415553569793,0.5529093822606184,-0.05052048465073459,-1.0085495434457996
RKF104.AG,Hungary,Hungary_MiddleAvar.AG,1175.0,0.775795578956604,0.6046359054941337,-0.0005601213926195836,-1.1615971985719238
RKF105.AG,Hungary,Hungary_EarlyAvar.AG,1325.0,0.6134079694747925,0.6064905537999177,-0.09989856079782329,-1.122548754981407
RKF106.AG,Hungary,Hungary_EarlyAvar.AG,1325.0,0.4602043926715851,0.5376861671234753,-0.08042469394197692,-1.0121072757998357
RKF107.AG,Hungary,Hungary_EarlyAvar.AG,1325.0,0.3856480121612549,0.5829106511387687,-0.07334922296273783,-1.0681541997764579
RKF108.AG,Hungary,Hungary_EarlyAvar.AG,1325.0,0.2771576642990112,0.5968580656161795,-0.08859272801017756,-1.022560712859468
RKF109.AG,Hungary,Hungary_EarlyAvar.AG,1325.0,0.7604972720146179,0.5799752280095354,-0.08590670614465563,-1.0016726209572662
RKF110.AG,Hungary,Hungary_EMiddleAvar.AG,1300.0,0.8050580024719238,0.4521977416448887,0.1600113249118831,-1.0490798595454525
RKF113.AG,Hungary,Hungary_EarlyAvar.AG,1325.0,0.6840511560440063,0.5197151329224775,-0.05341589492745602,-1.0669989838044174
RKF114.AG,Hungary,Hungary_MiddleAvar.AG,1175.0,0.1684670001268386,0.5730484530559256,-0.08319643987701292,-1.0878717502692012
RKF115.AG,Hungary,Hungary_EarlyAvar.AG,1325.0,0.6225595474243164,0.5064257346724486,-0.14458709634726066,-1.1131941207238498
RKF116.AG,Hungary,Hungary_EarlyAvar.AG,1325.0,0.7505143880844116,0.5310999285574299,-0.07505686140302067,-1.1181333390507342
RKF117.AG,Hungary,Hungary_EMiddleAvar.AG,1300.0,0.8704742193222046,0.4906178625468458,0.1466646639704981,-1.0998218366798675
RKF118.AG,Hungary,Hungary_LateAvar.AG,1175.0,0.7439791560173035,0.6274109921010843,-0.20803100472459388,-1.0768435092961135
RKF120.AG,Hungary,Hungary_LateAvar.AG,1175.0,0.6656417846679688,0.592230803581742,-0.04922074571046548,-0.9694817502310148
RKF121.AG,Hungary,Hungary_EarlyAvar.AG,1325.0,0.7888951897621155,0.6166587518089605,-0.11018334477368046,-0.9689828290410349
RKF122.AG,Hungary,Hungary_EMiddleAvar.AG,1300.0,0.0844881609082222,0.6006905024512296,-0.004639392371956565,-1.0494927391028237
RKF124.AG,Hungary,Hungary_EarlyAvar.AG,1325.0,0.7782707810401917,0.568744027469124,-0.11029062645388525,-1.0276545914742643
RKF126.AG,Hungary,Hungary_EarlyAvar.AG,1325.0,0.2031665593385696,0.5653020198717033,-0.08683625734499763,-1.060049722904625
RKF127.AG,Hungary,Hungary_LateAvar.AG,1175.0,0.8072542548179626,0.6028540898546694,0.026479850205719847,-0.9714841791764132
RKF129.AG,Hungary,Hungary_EarlyAvar.AG,1325.0,0.8031383156776428,0.49923435988379283,0.11889224086120026,-1.0673996635744212
RKF130.AG,Hungary,Hungary_EMiddleAvar.AG,1300.0,0.0609701611101627,0.5329129475425559,-0.07465903816525601,-1.0242571570517027
RKF131.AG,Hungary,Hungary_MiddleAvar.AG,1175.0,0.1909996122121811,0.5799244818701794,-0.06672951052547442,-1.0666989967309428
RKF132.AG,Hungary,Hungary_EarlyAvar.AG,1370.0,0.837922215461731,0.5629731646134493,0.10252757511715765,-0.9424654236834742
RKF133.AG,Hungary,Hungary_EarlyAvar.AG,1325.0,0.7455039024353027,0.5529681632482263,-0.0259039058241428,-0.9772098710675353
RKF134.AG,Hungary,Hungary_EMiddleAvar.AG,1300.0,0.8233343958854675,0.6409017617308488,-0.31544002565486406,-1.241234178713074
RKF135.AG,Hungary,Hungary_EMiddleAvar.AG,1300.0,0.7891238927841187,0.5662195805214336,-0.10169519241771945,-1.0276976283737844
RKF136.AG,Hungary,Hungary_MiddleAvar.AG,1175.0,0.699872612953186,0.5643674150543768,-0.11805159021892123,-0.9875833717242847
RKF137.AG,Hungary,Hungary_EarlyAvar.AG,1344.0,0.5606493949890137,0.6138780314108413,-0.03615376754122278,-0.9667889096438455
RKF138.AG,Hungary,Hungary_MiddleAvar.AG,1175.0,0.772693395614624,0.46230122621140957,-0.049900698124238224,-1.0286378375253837
RKF139.AG,Hungary,Hungary_LateAvar.AG,1175.0,0.7668118476867676,0.5381752007137602,-0.10918125449281538,-1.0861732005034765
RKF140.AG,Hungary,Hungary_MiddleAvar.AG,1175.0,0.6232083439826965,0.5632187045489015,-0.017924907920185994,-1.0151410804016043
RKF141.AG,Hungary,Hungary_MiddleLateAvar.AG,1225.0,0.8188364505767822,0.6803149012311536,-0.2536670368210422,-0.9848211457825528
RKF142.AG,Hungary,Hungary_LateAvar.AG,1175.0,0.8059752583503723,0.48130604233853513,-0.04461060972070084,-1.1621178791809204
RKF143.AG,Hungary,Hungary_MiddleLateAvar.AG,1225.0,0.8111293315887451,0.6894260258270296,-0.0862181645101194,-0.9312492339601792
RKF144.AG,Hungary,Hungary_MiddleAvar.AG,1175.0,0.450809508562088,0.5581830064712705,-0.10703174334012444,-1.0729639264248936
RKF145.AG,Hungary,Hungary_EarlyAvar.AG,1325.0,0.6955181956291199,0.471386188207071,0.012386519030388728,-1.0238744715135177
RKF146.AG,Hungary,Hungary_EarlyAvar.AG,1325.0,0.0702368915081024,0.564666232789637,-0.1201952384007666,-1.0506679489886492
RKF147.AG,Hungary,Hungary_MiddleAvar.AG,1175.0,0.7867484092712402,0.6031678069332561,-0.12618441217296214,-0.9742721698561602
RKF148.AG,Hungary,Hungary_EarlyAvar.AG,1324.0,0.7102398872375488,0.557226347763653,-0.05463367512721766,-1.0159265593744409
RKF149.AG,Hungary,Hungary_MiddleLateAvar.AG,1225.0,0.072270929813385,0.5817198030821567,-0.08825629658422829,-1.0610129212582757
RKF150.AG,Hungary,Hungary_MiddleAvar.AG,1175.0,0.8268153071403503,0.6234798064615611,-0.07011105229773026,-1.0078278687518065
RKF151.AG,Hungary,Hungary_LateAvar.AG,1175.0,0.7193476557731628,0.588724866308156,-0.16270782089294436,-1.055351797946725
RKF152.AG,Hungary,Hungary_LateAvar.AG,1228.0,0.1001716926693916,0.6270511530306057,-0.03615050991710004,-1.065898071551532
RKF153.AG,Hungary,Hungary_MiddleLateAvar.AG,1225.0,0.7530139684677124,0.6319925592923487,-0.09689169201426996,-1.0498738181297895
RKF154.AG,Hungary,Hungary_MiddleLateAvar.AG,1225.0,0.558696448802948,0.587302544391109,-0.05882211360561737,-1.0352150797736475
RKF155.AG,Hungary,Hungary_LateAvar.AG,1175.0,0.7728020548820496,0.47358462798690404,0.04349574153971796,-1.117306045673127
RKF156.AG,Hungary,Hungary_LateAvar.AG,1175.0,0.554523766040802,0.5496298141803698,-0.14759965418722237,-1.0498446619595414
RKF157.AG,Hungary,Hungary_MiddleLateAvar.AG,1225.0,0.8756055235862732,0.5740013353349899,-0.006742507505422539,-1.1976647564911702
RKF158.AG,Hungary,Hungary_LateAvar.AG,1175.0,0.5759776830673218,0.5525180876284641,0.048911037974723924,-1.024770042449958
RKF159.AG,Hungary,Hungary_LateAvar.AG,1175.0,0.7837232947349548,0.6878530335037978,-0.04560000852668054,-0.8429659820711836
RKF160.AG,Hungary,Hungary_LateAvar.AG,1175.0,0.8047400712966919,0.5585430241310225,-0.08787471629880045,-1.3051926279205124
RKF161.AG,Hungary,Hungary_Avar.AG,1213.0,0.6571658253669739,0.622984524667855,-0.07033623782430257,-0.9368640419611076
RKF162.AG,Hungary,Hungary_LateAvar.AG,1175.0,0.7640025019645691,0.6337671059895416,-0.1366419361572008,-0.9645930237585745
RKF163.AG,Hungary,Hungary_MiddleAvar.AG,1175.0,0.5790798664093018,0.5572825776340118,-0.035786975642053534,-1.0663317427426235
RKF164.AG,Hungary,Hungary_EarlyAvar.AG,1325.0,0.6657253503799438,0.5114955122219171,-0.1097169617994007,-1.022021142411939
RKF165.AG,Hungary,Hungary_Avar.AG,1213.0,0.4151229560375213,0.557170179108385,-0.07283139913477975,-0.9802017550599349
RKF169.AG,Hungary,Hungary_LateAvar.AG,1175.0,0.6818995475769043,0.5513769850063467,-0.094331100822685,-1.052607933684509
RKF170.AG,Hungary,Hungary_Avar.AG,1213.0,0.8276944160461426,0.6037034485925648,-0.00852010907670171,-1.236301225396638
RKF172.AG,Hungary,Hungary_EarlyAvar.AG,1343.0,0.65320885181427,0.5986519944715779,-0.0075752583201105575,-1.0193237553019596
RKF173.AG,Hungary,Hungary_EarlyAvar.AG,1325.0,0.6926780343055725,0.6102496116222728,-0.11618942370216213,-1.0771248681928145
RKF174.AG,Hungary,Hungary_EarlyAvar.AG,1325.0,0.2314484864473343,0.531059020597824,-0.005822622644771294,-1.0399562419832669
RKF175.AG,Hungary,Hungary_EarlyAvar.AG,1325.0,0.6722256541252136,0.5707033478175751,-0.04267387968219669,-0.9864468520556542
RKF176.AG,Hungary,Hungary_EarlyAvar.AG,1325.0,0.6543824076652527,0.535935976608257,-0.060799856781124026,-1.0516035037190357
RKF177.AG,Hungary,Hungary_EarlyAvar.AG,1325.0,0.7133558392524719,0.5108401343657847,-0.09878718880116308,-1.0823303475406296
RKF178.AG,Hungary,Hungary_EarlyAvar.AG,1325.0,0.0934848189353942,0.5486585212742748,-0.016723266341324462,-0.9993435560340054
RKF179.AG,Hungary,Hungary_EarlyAvar.AG,1325.0,0.6905831694602966,0.6162918527928894,-0.019215565541982036,-1.0027373058564633
RKF180.AG,Hungary,Hungary_EarlyAvar.AG,1325.0,0.1402637213468551,0.567735813825904,-0.07197903095177755,-1.1023782643468287
RKF181.AG,Hungary,Hungary_MiddleAvar.AG,1175.0,0.6961191892623901,0.5675788210615276,-0.05072038086799178,-1.127264907835331
RKF182.AG,Hungary,Hungary_EarlyAvar.AG,1365.0,0.8023216128349304,0.45368769758229827,0.004705156513662744,-1.400131003644025
RKF183.AG,Hungary,Hungary_EarlyAvar.AG,1325.0,0.8070839643478394,0.6928162177308658,-0.11943869239467897,-1.2088447777433984
RKF184.AG,Hungary,Hungary_LateAvar.AG,1175.0,0.346689760684967,0.5659713058426386,-0.08446067213969898,-1.01023164811079
RKF185.AG,Hungary,Hungary_EarlyAvar.AG,1325.0,0.6828638315200806,0.5523747519450698,-0.02704875458096936,-0.959483108375065
RKF186.AG,Hungary,Hungary_EarlyAvar.AG,1325.0,0.3328610360622406,0.5664760356764317,-0.06918816022630156,-1.0056484423066967
RKF187.AG,Hungary,Hungary_Avar.AG,1213.0,0.1226994395256042,0.5577086203847617,-0.09865153995717134,-1.042313397046299
RKF188.AG,Hungary,Hungary_EMiddleAvar.AG,1300.0,0.8187732100486755,0.5705372628004713,-0.35301582340569765,-1.095780950844369
RKF189.AG,Hungary,Hungary_EMiddleAvar.AG,1300.0,0.7512694597244263,0.4932912986676726,-0.0973928569382192,-0.939466576849491
RKF190.AG,Hungary,Hungary_LateAvar.AG,1175.0,0.5416455268859863,0.5210135404907358,-0.005119312062637448,-1.0091720350290985
RKF191.AG,Hungary,Hungary_LateAvar.AG,1175.0,0.7759739756584167,0.6001025140008917,-0.011145720922377958,-1.0648015850099588
RKF192.AG,Hungary,Hungary_MiddleAvar.AG,1175.0,0.8282183408737183,0.5372666557583458,-0.02385848879288938,-1.1308338320393063
RKF193.AG,Hungary,Hungary_Avar.AG,1213.0,0.5151251554489136,0.5888591505982229,-0.05073435464368908,-0.9607658079007548
RKF194.AG,Hungary,Hungary_EarlyAvar.AG,1325.0,0.8129135966300964,0.592128563347175,-0.17965167098117005,-1.0473232839236566
RKF195.AG,Hungary,Hungary_EarlyAvar.AG,1325.0,0.7843210101127625,0.6056632465070405,0.036819219373643165,-1.0243155510107789
RKF196.AG,Hungary,Hungary_EarlyAvar.AG,1325.0,0.7706601619720459,0.5159737664276242,0.04476578375191708,-1.0814135846960027
RKF197.AG,Hungary,Hungary_EMiddleAvar.AG,1300.0,0.2645933032035827,0.6259267954961905,-0.12055563524353534,-1.0206159532520986
RKF198.AG,Hungary,Hungary_LateAvar.AG,1175.0,0.80133056640625,0.47493064254233064,0.06810485383519303,-1.2244312707793774
RKF199.AG,Hungary,Hungary_LateAvar.AG,1175.0,0.7294051051139832,0.6452894618808748,-0.09106718607852884,-1.1005136388091767
RKF200.AG,Hungary,Hungary_EarlyAvar.AG,1325.0,0.5228128433227539,0.5333933769103024,-0.04955847476498214,-1.0022798723423454
RKF201.AG,Hungary,Hungary_EarlyAvar.AG,1325.0,0.5812623500823975,0.621594611416333,-0.08406141495331348,-1.0564114083319478
RKF202.AG,Hungary,Hungary_EMiddleAvar.AG,1300.0,0.5760279893875122,0.544795842875104,-0.15801138887435265,-1.0865563622709529
RKF203.AG,Hungary,Hungary_EarlyAvar.AG,1325.0,0.2297485917806625,0.5668623218773192,-0.10661340450091134,-1.1069004020282263
RKF204.AG,Hungary,Hungary_EMiddleAvar.AG,1300.0,0.0978100001811981,0.5776168663066654,-0.09957430179846773,-1.0591379257135085
RKF205.AG,Hungary,Hungary_EMiddleAvar.AG,1300.0,0.1496383249759674,0.58520796144339,-0.05492228816747173,-1.0457679813308334
RKF206.AG,Hungary,Hungary_EarlyAvar.AG,1325.0,0.4252144992351532,0.5407903235414334,-0.10228279464058797,-1.0779600517721388
RKF207.AG,Hungary,Hungary_EarlyAvar.AG,1325.0,0.6319868564605713,0.5495566178277612,-0.05450845546415663,-1.0277743042047631
RKF208.AG,Hungary,Hungary_Avar.AG,1213.0,0.8179524540901184,0.6006512216153098,-0.30113280297336215,-1.1008386444377953
RKF209.AG,Hungary,Hungary_MiddleAvar.AG,1175.0,0.7359857559204102,0.5614755521813797,-0.12307609215728398,-1.088885561681658
RKF210.AG,Hungary,Hungary_LateAvar.AG,1175.0,0.7453449368476868,0.5246959877688829,-0.11812912638108777,-0.9570205994074473
RKF211.AG,Hungary,Hungary_MiddleAvar.AG,1175.0,0.4972956478595733,0.5284439330910392,-0.12461150942822025,-1.072814270796118
RKF212.AG,Hungary,Hungary_MiddleLateAvar.AG,1225.0,0.1635027378797531,0.5759947149180065,-0.09806236293312924,-1.0500861448697587
RKF213.AG,Hungary,Hungary_MiddleLateAvar.AG,1225.0,0.8011878132820129,0.5444430319442664,-0.022396832473168704,-1.167633181619993
RKF214.AG,Hungary,Hungary_MiddleLateAvar.AG,1225.0,0.0562086515128612,0.5880642796186687,-0.047872302612007867,-1.0107222552570259
RKF215.AG,Hungary,Hungary_Avar.AG,1213.0,0.794142484664917,0.4325442462559374,-0.028858907856425833,-1.1505616936779233
RKF217.AG,Hungary,Hungary_Avar.AG,1213.0,0.8267333507537842,0.5028495201198011,-0.2505557757330343,-1.0098679493460776
RKF218.AG,Hungary,Hungary_LateAvar.AG,1175.0,0.6988085508346558,0.6051273010437584,-0.021296300809847228,-1.0374935079197956
RKF219.AG,Hungary,Hungary_LateAvar.AG,1175.0,0.35731902718544,0.6135555830116854,-0.05147029025116714,-1.0220314391125047
RKF220.AG,Hungary,Hungary_Avar.AG,1213.0,0.4901570379734039,0.5808975969324603,-0.0785085744314762,-1.0460954288667934
RKF221.AG,Hungary,Hungary_LateAvar.AG,1175.0,0.1872770190238952,0.5591860866814548,-0.09234705934909268,-1.055279568863331
RKF222.AG,Hungary,Hungary_MiddleAvar.AG,1175.0,0.8085194826126099,0.7051180629635153,0.02030683164784362,-0.9257206337217232
RKF223.AG,Hungary,Hungary_EMiddleAvar.AG,1300.0,0.7833834886550903,0.6482793252323961,-0.1462167631565149,-0.9792574174373351
RKF224.AG,Hungary,Hungary_EMiddleAvar.AG,1300.0,0.7537893056869507,0.6140850187940804,-0.027805983423314935,-1.0646529326815195
RKF226.AG,Hungary,Hungary_MiddleAvar.AG,1175.0,0.7862439155578613,0.6070430860391679,-0.2364399924287348,-1.0117502563766394
RKF227.AG,Hungary,Hungary_EarlyAvar.AG,1325.0,0.1015374511480331,0.5320605812519558,-0.11457710538339963,-1.0379239644508782
RKF228.AG,Hungary,Hungary_Avar.AG,1213.0,0.7119032740592957,0.5932140222169997,-0.025383312895130034,-0.9885737021902634
RKF229.AG,Hungary,Hungary_EMiddleAvar.AG,1300.0,0.1175599917769432,0.5818666034998369,-0.07108121649185442,-1.039992945224684
RKF230.AG,Hungary,Hungary_EMiddleAvar.AG,1300.0,0.1068577542901039,0.5521361738950115,-0.03953491732728774,-0.9954023955458148
RKF231.AG,Hungary,Hungary_LateAvar.AG,1175.0,0.6162903308868408,0.6079748599787371,-0.058111836253819896,-1.052612882475602
RKF234.AG,Hungary,Hungary_Avar.AG,1213.0,0.7791961431503296,0.5624812136815073,0.03342246490856566,-1.0265506973209504
RKF235.AG,Hungary,Hungary_LateAvar.AG,1175.0,0.1803784668445587,0.5581870534651122,-0.1265993561645451,-1.0284094499989793
RKF237.AG,Hungary,Hungary_MiddleAvar.AG,1175.0,0.841729998588562,0.5760700052685913,-0.013652043437736782,-1.104968489256952
RKF238.AG,Hungary,Hungary_MiddleAvar.AG,1175.0,0.8003508448600769,0.44706034096335473,-0.007370276819197507,-1.1667957089223737
RKF239.AG,Hungary,Hungary_Avar.AG,1213.0,0.1168203428387641,0.54781147010039,-0.11178717928598829,-1.050008082693045
RKF240.AG,Hungary,Hungary_Avar.AG,1213.0,0.2226002514362335,0.6395498329388638,-0.08524219028241732,-1.062183953186521
RKF241.AG,Hungary,Hungary_Avar.AG,1213.0,0.8127148747444153,0.719648516423935,-0.22554145547958543,-1.0958536096964686
RKF242.AG,Hungary,Hungary_Avar.AG,1213.0,0.5271850228309631,0.5151642538848394,-0.1357136349481187,-0.9911811833226021
RKF243.AG,Hungary,Hungary_Avar.AG,1213.0,0.7879908680915833,0.6131939072665542,-0.19651229101312487,-1.009491035116557
RKF244.AG,Hungary,Hungary_Avar.AG,1213.0,0.0911904424428939,0.5404455611951323,-0.09480046110020687,-1.0763261029529125
RKF245.AG,Hungary,Hungary_Avar.AG,1213.0,0.6745306253433228,0.7144127223512449,-0.1697519752872071,-1.0581665551063142
RKF246.AG,Hungary,Hungary_Avar.AG,1213.0,0.7185520529747009,0.5484579217672374,-0.07623484916164608,-1.075613650552096
RKF247.AG,Hungary,Hungary_Avar.AG,1213.0,0.6999228596687317,0.5870492453455859,0.012460638736883523,-1.0703395018521749
RKF248.AG,Hungary,Hungary_Avar.AG,1213.0,0.837472140789032,0.6437330944590085,-0.06491567254841624,-1.2099455934522314
RKF249.AG,Hungary,Hungary_Avar.AG,1213.0,0.4902332723140716,0.5586473493950618,-0.1258384528582682,-1.1244451900519448
RKF250.AG,Hungary,Hungary_Avar.AG,1213.0,0.8296335935592651,0.5330141887500256,-0.24254566049951962,-1.3019413655023462
RKF251.AG,Hungary,Hungary_Avar.AG,1213.0,0.5605407357215881,0.5665072955952558,-0.08941047367917358,-1.0857971934311759
RKF253.AG,Hungary,Hungary_Avar.AG,1213.0,0.6707431077957153,0.5251832649291429,-0.08206162073185663,-1.0924776750520362
RKF254.AG,Hungary,Hungary_Avar.AG,1213.0,0.8397056460380554,0.6635183547631038,-0.16859714283611815,-1.2560308259761288
RKF255.AG,Hungary,Hungary_Avar.AG,1213.0,0.7803575396537781,0.577636480923515,-0.19702240343322364,-0.9705744846761027
RKF256.AG,Hungary,Hungary_Avar.AG,1213.0,0.8294600248336792,0.5905134838539076,-0.1923908006929962,-1.350154981293635
RKF257.AG,Hungary,Hungary_Avar.AG,1213.0,0.0507261492311954,0.5942327335304142,-0.07695637407667316,-1.061947088927216
RKF258.AG,Hungary,Hungary_Avar.AG,1213.0,0.7621825337409973,0.604653860539405,-0.16869944930641986,-0.9170682525500995
RKF259.AG,Hungary,Hungary_Avar.AG,1213.0,0.8606227040290833,0.6270242231763413,-0.323311432526897,-1.1214785740020388
RKF260.AG,Hungary,Hungary_Avar.AG,1213.0,0.8180708289146423,0.5987450621713695,-0.34471359064007523,-1.1997976401045884
RKF262.AG,Hungary,Hungary_Avar.AG,1213.0,0.8447307348251343,0.5678837440480567,-0.2944055212054169,-1.1364125914570344
RKF263.AG,Hungary,Hungary_Avar.AG,1213.0,0.7935966849327087,0.5597459883852559,-0.28291641730654893,-1.2047262556680935
RKF264.AG,Hungary,Hungary_Avar.AG,1213.0,0.499726265668869,0.5710322536350787,-0.08446669377399878,-1.1199645154279152
RKF265.AG,Hungary,Hungary_Avar.AG,1213.0,0.7316378951072693,0.5071414958947382,-0.1550553217383562,-1.0576419854707035
RKF266.AG,Hungary,Hungary_Avar.AG,1213.0,0.7532637715339661,0.5767509166817131,-0.05146944200960464,-1.1572217454391411
RKF267.AG,Hungary,Hungary_Avar.AG,1213.0,0.1398955285549163,0.5432431554437711,-0.09971053093967684,-1.0205519804429308
RKF268.AG,Hungary,Hungary_Avar.AG,1213.0,0.5773904919624329,0.6619895196423405,-0.01141542076905531,-1.0581417511102251
RKF269.AG,Hungary,Hungary_Avar.AG,1213.0,0.3210744857788086,0.5629525078872561,-0.09007730087685843,-1.0646397337687228
RKF270.AG,Hungary,Hungary_Avar.AG,1213.0,0.8201770782470703,0.5867006297521534,-0.3548667698607695,-1.2857717057188636
RKF271.AG,Hungary,Hungary_Avar.AG,1213.0,0.6612322926521301,0.5374209528469573,-0.18910391986942005,-1.1202383478160014
RKF272.AG,Hungary,Hungary_Avar.AG,1213.0,0.7803129553794861,0.591217510061278,-0.07879532908142696,-1.0385999979369356
RKF273.AG,Hungary,Hungary_Avar.AG,1213.0,0.7894547581672668,0.6529405429995181,-0.20406545551968533,-1.0766122507710227
RKF274.AG,Hungary,Hungary_Avar.AG,1213.0,0.7808563113212585,0.6025917054173767,-0.24246552068297603,-1.190207953480693
RKF275.AG,Hungary,Hungary_Avar.AG,1213.0,0.8326027393341064,0.5898342918577423,-0.15790798438491277,-1.2560425786608946
RKF276.AG,Hungary,Hungary_Avar.AG,1213.0,0.7830128073692322,0.5902528078200048,-0.17251569538522762,-1.1262767420956559
RKF278.AG,Hungary,Hungary_Avar.AG,1213.0,0.8105186223983765,0.5554026966541653,-0.054134487342779654,-0.8194027503352209
RKF279.AG,Hungary,Hungary_Avar.AG,1213.0,0.1417438387870788,0.5876076113164551,-0.13851992761260737,-1.0550223629506912
RKF280.AG,Hungary,Hungary_Avar.AG,1213.0,0.8163368701934814,0.6997863406095028,-0.3909170893424438,-1.077255497772065
RKO001.AG,Hungary,Hungary_Avar.AG,1213.0,0.2830748856067657,0.5275228489491662,-0.09074612866287962,-1.075114214297944
RKO002.AG,Hungary,Hungary_Avar.AG,1213.0,0.8278387784957886,0.5219959424368674,-0.26323071039713053,-1.2942250969366473
RKO003.AG,Hungary,Hungary_Avar.AG,1213.0,0.5218079686164856,0.6144588531279901,-0.10265850734059168,-1.0328527038482544
RKO004.AG,Hungary,Hungary_Avar.AG,1213.0,0.1191260740160942,0.5482053769368865,-0.0683335703546887,-1.0247200974150885
RKO005.AG,Hungary,Hungary_Avar.AG,1213.0,0.6452056765556335,0.5788756093708335,-0.17897801363450386,-1.0199417954348842
RKO006.AG,Hungary,Hungary_Avar.AG,1213.0,0.4478695690631866,0.5384558354230834,-0.10152148116899568,-1.0664885526159764
RKO007.AG,Hungary,Hungary_Avar.AG,1213.0,0.7918400168418884,0.609377803657514,-0.23591032711941176,-1.104649983354403
RKO010.AG,Hungary,Hungary_Avar.AG,1213.0,0.4135090112686157,0.5493258375659629,-0.05014158589715998,-1.0254802331234076
RKO012.AG,Hungary,Hungary_Avar.AG,1213.0,0.7349792718887329,0.5087818984171025,0.01799977049418519,-1.064214012700434
RKO013.AG,Hungary,Hungary_Avar.AG,1213.0,0.7593942880630493,0.5871634022295016,-0.1800124142569847,-1.1084080617424532
RKO014.AG,Hungary,Hungary_Avar.AG,1213.0,0.8024587035179138,0.45569015785846884,-0.19764686777725152,-1.1519912977996025
RKO015.AG,Hungary,Hungary_Avar.AG,1213.0,0.7470204830169678,0.5213697684301976,-0.1455433488448786,-1.0661085537568886
RKO016.AG,Hungary,Hungary_Avar.AG,1213.0,0.818537175655365,0.6076455670613145,-0.34895394614801517,-1.093475073286542
RKO018.AG,Hungary,Hungary_Avar.AG,1213.0,0.7534413933753967,0.501290145811145,0.06335534208274078,-1.2206383300756147
RKO019.AG,Hungary,Hungary_Avar.AG,1213.0,0.7036998271942139,0.5898083575896284,-0.0846561179561544,-1.0689867774139652
RKO020.AG,Hungary,Hungary_Avar.AG,1213.0,0.2610256373882293,0.5814430931008786,-0.08247712429023607,-1.0299624348285297
RKO021.AG,Hungary,Hungary_Avar.AG,1213.0,0.788181483745575,0.5712036704929395,-0.15871725837758335,-0.9666093525162089
UN19_merge.SG,France,France_Manche_IA.SG,2050.0,0.2296820878982544,-0.3237029638977124,-0.01600087466453812,-0.4640154587457273
MNN001_MNN002_merge.AG,Russia,Russia_Minino_Mesolithic.AG,8540.0,0.7547301054000854,0.5354416533196952,-0.11222161585556453,-0.21964464519137616
GFW002_GFW003_merge.AG,Germany,Germany_Mesolithic.AG,7878.0,0.7657307982444763,0.21354509134130228,0.11373339327657211,0.70861422671762
ADN009_ADN010_merge.AG,Germany,Germany_Anderten_Medieval_Saxon.AG,1150.0,0.8052477836608887,0.24544975709276262,0.10510521030412294,0.7728821847110121
ALA110_ALA015_merge.AG,Turkey,Turkey_Hatay_Alalakh_MLBA.AG,3861.0,0.4187101125717163,-0.7545017413230549,0.5746376437538918,0.9651843850124747
HID001_merge.AG,Germany,Germany_EarlyMedieval_Saxon.AG,1550.0,0.7235657572746277,0.2931614988350292,0.10426231955685707,0.7369047706544931
HID002_merge.AG,Germany,Germany_EarlyMedieval_Saxon.AG,1550.0,0.8754854798316956,0.27898576068871306,0.1260401663398013,0.8070872078591098
KD-29_OBH-52_twinmerge.SG,Hungary,Hungary_MidLateEarlyAvar.SG,1200.0,0.955369472503662,0.6047122982806451,-0.1608359031473504,-1.0657539815978554
MJ-15-32_merge.SG,Ukraine,Ukraine_IA_Scythian.SG,2246.0,0.2755607664585113,0.09964484027880736,0.8116360974791506,0.13404405656087418
R11553_R11555_merge.SG,France,France_Sarrebourg_LateAntiquity.SG,1675.0,0.7901636362075806,-0.33389857717725735,0.014853698673776625,-0.47566360154596893
RISE1280_RISE1281_merge.SG,Denmark,Denmark_SingleGraveCulture.SG,4226.0,0.6265529990196228,-0.8293228298308832,0.3857881156608635,-0.16719307804055228
GLN126_merge.SG,France,France_IA.SG,2150.0,0.1106346845626831,-0.31877514288541553,-0.02119098961926596,-0.5021554090900294
GOX287_merge.SG,France,France_BasRhin_IA.SG,2450.0,0.3155335783958435,-0.3185532164709325,-0.02411689666973011,-0.47399668465703326
R37_R11115_merge.SG,Italy,Italy_Imperial.SG,1750.0,0.8622958660125732,-0.9573264014662433,0.23159608187476674,0.43390419348248443
VK347_V348_merge.SG,Sweden,Sweden_Viking.SG,1000.0,0.6709467172622681,-1.2791023279661564,0.8661648702908801,-0.5898600264074174
MJ-15_MJ-32_merge.SG,Ukraine,Ukraine_IA_Scythian.SG,2246.0,0.2755607664585113,0.08753981894062306,0.7913176462459639,0.12381280779526979
I5070_published.AG,Austria,Austria_N_LBK.AG,7048.0,0.7359906435012817,0.09238398765075787,-0.20364250942274598,-0.13432447428317984
I17312.AG,Czechia,Czechia_IA_Hallstatt.AG,2625.0,0.1533260345458984,1.7541739285999058,-0.1520453631107836,0.20818381636778147
I20675.AG,UnitedKingdom,England_EarlyMedieval_Saxon.AG,1450.0,0.3412818908691406,0.9229755327713716,-0.6063071253114215,0.5547122621514601
I1560.AG,Germany,Germany_MN.AG,5350.0,0.1350918412208557,0.2149106997752453,0.12171831432050471,0.7662279466246215
I3320.AG,Spain,Spain_IA.AG,2150.0,0.802817165851593,-1.144298855807416,0.06709612185233252,-1.2761663178128984
I24898.AG,Austria,Austria_N_LBK.AG,7100.0,0.7400943636894226,0.07671977374609594,-0.22361991110347257,-0.14205587462164898
I5737.AG,Turkey,Turkey_Aegean_Izmir_Yassitepe_MBA.AG,3931.0,0.4564964175224304,-0.6853733162251032,0.5193057784960872,0.9337995912547911
I3121.AG,Turkey,Turkey_Marmara_Ilipinar_N.AG,7925.0,0.6488463878631592,-0.680026106786762,0.5209388850971688,0.9339984763548187
UZZ061.AG,Italy,Italy_Sicily_MN.AG,6739.0,0.7561193704605103,-0.9645735977954852,0.14999086573370118,0.43511685672857536
UZZ040.AG,Italy,Italy_Sicily_Mesolithic.AG,8279.0,0.2247900068759918,-0.9786681962023105,0.19335074411624587,0.3810279478223401
XAN051.AG,Greece,Greece_Crete_Chania_LBA.AG,3250.0,0.2065606713294983,-0.7162038477966259,-0.030462618889277215,2.1703449067143854
XAN041.AG,Greece,Greece_Crete_Chania_LBA.AG,3250.0,0.6588779091835022,-0.7196721047608496,-0.015070834051653567,2.215943574243402
XAN024.AG,Greece,Greece_Crete_Chania_LBA.AG,3175.0,0.3948190212249756,-0.7218770025461086,0.0007975408067967854,2.190439404877718
NST001.AG,Greece,Greece_NeaStyra_EBA.AG,4421.0,0.5377793908119202,-0.7123562295884786,0.012670188364530308,2.189449999981988
APO037.AG,Greece,Greece_Crete_Aposelemis_N.AG,7981.0,0.1325971484184265,-0.6867605632153239,-0.0418953433126555,2.14619592576305
AID008.AG,Greece,Greece_Aidonia_LBA.rel.of.AID007.AG,3250.0,0.6675695776939392,-0.7183438871185225,-0.01207209889053576,2.1976850005922
AID002.AG,Greece,Greece_Aidonia_LBA.rel.of.AID001.AG,3375.0,0.6068411469459534,-0.7542009434233231,-0.01082396434227434,2.2102333122093487
ETM010.AG,Syria,Syria_Ebla_EMBA.AG,4550.0,0.5964949131011963,-1.4191131969372488,0.17354609534436408,1.578974077223381
GER003.AG,Spain,Spain_Gravettian_contam.AG,27203.0,0.2226902693510055,-1.0607296598981975,0.07589037876513957,-1.1846214588822526
MA89.AG,Italy,Italy_N_EBA.AG,5198.0,0.74031662940979,-1.015973936475018,0.24839234187872777,0.3663659937405144
GoyetQ-2.AG,Belgium,Belgium_Magdalenian_contam.AG,15077.0,0.3439574539661407,-0.2105844794652165,-0.03478888544750276,-0.20621921577643654
atp12-1420.SG,Spain,Spain_C.SG,4868.0,0.8987390995025635,-1.1322831574829932,0.07332864084382641,-1.2470927660349
atp002.SG,Spain,Spain_C.SG,4746.0,0.9877592325210572,-1.1311634891964286,0.07465500689236348,-1.2440079532900363
SZF-26.SG,Hungary,Hungary_EarlyAvar.SG,1263.0,0.6242967247962952,0.4811151777525464,-0.08107578739859451,-1.1388011292416556
VK534.SG,Italy,Italy_Medieval.SG,766.0,0.6973714232444763,-1.0334518623600477,0.2183594961182899,0.4297127878867336
VK394.SG,Norway,Norway_Viking.SG,1000.0,0.5188120603561401,-0.14546401540772397,0.7671816161899876,-0.9810272633733036
VK344.SG,Sweden,Sweden_Viking.SG,1000.0,0.6269609332084656,-1.2731953016888047,0.8601182284701208,-0.5939498860010688
VK343.SG,Sweden,Sweden_Viking.SG,1000.0,0.7107086181640625,-1.2537158377531565,0.8115602759702106,-0.5649829268027222
VK264.SG,UnitedKingdom,England_Viking.SG,953.0,0.6288481950759888,0.9083416473045478,-0.607939901824725,0.5410898604839339
ERS1790733.SG,Lebanon,Lebanon_MBA.SG,3775.0,0.635169267654419,-1.227562494922835,0.6162594130622032,1.3725172054740564
OC.SG,Romania,Romania_IronGates_Mesolithic.SG,8704.0,0.7483019232749939,-0.38861773913008857,0.22962375838385604,-0.006303445510923017
DA144.SG,Russia,Russia_Sarmatian.SG,2300.0,0.2907406389713287,0.5351809616327656,-0.09881603727974453,-0.30627711495146465
SZ5.SG,Hungary,Hungary_Langobard.SG,1442.0,0.9947794675827026,0.5190548257627833,-0.126584109434145,-1.0632951425215613
vbj006_UDG.SG,Sweden,Sweden_Gotland_Vasterbjers_PittedWare_BattleAxe.SG,4898.0,0.8266774415969849,-1.2836137185391536,0.8713973629426286,-0.6056650167367486
I1577.AG.BY,Austria,Austria_Gravettian.AG.BY,30200.0,0.1929095685482025,0.056148092523933685,-0.2099094154011435,-0.15168869739557206
I28394.AG,Croatia,Croatia_EarlyMedieval_Avar.AG,1650.0,0.7065643072128296,-0.2356863518318682,-0.17261871052509203,0.7060922565599625
I28388.AG,Croatia,Croatia_EarlyMedieval_Avar.AG,1650.0,0.7194733619689941,-0.25043696048989655,-0.1715074657220393,0.569747066687605
I3320_d.AG,Spain,Spain_IA.AG,2150.0,0.3250314593315124,-1.0927993752585168,0.08398714103854418,-1.2679369022796156
I24898_d.AG,Austria,Austria_N_LBK.AG,7100.0,0.1783330738544464,0.0881081330234963,-0.2307123433044397,-0.15474880676851802
I5737_d.AG,Turkey,Turkey_Aegean_Izmir_Yassitepe_MBA.AG,3931.0,0.1327917873859405,-0.6919861266695077,0.5072296654807144,0.9226827793814192
I3121_d.AG,Turkey,Turkey_Marmara_Illipinar_N.AG,7925.0,0.284111350774765,-0.6856496887941672,0.5307535090828587,0.9959877107398615
I2656_d.AG,UnitedKingdom,Scotland_MBA.AG,3081.0,0.0704939886927604,0.9251844017770898,-0.5447384902567284,0.6178888783112645
UZZ061_d.AG,Italy,Italy_Sicily_MN.AG,6739.0,0.2071705609560012,-1.0420527557226595,0.2288922697063091,0.46054800521624467
UZZ040_d.AG,Italy,Italy_Sicily_Mesolithic.AG,8279.0,0.0507350675761699,-1.038546977119891,0.19414271543232348,0.4009561939326914
XAN051_d.AG,Greece,Greece_Crete_Chania_LBA_alt.AG,3250.0,0.0600926354527473,-0.7099312600823743,-0.016012690890771595,2.232263199699825
XAN041_d.AG,Greece,Greece_Crete_Chania_LBA_alt.AG,3250.0,0.2290154248476028,-0.7126168989102318,-0.011013701116362956,2.2298964299404544
XAN024_d.AG,Greece,Greece_Crete_Chania_LBA_alt.AG,3175.0,0.1172647848725318,-0.6973077121321652,0.00036116082097541267,2.2248231861348313
NST001_d.AG,Greece,Greece_NeaStyra_EBA.AG,4421.0,0.1707402914762497,-0.707662916798408,-0.014398554742133574,2.209308313947746
APO037_d.AG,Greece,Greece_Crete_Aposelemis_N.AG,7981.0,0.050523392856121,-0.6907835091452895,0.0056244164875912245,2.2284370858025637
AID008_d.AG,Greece,Greece_Aidonia_LBA.rel.of.AID007.AG,3250.0,0.2774772047996521,-0.7460841111151324,0.0035420558533578936,2.148667847679355
AID002_d.AG,Greece,Greece_Aidonia_LBA.rel.of.AID001.AG,3375.0,0.2311613857746124,-0.6982983908862992,0.0033352438350529702,2.187811148751494
ETM010_d.AG,Syria,Syria_Ebla_EMBA.AG,4550.0,0.3406817317008972,-1.4244022558181677,0.15063415764541901,1.573144981069658
MA89_d.AG,Italy,Italy_N_EBA_alt.AG,5198.0,0.4127150177955627,-1.030450113820902,0.19980685503330495,0.3948441112050648
GoyetQ-2_d.AG,Belgium,Belgium_Magdalenian.AG,15077.0,0.0797266513109207,-0.21904614109602832,-0.034215442250242076,-0.20379832115420926
Villabruna_d.AG.BY.AA,Italy,Italy_Epigravettian_alt.AG.BY.AA,14021.0,0.3074184954166412,-0.9650539290036199,0.20426079153352983,0.36711881931753443
Vestonice16_d.AG.BY.AA,Czechia,Czechia_Gravettian_alt.AG.BY.AA,29800.0,0.127426877617836,1.6927922407322227,-0.15096010270600901,0.19861902289168432
mur_d.SG,Spain,Spain_EN.SG,7127.0,0.4658150374889374,-1.125073493049944,0.07422618230796302,-1.2257152834383263
VPB-561_d.SG,Hungary,Hungary_Conqueror_Commoner.SG,1000.0,0.1416148841381073,0.5470579047697225,-0.016311700799918002,-1.011923154088686
SZK-130_d.SG,Hungary,Hungary_Avar.SG,1200.0,0.1286336779594421,0.5621442625441291,-0.11589660682689011,-1.0224368305319966
SZF-26_d.SG,Hungary,Hungary_EarlyAvar.SG,1263.0,0.1385670751333236,0.5101919757028048,-0.15177957499076652,-0.9969289769861607
SH-41_d.SG,Hungary,Hungary_Conqueror_Commoner.SG,975.0,0.1326247155666351,0.5170481693306608,-0.06309457497689837,-1.1127864934117655
SH-106_d.SG,Hungary,Hungary_Conqueror_Commoner.SG,1000.0,0.1014482378959655,0.5493109299685914,-0.1403241443726728,-1.066385782635529
PV-205_d.SG,Hungary,Hungary_LateEarlyAvar.SG,1226.0,0.2999603450298309,0.5682484259610452,-0.10141646945306629,-1.042037109241523
PV-200_d.SG,Hungary,Hungary_LateEarlyAvar.SG,1223.0,0.2228362560272216,0.5871603067123379,-0.11104541839068752,-1.0651133464845928
PLE-38_d.SG,Hungary,Hungary_Conqueror_Commoner.SG,1003.0,0.1084611415863037,0.6087542469297297,-0.07691172832876952,-1.0299839427960453
PLE-384_d.SG,Hungary,Hungary_EarlyArpadian.SG,870.0,0.1338396221399307,0.5389294928797588,-0.05473047767161831,-0.9254029239509903
PLE-23_d.SG,Hungary,Hungary_Conqueror_Commoner.SG,975.0,0.0979730114340782,0.5607142869385299,-0.08919891779787398,-1.0948413191132107
PLE-216_d.SG,Hungary,Hungary_Conqueror_Commoner_oEastAsia.SG,975.0,0.1336498409509658,0.596158234147113,-0.030314615210787977,-1.0252686926252932
PLE-115_d.SG,Hungary,Hungary_EarlyArpadian.SG,925.0,0.1713980287313461,0.6107737970875519,-0.011627851203824638,-1.0464895512641863
MM-80_d.SG,Hungary,Hungary_EarlyAvar.SG,1328.0,0.1611540168523788,0.5775920599524509,-0.027304873342381172,-1.0443184135653834
KK2-670_d.SG,Hungary,Hungary_LateEarlyAvar.SG,1175.0,0.1483139246702194,0.5652149403223978,-0.06946651592877975,-1.075828142812421
KeF1-10936_d.SG,Hungary,Hungary_Conqueror_Elite.SG,970.0,0.1179752349853515,0.4957948609784595,-0.07478410295262918,-1.0567431264690987
K3-12_d.SG,Hungary,Hungary_Conqueror_Elite.SG,970.0,0.0917654559016227,0.5563976882476883,-0.10129209484368219,-1.0560942682275332
K2-61_d.SG,Hungary,Hungary_Conqueror_Elite.SG,1025.0,0.0867549628019332,0.5603559693882494,-0.09542767090496829,-0.9979288715884447
K2-33_d.SG,Hungary,Hungary_Conqueror_Elite_oEurope.SG,970.0,0.1212541982531547,0.5574816566572315,-0.08634342336940971,-1.051263818934042
IBE-90_d.SG,Hungary,Hungary_EarlyArpadian.SG,900.0,0.0654551088809967,0.5488079867040734,-0.06843218818786787,-1.0829984234659258
FU-193_d.SG,Hungary,Hungary_EarlyAvar.SG,1227.0,0.1352978497743606,0.5801734435492795,-0.04084772605278009,-0.9789305777111831
ARK-19_d.SG,Hungary,Hungary_LateEarlyAvar.SG,1150.0,0.180543914437294,0.5645126106421237,-0.025010063489992313,-1.0243604158999626
VK534_d.SG,Italy,Italy_Medieval.SG,766.0,0.1483998894691467,-1.0178218371584702,0.18524435901979272,0.3539755514720495
VK394_d.SG,Norway,Norway_Viking.SG,1000.0,0.092822216451168,-0.1451678771217948,0.7645811286262082,-0.981252477841711
VK344_d.SG,Sweden,Sweden_Viking.SG,1000.0,0.1714442521333694,-1.2806696201497367,0.8368455807774604,-0.5716895237162493
VK343_d.SG,Sweden,Sweden_Viking.SG,1000.0,0.1996702402830124,-1.243914866953989,0.7961788883138661,-0.5999840294533223
VK264_d.SG,UnitedKingdom,England_Viking.SG,953.0,0.1342840641736984,0.9907451215102818,-0.574711941506653,0.6614648064741842
KH150637_d.SG,Germany,Germany_Wartberg_LN.SG,5057.0,0.2301897853612899,0.25444907567983077,0.13097075468837685,0.7742334229901935
KH150633_d.SG,Germany,Germany_Wartberg_LN.SG,5159.0,0.1085844188928604,0.27360190849539917,0.12865647430774474,0.7866781272868264
ERS1790733_d.SG,Lebanon,Lebanon_MBA.SG,3775.0,0.2850294411182403,-1.2091634040657318,0.6049493195272831,1.3567890157120621
DA144_d.SG,Russia,Russia_Sarmatian.SG,2300.0,0.0669246762990951,0.5129998234876529,-0.10765012550395646,-0.24261168378022566
SZ5_d.SG,Hungary,Hungary_Langobard.SG,1442.0,0.2793385088443756,0.5962748956090437,-0.15261369397700655,-1.0285622761800535
vbj008_d.SG,Sweden,Sweden_Gotland_Vasterbjers_PittedWare_BattleAxe.SG,4663.0,0.0816374197602272,-1.2764238682634408,0.8423274612372286,-0.5747960572884906
I0679.AG,Bulgaria,Bulgaria_Krepost_N.AG,7617.0,0.7296281456947327,0.6663783305366204,0.44192191190445307,0.3266015949462761
I0211.AG,Russia,Russia_YuzhniyOleniyOstrov_Mesolithic.AG,8450.0,0.1274860799312591,0.5386222665726088,-0.09873653288757957,-0.25997630002018446
I8369.AG,Turkey,Turkey_Marmara_Iznik_Basilica_Roman_Byzantine_B.AG,1350.0,0.7741937637329102,-0.7155265496254257,0.5177100670220276,0.9076813815080037
I2443.AG,UnitedKingdom,England_BellBeaker.AG,4091.0,0.7634023427963257,0.9884079567968559,-0.5709901140056971,0.6278928823267471
CGG100317.SG,Denmark,Denmark_PostMedieval.SG,279.0,0.5957220196723938,-0.8118056873217436,0.3880203640474504,-0.17094807675711562
CGG100336.SG,Denmark,Denmark_PostMedieval.SG,279.0,0.4508427679538727,-0.8625183230487091,0.4030878344783788,-0.16355204635657122
CGG100341.SG,Denmark,Denmark_PostMedieval.SG,279.0,0.3711420595645904,-0.8137883436235436,0.3780028049051201,-0.15193539303077302
CGG100415.SG,Denmark,Denmark_Medieval.SG,525.0,0.7825765013694763,-0.8107687617930847,0.3269243895196329,-0.1530266782436872
CGG100431.SG,Denmark,Denmark_PostMedieval.SG,200.0,0.0809837356209755,-0.7948626838500271,0.36398776861957816,-0.18338252766660557
CGG100434.SG,Denmark,Denmark_PostMedieval.SG,300.0,0.0574941225349903,-0.8163384523464435,0.39170413457692543,-0.16795893997439176
CGG100441.SG,Denmark,Denmark_Medieval.SG,582.0,0.3177882134914398,-0.8229215688916504,0.3875366226000639,-0.1625969385369703
CGG100442.SG,Denmark,Denmark_Medieval.SG,600.0,0.1689146757125854,-0.8515903711238982,0.3974220576027445,-0.1769369723424537
CGG100445.SG,Denmark,Denmark_PostMedieval.SG,400.0,0.7312761545181274,-0.8621743201323896,0.36742121065219513,-0.14276356209641788
CGG100447.SG,Denmark,Denmark_PostMedieval.SG,200.0,0.1370026171207428,-0.8452921704894208,0.3809378287859717,-0.13575294932707932
CGG100451.SG,Denmark,Denmark_PostMedieval.SG,200.0,0.6375877857208252,-0.8432755018981668,0.3766965817334626,-0.17789002919413147
CGG100452.SG,Denmark,Denmark_PostMedieval.SG,200.0,0.3508535623550415,-0.8541043808717973,0.39788656284071583,-0.1644240673701719
CGG100453.SG,Denmark,Denmark_PostMedieval.SG,279.0,0.4093517363071441,-0.8172243809852983,0.3689337248675974,-0.14443451074210314
CGG100454.SG,Denmark,Denmark_PostMedieval.SG,279.0,0.5794853568077087,-0.8005495799914222,0.37414873659679226,-0.15346940146508875
CGG100456.SG,Denmark,Denmark_PostMedieval.SG,200.0,0.2643865048885345,-0.8077241087357668,0.3858753629705445,-0.1477073933373843
CGG100472.SG,Denmark,Denmark_PostMedieval.SG,279.0,0.6112465858459473,-0.8263759546578088,0.3813939540305961,-0.1611735957995595
CGG100492.SG,Denmark,Denmark_Medieval.SG,850.0,0.1742828339338302,-0.8670189556478336,0.40029210108311514,-0.19983279798798498
CGG100493.SG,Denmark,Denmark_Medieval.SG,613.0,0.1764652878046035,-0.8024347398946944,0.38066970981881093,-0.16311043962208963
CGG100497.SG,Denmark,Denmark_Medieval.SG,582.0,0.0941401273012161,-0.8133598522115089,0.362134082137341,-0.13594359018702462
CGG100498.SG,Denmark,Denmark_Medieval.SG,525.0,0.3236194550991058,-0.7866041771082251,0.368053485759204,-0.16438494141928794
CGG100501.SG,Denmark,Denmark_Medieval.SG,820.0,0.2293625473976135,-0.8191436675766237,0.3913810389794903,-0.14613070139160117
CGG100507.SG,Denmark,Denmark_Medieval.SG,775.0,0.2550938129425049,-0.8270810152429828,0.37726746196253474,-0.16996882632183122
CGG100512.SG,Denmark,Denmark_Medieval.SG,614.0,0.1006145104765892,-0.8404421063990545,0.41570580037505783,-0.15816678086892683
CGG100530.SG,Denmark,Denmark_PostMedieval.SG,279.0,0.2289797365665435,-0.8042777858599788,0.3750604892928558,-0.17666360680240156
CGG100535.SG,Denmark,Denmark_PostMedieval.SG,279.0,0.0554227717220783,-0.8429893943534027,0.415640364688354,-0.15493424046959672
CGG100539.SG,Denmark,Denmark_Medieval.SG,613.0,0.5774829387664795,-0.8170933247439164,0.3721660307820627,-0.15146547601976657
CGG100545.SG,Denmark,Denmark_Medieval.SG,613.0,0.1848212480545044,-0.7926101536415263,0.3929178258461205,-0.1626862566851381
CGG100651.SG,Denmark,Denmark_Medieval.SG,625.0,0.129314124584198,-0.8234004146465191,0.38442032115144076,-0.18207344693365668
CGG100653.SG,Denmark,Denmark_Medieval.SG,800.0,0.230680450797081,-0.8434132045430167,0.3998531561779355,-0.15164693123973028
CGG100678.SG,Denmark,Denmark_Medieval.SG,625.0,0.6818444132804871,-0.8230271351859216,0.36849195079546915,-0.14608496690111636
CGG100679.SG,Denmark,Denmark_Medieval.SG,625.0,0.6205222606658936,-0.8093487923135331,0.3837399240866733,-0.15828211317643356
CGG100682.SG,Denmark,Denmark_Medieval.SG,625.0,0.1129339262843132,-0.8450352475467058,0.3897329465889271,-0.17761822103957545
CGG100683.SG,Denmark,Denmark_Medieval.SG,800.0,0.1834611594676971,-0.8206494782381559,0.37290414012193085,-0.1566065387708517
CGG100686.SG,Denmark,Denmark_Medieval.SG,800.0,0.4725449085235595,-0.8082127541024022,0.41377445868404794,-0.2233144245509123
CGG100687.SG,Denmark,Denmark_Medieval.SG,800.0,0.5076588988304138,-0.7980731901477397,0.3906806655973239,-0.18005274994007772
CGG100692.SG,Denmark,Denmark_Medieval.SG,800.0,0.5164592862129211,-0.8437181272511518,0.3942099453031564,-0.15402652545262163
CGG100700.SG,Denmark,Denmark_Medieval.SG,600.0,0.062456764280796,-0.8695240209701824,0.3927458082695141,-0.1597961462453498
CGG100747.SG,Denmark,Denmark_Medieval.SG,800.0,0.0686310678720474,-0.8329526434308392,0.38495096701778136,-0.130973553362541
CGG100748.SG,Denmark,Denmark_Medieval.SG,800.0,0.6561642289161682,-0.8127688216357792,0.38328080726806196,-0.1588179440342319
CGG100749.SG,Denmark,Denmark_Medieval.SG,625.0,0.1421899050474167,-0.8455500204159369,0.4005226650860725,-0.17912242407463008
CGG100750.SG,Denmark,Denmark_Medieval.SG,800.0,0.1694645583629608,-0.8426724219526752,0.3884664768915325,-0.1577261607825023
CGG100751.SG,Denmark,Denmark_Medieval.SG,625.0,0.3824858367443084,-0.8139123237029972,0.3733335812808112,-0.15757995511157274
CGG100759.SG,Denmark,Denmark_Medieval.SG,625.0,0.2268159389495849,-0.8379726143202197,0.38062789770495215,-0.17913655082561034
CGG100797.SG,Denmark,Denmark_Medieval.SG,600.0,0.2526599466800689,-0.7805912066303107,0.39717087125950945,-0.1640822164451907
CGG100802.SG,Denmark,Denmark_Medieval.SG,600.0,0.0968724563717842,-0.8124470006631864,0.3851941181319567,-0.14759679233579548
CGG100820.SG,Denmark,Denmark_Medieval.SG,600.0,0.4128764271736145,-0.7968176089936345,0.3908075374959453,-0.14926222047984006
CGG100908.SG,Denmark,Denmark_Medieval.SG,600.0,0.0765652880072593,-0.8258512596147075,0.41099699333040723,-0.16870113688248928
CGG100918.SG,Denmark,Denmark_Medieval.SG,800.0,0.2720092833042145,-0.8102197425026035,0.414498377456966,-0.18758797106449357
CGG100920.SG,Denmark,Denmark_Medieval.SG,625.0,0.4545775353908539,-0.8023551820849282,0.3773173646684818,-0.15320269686111262
CGG100921.SG,Denmark,Denmark_Medieval.SG,800.0,0.1637573987245559,-0.8255897937363909,0.3608259901515589,-0.12392758623110825
CGG100926.SG,Denmark,Denmark_Medieval.SG,800.0,0.2191452980041504,-0.8297831654632619,0.40745236146034036,-0.1662844860197875
CGG100951.SG,Denmark,Denmark_Medieval.SG,800.0,0.3126447200775146,-0.8325747084148174,0.37486459010581574,-0.14931824720523315
CGG101680.SG,Denmark,Denmark_Medieval.SG,625.0,0.5073798894882202,-0.8295883171436867,0.39041673393563375,-0.1492547068410271
CGG101689.SG,Denmark,Denmark_Medieval.SG,575.0,0.1810621619224548,-0.7940851879222446,0.3743797972957215,-0.15795268958963596
CGG101691.SG,Denmark,Denmark_Medieval.SG,625.0,0.120054692029953,-0.8393324324602806,0.36042839313287944,-0.14911273234056963
CGG101808.SG,Denmark,Denmark_Medieval.SG,575.0,0.0558323375880718,-0.8425857419123169,0.4216093573764258,-0.17002797169770137
CGG101809.SG,Denmark,Denmark_Medieval.SG,575.0,0.2772476971149444,-0.8362287256638216,0.38945587336330495,-0.14521618369087452
CGG101811.SG,Denmark,Denmark_Medieval.SG,575.0,0.4793680310249328,-0.823700209588198,0.3988937765182001,-0.1795967434977637
CGG101813.SG,Denmark,Denmark_Medieval.SG,625.0,0.2233252972364425,-0.8543713996457027,0.3964064489729498,-0.1622340565705856
CGG101822.SG,Denmark,Denmark_Medieval.SG,625.0,0.7585767507553101,-0.8377001202322282,0.3471279663210952,-0.15608340562260012
CGG101825.SG,Denmark,Denmark_Medieval.SG,800.0,0.1066233664751052,-0.8277133775042818,0.38140461098135775,-0.18405693254348723
CGG101829.SG,Denmark,Denmark_Medieval.SG,1550.0,0.4173848927021026,-0.8296383252011819,0.37118988102640255,-0.14054795818870183
CGG101833.SG,Denmark,Denmark_Medieval.SG,625.0,0.2930983006954193,-0.7959737609834554,0.41260311838504155,-0.15739301310625112
CGG101835.SG,Denmark,Denmark_Medieval.SG,575.0,0.6940397024154663,-0.8045227586582613,0.3842503422427127,-0.15037765352963767
CGG101837.SG,Denmark,Denmark_Medieval.SG,1550.0,0.3921183347702026,-0.8442890706412093,0.3745683893565985,-0.1554743769776972
CGG101838.SG,Denmark,Denmark_Medieval.SG,625.0,0.6732345819473267,-0.8587877585892724,0.40137454749357493,-0.15857190342268312
CGG101839.SG,Denmark,Denmark_Medieval.SG,625.0,0.0788612961769104,-0.788724032669491,0.3596301172234599,-0.13948184375137007
CGG101842.SG,Denmark,Denmark_Medieval.SG,1550.0,0.4934805929660797,-0.8331115486056798,0.3796324772258684,-0.1717470495742808
CGG101843.SG,Denmark,Denmark_Medieval.SG,575.0,0.1680590510368347,-0.8409811694551549,0.31736132632175207,-0.14306542704250536
CGG101845.SG,Denmark,Denmark_Medieval.SG,575.0,0.3584366142749786,-0.8560188665785896,0.3827954314746353,-0.14844738070452443
CGG101850.SG,Denmark,Denmark_Medieval.SG,575.0,0.3431107401847839,-0.837239226626318,0.39952418517179916,-0.16460394965207018
CGG101854.SG,Denmark,Denmark_Medieval.SG,575.0,0.1444518417119979,-0.8095557013309094,0.3923152885053635,-0.15941204982187354
CGG101855.SG,Denmark,Denmark_Medieval.SG,800.0,0.2493177354335785,-0.788805313321696,0.3840980233506983,-0.14842322448069054
CGG101857.SG,Denmark,Denmark_Medieval.SG,625.0,0.228181704878807,-0.83107973984616,0.39093905429640047,-0.15044952778788812
CGG101864.SG,Denmark,Denmark_Medieval.SG,625.0,0.4712350964546203,-0.81377359342027,0.344626713014537,-0.14009207583884217
CGG101873.SG,Denmark,Denmark_Medieval.SG,1550.0,0.2652259171009063,-0.8232958331536325,0.38624196515058845,-0.13359720120611776
BOY001.AG,Bulgaria,Bulgaria_Yamnaya_Boyanovo_EBA.AG,4746.0,0.4295810461044311,0.6955443607389374,0.42178084816082395,0.3000585148386762
BOY008.AG,Bulgaria,Bulgaria_Boyanovo_EBA.AG,4757.0,0.1752966046333313,0.6936664411829869,0.4493668992755164,0.28386287297886587
BOY009.AG,Bulgaria,Bulgaria_Boyanovo_EBA.AG,4763.0,0.2534312307834625,0.6969281475539468,0.42710341218649023,0.30532787524673566
BOY014.AG,Bulgaria,Bulgaria_Boyanovo_EBA.AG,5016.0,0.2650458812713623,0.6842186230818518,0.451715119036369,0.33005219871116515
BOY019.AG,Bulgaria,Bulgaria_Boyanovo_EBA.AG,4755.0,0.0903299450874328,0.667297539484366,0.47494192722930734,0.31285306611575087
KTL001.AG,Ukraine,Ukraine_CernavodaI_Kartal_C.AG,5376.0,0.5433186888694763,0.07268881014228012,0.8070964414205631,0.189450109001961
KTL002.AG,Ukraine,Ukraine_CernavodaI_Kartal_C.AG,5527.0,0.4814572036266327,0.06220542963545039,0.8332354108855713,0.17977036341592237
KTL003.AG,Ukraine,Ukraine_CernavodaI_Kartal_C.AG,5552.0,0.5114139318466187,0.08775904561630458,0.8175294360292727,0.179034775483361
KTL004.AG,Ukraine,Ukraine_CernavodaI_Kartal_C.AG,5819.0,0.6864274740219116,0.060509823115450105,0.8397738746792718,0.18961923267172573
KTL005.AG,Ukraine,Ukraine_CernavodaI_Kartal_C.AG,5632.0,0.5580841302871704,0.11531076009468844,0.7529675152986597,0.20136902143925448
KTL006.AG,Ukraine,Ukraine_CernavodaI_Kartal_C.AG,5967.0,0.7700737714767456,0.06584695441993954,0.8305090487326108,0.1718496527783669
KTL007.AG,Ukraine,Ukraine_CernavodaI_Kartal_C.AG,5828.0,0.3467595279216766,0.09529287027838068,0.8069825136018915,0.1833143106884325
KTL008.AG,Ukraine,Ukraine_CernavodaI_Kartal_C.AG,5625.0,0.1865787357091903,0.06200249107782513,0.8334963999448903,0.19219744788377308
MAJ002.AG,Ukraine,Ukraine_Eneolithic_Usatove_Majaky_C.AG,6297.0,0.7509223222732544,0.0820021103857121,0.8195136724135119,0.19746974292660793
MAJ003.AG,Ukraine,Ukraine_Eneolithic_Usatove_Majaky_C.AG,5695.0,0.7206622958183289,0.07536544443899484,0.8324200310673633,0.1839185416137078
MAJ004.AG,Ukraine,Ukraine_Eneolithic_Usatove_Majaky_EBA.AG,4647.0,0.2443842887878418,0.12189391598373882,0.7548828118599806,0.2014061393305414
MAJ008.AG,Ukraine,Ukraine_Eneolithic_Usatove_Majaky_C.AG,6061.0,0.1778837740421295,0.055979436641608184,0.8278242932473262,0.1857182120115256
MAJ009.AG,Ukraine,Ukraine_Eneolithic_Usatove_Majaky_C.AG,6343.0,0.2989684641361236,0.09892643875517929,0.8509965991094975,0.19695651425081023
MAJ017.AG,Ukraine,Ukraine_Eneolithic_Usatove_Majaky_EBA.AG,4803.0,0.7058230638504028,0.13069695662914219,0.7653074276850772,0.17752796978870405
MAJ019.AG,Ukraine,Ukraine_Eneolithic_Usatove_Majaky_EBA.AG,4726.0,0.2537102103233337,0.08928210405975703,0.8020598013344686,0.17177145446144262
MAJ020.AG,Ukraine,Ukraine_Eneolithic_Usatove_Majaky_C.AG,5821.0,0.5948899388313293,0.07956403498194607,0.8229503655216438,0.19616325801356443
MAJ023.AG,Ukraine,Ukraine_Eneolithic_Usatove_Majaky_C.AG,6091.0,0.398262619972229,0.13259086573146764,0.8342476226800659,0.1804775836633175
PIE003.AG,Romania,Romania_PietreleMaguraGorgana_Gumelnita_C.AG,6356.0,0.3797210454940796,-0.34297704892201747,0.1864720815976558,-0.008659281138290233
PIE004.AG,Romania,Romania_PietreleMaguraGorgana_Gumelnita_C.AG,6571.0,0.5914666056632996,-0.4166409145674551,0.1699414995269467,-0.03259069922155897
PIE005.AG,Romania,Romania_PietreleMaguraGorgana_Gumelnita_C.AG,6478.0,0.4788457155227661,-0.4205661894171277,0.22085905592512625,-0.00432788791444069
PIE006.AG,Romania,Romania_PietreleMaguraGorgana_Gumelnita_C.AG,6443.0,0.2782055139541626,-0.39083205722232117,0.1844912726164452,0.006334535137213803
PIE008.AG,Romania,Romania_PietreleMaguraGorgana_Gumelnita_C.AG,6360.0,0.5313391089439392,-0.3911453308223861,0.176081700830955,0.01251860856563579
PIE010.AG,Romania,Romania_PietreleMaguraGorgana_Gumelnita_C.AG,6279.0,0.052017293870449,-0.3683046848393598,0.21159397707484282,-0.03026929988300187
PIE012.AG,Romania,Romania_PietreleMaguraGorgana_Gumelnita_C.AG,6487.0,0.3577772378921509,-0.4243190593391157,0.18235784316894937,-0.01893041406115359
PIE013.AG,Romania,Romania_PietreleMaguraGorgana_Gumelnita_C.AG,6390.0,0.325702965259552,-0.4018258266609947,0.19923803601977713,0.007316895134626147
PIE014.AG,Romania,Romania_PietreleMaguraGorgana_Gumelnita_C.AG,6416.0,0.3424765169620514,-0.3943018316744509,0.19241826072265508,0.012268234463597691
PIE015.AG,Romania,Romania_PietreleMaguraGorgana_Gumelnita_C.AG,6485.0,0.5070189833641052,-0.38248615684353865,0.1468578744807523,0.014763449724741407
PIE017.AG,Romania,Romania_PietreleMaguraGorgana_Gumelnita_C.AG,6562.0,0.5288679003715515,-0.3897431766597056,0.2059604776514579,-0.016680792153501826
PIE018.AG,Romania,Romania_PietreleMaguraGorgana_Gumelnita_C.AG,6366.0,0.0882715731859207,-0.391195725002137,0.19409261357454669,3.5221960080127656e-05
PIE019.AG,Romania,Romania_PietreleMaguraGorgana_Gumelnita_C.AG,6450.0,0.3397133648395538,-0.40298055092342566,0.1683935640526031,0.020089759399664966
PIE022.AG,Romania,Romania_PietreleMaguraGorgana_Gumelnita_C.AG,6335.0,0.0795149803161621,-0.3629218996799504,0.18899148310108857,-0.008961153148591187
PIE023.AG,Romania,Romania_PietreleMaguraGorgana_Gumelnita_C.AG,6453.0,0.6071817278862,-0.42462271746809743,0.15564835499585364,-0.0343172908954936
PIE025.AG,Romania,Romania_PietreleMaguraGorgana_Gumelnita_C.AG,6454.0,0.2147122472524643,-0.38977679619964944,0.17673683174235902,-0.0024698182008956655
PIE026.AG,Romania,Romania_PietreleMaguraGorgana_Gumelnita_C.AG,6428.0,0.0947248712182045,-0.41616863598520915,0.20382633827829333,0.0019026210348122646
PIE028.AG,Romania,Romania_PietreleMaguraGorgana_Gumelnita_C.AG,6365.0,0.5126766562461853,-0.3978402794669852,0.1910109069855929,-0.023960180171827675
PIE029.AG,Romania,Romania_PietreleMaguraGorgana_Gumelnita_C.AG,6474.0,0.2750149369239807,-0.3985631127890579,0.18180626716711246,-0.022397900496490052
PIE030.AG,Romania,Romania_PietreleMaguraGorgana_Gumelnita_C.AG,6233.0,0.0516361147165298,-0.3908683516121452,0.1892699899449564,0.005197226239901432
PIE032.AG,Romania,Romania_PietreleMaguraGorgana_Gumelnita_C.AG,6353.0,0.0729343518614769,-0.4194138500439687,0.1903247804724338,-0.00206259742826671
PIE033.AG,Romania,Romania_PietreleMaguraGorgana_Gumelnita_C.AG,6531.0,0.5637199282646179,-0.3831912578159226,0.18248901111761395,0.014244091791806834
PIE034.AG,Romania,Romania_PietreleMaguraGorgana_Gumelnita_C.AG,6539.0,0.5185906291007996,-0.4196373280494111,0.18810504615744744,0.016290885831570588
PIE035.AG,Romania,Romania_PietreleMaguraGorgana_Gumelnita_C.AG,6478.0,0.244766280055046,-0.39145574901243035,0.19186859449722188,0.008611447974176414
PIE037.AG,Romania,Romania_PietreleMaguraGorgana_Gumelnita_C.AG,6242.0,0.4928585588932037,-0.40000822553073717,0.19539389074776017,0.004129986424349671
PIE038.AG,Romania,Romania_PietreleMaguraGorgana_Gumelnita_C.AG,6513.0,0.630518913269043,-0.37918951905657555,0.1986589385090992,-0.006345634222175186
PIE039.AG,Romania,Romania_Dudesti_PietreleMaguraGorgana_N.AG,7206.0,0.2467013746500015,-0.41239654446067037,0.20336355161777164,0.0035716974617483205
PIE041.AG,Romania,Romania_PietreleMaguraGorgana_Gumelnita_C.AG,6486.0,0.5784724354743958,-0.39032110174424034,0.19821310920616053,0.004355220090089574
PIE043.AG,Romania,Romania_PietreleMaguraGorgana_Gumelnita_C.AG,6833.0,0.1843143552541732,-0.41134506318868075,0.19234954550389538,0.004559479825296115
PIE044.AG,Romania,Romania_PietreleMaguraGorgana_Gumelnita_C.AG,6381.0,0.059108056128025,-0.3963232109173418,0.1961391476026786,0.007388320855506237
PIE048.AG,Romania,Romania_PietreleMaguraGorgana_Gumelnita_C.AG,6522.0,0.1935275644063949,-0.38643732415026194,0.19133773287944644,0.010026109595698331
PIE050.AG,Romania,Romania_PietreleMaguraGorgana_Gumelnita_C.AG,6442.0,0.6580287218093872,-0.39340773582942495,0.19480468062537754,0.001977233446894454
PIE053.AG,Romania,Romania_PietreleMaguraGorgana_Gumelnita_C.AG,6364.0,0.5031049847602844,-0.3999656364878403,0.1748782487088999,0.0051699129030214185
PIE054.AG,Romania,Romania_PietreleMaguraGorgana_Gumelnita_C.AG,6236.0,0.5744367837905884,-0.4262959913858631,0.16525191350876794,0.028090556518868944
PIE057.AG,Romania,Romania_PietreleMaguraGorgana_Gumelnita_C.AG,6358.0,0.6908126473426819,-0.39341062158889945,0.1837927948867232,0.0027446851503417904
PIE058.AG,Romania,Romania_PietreleMaguraGorgana_Gumelnita_C.AG,6235.0,0.5219093561172485,-0.391861593651411,0.20901031185972804,-0.021484392234710884
PIE06061.AG,Romania,Romania_PietreleMaguraGorgana_Gumelnita_C.AG,6616.0,0.6821534037590027,-0.42912982698362084,0.18237062615401892,-0.0038852437310375257
PIE061.AG,Romania,Romania_PietreleMaguraGorgana_Gumelnita_C.AG,6482.0,0.5503348112106323,-0.4081904741832588,0.17934277952442082,-0.01915729360865674
PIE062.AG,Romania,Romania_PietreleMaguraGorgana_Gumelnita_C.AG,6243.0,0.1271787136793136,-0.3996782944963418,0.19529925118024552,-0.008520166922925274
PIE063.AG,Romania,Romania_PietreleMaguraGorgana_Gumelnita_C.AG,6435.0,0.4679537117481231,-0.3891377238025218,0.1569402315618629,0.01516065813831055
PIE064.AG,Romania,Romania_PietreleMaguraGorgana_Gumelnita_C.AG,6449.0,0.0741127654910087,-0.38368842318657415,0.18562432158671674,-0.010066708244503739
PIE065.AG,Romania,Romania_PietreleMaguraGorgana_Gumelnita_C.AG,6512.0,0.462788313627243,-0.3809779918111693,0.20681178188633131,-0.005792836793517638
PIE069.AG,Romania,Romania_PietreleMaguraGorgana_Gumelnita_C.AG,6458.0,0.2175759673118591,-0.42038828300342945,0.22306587702696073,0.021082032253635113
PIE071631.AG,Romania,Romania_CernavodaPossible_PietreleMaguraGorgana_C.AG,5648.0,0.4578759372234344,-0.3928030990259541,0.18632041133859878,-0.015171254734929319
PIE074.AG,Romania,Romania_PietreleMaguraGorgana_Gumelnita_C.AG,6268.0,0.5230277180671692,-0.37573179770379517,0.18433338200464833,0.019372592630952014
PIE075.AG,Romania,Romania_PietreleMaguraGorgana_Gumelnita_C.AG,6311.0,0.1746575236320495,-0.3957553593395378,0.2046801551714676,-0.003968102151995189
PIE076.AG,Romania,Romania_PietreleMaguraGorgana_Gumelnita_C.AG,6242.0,0.5186652541160583,-0.4033893155132725,0.20428066592721775,-0.007371826279472097
PIE077.AG,Romania,Romania_PietreleMaguraGorgana_Gumelnita_C.AG,6229.0,0.5806710720062256,-0.39365530137958904,0.17881781403621014,0.011229144915948824
PIE078.AG,Romania,Romania_PietreleMaguraGorgana_Gumelnita_EBA.AG,5143.0,0.2490411698818206,-0.3833678635430189,0.1734773053406033,-0.01658512527797143
PTK001.AG,Bulgaria,Bulgaria_PetkoKaravelovo_Chalcolithic.AG,6494.0,0.3578064441680908,0.6830892727015001,0.4399162482675947,0.33317114821898075
PTK004.AG,Bulgaria,Bulgaria_PetkoKaravelovo_Chalcolithic.AG,6493.0,0.1030021607875824,0.6576989610752154,0.44714521276391034,0.28766955579230913
PTK005.AG,Bulgaria,Bulgaria_PetkoKaravelovo_Chalcolithic.AG,6500.0,0.298155814409256,0.6969305359757837,0.44500037258595787,0.3109582293345645
UBK003.AG,Ukraine,Ukraine_Eneolithic_Usatove_Usatove-BolsojKujalnik_C.AG,5832.0,0.3350191712379455,0.08874385911407312,0.8140839004574947,0.19321893453261224
UBK006.AG,Ukraine,Ukraine_Eneolithic_Usatove_Usatove-BolsojKujalnik_C.AG,5575.0,0.4092633128166199,0.08078965635077771,0.7904861365968906,0.16449482764074796
USV004.AG,Ukraine,Ukraine_Eneolithic_Usatove_Usatove-BolsojKujalnik_C.AG,5636.0,0.3468422591686249,0.08711746758417338,0.8366187396714571,0.21016656292571093
USV005.AG,Ukraine,Ukraine_Eneolithic_Usatove_Usatove-BolsojKujalnik_C.AG,5532.0,0.7373815178871155,0.08806822134956147,0.8326848935037133,0.18617967726697363
VAR002.AG,Bulgaria,Bulgaria_Varna_Chalcolithic.AG,6451.0,0.0692555531859397,0.6833510232519548,0.4525301601722549,0.31989718092909053
VAR003.AG,Bulgaria,Bulgaria_Varna_Chalcolithic.AG,6500.0,0.2977973520755768,0.6779867397432183,0.5166559427803177,0.29353793666841654
VAR004.AG,Bulgaria,Bulgaria_Varna_Chalcolithic.AG,6529.0,0.407809168100357,0.69176157423884,0.4365687771970878,0.30517967507852034
VAR006.AG,Bulgaria,Bulgaria_Varna_Chalcolithic.AG,6363.0,0.2814301252365112,0.6643223283745675,0.4524653893634661,0.33090759885026777
VAR008.AG,Bulgaria,Bulgaria_Varna_Chalcolithic.AG,6566.0,0.2416292428970337,0.6804686291714676,0.4377210798455755,0.30309977596154125
VAR009.AG,Bulgaria,Bulgaria_Varna_Chalcolithic.AG,6436.0,0.5914236307144165,0.6899986574681827,0.45074337304704803,0.3152722091774982
VAR010.AG,Bulgaria,Bulgaria_Varna_Chalcolithic.AG,6549.0,0.6361392736434937,0.6876014820194705,0.4485372727483976,0.32861135057886737
VAR011.AG,Bulgaria,Bulgaria_Varna_Chalcolithic.AG,6354.0,0.5700467228889465,0.6635255063248289,0.44645673020917803,0.3154893332194076
VAR012.AG,Bulgaria,Bulgaria_Varna_Chalcolithic.AG,6473.0,0.7204043865203857,0.6719598194998004,0.44476865858412845,0.3219932751731158
VAR016.AG,Bulgaria,Bulgaria_Varna_Chalcolithic.AG,6402.0,0.3517099916934967,0.6974125659528455,0.4360670018054946,0.3165484946487398
VAR017.AG,Bulgaria,Bulgaria_Varna_Chalcolithic.AG,6500.0,0.6991661787033081,0.6735947502494052,0.44364995866415496,0.2908118745637441
VAR018.AG,Bulgaria,Bulgaria_Varna_Chalcolithic.AG,6375.0,0.4874514639377594,0.6778306898979273,0.4448603889089267,0.31957628764893475
VAR019.AG,Bulgaria,Bulgaria_Varna_Chalcolithic.AG,6574.0,0.5001618266105652,0.6674683896935266,0.46370655706466,0.337512441906824
VAR020.AG,Bulgaria,Bulgaria_Varna_Chalcolithic.AG,6464.0,0.324281245470047,0.6922948500374907,0.4404487126901214,0.3176217706060222
VAR021.AG,Bulgaria,Bulgaria_Varna_Chalcolithic.AG,6439.0,0.3478154838085174,0.6630189410336699,0.4591311147602481,0.32340808353346406
VAR022.AG,Bulgaria,Bulgaria_Varna_Chalcolithic.AG,6453.0,0.7063931822776794,0.6758425232499392,0.4488026652851775,0.3180393050012255
VAR023_ANI160.AG,Bulgaria,Bulgaria_Varna_Chalcolithic.AG,6533.0,0.3439890742301941,0.6752170942881737,0.49848172037672406,0.3292496549973065
VAR026.AG,Bulgaria,Bulgaria_Varna_Chalcolithic.AG,6446.0,0.0848158150911331,0.6901823597231048,0.44741097196142626,0.33051834446395406
VAR027.AG,Bulgaria,Bulgaria_Varna_Chalcolithic.AG,6511.0,0.5039232969284058,0.6788307843484802,0.45292488587588575,0.3208959420696485
VAR030.AG,Bulgaria,Bulgaria_Varna_Chalcolithic.AG,6428.0,0.3935027420520782,0.6894706620668911,0.43171136351784106,0.3254448703292043
VAR032.AG,Bulgaria,Bulgaria_Varna_Chalcolithic.AG,6439.0,0.5417371988296509,0.6539594887970885,0.4427348588509468,0.30436278866922706
VAR033.AG,Bulgaria,Bulgaria_Varna_Chalcolithic.AG,6586.0,0.4757841229438782,0.6496232251499221,0.42743480513876264,0.31445518496959246
VAR034.AG,Bulgaria,Bulgaria_Varna_Chalcolithic.AG,6538.0,0.2737359702587127,0.6663632201882196,0.44347021831761413,0.3022407459195996
YUN001.AG,Bulgaria,Bulgaria_Yunatsite_Chalcolithic_GumelnitaKaranovo.AG,6381.0,0.4156736433506012,0.69716155565768,0.4196548629579468,0.31671737724114263
YUN003_049.AG,Bulgaria,Bulgaria_Yunatsite_Chalcolithic_GumelnitaKaranovo.AG,6350.0,0.7291772365570068,0.6099990277681646,0.4654111863742323,0.3486664670024664
YUN005.AG,Bulgaria,Bulgaria_Yunatsite_Chalcolithic_GumelnitaKaranovo.AG,6351.0,0.3424035310745239,0.657090565947503,0.43161635331602816,0.33054155496742027
YUN006_031.AG,Bulgaria,Bulgaria_Yunatsite_Chalcolithic_GumelnitaKaranovo.AG,6358.0,0.7051928639411926,0.6847638443201933,0.4518349177382952,0.31211090942365105
YUN007.AG,Bulgaria,Bulgaria_Yunatsite_Chalcolithic_GumelnitaKaranovo.AG,6345.0,0.5797043442726135,0.6872489423520249,0.44310739805237004,0.3209018900029609
YUN009.AG,Bulgaria,Bulgaria_Yunatsite_Chalcolithic_GumelnitaKaranovo.AG,6344.0,0.481797844171524,0.6791878115022638,0.4458708221828564,0.35632450600942656
YUN012.AG,Bulgaria,Bulgaria_Yunatsite_Chalcolithic_GumelnitaKaranovo.AG,6350.0,0.6099870800971985,0.6983563814044501,0.44619587458102006,0.3240732898355066
YUN013.AG,Bulgaria,Bulgaria_Yunatsite_Chalcolithic_GumelnitaKaranovo.AG,6392.0,0.4326296746730804,0.6509066704226527,0.4423782219915549,0.3235891803847778
YUN014.AG,Bulgaria,Bulgaria_Yunatsite_Chalcolithic_GumelnitaKaranovo.AG,6354.0,0.3844233453273773,0.6669902339282808,0.44321561581740443,0.34912847379725004
YUN015.AG,Bulgaria,Bulgaria_Yunatsite_Chalcolithic_GumelnitaKaranovo.AG,6341.0,0.1448484361171722,0.6609623292804773,0.44722355577200157,0.33450496281122616
YUN019.AG,Bulgaria,Bulgaria_Yunatsite_Chalcolithic_GumelnitaKaranovo.AG,6350.0,0.5601076483726501,0.6605555944997417,0.4520508078006155,0.34769781672364763
YUN021.AG,Bulgaria,Bulgaria_Yunatsite_Chalcolithic_GumelnitaKaranovo.AG,6239.0,0.4781531095504761,0.6387805607275447,0.42215968043138036,0.2748472967609606
YUN025.AG,Bulgaria,Bulgaria_Yunatsite_Chalcolithic_GumelnitaKaranovo.AG,6350.0,0.4901083707809448,0.6530490578461894,0.42402745470287717,0.3190046515824296
YUN026.AG,Bulgaria,Bulgaria_Yunatsite_Chalcolithic_GumelnitaKaranovo.AG,6411.0,0.3881678581237793,0.6466411070162736,0.4253776293992044,0.3226234794071467
YUN027_I0781.AG,Bulgaria,Bulgaria_Yunatsite_Chalcolithic_GumelnitaKaranovo.AG,6350.0,0.6355569362640381,0.683298456614952,0.447638444395571,0.3219182316135496
YUN028.AG,Bulgaria,Bulgaria_Yunatsite_Chalcolithic_GumelnitaKaranovo.AG,6393.0,0.3251360654830932,0.5991735090130588,0.4545330300958222,0.3543319409921788
YUN033.AG,Bulgaria,Bulgaria_Yunatsite_EBA.AG,5042.0,0.2892751395702362,0.6516059094992596,0.4326202267670465,0.3287295789383348
YUN034.AG,Bulgaria,Bulgaria_Yunatsite_EBA.AG,4800.0,0.1324057430028915,0.6717100212672279,0.4363235257587289,0.3256258755023495
YUN035.AG,Bulgaria,Bulgaria_Yunatsite_EBA.AG,4925.0,0.2715997397899627,0.6749542338862283,0.4445540120147823,0.3292627796773347
YUN036.AG,Bulgaria,Bulgaria_Yunatsite_EBA.AG,4713.0,0.3541381955146789,0.6651097902324197,0.44932527563487445,0.34470587570304834
YUN037.AG,Bulgaria,Bulgaria_Yunatsite_EBA.AG,4925.0,0.3749019801616668,0.6442144209925186,0.4275600476524219,0.2986731720679469
YUN038.AG,Bulgaria,Bulgaria_Yunatsite_EBA.AG,4821.0,0.4709269106388092,0.6688056219647474,0.4690539654666581,0.2853779342371518
YUN039.AG,Bulgaria,Bulgaria_Yunatsite_EBA.AG,4757.0,0.3233064115047455,0.6723575030518358,0.4536527594756426,0.37183860374021627
YUN041.AG,Bulgaria,Bulgaria_Yunatsite_EBA.AG,4708.0,0.6374142169952393,0.7079718597834244,0.4510472728789801,0.3611499402533124
YUN042.AG,Bulgaria,Bulgaria_Yunatsite_EBA.AG,4723.0,0.592444658279419,0.7076586258198695,0.4623843504589602,0.34618394913323924
YUN043.AG,Bulgaria,Bulgaria_Yunatsite_EBA.AG,4708.0,0.6561017632484436,0.6362295024518334,0.4122732048337129,0.30143607943195166
YUN044.AG,Bulgaria,Bulgaria_Yunatsite_EBA.AG,4925.0,0.0747794210910797,0.6827972192404301,0.45241073790322617,0.3227065590630951
YUN045.AG,Bulgaria,Bulgaria_Yunatsite_EBA.AG,4842.0,0.2962539792060852,0.6864665555945089,0.42418110668920816,0.30518746356687737
YUN048.AG,Bulgaria,Bulgaria_Yunatsite_Chalcolithic_GumelnitaKaranovo.AG,6435.0,0.2737708389759063,0.6928373562957951,0.42609421738476305,0.2845881581115982
Vestonice13_d.AG,Czechia,Czechia_Gravettian.AG,30800.0,0.0806204006075859,1.710867233080397,-0.11821049150789659,0.1992169000485996
Vestonice43_d.AG,Czechia,Czechia_Gravettian.AG,29800.0,0.0945991650223732,1.704235550584139,-0.15618068981570016,0.19482910483060184
Ostuni1_d.AG,Italy,Italy_Gravettian_contam.AG,27614.0,0.2265588492155075,-0.9961348617912507,0.20964521688657647,0.40283397383013697
Muierii2_d.AG,Romania,Romania_UP_Muierri.AG,34415.0,0.0541300065815448,-0.37523002756429436,0.17568856202889213,-0.035890205981391636
ElMiron_d.AG,Spain,Spain_Magdalenian_contam.AG,18775.0,0.5171762108802795,-1.0590962707347304,0.06192922007290964,-1.209381845341325
GoyetQ116-1.AG,Belgium,Belgium_GoyetQ116_1_UP.AG,35208.0,0.4914806187152862,-0.1627748204875086,-0.03839372854415671,-0.16894678220408163
Vestonice16.AG.BY.AA,Czechia,Czechia_Gravettian.AG.BY.AA,29800.0,0.6218758225440979,1.5650232632472636,-0.13578235856378218,0.16112718291102548
Ranchot88_d.AG,France,France_Mesolithic.AG,10134.0,0.2939441800117492,-0.33164545922674205,-0.01196800890598579,-0.43992712819385466
Villabruna.AG.BY.AA,Italy,Italy_Epigravettian.AG.BY.AA,14021.0,0.7409021854400635,-0.9018008252500902,0.1968842525458236,0.3281148304815628
Paglicci133_original.AG,Italy,Italy_Gravettian.AG,32886.0,0.056722842156887,-0.9865373121092553,0.20375003378471618,0.3932199428046308
I0061.SG,Russia,Russia_YuzhniyOleniyOstrov_Mesolithic.SG,8450.0,0.8510656356811523,0.5385987264445655,-0.08761258975672391,-0.22542779824846532
Chaudardes1_d.AG,France,France_Mesolithic.AG,8193.0,0.0649652481079101,-0.3169772265144062,-0.03195792253320053,-0.4592514030564173
IGR001_d.AG,Ukraine,Ukraine_Igren_N_alt.AG,7565.0,0.0585038438439369,0.06905792363431824,0.8296346329384956,0.1680305393300374
Bockstein.AG,Germany,Germany_Mesolithic.AG,8391.0,0.0890663787722587,0.20341245604773242,0.0768179328456523,0.778483728918905
Brillenhohle.AG,Germany,Germany_Magdalenian_contam.AG,14817.0,0.1994204372167587,0.18607536517370726,0.10994653819432844,0.6214990978974971
Burkhardtshohle.AG,Germany,Germany_Magdalenian_oWHG_critical.AG,14620.0,0.1312443614006042,0.21584799985354838,0.0912788945461498,0.6658610971829212
CIO001.AG,Romania,Romania_Cioclovina_UP_contam.AG,32669.0,0.1224682927131652,-0.39088329133522925,0.18942056251744702,-0.0024011785195239446
Chaudardes1.AG,France,France_Mesolithic_contam.AG,8193.0,0.2327866852283477,-0.30071534406921824,-0.0016414067847645704,-0.4410031561594153
DOG009.AG,Netherlands,Netherlands_Doggerland_Mesolithic_contam.AG,8813.0,0.6262570023536682,0.5348855434483296,0.5935699936024186,-0.19718704922236532
DOG010.AG,Netherlands,Netherlands_Doggerland_Mesolithic_contam.AG,8699.0,0.5434200763702393,0.5452722594553511,0.5839594876554892,-0.20464855088114917
DLV006.AG,Czechia,Czechia_Gravettian_contam.AG,30981.0,0.5749315023422241,1.612490844526837,-0.13503877108256263,0.16787737879116058
GOY001.AG,Belgium,Belgium_Gravettian_contam.AG,27442.0,0.2501474022865295,-0.18029330029330723,-0.0330012946223604,-0.17528706069864283
GOY007.AG,Belgium,Belgium_Gravettian_contam.AG,27792.0,0.3594812154769897,-0.16495118521017452,-0.036615297744006195,-0.1546852057771089
GoyetQ376-19.AG,Belgium,Belgium_Gravettian.AG,27509.0,0.0783130452036857,-0.1852315697640625,-0.018452741617294842,-0.16445449736594928
GoyetQ53-1.AG,Belgium,Belgium_Gravettian_contam.AG,28082.0,0.1389652788639068,-0.1875404666749327,-0.01952857453149629,-0.1961469530782039
GFW002.003.AG,Germany,Germany_Mesolithic.AG,7878.0,0.7657307982444763,0.24875339553703538,0.09938663658648887,0.6946887444315126
HohleFels10_79.AG,Germany,Germany_Magdalenian.AG,14679.0,0.095343679189682,0.22971785895088118,0.1275536842405671,0.6976144786205487
HohleFels49.AG,Germany,Germany_Magdalenian.AG,15609.0,0.2653402686119079,0.1780681677121174,0.08802017784311474,0.5797540958256123
AMI001.AG,Spain,Spain_Mesolithic.AG,6748.0,0.6903803944587708,-1.1016006936111276,0.0872166457285734,-1.182282888088138
LMA001.AG,France,France_Magdalenian_contam.AG,18077.0,0.1101229265332222,-0.3508271691747219,0.002104644854724613,-0.4678598316155327
RIE002.AG,Spain,Spain_Solutrean_contam_lc.AG,20872.0,0.3604503870010376,-1.1541528568786703,0.103613589602577,-1.2553195349594757
LRO001.AG,France,France_Gravettian_contam.AG,27674.0,0.0621956139802932,-0.3271569742241303,-0.032296655768215124,-0.4726797007734713
LPI002.AG,France,France_Solutrean_contam.AG,23478.0,0.4742691218852997,-0.31657340666170103,-0.009895727188790933,-0.49630954810696815
MAF001.AG,France,France_Mesolithic.AG,8865.0,0.1979022175073623,-0.3200560076491529,-0.009165585799530925,-0.4210009901111054
MAZ001.AG,Poland,Poland_Magdalenian_contam.AG,18272.0,0.4392370581626892,-0.46971657708303594,-0.218702763788177,-0.4849081287250962
MAZ003.AG,Poland,Poland_Magdalenian_contam.AG,15572.0,0.5981761813163757,-0.49682354850286087,-0.19540450475140653,-0.5234731177881208
ORM001.AG,France,France_Gravettian.AG,30903.0,0.3457343876361847,-0.3002165599186943,-0.02993565586257848,-0.44246824139456703
OST002.AG,Germany,Germany_LN.AG,5245.0,0.6659459471702576,0.19174837602955724,0.11089659557802582,0.7471814103835602
PA12.AG,Italy,Italy_Gravettian.AG,28891.0,0.8108186721801758,-0.9130081572001737,0.1941566375926756,0.3640840165750843
Paglicci133.AG,Italy,Italy_Gravettian_contam.AG,32886.0,0.066335879266262,-0.9861233119141668,0.18608354313279202,0.386040835489408
GER002.AG,Spain,Spain_Gravettian_contam.AG,26144.0,0.1700152456760406,-1.098920143178074,0.08850851823761881,-1.2080453833053442
Rigney1.AG,France,France_Magdalenian.AG,15459.0,0.1321664899587631,-0.334410981274656,-0.035032121402404685,-0.4897822548664869
UOO023.AG,Russia,Russia_YuzhniyOleniyOstrov_Mesolithic.AG,8125.0,0.6252626776695251,0.5575167936677371,-0.09604107609842283,-0.22842274407754865
UOO035.056.AG,Russia,Russia_YuzhniyOleniyOstrov_Mesolithic.AG,8120.0,0.3060421943664551,0.5633353766616371,-0.09868404624474837,-0.2398154476817417
prs013_d.SG,Ireland,Ireland_Megalithic.SG,5403.0,0.2596193253993988,-0.40771139639932585,-0.006504013362024263,0.5734953405516319
I1734.SG,Ukraine,Ukraine_Mesolithic.SG,8100.0,0.9967705011367798,0.07742513807542088,0.8027815514798655,0.17828909798361506
BachoKiro_BB7_240_all.AG.BY.AA,Bulgaria,Bulgaria_BachoKiro_IUP_alt.AG.BY.AA,45371.0,0.5961810350418091,0.6172078414559524,0.4075137799303476,0.25126979301017605
BachoKiro_BK1653_all.AG.BY.AA,Bulgaria,Bulgaria_BachoKiro_UP_alt.AG.BY.AA,34948.0,0.7927913069725037,0.6653572255587357,0.4371435300706578,0.314761104043879
BachoKiro_CC7_335_all.AG.BY.AA,Bulgaria,Bulgaria_BachoKiro_IUP_alt.AG.BY.AA,45117.0,0.4405160248279571,0.6321863716510692,0.40580680945648706,0.25434580800083906
BachoKiro_F6_620_all.AG.BY.AA,Bulgaria,Bulgaria_BachoKiro_IUP.AG.BY.AA,43106.0,0.8635894060134888,0.6293094864817027,0.38935640767163904,0.24859808183189677
Oase1_all.AG.BY.AA,Romania,Romania_Oase1_IUP_contam.AG.BY.AA,39982.0,0.2156141102313995,-0.3581913985831325,0.16970783437491468,-0.009827815775029157
BachoKiro_BB7_240_d.AG.BY.AA,Bulgaria,Bulgaria_BachoKiro_IUP.AG.BY.AA,45371.0,0.2546112537384033,0.6629559673324089,0.40089719661944717,0.2772505270677838
BachoKiro_BK1653_d.AG.BY.AA,Bulgaria,Bulgaria_BachoKiro_UP.AG.BY.AA,34948.0,0.2646144032478332,0.6581335332308093,0.4045414232537185,0.2994792486535234
BachoKiro_CC7_335_d.AG.BY.AA,Bulgaria,Bulgaria_BachoKiro_IUP.AG.BY.AA,45117.0,0.1727572977542877,0.6436230805797247,0.41324490979453105,0.27164130974500617
BachoKiro_F6_620_d.AG.BY.AA,Bulgaria,Bulgaria_BachoKiro_IUP_alt.AG.BY.AA,43106.0,0.5368970036506653,0.6491655753916812,0.4210456586195282,0.24092458296565875
AVL001.SG,Denmark,Denmark_AvlebjergStroby_N.SG,5165.0,0.0981360301375389,-0.8546398046573723,0.38795147665698565,-0.15915023829049854
FIR001.SG,Sweden,Sweden_FirseSten_Steppe2.SG,3031.0,0.7933752536773682,-1.286384217972635,0.8418696767294226,-0.6343760977390434
FRA002.SG,Sweden,Sweden_Fralsegarden_N.SG,5173.0,0.9360517859458924,-1.4142229535593462,0.947027334863756,-0.6169882612063978
FRA004.SG,Sweden,Sweden_Fralsegarden_N.SG,5144.0,0.9947965145111084,-1.4103603779010925,0.9506960037010894,-0.6201120364899136
FRA005.SG,Sweden,Sweden_Fralsegarden_N.SG,4958.0,0.9978662133216858,-1.2961682770767755,0.9434727273360201,-0.6304415862535823
FRA005_d.SG,Sweden,Sweden_Fralsegarden_N.SG,4958.0,0.1663761883974075,-1.298741005911248,0.8241639718669512,-0.5895844746686159
FRA006.SG,Sweden,Sweden_Fralsegarden_N.SG,4966.0,0.0685734897851944,-1.2888362245384983,0.8442012476250947,-0.5975593108567556
FRA007.SG,Sweden,Sweden_Fralsegarden_N.SG,5084.0,0.6731899976730347,-1.2885681985157988,0.8551040396087864,-0.6167316286462919
FRA009.SG,Sweden,Sweden_Fralsegarden_N.SG,5091.0,0.589179515838623,-1.3164867464373973,0.8373548820713467,-0.5863739541798232
FRA010.SG,Sweden,Sweden_Fralsegarden_N.SG,5153.0,0.072029247879982,-1.301517694731153,0.8247582200829958,-0.626398238787489
FRA011.SG,Sweden,Sweden_Fralsegarden_N.SG,5081.0,0.4972380697727203,-1.3146438706125414,0.9224947889163478,-0.5948815606684004
FRA012.SG,Sweden,Sweden_Fralsegarden_N.SG,5133.0,0.6243292093276978,-1.306280808580457,0.8516461660132915,-0.5987348609226296
FRA013.SG,Sweden,Sweden_Fralsegarden_N.SG,4966.0,0.9216042160987854,-1.2932750726427042,0.9413586055899676,-0.6831697916151312
FRA013_d.SG,Sweden,Sweden_Fralsegarden_N.SG,4966.0,0.0906016379594802,-1.2520632258902904,0.8975792245222088,-0.5720581026138989
FRA014.SG,Sweden,Sweden_Fralsegarden_N.SG,4932.0,0.3312714397907257,-1.2743767460665667,0.8192853253477725,-0.5728117591662896
FRA014_d.SG,Sweden,Sweden_Fralsegarden_N.SG,4932.0,0.0668606087565422,-1.2914514753409576,0.8809971358597014,-0.6010775850777754
FRA015.SG,Sweden,Sweden_Fralsegarden_N.SG,4991.0,0.1026477441191673,-1.3109601818340646,0.861006319868813,-0.5841667611860254
FRA020.SG,Sweden,Sweden_Fralsegarden_N.SG,4918.0,0.9723725318908693,-1.360506045876245,0.895194034874057,-0.6016024803362168
FRA020_d.SG,Sweden,Sweden_Fralsegarden_N.SG,4918.0,0.0700876638293266,-1.285867948821515,0.8695424601555787,-0.5951569232021279
FRA021.SG,Sweden,Sweden_Fralsegarden_N.SG,5046.0,0.5803247690200806,-1.300078704000517,0.8622774383319021,-0.5927640087078228
FRA022.SG,Sweden,Sweden_Fralsegarden_N.SG,5014.0,0.9397848844528198,-1.3706652146135068,0.9142525644920239,-0.5867808130564234
FRA023.SG,Sweden,Sweden_Fralsegarden_N.SG,5050.0,0.5969312787055969,-1.2585548335431986,0.8711309954644225,-0.5906735688739869
FRA023_d.SG,Sweden,Sweden_Fralsegarden_N.SG,5050.0,0.1416440904140472,-1.321470150954801,0.8617947856458792,-0.5760185679516273
FRA024.SG,Sweden,Sweden_Fralsegarden_N.SG,4933.0,0.1290497332811355,-1.2514784810746218,0.8428705646047487,-0.591195794982071
FRA025.SG,Sweden,Sweden_Fralsegarden_N.SG,4959.0,0.8875972628593445,-1.3362689084245778,0.8396204523912468,-0.613305357940333
FRA025_d.SG,Sweden,Sweden_Fralsegarden_N.SG,4959.0,0.1657565683126449,-1.2902766007309858,0.8604322008437241,-0.5811209721385452
FRA026.SG,Sweden,Sweden_Fralsegarden_N.SG,4958.0,0.1292825043201446,-1.2893156042736535,0.8625598293617339,-0.5766500529116102
FRA027.SG,Sweden,Sweden_Fralsegarden_N.SG,4919.0,0.8789169192314148,-1.2955217100687817,0.8642644881542787,-0.6208403950886555
FRA028.SG,Sweden,Sweden_Fralsegarden_N.SG,4955.0,0.4797848761081695,-1.2440801295166082,0.8239036414256358,-0.5845828327937244
FRA029.SG,Sweden,Sweden_Fralsegarden_N.SG,4955.0,0.6612809300422668,-1.289434410481497,0.8648688337766383,-0.5920841027768818
FRA030.SG,Sweden,Sweden_Fralsegarden_N.SG,4939.0,0.867901623249054,-1.2807644335291724,0.8583554723264912,-0.6324206756046927
FRA031.SG,Sweden,Sweden_Fralsegarden_N.SG,4950.0,0.3601819276809692,-1.2801501060054599,0.8537584664709583,-0.6142641076871868
FRA032.SG,Sweden,Sweden_Fralsegarden_N.SG,4937.0,0.4151740372180938,-1.2716749190248402,0.8609644785650125,-0.6032224137541689
FRA033.SG,Sweden,Sweden_Fralsegarden_N.SG,4899.0,0.4275178015232086,-1.3178165839695515,0.8652002885192118,-0.5746682067673176
FRA033_d.SG,Sweden,Sweden_Fralsegarden_N.SG,4899.0,0.0892091169953346,-1.3030899437251116,0.8489743016078989,-0.5714740215959297
FRA034.SG,Sweden,Sweden_Fralsegarden_N.SG,4943.0,0.5507768392562866,-1.2632643368708318,0.8423759332738658,-0.5800231720383736
FRA034_d.SG,Sweden,Sweden_Fralsegarden_N.SG,4943.0,0.1197789460420608,-1.2869987006823265,0.8647906809611007,-0.6121712233480573
FRA037.SG,Sweden,Sweden_Fralsegarden_N.SG,5075.0,0.1107044294476509,-1.2517642735126555,0.852697735852055,-0.5713575409237789
FRA039.SG,Sweden,Sweden_Fralsegarden_N.SG,4933.0,0.6844323873519897,-1.2701676816215106,0.8258242006305524,-0.5694260515703695
FRA040.SG,Sweden,Sweden_Fralsegarden_N.SG,4991.0,0.0972828343510627,-1.2822266240470126,0.8735481561953181,-0.5948567492606105
FRA041.SG,Sweden,Sweden_Fralsegarden_N.SG,4955.0,0.6881338357925415,-1.2870446323361688,0.839152795648271,-0.5749668009493022
FRA042.SG,Sweden,Sweden_Fralsegarden_N.SG,4932.0,0.2700344622135162,-1.2925477003091368,0.8522428245606167,-0.6088455893559391
FRA043.SG,Sweden,Sweden_Fralsegarden_N.SG,4866.0,0.2423543035984039,-1.257846396665078,0.814602551251026,-0.5719521730912182
FRA101.SG,Sweden,Sweden_Fralsegarden_N.SG,4921.0,0.1033541411161422,-1.3340609075315422,0.9032445541963,-0.5854768312141505
FRA102.SG,Sweden,Sweden_Fralsegarden_N.SG,5165.0,0.0816066041588783,-1.254497971692231,0.8816931663039334,-0.6270957041732486
FRA103.SG,Sweden,Sweden_Fralsegarden_N.SG,5000.0,0.1406441032886505,-1.3337300191083152,0.8250484702297138,-0.5572007355160559
FRA104.SG,Sweden,Sweden_Fralsegarden_N.SG,4928.0,0.1816566437482834,-1.3002192377672153,0.8318792714890885,-0.6044460673614483
FRA105.SG,Sweden,Sweden_Fralsegarden_N.SG,4755.0,0.9221395254135132,-1.2847908160953398,0.975724451241875,-0.5670245741743996
FRA105_d.SG,Sweden,Sweden_Fralsegarden_N.SG,4755.0,0.065613254904747,-1.2791929381306966,0.9099233121251522,-0.5408227138762558
FRA106.SG,Sweden,Sweden_Fralsegarden_N.SG,5113.0,0.2687773704528808,-1.2903407539866454,0.872647183254024,-0.6431879676840109
FRA107.SG,Sweden,Sweden_Fralsegarden_N.SG,5000.0,0.9268750548362732,-1.3134312216672313,0.9268086952659441,-0.5785417420119642
FRA108.SG,Sweden,Sweden_Fralsegarden_N_HG.SG,4844.0,0.7380433082580566,-1.274014177325613,0.8438699485032404,-0.5806092715245866
FRA201.SG,Sweden,Sweden_Fralsegarden_Steppe1.SG,4322.0,0.4643600583076477,-1.2742992780279851,0.8884051841028943,-0.5969005498933875
FRA202.SG,Sweden,Sweden_Fralsegarden_Steppe1.SG,4348.0,0.9949911236763,-1.1638994745470654,0.8974072234540216,-0.6637379839868545
FRA301.SG,Sweden,Sweden_Fralsegarden_Steppe2.SG,3966.0,0.6369551420211792,-1.2943599719870054,0.8219601125198914,-0.5519835541939837
Gok2.SG,Sweden,Sweden_Fralsegarden_N.SG,5075.0,0.578888475894928,-1.2703568365198796,0.8426527607454151,-0.5894746392944473
Gok2_d.SG,Sweden,Sweden_Fralsegarden_N.SG,5075.0,0.1747580915689468,-1.2999921961758103,0.874289731843901,-0.5950705188642874
HJE003.SG,Sweden,Sweden_HjelmarsRor_N.SG,4950.0,0.1278323978185653,-1.3040824242964548,0.9231436742016601,-0.5929271023346971
HJE005.SG,Sweden,Sweden_HjelmarsRor_N.SG,5075.0,0.296176940202713,-1.3121829928648434,0.8238334335049571,-0.5972970394366242
HJE006.SG,Sweden,Sweden_HjelmarsRor_N.SG,5075.0,0.5359302759170532,-1.3235131889043426,0.8805840764964933,-0.5880997008535456
HJE007.SG,Sweden,Sweden_HjelmarsRor_N.SG,5075.0,0.2181136757135391,-1.311334351704528,0.9220313803357929,-0.6050786094046473
HJE008.SG,Sweden,Sweden_HjelmarsRor_N.SG,5075.0,0.0889098495244979,-1.2689562902200915,0.851582331600833,-0.6134746268656597
HJE009.SG,Sweden,Sweden_HjelmarsRor_N.SG,5075.0,0.1136873662471771,-1.2858838105862325,0.8281104173280328,-0.5516612231739932
HJE010.SG,Sweden,Sweden_HjelmarsRor_N.SG,5075.0,0.6487360596656799,-1.2823038813924037,0.865004735683178,-0.5957207193591505
HJE011.SG,Sweden,Sweden_HjelmarsRor_N.SG,5075.0,0.2164170145988464,-1.3496371386392207,0.8658687111504193,-0.571823938038943
HJE012.SG,Sweden,Sweden_HjelmarsRor_N.SG,5160.0,0.6896731853485107,-1.2671467797411993,0.8569149634152496,-0.5931555906397917
HJE012_d.SG,Sweden,Sweden_HjelmarsRor_N.SG,5160.0,0.0683423429727554,-1.2621940259574262,0.9051073978871146,-0.5562444590687565
HJE013.SG,Sweden,Sweden_HjelmarsRor_N.SG,5075.0,0.798313558101654,-1.293836886774051,0.8598032276072939,-0.5732605226157845
HJE014.SG,Sweden,Sweden_HjelmarsRor_N.SG,5075.0,0.1028083264827728,-1.2694905389385034,0.8190705252719228,-0.5841254094313149
HUN001.SG,Sweden,Sweden_Hunnebostrand_N.SG,5175.0,0.5543623566627502,-1.2746925893720737,0.8004648177223977,-0.5887165394401703
HUN002.SG,Sweden,Sweden_Hunnebostrand_N.SG,5218.0,0.9618268609046936,-1.3574579125612822,0.9073562506599125,-0.5974333983978222
HUN002_d.SG,Sweden,Sweden_Hunnebostrand_N.SG,5218.0,0.1115065291523933,-1.295738458189622,0.7938253199874566,-0.5643627278765001
LAN001.SG,Sweden,Sweden_Landbogarden_N.SG,4929.0,0.3123762607574463,-1.2722895654346282,0.8816165163614623,-0.5794922368300984
LAN002.SG,Sweden,Sweden_Landbogarden_N.SG,4967.0,0.1438208669424057,-1.260860428497564,0.8092883107387338,-0.5966615835743446
LAN003.SG,Sweden,Sweden_Landbogarden_N.SG,4966.0,0.1544411927461624,-1.2720193851906498,0.8777073998844628,-0.5778828703353635
LAN004.SG,Sweden,Sweden_Landbogarden_N.SG,4977.0,0.9650636315345764,-1.3819753818818892,0.9002275851479524,-0.5974206180494429
LAN004_d.SG,Sweden,Sweden_Landbogarden_N.SG,4977.0,0.3493685722351074,-1.2845606771004046,0.8466001914070564,-0.6090029982775609
LAN005.SG,Sweden,Sweden_Landbogarden_N.SG,4939.0,0.8206855654716492,-1.26397872912761,0.8533749600827686,-0.6261448758203905
LAN005_d.SG,Sweden,Sweden_Landbogarden_N.SG,4939.0,0.095994122326374,-1.2958777724792996,0.8799396425075324,-0.5912612598782904
LAN006.SG,Sweden,Sweden_Landbogarden_N.SG,4928.0,0.7389800548553467,-1.2916964328874057,0.8603562280247866,-0.5658401769607384
LAN006_d.SG,Sweden,Sweden_Landbogarden_N.SG,4928.0,0.0795766115188598,-1.311613662993339,0.8510683747862845,-0.6057925170860313
LAN007.SG,Sweden,Sweden_Landbogarden_N.SG,4950.0,0.9945669770240784,-1.3879525323292246,0.8968020699981781,-0.5808122363138976
LAN007_d.SG,Sweden,Sweden_Landbogarden_N.SG,4950.0,0.6821655631065369,-1.2719531167927338,0.8519901593666511,-0.589320203644813
LAN008.SG,Sweden,Sweden_Landbogarden_N.SG,4950.0,0.9428586959838868,-1.335252353887527,0.9012201311199635,-0.6134580378689829
LAN008_d.SG,Sweden,Sweden_Landbogarden_N.SG,4950.0,0.465900182723999,-1.291129693962306,0.867021448430577,-0.5846605192804688
LAN009.SG,Sweden,Sweden_Landbogarden_N.SG,4950.0,0.214875265955925,-1.2618111748262448,0.83201335950322,-0.5646501125728322
NAS001.SG,Sweden,Sweden_Nastegarden_Steppe2.SG,3766.0,0.1147895455360412,-1.2539211822445735,0.8856311030983309,-0.6095290643054361
NAS002.SG,Sweden,Sweden_Nastegarden_Steppe2.SG,3960.0,0.1184375211596489,-1.3039188046108465,0.854346712083608,-0.6187067990354251
NAS003.SG,Sweden,Sweden_Nastegarden_Steppe2.SG,4022.0,0.7901498079299927,-1.2557765523234496,0.882294424912977,-0.564978698851689
NAS003_d.SG,Sweden,Sweden_Nastegarden_Steppe2.SG,4022.0,0.0667803213000297,-1.2504764677376856,0.8670328229120645,-0.5677573184479772
NAS004.SG,Sweden,Sweden_Nastegarden_Steppe2.SG,3644.0,0.6413249373435974,-1.2785074388715607,0.8200067778419768,-0.589572971009522
NAS004_d.SG,Sweden,Sweden_Nastegarden_Steppe2.SG,3644.0,0.0596684701740741,-1.2744946386076024,0.7705176467159822,-0.5867532238705638
ROS003.SG,Sweden,Sweden_Rossberga_N.SG,5084.0,0.3164394795894623,-1.2957558507459919,0.8719699983960912,-0.5991346661154349
ROS003_d.SG,Sweden,Sweden_Rossberga_N.SG,5084.0,0.0569077543914318,-1.2721455250052778,0.8041873285687892,-0.5689293976910389
ROS004.SG,Sweden,Sweden_Rossberga_N.SG,4994.0,0.0658946856856346,-1.2800410856812654,0.8679249023712975,-0.6411638542204171
ROS005.SG,Sweden,Sweden_Rossberga_N.SG,4955.0,0.4919169545173645,-1.277791189541814,0.8608728673191478,-0.5947026833289306
ROS016.SG,Sweden,Sweden_Rossberga_N.SG,4915.0,0.8859655261039734,-1.3631165741756264,0.904180475983411,-0.6024869329550704
ROS016_d.SG,Sweden,Sweden_Rossberga_N.SG,4915.0,0.1093629971146583,-1.3138365980815314,0.884334922716955,-0.5819081142734814
ROS018.SG,Sweden,Sweden_Rossberga_N.SG,5148.0,0.5688707232475281,-1.2886408604048118,0.8539863466122434,-0.6052013221219468
ROS021.SG,Sweden,Sweden_Rossberga_N.SG,5156.0,0.270990639925003,-1.2995698129866906,0.8231330704162098,-0.5909273012667693
ROS023.SG,Sweden,Sweden_Rossberga_N.SG,5115.0,0.1420139074325561,-1.303830613964456,0.870949206347205,-0.5534937599615979
ROS024.SG,Sweden,Sweden_Rossberga_N.SG,5052.0,0.2024788111448288,-1.2592427586997723,0.876439294186133,-0.5841179808571979
ROS025.SG,Sweden,Sweden_Rossberga_N.SG,5131.0,0.1322127133607864,-1.297524520949251,0.8556431072057074,-0.6264395249448873
ROS026.SG,Sweden,Sweden_Rossberga_N.SG,4729.0,0.8252264857292175,-1.29185101601053,0.9036250171231767,-0.5881580208859121
ROS026_d.SG,Sweden,Sweden_Rossberga_N.SG,4729.0,0.054334383457899,-1.273521106450409,0.8652570951400578,-0.5960696816529107
ROS027.SG,Sweden,Sweden_Rossberga_N_HG.SG,4698.0,0.39449542760849,-1.2690202953732181,0.8380943878068466,-0.5695437238833206
ROS027_d.SG,Sweden,Sweden_Rossberga_N_HG.SG,4698.0,0.0702896043658256,-1.2679873839528113,0.8144430740871688,-0.6226131367393487
ROS029.SG,Sweden,Sweden_Rossberga_N.SG,5178.0,0.1628166139125824,-1.2866236687949846,0.8517691773489874,-0.5993104653371698
ROS030.SG,Sweden,Sweden_Rossberga_N.SG,4950.0,0.0684299319982528,-1.3234768158761308,0.888987317685057,-0.5790539770808019
ROS033.SG,Sweden,Sweden_Rossberga_N.SG,5135.0,0.2393202632665634,-1.2859641797698453,0.870538136296942,-0.5874058763094199
ROS038.SG,Sweden,Sweden_Rossberga_N.SG,5138.0,0.0613740496337413,-1.3010541138932035,0.8538035548015149,-0.5909724619031729
ROS039.SG,Sweden,Sweden_Rossberga_N.SG,5182.0,0.0636262521147728,-1.2805726758030138,0.8551056146890482,-0.5984684725389444
ITTQ10.SG,Italy,Italy_Tarquinia_Etruscan.SG,2746.0,0.6307321786880493,-1.0128543468692017,0.16000338338666167,0.4169682582239507
ITTQ11.SG,Italy,Italy_Tarquinia_Etruscan.SG,2837.0,0.6663903594017029,-1.0595696493273963,0.23257639889518805,0.4182070559330611
ITTQ14.SG,Italy,Italy_Tarquinia_Etruscan.SG,2930.0,0.8494573831558228,-1.044158056567526,0.20305755698660224,0.4076244508908422
ITTQ19.SG,Italy,Italy_Tarquinia_Etruscan.SG,2806.0,0.845195472240448,-1.0371679117515566,0.1816127821881533,0.37108750283254216
ITTQ8.SG,Italy,Italy_Tarquinia_Etruscan.SG,2747.0,0.7727388143539429,-1.0207896393729208,0.14004654619841791,0.3724982553670299
beethoven.SG,Germany,Germany_Beethoven.SG,123.0,0.9467207789421082,0.26326416577353146,0.1228686754991113,0.7803949345596914
APG001.AG,Germany,Germany_Hallstat_IronAge.AG,1940.0,0.2753766477108001,0.2984238440172881,0.13987762132866746,0.7939588789269517
APG002.AG,Germany,Germany_Hallstat_IronAge.AG,1935.0,0.3049570322036743,0.25949042872673234,0.11812214913121703,0.8274436741201971
APG003.AG,Germany,Germany_Hallstat_IronAge.AG,1935.0,0.3604195713996887,0.321186293428417,0.1337490236632382,0.806583845335256
HEU001.AG,Germany,Germany_Hallstat_IronAge.AG,1940.0,0.3907379806041717,0.3120098396693079,0.056177016192377964,0.7960419318335362
HEU002.AG,Germany,Germany_Hallstat_IronAge.AG,1925.0,0.2061478644609451,0.28845744673258233,0.16179604417531437,0.8247169933302113
HOC001.AG,Germany,Germany_Hallstat_IronAge.AG,1945.0,0.0825903713703155,0.2624293949933663,0.1263944356465546,0.72772583627692
HOC002.AG,Germany,Germany_Hallstat_IronAge.AG,1935.0,0.46486696600914,0.2758570917806477,0.10283190264057808,0.7219707142913501
HOC003.AG,Germany,Germany_Hallstat_IronAge.AG,1935.0,0.1921642422676086,0.2801160693274278,0.11981326565755326,0.7563174095811513
HOC004.AG,Germany,Germany_Hallstat_IronAge.AG,1935.0,0.7292964458465576,0.2705365503421243,0.1284435827354504,0.7884569097914031
HOC004_d.AG,Germany,Germany_Hallstat_IronAge.AG,1935.0,0.2171136885881424,0.2736593472300453,0.0929661623982854,0.8179710645309491
LAN001.AG,Germany,Germany_Hallstat_IronAge.AG,1850.0,0.2275961339473724,0.23564678027132063,0.1507994187068072,0.7792790405911562
LWB002.AG,Germany,Germany_Hallstat_IronAge.AG,1925.0,0.2090432196855545,0.3399417869368042,0.1351605387263941,0.8487043113603959
LWB003.AG,Germany,Germany_Hallstat_IronAge.AG,1935.0,0.7565191984176636,0.2955584150174451,0.14232675216115537,0.833363571844888
LWB003_d.AG,Germany,Germany_Hallstat_IronAge.AG,1935.0,0.0684380456805229,0.2602227688875186,0.10189733520796318,0.7738335632289588
MBG003.AG,Germany,Germany_Hallstat_IronAge.AG,1907.0,0.3391991853713989,0.25455183534110243,0.12228419485860642,0.7397790326636493
MBG004.AG,Germany,Germany_Hallstat_IronAge.AG,1907.0,0.3280711472034454,0.3229985046789366,0.1677812616680379,0.8025281482692986
MBG005.AG,Germany,Germany_Hallstat_IronAge.AG,1907.0,0.3086625933647156,0.3086221006796075,0.13695133352607117,0.7793773595399209
MBG006.AG,Germany,Germany_Hallstat_IronAge.AG,1907.0,0.1572724729776382,0.3162456282551372,0.12199491465839499,0.7575984897769406
MBG007.AG,Germany,Germany_Hallstat_IronAge.AG,1907.0,0.6965019702911377,0.26737502603224694,0.12026723782975698,0.7865227076312363
MBG007_d.AG,Germany,Germany_Hallstat_IronAge.AG,1907.0,0.1615514159202575,0.2426955004194988,0.10495362117767423,0.7670230977377879
MBG008.AG,Germany,Germany_Hallstat_IronAge.AG,1907.0,0.6019660830497742,0.2477390698585235,0.1404684979264424,0.7809366611508054
MBG008_d.AG,Germany,Germany_Hallstat_IronAge.AG,1907.0,0.1775593608617782,0.23711002911638418,0.1388478507401095,0.7767207965182895
MBG009.AG,Germany,Germany_Hallstat_IronAge.AG,1907.0,0.6979001760482788,0.3058094615651581,0.13143271692183908,0.7716231012732344
MBG009_d.AG,Germany,Germany_Hallstat_IronAge.AG,1907.0,0.1341315954923629,0.24889633232675867,0.11877045048152408,0.7440055589820581
MBG010.AG,Germany,Germany_Hallstat_IronAge.AG,1907.0,0.1684961915016174,0.3253648036826598,0.1323520998083811,0.8144315631628105
MBG013.AG,Germany,Germany_Hallstat_IronAge.AG,1907.0,0.0509224161505699,0.3106331379429099,0.08611025897919442,0.8510522896678645
MBG015.AG,Germany,Germany_Hallstat_IronAge.AG,1907.0,0.1248551309108734,0.26363374924839256,0.07897748877126472,0.8237014228715851
MBG016.AG,Germany,Germany_Hallstat_IronAge.AG,1907.0,0.3445916771888733,0.2673007902899958,0.11064178290039774,0.8149002787433034
MBG017.AG,Germany,Germany_Hallstat_IronAge.AG,1334.0,0.8095048666000366,0.2621069859421654,0.10663875590834421,0.8039181114920647
MBG017_d.AG,Germany,Germany_Hallstat_IronAge.AG,1334.0,0.145288810133934,0.2684019246314072,0.11449239419092475,0.8002062402619593
SCN001.AG,Germany,Germany_Hallstat_IronAge.AG,1925.0,0.0563002973794937,0.2807662222505099,0.12569565706822508,0.8216506765385696
