sample_id,dim1,dim2,dim3
Kou01.SG,0.5564139521422603,0.15426130287858478,0.6445303578782758
Kou03.SG,0.14606758155463792,0.024160983835133525,0.9209524509279355
cay004.SG,0.15593450200888076,-0.07071184338790723,0.5526417483321374
cay007.SG,0.20137519503090917,-0.1251908889416653,0.3882525758926566
cay008.SG,-0.12676937680001565,-0.018435681360659418,0.1888550075116471
cay011.SG,2.75495749603152,-3.1940527014971556,-1.1712454933786798
cay012.SG,2.610112718767027,-5.8903512407203795,1.758138521265572
cay013.SG,0.2895236727329119,-0.2041093535733269,0.3016920174254375
cay014.SG,-1.8110047412678787,1.1463464103616776,-4.363097142830027
cay015.SG,-2.6337738227215617,-3.740334955067515,0.8848264138633685
cay016.SG,0.031275486161749105,0.42694524652992294,1.9535920850882351
cay1820.SG,-0.8006337686346934,-3.0475886773811265,0.2637029720565054
cay022.SG,-0.6435273766489619,-2.9369733807643086,0.13192860735448306
cay027.SG,-0.5223488693902495,-1.4157571030861402,-2.368798852342848
cay033.SG,-6.666153890137454,-1.9548386078091693,1.290146908712139
AV1.AG,-0.5389259355951204,-0.07118550033382859,-1.1324406940628113
AV2.AG,-0.5342841761456428,-0.1565048190211316,-1.166697471850961
CL102.AG,-0.1694407737390574,0.7122948136649977,-0.21745162967954432
CL110.AG,3.05790090035827,-3.225254042426129,-1.0588714851859857
CL121.AG,-0.0917956935304416,-0.1304419139581834,0.10238376621593666
CL145.AG,-0.38004778132014216,0.26809855308067915,-0.01656837860812322
CL146.AG,-0.36386970523855944,0.3632254134057634,-0.05503694838611768
CL151.AG,-0.33270263537538913,0.38111410202012097,0.16200908709217784
CL23.AG,0.023240343305213608,-0.37872068931031105,0.11303738467841899
CL25.AG,-0.8068017450701364,-0.2796644387568835,0.7276191770980233
CL30.AG,-0.32074441325941416,0.17649590704967155,-0.06831486117635409
CL31.AG,-0.34166353728690146,-0.8077116751154486,-0.2940128758052736
CL36.AG,-0.2703525916490561,0.33692292590023837,0.7422862678490452
CL38.AG,-0.39797285457541437,-0.2095565186921318,0.5809088994058275
CL47.AG,-0.4556541626112835,0.20385361011289235,0.49672102787626177
CL49.AG,-0.3723466350602998,0.16745317506169505,0.48796719889986523
CL53.AG,-0.6394866237438849,0.19277002067611865,0.4705574065790717
CL57.AG,-0.4525515015012583,0.1448832557351101,0.5293767533264618
CL63.AG,-0.09295983424169298,-0.21673092992209603,-0.2520407241823742
CL83.AG,-0.20887357411091978,0.603425276185197,-0.22949340528964135
CL84.AG,-0.20675873135884898,0.6286377151255652,-0.22342906307872945
CL87.AG,-0.19671087472328314,0.6553552083806833,-0.21876060276841186
CL92.AG,-0.6451041674853144,0.3277891777315326,-0.366859784725726
CL93.AG,-0.5180495252718321,0.3778883342150737,-0.3518249955451125
CL94.AG,-0.2064255352095402,0.2706205444359525,0.4404961715575251
CL97.AG,-0.1968516260443147,0.5980298182400355,-0.24348358615143456
SZ12.AG,-0.16428686797938552,-0.023376555289599078,-0.4566567339757342
SZ13.AG,-0.04726788037003463,-0.005467533327291933,-0.5236087669333196
SZ14.AG,-0.1275942058857855,0.07872756911198228,-0.4992881826290818
SZ16.AG,-0.01462642675007463,-0.0011612702206840325,-0.6013763281616769
SZ18.AG,-0.3760014872503264,-0.3478068921136571,0.4532867844480973
SZ19.AG,-0.13386874819815164,0.17318728295792374,0.48476925124719505
SZ20.AG,1.7734486599370793,-0.6524972851041348,-2.09579601460152
SZ22.AG,-0.1175470715850796,-0.05846969883337496,-0.5459409608825406
SZ23.AG,-0.5741676189515119,0.03078455829634816,0.01115496562809204
SZ24.AG,-0.05458904598592246,-0.0893083464226752,-0.5471119976553722
SZ25.AG,-0.4858695053978226,-0.07584145662041966,-0.9150595883320435
SZ27.AG,-0.2918484711172217,0.7960435625155098,-0.0668081928676791
SZ28.AG,-0.24399661798384595,-0.2278404290868447,0.26030565753724194
SZ30.AG,0.10668936411262503,0.4595567788842372,-0.8929791984793394
SZ31.AG,-0.46843911691459506,0.2399583814272318,0.5339699833655736
SZ32.AG,0.11262079705899042,-0.19538536452881322,0.0033181659861156354
SZ35.AG,-1.8158623634887257,1.7209018280713353,0.09072861344002062
SZ37.AG,-0.3037365462165334,0.39339777088012484,0.32507154857620624
SZ38.AG,-0.42049205338201545,-0.5012843329858357,0.006166489526055132
SZ40.AG,-0.29576367896967537,-0.1236676996762015,0.24464799628382908
SZ41.AG,0.14727400188316564,0.2408427066523965,-0.3796894690360175
SZ42.AG,-0.1709378616928862,0.8049005260125017,-0.053882554588579525
SZ44.AG,1.2029889040309603,2.9150380939799017,0.42928934691493054
SZ6.AG,-0.04976387858982584,0.11131495052724912,-0.15246744271071605
SZ7.AG,-0.08108464538643324,-0.2472649407837903,-0.5141628422691468
SZ8.AG,-0.11728998100783247,-0.057211245432105394,-0.5230494248312891
SZ9.AG,0.13418826337213569,0.2983630244735868,-0.5739437351563332
SZ11.SG,-0.3401127398977573,0.22844855640063347,0.14655373982430578
SZ15.SG,-0.0014532319683530578,0.10327388855606172,-0.13865045460666942
SZ2.SG,-0.29719496346261903,0.31860234043331453,0.08333287788110809
SZ3.SG,0.015299424102558171,0.22200345838549748,0.5191748666281615
SZ4.SG,-0.31476498436530814,0.2291204658159989,0.16175682207604736
I1895.AG,0.5158689414070149,0.6561675296911611,0.47145704783388104
I1902.AG,0.7527146438902667,0.7177685460556956,0.5763618839926399
I1905.AG,1.1133075415884919,0.7699404475546219,0.5358175392884871
I1907.AG,0.7850107509299897,-0.07643352432698214,0.4140286478053804
I1594.AG,0.37783662735017637,-0.19926823821695386,-0.8613396055356682
I1763.AG,-0.40932274527403245,0.46780497936544324,-0.7520441270573899
I1767.AG,-0.33748717487100244,0.9393054207297411,-0.5747042280381358
I1770.AG,-0.48010063332293434,0.905243516395487,-0.8461707825906887
I1774.AG,-0.5886265504006539,0.5307923178897582,-0.13300122193369787
I1775.AG,-0.5897226156131873,0.4631309797495123,-0.42240259380029693
I1819.AG,-0.3860641806156154,0.3493245222444774,-0.7625360703743518
I1836.AG,1.0014639486073067,0.19767338035761037,-0.36618468335582083
I1838.AG,0.6502616406077372,-0.6908242834622701,-0.45307797870318156
I1840.AG,0.28152033362537254,-0.5550436748916385,-0.49257474908276877
I1843.AG,0.7937349547249986,-0.5596066671692083,-0.35185952734293363
I1887.AG,0.7624233605525653,0.38025246352129044,0.26117198939436653
I1889.AG,0.5268772455980386,0.33660471620810184,0.8125717810762799
I1890.AG,0.6025848199976177,0.3894716133102153,0.4399934694443178
I1891.AG,0.6085554707295444,0.7119339777796779,0.8927495994527346
I1894.AG,-0.7093284460810128,-2.9863905814962455,0.18793857393238492
I1896.AG,0.7055212338819281,0.11232690952651965,0.7551642320228648
I1899.AG,0.5320798055238886,0.665217487428882,0.6793812697247007
I1900.AG,1.18744847993861,0.5571637715886503,0.5636060958420966
I1901.AG,0.41989091692076946,0.08826294477887643,0.8572930040391876
I1903.AG,0.8002018276904709,0.1336429227294357,0.4079163783811633
I1906.AG,0.8374584852024812,0.4089590614338739,0.5821028267049417
I1908.AG,0.4295039895183903,0.20613868128902998,0.6818409661874372
I1909.AG,1.024657320095032,0.5462112262261534,0.8361962830974509
I1934.AG,-6.0913021945338395,-2.406351856532469,0.16564294134699162
I1972.AG,0.9146898083649667,-0.4069811966619709,0.13825781646740182
I1975.AG,0.6229002628019886,-0.6280727058812429,-0.2292127233555447
I0166.AG,0.19253479159129064,0.5187956388292332,0.39419555706573073
I2014.AG,-1.1596043861898762,1.9792718448034654,-4.894809056394911
I2020.AG,0.2994791502520714,0.8981938287920034,0.31013629125869624
I2022.AG,-1.4357444944791846,1.1717357884717678,-3.921997378073096
I2177.AG,-4.165463633895843,-1.048065842513915,3.7742849055186363
I2403.AG,1.2275926242915332,0.04053623348772494,-0.3306184086700735
I2417.AG,-0.2686855726783913,0.44345735181055607,-0.559071484739399
I2428.AG,0.06287123376694558,0.8448527461183901,0.5805042479049363
I2458.AG,-0.6796123498673503,0.3565698445912281,-1.0459711636419342
I2461.AG,-0.7833290105274778,0.1820172626142874,-0.7353649981684145
I2462.AG,0.08072588018175475,-0.17210726960992864,-0.2707903114462835
I2464.AG,-0.632640526181964,0.8547028603538988,-0.3362285236714715
I2470.AG,0.6156316392183744,-0.002865786182895748,-0.6369022732601056
I2477.AG,0.588697409593734,0.13058539663969834,-0.05174830307422284
I2509.AG,0.4916371481995679,0.8158397099305857,0.21530456562595368
I2510.AG,0.6769441247982244,0.06239309235800084,0.13303465044384197
I2519.AG,0.3710837562459867,0.11629661379452474,0.8584777963682216
I2520.AG,0.6105623411428676,0.6970339459912068,-0.07837045395980195
I2525.AG,-1.2973583855406152,-0.9599656765002881,-0.24481594584856975
I2530.AG,-0.6162548763932956,0.04509570095013514,-0.5387918914219121
I2532.AG,0.6344876272084181,0.5551690363280083,0.3960311585440971
I2533.AG,0.5074537198733822,0.10054486983866313,0.6750152024372686
I2534.AG,0.17634944562695182,0.2278986023672509,-0.8046883398669574
I2566.AG,-0.2771321964746275,0.5336894851732016,-0.4115104475601398
I2567.AG,-0.30657729733101724,0.6273428750655384,-0.5838813874273305
I2568.AG,0.11576417026945679,0.23473906040028966,-0.757800852479774
I2569.AG,2.18328400571947,-3.10014130564414,-1.3744514084591861
I2573.AG,-0.9456923401857839,0.40037212092477653,-0.6203165150496215
I2575.AG,4.2112073619454735,-4.286900865614872,-0.8155551703415895
I2596.AG,-0.7526061417538458,0.4655440718570551,-0.37898403581979584
I2600.AG,-0.4946072154508078,0.5641553216071759,-0.42006441074800993
I2601.AG,-0.478264133263754,0.1858387741784456,0.30073877819230177
I2602.AG,-0.2691748490431929,-0.03133181426698752,-0.4183301146729764
I2605.AG,0.7497547692481265,0.012443138751970452,-0.2500703448770523
I2609.AG,-0.4855687319390811,0.8153224458004936,-0.5028001323204925
I2610.AG,-0.4450387763007032,0.5166953188332468,-0.8586442867285329
I2612.AG,-0.7454555006957163,0.03552027885066695,-0.31052380940884555
I2618.AG,-0.36716417903924886,0.42192213590176764,-0.4512414857684942
I2629.AG,-1.3559375601646058,-0.17339681171268423,-2.9774748093296277
I2630.AG,0.7096658970253034,-0.05020695712336881,-0.36045404485585597
I2631.AG,0.9017004067638015,0.07795963260907912,-0.41676341909269293
I2633.AG,0.7858871147872953,0.04464631968692379,-0.5995515908158474
I2635.AG,0.6444873845379846,0.114527467506245,-0.34494773155834635
I2637.AG,0.7124839349994553,0.0025063836800700836,-0.3856871780397085
I2639.AG,-0.1556401630670617,0.16927455660734955,-0.14955797055497713
I2650.AG,0.8137084933179775,-0.0697420202675994,-0.4056162887511187
I2651.AG,0.9942738609792302,-0.0322257023951163,-0.1443328676724472
I2653.AG,-0.5170179865195765,0.35869305427758635,-0.08495383922167127
I2654.AG,-0.4158558853805587,0.9856714766335659,-0.35078421150611155
I2655.AG,-0.04483822424857588,0.585392399329973,-0.5098423224101226
I2659.AG,1.2075663724148873,-0.16405111396652752,-0.5095812396893932
I2660.AG,0.8476914339157074,0.01464835483787958,-0.466850061793977
I2691.AG,0.8341169135001382,-0.21785665291738324,-0.6249478328465918
I2692.AG,-0.2515599734551683,0.35478925901374414,-0.6136176578959999
I2693.AG,-0.6020594937843305,0.4724404237060127,-0.614299500060124
I2694.AG,-0.4153542607601804,0.7225855572430397,-0.5059626408010618
I2695.AG,-0.5273200300886078,0.6691087235007743,-0.2247107956203309
I2696.AG,-0.517763967152074,0.6393074808972457,-0.5825109751592161
I2739.AG,0.5708700435246545,-0.03708712027036674,0.7498941761944813
I2741.AG,0.6001392553994808,0.10887295926513334,-0.09658135929083089
I2743.AG,0.4391448428442464,0.06442273185194618,0.2445212515834437
I2744.AG,0.6447468443695408,0.34991025117609315,0.5023203341404375
I2745.AG,0.755686341187499,0.1819507401427814,0.741044579401071
I2746.AG,0.5873895516888429,-0.14891192920521884,0.5531338357585242
I2752.AG,0.7247630244761061,0.37803659082992364,0.2254656775737445
I2753.AG,0.809675591597539,-0.04977981607794073,0.10382746310164545
I2754.AG,0.4604564739413891,0.0452354709052612,0.1932026650090247
I2755.AG,0.021883359790920192,0.2271945345946929,2.0962909447132994
I2763.AG,1.3632824335454568,-2.542564162215693,-3.1861084881842374
I2783.AG,0.5489021963657208,0.36664456701443265,0.037123124683356316
I2785.AG,0.9833490801563902,0.6203650062858926,0.4101883027701917
I2787.AG,-0.5667259773584797,0.36980261993250807,-0.30522225589480045
I2788.AG,0.9597236235751273,0.5512831247195856,0.6779322857167194
I2789.AG,0.44975175287522645,0.23077832979747315,0.04535763321309994
I2790.AG,0.4930909426069231,0.533197215145381,0.37740186407342596
I2791.AG,0.3675085505952428,0.4107305110314172,-0.03013166170782899
I2793.AG,0.2206051205280489,0.4869372275615448,0.36000266474340525
I2796.AG,0.2827181485542429,0.8652258445437909,5.360022078000613
I2799.AG,-0.47854739591346074,0.24373989680958696,-0.6844073861191285
I2859.AG,-0.37956524091096944,0.2591727230555054,-0.5411173160977147
I2860.AG,-0.7310552676656782,0.1857710626438811,-0.4799150242676093
I2861.AG,-0.44756399787211903,0.7262801613155183,-0.5781052710830885
I2932.AG,0.7354174781760715,0.08585175481477643,-0.3171372234559828
I2933.AG,1.047704374622779,0.10358484278704536,-0.4625672363719764
I2934.AG,0.6870798839444585,-0.08037002145759031,-0.41310891868677607
I2935.AG,0.8721821371467421,0.07338686481341325,-0.3593482133148823
I2977.AG,1.224735557584634,-0.09333681247613793,-0.38967715443412876
I2978.AG,0.6596029453605625,-0.025529612306434822,-0.3172850563993685
I2979.AG,0.8499531021725676,-0.010843014421431879,-0.2571996146786538
I2980.AG,0.7054803501862956,0.014193357620947221,-0.25288088823028027
I2981.AG,-0.4467911228702397,0.49223117079285084,-0.7347810348914762
I2982.AG,-0.6538366018256803,0.2763195319131711,-0.5246360533162592
I2983.AG,-0.5605673964161915,0.2063978022568686,-0.5088641981518067
I2988.AG,0.8891113270497084,-0.4286471526347638,-0.2578978386533754
I3005.AG,0.7827787067138925,-0.01269819050723073,-0.29664068205721056
I3011.AG,-0.10172403816058836,-0.14479192372521169,-0.051017510047279724
I3014.AG,-0.2240064001325246,0.378784358696172,0.18519910184149535
I3019.AG,-0.6165511242637108,0.38148820668080435,5.142633424624569
I3025.AG,0.5896876895981684,-0.12723910472538003,-0.669101600731524
I3033.AG,0.9170295273932271,0.045803325918952094,-0.08467468641927156
I3035.AG,-0.700364404325406,0.67591798936346,-0.8587889080662382
I3037.AG,-0.2278484267055555,0.7500676816175829,-0.36891413327350076
I3039.AG,0.8958205062134896,-0.031041645449595208,-0.23393217291848648
I3040.AG,0.9480267691049584,-0.13624872883614225,-0.3136359776731945
I3041.AG,0.9263103070799916,-0.050327454017478034,-0.6320426496606223
I3044.AG,0.03868310075436923,0.38773951926029754,-0.2503046012785883
I3045.AG,1.066926109671617,1.4006986841310567,5.5234832093336355
I3056.AG,0.09854689626039788,0.01825293418768861,-0.14359413830333556
I3065.AG,-1.1103872334888822,-3.262196766316619,0.4982606252285606
I3068.AG,1.2564398717529324,-0.22787877194620748,-0.36084090473406627
I3083.AG,-0.524509014549565,0.6458234185460481,-0.4234349125657595
I3085.AG,0.9094038042310233,0.02652852491700361,-0.4547325718909651
I3130.AG,-0.3329587637114287,-0.16226447492800153,-0.29895208816222235
I3132.AG,-0.8074884490073998,0.5314852029445314,0.05417562120174465
I3133.AG,1.150996679073611,-0.2645623367071765,-0.2621889337168938
I3134.AG,0.8406477548338777,-0.0500301096180254,-0.45536955761704134
I3135.AG,0.7398571352860233,-0.09870317020772328,-0.6108970020313537
I3136.AG,1.2503222513238474,-0.11541342064104482,-0.4119797033882044
I3137.AG,1.1737193514929405,-0.39238718455557986,-0.6124936763478891
I3138.AG,0.8075739787182491,0.028830010675740345,-0.5760794532575739
I3139.AG,0.7367698097998288,-0.37618568075881037,-0.7057479308317026
I3151.AG,-5.857096106480318,-1.645962091533888,2.8032961274727177
I3255.AG,-0.3841966075888359,0.8269296736097566,-0.7431381293409547
I3256.AG,-0.4269874410994067,0.5808682473356722,-0.7979222518367025
I3269.AG,0.789351897635443,-0.5140067893636753,-0.5393154684630225
I3270.AG,0.7369405333830851,-0.48632670376056203,-0.5971477658196349
I3271.AG,0.9346628145409289,-0.5103937819531452,-0.41130041760276953
I3272.AG,1.1019981546386715,-0.37544677056884873,-0.6564267300755035
I3273.AG,0.6520892805755806,-0.6028932371976711,-0.7894529733112478
I3303.AG,-0.3020448931696689,-0.16966304373905788,-0.08548116181990048
I3308.AG,-0.8000404671374491,-0.29772773453454776,-0.30323570864169
I3309.AG,-1.6187613909842484,-2.4364916668984455,-2.3271472039668666
I3311.AG,-0.24329984377742844,0.08758955745494325,0.053192432988467236
I3313.AG,0.10878445585367533,0.8764300060350656,0.3280832349963881
I3322.AG,0.20503666819604335,-0.4978709100779842,-0.5601530525592561
I3324.AG,0.11629483639529209,-0.3956884065466539,-0.37053647022026204
I3432.AG,0.8060029669810452,-0.6349361863256078,-0.3215965003543721
I3433.AG,0.7345431869597214,0.2715075897390547,0.3381765818238475
I3485.AG,0.6593447797787519,-0.4438041767726682,-0.11756633821458294
I3486.AG,-0.25303868266671603,0.16041015304237016,2.0090344323777574
I3487.AG,0.9766792910210891,-0.081977243953714,-0.14620567436020035
I3488.AG,0.5906186890872246,-0.5714701814519986,0.4242342235307515
I3490.AG,0.5876177304792826,-0.2837973632543908,-0.5576959837006561
I3491.AG,0.2815406435782161,-0.4645520299560133,-0.5151957660335234
I3493.AG,0.8338038301638626,-0.07210219705165025,-0.4537644976189412
I3494.AG,1.073930981407357,-0.7741869626256715,0.034766201849604945
I3496.AG,-0.02417756312888063,-0.3183863177027323,-0.1347520913713541
I3498.AG,0.5907865524234482,0.4888713312788473,0.40697454803338684
I3499.AG,-0.10362695928782392,0.7075586827236997,-0.10446546095803674
I3528.AG,0.3082470293558488,0.28301622654708575,-0.8616476117674835
I3529.AG,-1.1265512449484913,0.22099273969913572,-0.4837439309775525
I3535.AG,0.7616955704661724,0.5318873084399711,0.3150008483886705
I3536.AG,-2.9331480690441727,-2.2941989688500826,-1.6949227061545271
I3537.AG,0.7444797151342059,0.31406541022953166,0.4936969894394767
I3566.AG,-0.934478406535636,-0.04641155762773456,-0.5800339458356968
I3567.AG,-0.11931819968528913,0.6190858954234927,-0.5535890993514507
I3568.AG,-0.4990488235771933,0.38926356278729496,-0.8919616039991063
I3574.AG,-0.19622236447066616,-0.5663888699405425,0.04306952346216928
I3575.AG,-0.0488206182599854,-0.4270550719508811,0.07493916751992043
I3576.AG,0.13555376110399917,-0.4042276897105864,-0.20670456733964182
I3577.AG,-0.1550455990027374,-0.17869846421879865,-0.14933135073343717
I3578.AG,-0.2091153403880847,-0.39675051724880156,-0.11355072249613761
I3579.AG,-0.2738757229152872,-0.7137818183230253,0.04957086325189734
I3581.AG,-0.11290700566159094,-0.40884759303813495,-0.021344826608580204
I3582.AG,-0.0170100381449493,-0.4544004529494985,0.00177668661808173
I3583.AG,0.085575033538535,-0.650155440112408,-0.13588444425382093
I3585.AG,-0.01940882487177435,-0.3926831355299564,-0.2683488404231217
I3587.AG,-0.6985968489289247,1.5637270318446,-0.22150054021866228
I3588.AG,-0.41637864307728906,0.5346827637596157,-0.22068096920381228
I3589.AG,-0.5816159576753372,0.2444741656910802,-0.031775518234108825
I3590.AG,-0.1901745610219268,0.5378301599720655,-0.2648104972280452
I3592.AG,-2.3775332480356965,0.12020645179191518,-3.5740157831228903
I3594.AG,0.35083417746436957,0.3540937193566802,-0.2504977092498538
I3597.AG,0.04508731096022865,0.2773150196343102,-0.279859062269745
I3600.AG,-0.05472121167106953,0.6640702037268328,-0.6792384506705366
I3601.AG,-0.669407472934885,0.44126458212598124,-0.3582575180556881
I3604.AG,-1.318242999311389,-2.472325497772807,-2.4495661316442408
I3607.AG,1.7493053115972226,0.3564752953506505,-2.0785902304038264
I3642.AG,0.3271071244854161,-0.06030570668718988,0.252947065214573
I3712.AG,-0.006366120583309409,0.5628417826207998,-0.9886801223026788
I3713.AG,-0.2662362182646333,-0.04874274686814563,-0.7741083743976915
I3714.AG,-0.3314126859035185,0.4531153422823908,-0.828922609332224
I3715.AG,-0.029807087719986792,0.446921126368275,-0.995491793534715
I3716.AG,-0.17919435901318587,0.2874080765600064,-0.9254919277206684
I3717.AG,-0.16512059663879428,0.4485205382408473,-0.9145020683775619
I3719.AG,0.13520214787954465,0.7630618903126145,0.34387986341073534
I3741.AG,0.23914152218778947,-0.47534797153538727,0.3196154610645021
I3743.AG,0.40778092760965023,-0.5284678152833957,0.015120256466064035
I3756.AG,0.9465879844666605,-0.42021529491947185,-0.500954599727767
I3759.AG,0.10623876513332439,-0.32271766675638736,-0.5757551337352675
I3775.AG,0.30363299478486205,0.4957811374372759,0.05185853359431011
I3776.AG,-6.3380483639099205,-2.3136973171125743,0.4715885258566551
I3777.AG,0.20120006486921066,0.01997547380785423,-0.019604525082523142
I3778.AG,5.783091730661349,-2.296627629670154,-2.848991777496244
I3808.AG,-0.1388737483925051,-0.4945164918153741,-0.12433337832763902
I3810.AG,-0.06643744001035332,-0.4821491670473877,-0.0497452206634355
I3866.AG,-0.02474912267385562,-0.043415258187977555,-0.1626936936803283
I3874.AG,-0.6970006278803956,-0.18101256030693402,-0.6736909659010905
I3875.AG,-0.2327065298820541,0.6877142317547974,-1.0201213644456857
I3876.AG,-0.023903912086385294,-0.02729720095344695,0.35568601927159355
I3879.AG,0.41110983822398467,0.4367253083446617,0.8118602832822299
I3947.AG,0.7677012861321021,0.4983645513230773,0.6012563547297152
I3948.AG,0.408310268878237,-0.053140984229808716,0.7483230923481482
I3965.AG,-0.3041554210820205,0.18274967166506242,0.23386067923644072
I3966.AG,-0.3467856630556532,-0.08678180750067939,0.4240866814293937
I3980.AG,0.16686273971233676,-0.6194680410618975,0.1321511091956463
I4054.AG,0.02652192438329818,-0.5778091727266937,0.0893009375336722
I4067.AG,3.674703962515227,-2.2683290420011306,-3.232989065051804
I4068.AG,-0.5816670068663917,0.16909727180011647,-0.5843505673634959
I4069.AG,-0.42288143355746005,0.19444059573502678,-1.1539909491704359
I4070.AG,0.15869912544501255,0.6004812492951346,-0.21136542505739367
I4071.AG,0.02906234262857256,0.624317589590845,-0.7728826311430262
I4073.AG,-0.8044085773873367,0.22512123253015057,-0.6809110594126843
I4075.AG,-0.7715003697523731,0.43314029905259793,-0.6531078278756727
I4076.AG,-0.30900172199004794,0.9806606500163353,-0.5521120167187482
I4088.AG,0.4345001152388528,1.0377522264248489,0.3245487475945486
I4089.AG,0.6085025362254481,0.6607127169946302,0.5253794484298375
I4109.AG,0.3174845475342917,0.2838873645353344,0.6181521762815276
I4110.AG,-0.08172358238012463,0.6765173001968859,-0.8284639170514364
I4111.AG,-0.14926651310771938,0.5490483222018724,-0.9177599733937105
I4112.AG,0.11500117425581301,0.2000483892786015,-0.9658340479215229
I4114.AG,-0.05079566255343636,0.2908274648557522,-0.9179361753518057
I4167.AG,0.6438410987228386,0.22655503684727904,1.1139768056236952
I4168.AG,0.6085514937288794,0.09371893095789183,0.9541788057374947
I4175.AG,-0.9423821621816403,0.40433816167751685,-0.8437041970347521
I4178.AG,-0.43724587789111485,0.0764335120325721,-0.8619169754231608
I4181.AG,1.7736692410436243,-0.6462096359194267,-2.096899817997632
I4183.AG,1.7659213493442942,-0.6615056306438178,-2.091757248822511
I4184.AG,0.6805566294684117,0.5685604091214143,0.18380006487351064
I4185.AG,0.6271895870561498,1.0670442029130003,5.4345123785849925
I4186.AG,0.22716874353167474,0.583080942553886,0.5395643872781475
I4187.AG,-0.13982236917291824,0.11967148356210909,2.047407269619975
I4188.AG,0.6440917650457644,0.5331465715698323,0.23700636206715342
I4189.AG,1.174701963161338,0.5209520187468004,0.7567192181326984
I4196.AG,0.7551240561802336,0.008893318304233584,0.6662973205327096
I4199.AG,1.038426341253014,0.4064154497107768,0.5723202805679501
I4247.AG,0.3824912373125992,-0.2841775872133258,-0.24053468618811022
I4251.AG,-0.8415902675506919,0.15474204876458508,-0.750441709905298
I4252.AG,0.1468424372160833,-2.6145142591109445,-2.9589369310244082
I4253.AG,-0.911143546759626,0.8507583566754766,-0.13737694596802738
I4303.AG,0.6647063785789196,-0.34003987745441777,-0.24657766312340082
I4331.AG,-0.16539777029989852,0.7337357130511654,0.06820045308841798
I4332.AG,-0.20041606328068923,0.6313933590558454,0.43786425652165195
I4432.AG,0.30588066946157966,-0.12072591001955049,-0.7666357004997966
I4434.AG,0.23986748751121495,-0.0999848157633628,-0.7690396504511268
I4435.AG,-0.532295221283508,0.2664759210264717,-0.44726642799824223
I4436.AG,-0.3737015529262234,0.4980776885481818,-0.8634447342657583
I4437.AG,0.2398659440133005,-0.1711631085316278,-0.7533524625872062
I4438.AG,0.19345256194979915,-0.04984749842814922,-0.7623190891348084
I4439.AG,0.24029931754378872,-0.07321143860693968,-0.7475535764588375
I4440.AG,0.23609665151848827,-0.13940142261390628,-0.7977223513672553
I4441.AG,0.2208408362630321,-0.10136873228173832,-0.758948323582079
I4517.AG,-0.5836371730896432,0.04629640031469518,0.369266046141185
I4930.AG,0.28105367310316925,0.5558417494944166,1.785968259908647
I4933.AG,1.333546225024838,2.8610548808194056,0.7305551454717041
I5207.AG,0.6458416525626098,0.18232598212752854,0.6366493124708494
I5208.AG,0.5931660022416072,0.4277727962926617,0.2978953796435574
I5228.AG,-5.096186369193936,-1.4192760839869323,3.3287093016159366
I5249.AG,0.9643359196677095,1.3147598167104446,5.5033280391318105
I5358.AG,1.0077868152777014,-0.0483365057116084,-0.3834203800046766
I5359.AG,1.0880428775821713,-0.00102007026454622,-0.505817161119483
I5364.AG,6.090768505412582,-2.477011773066568,-2.6734107470093127
I5365.AG,-0.6776573886337508,0.5488380513608374,0.4500089482819746
I5366.AG,1.0846902684137478,-0.055956721111724686,-0.4877099557581714
I5367.AG,-0.4671927420112156,0.07112889392603837,-0.8854581731018146
I5370.AG,0.6324491447737686,0.03610746147734546,-0.3895530489245175
I5371.AG,0.9969313585948818,-0.20718409953490127,-0.6450711136199324
I5372_d.AG,0.6551156747991653,-1.820398603136911,-1.5000983151032508
I5373.AG,-0.6076160760427306,0.7478850009819029,-0.6467403997926916
I5374.AG,1.7654650558642146,1.8717120399228682,5.638662579579218
I5376.AG,-0.9729363006034775,0.49934027019348637,-0.5488500401020722
I5379.AG,-1.0005995181673009,0.42446473639562626,-0.5036621573723198
I5382.AG,-0.6340182076620213,0.5186591859267692,-0.42432658250726163
I5385.AG,-0.1632402857712407,0.8146524203621731,-0.5840493713668885
I5387.AG,1.1162259809402781,-0.3509129355497222,-0.4382265394765294
I5401.AG,0.28931728040322124,0.1723503575767998,-0.6653119312729087
I5402.AG,0.18561611648555867,0.1523515233402841,-0.6697250263823273
I5405.AG,0.5158968318081268,0.8260728706078015,0.5104259319002272
I5407.AG,0.29902992457431016,0.11595346937982456,-0.7776089331896846
I5408.AG,0.2542696709055758,0.24236778354695804,-0.7433239400010071
I5409.AG,0.23372569932338524,0.1874010897335195,-0.7234719423237643
I5411.AG,0.20599984337083116,0.23146213058622608,-0.7392263153285473
I5427.AG,0.5386779063996795,0.13722949396682163,0.7578577730409215
I5428.AG,1.1920774839708224,-0.15328424845844443,-0.03196724622169905
I5429.AG,0.8589921568237744,-0.3494137370545741,-0.07024651109820212
I5436.AG,0.2163760922913949,0.24594720141249388,-0.7094857472399113
I5440.AG,-0.04170714332198861,0.3351664738281253,-0.9344182153951859
I5441.AG,-0.7803815479473434,0.38606502889875105,-0.3732749104885107
I5469.AG,-0.8258136595485558,2.5340391775080513,-0.1261038146273566
I5470.AG,0.3430952313872014,1.2506053678001703,-1.1018071517887027
I5471.AG,-0.193876504205126,0.024672430329079273,-0.7813230060017945
I5473.AG,-0.17970028029767227,1.4085966627954774,-0.668759599318061
I5656.AG,0.3653319409461055,2.879910629042177,-0.17322942893780108
I5658.AG,-0.8967761894953891,0.16769736126926021,-0.45555791663612777
I5659.AG,-0.250049284322123,-0.12276996925315779,-1.0391502866477818
I5665.AG,1.1545342395126046,0.14524091069378858,0.03832073604304905
I5666.AG,-0.824558287245541,-0.15799150868032588,-0.673673791775182
I5686.AG,-0.11688191316734127,0.24105653174043928,-0.08917486703169411
I5691.AG,0.052306460228376865,0.15699085639948693,0.18427346226647862
I5692.AG,-0.07890897372285466,-0.2505376580894043,0.15499328915564334
I5693.AG,0.2278825293776982,0.4000901817188406,-0.2714634462912446
I5957.AG,-0.07995948549210043,0.35578864713514285,-0.6542664234152465
I6133.AG,1.9405310705865177,2.026868739854449,5.676277092574499
I6181.AG,0.36717840435388505,0.6773021124630596,1.0080937232700866
I6184.AG,-0.9119419615252868,-0.1889304947398936,-0.6681698752080156
I6185.AG,-0.9500557156391615,0.2551234905303959,-0.23830625256183907
I6186.AG,-0.6956880896969797,0.5342075582501216,-0.4172747189582114
I6466.AG,0.3592227446387742,2.881460507999305,-0.17464306687932396
I6467.AG,1.4140447502469515,-1.121265017392411,-1.9042307204780673
I6468.AG,-0.6151690414717325,-0.5398201794967129,0.2079767521153252
I6470.AG,0.5198330972707172,-0.11016171516823667,-0.5461674688044605
I6471.AG,-0.6987409380266452,0.28830819172413386,5.112343724935204
I6475.AG,0.4094509628713076,-0.05452148859338178,0.19081647792753317
I6476.AG,4.347763967912731,-4.543609415201442,0.7609523219854536
I6480.AG,-0.8298082064384512,0.43168778205186165,-0.779387503013089
I6481.AG,-1.6661756574641955,2.0783945088983846,0.03605080667900663
I6482.AG,-2.393249236276007,-0.5415597528711075,-2.9747182289356764
I6531.AG,-0.646484934204023,0.6373024599453524,-0.8683951303295636
I6534.AG,-0.539774029051879,0.62049713717497,0.10568325152080192
I6535.AG,0.7610541609541037,2.9346012440679337,-0.02524374208671093
I6537.AG,-0.6365318261501072,0.2580473842416008,-0.10924917021306212
I6538.AG,0.8136296764417449,-6.305882924774215,1.9878140567237153
I6539.AG,0.17189918914453634,-0.2308666172436898,-0.318739329469582
I6542.AG,0.6818829715158813,-0.6064717531944042,-0.35074411538961575
I6543.AG,0.4484343675832204,-0.4766362970298229,0.13691610817409594
I6579.AG,-0.36650742205913095,-0.10720993221739462,-1.0099673741086168
I6580.AG,-0.359809665101768,0.8706243300124581,-0.6547575112084374
I6581.AG,0.23894731938091945,0.8452275051016283,-0.5854975406928338
I6582.AG,0.05324828324980201,0.5856942396099946,-0.6043132930040004
I6583.AG,-0.7601394721634053,-0.004930976656733293,-0.3992754510425852
I6584.AG,0.5699993111710092,-0.17114001997311531,-0.19613558946019294
I6585.AG,1.6951861658762515,0.4173097832965,-2.047272949414184
I6587.AG,0.923894419212194,-0.16444813226035151,-0.27706855634316235
I6588.AG,0.2064615554888481,0.030975705006599248,-0.6568752659287803
I6589.AG,-0.1988627584126102,2.746338312724707,-0.19639880248633382
I6590.AG,-0.3649060281674257,0.7049880073414873,-0.533491271762233
I6591.AG,-0.29056637060006896,0.7947952553588864,-0.41976522524975923
I6596.AG,0.43379515102305827,1.0001401323449273,5.399614614259004
I6601.AG,0.5969832722728164,-0.6653496288822144,-0.061594321607687
I6604.AG,0.5800133626590392,-0.5426899433592361,0.01241289970957235
I6605.AG,-0.836875520370489,-2.8107824699628012,-0.6413365122957004
I6608.AG,1.2711075611219542,-0.6497805236960338,-0.04594152456470047
I6610.AG,-1.6768554611763993,2.0575830475124235,0.041203090552801365
I6612.AG,0.7751094169907128,-0.13437658485300558,0.5225731810033256
I6613.AG,0.8089061432045913,-1.6914190284313961,-1.5846693305873176
I6617.AG,1.048107448824223,-0.35766329955508297,-0.2892957040050756
I6618.AG,0.6198610255063277,-0.5838147151276647,-0.6439152679960786
I6623.AG,0.051618911186365635,0.11218798456732536,-0.5944998926343223
I6624.AG,-0.19433768341412158,0.7668114678444652,-0.48293470647693465
I6626.AG,-0.19650211646895996,2.7433706801634603,-0.19573327396291532
I6628.AG,1.1068337847413356,-0.532193615530163,0.5338199848859932
I6629.AG,-4.516531217044912,-1.2184185782676005,3.604909596573501
I6630.AG,1.0264951547314372,-0.4319700702430037,-0.1626356605704972
I8140_d.AG,-0.09403635207648592,0.20915737473778853,2.1537919112870965
I3321.AG,0.24288170029469902,-0.23722489278897174,-0.6023826001838005
I7427.AG,-0.05356102873227833,-0.5443087056290387,0.07550027460349604
I0018.AG,0.3893737312262157,0.689016295104482,0.8798981240319246
I0025.AG,0.7387279335327813,0.064902618187989,0.6048455376365967
I0046.AG,0.8707256096482398,0.24652865111110622,0.7040179965073782
I0048.AG,0.6465554329223433,0.4473413523028215,0.09798793782673036
I0054.AG,1.0601978076885068,0.6097033215868544,0.5978228907489688
I0056.AG,0.4275491052095261,0.18535932613157527,0.7980581276515228
I0057.AG,0.9156604223843638,0.23925628387701464,0.809067564478594
I0070.AG,-0.0005854165835212493,0.41480524345501507,0.9627505533513091
I0071.AG,0.007738662035623001,0.34613895910153386,1.0372828387875055
I0073.AG,-0.029933586124507482,0.47355947290288386,1.0086125638967967
I0074.AG,-0.11304077902646878,0.7203381651607528,0.9529650615639184
I0100.AG,0.9553678701603266,0.5943720472373513,0.5663268837495098
I0103.AG,-0.7295832342198173,0.5322568890940117,-0.39381803613412536
I0104.AG,-0.811640927064435,0.32117129568476893,-0.23570705410202958
I0116.AG,-0.6285612696683827,0.06719632147660977,-0.7474327504639039
I0118.AG,-0.6984485633176868,0.5747526209711482,-0.34669724320622414
I0406.AG,1.0004093508943477,-0.5660846047523995,-0.20419715296637433
I0408.AG,0.7038677988846456,-0.42713000258881795,-0.21534800128881748
I0410.AG,0.970385415858868,-0.3978559265774389,0.05760250736306739
I0412.AG,0.8762966998260382,-0.4830493996592569,0.15564167416650335
I0413.AG,0.9452975848074657,-0.3989573361594844,-0.03529763860983034
I0518.AG,-0.08320817874839287,0.30206801198406624,2.0962668605807044
I0519.AG,1.2288575165181541,0.14262930965029552,-0.4074941032241951
I0520.AG,0.49805050070389867,-0.6133205617464217,-1.76042596901485
I0525.AG,-0.3024436859396806,0.18577776736082197,0.13429273279830484
I0527.AG,0.0019704828036772775,0.2722329768716148,1.8504386698933835
I0581.AG,0.6852024395077868,-0.5750153636721596,-0.22025841072654181
I0659.AG,0.4170380104646003,0.5315404080648085,0.6707997785506933
I0698.AG,0.6128422557402906,0.3832791254625209,0.17598690376739332
I0700.AG,0.29616194418068226,0.4010209339921879,-0.6668554808834042
I0704.AG,0.6717669700718328,0.3183276089646623,0.8294834947193302
I0704_enhanced.AG,0.6479255562475791,0.32576807108100075,0.8945358778732097
I0706.AG,0.7008637465471129,0.36126357518325536,-0.01744934804020512
I0723_enhanced.AG,0.21872744165251623,0.33182965476652937,0.4660284313180086
I0724_enhanced.AG,0.37504409370440217,0.9292230839876096,0.6597028040775255
I0727_enhanced.AG,0.5930348299638177,0.36509771314186606,0.2217932877040393
I0821.AG,0.37429180483057684,0.12974851908765084,0.7355119159068196
I0839.AG,0.98222051420306,0.1875391107919765,-0.048384093609032494
I0854_enhanced.AG,0.6741702435881897,0.4960684960782639,0.6760472615889814
I0861.AG,-0.06649055254209427,-0.21050448488003007,-0.07054586097389047
I10045.AG,0.4043215587910189,0.4522250876433972,0.27101266633058385
I10046.AG,0.4924041675761138,0.24346451859707144,0.36158581401291195
I10047.AG,0.8015363835201217,0.3782439998617596,0.8234550121711054
I10048.AG,0.5488738519830263,0.4110171166321051,0.23736023049832858
I10049.AG,0.13400257379496494,0.200251538905706,0.12868483100291392
I10050.AG,0.4841245772109847,0.7529069495040869,0.35565421760602894
I10052.AG,0.21310015700621618,0.299882922388267,0.6226449883651273
I10053.AG,0.26182586117387086,0.34179340130677854,0.41254552330795174
I10054.AG,0.7348261163402298,0.4476978196140979,0.1017606641604471
I10055.AG,0.524965068811614,0.05519807046858205,0.5024693355140083
I10056.AG,0.42918395115062546,0.4799638828570315,0.18893179102787752
I10057.AG,0.8097301918468774,-0.10714882454343448,0.5466812126731069
I10058.AG,0.3916641968478134,0.1478270986059732,0.7972386700888227
I10061.AG,0.40366299058445554,0.5414134984362085,0.45136755979743476
I10062.AG,0.6551301618402462,0.45891315142767747,0.28904943343991213
I10063.AG,0.4112574431930952,0.416203647728318,0.2825027085480554
I10064.AG,0.607245297944921,0.6921593259953545,0.18502547747733294
I10065.AG,0.6519405572813035,0.4455401466149211,0.0893194853753267
I10067.AG,0.00430259475129172,-1.9723291222526975,-2.1265734751674747
I10068.AG,0.6503610870479204,0.49944279293603216,0.1283202376571501
I10069.AG,0.32039563293666834,0.5407848353651505,0.7797680662292593
I10070.AG,0.5920593637193942,0.5262728563101341,0.2265847327079143
I10071.AG,0.5858927449130202,0.6158395631661135,0.37462204828791573
I10072.AG,0.5742573897328275,0.11854783363482546,0.49231140336073576
I10074.AG,-0.2940241991745725,0.18801147386147612,2.085410517246326
I10092.AG,-0.07072999286263129,-0.03970708418596653,0.09475497517248933
I10093.AG,-0.2791560063276171,-0.18097412118905865,0.2770405970890436
I10096.AG,-1.4909961074204838,2.2325009545159378,-0.014869483604199802
I10097.AG,-0.3002833331309287,0.08973210377516959,-0.02112948953163283
I10099.AG,-0.5743157062594532,-0.0006866865663983501,0.19439728022907846
I10100.AG,-0.6764258588183902,0.07392928333424213,-0.02144302268652947
I10101.AG,-0.5819068366680817,0.21774685763066254,0.12201797446201273
I10104.AG,-0.39727067890326484,-0.0053243522302939324,0.1371985489526635
I10106.AG,-0.33501419807897015,0.11459266219450966,0.3166395478211946
I10167.AG,-0.495018952879437,0.02756011341533733,0.20883344873302806
I10168.AG,-1.7805460926791479,1.917538528953221,0.0768734491796624
I10171.AG,-1.6553271703518238,2.089095288614036,0.0332152764725795
I10263.AG,-0.7455405075234326,-0.10137120330897348,0.16017471859611737
I10264.AG,-0.2727023073589064,-0.00799369769381936,-0.0040753866282486765
I10265.AG,-0.07793995687856045,0.3061775424078783,2.0399548959628504
I10266.AG,-0.4079093364794917,-0.06911072858743482,0.40604316556551273
I10267.AG,-1.84519752429575,1.8108132103181862,0.09066799141618455
I10268.AG,-0.6202771606236475,-0.06466596606460756,0.5462764704121496
I10269.AG,-0.4477013350317818,2.66841183641858,-0.17658091538690934
I10270.AG,-0.0553605965107371,0.24130868707861805,-0.059442568972476566
I10271.AG,0.6019621883991205,0.732178127107248,0.2307685278126499
I10272.AG,0.9550217623098936,0.4855048395471692,0.7707824151745197
I10273.AG,0.8258101220877617,0.38051068410719113,0.3662401600064402
I10274.AG,0.8355837569105463,0.776568180517743,0.13547562057115717
I10275.AG,0.5970952967085488,0.5445977421896476,0.16594422803234
I10277.AG,0.9376794940134789,-0.5509976546754743,-0.4040329965800901
I10278.AG,0.5758660129452019,-0.5948301003349425,0.07489735543438944
I10280.AG,0.6461187066658421,-0.2813065039806683,0.19356974725685042
I10282.AG,-1.8410919480339725,1.8260866887089593,0.08824639483670696
I10283.AG,0.8064764305222769,-0.17372117102167198,0.12328651790925986
I10284.AG,0.9748271886594828,-0.20099617231357875,-0.4600354857913502
I10285.AG,0.8629909114093742,0.07236173712645438,-0.13069340330306603
I10286.AG,-1.6676706376890047,-0.10035300316989998,4.8059233743451095
I10287.AG,0.9417099371454615,-0.6484397894445494,-0.1871908532129282
I10291.AG,0.23837680737619066,0.6983200359156747,0.12037667829251168
I10292.AG,1.2546572147050161,-1.2880031924286124,-1.8210385087416614
I10293.AG,0.2691431764901249,0.5576221783452276,0.3394845285931505
I10294.AG,0.5797786004975273,0.4319087767866933,0.290115560409531
I10295.AG,-1.1989308002243986,1.9280202595342966,-4.874958324443276
I10297.AG,0.6542526165968536,0.42702266205231776,0.13400174498499598
I10299.AG,0.22844531374856886,0.37128883869346846,0.4724893579788571
I10303.AG,0.7034223727478629,0.41132034029379605,0.1815865276702516
I10342.AG,-0.42940075600660615,0.40230702902711474,-0.5927204200528764
I10343.AG,-0.018120405821152513,-0.13617298419918517,-0.2721902337696253
I10344.AG,0.2702104462386453,0.13074385736871433,-0.7112668689405891
I10345.AG,0.6058610743138046,-0.36816031909134456,0.27076721302812984
I10347.AG,0.21258178924346763,0.17491028173129108,0.018339846905336278
I10348.AG,-0.05075215746116796,0.25640315665740065,-0.39443697365746344
I10349.AG,0.6224711801439382,0.4510640682094618,-0.5735311264690328
I10350.AG,0.6616035104885242,0.7643638906410644,0.4697281047949893
I10351.AG,0.627645528891365,0.7807710812382808,0.07839010523508871
I10352.AG,0.44825586738930484,0.41619341744016713,0.2233299532685422
I10353.AG,0.675600742949386,0.11815444781475322,0.21297165918998054
I10355.AG,0.8266261500947749,0.1040164962094949,0.9813971308105846
I10359.AG,-0.5451868778701087,-0.2163309590878402,0.6347019713145942
I10361.AG,1.7333919549705366,-6.208480664648322,1.9872253498651071
I10364.AG,0.24697660858560688,-0.45735780146438026,0.36771427175096283
I10365.AG,0.3718529018711533,-0.49876153655883315,0.42815607457475513
I10366.AG,0.1866896866096358,0.19260810188961025,0.017415912170541156
I1069.AG,1.3822670026167847,-5.799884319604673,1.3129784336391557
I10943.AG,-0.36573857351604416,-0.3524824793095193,-0.9680367138544106
I10945.AG,0.19743994963545056,0.06877272342857936,0.5921945474856082
I10946.AG,-0.21029446799447318,-0.3074246245267188,0.5476562959559996
I10947.AG,-0.8538944572790402,-0.2434715311852708,-0.36992014397972023
I10948.AG,0.12245365505839431,0.3331738923744077,0.5881175449571705
I10950.AG,-0.2821967414371927,-0.4927851475389713,0.6320330946970577
I10951.AG,-0.9126776076583608,0.16382550249228453,0.019009186651187778
I10952.AG,0.23006195229737111,0.3315118064061782,0.5268310103129329
I1108.AG,0.3440183993843892,0.3956595580899144,-0.5283244997502532
I1109.AG,0.20530456285553114,0.5034872582178207,0.2281045345782177
I1113.AG,0.4196596152010102,0.4755520428665911,-0.46812804718039025
I11158.AG,-0.5934160864834935,0.4222935508565305,-0.9318284275815036
I11159.AG,-0.6889156943587619,0.05821170500720376,-0.5254569640891139
I11160.AG,-0.45251182602258105,0.995538821501918,-0.496670972562767
I11442.AG,0.6766861350388541,-0.23086505789433093,0.6023299200690405
I11443.AG,-0.3705231582281902,-0.2860212476919473,-0.34729962754123134
I11446.AG,-1.04655393119502,0.3088188322017958,-0.37922042512396265
I1154.AG,0.04415358539109708,-0.22339847996025425,0.42575707661163675
I1160.AG,-0.1881418247594942,-0.1317855384673394,0.3381951163709384
I1166.AG,-0.15650637417099336,-0.1397169462126239,0.37810640955619407
I1169.AG,-0.1424921121485305,-0.07695894501839792,0.3405765770103132
I1183_d.AG,0.15968399403288594,0.3452932742798214,2.012567231822831
I1295.AG,0.6410627583095558,0.5891056991361905,0.37063021602798485
I1296.AG,0.47978640857180044,0.5629363292822032,0.4135988346898756
I1296_enhanced.AG,0.4477003132014142,0.5760707561069636,0.4307942367702231
I1297.AG,0.5815827384094492,0.6111089328400667,0.1745856911940717
I1311.AG,-0.959737362051477,2.480849978749584,-0.10414994723768739
I1312_d.AG,0.16620550941012974,-0.017577519499194953,-0.4597883544948651
I1313_d.AG,0.8559732753439043,-0.3781728560038009,-0.17812916433523246
I1378.AG,-0.1444256614055818,0.36784766597450197,-0.7958777908912418
I1389_enhanced.AG,-0.747396212087021,0.3740135961979124,-0.4693919250893835
I1391_enhanced.AG,0.009516155866997555,0.07967721231473936,-0.665092091696592
I1392.AG,1.1263785480220538,0.22111709555098047,-0.10804162735384862
I1550.AG,0.8428811057680072,0.5963517680024996,0.7229014247216923
I1563.AG,0.6034525868012296,-0.24349323502223824,-0.7638781691156944
I1565.AG,0.6091846529320594,-0.19815454067801258,-0.6516517627600449
I1577.AG,0.04043978924555543,-0.5403639207377139,-0.4318840799176577
I1579_enhanced.AG,0.4891283855120324,0.539626066329684,0.5460338278889676
I1580.AG,0.6272006070517605,0.34544351672384466,0.49659989216599576
I1581.AG,0.5904864932154851,0.335669873185385,0.4094710520429523
I1583.AG,0.375135715956964,0.2862889522203566,0.5761738823633427
I1585_enhanced.AG,0.6026076906944252,0.5418793870037766,0.6710764589364244
I1593.AG,0.6597118277553538,-0.29181263075342356,-0.7890095966812815
I1685.AG,1.865396088310794,1.9616158481732182,5.659350073274908
I1685_d.AG,-0.1875271971747105,2.758210977383548,-0.20050121705320612
I1687.AG,0.6978950219955528,-6.1878930261146445,1.8083161991099956
I1690.AG,3.908774070410351,-2.2683941276421185,-3.208720661213795
I1733.AG,-0.3005609058032525,0.3936817632545056,-0.9096305103221776
I1737.AG,-0.6193565292663457,0.2628477986028948,-0.8623868072059099
I1842.AG,0.6573773997625214,-0.4942275905666615,-0.48361768274448663
I1845.AG,0.8799492655759609,-0.22912825764444655,-0.01920272598969392
I1846.AG,0.6221046622188324,-0.6203471623402685,-0.1914996165736237
I1875.AG,0.34909678094380103,-0.024878043236573433,-0.7189531062461821
I1876.AG,0.28512335690116897,0.4700695359695617,0.49775521858388616
I1877.AG,0.5008693774486805,0.44269623689369214,0.2842684291522185
I1878.AG,1.1120502762326527,0.35829665850888776,0.5269422396287533
I1879.AG,-0.7840861184018043,-0.1587549229197353,0.4803869295944253
I1880.AG,0.3594230427703652,0.21767803697284183,0.5394076690872733
I1882.AG,0.9366205914729355,0.6518519459150613,0.2778871466839842
I1883.AG,0.9471999115567458,0.6086998376668692,0.7187363899145052
I1885.AG,0.5672538414670285,0.48952030374862837,0.3107402214533954
I1893.AG,0.6840824022448243,0.4478306958915611,1.062492053324152
I1904.AG,0.7444881004343451,0.24168075891212001,0.47878409478122574
I1917.AG,-1.1028166452566641,0.4520125654486161,-0.20382454613749595
I1926.AG,0.9644076391376059,0.8204429300771002,0.31668311812785727
I1970.AG,0.9656217006865505,-0.07436455597575539,-0.23366287540337669
I1976.AG,1.0512180328315281,-0.43809271590129506,-0.352509055578155
I1977.AG,0.3957739092043709,-0.32124473238396534,-0.3794848914902771
I1978.AG,0.7804578500869794,-0.46489656142234537,-0.24662204286110562
I1979.AG,0.7432882852753587,0.6600739728785926,0.9227110269788227
I1981.AG,0.6672745965493977,-0.7743296887706376,-0.055469347454488914
I1982.AG,-0.06078466222166408,-2.3863606146934755,-0.376884296614197
I2005.AG,1.9184196712973856,-0.0890240566480659,-2.176237326326236
I2008.AG,0.9740519551295826,0.6486324246014764,0.6257532225239149
I2016.AG,1.366622229463506,-5.789311768911787,1.3076104237160682
I2017.AG,-0.7729982390225636,-1.118884013135411,-2.497648800258814
I2021.AG,-2.9743515133864875,-3.9369694203544108,1.3774762614455303
I2026.AG,0.6046194523672972,0.15981906504825133,0.6119153721222346
I2029.AG,0.753737428409921,0.6746065220877608,1.0321100975727395
I2030.AG,0.36364265462658113,0.5789311440478577,0.8691341253883964
I2032.AG,0.42400681625776426,0.620114660538541,1.0611157279755772
I2036.AG,0.2772033580000229,0.49035920030402674,0.4562298714458152
I2037.AG,0.4719484009464699,0.10364859847583831,0.38499771728985416
I2038.AG,0.4097029811548388,0.377857346012519,0.8879390717651857
I2062.AG,-0.2252119741196675,0.20004296096478386,0.06767952480361639
I2105.AG,-0.8101647739246662,0.536845846992137,-0.2618364855024458
I2111.AG,0.3647509244075605,0.16037220705669375,0.3111887257474948
I2163.AG,-0.826611065480946,0.2494876830660138,-0.465032811622319
I2165.AG,0.4369694392822638,0.349204033894295,-0.5916574391532843
I2175.AG,0.3821359915627157,0.6595639861592816,0.3634879327500425
I2176.AG,0.5548803524842191,0.5440320239037343,0.4003385858484068
I2176_enhanced.AG,0.6622862119665787,0.49941329891888875,0.17432311362558434
I2181.AG,-0.23999225429917578,0.8372134490271038,0.06435433911405233
I2181_enhanced.AG,-0.2501878478933021,0.871368511299608,-0.062371907333318384
I2189.AG,-0.560000306962499,0.21243356444138073,0.09337997720744422
I2190.AG,-0.3630717400130765,-0.05056936623052664,0.21917911197942053
I2195.AG,-0.5799714876070781,0.007916109408532213,-0.0686178364468405
I2198.AG,-0.26102603148788045,0.06831842368803318,0.020963729992579984
I2199.AG,0.9191396665388462,-0.30206011589791487,0.1594342823666847
I2200.AG,-0.6990219540600902,0.11429205764688286,0.0681205789645278
I2201.AG,-0.15623652996813783,-0.21182355791384788,0.25802285705132416
I2215.AG,0.4065853467615296,0.16587854089731208,0.6674216487112091
I2215_enhanced.AG,0.4364400373184417,0.13656400165088983,0.6920955800413698
I2216.AG,0.33669992811007166,0.9689989874488575,0.6818175718239841
I2216_enhanced.AG,0.33869082613401885,0.9424549491538041,0.6405541880822607
I2318.AG,0.2860017720495755,0.25667485713040694,0.7089454510190557
I2351.AG,-0.8064842597956448,-1.077577608085838,-2.5184932824895303
I2352.AG,0.6286893652965853,0.207457296582276,0.45881797135951324
I2353.AG,0.42138830624213514,0.6562144239876585,0.6305810168048985
I2354.AG,0.34603777614985565,0.8634110583986027,0.3808837849943815
I2355.AG,0.7615873772188285,1.034332404980606,0.2683387948960564
I2356.AG,0.9208734994835299,0.456663939658297,0.42929970847640675
I2358.AG,0.47909332684302475,0.40422105574315687,0.4346933690136503
I2359.AG,-5.861274386023469,-1.660787314611214,2.7928207174156863
I2364.AG,0.3345494978614489,1.3032309439763377,0.5025391298979349
I2365.AG,-0.6559449740347513,0.2873071377251258,-0.43959404917089895
I2366.AG,0.20706451650220814,0.27187381144040706,-0.11748591489014644
I2367.AG,0.25474504241273266,0.15961032927942703,0.07166428490895281
I2368.AG,0.49659725792080905,0.16869806956838218,0.3671235684612196
I2369.AG,0.11198403379817763,-0.008496973309329128,0.6442194228325503
I2370.AG,0.9397496623925796,0.038014627042111886,0.030179323968987978
I2371.AG,0.2808808891144201,0.627657085782288,-0.04688114969336069
I2373.AG,0.3321420627051075,0.38704558964558844,0.1504813793076868
I2374.AG,4.2375263256009745,-4.666121401040088,0.8554886241170402
I2375.AG,0.8543941721654583,0.7594096099066593,0.3780667115236339
I2376.AG,0.34048393038719393,1.0247723040277072,0.43595880295296346
I2377.AG,1.1490451282374416,0.4787420925249931,0.45723876245902884
I2378.AG,0.1952023855790788,0.6619386453790762,0.21946703733045045
I2379.AG,0.4170725349946758,0.2864746068289013,0.39920719948996874
I2380.AG,0.5798617203294075,0.6003882956773137,0.31981983431770306
I2382.AG,0.8457620154161829,-0.5868266400770223,0.43974384330706934
I2383.AG,0.3179266225050928,-0.01099190622174651,0.8571794474932435
I2384.AG,0.3586651839495864,0.7198077404573887,0.8226416815513784
I2387.AG,1.2527290946204421,0.2485952398489631,0.48974498429109214
I2394.AG,1.0632412412934102,0.31507102162392586,0.5358015929974814
I2395.AG,0.4652547123088113,0.31990327484734543,0.723978264320129
I2405.AG,1.2758234121382719,-0.02719989093368448,0.2663195433554931
I2407.AG,-0.3394699021402092,1.454314906416049,-0.5325169793738118
I2407_enhanced.AG,-0.987423664924318,-3.1894284904187775,0.4061712399805051
I2413.AG,-0.1394876315109935,-0.1293952791316834,-0.49784650168151545
I2416.AG,0.48784790833086694,0.4758104368500035,-0.5007649857077737
I2418.AG,-0.6244299232519965,0.5819164562394574,-0.2069348676125737
I2419.AG,-0.5202249677872492,0.8066002954781277,-0.28358008122324724
I2421.AG,-0.33337990548701807,0.6732157232102497,-0.2924684663565772
I2423.AG,0.4547590580861024,0.9575988348556596,0.41196142232558275
I2424.AG,0.5800755875682952,0.7765182753431811,0.23515881060042226
I2425.AG,0.6897377584691137,0.6429625949404782,-0.048269783593274926
I2426.AG,0.8394300164104139,-2.6112087471330674,-3.1154818965780455
I2426_enhanced.AG,1.5001823014145368,1.7123849023783884,5.59130644696034
I2427.AG,0.6041543199659766,-0.09339855372854554,0.5089303210630325
I2430.AG,0.4347404911982695,0.7828925981725371,0.703570190465566
I2431.AG,0.353932070479987,0.3601333881277972,0.8645056967731023
I2433.AG,1.1368752262467516,0.0016952435761893561,0.2338170302217323
I2434.AG,0.7744798490846145,0.4706721589518571,-0.30763817301800855
I2435.AG,0.5298453445805449,-0.6219381665806196,-1.7505789704295764
I2435_enhanced.AG,2.9754753652733723,-5.700391495083876,1.6149037879930914
I2440.AG,1.1467830640833172,0.1305932438931617,-0.0664100269671316
I2441.AG,0.9629073631799331,0.07496176467139308,-0.3889797316160587
I2445.AG,-0.4215179581534345,0.6033019793386445,-0.8746060192206108
I2447.AG,-0.3043157271202349,0.6618983276457008,-0.6327098076340347
I2450.AG,-0.8223825141811578,0.2355722768511121,-0.5365511929584075
I2452.AG,-0.23229053432578914,0.6157305093539928,-0.6095984617817335
I2453.AG,-0.6094888136517307,0.7059870372518017,-0.8213062715094491
I2454.AG,-0.3507821962519584,0.5232030823669486,0.08896009576643919
I2455.AG,-0.3024412653738997,0.6067267897985628,-0.6177175943538527
I2457.AG,-0.5012123889085217,0.6610616510097258,-0.48744773501347016
I2459.AG,-0.21591792735127235,0.7782909608308499,-0.7414782197294991
I2460.AG,2.2480125419203736,-3.1119796844714074,-1.3461201678303747
I2463.AG,-0.24910296861529996,0.43552302841945834,-0.8074350299248493
I2467.AG,1.085704706918025,-0.5828739358996433,-0.33907409998061294
I2471.AG,0.7407450927615669,-0.16211374581294402,0.5055736770690091
I2472.AG,0.4236790062472769,-0.5531302469089752,-0.46761563210150975
I2473.AG,0.6195791676093373,0.06113270688921207,-0.5024379934582446
I2478.AG,0.28154723153771116,0.05558491785077234,-0.25117689397860626
I2483.AG,0.062201644021032745,-0.559947131699754,-0.49456700459032693
I2484.AG,0.055456097976256474,-0.5687646444837424,-0.5046306709842547
I2495.AG,-0.4415180887475202,0.3722487656968738,0.26644710924862963
I2499.AG,-0.11530704263538849,0.11196866297019653,0.04919033589455856
I2521.AG,0.629246043341776,0.2299635980478092,0.4692805267562093
I2526.AG,0.6158183500434781,0.5322446413850631,0.2240265048349926
I2528.AG,0.31777699544286436,2.8763721079375135,-0.18567487808061894
I2529.AG,0.6500046374292816,0.2779746047368434,0.24643668256178322
I2569_enhanced.AG,-0.8327230000614849,0.21623782675771092,-0.24802495511622555
I2575_enhanced.AG,1.8972668644632262,2.0092525338568445,5.665997014085507
I2597.AG,-0.840016530984727,0.6898043917403488,-0.46805520766356096
I2604.AG,-0.7859622469414964,0.5163729109416086,-0.33755014096774977
I2606.AG,1.0234137374702632,-0.08833714343346362,-0.4714545388578595
I2629_enhanced.AG,4.1800319618623245,-2.242365780132605,-3.170401846973973
I2634.AG,0.9302778465536128,0.12945331521579276,-0.5531471595496741
I2636.AG,0.7858682206260481,-0.036015055201103575,-0.4394793304479537
I2657.AG,1.1326651513642076,0.0251687477697788,-0.5558340624917355
I2658.AG,1.1476128609530951,0.055124240834259285,-0.5590117992975875
I2683.AG,-0.3972937414612355,0.46683207697728285,0.18623316342377705
I2699.AG,-0.16354719628175918,0.16566935933825674,-0.037260714368466334
I2786.AG,-0.773997746703052,0.5317584863418272,-0.47684734637545295
I2792.AG,0.5001289200408293,0.0749676411140369,0.5499404744528805
I2794.AG,0.455684041767608,0.37801809943229986,0.4337334120485165
I2796_enhanced.AG,0.8978878189909966,-0.46150889564496056,-0.019529442092662826
I2824.AG,-0.671122692870208,0.46924143430003457,-0.4107000873091792
I2937.AG,0.49088422566730816,0.37593553390350654,0.28136231553220376
I3023.AG,1.435581807486582,0.08153981893650247,-0.41402040164828663
I3082.AG,-0.0226701809942656,0.4803483984186707,-0.9390758561364836
I3122.AG,0.302949378889436,-0.013192173430669887,0.39548981677310846
I3123.AG,0.290095647978737,0.2311769332883898,0.054933399305156394
I3124.AG,0.37156191509934744,0.822010535477456,0.5694245613037037
I3125.AG,0.33399373168021557,-0.060797707099335935,0.7563342901935239
I3137_enhanced.AG,1.151510062770614,-0.28467038937989475,-0.6551733353294144
I3209.AG,3.275045523533707,-3.2506746519132963,-0.976844299119401
I3214.AG,-0.02915984069122134,-2.6170968638443437,-2.9235640698032554
I3225.AG,-0.29771519047748973,0.5006790619301434,0.421692850768184
I3238.AG,0.27862298317790957,-0.08700973980733512,-0.6144893615294567
I3239.AG,-0.23467443529122056,0.15289559288918858,2.090972140290779
I3243.AG,0.8655270776718857,1.273909306815465,5.4826930844277815
I3276.AG,0.49606177000519125,-0.4515103034325557,-0.39594955948298277
I3277.AG,0.8206649694521377,-0.5007221084977825,-0.8263886403597718
I3300.AG,-1.2094267526381737,1.5867960710175066,-0.006455394413470241
I3310.AG,-0.6329741410639357,-0.08305051668727569,0.501326105191839
I3323.AG,0.29398612657567935,-0.49743948597938203,-0.24614781022317062
I3326.AG,-0.0418254937452057,0.4522093533926387,0.27994276207565
I3327.AG,0.5829587812645768,0.2024116460614714,0.14341535218466575
I3484.AG,1.2637547694750835,0.30534030226196446,0.008940908257435865
I3492.AG,0.7150087404125497,0.10044637223618195,-0.2744226840603238
I3584.AG,0.014032959329551065,-0.8179953562924002,0.09918978660644838
I3593.AG,0.09491783474973822,0.7110202473045267,-0.19505764533395092
I3596.AG,-0.3226890237249011,0.20334643084670798,0.002600152802563425
I3599.AG,-0.3671053529973504,0.6862440110222336,-0.06714260670054843
I3602.AG,-1.050379237912874,0.12998571827616492,-0.4281543844470763
I3708.AG,0.2837679972962175,0.5934907601450037,1.0186579081075042
I3709.AG,0.37500977190504076,0.037378448011964084,0.7170554640349746
I3718.AG,0.08269588195505184,0.3859712797114928,-0.8964190351743653
I3757.AG,-0.19102690556766774,-0.31477547893828584,-0.05738824487497252
I3758.AG,0.06413223829239555,-0.35391346522637945,-0.5114757459297672
I3807.AG,0.3542996570999423,-0.20467764837027227,0.2941208025142785
I3809.AG,-0.28851739503330415,-0.2368403441179126,-0.09838778348414995
I3832.AG,-0.4859610133977732,-0.39857575335303225,0.32706158825031234
I3881.AG,0.868084103932264,0.1295725481176069,0.6430595306126288
I3916.AG,-0.2825767936691079,-0.3481978463834989,0.8942411004948382
I3917.AG,-0.4391120127132665,-0.10421708217519639,0.5845708253592383
I3920.AG,0.5152591574234395,0.11567489042538207,0.3971304970429014
I3981.AG,0.16286627324454017,-0.572501035029471,0.07286912275002247
I3982.AG,0.15365622646843685,-0.6154197223358504,-0.02341726365307123
I3983.AG,0.009376837673328454,-0.7001175319530764,-0.07641900816155396
I3997.AG,0.6893507076710264,-0.5506946231217886,-0.333815190505681
I4029_enhanced.AG,0.018516692239220034,0.2374129680950228,0.37059172439890586
I4030.AG,-0.4276533738421116,-0.49595071029638876,0.6100776488897228
I4055.AG,0.32834926683871685,0.046828383285090786,-0.19362475707122587
I4062.AG,0.6510081434234094,0.09993960980385734,0.5701820306033997
I4063.AG,0.8188847449460751,0.21015541982256963,0.08364521198838429
I4065.AG,0.8322393333388524,0.4003096653277083,0.1989035164724042
I4067_enhanced.AG,-0.8995735339639483,0.3954745025363717,-0.16255319700324047
I4074.AG,-0.24587467865124107,0.33819618575847316,-0.8811749808186005
I4081.AG,0.13613180428512484,0.2233975074611924,-0.6740183510629656
I4132.AG,-0.5581245506496477,0.2090389801578279,-0.48636951432524683
I4229.AG,0.7801443336492392,-0.5034454417552462,-0.019318376480211726
I4245.AG,0.6012852097914092,-2.6326297789636977,-3.074353867033078
I4246.AG,-0.015163585693084078,-0.4278868930854346,0.08453606767543798
I4248.AG,4.052048084640298,-4.862859529585597,0.9962374014885121
I4249.AG,-0.5010912911022358,0.8407279269738103,-0.6285219601754397
I4250.AG,-0.3408213640919398,0.6282188241239002,-0.7475140147891295
I4304.AG,0.6225625305017602,-0.43189277077560856,-0.19363554409344613
I4305.AG,0.6870519942172592,-0.2487904981038606,-0.24516262797351573
I4308.AG,1.0783291684385083,-0.06587447852874981,-0.21643250162963115
I4329.AG,0.33133583424475443,0.0768405418106726,-0.45662755486859596
I4383.AG,-1.398561553253977,-3.4347068262223406,0.7015654353339214
I4420.AG,0.8626562566944772,-0.3867333924038959,-0.1636558860655589
I4420_enhanced.AG,0.7795869971105635,-0.42082012836602856,-0.22641380342794273
I4472.AG,-0.7520665020785591,-0.3392042250970783,0.6912630969508744
I4473.AG,-0.7003198297361914,0.4080946171761567,0.1465013242513827
I4474.AG,-0.3892306349118421,0.006806270287953709,0.2151597243600959
I4475.AG,-0.39042659858602125,0.1607078049689061,0.3806443266111518
I4478.AG,-0.5771624716329303,0.39335652165326956,0.396470205377065
I4480.AG,-0.5100298979359641,0.43011111397321433,0.28837785481731676
I4481.AG,-0.4997006475104318,0.3144473389628777,0.3392257015446111
I4483.AG,-0.567682271509002,0.32267930870249883,0.4289928980530595
I4518.AG,-0.377138921602506,-0.08350831775824613,0.22175872027091173
I4519.AG,-0.6023322433179633,0.10435069996118405,0.41269470972870254
I4521.AG,-0.41186128118591786,0.0006414117019839698,0.2581995050195777
I4525.AG,-0.3755169123367335,0.0975847753387331,0.27818913214962854
I4529.AG,-1.0422161215057184,-0.4506149358833314,-0.47414337826268776
I4530.AG,-0.4048323749718579,-0.27576090963514666,-0.009004203847773076
I4531.AG,-0.9777883107286742,-0.07756925411896838,-0.24659059159866337
I4532.AG,-0.5139753599704269,0.1307918263904198,0.09462235951811637
I4533.AG,-0.5178560238895388,0.10798839865203438,0.07130921863003407
I4534.AG,-0.3564612117590306,-0.06334246810086433,0.07349990717885097
I4539.AG,-0.6047028014041377,0.13665035287486574,0.21983311744738782
I4540.AG,-0.4224723326869081,-0.2314935666275902,0.6379909100351151
I4550.AG,0.2953790361762893,0.0265733619529623,-0.8758805065741393
I4551.AG,0.24278687158583984,-0.029771563079298746,-0.8163923602336264
I4552.AG,0.2521337849562234,-0.046494791610314425,-0.7580180992186112
I4553.AG,0.24527761731618145,-0.14005487666783425,-0.7678382140425789
I4554.AG,-0.4864630801999963,0.27859637889695155,-0.5103494180578698
I4558.AG,0.6500318972105872,0.3312228557331383,-0.10596405487768443
I4559.AG,0.8571530886050567,0.17088518700135302,0.004602255926381726
I4560.AG,0.9440251947206397,0.11714661475232549,-0.24289346106970927
I4561.AG,0.34336059280673265,-0.6765849221717581,-0.2967013312870271
I4562.AG,0.49307007341645676,-0.2362315400557852,-0.5753758420512529
I4563.AG,0.29402571995911425,-0.689166694822821,-0.4305595493204634
I4565.AG,0.8373479078070016,-0.6000018481051395,-0.23949138322137647
I4582.AG,0.1020999805146953,0.2633953939478709,-0.7598077943172191
I4595.AG,0.18587110095962064,-0.08782672823709371,-0.7811398783581766
I4596.AG,0.31707827164804775,-0.1479125812956014,-0.7860439627755484
I4607.AG,0.14208733988817593,0.26613439041919984,-0.8329580373719311
I4613.AG,-0.2796056006013186,0.08652933419614929,0.6990420473954715
I4614.AG,-0.7382113603174422,-0.17856745470779828,0.5807987250493221
I4615.AG,-0.6810061241463593,0.10580552089625424,0.2780511947185503
I4616.AG,0.5439560488417567,-2.6355698252014204,-3.0611550292081615
I4617.AG,-1.7894549020750339,-3.3139670110849906,0.030935361633470077
I4619.AG,-0.5068102771261015,0.2776014981163217,0.2562973074907993
I4620.AG,-1.734019587565857,-3.583282962042609,0.9171045992110115
I4621.AG,-0.863524859870582,2.523587219174319,-0.12361180720627882
I4626.AG,0.2982093142418579,-0.18119171983644577,-0.7936205142348401
I4627.AG,0.24056728857509674,-0.06763407131863243,-0.7883570692264206
I4628.AG,0.23717972446878932,-0.10027487956460865,-0.7932155737183009
I4629.AG,-0.5615546566726831,0.3278209980832644,-0.2899750221368098
I4630.AG,-0.010724600198156251,0.2394351615029325,-0.8347453954193979
I4632.AG,0.12695497528207852,-0.0693274955026207,-0.738614377852621
I4655.AG,0.2864447785677304,0.14780204670326713,-0.727700177763867
I4657.AG,-6.569327302822129,-2.1265774170667724,0.846999240069771
I4660.AG,0.32231602078236654,0.2234614594273189,-0.7773358917494994
I4664.AG,-1.325844857881342,1.5274995663086368,-4.261196057572517
I4665.AG,-0.35936778484734855,-1.5916909318653194,-2.2972384920300635
I4666.AG,1.0822657190513738,1.3659454123286243,5.525500523992473
I4803.AG,-0.1442559594222867,-0.5648749941687542,-0.7500218683768354
I4870.AG,0.2807909938637185,0.18599114925593174,-0.7523542869934023
I4871.AG,0.34422423524610346,-0.017720883387844475,-0.7026030523817021
I4872.AG,0.2053982688865774,0.15410789622530302,-0.711333086427383
I4873.AG,0.4194494818396364,0.05860815415890388,-0.8000962705833069
I4874.AG,0.34052550817622257,0.11634024943680833,-0.7882300172643799
I4875.AG,0.37186436853834337,0.035619993668578494,-0.7907652672812302
I4876.AG,0.37293228423211805,0.01129391921741604,-0.7555073965153333
I4877.AG,0.46558450168597076,-0.0318685052070754,-0.7609581331204185
I4878.AG,0.2748382128958938,0.04032823607837309,-0.7822441441149158
I4880.AG,0.30122217727169276,0.1322370515043843,-0.8449962712574868
I4881.AG,0.3621848749978203,0.008344229521089435,-0.8551354849588956
I4882.AG,0.3043009289938002,0.10399551645901699,-0.78505202321884
I4884.AG,-0.5118185705751461,0.06660159061490127,-0.7194804274932388
I4885.AG,-0.4964373401457531,0.46144391796273854,-0.8246282969318406
I4886.AG,-0.5907699714892605,0.5436256107917954,-0.6926878383843919
I4887.AG,-0.4732841297803513,0.34141280839115357,-0.922024218775515
I4888.AG,-0.4922562530152447,0.4086552964797423,-0.9969575622635614
I4889.AG,-0.7494308828862541,0.8167364341814819,-0.6590359092061377
I4890.AG,0.3656855455549813,0.9160280058286692,5.379963248309228
I4891.AG,-0.2734318875871276,0.919229579109383,-0.7556645503061582
I4892.AG,-0.4013781799512769,0.2338692375033438,-0.7406808638057498
I4893.AG,0.9286109245197143,0.07705824445346489,0.29779072006840956
I4894.AG,0.24116064734591147,0.6165152777046472,0.2871417575697779
I4895.AG,-0.14927849944565136,0.8823863512893066,-0.34027239205820664
I4896.AG,-0.947917272267071,0.6009957306800222,-0.09489012539748101
I4914.AG,0.414863245667213,-0.023220253059657605,-0.7188525821198432
I4915.AG,0.2288500161871134,0.1548919520803953,-0.7233688319189775
I4916.AG,0.12111205484963457,0.242467651219398,-0.6654810807748415
I4917.AG,0.3845034421161612,0.18730464575695688,-0.9874544061634916
I4918.AG,0.8319977703838632,0.47193432459761264,0.43906571962231855
I4936.AG,2.5562692880795272,-3.167221353824239,-1.2443412833689054
I4945.AG,-0.5523780798574148,-0.3246243688654746,0.24278830676737373
I4946.AG,-0.6588635294197932,0.023863304397562343,-0.32267593102320596
I4947.AG,-1.800209954485333,1.8933110431794367,0.07781236038955945
I4949.AG,1.4434342585670668,-0.10407714074809392,-0.07751892883103195
I4950.AG,-0.6723251434180633,-0.166338455959256,-0.41066386059618604
I4951.AG,-0.854457787909338,0.6129786929776477,-0.6665911572665193
I4971.AG,0.46194501504739655,0.08177286471440263,-0.7872118970535555
I4972.AG,0.9860741173059312,0.9786007508451819,-1.582678883506713
I4996.AG,-0.1742906640509916,-0.5249829730087013,-0.4234608011102184
I4998.AG,0.3158267442537027,-0.28919331867323916,0.7995278943285496
I5014.AG,-0.09533629086709315,0.8662517617637735,-0.39974973425909227
I4131.AG,0.00763508551709931,0.9723778519243245,0.41811880097442694
I4124.AG,-0.11886374666720173,0.8620501304587552,0.16502175226542093
I5019.AG,1.2759205639555724,0.8173100549624047,-1.774127811603396
I4143.AG,-0.20598986648480305,0.09629093117428282,-0.8978438159048086
I4144.AG,-0.7693346973497446,0.7327530760237994,-0.06627689096864485
I4134.AG,0.12632144263752126,0.28612369480214606,-0.17282570233610542
I5023.AG,-0.6856571986044522,0.0941086175109,-0.8290390640743611
I4145.AG,-0.7210100777349556,0.6226254052407788,-0.6277195409524977
I4136.AG,-0.389721873910073,0.27145760884271375,-0.8721268378452757
I5026.AG,-0.32541857862701845,-0.10477204280636329,-1.1576530709027508
I4139.AG,-0.315953956253632,0.08161684022315355,-0.34284767543051214
I5037.AG,-1.1242383752992409,2.0103299542333417,-4.873508149348084
I5042.AG,-0.30154590565255374,0.6754352369525457,-0.49488408234599585
I4141.AG,-0.6803987156862186,0.31700208132692326,-1.066043845269947
I4130.AG,-0.18138930207410023,0.30509939910492156,-0.5654043752250443
I5068.AG,0.5857885560301709,0.34910761147041064,0.9854480711513337
I5069.AG,0.9578779277891792,0.7056144052498485,0.6759617651121029
I5071.AG,0.6253493200216796,0.22829693250326902,0.1905708325878897
I5072.AG,0.5025933684786577,0.1917790625838397,0.06739665777078316
I5073.AG,-0.2658438628881807,0.6024148542434391,0.6413378645046622
I5074.AG,-0.051778511971308804,0.741028274425269,0.35776059293836265
I5076.AG,0.8531316265217528,-0.4175662167233019,-0.10330751302009664
I5077.AG,0.7427875118731966,0.47826753350071377,0.6723443303338099
I5078.AG,0.568241119056912,0.21832103914735185,0.6834759095371638
I5079.AG,0.1320095498748135,0.5344228120889143,0.4092291486743682
I5080.AG,-0.06720554944453865,0.2413401616785234,0.5552458596480278
I5116.AG,0.5989140857450658,-1.299099609582783,-1.2002698432041448
I5117.AG,0.495298389591488,0.11921346563793919,0.7447773389437526
I5118.AG,0.6447981110623292,0.23030602109713708,-0.030526781763534242
I5119.AG,0.7115977728290249,-0.0836346992368812,0.7382792513021584
I5205.AG,0.48257470064400426,0.6349741403463892,0.561993945223747
I5206.AG,0.6361314080520065,0.5432897678863806,0.6566445627387315
I5232.AG,0.17871280583737384,0.24147410937481334,-0.7470829327637111
I5233.AG,0.2371359915854559,0.17375443966110177,-0.7377201025345965
I5234.AG,0.17129664895413182,0.2181565801226311,-0.7283690914822069
I5235.AG,0.1900950150348717,0.24328515855168623,-0.7946773541201783
I5236.AG,0.1827401719504871,0.21239204397345085,-0.7316395278416019
I5237.AG,0.1755282946844621,0.21640782102532075,-0.7470094970808384
I5238.AG,0.17175397208450147,0.2132933657891069,-0.7079686090922329
I5239.AG,0.1051173495944785,0.23683737916874362,-0.7658102423453141
I5240.AG,0.1682212056737502,0.22250622322857672,-0.7623031358911861
I5241.AG,0.1867686509539465,0.23106504261567598,-0.7250886888065436
I5242.AG,0.1988832907188902,0.18754720511431316,-0.7498994413781016
I5244.AG,0.17526424773699348,0.23192708767819206,-0.6916000694348141
I5255.AG,-0.38499390579808485,0.2882193110706218,0.7518117911861878
I5287.AG,0.09904694274551494,0.6183350113227267,-0.8762365850250374
I5288.AG,-0.3503377086789513,-0.4145327957515726,-0.8087039685538091
I5377.AG,-0.8161504396219121,0.3995388610995798,-0.41160520409272183
I5383.AG,-0.5036041351811499,-0.18875447143360005,-0.8839969232573784
I5471_enhanced.AG,-0.2661151490608125,0.015968304070729116,-0.7307674129838724
I5474.AG,1.463471645824381,1.7029574263705443,5.5865957248797695
I5502.AG,-0.720661838409063,0.777408386304699,-0.6725823697768162
I5503.AG,-1.0497982231010488,0.3880002298142382,-0.23937959155667307
I5506.AG,-0.4460702578305911,0.19800088814679698,0.1670521076669505
I5508.AG,-0.43106327254897536,0.29156903550925073,-0.10630779678020728
I5512.AG,-0.7293924372526834,0.057678984249077726,-0.6946032070488994
I5513.AG,0.0013457373414766916,0.5932256596387513,-0.7300138066048871
I5514.AG,-0.4544518230065595,0.03908204415171418,-0.43699778355017993
I5515.AG,-0.31342150104726124,0.5717435789427955,-1.0560461175095668
I5516.AG,-0.1647214634286024,0.9402946646647048,-0.45733674739497443
I5519.AG,-0.5716974375327655,0.3222931176668779,-0.5223423840328915
I5520.AG,-0.2581933225600783,0.5066677788386936,-0.20460580064679856
I5521.AG,-0.4899768621392394,0.4123458103946774,-0.9211044882760516
I5522.AG,1.7395430675290928,0.3578410549135107,-2.0746316640467124
I5523.AG,-1.1087472288995068,0.24196804279561585,-0.13052612237198646
I5524.AG,0.4224331054263657,0.22777020076546564,-0.01946696127074639
I5525.AG,0.27555747186402035,0.5513929148672236,-0.773579729337225
I5526.AG,1.9002176621959364,0.0624148072468748,-2.164254685072903
I5527.AG,3.700766588276867,-3.3131843722066137,-0.7797369288122118
I5529.AG,-0.15957287470558593,0.7095594748228985,-0.14914310412693677
I5530.AG,0.6016978938274804,2.9218765394326054,-0.1043030656064341
I5531.AG,-0.28801445784263147,0.14529561458944457,-1.1397514566632334
I5663.AG,-0.7580649139740752,-0.10400303458821626,-0.9172509583919326
I5684.AG,0.018508591857992324,0.25499080025210935,-0.07195922557147996
I5685.AG,-0.04361597273969756,0.24672376480776725,-0.022422047598593633
I5687.AG,0.07643333278966549,0.29826467096668485,0.14216721581851138
I5723.AG,-0.19731781666316323,0.2265663941071105,-0.007763592856223679
I5724.AG,-0.16192589223380374,-0.01621632409587141,0.35733460930747774
I5725.AG,-0.24847619401513155,0.421260827204508,-0.22262045219682097
I5726.AG,-0.297115106531567,0.4447779833896315,0.09631160291816308
I5727.AG,-0.3990917177813255,0.1959041953486043,-0.4307869723139836
I5728.AG,-0.2595796793294475,0.42054929356196036,0.04075295137785701
I5729.AG,-0.12009244769695868,0.19570362544272338,-0.2818599049943106
I5733.AG,-0.3531679566081116,0.35009586230453776,0.12917511426499592
I5735.AG,-0.18299233775659618,0.5363361399896037,0.1733957619829699
I5740.AG,-0.31378581237309106,0.27512137654104873,0.8214574775166269
I5741.AG,-0.43063686526667777,0.5247740037244059,0.2842246380382385
I5742.AG,-0.48657060742963026,0.44693215499567324,0.4641270557393295
I5743.AG,-0.4196048820430422,0.535137772079004,0.48141774665567705
I5748.AG,-0.38224596411763856,0.45772810995070823,-0.3904802792265561
I5750.AG,-0.22556643072401372,0.8408891922861976,-0.8171029450879421
I5755.AG,-0.7612401678086043,0.22497667974892885,-0.4326080634380284
I5757.AG,-0.6909258940323597,0.5455839843747817,-0.17032377308766752
I5759.AG,-0.5817651796673106,0.37186038418807776,-0.016674928566760942
I5769.AG,0.15180790634045446,0.45394243451027455,-0.06292593915681619
I5770.AG,0.4610634395526219,0.42352539947305007,0.3623271956755114
I5771.AG,0.26789908320197797,0.15627037376548372,-0.7476720847867102
I5772.AG,0.28241055725892217,0.17650635005072368,-0.72729691007339
I5773.AG,0.3659665755466273,0.06173753880697375,-0.7646899872152009
I5833.AG,-0.30562386598620245,0.5561459355564742,-0.5297805634430527
I5834.AG,-0.14986244422839703,0.651400729607114,-0.4705271916316006
I5835.AG,-0.2903364150183938,0.5930404997737576,-0.3894861652690423
I5836.AG,-0.29580104636964344,0.34249284133829455,-0.5854781817948971
I5838.AG,0.7198797720296171,-0.18537406320898192,-0.36899761943516873
I5868.AG,-1.3744947446481837,1.3900020372728117,-4.122148142460858
I5869.AG,0.02161042480425432,0.5270372537516029,-0.8538011362240527
I5870.AG,-0.19532668433180003,0.38129976832410367,-0.9916310630593302
I5872.AG,-0.11561162098637873,0.5897015781908151,-0.8329452795767712
I5873.AG,-1.1339540966331259,-0.6231767126602683,-2.740560806774444
I5875.AG,-0.04997283060922427,0.4078790910425327,-0.9581085370208218
I5876.AG,-0.12359197611379745,0.3617957709900874,-0.8625489473935938
I5878.AG,-0.3179193983057453,0.30875482989608294,-0.786345369729624
I5879.AG,0.08750317319334484,0.23526815098041715,-0.9617018251749414
I5881.AG,0.026632111955139332,-0.029007812253190365,-0.8943882098805201
I5882.AG,0.11925886304213246,0.33267683769724743,-1.0571635869456977
I5883.AG,0.09427426079568556,0.531523720817734,-0.8401826804045718
I5884.AG,0.3151685060856742,0.054836325176965336,-0.7350239417061394
I5885.AG,0.00027942598214396634,0.307290523564997,-0.8561197093593405
I5886.AG,0.016601166303657287,0.360908336662009,-1.1021099464372088
I5888.AG,0.03346983286972117,0.36694310155713417,-0.9695369426334829
I5889.AG,0.16366177259788395,0.2530872804682352,-0.7211337306988773
I5890.AG,-0.06132601322080932,0.39428600466374664,-0.9630643954659012
I5891.AG,-2.402553839568134,-0.5171664064670934,-3.002469858156428
I5892.AG,0.07128469501932194,0.3516180315257203,-0.738843058349106
I5893.AG,-0.01969089837770247,0.22400134542123623,-0.8149084421161881
I6174.AG,0.4715106121585372,0.34790434991941893,0.6891352336898173
I6354.AG,0.6615145871450074,0.37394961587294884,-0.3523800435338984
I6472.AG,0.6877635075996932,-0.3274127070599372,-0.6635609278022863
I6490.AG,0.10862903939947509,-0.06906427070384416,0.15013926525595828
I6491.AG,-1.213576538099386,1.8031408308286394,-4.569577850099641
I6492.AG,0.5711993759633606,1.178612368813684,-1.2798584200339467
I6561.AG,-0.8990251489014819,-0.18802787272321428,-0.08021789957513549
I6573.AG,-0.6030324269606856,0.13137045006134354,0.7651939427167629
I6574.AG,-0.4991494943474308,0.29041491514650036,0.634542510169774
I6609.AG,0.5338304571206148,-0.8098289851640531,-0.3483467668033778
I6622.AG,0.9521923118480393,0.0038345941829604274,-0.48980187180577767
I6661.AG,-1.6710939981097266,1.3346706611962733,-4.499762040393281
I6662.AG,0.6160160742474468,0.28323527684103467,0.6856995953291412
I6663.AG,0.47334599711189396,0.02914005904839225,0.37858805011435637
I6677.AG,0.7573149741510302,0.5350634369147343,0.7352580164155372
I6679.AG,-0.5540545989902151,0.04083277908748589,-0.6038141467548244
I6680.AG,-0.7466707507023724,0.7019455248376951,-0.3003102358195249
I6695.AG,-0.8251776868958841,0.6121276232595241,-0.4208680915690003
I6696.AG,-0.9149840984601139,0.22550763743997104,-0.8502608301733956
I6699.AG,0.5938297768711617,0.7506767015417947,-0.07037620620305753
I6744.AG,0.48142708638809356,-0.09261997663130682,-0.8674474501912611
I6745.AG,0.5037625676370358,-0.12953985579155725,-0.8235199085839029
I6746.AG,1.2619531721766788,0.13892683036964332,-0.29056781457339176
I6747.AG,0.9871240542623273,-0.04565785624563738,-0.1368838553441906
I6748.AG,-0.578657810122902,-1.348432743262014,-2.3966624568085693
I6750.AG,1.3397535604881656,0.0040437715331212995,-0.13004506901297339
I6751.AG,1.1276536514944073,0.06030461640592672,-0.4093901470744644
I6753.AG,1.1505135802097637,0.14071479404178516,-0.14095654063019702
I6754.AG,0.5559335155350409,-0.15107219706017705,-0.7452684803611902
I6755.AG,1.3209853245949854,-0.03405648121663608,-0.4922746358830095
I6757.AG,1.2895430237321879,0.15761395042014992,-0.3376401688238111
I6759.AG,1.0107885639301175,-0.07687639103969618,-0.46683054651269296
I6760.AG,1.4847359706621,0.008966012240608693,-0.029176374134763792
I6761.AG,0.9007157645148488,-0.08946883813126115,-0.31502204067677186
I6762.AG,1.050986273127218,-0.05286353363800849,-0.11981486425247626
I6764.AG,0.9301512477782033,0.26063110330681916,-0.41529919646978813
I6766.AG,1.2888556741442534,-0.04784486560189015,-0.4978378020563131
I6767.AG,0.5101348282640872,-0.1289387561896476,-0.7066947133008092
I6769.AG,-0.38753640023321406,0.25553689861596146,-0.6061053407785472
I6771.AG,-0.10622260451249474,0.3126266064923573,-0.6229816106369621
I6774.AG,-0.4952035240297741,0.18488568005096717,-0.3737582386076951
I6775.AG,-0.5179390156390632,0.3266084624795184,-1.006266421868273
I6776.AG,-0.5250545021707578,0.6548321422742723,-0.4932983548088695
I6777.AG,-0.4311672839798232,0.7551199158070963,-0.475520226379783
I6778.AG,-0.6991190996748682,0.3943682373295305,-0.6045600359968852
I6913.AG,-1.7701092996163268,1.6543413150814459,0.0841624058330565
I6922.AG,2.4673877373223894,-5.246131385648111,0.5781272233578832
I6923.AG,-0.20021977286062784,-0.11647351538175534,-0.040062821360177796
I6924.AG,-1.4641738253540524,1.02439898925987,-3.7987492752803513
I6925.AG,0.9402676485159643,0.9969461811783965,-1.5567406741804886
I6928.AG,0.330182933862155,-2.2548718688296985,-2.001288276752831
I6932.AG,-0.990987365314278,2.464906000293185,-0.09644750392813858
I7002.AG,4.44482134261012,-4.419539593851428,0.6599379442105255
I7003.AG,-0.36389778568195463,-0.1573733956990656,0.22440473751336976
I7040.AG,0.07714528058157692,0.6905228200972097,0.3038191355379022
I7041.AG,-0.07718917831751204,0.13895843367258767,0.05012432799966894
I7042.AG,0.558434504643115,0.8113159266181442,-0.006529212080205721
I7043.AG,-0.08962257168345793,0.06629833071918353,0.03656777412063309
I7044.AG,0.7273965217497599,0.7421888076868178,0.09405531218548954
I7045.AG,0.813459958412378,0.6543213814840846,-0.3100560990154256
I7126.AG,0.6372673477671864,0.8242907844143097,0.12297600823288483
I7127.AG,0.9655874635488549,-0.013010380462288989,0.606096574380664
I7128.AG,0.4046257895688434,0.8076677348720239,0.6123203949374707
I7129.AG,0.5677220084498154,0.7433009048711248,0.40290628018966906
I7130.AG,0.11875475245529436,0.7638905563498426,0.5498331781780759
I7131.AG,0.12270436352349828,0.6799029443385068,1.0296305617375303
I7132.AG,0.6895121213341985,-0.12557457904002436,0.8305435095693753
I7133.AG,0.20975675106553418,0.9536384184132425,0.43740866267193007
I7134.AG,0.7340333336883372,0.353905207481698,0.6017527434356577
I7135.AG,1.33140679387268,0.5003933612910794,0.2994585019998505
I7136.AG,0.5353997659146404,0.6671168844841685,0.43164294110646956
I7137.AG,0.6589841448943873,0.7059107003533791,0.4990615322411394
I7152.AG,0.7061590585278722,0.38078998682953,-0.3396379842995796
I7158.AG,-0.8884134393465639,2.5122767141433098,-0.11509936327368978
I7160.AG,-1.0816479085562092,2.437275122389744,-0.08664446289717218
I7162.AG,0.3051382718404483,-0.6573355604848914,0.24466930411362361
I7177.AG,-1.1898721796978153,2.391238327312317,-0.06805257734418653
I7179.AG,-0.49348370468513086,2.642141115037849,-0.16634081716369759
I7180.AG,-2.93102557545034,-3.9623205052741293,1.4971221928711296
I7182.AG,0.0993492158852825,-0.2679166599871467,0.35323533982807087
I7184.AG,-2.4274952290159066,-3.8204630756544247,1.3306615995677344
I7186.AG,1.1157693076140147,0.41816752252149325,0.23998153542522432
I7187.AG,0.7643757501578295,-0.6574858087385013,-0.1502540376383922
I7188.AG,1.095341765504631,0.4335547225483926,0.21296430001878686
I7189.AG,1.0251355888779288,0.22174975651341602,0.42879539765714947
I7191.AG,0.9552801802370555,-0.3461506426317179,0.5290241624800693
I7192.AG,0.9994393658600587,-0.3990716763993402,0.14797291263261472
I7193.AG,0.6977204794857623,-0.4401992810829279,-0.8656416689306266
I7194.AG,0.43012115469438233,-0.10208614988131805,0.4478650938267924
I7195.AG,-0.3790553837132835,0.2958962597063591,-0.546783245727264
I7196.AG,-0.6264179150443139,0.18033522396612825,-0.9710117082710167
I7197.AG,0.4524596937886689,0.46357960324884506,0.2840579336423032
I7198.AG,-0.7246284720769682,0.4323518078116411,-0.6012210094482243
I7199.AG,-0.8920964127712436,0.5749341413063898,-0.9160735367990958
I7200.AG,-0.34578874054751574,0.38190885488139936,-0.9661878847647137
I7201.AG,-0.4538475579067904,0.2007793208083007,-1.0196660498075705
I7202.AG,-0.4183798825337878,0.34160482934238395,-0.7244189541472303
I7203.AG,-0.06317067872126653,0.1749523945858983,-0.4863474982150001
I7205.AG,-0.48593395313149534,0.05785386842250987,-0.19778340919421075
I7207.AG,-0.9597456683367512,0.01942253392667319,-0.5096425356457721
I7208.AG,-0.3077606522965,0.1358017004635458,-0.18079845438452197
I7209.AG,-0.9096918717495337,0.42065106114097117,-0.2137247377879816
I7210.AG,-0.17105556778645883,0.5132606693176806,-0.622704189399183
I7211.AG,-0.38477421536499007,0.18839625848056282,-0.7425021519396937
I7212.AG,-0.1844379134708462,0.5819755605875103,-0.6712658096243072
I7213.AG,-0.2595273889688218,0.2781290471802635,-1.0529158977082127
I7214.AG,-0.23820731322224048,-0.13595990859177334,-0.9685888608059747
I7217.AG,0.15201904743684522,0.6133945643265665,-0.03006688821578105
I7218.AG,0.00846813358129484,0.11940888462764594,0.6897293198014169
I7219.AG,0.1896721256525374,0.6322520369758409,-0.02491404017169754
I7221.AG,0.14060438751093524,0.42191548942460055,0.6489957403934054
I7223.AG,0.038789422871238904,0.5527372754921283,0.9773094388940804
I7224.AG,0.16596855073879757,-0.35507777560494963,0.5690596065993676
I7225.AG,0.40868780758015705,0.19970951682632568,0.2483496163632844
I7231.AG,0.33799925966780175,0.30040414371842594,0.549501769351395
I7233.AG,0.18515855376208507,0.7020558470517566,0.5425832483282524
I7249.AG,-0.20175900828600157,0.2914377098418105,-0.9382836685580022
I7250.AG,-0.5975168481477521,0.1262018140048489,0.04425551738385595
I7251.AG,-0.1843483793772282,0.5801148170352913,-0.8503250419702905
I7269.AG,-0.6873550056862315,0.9664530993958739,-0.2594499609918143
I7270.AG,-0.17539377483410334,0.274062680965457,1.9092455465847615
I7271.AG,-0.21998038020403618,0.31878398106458505,-0.7607943115608455
I7272.AG,0.995361838843112,0.4354862612441465,-0.11580675720998765
I7275.AG,-1.106037266610186,0.2018839685324322,-0.5407243187095684
I7276.AG,-0.626861421596151,0.49688200814270256,-0.9209868828707157
I7278.AG,-0.3181819343457194,0.3705628575897775,-0.6317419745736795
I7279.AG,-0.38449338403644484,0.6626875787311239,-0.5338612429658911
I7280.AG,-0.9027720337409805,0.48678931826994193,-0.7499135174896993
I7281.AG,-0.6005220551714349,0.3664395793857999,-0.8627253887840871
I7282.AG,0.3261712726747218,0.4590514537930413,-0.7681550075190537
I7283.AG,0.5568882913690265,0.45412059480842953,-0.7210438469488073
I7286.AG,0.10309468757613974,-0.05027811715448232,-1.0218555134927958
I7287.AG,-0.49807690277318156,0.3288698612205369,-1.1722874027857586
I7288.AG,0.00961487563847468,-0.13402935328972412,-0.8371256972412081
I7289.AG,-0.31400351953431266,-0.1872713841497978,-0.9371694640111692
I7290.AG,-0.11847528994400147,-0.018343695819774207,-0.9267600101175368
I7398.AG,-2.8445919190922333,-3.857460156727666,1.1723573509639487
I7399.AG,0.33830158094165447,0.31700163750054466,0.7148937022642452
I7423.AG,0.43614277603508844,-0.38794831247222356,0.2898936032007092
I7424.AG,-0.01590623095389392,-0.38974014819538205,-0.14947680829344331
I7425.AG,0.05391930652956252,-0.6063834118678761,-0.11170182617884648
I7426.AG,1.3456272209708144,0.759260735176896,-1.8221412335771954
I7457.AG,0.0349002770632281,-0.5900640878625446,0.15629052057009535
I7458.AG,-1.2423408716856519,2.362015367382123,-0.05497661366786759
I7497.AG,-0.007485425724504621,-0.2909779288558023,0.17391307499030237
I7498.AG,-0.2216645542109532,-0.6007854068626275,0.2826312544123324
I7499.AG,0.03445449383168423,-0.637823323903607,0.010024795675145875
I7500.AG,0.19199071243850158,-0.1947061479977096,0.07370047247231255
I7538.AG,-2.727777080220393,-3.912893753058279,1.4595630458161857
I7547.AG,0.40981358117223793,-0.16803118662651445,0.1689449575417944
I7549.AG,0.6812148900595515,-0.006325046237613217,0.1786610580026332
I7550.AG,0.7912731912488937,-0.3089985356908758,-0.40434844783260343
I7554.AG,0.7101565518590154,0.14010451349896355,-0.3474114437343677
I7568.AG,-0.7748361517692746,0.07363207017301729,-0.0580915570205793
I7569.AG,-0.33584283146420213,0.4917041305128625,-0.8803487205219971
I7570.AG,-0.2636037151846857,0.6780249125641669,-0.5847648063762962
I7571.AG,-0.2183886023329307,-0.014268676822232899,-0.30515845632553784
I7572.AG,-0.048613222680900854,0.6799890963241113,-0.28509633397317174
I7573.AG,-0.5975724467114263,0.5992184221066387,-0.1449666929029008
I7574.AG,-0.3854425810786097,0.9717171747149995,-0.2709742349888509
I7575.AG,-0.6109424394607017,0.6536876689017596,-0.8508068847130354
I7576.AG,-0.5507345784360528,0.7697573353733769,-0.18323602126977567
I7577.AG,-1.0585164669075136,0.5034169376469936,-0.29432243699880906
I7578.AG,-0.3695436359136712,-0.019959062010988623,-0.8120244941521895
I7579.AG,0.005484966401965116,0.18490052567192744,-0.08881765775484537
I7580.AG,0.0026137936854545695,0.14434687817551456,-0.12734753429325263
I7585.AG,-0.7470199778450882,0.7549999763270738,-0.6405384146846447
I7587.AG,1.2753992184271774,-0.1813376945802445,-0.1935806956958969
I7588.AG,-6.261699735058344,-2.3259596282622668,0.35657249936982066
I7594.AG,0.9287440265890656,-0.6325524045236015,0.4647190359486799
I7595.AG,4.035601025990822,-4.876522643324108,1.0123058487721188
I7597.AG,1.4448299072629387,-1.0857648390245704,-1.9213988697888034
I7598.AG,0.7544339761417791,-0.5886304383545752,0.1331904235099239
I7600.AG,0.8898594517610176,-0.659851180159382,-0.08869670884403996
I7601.AG,0.9038624391084095,-0.4053386645055292,0.1141974981956581
I7602.AG,0.790718312695293,-0.6565245762453628,-0.41104376202965204
I7603.AG,0.6759626440588995,-0.3517349934178347,-0.35089976201866496
I7604.AG,0.7058980736999295,-0.632372468195964,-0.4103806156079055
I7605.AG,0.8312048876487426,-0.5553195612146204,-0.5599755207466097
I7606.AG,0.7416059310468744,-0.4977739026300946,-0.37678060055561025
I7626.AG,-0.11180878899196581,0.13042915519660098,-0.06521568273467118
I7627.AG,-0.9208756952901272,0.6633048574463944,-0.20525106932947926
I7628.AG,-0.3852972268055197,-0.03333019513568058,-1.1002209116431243
I7630.AG,-2.0074771340072735,-0.7864135720514384,-2.626211636758964
I7632.AG,-0.22128943025840053,-0.18713778408319642,-0.242468571445219
I7635.AG,-0.5210038425422606,0.9810833571292085,-0.5030207986964318
I7638.AG,-0.6639744271908661,0.6151617942927147,0.005089797267911762
I7639.AG,-0.82957831178181,-0.15081850826408197,-0.49133326842581965
I7640.AG,0.060944801124759945,0.47416718645063993,-0.25238099433414285
I7642.AG,0.909438067450931,-0.7922525657276096,-0.19156654466990003
I7643.AG,0.7388446248458598,-0.007629823828347394,0.08747299559352828
I7644.AG,0.4257946395866355,-0.7756565895434387,0.12792979755269376
I7645.AG,-6.0014774396902935,-1.6599169814305899,2.6837684436309175
I7646.AG,0.760497837265062,-0.7663019132686612,0.008797684339862758
I7647.AG,3.1222702177894797,-3.2324819111575365,-1.0368757751687205
I7672.AG,-0.32250100463245196,-0.3220905578645104,-0.31788564446690853
I7673.AG,0.22696410851981996,-0.016954611183553892,-0.27585321112400574
I7674.AG,5.8558024677919445,-3.2058697225035386,-1.9433471352494178
I7675.AG,-0.30672763689612637,0.2682765941177083,0.5656466069792221
I7676.AG,-0.3717378086174395,0.3458179376230868,-0.0900986032785845
I7679.AG,-3.028269019333318,-0.6199743852485323,4.263446193544662
I7687.AG,5.068685361714225,-3.764227588223209,-1.3632429575687326
I7688.AG,-1.4908437999564186,0.8395425387829238,-3.647956212799264
I7689.AG,-1.9279769696603632,-3.3835030462515676,0.14401624068742033
I7691.AG,0.9226799381492394,-0.6945652031509277,-0.05405946805460599
I7692.AG,0.48335230588807304,-0.16386433105933845,-0.10154809146269714
I7712.AG,-1.3066848590992879,1.583020178472592,-4.315245577304059
I7796.AG,0.6406016275675158,1.0249062105667943,0.761765727212
I7800.AG,-0.2188924220649394,0.10053826023849678,2.0783821448945736
I7807.AG,0.4090741010625341,0.21666161209315726,0.6587148998738769
I7833.AG,-0.06169155568355205,-0.5094921938824585,0.29612062190985167
I7862_d.AG,-1.7104762266040427,2.0254871285082294,0.049976648583686646
I7867.AG,2.917108689413145,-5.033554820278077,0.15480785748177517
I7868.AG,0.6577494932885235,1.145099952710852,-1.340294176280034
I7869.AG,0.9691135283272614,0.42389582430156303,0.5987414578572247
I7892.AG,-1.438189896581676,0.08727679752657053,-3.1282678311421077
I7893.AG,0.37187373580635236,0.32389083197536367,0.5447253221955296
I7894.AG,0.514819345473598,0.34138370427683135,0.4711325093424255
I7895.AG,-0.30863758853923595,0.20278585070587274,2.092720625807423
I7896.AG,0.7035694257647125,0.5635314718952068,0.23864850927717066
I7949.AG,-0.5099949362663337,0.07684899581558238,-0.8304957593437958
I7950.AG,0.8332618800994968,0.5461397179829302,-0.40183366699124634
I7951.AG,0.0927654123012197,0.4449357574437953,0.45269044045863494
I7952.AG,0.4325025933942005,0.38475338365968087,0.35745546607933576
I7953.AG,-0.5053201351164324,0.17359692939212848,-0.7316467007716929
I7958.AG,-0.6154176723053734,0.685872946020853,0.11029802873843249
I7959.AG,-0.3006236334022898,0.35087995391309584,-1.0527283197346102
I7960.AG,-0.37269410782121204,0.22189658255625613,-1.0959409150328199
I7962.AG,-0.8427688019970754,0.7815002998602728,-0.022570169457601534
I7963.AG,-0.6501313725444102,0.6403598109591122,-0.6898405663910079
I8045.AG,-6.510125131426797,-1.7426082799754514,2.0619126081149326
I8048.AG,0.42267457642057116,-0.1305624131055182,-0.3346067003845309
I8104.AG,0.6668199685147004,0.11468989023547889,0.7466110478907334
I8105.AG,0.6808756281984467,0.7239374293429724,0.8844546060864329
I8109.AG,-0.5885643160565257,-2.6707628275046797,-0.7956277174904111
I8112.AG,0.17019133483343907,0.08607225717152468,0.09531289205659334
I8116.AG,0.44881482002626555,0.07329760593245983,0.9363894459976655
I8117.AG,0.9692879568414203,0.427646730439306,0.2990073844344959
I8130.AG,-0.7245701401026644,-2.744382819263509,-0.7123534127532958
I8131.AG,0.7265077179784838,-0.22250672039470146,-0.24222873789437238
I8132.AG,0.6841098112831878,2.9317558946770004,-0.07329981527069136
I8136.AG,0.8980676772382647,-0.5251705779887467,-0.13535220856650776
I8141.AG,-0.8125387165000278,-3.0612226188047544,0.27093505145735564
I8144.AG,0.6262682524643685,-0.9166541039668005,0.16834945677055327
I8145.AG,-0.12350600179001638,0.18140503504859987,2.0502601822442
I8146.AG,0.046616049386186575,-0.5140555646548278,0.14281103154012104
I8147.AG,-6.653193906882404,-1.8081320417210094,1.678252244477356
I8148.AG,-1.4833609018019476,0.24967604807630342,-3.232496337723859
I8149.AG,0.9088752769583645,-0.023387816138151767,0.40535722485299036
I8150.AG,3.289018132186571,-5.504033847890008,1.4714501461812037
I8153.AG,-0.15712227002071727,-1.8073186917930983,-2.1999115182811617
I8154.AG,0.926597441742548,-0.5125207965777129,0.36417680445464456
I8155.AG,1.335477134908503,0.7506962754849895,-1.8195508226215942
I8156.AG,-1.8490615317260575,-2.394225597521183,-2.2128096562412196
I8157.AG,0.456395105552957,2.901462062605661,-0.15427234945645477
I8158.AG,-0.23133828008104326,0.17875048659292087,2.1015727803738087
I8187.AG,-0.2526627970145797,0.006330928535632987,0.14523622175258313
I8188.AG,-0.09928295506510869,-0.34863327139833244,0.1816816061899748
I8197.AG,0.8079661261578871,-0.4997055093571212,-0.26978159441805233
I8198.AG,0.8790038964104645,-0.6087809476883578,-0.21795875604812498
I8199.AG,0.8237048608008359,-0.04320737379401585,-0.0517145094301641
I8202.AG,0.43753629147215456,0.4548712881636327,-0.5556865030819482
I8203.AG,-0.14150587292728073,-0.21701038269296322,-0.11278920865609716
I8204.AG,0.20947851281282126,0.08068842992404723,-0.0247317744967779
I8205.AG,-0.6341186434712344,0.20023185301362934,0.44124796004518274
I8206.AG,-0.266338417980134,0.2552341079993955,-0.2672167459490043
I8208.AG,0.1261645369208016,0.18455424630935574,0.8948366874352711
I8209.AG,0.07824287919232681,-0.04101411112545692,-0.19568924375265634
I8210.AG,-0.0738038833610726,-0.03025413068381279,0.12191887308102048
I8211.AG,2.492713357919229,-2.404678189622119,-3.284664158053554
I8212.AG,-4.038451985177872,-1.0028589899965916,3.823181472376799
I8213.AG,0.1750413785396885,-2.1866617351380304,-1.2375646277834214
I8214.AG,0.2511326129269039,-0.37048812787538027,-0.16354448382423392
I8215.AG,0.4624482821819103,0.49600115610146267,0.43053368277947046
I8216.AG,0.10928002668829268,0.39119400735112114,1.9740779691940793
I8338.AG,-0.2547756873516086,0.17644078825583806,2.1240333658261297
I8339.AG,0.19041780970580063,-0.029954932636213082,-0.4219448175628062
I8340.AG,1.3642672985638506,-6.27238598684196,2.0243382201602347
I8341.AG,0.3818264831925681,-0.3529179965789264,0.026827496642235663
I8343.AG,-0.7036192005314076,-0.25464150809095454,0.36796634791918464
I8344.AG,0.7029726487156556,1.1227305997469765,5.456550192702805
I8364.AG,0.757409266337485,-0.7281044830987029,-0.19443288485456253
I8365.AG,0.6880412582277566,-0.45725008670202977,0.17501556254376466
I8366.AG,-0.23751094271367723,-0.26431693206163404,0.6121434074219564
I8367.AG,-0.35915396974062275,-0.3229745660075655,0.6110613870795581
I8371.AG,-0.5060189338909324,-0.3436927317855318,0.73219349776687
I8372.AG,-0.07462381030974835,-0.3886318881953409,0.006342701872644482
I8429.AG,-0.8683666002342357,2.502614311705595,-0.11010963082081536
I8471.AG,-0.32824425300260246,0.5302808427775919,0.2834333379914079
I8474.AG,-0.13486360943225853,0.16053777450227824,2.084079046713348
I8475.AG,0.5544052840338893,0.08320378648096823,0.014065018840918105
I8561.AG,1.1633573876583898,-0.13827382681323447,0.22663158193120742
I8566.AG,1.0820738667736904,-0.5941434335430891,0.01624754301167168
I8567.AG,1.0177448843340415,-0.6213256654769764,0.16802597978277264
I8568.AG,0.8825158889109642,-0.6852619347132863,-0.24795999214116657
I8569.AG,0.8791033431656721,-0.8799198272761951,0.05625511994552919
I8570.AG,0.9718304454727269,-0.563301874429796,-0.09439572658186597
I8571.AG,-0.9161845274810917,0.22131293227843013,5.046599938085383
MA826.RISE00.SG,-0.6485559137029424,0.5000556632388222,-0.13546371245497457
MA968.MA976.SG,-0.7151735787084327,-0.20975727499755395,-0.0015398949673018781
I0011.AG,0.23001539377714184,0.10387550102947105,-0.9250381150109654
I0012.AG,0.2082136513761333,0.19572229437442307,-0.9001537959113572
I0013.AG,0.2770541745936238,0.046617007393761324,-0.8745799711309115
I0014.AG,0.1857812607550429,0.10580374360016499,-0.8308647799870131
I0015.AG,0.2219094194510521,0.18895561790897075,-0.974115862264786
I0017.AG,0.20144742808913857,0.14251571528006607,-0.8974729690414261
I0022.AG,0.6212529208125885,0.1735050062434739,0.7484481295905837
I0026.AG,0.350587699006924,0.7229787225018942,0.8991217230509362
I0049.AG,-0.9354825125170518,0.5631208879555741,-0.04834793176999618
I0059.AG,-0.32134751692591595,0.22759623626491107,-0.2188502741733741
I0060.AG,-0.3305239253688402,-0.1820338444693193,-0.3459002966766608
I0061.AG,-0.5579667834799353,0.2765876985125813,-0.4592536361385638
I0106.AG,-0.9457165194186256,0.34479272138734435,-0.1234842565898911
I0108.AG,-0.3206133860219992,-0.17600037256880854,-0.4898973468144622
I0111.AG,-0.953818943304736,-0.1839223591533269,-0.46443680415645006
I0112.AG,-0.14961759106581238,0.76252678570586,-0.49015301230764735
I0113.AG,-0.67708842692322,0.022704569676557776,-0.6369085669829564
I0114.AG,-0.9305089838807126,0.6460511813104258,-0.04727664818678318
I0115.AG,-0.37787932923106504,0.8054338342348076,-0.5451788399322893
I0117.AG,-0.8873295298209689,0.6758040497523355,-0.13951712109553116
I0157.AG,-0.3590003668924476,0.6898414347375307,-0.02850725943293135
I0159.AG,0.03589253900188327,0.1461290809415845,-0.5110055674012433
I0161.AG,-0.19937716010872192,0.6228961868178013,-0.26259564632088644
I0164.AG,-0.742108439837082,-0.07536090079840521,-0.4448067609461016
I0171.AG,-0.8027308513544341,0.42175903722454994,0.07928484123622516
I0174.AG,1.1039886272815416,0.3347608597202212,0.6027712491138167
I0176.AG,0.5710436448426909,0.5328152428623041,0.7201345362064511
I0257.AG,0.5732267604082227,0.2715254340171298,-0.16518951010241736
I0258.AG,0.5496639241229061,-0.7876817355308785,0.21693204008223377
I0260.AG,1.1567538413423775,-0.11591954361249163,0.01996443960753185
I0261.AG,0.6656040070055554,0.28062478822814424,0.15279240153902443
I0262.AG,0.7376985079939742,-0.04865323051249322,-0.11072049108781351
I0263.AG,-6.593033538913584,-2.118565000848524,0.9820209741210363
I0405.AG,0.8212760915661084,-0.54909747836426,0.15816107313468683
I0407.AG,0.981448964331742,-0.6492919069760027,-0.1903041592705483
I0409.AG,1.0416717269556268,-0.49625711915158166,0.1435992394657711
I0411.AG,0.8197508677245355,-0.2232992488066715,0.3929382586077014
I0447.AG,0.6904480697249942,0.39889092783630486,0.051580904015271295
I0449.AG,1.038057732472887,0.40542691858692037,0.49532506592549724
I0453.AG,0.11186169223165336,0.5370568854034614,1.9348090254849561
I0455.AG,-0.027245906476788734,0.18891037434495464,2.054443576154698
I0456.AG,4.894994378422864,-2.221762747435243,-3.0645026413150434
I0457.AG,-1.1260488651817306,1.9941240595521625,-4.839053582442719
I0458.AG,0.5356625237009192,-0.6288233815315405,-0.08837997548758758
I0459.AG,0.6188797311519941,-0.8276985706063217,-0.19445651123429028
I0460.AG,0.6919583769033987,-0.7808782823401791,-0.3139525918621118
I0461.AG,0.8563826321340909,-0.7730865787236806,-0.19141943755862295
I0462.AG,-6.612257505890042,-1.792982748872429,1.8009417587526548
I0531.AG,0.0859842324344528,0.35090091381130406,-0.39690193277698255
I0550.AG,-1.0143575112442493,0.4067313041150914,-0.04448949363977994
I0551.AG,1.2438940398679725,0.18849738262106475,0.3713038540685545
I0559.AG,0.9703886507139486,0.21896930201479992,0.5670605480435386
I0560.AG,1.228678940562878,0.3034480022103176,0.2617129703367554
I0633.AG,0.5481099889391418,0.07590791972703965,0.7611654521318852
I0634.AG,0.9434832351958284,0.2814084161089931,0.8783871863603894
I0644.AG,-0.11491839493903148,-0.09632318553495604,0.308208826595188
I0676.AG,0.6405136285019942,0.159363532119186,0.5485630860001497
I0707.AG,0.3685467222856962,0.44230588155356004,0.3712811369827051
I0708.AG,0.627792575379867,0.4876709996610485,0.800411202313755
I0709.AG,0.5290539889301091,0.4413040491055258,0.43795911550919175
I0725.AG,-0.07285290793333551,0.17509997219665285,1.9379871830114588
I0736.AG,0.704716929751981,0.45802798579762605,0.6686083438078181
I0739.AG,0.6794594017611165,-0.16311852993396367,0.38081766153600843
I0744.AG,0.44882216995398333,0.39008238440315385,0.40327099278577316
I0745.AG,0.41229049451229394,0.2940803409310805,0.45620312019616
I0746.AG,0.44068209257105195,0.2698553439508606,0.343299731340042
I0769.AG,-0.3283230661426638,0.39018181220832265,-0.12480973973202496
I0773.AG,-0.11874008885497878,-0.2623309504892429,-0.12206978580284798
I0774.AG,0.22363076789501576,0.11170404472525756,0.2603389330552713
I0777.AG,0.11294818839382653,0.04113473590189042,-0.18758725490693992
I0781.AG,0.723858789169289,0.7355659512982682,0.7919656294059649
I0785.AG,0.47739320000328256,0.38280354383492976,0.6227565495870643
I0791.AG,-0.0331452310943921,0.58691917438524,0.17474199745290786
I0795.AG,1.0408769928218542,0.36686776109123004,0.7955919194644332
I0797.AG,0.7918719021288032,0.49362807705501816,0.7162420364044297
I0800.AG,4.416789372976491,-3.4722723454024487,-0.34665754193068965
I0802.AG,-1.3566852610415565,1.436533829138283,-4.16693041112108
I0803.AG,-1.02500779281675,0.7168927282086414,-0.9107180682195776
I0804.AG,0.20006838251192421,0.8012569165863651,-0.528122756652661
I0805.AG,-0.7848958409489366,0.4301577339174582,-0.41333942536909823
I0806.AG,-0.5785543249338875,0.5108192474440623,-0.6025289309988612
I0807.AG,1.2339553865669421,0.3060792463361915,0.3404051044604143
I0823.AG,0.804322009654503,-0.317095977862616,-0.1697053559757642
I0825.AG,-0.03924734919205783,0.22558509259670667,1.954808306898419
I0826.AG,1.0660219046545774,-0.3917305649568781,-0.06257189736494537
I0840.AG,0.6223992008953788,-0.074029280923522,0.09072024324683
I0843.AG,0.4577546336890929,-0.45985105023098666,-0.6534893688250902
I0867.AG,-0.02124177005072862,-0.0783056143126516,0.22795982405674936
I0963.AG,-0.5508553649994736,0.32018319069214074,-0.64136533623144
I1096.AG,0.3183932961407725,0.5799700594284666,0.1931260292012006
I1097.AG,0.4412601605726045,0.5669058201436915,0.3186953261390382
I1098.AG,0.527600143508929,0.42651117929636234,0.5361283566509005
I1099.AG,0.45034980037616695,0.30280483260604246,0.3997246344763291
I1100.AG,0.5550494382780231,0.37916206533117786,0.3067779683548338
I1101.AG,0.34181709727071397,0.5261732647931378,0.33049921594125936
I1102.AG,0.2499627562556302,0.8431084951698119,0.3119030223043723
I1103.AG,0.461991491885789,0.555433606031502,0.16880989672860364
I1131.AG,0.40823044996278196,0.5390637787738098,0.13606728898808707
I1152.AG,-0.18007064340960677,-0.16387306956790362,0.3236127054410709
I1155.AG,0.057971643252401124,-0.22043872232209838,0.5069459626413564
I1164.AG,-0.208004820500072,-0.14916944871817372,0.250479471578025
I1165.AG,-0.23469783453565626,0.008531162850641478,0.31712557758640425
I1168.AG,-0.12763580003442063,-0.14375713614956628,0.20196265895058252
I1170.AG,-0.17077323660951224,-0.22341905962379155,0.3971171066825665
I1171.AG,-0.2853801065734723,-0.3793919588211972,0.29192120316811854
I1172.AG,-0.030623204988325627,-0.3361789054003361,0.5326516789627611
I1177.AG,-0.09609811633012304,0.025570862189376032,0.0040952007571043985
I1178.AG,-0.0006443171962524768,-0.07864443688340365,0.2803696705742771
I1179.AG,-0.27581986677745446,-0.08543207935922666,0.4414698559633167
I1180.AG,-0.38359993211787885,-0.14177480832490458,0.28274493883893254
I1181.AG,0.07659652026790435,-0.24334538184249202,0.3351353234229918
I1182.AG,-0.05499273051914773,-0.049698818636170185,0.34273311455781585
I1184.AG,-0.2610570759464397,-0.1541241024634461,0.310895656870352
I1187.AG,-0.23815407400905003,-0.20837452134328222,0.05716666145661194
I1271.AG,0.8099165723763904,-0.39636715465416755,-0.27582545724001334
I1272.AG,0.849983397422634,-0.2772999870147464,-0.5344823386493746
I1274.AG,0.9335801134478983,-0.5169590312635959,-0.4066900900438477
I1276.AG,1.0575160239294128,-0.5255759600602471,-0.23956288485823682
I1277.AG,0.8317307297617614,-0.340222177130611,-0.4309255685093045
I1280.AG,0.873838168568269,-0.30891137471414604,-0.6676178643871991
I1281.AG,0.6583843462685537,-0.27922067593989075,-0.4179253208638015
I1282.AG,1.0852006664979863,-0.2208968572424875,-0.37532616522981116
I1284.AG,0.5855917130879646,-0.019861396455349324,-0.34497890611617954
I1298.AG,0.7466269878384756,0.24709775125446953,0.1404378118707705
I1300.AG,0.8234592581187516,-0.6641037912468664,-0.37267994277297833
I1302.AG,0.9308009785866621,0.07948430962316003,-0.47387270310700713
I1303.AG,0.7936570537635139,-0.5124479672041964,-0.5686564325509754
I1310.AG,1.2044278110296507,-0.1152775690636393,-0.12566716260842115
I1314.AG,0.7681480840718771,-0.1587855945327756,-0.14637560837463243
I1381.AG,-0.4562683791128799,0.8239820229979521,-0.582988161990657
I1382.AG,-0.16924969325179137,0.6782414940167336,-0.6960202650364582
I1388.AG,0.5417577567222297,0.1436483667393036,-0.28030724501414717
I1389.AG,-0.8421878789381463,0.3763398903910249,-0.4492417544358365
I1390.AG,-0.7642282137637949,0.3449372873928549,-0.6528662017667128
I1391.AG,-0.0524979466286236,-0.11685777723674608,-0.5955528160223063
I1495.AG,0.8508018969696842,-0.10447443092883758,0.3176943562541072
I1496.AG,0.5186551349314711,0.32770743026630417,0.3134850331895192
I1497.AG,0.4984879271166712,0.038918990985592206,0.40989339496680544
I1498.AG,1.0036525315280336,0.8256361699449023,0.3160578435366942
I1499.AG,0.6842352147564177,0.979950580822642,0.18907151314755363
I1500.AG,0.7003801810846971,0.577731284020877,0.4533219656866972
I1502.AG,0.32136077160376886,-0.32752024157113335,-0.5335322974474951
I1504.AG,-0.09165945815852049,-0.2000902764201133,-0.2738605791694413
I1505.AG,0.8514531700309549,0.7201899869764555,0.025657514493486785
I1506.AG,0.8895277664469152,0.5782796011599233,0.3720057628106
I1507.AG,0.2992772356501546,0.1473868774353772,-0.6884475589598711
I1508.AG,0.6485961477146244,0.6345569077856532,0.5190432821611719
I1530.AG,-6.070647551514353,-2.3924443867887675,0.12796608900901385
I1532.AG,-1.209879588983633,0.538488364997307,-0.8461998672897557
I1536.AG,-0.758285701597291,0.3070303376785602,-0.5409635209535721
I1538.AG,-0.5917579299440757,0.4151440517637965,-0.5257560694394431
I1539.AG,-0.8786868090685122,0.7224805168143694,-0.7839260982198987
I1540.AG,-0.024476080179803975,0.01915894681827157,-0.4614639264001983
I1541.AG,-0.44217790175545524,0.17471885910614116,-0.31147124649999547
I1542.AG,-1.1245300996650682,0.4867730854687524,-0.2376357630249563
I1544.AG,-0.7881714978256675,0.08862195184092438,-0.402752314672425
I1546.AG,-0.29502827982846486,0.23487079664311483,-0.8071893681637099
I1549.AG,-0.32924302143722156,0.28323207730360234,-0.5490493096210278
I1553.AG,0.17508314174432277,0.8127317546476074,5.344349143732026
I1732.AG,-0.05940621437395889,0.4451650904136291,-0.9364634132218786
I1734.AG,-0.17931341736038908,0.44877058583401797,-0.8765750735192005
I1736.AG,-0.1632887607790897,0.38610201306498887,-0.8454366558867847
I1738.AG,-0.058255832446630865,0.45895281044313213,-0.9340544012742469
I0047.AG,-0.6203393701088862,0.4642714730362376,-0.6544087408429788
I0099.AG,-0.8977217611022043,0.2822105142131884,-0.1743798415105767
I0723.AG,0.2543964340222984,0.22424078450067575,0.3995141758164545
I0724.AG,0.5874898601196773,0.9282495925341169,0.6504355793449552
I0727.AG,-0.08207110791778535,0.10623257409876638,2.026088526784704
I0854.AG,0.6743970325204662,0.3405201399472268,0.6661801464800734
I1579.AG,0.4876276283343265,0.6417614207646624,0.6504519056702712
I1585.AG,0.5891896515058623,0.47429500376793143,0.6355095892077067
ORD001.SG,0.012545300131881749,0.41396162264433156,2.0443504360583327
ORD004.SG,-0.7506706490422798,0.3385248271401632,5.104191242697703
ORD006.SG,0.4119430369465191,0.49773687014991985,0.1589803127090904
ORD009.SG,0.5327106043320131,0.06832639605223596,0.17724698601086863
ORD010.SG,0.42690895019651526,-0.008304692993034405,0.39576268746272547
ORD011.SG,0.48227576885205875,0.26407236042160703,-0.2567891545789868
ORD014.SG,0.2128415130896221,0.09633495197855635,-0.12807735394943545
ORD019.SG,0.1363605542315711,-0.1663125365888549,0.7726871204649852
SAL001.SG,0.26270766394838757,-0.3732028476534463,0.5819809794050376
SAL003.SG,0.4301067794217352,0.2295358093426896,0.6178874120822764
SAL007.SG,0.9116521270823885,0.27045116643125106,0.40235006671134566
SAL010.SG,-6.382420985392841,-1.7745767370835412,2.2267762539753817
SAL011.SG,0.39594386411935417,0.41039492031080793,0.23543797716348017
SGR001.SG,-0.21344988599937295,0.2232410472719513,1.9895417465253826
SGR002.SG,0.7369243032439163,0.2708513853254307,0.3777926995361907
SGR003.SG,0.17129933292625682,-0.20377423745183015,0.7090687071154893
ADN001.AG,-0.11972022773295557,0.3053027402091597,-0.2528260441752121
ADN002.AG,-0.14386575936725896,0.5098153207663622,0.47679090759464465
ADN003.AG,-0.12775241051998462,0.2392102561871649,-0.12605412827641999
ADN004.AG,-0.323423244409295,0.30419850602817256,-0.31429851965536787
ADN005.AG,-0.2210323690351243,0.2596509625752779,-0.2501326489551375
ADN006.AG,0.2001659110645647,0.32480081554721946,-0.3993298163916825
ADN007.AG,-0.4771878150274068,-0.19021788692951522,-0.1116932690900081
ADN008.AG,-0.21647023200997698,0.12165931012676119,-0.3578604468689307
ADN011.AG,-0.11691996070990132,0.1278077434143067,0.19331333296515252
ADN012.AG,3.5991772427447724,-4.659068018116259,-0.4165459482812624
ADN013.AG,-0.11711247558396592,0.06892223408619937,0.28974012073957367
ADN014.AG,0.15821253636528523,-0.4432877091825959,0.09698833689927043
ADN015.AG,0.22622216459050223,0.28274201596788573,0.1876505499953097
DRU001.A.AG,0.12321832640005904,-0.0907787696028082,-0.2869674440600745
DRU002.A.AG,0.1776069649701621,-0.17233333424294678,-0.2916155766480581
DRU003.A.AG,-0.28999890047162563,0.05859306074667714,-0.3150097794021988
DRU004.A.AG,-0.14007131202904832,0.19486557233793358,0.3350859625251622
DRU005.A.AG,0.2846834481238775,-0.021337902471788246,-0.36033200671475013
DRU006.A.AG,0.22429039762259526,0.09149359037971792,-0.3596504231329194
DRU007.A.AG,0.23341377583520784,0.0607743675924537,-0.2738996295391103
DRU008.A.AG,-1.3971981122182127,-3.4332568498929765,0.6969031009160953
DRU009.A.AG,0.2973227121090849,0.35740862157090453,-0.30568167805731195
DRU011.A.AG,0.22358011856796192,0.03562330835135473,-0.2877423856549561
DRU012.A.AG,-0.2086140691739778,0.2603828238067803,0.17619516534302002
DRU013.A.AG,-0.2118899638325826,0.0051029921936609456,-0.7011397662624311
DRU014.A.AG,0.1989585877277338,0.10732035309578904,-0.3677034249252452
DRU015.A.AG,0.17743157323983838,0.2270121831235786,0.22543112526571976
DRU016.A.AG,0.08688460318511948,-0.20630740289869628,-0.47551623911925434
DRU017.A.AG,0.15315503283632706,0.18689245883357913,-0.2902089522030194
DRU018.A.AG,-0.050361650940518504,0.0438289834812867,0.4221312947918643
DUN002.A.AG,-0.09812081341923508,0.5206486558470811,-0.10107621388847461
DUN003.A.AG,-0.49117886659142884,1.512778049831057,-0.3857668230530925
DUN005.A.AG,-0.13010950767089355,0.3611830780247088,0.15016631814501813
DUN006.A.AG,-0.12085791260622655,0.19158713926901705,0.4416761434324792
DUN007.A.AG,0.13776716200305525,0.548694062505063,-0.4407887796829552
DUN008.A.AG,-0.9782229963726512,-0.865642980353662,-2.6206105411322307
DUN009.A.AG,-0.5318898099040886,0.15759067323774442,0.17824335422438667
DUN010.A.AG,-0.28260017220782147,0.3370681473477372,0.0720262733103369
DUN011.A.AG,0.42253188056131924,0.32494693865999863,-0.04465919498605323
DUN012.A.AG,0.27633677501879383,0.042031067077543,-0.19346988091702502
DUN013.A.AG,-0.1775925786121715,0.3016894613439711,0.05177109275957939
EAS005.AG,0.19914897414158703,-2.167808200085339,-1.2529003815794353
EAS006.AG,-0.07692633121096434,-0.5978371031516895,0.2289063545104329
GRO001.A.AG,-0.3873587390966755,-0.005344541379765168,0.42122300503720295
GRO002.A.AG,-0.1575384327093947,0.030506800402211258,0.28445948060133736
GRO004.A.AG,-0.02273066415608223,0.5463625918640582,0.18897874331536846
GRO005.A.AG,-0.23530300458955572,0.18024564759323533,0.14976280741310466
GRO006.A.AG,-0.3258966062682626,0.33024425450106176,0.5300110495464959
GRO014.A.AG,-0.5619877817774753,0.02818407267131446,-0.13213678554814015
GRO015.A.AG,-0.46317135977107404,0.44274074483930115,0.10184093069203433
GRO016.A.AG,-0.3764956943730255,0.4073968258539345,0.11639098911882965
GRO017.A.AG,-0.10046457029661988,0.29291862126924006,0.5532525675737724
GRO019.A.AG,-0.40380875294092505,0.3321297153728394,0.06585303909520498
HAD018.AG,-0.5287194734071667,-0.03514831295365871,-0.13389767648491738
HID003.AG,0.39955516893465104,0.08285990792771424,-0.2214946840602807
HID004.AG,-0.1533761673541027,-0.22797296822112254,0.20932202054513918
IND001.A.AG,-0.22979018856870073,0.9971200932033971,-0.317744205637788
IND002.A.AG,0.11497733981083631,0.2764203227268236,-0.338050937287035
IND003.A.AG,-0.5940684525155934,0.14400049773882492,0.2010946156615606
IND004.A.AG,-0.3764517708292338,0.3192602408352598,0.569285571826036
IND005.A.AG,0.3054523276103781,0.3031794408995564,-0.16222468744519286
IND006.A.AG,0.04916207795250218,-0.029652123022867953,0.11101785619100236
IND007.A.AG,-0.24902072998657107,0.34681421273330243,0.13244767123156675
IND008.A.AG,-0.18248474776162527,0.8429245655076509,-0.31275561851982503
IND009.A.AG,-0.22540704795160238,-0.41062611198322185,0.44368493420687105
IND010.A.AG,-0.6496631117654237,-0.4243183431103506,-0.5354911813883594
IND011.A.AG,0.5006605259538777,-0.20597434963662112,-0.5047009134715006
IND012.A.AG,0.3217805198903016,-0.08863780295187619,0.09128274365814133
IND013.A.AG,-0.5028648903483786,0.1600343880078907,0.4491642682433133
IND014.A.AG,-0.5537960622979182,-0.10146642906670007,-0.36607172723304504
IND015.A.AG,0.1696737178823765,-0.447786186344649,0.2361462448398123
IND016.A.AG,0.09346745063303429,0.5965393980880789,-0.29061183648867167
IND017.A.AG,-0.46088857643650855,0.09314997400012762,0.30397851884898275
ISS001.AG,-0.18648048515184595,-0.22239259342038864,-0.18735672303032191
ISS002.AG,0.18616962948154958,0.6703456035096338,-0.218887704596284
KIL001.B.AG,-0.4133576359972861,0.20193789546134397,0.2820716441634994
KIL002.B.AG,-0.3466316094996584,0.06157375362503541,-0.038678797220907786
KIL003.B.AG,-0.4154101116570993,0.3875409321337442,0.5022089568380829
KIL004.B.AG,-0.3010209905836714,0.5604838477074219,0.30771260644849624
KIL006.B.AG,0.07923010741138228,0.10508329308324142,0.05303582338953106
KIL007.B.AG,-0.7325541665323622,-0.18645503279910539,0.3072158474200194
KIL008.B.AG,-0.450264728429605,0.33788077012746903,0.5257820954423897
KIL009.B.AG,-0.36730422865206924,0.6881289999484226,0.39039936848199386
KIL012.A.AG,-0.5769854195852148,-0.031485306391895486,-0.2032635526817423
KIL013.B.AG,-0.2886338553512743,0.2447288709363928,0.3680148712216918
KIL014.B.AG,-0.29515430726959657,0.7217248384618402,0.3361788183027784
KIL015.B.AG,-0.02113160152129997,0.457088364285516,-0.08367529994089794
KIL016.B.AG,-0.2924316340796189,0.462866529844858,0.3907015824373554
KIL017.A.AG,-1.2833492260229462,1.826666057861667,-4.831552095514989
KIL018.B.AG,-2.208810061741177,-2.3730249650668522,-2.0639153660781315
KIL019.B.AG,-1.8788445059068815,-0.17179570826397803,4.7325840601153
KIL020.A.AG,-0.42749394340536434,-0.2819488168568365,0.15401419705653147
KIL021.A.AG,-0.5957524796449734,-0.24040257236151727,-0.3526934163831431
KIL022.B.AG,-0.4363602207844398,0.3519312872765225,0.38364962161211474
KIL023.B.AG,-0.3384262710603658,0.12038012633073873,0.15177264932205287
KIL024.B.AG,-0.8769744031113131,0.1867427304738074,0.3278897106566381
KIL025.B.AG,0.03374524608654213,-0.3032667146602105,-0.26124333211612594
KIL026.B.AG,-0.382138757538387,0.4769538239753717,0.4499179232266118
KIL027.B.AG,-0.0012806604743101206,0.08204756919497033,0.15830050295420733
KIL028.B.AG,-0.5781260588998858,0.2286600874839541,0.3909160874111819
KIL030.A.AG,0.13265320185415158,0.37486409539999643,-0.14746837814368124
KIL031.B.AG,-0.21017448635546232,0.4234936542163943,0.47770772869404465
KIL032.B.AG,-0.5643419385219384,0.6481619863559117,0.3932253097493913
KIL033.B.AG,0.017506489285542787,0.14506345398610265,0.01461447533223609
KIL034.A.AG,-0.12083145450960354,0.6201913986488595,0.23280268981684318
KIL035.B.AG,-0.06618826973714195,-0.016885694101013503,0.15391522454719628
KIL037.A.AG,-0.44231612754336563,0.5667870108841618,0.08741073694151305
KIL038.A.AG,-0.6692488541010893,-0.009352837354078294,0.23907953508162916
KIL041.B.AG,-0.15510298717338028,0.020502738445041534,0.17538952670845495
KIL042.A.AG,-0.7168067978417584,0.17407435959016626,0.3362369396024366
KIL043.B.AG,-0.17300877736383236,0.42549143973454395,-0.10282733373509068
KIL044.B.AG,-0.534011712060068,0.21853659731240752,0.007504306115859862
KIL045.B.AG,-0.2619976114388201,0.16862622245858652,2.141849028520071
KIL047.B.AG,0.18641480705319996,0.3807033244981942,0.1471739213234472
KPN001.A.AG,-0.11635466039753485,0.05730272762589263,-0.4907669539950926
KPN002.A.AG,0.1491196528550782,-0.21356739504775393,-0.16507775445857703
KPN003.A.AG,0.38570486710984764,0.11379907260843503,0.2074570143571578
KPN004.A.AG,-0.09131287969965604,-0.12767633282442462,-0.5472297886790133
KPN005.A.AG,0.32040733477475336,0.46237828605797493,-0.08735989245986912
KPN006.A.AG,-0.2350093456566584,-0.2793118232160257,-0.8629282213598908
KPN007.A.AG,0.5086601822290584,0.4211322681166902,-0.13546365809256136
KPN008.A.AG,-0.4934365860340836,-0.3127647317271929,0.04486873508636644
KPN009.A.AG,0.03268334052726764,0.6570663555410969,0.38181020683724093
KPN010.A.AG,1.9312095075085451,-0.08139377648245372,-2.1809942139458554
KPN011.A.AG,0.002097694780176226,-0.295124060407892,-0.21986129052034642
KPN012.A.AG,-0.38337702280701275,-0.0135296911958898,0.16594966486701032
KPN013.A.AG,-0.2760852755215978,-0.28102215659369256,-0.059973983533708745
KPN014.A.AG,-0.4798923259147022,-0.03216353977757652,0.18006464381286386
KPN015.A.AG,0.055965250761014634,0.3791409131846566,-0.09615661669900058
LAK001.AG,0.2020774214337908,0.2918980239620742,-0.2864381444341998
LAK002.AG,0.23885347747888996,0.3302462668931572,0.10917536030709664
LAK003.AG,-0.38280904933020865,-0.2916344819686868,-0.2969181651094129
LAK004.AG,0.2655769091492786,0.2946218461251749,-0.3470799197157002
LAK005.AG,0.11327971290100317,-0.03104707601826437,-0.2572916422563642
LAK006.AG,-0.4557698860032,0.19265477920348886,-0.5059283621105283
LAK007.AG,0.2001665234554106,0.3592595090628333,-0.29376373584390947
LAK008.AG,0.11975483425119618,0.19787911090145946,0.050494689508411676
LAK009.AG,0.28099623773433974,0.295504163810164,0.2600804011405904
LAK010.AG,-0.014062234501850006,0.4734759328232978,-0.04812849855706472
LAK011.AG,-0.39464192267984644,-0.017109373259143038,0.00208927332895271
LAK012.AG,-0.5563927254079429,-0.19999996752982238,0.3030871916596805
LAK013.AG,-0.03466185964214063,0.5310379082579167,-0.7219017756159004
LAK014.AG,0.21294075842168145,0.33323068547081447,0.2083592043628264
LAK015.AG,0.3583561583782733,0.15051045282245942,0.1702481207410709
LAK016.AG,0.38437997823490594,2.8846811458375434,-0.16687824201790233
LBU005.AG,0.7592345174567828,2.9351319160795013,-0.0347768498907755
LBU006.AG,-0.4177402821206621,0.008363089339403676,0.34145070914389214
LBU007.AG,0.7619050943140172,2.9392036028813253,-0.038488149982815065
LBU010.AG,4.143161777884616,-3.3888957001734195,-0.5403877075782775
SED001.AG,-1.7687133949631781,-0.8163982799451465,-2.5113459468239623
SED007.AG,-0.24492466267662963,-0.19901248224871645,-0.08509545058345425
SED011.AG,-0.49468844241082544,-1.444338247747912,-2.354359762374391
SED012.AG,0.2642343121513709,0.10152633177041122,0.1697410639523112
SED019.AG,0.07982712794184288,0.8422363727994844,-0.25889611284506797
SRS001.A.AG,0.11811418864938232,0.25011494337467544,-0.43191691140013394
SRS002.A.AG,-1.1878722725804889,1.8558106241863996,-4.637289017271768
SRS003.A.AG,-0.09774858593158513,0.2529949992844352,-0.060332180036500115
SRS004.A.AG,0.25176212899609757,0.09055564999384481,-0.23510908098300656
SWG006.A.AG,0.07657694538139162,-0.27077728922552224,-0.2915895086962212
SWG007.A.AG,-0.7462167170611528,0.45364184439227273,0.179616167033736
SWG008.A.AG,-0.25350065466407035,-0.16809493760759825,0.07433166099764632
SWG009.A.AG,0.2319962022684093,0.4780334343718933,-0.5550865932639559
SWG010.A.AG,-0.3660846330639724,0.07983429443681529,-0.27153526878906814
ZET001.A.AG,0.15606570123017008,0.2266349064489478,-0.4546575442312029
ZET002.A.AG,-1.5441371023123363,1.5919715343271028,0.04110626886627779
GRO007.A.AG,0.39380358033484597,0.3598139685170445,0.19394722375333992
GRO008.A.AG,0.34778794418769016,0.5760067510988436,-0.12879188522758564
GRO010.A.AG,-0.6103053016444759,-0.0023402504805115384,-0.056335709238173035
GRO012.A.AG,0.17726539911254402,0.12170882440723087,0.5610720444392404
GRO013.A.AG,-0.09827435786366617,0.6249487087777752,-0.3081412904897918
GRO020.A.AG,-0.4754905060470099,0.20536150802628317,-0.14728416190490354
GRO021.A.AG,-0.2415389761180079,-0.22710236370518894,-0.17454206815179327
GRO023.A.AG,-0.2512600779944971,0.5956345703744536,0.26746044868080926
GRO024.A.AG,-0.31846802192130996,0.5200300428641103,0.2719864377039942
HAD009.AG,0.3500674840198874,0.22136790921879426,-0.14141362551404174
HAD011.AG,-0.24503318856918374,0.7102989043753558,0.04034259232518888
HAD012.AG,-0.0737232914253206,0.8899107351060235,-0.04525803059625378
HAD014.AG,-0.1320019509470687,0.4532431982779785,0.40187568553474523
HAD016.AG,-0.26019310313922733,0.5844184346917659,-0.015928376656950717
HAD017.AG,0.034563219931182165,0.5937796579416914,-0.10812333246880623
MDM001.A.AG,-0.49985077600708355,-0.2274509634221019,0.07616463386284633
MDM003.A.AG,-0.03646940184919133,-0.0375174232871629,-0.08459020980474705
MDM004.A.AG,-0.10919743728625267,0.2882013208329046,0.6442858396223257
MDM007.A.AG,-0.10209505216133298,0.6296189715413436,-0.28351796455586237
OAI008.AG,-0.4295046428450799,0.032771982096558176,-0.43985814148186897
OAI009.AG,0.3993596872927908,0.1542296527352164,-0.019103048556312716
OAI010.AG,0.03274701289762991,0.40638253363320914,0.2358400588694435
OAI011.AG,-0.12129702876736645,0.06170274871370668,0.44618425418734464
OAI012.AG,-0.11458673946808758,0.5871956944835734,-0.4361433223157545
OAI013.AG,-0.3802821868499713,0.35757556948029623,-0.02720285431244887
OAI015.AG,-0.07753070875128816,0.45270002042016844,-0.20834287150385133
OAI016.AG,-0.2068608559511032,0.11192994741613478,0.2418293031286674
OAI017.AG,-0.4656704187933932,0.450980156430013,-0.02385591510340836
POH003.AG,-0.013586081126636885,0.5253031201350459,-0.2566057906412077
POH004.AG,-0.28863247797388947,0.18989437071114995,-0.006083113699125823
POH005.AG,0.33552701657957185,0.5127084381926297,-0.36325512599823273
POH007.AG,-0.443051879617139,-0.019740446743875418,0.0696419416583162
POH008.AG,-0.11599595640566683,0.5438837251665422,0.4382406723648205
POH009.AG,-0.19927846578512723,0.3832819781296157,0.15343316028024187
SED004.AG,-0.6777686888962645,0.13014290400049985,0.2129009407982075
SED006.AG,-0.1616130964541029,0.08484260679242854,0.37360801741356503
SED013.AG,0.01834793063195993,0.16233786928010316,0.24051200842034703
SED014.AG,-0.1078311240819462,0.03867072781320912,-0.10607903593325721
SED015.AG,-0.5397186429913756,-0.3373351921165942,0.16836945887297114
SED018.AG,-0.12241492923152723,0.0627669719917922,0.366122760274836
SED020.AG,-0.17683932781242753,0.14374753177234825,0.4274842276775888
SED021.AG,-0.22103889797442838,0.05314555639017031,0.2955470755478189
SWG001.A.AG,-0.2625340667713791,-0.25968280299360785,0.024183510457487206
SWG002.A.AG,0.011476647020055705,0.18974644952945885,-0.6079180903958545
SWG003.A.AG,-0.032240876720310084,0.36737221052578034,0.48620095046280604
SWG004.A.AG,0.09087033014874218,0.6544449929579967,0.07192221757202999
SWG005.A.AG,0.051742403918874996,0.6602284732350915,0.39122666304879333
SWG011.A.AG,-0.2595501560217608,0.8313648477537516,0.21251101407208345
SWG012.A.AG,-0.048048678264843096,0.8407210545604828,0.003514210085479161
SWG013.A.AG,0.026678415851048822,-0.06161825306069996,-0.1770923435328636
SWG014.A.AG,-0.24800754406909176,-0.1481784429376588,0.07751140337158505
SWG015.A.AG,-0.1797883417810943,0.33453459612767683,0.3380985876848728
MDM002.SG,-0.8768912306833593,0.14010257772170204,0.1907640547160669
MDM006.SG,-0.0074020028915826345,0.3229690878069697,-0.08728802051192433
R1014_oEEF.SG,0.8846126973903315,-0.29178396063217343,0.5339377160830308
R1015.SG,0.9362198579712855,0.11512807362828537,0.5313704614410699
R1016.SG,0.9785273103671501,0.19151275776493093,0.46777597618698663
R1021.SG,0.717909141969046,0.054725010071294475,0.6071260640817343
R104.SG,0.8175601104868278,-0.5611738287677749,0.6738480488328524
R105.SG,-0.13115965007683256,-0.5532438052452262,0.6345957161752265
R106.SG,0.3822236789274244,0.6079983934587148,-0.39711436938267025
R107.SG,0.17763515784320769,-0.5373448555055387,0.6400477046155328
R108.SG,0.060892026925304495,0.11663433372574271,-0.08148539621075801
R109.SG,0.07957957320072236,-0.2803243163128027,0.6779906508803388
R10.SG,0.45439681171667706,0.3201005480019692,0.9368039280484256
R110.SG,0.23209897628474402,-0.49590606900792783,0.3120324458973375
R111.SG,0.23601510805374118,-0.31909503264871003,0.5877182983865377
R113.SG,-0.16355506797927868,-0.6831783105793127,0.864887747229837
R114.SG,-0.33416683079187814,-0.23894174968562154,0.7723082018338894
R115.SG,-0.41424756513712674,-0.23098249733238532,0.6247310867596928
R116.SG,0.17729941751041953,-0.4927719754362051,0.22414760175759837
R117.SG,0.1483755232975045,-0.09248716756640671,0.7436638515777012
R118.SG,-0.285699275057905,-0.621261896928595,0.7755067256837836
R11.SG,0.5117450642059491,-0.1859149444130672,-0.6808634422311773
R120.SG,0.2766666461891956,-0.476673571785394,0.5319580597143585
R1219.SG,-0.04115092086816182,-0.45673728906126354,0.6421817518985654
R121.SG,0.13161004959401262,-0.027128942428487055,0.7361844486521375
R1220.SG,-0.1723841210363459,-0.05830935066264577,0.4371203721990778
R1221.SG,-0.30430610870060093,-0.25278685791707345,0.7786098492387493
R1224.SG,0.5813280984623526,0.21215843650002855,0.14769307606103205
R122.SG,-0.2502965577076544,-0.5928212051763023,0.7439509655338387
R123.SG,0.01753445893867201,-0.17107059775125916,1.0156422196540202
R125.SG,-0.023505579409070894,-0.42593873437093804,0.321694619169113
R126.SG,-0.005018955150416015,-0.40692680755293403,0.8040139527619661
R1283.SG,0.10750520374568058,-0.3813749037735733,0.9347036219492407
R1285.SG,0.3079617913177775,-0.49413956074604526,0.812270359448643
R1286.SG,-0.2125732287636411,-0.3591812908970708,-0.1266099297697058
R1287.SG,0.1826119950419275,-0.5549028976349947,0.4311940431016036
R1288.SG,-0.5617307041160076,-0.4568513094519442,-0.04589216591439729
R1289.SG,0.05533153429725639,-0.551686509065241,0.41742499191436355
R128.SG,-0.14087279924694943,-0.05542172406161277,0.377415856830908
R1290.SG,-0.07535300644506848,-0.19507123060284254,0.8659089475513476
R130.SG,0.27539697016967535,-0.24607492478559428,0.4420970909843317
R131.SG,0.19826701317157092,-0.1266494321417023,0.7893854679461711
R132.SG,0.07066256935889655,-0.5514815936335364,0.10493014749951961
R133.SG,-0.28327100308337244,-0.011613853405793037,0.49101340449946823
R134.SG,0.1919481309322858,0.013011390493441929,0.6273256588490285
R136.SG,-0.29529935964569404,-0.25093044805552933,0.5615458963274876
R137.SG,-0.2555453355127956,0.23560903627420837,0.862484267524255
R1543.SG,0.24653836149500039,-0.5597430527512508,0.5339682551617762
R1544.SG,-0.4395721190935057,-0.4906291339215807,0.7047798183933376
R1545.SG,0.24436232752285128,-0.28399934922622233,0.8672868218650579
R1547.SG,0.04564743287522561,-0.5372043708402728,0.4125897878240355
R1548.SG,-0.18231625621549374,-0.23351845639216515,0.5055941548513143
R1549.SG,-0.1485105803481641,-0.3489163256902285,0.16375119171888533
R1550.SG,0.2687585947979197,-0.46510863001034747,0.34645876501322115
R1551.SG,-0.28877245908950727,-0.07338546340984527,0.488661349474086
R15.SG,0.4951471780095456,-0.11738324328991044,-0.6711800173171337
R16.SG,0.7888440370609496,-0.17016666748399173,0.9655828489868457
R17.SG,0.7334297493160462,0.1480874461183626,0.9269869942903981
R18.SG,0.783802891110339,-0.1361554532468576,0.8709229288998911
R19.SG,0.8600319718333442,0.3928810142413561,0.46864662140871316
R22.SG,0.5283004214906356,-0.5802869122424941,0.607178174427162
R24.SG,0.5174693171597006,-0.5185371938594272,0.5294879786843246
R25.SG,0.41260840173021507,-0.48466111836720444,0.48602451809473185
R26.SG,0.611643328058783,-0.683377576035278,0.6329048819395534
R27.SG,0.8842006522938876,-0.45310218933821744,0.44032439309978555
R28.SG,0.41084847804900154,-0.5301090783911208,0.44144579853785154
R29.SG,0.4844534251109885,-0.44602593263051643,0.5169846559191464
R2.SG,0.6572360801828984,0.19917315620981443,0.6857821743887645
R30.SG,-0.22739484898634293,-0.10514679028795575,0.3585292621543834
R31.SG,0.28269858772450945,-0.06419303388564412,0.3958009881178523
R32.SG,0.324045729015107,-0.2840799623165836,0.14263907321623243
R33.SG,0.24087784443513202,0.8108566612238339,0.5170032610440081
R34.SG,0.06906221515544073,-0.47215667970719366,0.3420185351854208
R35.SG,0.46145002805323065,-0.6097884346492757,0.4109855579212246
R36.SG,0.17398570162164512,-0.6559494755178851,0.40055371276819823
R38.SG,-0.09100891189289083,0.06395646435982962,0.8311979610743517
R39.SG,-0.21961348708009032,-0.17885579035134838,0.5486352331271884
R3.SG,0.639698553895938,0.32886020404032573,0.6554357060482818
R40.SG,-0.05404571351441624,0.0329130374821446,1.0769494665560246
R41.SG,-0.013060843823185243,-0.25146077157309055,0.11992807684694425
R42.SG,-0.16193261150135857,-0.22447418600448188,0.5928287072747203
R435.SG,0.2531857887650062,-0.4799544861782977,0.32977533150194654
R436.SG,-0.22341760474606817,0.17711638408590155,0.7614314871228205
R437.SG,0.14499996952004032,-0.42764941341382917,0.8962655316497887
R43.SG,0.1436922172453733,0.008108297513227895,0.49943161002294567
R44.SG,-0.07119732653619001,0.4846045118274074,0.861727703661405
R45.SG,0.17698576858473275,-0.4950837339916493,0.23564229699341593
R473.SG,0.30657834649534277,-0.13373260062196976,0.7983491511664826
R474.SG,0.3017609415876639,-0.16412214871193676,0.7296545011097474
R475.SG,-0.008480945635557692,-0.7662910944622554,0.21150902973700536
R47.SG,-0.12784974699118384,-0.3481253335761627,0.908059682051316
R49.SG,-0.3470957834610248,-0.20184077206897436,0.7411798706446012
R4.SG,0.6255864872044565,0.03778306109752381,0.5522535470772216
R50.SG,0.01607580657400116,-0.283888736955519,0.7854074540804838
R51.SG,-0.060013552319294755,-0.3836495581315822,0.8406754455310922
R52.SG,-0.7151473986174637,-0.4571893231882222,0.7619162997735202
R53.SG,-0.32226552252153373,-0.5001860763761411,0.8005564280989853
R54.SG,-0.076140910421008,-0.8148044491598871,0.7445327860957441
R55.SG,0.5484847280915739,-0.20529022420867357,0.7239263974136662
R56.SG,-0.33482560712258896,-0.5385876828552859,0.7801123635374709
R57.SG,-0.2578285694211255,-0.09137800004490318,0.02409217754124861
R58.SG,0.31557596237477903,-0.13843883521124947,0.3905338993231804
R59.SG,-0.3080468566368974,-0.5871171647041593,0.7381141541231493
R5.SG,0.5667597054576328,-0.37217707058279986,0.5774515456006417
R60.SG,-0.17512860601755648,-0.31026997058922784,0.505638614863277
R61.SG,-0.5148474677507396,-0.11462329476384686,0.6003469416474622
R62.SG,-0.4812671634983886,-0.3339042680741279,0.1495898521600904
R63.SG,0.4972237324718746,-0.17274070465118294,0.1476187110565468
R64.SG,-0.4905264764497937,-0.28161549174672074,0.6982080109317486
R65.SG,0.12574266515521257,-0.3447819084527127,0.9271255359432009
R66.SG,-0.27457670401462947,-0.12101934768187658,0.8462151504247413
R67.SG,-0.21793709441909984,-0.24601255305392591,0.4354073175862805
R68.SG,-0.3642784048892465,-0.5033627846192389,0.7344988076105656
R69.SG,-0.22911107978692008,0.18567855573422284,0.5456068466474673
R6.SG,1.015112262329011,0.10839527614882008,0.30080177252940815
R70.SG,0.10926242368650937,-0.453883676237334,0.5821850810479405
R71.SG,-0.2742596203835881,0.0423756078881537,0.9991156784981089
R72.SG,-0.07801170375565143,-0.4385341709282894,0.7678304375966519
R73.SG,0.18869125540635795,-0.6536686344839167,0.051033719371078146
R75.SG,0.13577630480614408,-0.33487899309167163,0.48395889301998046
R76.SG,-0.030339946720610012,0.12207274569675736,0.6069286059454564
R78.SG,0.016116260226200555,0.09299352244508403,0.7390256543268049
R7.SG,0.497564783808389,-0.14371868888167227,-0.6704011254629184
R80.SG,0.11297990870676558,-0.5691904898120971,0.17339511384366396
R81.SG,-0.19291415429001463,-0.08705970675232462,0.7725284343196533
R835.SG,0.18736552651372101,0.2089648819417369,0.13233386182432916
R836.SG,-0.4178345298373233,2.3728306101465322e-05,0.9613432474571469
R850.SG,0.08127454044888849,-0.569295317341382,0.4534969684690481
R851.SG,1.0243480475703495,-0.4036021301919758,0.7089844575152897
R8.SG,0.4349873864670377,0.1495101530244576,0.7736615616531606
R969.SG,-0.15486187657972023,0.6350484745644291,0.3750322378133873
R970.SG,0.03413095861556207,-0.5403556546885578,0.7293069965359478
R973.SG,-0.19221161017429556,-0.22600530367116167,0.6926697823138974
R9.SG,0.5677588395154344,0.23328097621020677,0.5818558834759064
R10467.SG,-0.09276205149322674,-0.06568387106273875,0.9981509203739511
R10469.SG,0.14620476971199367,-0.7054636757944132,0.28483416652580223
R10471.SG,-0.017388477005484206,0.15028128683558425,0.6405660566605011
R10473.SG,-0.44783964243626495,-0.2459643086975871,0.7353317094193377
R10474.SG,-0.12990103951728452,0.10195610104184587,0.007483039443137031
R10477.SG,0.10331114276584122,-0.17645446774462653,0.6721764027808466
R10478.SG,0.19076091831291167,-0.22905595179469285,0.7570819493840607
R10487.SG,0.4438923091413945,-0.45482636466148485,0.5173531895490997
R10488.SG,0.5127076290057749,-0.08242817444697201,0.0022576891122768976
R10491.SG,0.021389604169337967,-0.469264298855636,-0.01610621202619213
R10494.SG,0.13924064219066437,-0.575270960138432,0.1708266024140913
R10496.SG,0.10035718927031943,-0.5751703160759022,0.19625086749010923
R10499.SG,0.32210935609665714,-0.8254117072055798,0.24760635161614278
R10500.SG,0.48488742949294344,-0.7151481115204518,0.27701331478362434
R10501.SG,0.42900143752791436,-0.7103717426241379,0.26522692855118835
R10502.SG,0.23069553410475882,-0.5509179483108804,-0.1488051926464736
R10503.SG,0.08141716888724258,-0.5931287850195147,0.13750538480171542
R10506.SG,0.14684608070379085,-0.5316956845458041,0.02104129512634533
R10507.SG,0.5257743658670634,-0.6737406487437578,0.28785107489618494
R10508.SG,0.4827840431196677,-0.8116470444539032,0.18734401860023042
R10618.SG,0.14174432431961817,-0.18503932235943765,-0.18309624138769187
R10620.SG,-0.012676572622923474,0.20752080169746512,-0.17731342514784082
R10625.SG,0.04934862002162267,-0.29392962116811966,-0.35377879441180465
R10626.SG,0.078938280650289,0.4597933129943916,0.17808386509492394
R10631.SG,0.24554356124975,0.13574865356414711,-0.04651450426207367
R10633.SG,0.4683114966253914,-0.5809195263048625,-0.33750155970188045
R10634.SG,-0.05148163559834279,-0.3302551930238062,-0.2718741548780634
R10636.SG,0.08307289023050167,-0.17755236151817386,-0.19890450790032305
R10654.SG,0.3812156771732273,0.04961327896575717,0.48179109750699034
R10656.SG,-0.4214216171459075,0.3541056893991918,-0.017879499599977162
R10657.SG,-0.5381930272648192,0.47524096433802343,0.09373106606623761
R10658.SG,0.15645521533910087,-0.6118926373070231,0.41991126421656255
R10659.SG,-0.2901290590812878,0.01162289632479369,0.02633168277161966
R10660.SG,0.10523752832745138,-0.41056087409683745,0.7288554716866683
R10665.SG,-0.6755487192681874,-0.015018229088235557,0.7531408064395299
R10666.SG,-0.6532696995805427,-0.06612710788612305,0.6721661765823396
R10667.SG,0.05137152889856592,-0.4963930344576979,0.1818755681983425
R10668.SG,0.20493747388331884,-0.17966393849130172,0.9619799879743046
R10670.SG,0.2837210499439855,-0.5556862711090084,0.057441652391676035
R10830.SG,-0.24635458133354218,-0.5481806084721678,-0.5385775293748073
R10832.SG,-0.11372524101212562,-0.41145979610895245,-0.7070804275149613
R10836.SG,-0.1596858090205215,-0.46588588451217555,-0.7654651232008683
R10838.SG,-0.3499351929958192,-0.3315499730766293,-0.7039977685195125
R10840.SG,-0.25334094000510493,-0.5025744305696889,-0.5352332290513995
R11109.SG,-0.22222377415364036,-0.20671980379269067,1.0684288418930843
R11111.SG,-0.05189068265010759,-0.31375556804046023,0.39003087392988117
R11112.SG,-0.029103882736610735,-0.0034749420680321246,1.0366915781917034
R11113.SG,0.02611050855457524,-0.047302808968109684,0.7067098088021522
R11116.SG,-0.42783125099378433,-0.003311273804388273,0.5006149187828736
R11117.SG,-0.06128643824333003,-0.563858733794004,0.21725668301150397
R11118.SG,0.46129220913143854,-0.3805279120376323,0.4665590244362409
R11119.SG,-0.466584736960079,-0.3864242685220749,0.6596566895372228
R11120.SG,-0.08772799043405129,-0.6253681242030362,-0.023307036448607692
R11121.SG,0.023120412691009732,-0.29613527284623453,1.0136558036717598
R11391.SG,0.2819026800699204,-0.2774536121029626,-0.0025011177631773093
R11550.SG,-0.546085093380445,-0.31882615412433324,0.652588450279335
R11552.SG,-0.037345885546473556,-0.242697787174572,0.7117422601751964
R11554.SG,-0.130840066303174,0.5857910157582504,0.5760957290563214
R11556.SG,0.025373906709653192,-0.45601452743975956,0.9162004452399025
R11557.SG,-0.15779534691511682,-0.09681898461029945,0.5141538468560246
R11558.SG,-1.1861159522479554,-0.12354572302328475,-0.03988004706366585
R11559.SG,-1.32123732958139,-0.0569715431737287,-0.26896897144093
R11560.SG,-0.19741722426152938,0.1974049072243598,0.2696563399435885
R11561.SG,0.6935516703834191,-0.015025617583599746,0.3380876052926964
R11563.SG,-0.15936442266642425,-0.08681111449848916,0.7292544485737931
R11828.SG,0.6703912507015781,-0.6266006337911182,0.6346589969595718
R11829.SG,0.9248460225519793,-0.5288974678686793,0.613323750869126
R11832.SG,0.6110512390790654,-0.6525651009807055,0.6296034235763301
R11833.SG,0.12540436386323423,-0.4728592034654685,0.5473261435700971
R11834.SG,0.09977453836794127,-0.409373107454583,0.5637391596624748
R11835.SG,0.8561709114136102,-0.7520986149161953,0.3359001520003233
R11836.SG,0.13197488577725344,-0.3146008749711565,0.5457470643252668
R11866.SG,0.19838815772469276,-0.3529374864271334,0.5413254405774518
R11867.SG,0.14030420670921365,-0.42303475064107227,-0.16316925057676895
R11868.SG,0.4484763317917936,0.06426325857215215,0.5100964169015014
R11872.SG,0.6104744498709591,-0.4840495064218848,0.4791083178562194
R11873.SG,-0.044896905694946206,0.30029981533089983,0.5596085419953584
R11875.SG,-0.2923864397190546,-0.024209948956344547,-0.786357519999501
R11877.SG,0.12714501321468566,0.37269101152136064,-0.388275536712948
R12229.SG,-0.27387330375058155,-0.5514386848056654,0.6556279058059861
R12233.SG,-0.0757765138260615,-0.3174901911969187,0.6274336132611028
R1223.SG,0.11150942653633374,-0.35072235045107697,-0.024681337117194502
R12245.SG,0.19079093423225388,-0.2272472495018017,0.1929929773953463
R12246.SG,0.14029859728611138,-0.2669037366873763,0.5149804118607131
R1225.SG,-0.21748259055859298,-0.4207759212074131,0.4675084936372349
R1291.SG,-0.1710516743392015,0.29420692974620366,0.6171277612805475
R1292.SG,-0.013796691930258297,-0.5314404705495573,0.9054460348219723
R1294.SG,-0.5720679422372709,0.3960493456002387,0.35346876713856334
R1554.SG,0.20815559141371762,-0.07500570274808897,-0.035305032516392956
R1555.SG,0.12144844138620103,0.3968351393713385,0.7115695340617024
R1556.SG,-0.15333614836589426,-0.27202207796894995,0.41400227806193535
R1557.SG,-0.09831951201673278,-0.3271620143926287,1.085579968953304
R1874.SG,0.01402788804911019,0.8093899799595067,0.11963369841481714
R2040.SG,0.031594062399087276,0.5349431928527923,0.8140506932416844
R2041.SG,-0.5720428529898561,-0.3708771540874852,0.8119888017689207
R2042.SG,0.11775406818735831,-0.25783013374905234,0.3828836730104191
R2045.SG,-0.13594541895633824,-0.3419048080309566,0.5526883298803346
R2050.SG,-0.16832463396415184,-0.4173008475435283,0.8619342067573862
R2051.SG,0.10679373732892591,0.3246069832975422,1.0609718100965082
R2053.SG,0.40904038473915016,-0.10217342008834056,0.25385090557536916
R2055.SG,-0.5510567499468574,-0.321639068072339,0.24694918920095066
R2057.SG,-0.3873697725599937,-0.44492250836573294,0.617354737133791
R2058.SG,0.18956452893339154,-0.30121707616419985,0.1391305316402183
R2065.SG,0.10681633336837029,-0.1036837131240272,-0.15901781253070893
R2066.SG,0.40893826181795756,0.13438995649102886,0.40495251428032053
R2200.SG,0.21881549956914625,-0.06724088858725974,-0.6808615436891386
R2201.SG,0.23931207733070559,-0.25925270490341107,-0.5118524416125558
R2202.SG,-0.552854642925836,-0.005193114646496666,0.5189026361325331
R2204.SG,0.332246177326394,-0.2879892612864096,-0.3646344600077679
R2206.SG,-0.014558597633265767,-0.12965642525470994,0.9916394042669859
R2207.SG,-0.5962724983744744,0.09673457487551161,0.08542977744913595
R2208.SG,-0.26735974330971135,-0.18437841554833975,0.20395073520519771
R2209.SG,-0.162047787730715,-1.0799851281623951,-0.19195084526285805
R2210.SG,0.11746205623025198,0.06321372010484223,0.7566881765351473
R2211.SG,-0.7609922589017727,-0.15391607721562722,-0.24508985555920543
R3359.SG,-0.30841773267396794,-0.2189204687708143,0.242070371094326
R3361.SG,-0.14898608009920547,-0.5729348478645816,0.39520969254519883
R3473.SG,0.058833381958905175,-0.5151044601482461,0.41534690089386517
R3476.SG,0.15384835191903815,-0.34622549059741015,0.5724174888817025
R3477.SG,0.10532218863548679,-0.15906727498968018,0.584817839281146
R3478.SG,-0.41415077138165046,-0.5221439854501965,0.16105775057935023
R3481.SG,0.00558598724181538,-0.0445762970348492,0.9788970955547026
R3482.SG,-0.27570612719345605,-0.6289591072203424,-0.37611417703702865
R3542.SG,-0.005602933860227134,-0.12597279733438774,1.002015154169365
R3543.SG,0.21129587103924324,-0.3739909855470171,0.9209202038322525
R3544.SG,0.1981669430389257,-0.30274030468211277,0.984567932621553
R3545.SG,-0.4966446674420383,-0.9570356850888386,-0.12525881171285885
R3547.SG,0.27564416955335874,-0.5753519059725848,0.7614779039832167
R3655.SG,0.004323225077699293,0.2674531532803799,0.0864335675641496
R3656.SG,-0.7551503239183915,-0.11220562632423876,-0.009328355421218206
R3657.SG,-0.5644809233004153,-0.06781790112790956,-0.3211514341961763
R3659.SG,0.00041123208152436054,-0.33557646964033977,0.9667454397819389
R3660.SG,0.087865690449519,0.3019431843778582,-0.01578276294649315
R3662.SG,-0.3635828104912665,0.2164765401089765,0.4551451003159442
R3663.SG,-0.28504468396012217,0.40209825384916714,0.83096810569517
R3664.SG,-0.17233783144669745,-0.4038544092812408,0.7367103230067564
R3665.SG,-0.14353758445847883,-0.38489388582295153,1.1122306803378577
R3670.SG,0.004301851819748994,-0.34101944626396047,0.6942292126519758
R3685.SG,-0.46244654720040484,-0.014091237899638023,0.6762061120259134
R3742.SG,-0.324802781836124,-0.3884697472968088,0.8252035265201659
R3743.SG,0.12118670636947582,0.467451620193491,0.9280309648244677
R3744.SG,-0.06763969966671284,-0.46862589357063544,0.9309997371833298
R3745.SG,-0.21250266347715688,-0.5176680575414857,0.752824739072133
R3746.SG,0.09486572915010962,0.2625725349145302,0.8332474372549448
R3747.SG,0.054598664584165735,0.041151728836421216,0.938915939234082
R3906.SG,-0.8722501502487329,-0.26895932930166816,0.05482880658473942
R3918.SG,-0.30922713700141546,-0.3798104558394949,-0.207602393392754
R3931.SG,-0.7395562945569782,-0.2557940172778947,-0.19750129641558842
R6681.SG,-0.7192375564619565,-0.14812060164002896,0.41687022542656704
R6688.SG,-0.2683479646206666,-0.3261822581301768,0.6897530526404536
R6693.SG,-0.0227213360394907,-0.42749231276518335,0.9887644250962325
R6701.SG,-0.04626066772605126,0.4839777200506821,0.6420194500756923
R6730.SG,0.22923510940738212,0.3478648960920766,1.0782043017166343
R6737.SG,-0.11260231048624104,-0.6561211909080683,-0.3551946701260558
R6750.SG,-0.3167183261988789,-0.46937001191353833,0.7425752936572191
R6756.SG,0.14092665438370539,-0.1984321102110626,0.9580333170323471
R6759.SG,-0.32884417541302613,-0.4728680845351083,-0.7159387192456825
R6764.SG,0.07821261862680397,-0.3276759539018665,1.0344400541324488
R6769.SG,-0.21671450755328198,-0.1400623342153194,0.2268325490416055
R9662.SG,-0.47637263699173193,-0.7352489965692823,-0.17553067828595806
R9669.SG,0.11123250961090199,0.42200224994374436,0.916671800150501
R9673.SG,-0.23072982995925273,-0.3749846314610853,-0.6167398362357109
R9674.SG,-0.8213811947562434,-0.1425547304588056,0.475438900526496
R9818.SG,-0.027072287491010205,-0.40362242578035307,0.6488059745677877
R9823.SG,-0.14125432307352656,-0.4868966512003082,0.6697965325889145
R9918.SG,0.11938350858476748,-0.4242860328097009,0.42418509121406045
R9919.SG,-0.48148886309162586,-0.622193050848589,-0.0324461635912508
R9920.SG,-0.09128899852449686,-0.5303007827540605,0.21446715614447545
AITI_62A.AG.SG,-2.400714396012245,-0.5201552168399215,-3.003677447248897
AITI_65adult.AG.SG,-0.4310928395949141,0.597821017327459,-0.8219148447196983
AITI_65adult_d.AG.SG,-0.7196109381681705,2.5808166046515257,-0.1450051774958006
AITI_66.AG.SG,-0.27466490841999514,-0.10235577282633886,-0.7169878457031514
AITI_66_d.AG.SG,1.9041479249323252,0.034760519678372674,-2.1675445192417673
AITI_77A.AG.SG,-0.46097971139342675,0.539892794635775,-0.6560851896030937
AITI_77A_d.AG.SG,0.9909024222929107,2.9419435600268358,0.14443222466786818
AITI_77B.AG.SG,-0.49949108511085394,0.5920709611922835,-0.6560261103216233
AITI_77B_d.AG.SG,0.976292455862216,2.9425225783156668,0.1355909891899861
AITI_87.AG.SG,-0.3662421801472174,0.08504373675648734,-0.666690774944978
AITI_87_d.AG.SG,1.091710032299973,2.938944600322993,0.2494852672845309
AITI_92.AG.SG,-0.6471368478519535,0.09122105642337508,-0.5284071391145096
AITI_92_d.AG.SG,1.558336654620838,0.5631615942759388,-1.9597706649210327
AITI_95.AG.SG,0.44692867483059,0.4787828941783752,-0.2481786634767399
AITI_95_d.AG.SG,1.9212901914543292,-0.06366942519184013,-2.1770629033931375
ALT_1.AG,-5.506910812490948,-2.4654342275122243,-0.3790969956739061
ALT_2.AG,1.9110371050695707,-0.004077564085896841,-2.1723703858457912
ALT_3.AG,-0.491603383507474,0.18472334341254537,-0.4756353125826699
ALT_4.AG,-0.44560239912283073,0.22361446830006884,-0.261728882365814
AMP_1.AG.SG,-0.2836566928469057,-0.18127707059645984,-0.8564419060221766
AMP_1_d.AG.SG,-1.7945248280847461,1.9020695665946845,0.07477089105856673
FMW.AG.SG,1.356654885256364,2.8427760245849467,0.8340150236678445
HUGO_167.AG,-1.3564457816862214,1.7381180655211985,-4.7741282364149304
HUGO_168.AG,-0.6953822916014379,0.4786698852540131,-0.8247265378164195
HUGO_168_d.AG,1.4552436984664112,-2.554166370104839,-3.2124507192552936
HUGO_169Sk1_d.AG.SG,0.06288171970902903,2.812032341536836,-0.1935634778474542
HUGO_171.AG,-0.5903339059033429,0.4307961575049909,0.2809399330227337
HUGO_171_d.AG,1.2287859791461746,2.909670028280239,0.4728106062389831
HUGO_180Sk1.AG,0.3018027963389192,0.3126661942214591,-1.1390325003575732
HUGO_180Sk1_d.AG,-0.3213945463592601,1.4536092526237037,-0.5402816578428977
HUGO_180Sk2.AG.SG,0.2765246781504704,0.21087131044699498,-1.1904782172794355
HUGO_180Sk2_d.AG.SG,0.582228738950481,2.921173013720803,-0.116742020802212
HUGO_190.AG,-0.7227652112226047,-0.06203023068721591,-0.8801667711453047
HUGO_190_d.AG,-0.45436456745231546,1.4978085958628846,-0.42013858343201665
OBKR_117.AG.SG,-0.29261501083645985,0.4460697253428239,-0.8441342410280459
OBKR_117_d.AG.SG,0.09022103262576504,2.8214715926763194,-0.20615320770494922
OBKR_2.AG,-0.14882727885738392,0.5800593043071023,-0.5087139451706356
OBKR_2_d.AG,1.2938859602146435,2.8851082918342748,0.6152522619922323
OBKR_47.AG,-0.2724655084586787,-0.47696525895236863,-0.4021250819110311
OBKR_50.AG,-0.08946140551892108,0.22900425121218546,-0.8313468003247333
OBKR_50_d.AG,-2.987285419515112,-3.9554375156650985,1.4323973150359588
OBKR_66.AG,0.06302898673298798,0.22991068893805636,-0.9353429762385368
OBKR_66_d.AG,1.21692402277879,2.914521846949369,0.44812438639945074
OBKR_67.AG.SG,-0.22775874472810068,0.4527120067003661,-0.6736805451199328
OBKR_67_d.AG.SG,0.6936123994018015,2.931532713447456,-0.06681180512862087
OBKR_6.AG,0.6927700810556139,1.1361478426867504,5.45023596877171
OBKR_73.AG,-0.6580687628375695,-0.20304179179124174,-0.6293786776652416
OBKR_76.AG,0.38583695661550066,-2.2909058549322516,-1.9863715876427464
OBKR_81.AG,-0.5331247697159515,0.9292980068566744,-0.29176586068305543
OBKR_82.AG,-0.583926536263864,-2.886514398354514,0.09068980447867661
OBKR_84.AG,-0.7590758256901213,-1.1358229508999185,-2.4926677387136915
OBKR_86.AG.SG,-0.504730582262683,0.6019515656548928,-0.856661005976012
OBKR_86_d.AG.SG,0.6371693288473458,2.923799732321066,-0.09055411305047807
OBKR_93.AG,-0.2905112016398929,0.21056991044149206,-0.7456279607704906
OBKR_93_d.AG,1.1859029721467738,2.9196087708783764,0.3885792383482403
OBKR_95.AG,6.157026219962108,-2.8135024471896797,-2.3395502505066736
OBKR_96.AG,-0.22019005501980837,0.21291520106139564,-0.2913296987485279
OBKR_9A.AG,0.31527823621640366,0.3336417104305096,-0.1425327546687769
OBKR_9A_d.AG,-1.7857210695113603,1.9027934527769117,0.07771317874159335
OTTM_142.AG.SG,-0.1456861391798711,0.6646292420654616,-0.02386682353172118
OTTM_151ind2.AG.SG,0.5694271060472728,0.4822187849069926,-0.20110278977951304
POST_12.AG,-0.7461107248839608,0.4322928419166242,-0.14964383001369128
POST_12_d.AG,1.278873075143372,2.8926883317530305,0.5811722640334506
POST_131.AG,-0.171522164506902,0.2666333614322643,2.010450535289002
POST_140_d.AG.SG,0.8090522170755997,2.9422081146904504,-0.00020798000325945436
POST_16.AG,-0.5382372224093226,-1.3970980198699816,-2.37980924094918
POST_2.AG,-1.0732259936988144,-0.7096666458076091,-2.694981089988584
POST_32.AG,-0.340320427569136,0.6020930715970806,-1.0144779508620785
POST_35.AG,-0.22855589165414114,0.22789601754965083,-0.7177482291187046
POST_85.AG,-1.3192520672735326,1.5453143273729182,-4.280220130386658
POST_99.AG,-0.3133527248770466,0.23545127919444936,-0.5420554282871636
POST_99_d.AG,-0.41333410125661096,0.1437684600583049,-0.5346933928488609
UNTA121_FK61.AG,-1.155186248513488,1.9301635228519556,-4.731755201450437
UNTA58_147.AG,-0.3153472198407667,0.09995566391535836,-0.8598796735103788
UNTA58_147_d.AG,1.3084875509488267,2.8768558828777366,0.6685733793141608
UNTA58_149.AG,2.853750410533127,-5.7723479880251265,1.668222451724318
UNTA58_152.AG,-0.582376151673658,0.39990402979582595,-0.7587407377885556
UNTA58_68Sk2.AG,-0.7764994510730331,-0.12400830871694825,-0.4023352127627279
UNTA58_68Sk2_d.AG,-0.5717286409314645,-2.6690433531023094,-0.8014125358081018
UNTA85_1336.AG,-0.5433258861461694,0.33606551341427826,-0.935185198134316
UNTA85_1336_d.AG,1.3774601738140386,2.8195272554265043,0.9357685900597997
UNTA89_FK231.AG,-4.8927155611521975,-2.400424449968943,-0.7622350462368958
WEHR_1192SkB.AG,0.030457254953077533,0.3282804826673209,-0.8669574019135062
WEHR_1192SkB_d.AG,0.9822763019266312,2.948183479168,0.1283576883809146
WEHR_1193.AG,-0.794810420650625,-0.18351977757023455,-0.4210651903968099
WEHR_1414.AG.SG,-0.48145542054923746,0.38489706237594795,-0.473334501858739
WEHR_1415adult.AG,-0.47857600787698584,0.6849235556187325,-0.8076525350334748
WEHR_1415adult_d.AG,1.9303614398032527,-0.09896759479861171,-2.181076705642462
WEHR_1474.AG.SG,-0.5722932197398601,0.3827823821215702,-0.6700916111193314
WEHR_1474_d.AG.SG,0.16442448279630859,2.8418057724498955,-0.19639354173897425
WEHR_1564.AG.SG,-0.4398572559151432,0.32774982788315193,-0.5528568214366499
WEHR_1564_d.AG.SG,1.113957030767427,2.9309708863861967,0.2803704555109238
WEHR_1586.AG,-0.5058745507468262,0.4098596856670173,-0.5886271931683908
WEHR_1586_d.AG,1.1091655079094047,-5.933252407739576,1.483017089106195
BLS001.AG,1.1149979489596147,-0.22416413182609396,-0.5123078289142279
BLS002.AG,1.1009823690736422,-0.2080652565874492,-0.5156099978581682
BNL001.AG,-0.4875265495889467,0.5589557616623775,-0.3999486044137104
BNL002.AG,-0.7425807222843557,0.6358312017268771,-0.18435014573955233
BNL003.AG,-0.575201545214072,0.597969244578014,-0.4045372164987623
BNL004.AG,-0.5364591945632241,0.549890486454765,-0.0721455936256236
BNL005.AG,-0.6493186803612284,0.9770058044569128,-0.371339155753779
BNL006.AG,-0.6533339837277556,0.7704523642291236,-0.4512065078918543
BNL007.AG,-0.7546307600284075,0.6596969674266796,-0.3044501490854874
BNL008.AG,-1.1880100544577765,0.37530469175294157,0.045623693774979386
BNL009.AG,-1.104434249620376,0.25854218034065496,-0.2950086121056549
BNL010.AG,-1.1627996717876457,0.23866344778368065,0.00015434359493360662
BRZ001.AG,0.8709314013035013,0.3905637691146721,-0.013484008737412328
BRZ002.AG,1.1266859341355853,0.22572201260636887,0.48054737950728516
BUT002.AG,-1.1474729273790119,0.6927722909821283,-0.6117519664849422
BUT003.AG,-0.8825118986448762,0.781205949582121,-0.5604441262611026
CAH005.AG,-1.1575694080343424,0.11242827128820981,-0.451230994866224
CAH010.AG,-0.7834174580179413,0.6300012669544051,-0.13836860225317654
CHL001.AG,-1.074973284532453,0.6026511225164423,0.05054602081774855
CHL002.AG,-0.6837034804430785,-0.232511763291445,-0.686861408096604
CHL003.AG,-0.9357728218963527,0.49578938800896716,-0.04131780468807264
CHL005.AG,-0.5913129010367658,0.9072004171279927,-0.43510242595939375
CHL006.AG,-0.9830579453213264,0.4248705171564533,0.010570849216206808
CHL007.AG,-0.7102153007468737,0.6265390268647538,-0.9021093084464289
CHL008.AG,-0.9559548671009358,0.6121048065100486,-0.14030741455994247
DRO001.AG,-0.8766440811159936,0.5534575769495657,-0.019341918816888095
HOL001.AG,0.7223936350323531,0.059907343379924594,0.3346512334598909
HOL002.AG,0.8336251830208998,-0.10932567519745758,0.21677334567224169
HOL004.AG,1.1559699688862337,-0.6433942131098482,0.11461640402792302
HOP001.AG,-0.8729902350965942,0.14663217185283448,-0.47879853430754304
HOP002.AG,-0.8446263194652791,0.4161190727691942,-0.4023037442001254
HOP003.AG,-1.3004788011640682,0.3659479032450788,-0.533070005741935
HOP004.AG,0.8168209858766329,0.6075777736151137,-0.23109406131959626
KNE001.AG,-0.18626642102738616,0.14353031236472658,-0.9879343595592519
KNE002.AG,-0.8577678855401756,0.4806107443670174,-0.22155956983857725
KNE003.AG,-0.25803457176842914,0.2324352300351512,-1.0058837479772205
KNE004.AG,-0.01124405097002876,0.09672023823990278,-1.1127379924259926
KNE005.AG,-0.06642818160561664,0.17114285071864624,-1.0254957671970497
KNE006.AG,-1.0176134786232027,0.029187226667078753,-0.673251042937212
KNE007.AG,-1.044192289354682,0.44483801416088914,-0.2948046533118041
KO1001.AG,1.1881606290498747,0.3357905126560587,0.25439452296219955
KO1002.AG,-0.7562160157795255,0.3979812401866388,-0.32505241182942285
KO1003.AG,-0.9810100528056792,0.13046116454482282,-0.930377458152111
KO1004.AG,-0.4704728825278023,0.9367475027650533,-0.7768330680294454
KO1005.AG,-0.5527080891263607,-0.15936629857876874,-0.6616735430276934
KO1006.AG,-1.0553655649997102,0.20561988136241552,0.1427390546149049
KO1007.AG,-0.7240189079739241,0.49330959436558924,-0.7320868127207868
KO1008.AG,-1.1413868836432925,0.5039331333239097,-0.009626921097292207
KO1009.AG,-1.09932253213907,0.5965656679393699,-0.158095085656627
KO1010.AG,-1.1181705754699145,0.6106380925466158,-0.256349010230338
KO1011.AG,-0.7759246380861867,0.8873978303490895,-0.31256254100207753
KO1013.AG,-0.9916874329884707,-0.16338369226836366,-0.09163247611886868
KO1014.AG,-1.2208249889200846,-0.1300198667151928,-0.17308795540900615
KO1015.AG,-0.7092716125524277,0.3715561760809648,-0.2336085187100587
KO1016.AG,1.3199529870855806,0.3075404551451193,0.5498094332634271
KO7001.AG,-0.4729796842131815,0.7521326432403104,-0.403409168965853
KO7002.AG,-1.2933414625342152,-0.08026526521480362,-0.3524004770207569
KO7003.AG,-0.9909064885498373,0.5681302236554963,-0.7792021667704582
KOB001.AG,0.6754686957942189,-0.06156904337202757,-0.2592451320170439
KOB002.AG,0.6623115989048265,-0.1435435393951538,0.02738086922275069
KOB003.AG,0.8123369649489164,0.07985273551446524,0.6214656581950352
KOB004.AG,0.5875477595443845,0.4743022239104896,0.014939519624552849
KOB005.AG,0.9174714311391555,-0.4015399890860926,0.251094951072434
KOB007.AG,1.2535234782022007,0.050734212665605294,0.03759125667034112
KON001.AG,-0.30374486431004744,0.33841580304744806,-0.42827609950945117
KON003.AG,-1.1192085551229292,0.42306668359891647,-0.06752527128376837
KON004.AG,-0.4829670656481697,0.819188484917583,-0.39731339914014546
KON005.AG,-0.9483491265666899,0.39016247467473475,-0.1158722023433711
KOP001.AG,-0.4396374553538092,0.11224643059707937,-0.4802156119999618
KOP002.AG,-0.6020990363531951,0.2057774465212286,-0.47286254475267436
KOP003.AG,-0.8669282500996587,0.2511601598055506,-0.615758674424211
MIB001.AG,-0.7580580882287165,0.1570930437992328,-0.49566150182790386
MIB002.AG,-0.7310948446166179,-0.15105379457451557,-0.3673122738765146
MIB003.AG,-0.7066188206437867,0.9885044476494254,-0.07507148967391057
MIB004.AG,-0.8900972788352222,1.0342541591129664,-0.20757909736751934
MIB005.AG,-0.3143939613248302,0.605327616399017,-0.3772480311420616
MIB024.AG,-0.5384737889315305,0.590322234626312,-0.4018462479287288
MIB028.AG,-0.9005211337196461,0.29287785998845567,0.05818676549954368
MIB034.AG,-0.9485481306535699,-0.16108845793145976,-0.5450992356268407
MIG010.AG,-0.6330134920482487,0.6364865005072525,-0.6709404960982736
MIG011.AG,-0.9393779526436112,-0.25020863409391664,-0.499073318016104
MIG012.AG,-0.6735666589294257,0.07093060992112704,-0.6885408599780811
MIS001.AG,-0.9057836022724801,0.2369353295804915,-0.30257111488381766
MIS002.AG,-0.8981061749007588,0.18442697045540513,-0.1667096935162556
MIS004.AG,-0.8658740907785759,0.770453481390461,-0.5471842437671784
MIS006.AG,-1.0552834220063143,0.10798768395831157,-0.851330992806959
NER001.AG,0.49518993485822144,-0.45017447669112537,-1.2175252171742665
OBR001.AG,-0.5991519695274221,0.7842459946856701,-0.35827880623397457
OBR002.AG,-0.9265923362635574,0.21459886497168382,-0.7907304899753105
OBR003.AG,-0.8005313340250588,0.5977134134827546,-0.5327380624433057
OBR004.AG,-0.5058649767354195,0.420364639211692,-0.34805828355393176
OHR001.AG,-0.7043823337626687,0.10998585820995055,-0.5219633753202308
OHR002.AG,-0.587001886802002,-0.03824808920297938,-0.4061188969581707
PDA001.AG,-0.8460149714210016,0.09232072940171282,-0.5393014241401286
PDA002.AG,-0.9599674429344859,0.031652355476289945,-0.5427485401486037
PDA003.AG,-0.8710932610050974,0.06651351496651343,-0.5953044760334459
PDA004.AG,-0.9826230652785919,0.04464770701197366,-0.5517472688736234
PDA005.AG,-0.9946984882246457,0.03808156126719926,-0.5480562278745714
PMI001.AG,-0.7266287684306134,0.4910265534355868,-0.380557320608084
PMI002.AG,-0.10622964781314381,0.08730872486840309,-0.6400818977485474
PMI003.AG,-0.37359806553725905,0.36029594711270396,-0.7513705075757995
PMI004.AG,-0.8802992219022033,0.4369671340255173,-0.8219925781674602
PMI006.AG,-0.943125805409897,0.4356435963724014,-0.834732720654353
PMI009.AG,-0.3068689758079477,0.8224216554775449,-0.5101734158041858
PMI010.AG,-1.1204049329467738,0.30602446390946153,0.11164565738918936
PMI012.AG,-0.7066627402566601,0.8698955780836164,-0.3753877708373777
PNL001.AG,-0.6767776513223493,0.5256801030452395,-0.12767095751131455
PNL002.AG,-0.8881912441821078,0.655982523545909,-0.46696266619931776
PRE001.AG,1.2502643727043457,0.016269894084711068,-0.024815766510670616
PRU001.AG,0.37500461070033847,0.31806542893984985,0.8395074590498505
PRU002.AG,-0.6110426550030972,0.9960469667126753,-0.09331915107188173
PRU003.AG,-0.5161557881942154,0.2964941893029266,-0.7037348853322393
PRU004.AG,-0.46935503629200437,0.9224991088266404,-0.14613920596501814
PRU005.AG,-0.7637746812666619,0.9269655591315269,0.035494994433814646
RDV001.AG,-0.7791045860856995,0.4546882458598746,-0.3807969116612017
ROU001.AG,-0.632263003338055,0.9767017596858002,-0.36407247594156983
ROU002.AG,-0.35881389622674065,0.3677368865125786,-0.9655669403571038
ROU003.AG,-0.3536992701368064,0.27832530769426167,-0.9576991696903014
ROU004.AG,-0.42023328917621033,0.38882227731307184,-1.0020850578953833
ROU005.AG,-0.8437220392299809,0.3990950146739145,-0.17540886191254831
ROU006.AG,-0.4681475905147965,0.23202658049340405,-0.8786611804884439
ROU007.AG,-0.7774961995748322,0.4035915573251322,-0.1328436397807023
STD001.AG,-0.7042759894180551,0.35826174413030004,-0.585409802523151
STD002.AG,-0.9028978998704686,0.1302271313447546,-0.4883423018692731
STD003.AG,1.189132084995467,-0.6017327443219613,-0.24686797278515485
TIS001.AG,-0.5762532634286163,0.10151917575865876,-0.6110793883892687
TIS002.AG,-0.7210192760515196,0.1834038444834187,-0.3393760010775314
TOU001.AG,1.0809368886858526,0.030948003283609714,0.3881422875852171
TRM001.AG,-0.219276160390767,0.3427555183561535,2.030347263351075
TRM003.AG,-0.607169960038147,-0.004282039604742524,-0.22253913130042358
TRM006.AG,-0.8488502896792836,0.34059922699958844,-0.05896848522019524
TUC001.AG,0.7157037525376772,0.06681575512387633,0.38983087456726023
TUC002.AG,1.06963559051243,0.6080655028769355,0.6524639629091161
TUC003.AG,0.5260505477731315,-0.46182260812262727,-0.7170519165679611
TUC004.AG,0.9024575903441262,0.12470283137293149,0.3914007225504193
TUC005.AG,0.3091986948120746,0.04032906983333993,0.1902785047845033
TUC006.AG,0.8486254749810443,0.095697710081024,0.44492461742902073
TUC007.AG,1.2332982460459736,0.4947099401828459,0.529256526519175
VLI004.AG,0.9239412399275445,0.22507215698852046,0.8687475367755119
VLI006.AG,0.8064787856911909,0.4113661230164141,0.40092817549462256
VLI007.AG,-0.8320434433711204,0.3263612797975413,-0.25113223251823924
VLI008.AG,1.3220603078247815,-0.11437044392471676,0.24368468144461936
VLI009.AG,0.6857237277206273,-0.3420049643542165,-0.7401028115303887
VLI010.AG,-0.8100961069263705,0.5671235872363118,-0.12619033372053076
VLI011.AG,-0.7579474718703617,0.1305250406098345,-0.4584813290880442
VLI015.AG,-0.8481118304815902,-0.08930265293075271,-0.3741784094855181
VLI016.AG,-0.9884357110710237,0.20002705703289037,-0.5731180110931686
VLI017.AG,-0.781846125712779,0.6440062636474697,0.07464973334891292
VLI019.AG,-0.9506015152642866,-0.0670679574947372,-0.4598199190198644
VLI020.AG,-0.7943252402217497,0.8178858908251286,-0.17522607107084726
VLI022.AG,-0.9015768603339855,0.4402829172746638,-0.006753111110515592
VLI024.AG,-0.9494943389112731,0.7934056534931319,-0.6999934201201394
VLI025.AG,-0.5638649465706768,-0.2949006380304645,-0.08296419298011144
VLI026.AG,-1.4205900131017877,0.45158314379026554,-0.22553051538371097
VLI028.AG,-0.6106223579585759,-0.05590601107297325,-0.4212467299877909
VLI029.AG,-0.9104761214581457,0.6523108167959294,0.13221138918494543
VLI030.AG,-0.8655149016476562,-0.029136872288791256,-0.9386065087534063
VLI031.AG,0.9963703318541759,0.019958703515946304,-0.5530014543510275
VLI032.AG,0.9958968829313498,0.17140073984664955,-0.10780684618400597
VLI033.AG,0.837606081078922,0.2659387824265347,-0.2354401515390378
VLI039.AG,-1.125059481763137,-0.1705910248290261,-0.2146432482712239
VLI042.AG,-0.6967152740926189,0.30312366365902144,-0.6288822388949323
VLI045.AG,-0.7288468379354827,0.21363831154761587,0.310505508165893
VLI046.AG,-0.8498899710477261,-0.19486756164008281,-0.5409529527994837
VLI047.AG,-1.2881216880493829,0.09123437346790784,-0.3373400590739708
VLI050.AG,0.42260063940843057,-0.43273252477503754,-0.6116707754304292
VLI051.AG,-0.26929429819512124,-0.3344219097548992,-0.8531037244762166
VLI053.AG,-6.120169353672768,-1.6576953555318252,2.575710747085686
VLI058.AG,-0.8128785963819201,0.004472305472727743,-0.3906991537355173
VLI060.AG,-0.6717293526829797,0.35462111216874936,-0.23531230305229212
VLI061.AG,-0.9827184663287089,0.0852289654024416,-0.606374811750419
VLI064.AG,-0.9354853665987976,-0.23424995734378523,-0.45585190187424807
VLI065.AG,-0.6289541415066898,0.7248638665341869,0.05206804136559886
VLI067.AG,-0.7384817398002532,-0.022220121535552827,-0.12945104649211658
VLI070.AG,-1.0995503571320933,0.2914219588205114,-0.2382575881980965
VLI071.AG,-0.818882721424262,0.5336395616317781,-0.04497901240777693
VLI075.AG,-0.12062915018005836,0.15492694368642468,2.01617673793431
VLI076.AG,-0.7160068969994607,0.28806608112161125,-0.25914455312871054
VLI079.AG,0.4165957414526485,0.17269372457187268,-0.08539182600815155
VLI081.AG,-0.9549902873427952,0.13206488412019526,-0.39392110955993
VLI085.AG,-1.1137764588319705,-0.017698230828851913,-0.3471546985607551
VLI088.AG,-0.6972131999550999,0.3544923525611555,-0.20902410248453787
VLI090.AG,-0.7723408220330866,0.17158923644376028,-0.1341356016628956
VLI092.AG,0.0678278676860385,-0.26648342928966906,-1.0802667897925011
VPR001.AG,1.0694703708680549,0.37928184890124184,0.7417685649099094
ZEL001.AG,-0.6985853394609446,0.6973287906811315,-0.2273172774669199
SB379D2_lib.AG.SG,1.240406277957814,-0.2194961017133254,-0.25624356336454346
I5374.SG,5.566500636270659,-2.240506967589161,-2.9166220964867287
SB415A_lib.AG.SG,1.4324917668050805,0.11756076082543206,-0.4341779023443631
I3025.AG.SG,0.6118071206791748,-0.15417654714479148,-0.600866052638611
SB568A_lib.AG.SG,1.4222207780316227,-0.09158572197442977,-0.27682365322203656
SB570A_lib.AG.SG,0.959875140441094,0.015143081395955566,-0.31107710348747586
SB573A_lib.AG.SG,1.1929476655809208,0.13052088801738262,-0.3997496134868638
SB577A_lib.AG.SG,1.0851712166398109,0.10879327763632562,-0.33474865862640235
SB603A_lib.AG.SG,1.0944218566663886,0.03323104164676538,-0.5251966261825685
I3025_enhanced.AG.SG,0.6033751479734726,-0.15423391048395793,-0.6272381428123728
I3033.AG.SG,0.9154068753542898,0.04073200357476886,-0.07479162888833628
I3039.AG.SG,0.9578913054019581,-0.010883114464812165,-0.3092988262671736
I3040.AG.SG,1.0162993991352582,-0.17213479675048401,-0.4246247430186077
I3041.AG.SG,0.9386427820835135,-0.015010587461025536,-0.6212655206335228
I3065.AG.SG,0.7911232042157066,-6.086891892788844,1.6928180359923555
I5387.AG.SG,1.1536215274003447,-0.3527561980461804,-0.434977256998943
I6746.AG.SG,1.2434228781051428,0.2108419975222089,-0.1972254786943367
I6747.AG.SG,0.8348014670843629,-0.005747454227307758,0.0031945867570826484
I6750.AG.SG,1.3086663613100105,-0.0472606889032299,-0.19733370447232434
I6751.AG.SG,1.101221400148528,-0.0057542559387716834,-0.4402622241264316
I6753.AG.SG,1.1795101024347305,-0.008019424096859563,-0.1962316109170125
I6755.AG.SG,1.3436891257572774,0.020621747483295948,-0.43242489289554686
I6757.AG.SG,1.2677571807994557,-0.005736984264491412,-0.4403987096502026
I6759.AG.SG,1.038878986924567,0.0008844079152022142,-0.38193910207857895
I6760.AG.SG,1.481981408794631,0.08183019086751174,-0.10975445558162092
I6761.AG.SG,0.9738320401305941,-0.20418378012044394,-0.3680663234241063
I6762.AG.SG,1.087509658388939,-0.037094475377106355,-0.18127467139162967
I6764.AG.SG,0.9958864106086732,0.166274781861234,-0.3888483891282853
I6766.AG.SG,1.300543289198379,-0.05856407598812911,-0.5543556216046468
I6767.AG.SG,0.5112831438812635,-0.18127915509258735,-0.6711191362869277
SB604.SG,-0.12365578315919755,0.12492568693203703,-0.05223972067944316
SB605.SG,-0.12595716787828293,0.1436844820277968,0.06435182926988839
SB606.SG,-0.04509181096100108,0.14262105861705712,0.10846047090295391
SB671.SG,0.039860957792596914,0.06729690449140549,0.10140933023441134
SB676.SG,-0.1655271067678882,0.09643386491753202,0.06158436984324512
SB696.SG,-0.06723262703912104,0.05513351748082498,-0.012908126443923735
ATT26.SG,-0.5770621168873141,0.4677401602635842,0.22588145651339459
BERG02-2.SG,0.7168966957505235,0.07544674716589715,0.17783870728371343
BERG157-2.SG,1.5905174552905395,-0.10400476274767571,0.16440772902499468
BERG157-7.SG,1.1647692493058412,-0.17061152130699084,0.35567557382186266
BES1248.SG,-0.30364861407841975,-0.02824122527851145,0.5765182690142393
BFM265.SG,-0.08918528265559497,0.04592080109270866,0.5679799069807163
BIS130.SG,-0.8022944868212512,-0.39085796173305587,-0.051557170618973185
BIS385.SG,-1.112510554867309,0.6115464113990847,-0.18641626687849677
BLP10.SG,1.0101442579436017,0.10134999161698335,0.5234876745565351
BUCH2.SG,1.12955537300953,-0.3895931275133602,0.6577816736026731
CBV95.SG,-0.8243768797517381,0.5427751068770096,-0.05759995148401168
COL11.SG,-0.4379027658927453,-0.059078577087834094,-0.47339852606094573
COL153A.SG,0.09669975193979374,-0.06827351765243578,-0.19925926080002926
COL153i.SG,-0.1635464115857559,0.514947084646681,0.6005918823857731
CRE20D.SG,1.3041182339909623,-0.3992816010367784,0.23634048890847187
ERS1164.SG,-0.39403657865800246,-0.08538176507633231,-0.19419423773098315
ERS86.SG,-0.09332432889986365,-0.4287231936566296,-0.35020296153283154
ERS88.SG,0.08427927503993729,0.09690395756823365,-0.19298923341129634
Es97-1.SG,1.4234335344750233,-0.061308286022748355,-0.12396290293659151
EUG11.SG,0.7275708042009701,0.21075198963456282,0.08093871400831631
Jeb8.SG,-0.4731346168468225,-0.4497020149958058,0.07879532627752915
MDV248.SG,0.9722413609468535,0.27450745109353064,0.6834324031437683
Mor6.SG,1.4463155642359151,-0.0939705232201444,0.18997629389840798
NIED.SG,0.281266904189695,0.29588828910196624,-0.49219294226065086
NOR2B6.SG,-0.42603599528748687,0.3713440781287269,0.20411830384511967
NOR3-15.SG,-0.2564931021037532,0.6779806747240059,0.46930135986325594
NOR3-6.SG,-0.16821812659897134,-0.23213218235884087,-0.04824902772221162
NOR4.SG,0.5319792119794468,0.14467549088725176,0.04068984570540591
OBE3626-1.SG,-0.5428581495402692,0.41516690199810574,-0.20211950101783266
OBE3722.SG,-0.38210137579982756,-0.4194425543500017,-0.6439178036759486
PECH5.SG,0.1853124620979893,-0.48418124307839644,-0.23842765200092683
PECH8.SG,0.573347068402232,-0.44505888484579786,0.052475865504285485
PEI10.SG,1.1482386099938588,-0.1781040423921282,-0.22125507989730248
PEI2.SG,0.9837459186931012,-0.23546005067118134,0.5567785741340283
PER503.SG,0.5924989133264889,-0.34958579674635615,-0.5748763238586655
PER3023.SG,0.5110739713346578,-0.2448435907672303,-0.7241868063853139
PER3123.SG,0.5297765253349163,-0.28085330409107606,-0.7143685054471294
PEY163.SG,0.7041224027018664,0.052080006793174684,0.22261391317521823
PEY53.SG,-0.23359280514939726,0.40534318382839424,0.5322783154386191
PIR3037AB.SG,0.17032684861401765,0.028933964670853997,0.5553419849981395
PIR3116B.SG,-0.12297272217718419,0.3527285474534825,-0.3649439133582643
Pir4.SG,1.114421763958962,-0.08242472613688832,0.43885897662227846
Pir6.SG,-0.2859175321861964,-0.12861572076256325,0.4609069983834529
PSS4170.SG,0.2598166206265521,-0.373261263257345,-0.5750650324636706
PSS4693.SG,0.8752062768179779,0.013307982241348935,0.40428652710111257
PT2.SG,0.08283812438025609,0.1875636735571722,0.1960864216688902
QUIN234.SG,0.439420770834698,-0.36935810088691884,0.10772020160091982
QUIN58.SG,0.4136746468232021,-0.7092861009547855,-0.03365650796789799
RIX15.SG,0.12444579012749749,-0.5767053507243923,0.07109912824171224
RIX2.SG,0.178289641421445,-0.34516887097976834,-0.007068248265981325
RIX4.SG,0.0737810646080239,-0.2274254801304579,-0.1426826573244216
ROS102.SG,0.5681843700684639,0.6003334283131863,0.14986502654040598
ROS45.SG,1.0651290601045944,0.29175605888671874,0.7813614383742794
ROS78.SG,0.782682318887145,0.13282932620289173,0.8273308776202843
ROS82.SG,1.0195881874880421,0.22552070218791667,0.5709421896918254
Schw72-15.SG,0.6652831291738004,0.4019027784771845,0.34214352242235696
Schw432.SG,0.9889342132150944,0.22105474421029245,0.8819952774782607
WET370.SG,1.1441093828773867,-0.2935299114220526,0.14358542831684593
WEZ15.SG,0.3865508583954591,-0.4479085989062819,-0.5070540614699259
WEZ16.SG,-0.015723696219899188,-0.5941291920646582,-1.979140516114725
WEZ24.SG,1.7685122927592956,1.9153119057316503,5.638131528494476
WEZ35.SG,0.5204397874275108,-0.00894666856894376,-0.5759567981064384
WEZ39.SG,-1.471422002781701,0.04320726333513142,4.879254324762739
WEZ40.SG,0.27791160846409757,-0.42413576179312296,-0.08289222090032293
WEZ48.SG,-2.908777063807694,-3.891790735599288,1.2563088544806875
WEZ51.SG,0.3140826600095035,-0.004637334676085589,-0.1977889055035303
WEZ53.SG,-0.34251306231849554,0.2138574423621506,0.3779615887480581
WEZ54.SG,0.2968847428474854,-0.601132169839175,0.1252183513118869
WEZ56.SG,-0.09088573252735363,-0.1816355326049465,-1.0424650868116376
WEZ57.SG,0.2549162275437654,0.14387980362999533,-0.13434105521371298
WEZ58.SG,0.2598397450214298,-0.3641949894082274,-0.5414604370952126
WEZ59.SG,0.2923933077835542,-0.6163754321216754,-0.4360356459528321
WEZ61.SG,0.3946343362212285,-0.045657121218451925,-0.49059390616289655
WEZ64.SG,0.2113482446855442,-0.3649323485904024,-1.154165430483409
WEZ71.SG,-0.9830437957399654,0.2133392078763755,5.034459903624252
WEZ74.SG,3.5631743111332708,-3.294479725239464,-0.8405122354200831
WEZ83.SG,0.12206457144280682,-0.345296765425097,-0.5443240837935955
ANN1.SG,0.8418448544176026,-0.013326813737521329,-0.016561377243489623
ANN2.SG,1.3748323939011424,-0.1606684930685936,0.2232567209978872
ARD2.SG,1.3081114381771346,-0.14610827454730047,0.200315857767985
ASH1.SG,1.2213083250834598,-0.07440766845497754,0.17709663589993868
ASH3.SG,1.0426021927053373,-0.1250007922564744,0.10041393303145008
BG72.SG,1.2751166987002722,-0.1854614638988496,0.4276848827632628
CAK530.SG,1.13860338496446,-0.06349635597418027,0.2814015031970584
CAK531.SG,1.1505813373731009,-0.07880195375919287,0.1531665685673894
CAK532.SG,0.9304081843573186,0.010479384624493831,-0.06205921496544116
CAK533.SG,1.101380251027289,-0.07413362052121851,0.134440409376246
CAK534.SG,0.19976309127020794,0.3429267383971716,2.1552184053338506
CAK68.SG,1.223024218639749,-0.2545014725312632,0.12408577014102523
CH448.SG,1.011890936939836,-0.3778646184267511,-0.16565670344913572
GNM1007.SG,1.1856177650859,0.03007397299726676,0.2266563562459347
GNM1076.SG,1.0912267113057437,-0.21979683089587973,0.11426959348362845
KGH6.SG,0.5293429620554494,-0.21305609218390625,-0.6740055808346823
MB6.SG,1.1833152176366597,0.0021614618874710415,0.12994427478360462
NG10.SG,1.1290103365773057,-0.1894460905160597,-0.11576996540226393
NGZ1.SG,1.1448851036245975,-0.10353423871171537,0.25223023585485455
PB1327.SG,1.363573183092531,-0.03784441157681277,0.12869711107866438
PB1794.SG,0.9546380964913538,0.01237422452795138,0.15061586866565166
PB186.SG,1.1748384940284706,0.11213537823682444,0.10743722841518688
PB2031.SG,1.1315794619303476,-0.0662046496635527,0.3336932003999769
PB357.SG,0.9584973192467827,-0.38747443119075653,0.3817492217967024
PB443.SG,0.959580803327957,0.069404669846591,-0.062111603031465214
PB581.SG,0.952802564962826,-0.002484385456229546,0.04891139342624191
PB672.SG,1.417878773688108,-0.036304923387174386,-0.02225283499701747
PB675.SG,0.9228139312966813,-0.43658403662803846,-0.2647690519539494
PB754.SG,1.2029327082745902,-0.24753714881665423,0.31173266886704465
PB768.SG,1.2438293051868436,-0.23873192916046634,-0.07930026311597019
PN02.SG,1.3704947227315336,-0.2856536812751418,0.06792297126787425
PN03.SG,1.1626156935554905,-0.02975305556902537,0.13511860745222393
PN04.SG,1.1760006758742558,-0.07711900311540683,0.2528167571744884
PN05.SG,1.2931483562769353,-0.32740997905339203,0.05949779099485394
PN06.SG,0.913828323574579,-0.5747366688356709,-0.12500381098031435
PN07.SG,1.4108112350738942,-0.20425165058632086,0.2149518344470729
PN107.SG,1.1709151769203088,-0.06708107376949174,0.2134664373521004
PN10_PN113.SG,1.3614702351757466,0.028004858039028645,0.11317518619308777
PN112.SG,1.3079160154420166,-0.012615158272566169,0.149898816147065
PN12.SG,1.2532416721802284,-0.15830616132201458,0.08100484700070898
PN13.SG,1.3494857978814276,-0.13456449154630148,-0.030316678599410254
PN16.SG,1.2253692779378262,-0.32213501274106127,-0.19772948468183968
SRA62.SG,0.49549788493493685,-0.1403490347122016,-0.6996192633225305
DER002.SG,0.5477761748261396,0.07818215559274931,0.7511682080124978
DER002.AG,0.6888618780898784,0.027198047688833868,0.8295599493084297
DER003.AG,0.7272820306570488,0.3267283290615384,0.4211716871632653
DER004.AG,1.1481932170421745,0.33306174062211225,0.7578089326214734
DER005.AG,0.2407607227209149,0.5746664380069154,0.9664739703043355
DER006.AG,0.8458162685901847,0.0718602783526796,0.6180648093624419
DER007.AG,0.5797813560648974,0.3032798399689744,0.8174146405624888
DER009.SG,1.1148770784197035,0.4258648050406137,0.7432127138194592
DER009.AG,1.1270780644828409,0.34674242378476866,0.7562910877413378
DER010.AG,0.65483018043442,0.6300232255598361,0.5636328557411274
DER011.AG,0.9595892365002114,0.684577039505941,0.705712045766913
DER012.AG,0.9209350050111744,0.5717458956233455,0.8098550157158992
DER013.AG,0.820174623334518,0.2632557242990729,0.629773820618626
DER014.AG,0.9246641422447864,0.7581821670054425,0.7442262488248982
DER015.AG,0.8771386926814787,0.5376084666762849,0.7924966868254282
DER017.AG,0.8705246784895389,0.8015215649865065,0.26623074826323373
DER018.AG,0.9687802395670883,0.19697703212613765,0.7494396828327825
DER019.AG,1.003545390123186,0.23434443899273372,0.8246582445819365
DER020.AG,0.7784479448307484,0.008560657305155268,0.6050608672005044
DER021.AG,0.4121532374651853,0.0027622412391023555,0.9627374317784625
DER022.AG,0.8197652514607016,0.7184875128354349,0.6112500759731623
DER023.AG,0.36467344789325096,0.20633492224933198,0.6686726441076418
DER024.AG,0.9913920851964226,0.4207162023946783,0.44186576850811454
DER026.AG,1.1048101142012974,0.33101349470167246,0.7909543451619835
DER028.AG,0.7170106123683389,0.026167037422722465,0.8736643486009248
DER029.AG,0.25904797359264575,0.42083710510843353,0.7127386455935659
DER030.AG,0.5490771803965813,0.2938287072478623,0.2464923849311938
DER031.AG,0.4227335778124819,0.14020711899089885,0.8581072601993263
DER032.AG,0.8412213224880306,0.7316492851848923,0.9601048334074533
DER033.AG,0.586566551282285,0.3101099434033965,0.7331023506028991
DER034.AG,0.571215806865067,0.10340159292226074,0.8843756765840252
DER035.AG,1.0546324696947176,0.35863043300450653,0.6542361402094284
DER036.AG,1.165828809898639,0.2660683211992491,0.7241788673703965
DER037.AG,0.6644601725865574,0.5169699032764319,0.5432365760498314
ajv28.SG,0.32548908557342776,0.11110866466891772,-0.9562906562103821
ajv36.SG,0.3232173719459136,0.10759872640847275,-0.9911691381077027
hem001.SG,0.2667252769860471,0.11391700952708397,-0.9831602053788417
hem004.SG,0.2993374360036849,0.10106167137206569,-0.9518223251171859
hem005.SG,0.21173194522616612,0.16251110395916077,-0.9907809622199382
vbj001.SG,0.2692745838237696,0.19219118488986162,-0.987634639639611
vbj002.SG,0.2952664301304768,-0.0015388191923250397,-0.9199808018188397
vbj003.SG,-0.15803874396712445,0.16718783455650618,2.0335789877267887
vbj004.SG,0.25721849965804455,0.13762740239659735,-1.0017051112433093
vbj006_nonUDG.SG,0.24057572678561684,0.1345836510645131,-0.9533157307592148
vbj007.SG,0.32833637766038215,0.04667332766085501,-0.9322090136900476
vbj008.SG,0.30731873119513664,0.0843373834111465,-0.942755320034868
vbj012.SG,0.23222341530384707,0.11673747238869304,-0.9892488843124381
vbj013.SG,0.27006034758191316,0.13164528261722988,-0.9643093015828048
vbj014.SG,0.21653772257440043,-0.004496600287738398,-1.0026336926460895
vbj015.SG,-1.414728265019833,1.2498421110355031,-3.9931797038250707
vbj018.SG,0.21289829415195918,0.21673380828603966,-0.9157276347862557
vbj017.SG,0.33450797763284634,0.09345242044388052,-1.0088479579196565
DA136.SG,-0.6743093112144954,-0.4481743036643487,-0.23450355926491945
MA2195.SG,-0.8619707382682902,-0.625533885449347,-0.30075277790930877
MA2196.SG,-0.9371616510763292,-0.5999215032757144,-0.008164144031153798
MA2197.SG,0.32832519626464435,-0.09446311367146402,0.6996237379056265
MA2198.SG,-0.49971517840997454,-0.7140202658364179,-0.2738557823467167
MA2200.SG,-0.013109343463751989,-0.0565695105904549,0.4221428224560696
MA2203.SG,0.32226114331675876,0.013316212704477083,0.5365295542070697
MA2205.SG,0.16740493435153775,0.13971723869087732,0.48267532657327444
MA2206.SG,-0.10743296947526637,-0.09762931323161339,0.7162888137680458
MA2208.SG,0.3425924527734823,0.0603132312199759,0.5021531428244103
MA2210.SG,0.286681406105975,0.0859447117729911,0.3558588765673276
MA2212.SG,0.32400767116128776,-0.024394814537659723,0.46385192632027034
MA2213.SG,0.4728857122421228,0.08862762830531977,0.47482385912700775
RISE1283.SG,-1.8295437162549717,1.7560416726391086,0.09014608808081927
Ofnet.AG,-0.22669970600091055,0.19317774372954963,2.1228829516186027
Falkenstein.AG,0.4804194285372247,-0.025388981986481325,-0.7968166917713849
Iboussieres25-1.AG,0.3043227953835694,-0.43269321623555834,-0.9324251293137037
Iboussieres31-2.AG,0.5918253924216581,-0.36647297127400713,-0.6117952125110514
Rochedane.AG,0.4818582356787043,-0.17756518396300186,-0.7334160702750803
DA111.SG,0.14484789610868185,0.2451452881334588,0.0005083327494467041
DA112.SG,0.31519382536507157,-0.47789857827430154,-0.4777240102156002
DA119.SG,-0.20970360138848046,0.19715658700829275,0.23364170476391816
DA134.SG,-0.8323786111769359,-0.20919530064681555,-0.3332937449212819
DA139.SG,-0.7765860121238854,-0.3856612895344961,0.018076179944979544
DA141.SG,-0.6946698461656471,-0.5154420032234549,0.11458425215554523
DA142.SG,-0.8415058035148862,-0.6324251734948733,-0.002813814102081779
DA143.SG,-0.862324676279153,-0.4241742762211529,-0.06516741484647534
DA145.SG,-0.8465383540594824,-0.5584947051386856,-0.09923278942518214
DA146.SG,-0.8038317196884928,0.05747251067650323,0.06446789203679272
DA160.SG,-0.5610287596245068,-0.509412581240912,0.392180253625386
DA161.SG,-0.9332097628689816,-0.7786502356687127,0.046496247745908915
DA162.SG,-0.5969788135036002,0.13299825862635564,0.07764788826035131
DA164.SG,-0.46089986430726626,-0.21229016529072658,0.27523453058349473
DA171.SG,-0.10934148465714152,-0.1581973615198223,-0.7207885337119874
DA188.SG,-0.7488506648153002,-0.1136950275274429,0.5282853074820409
DA189.SG,1.1952011484970968,1.479755098801542,5.5430551419820215
DA190.SG,-0.5110859037843346,-0.1166373602532991,0.3696330656123526
DA191.SG,-0.012634777177549242,-0.0504931530465713,-0.06861271400607002
DA194.SG,0.33646894306807795,-0.3604366898523874,-0.4068582015952454
DA195.SG,0.168732567376196,0.04802704952323776,-0.07474893150904338
DA197.SG,0.13316614622036585,-0.3121925661093737,-0.033219127176116574
DA198.SG,0.5290325976127108,0.215591367404118,0.46575836681875016
DA199.SG,0.12763765935735677,-0.12934041627868043,0.17892580167017008
DA243.SG,-0.786989978023875,0.21499223846115476,0.1487141445706119
CAM001.AG,0.34044703033432255,-0.10980007914048182,-0.1739192574914435
CAM002.AG,0.22484590793620066,0.5168810785526327,0.10354098855841182
CAM003.AG,0.4094011137563994,0.370831352839183,-0.3112727243147591
CSN001.AG,0.4993636969330142,-0.20462119054261824,0.6563182049743526
CSN002.AG,-0.1893368907811813,0.0932421754736439,2.079207690144719
CSN003.AG,0.2342960113658784,0.24417567809998475,0.47280840140249597
CSN004.AG,0.18075939925104864,0.09891310170922782,0.1217657470769608
CSN005.AG,0.4837909023381203,0.5274736808171689,0.09442542523241129
CSN006.AG,0.3357953371891396,0.19773785295209026,-0.05443496078880871
CSN007.AG,-2.5062743430066425,-2.3564753325140657,-1.9175991798053689
CSN008.AG,-0.0511601723154914,-0.1833690087847507,-0.08699971816521983
CSN009.AG,0.025429637031500484,0.06256797121992003,0.47330271447564853
CSN010.AG.SG,0.14016095518399416,0.1268229735146927,0.28772538089205313
CSN012.AG,-1.1754597922348766,0.1089341420389986,4.969964399474175
CSN013.AG,0.31823095813609753,0.01850931435870858,0.1468150706223502
ETR003.AG,0.19152473175166032,0.17285168457142705,-0.24443945981282642
ETR004.AG,-1.4454631540559624,0.08791737137985108,-3.1308770263967287
ETR005.AG,0.5596379907165359,0.19823056038935002,0.392205367983346
ETR006.AG,-0.2215201221290818,-0.17464881733953472,0.39823952889466396
ETR007.AG,-0.7660764168186446,0.2628526637527954,0.7426524576593241
ETR010.AG,-0.6689242667742863,-0.07164693391801728,0.5723672657335462
ETR012.AG,-3.030268311743594,-2.3068734184812234,-1.655598499516059
ETR013.AG,-0.38760419024547366,0.43887035433681915,0.514877936288548
ETR014.AG,-0.5051747206233611,0.0890648151451361,0.7314225855203428
MAG001.AG,0.5766021661506667,0.28946541704046336,0.18131794137099821
MAS001.AG,-0.515130541439534,0.15582659348401487,0.4062103432384486
MAS002.AG,-0.4091769871085958,0.23801998175595163,0.40823114837886126
MAS004.AG,0.6161569410158548,0.3442763879051493,0.4340652869275637
POP001.AG,-0.14999154272379212,0.580619259438111,0.5571241673734708
PRZ001.AG,0.3594380890868574,0.15713130651649554,0.501404203072458
PRZ002.AG,0.6461238687805201,-0.23075143389467598,0.06231526852457197
TAQ001.AG,0.8625204963065579,-0.19441556075858912,0.7340632204415132
TAQ002.AG,0.344207758562985,-0.699920092234871,0.49324179180097827
TAQ003.AG,-0.33482854892614883,0.15879835790356495,-0.2848212866985845
TAQ004.AG,0.714085778983237,-0.21320473803898085,0.4007960734009519
TAQ005.AG,-0.11586877829731831,-0.08202010377552657,0.1838409152486774
TAQ006.AG,0.2506356583801718,0.38065382988193414,-0.24945778403049698
TAQ007.AG,0.4101505102750515,-0.2216269647462689,0.21559686698353114
TAQ008.AG,0.2169653482983071,0.18529842264800225,-0.31462514090053184
TAQ009.AG,-0.1024998280196358,0.17005619701457753,0.4434013788993008
TAQ010.AG,1.0742377993657863,0.20310367609857982,0.10414962042868839
TAQ011.AG,-0.03676004050535598,0.16518525737569426,0.31043505727499965
TAQ012.AG,0.7174292235309323,-0.4664705276570413,0.06542199383451329
TAQ013.AG,0.2456866229430705,-0.11509403895787891,0.39930875084608647
TAQ015.AG,-0.10858678979497018,-0.17444415457741363,0.20158789726478873
TAQ016.AG,0.4063230977545487,-0.34848306867898104,0.23268491815064202
TAQ017.AG,0.8976591116658047,-0.20473293572994883,0.6761564314972022
TAQ018.AG,-0.144843883755755,-0.16426564331349977,0.2392297465819195
TAQ019.AG,0.9077493031200494,-0.2528711720042675,0.7432558732902759
TAQ020.AG,0.1505903281991518,0.36247432461891366,0.22167321495357337
TAQ021.AG,-0.38560181309075586,0.10916309304788484,0.2744721846991468
TAQ022.AG,-0.10829564237918238,0.35488057130608014,-0.21290739337726178
TAQ023.AG,0.275216767775865,-0.28348987822882005,0.003343777627389835
TAQ024.AG,0.9028954725949698,-0.2177823863457754,0.7805973566249391
VEN001.AG,0.026717556876879735,0.38293122075039643,0.2939229911553375
VEN002.AG,0.41530964952609056,0.6818174104593101,1.7355987271605315
VEN005.AG,0.14543823568356035,0.22647193481944453,-0.0904343007090418
VEN006.AG,-0.18238554500685594,0.22118496193796658,0.1565158609331194
VEN008.AG,-0.419356459290029,-0.3714326339916718,0.6713806187990051
VEN009.AG,-0.3571816006769191,-0.36329546024630377,0.7094944258197294
VEN010.AG,-0.06412179664414941,0.38062177853204876,0.00832468616527445
VEN012.AG,-0.19390952760571203,-0.16245793412652712,0.7776111097382266
VEN013.AG,-0.8046214385774663,-0.35727635709367517,0.31141872577116675
VEN014.AG,-0.29016423653491275,0.1805943441182507,2.0795151827834335
VEN015.AG,-0.32227777649163475,-0.22168734618575567,0.6753489091801429
VEN016.AG,0.05199225492123075,0.384419813483983,0.38106838590019476
VEN017.AG,-6.694823592739453,-1.8741426212806422,1.3935694268878525
VEN018.AG,0.16136487039909334,-0.23147038042868362,-0.11236700497903657
VEN021.AG,0.14133470831293107,0.23632955929207822,1.9012379307621983
VEN022.AG,-0.6392058935294584,-2.5769646440307223,-2.738808358744365
VET001.AG,0.35773002928057146,0.14682586337302556,0.3855351096192648
VET002.AG,0.3134874366070019,-0.0867897306995887,0.5611271059904548
VET003_4.AG,0.597544275722716,-0.051285975555310774,0.4131031163083229
VET005.AG,0.19211996295756353,0.4899122921119094,-0.13062606362674353
VET006_9.AG,0.14090807698872315,-0.09270489166934179,0.010012574751871622
VET007.AG,0.5466207355893496,-0.13011043174977255,0.4438455462715362
VET008.AG,0.0844015217172894,-0.6354725775315205,0.10530807028491064
VET010.AG,0.8236588053581732,-0.016743957004244425,0.5816268444317155
VET011.AG,2.446100366728213,-2.416635689476487,-3.286477535957501
VEU001.AG,0.19647707157271926,0.30965405830126774,-0.024782323450623672
VOL001.AG,0.5186311159155408,-0.16792262288330106,-0.23319066670611352
KFH2_KFH002.A0101.AG,0.3102358235001448,0.026615576005599113,0.11198622446867236
ZBC_IPB001.B-C0101_Luk2-Pinarbasi.AG,0.7340540457291491,0.4050044555493484,0.7494108065780326
ZHAG_BON004.A0101_Luk10.AG,0.6039795581650391,0.4867535718334333,0.6852641026132004
ZHAJ_BON034.A0101_Luk9.AG,0.7970850343083759,0.4944026903737071,0.539109992169056
ZHJ_BON024.A0101_Luk84.AG,0.582160635815001,0.4706412517625784,0.5147605257790869
ZKO_BON001.A0101_Luk7.AG,0.6286341310237198,0.4427694683795156,0.5837527319841316
ZMOJ_BON014.A0101_Luk21.AG,0.5948374176992783,0.5517811737775488,0.5559203069974087
ASH008.AG,-0.23143959481834445,-0.5338972895215025,0.4652015561277136
ASH029.AG,-0.3901455237265689,-0.2491541101265838,0.465580303847906
ASH033.AG,-0.34288480261721815,-0.47175122592941676,0.5136752605993881
ASH034.AG,-0.1965175645255369,-0.12620984006842095,0.7700374672801397
ASH066.AG,-0.2166090467330722,-0.25727967318539147,-0.11639076881983262
ASH067.AG,-0.14713710587752296,0.1809288087996946,0.39812526480348265
ASH068.AG,0.22515384718258782,0.32920623081774764,0.46857594771545463
ASH087.AG,-0.382213548888979,0.07106854801943217,-0.06151400785720746
ASH135.AG,-0.09641936685397345,-0.15737296607713033,0.1059857727401982
ASH2-3.AG,0.0816412773779897,-0.16085812216392578,0.6186752429700627
N18.SG,0.7850223349748991,0.04488168533799234,0.3764655677819423
N19.SG,0.6190638745444922,0.5522131409226881,0.29900788529334926
N20.SG,0.8256359088628314,-0.10190095163975114,0.39972729741662616
N22.SG,0.33779890856197703,-0.16174294960026786,-0.6843093419509526
N25.SG,0.36172684758793283,0.4098305468396092,0.5173255171867168
N26.SG,0.5215309593615908,0.46575529512130304,0.4410780164330224
N27.SG,0.4426065503422055,0.3909969548033329,0.31894545438411853
N28.SG,0.4294847616035262,0.46200734705728574,0.5871127798648466
N31.SG,0.5929635196741244,0.08067947572517005,0.9758822347945685
N36.SG,0.6009738884689648,0.49135054058436894,0.6853579487390465
N38.SG,0.9874203932586744,0.23367669800963659,-0.2103891486475056
N42.SG,0.6251785088266415,-0.28723322403339424,-0.6414068176975868
N44.SG,-0.590840546818706,0.09586686095272268,0.08600493034277745
N45.SG,-0.6794186929485058,0.17013942736003665,0.0343262653305343
N47.SG,-0.18180709222466818,-0.059887369980025446,-0.41917966341931684
N49.SG,-0.12019164712564831,-0.1649473417069854,-0.4532207509594887
ATT27.SG,-0.27409878163344764,0.25026196274673285,0.5127413480435045
ATT3.SG,-0.10315244971629553,0.09479371457596306,0.11592157407128924
ATT52-2.SG,-0.2276764071563205,-0.11551410966383016,0.08680878016261771
BES1096B.SG,0.06798064572523503,-0.6194189074427329,-0.03675788047890197
BES1154.SG,0.39942972376257035,-0.5466866918008572,-0.07900332080871071
BES1249.SG,0.13774611107053086,-0.006993990127882734,0.6499635539089884
BFT228.SG,-0.29435579165578485,-0.24219568821881488,0.33691363505544786
BLH447.SG,-0.31463805851345183,0.14034587199701742,0.20561310596520158
BPV1445.SG,0.17507737789098832,-0.012893112195013984,-0.012105771111837632
BPV1455.SG,0.5985761643962983,0.4026865488296941,0.20304860084057813
BUCH48-1.SG,0.0018138770815609962,0.7093741700805785,0.07357312034648522
BUCH48-2.SG,-0.291770007951319,0.1972153091821785,0.3770401998599168
BUCH82.SG,-0.43115328557913196,-0.1463204396609463,0.3523911576549358
CHF106.SG,-0.2535828499217458,-0.5249704827302184,-0.4578863152128597
CLR23.SG,0.13351867058533842,-0.5529508049686758,0.24694266246347377
CLR24.SG,0.4751990736275964,0.5736237827943773,0.08673151805601262
CLR31.SG,0.18945571257346722,-0.41624193831610806,0.4148092471505914
CLR35.SG,0.4914400613713549,-0.14307519975738392,0.42277547146011346
CLR44.SG,0.22634191813845925,-0.7768429604917424,0.18250083756189928
COL239.SG,-0.056513586938595414,0.8380483357656742,0.027423688413351566
COL330.SG,0.4453173835850305,0.0941846271924194,0.48803850437794366
CROI1-4.SG,-0.014989169929825267,-0.444725845572591,-0.01401044879539694
CROI11.SG,0.2595775076257538,0.1065182616775601,0.8392254998180977
CROI12-2.SG,-6.263057426849212,-2.3519943594095145,0.3533311566159274
ERS83-2.SG,0.4455756979605067,-0.006533275588436031,0.39251609328755493
GDF1231.SG,0.14901117646360176,0.16736131464438556,0.046926917069730664
GDF1264.SG,0.1927055016560224,0.45827808428435096,0.18651316134005969
GDF1341.SG,-0.0739708712491539,0.44250000835250064,0.5352203020554015
GDF1348.SG,-0.10611960663861049,0.19292636337438201,0.3055858041413051
GDF1349-A.SG,-0.012964489733227181,0.20359147217105938,0.040475652717675795
GLN141.SG,0.13092804343028372,-0.4650832245591008,0.4068872776047603
GLN29-A.SG,-0.010540334666751111,0.4383465967671643,0.08091208911301405
GLN32.SG,-0.19795071957641328,0.30936672211001676,-0.2958114044897392
ISL6950.SG,-0.01642320443040037,0.16619397216253923,0.02251854679802782
PAL170.SG,0.2917839506590413,0.7112993797983133,0.4016234287692212
PECH3.SG,0.6434347228096716,-0.29757492033213745,0.3202448895564558
PECH9.SG,-0.022407880643861972,-0.5963290011767859,-0.19561878576883066
PEY73.SG,0.25496302502176343,-0.5423096606159756,0.47602717394491006
PT7.SG,0.5996415672193455,-0.043570271984467474,0.029367657091914513
SCPG2.SG,-0.1817112725413131,0.126787038505564,0.5785144904071133
UN129.SG,-0.18553343952019813,0.09106369300663544,-0.01294996311532487
UN85.SG,-0.0878415313933697,0.6868126158419489,0.29812870567525135
VAS75.SG,-0.27467147944053666,0.37057866182747723,0.3881335334293088
VAS79-2.SG,0.0375923807801486,-0.10100228180212982,0.734647140513479
WET429.SG,0.2597130882067281,-0.636014205437533,0.35140323276464086
TOR.11.WGC.SG,-0.10417348799011705,0.19459498651380916,2.0069524060616444
TOR.6.WGC.SG,1.0798576043903536,-0.43076687681717507,0.27538562245015047
TOR.7.WGC.SG,1.0359035780324644,-0.27608779823356583,0.5047186092416156
TOR.8.WGC.SG,0.8640712339727107,-0.4762270185396152,0.4057382630838307
Aes10.AG,0.6726691798481159,-0.4335420284521014,-0.141079078354279
Aes11.AG,0.5077333139897138,-0.37328475767801345,-0.12018374669308035
Aes12.AG,0.6920779916207599,-0.27266042603417506,-0.13238126037871506
Aes13.AG,0.5527996670855881,-0.37607268321295,-0.15595175462183
Aes14.AG,0.525443233531831,-0.49231865741128794,-0.11531269599203786
Aes15.AG,0.5951891862542619,-0.6317207934203676,-0.010058792412766658
Aes16.AG,0.38831673876467115,-0.07411994478214565,-0.14196406393686892
Aes17.AG,0.46213141371233607,-0.20383818985501687,-0.167426375951905
Aes18.AG,0.5337139924025979,-0.3659797839254858,-0.17984231242234258
Aes19.AG,0.6334275320705306,-0.31059221112727076,-0.1513689750157166
Aes1.AG,0.6328491038977317,-0.34260861879809396,-0.10861132689992076
Aes20.AG,0.547341940422207,-0.3849745238273839,-0.0910599369657749
Aes21.AG,0.6172432554474833,-0.31370859895954384,-0.08665814395469816
Aes22.AG,0.304529386871004,-0.306703657209536,-0.1157080884188161
Aes23.AG,0.608935468371496,-0.34134680474982876,-0.1936277574459629
Aes24.AG,0.6411112231833656,-0.28468635070988124,-0.16263208648869995
Aes25.AG,-0.6266474618044218,0.2904668417058447,-0.7311428352236723
Aes2.AG,0.6896376955509557,-0.40763172643656964,-0.049626182941357046
Aes3.AG,0.7703882078429807,-0.32599167463863477,-0.12688404682681592
Aes4.AG,0.5926210655422778,-0.24927665522393863,-0.23430188633904553
Aes5.AG,0.7281245740228621,-0.4240505889846853,-0.04425349833243864
Aes6_d.AG,-2.920565371412091,-3.9025523460221665,1.2782273471051289
Aes7_d.AG,2.069675589053934,-5.439981664438435,0.8796528705731793
Aes8.AG,0.7643892220978143,-0.28017031382589874,-0.17500660220107828
Aes9.AG,0.7066033030310542,-0.4310315384569542,0.009530434932581154
MX150.AG,0.6870680726747626,0.0535032604162019,-0.3208467183886711
MX182.AG,0.5319377978229592,0.07596654457424698,-0.38435086216046216
MX183.AG,0.6234585037858935,0.18726645203761808,-0.3724538983313901
MX184.AG,0.43119557923097307,-0.20497404966340663,-0.37242208174817787
MX187.AG,0.49819846533396056,-0.046445453960267315,-0.2705104762964306
MX188.AG,-0.9430092856722504,0.2526120955100126,-0.9556287215273721
MX189.AG,-0.10578547566102263,0.7106106954883861,-0.36568368237109566
MX190.AG,-0.8904867213485343,0.19968990853720514,-0.8847717265380467
MX191.AG,-0.8455837387472463,0.11319577675977834,-0.8403712794681718
MX192.AG,-0.9514957997723855,0.41002143061078683,-0.8169602923980749
MX193.AG,0.6335507795553833,0.21956079792875524,-0.2838091710254656
MX195.AG,-0.9362863277196983,0.42151661928432527,-0.8087145492316926
MX196.AG,-0.4778615664531022,0.27069824042221796,-0.2265458667370228
MX197.AG,-0.8011157544361823,0.3078456256826826,-0.8498458985523543
MX198.AG,-0.9700557644932206,0.6727970952356996,-0.9052664022642577
MX199.AG,-0.9307587676785898,0.4735273047838128,-0.626906805613747
MX203.AG,0.5241434393817184,-0.302864627240755,-0.3666424484648001
MX204.AG,0.614102368478102,-0.018889716498750653,-0.21087115368547685
MX209.AG,0.5901125586256623,0.07465582051530815,-0.31768465683661645
MX210.AG,0.6170028828772336,-0.2858486857605463,-0.3127230619463862
MX211.AG,0.6086869024296921,-0.09676763840297682,-0.2893940453133216
MX212.AG,0.5118401774687759,0.08350669613143297,-0.36153852461080593
MX213.AG,0.7171436988758854,-0.13722003255582005,-0.14922793256329528
MX219.AG,0.3347983476671193,0.20706339057862774,-0.2750284222073438
MX251.AG,-0.3023023773059591,0.20340157569959127,-1.015652559263051
MX252.AG,-0.19435724322596043,0.08415657386860506,-0.869821842155508
MX254.AG,0.004004473958496411,0.02832594663520297,-0.9581817001407761
MX256.AG,-0.2551452823749597,0.33165331875343984,-0.5607435119366041
MX257.AG,-0.5808362306638912,0.20381847465160158,-0.943764862822712
MX258.AG,-0.4477634448581665,0.6403551663751771,-0.7331138346345965
MX259.AG,-0.7877494913414302,0.9157255051457545,-0.01937555435437108
MX265.AG,0.0936503783582654,0.06114347126256023,-0.8432264448244281
MX270.AG,-0.1169722869836608,0.062106313059749146,-0.873767150458184
MX275.AG,-0.022594686004393003,0.02101818576005709,-1.0018464297601541
MX277.AG,0.11220669681487065,0.5049597761909549,-0.30075494448120094
MX279.AG,-0.4613016844047892,-0.05271517185315018,-0.9979695942594168
MX280.AG,-0.24619938321656892,0.0608975998560225,-1.102381802398202
MX283.AG,0.087245483828267,0.07873748053254996,-0.9122939367095201
MX283_d.AG,0.09314725653068077,0.1440811833716879,-0.8215671963291524
MX286.AG,0.0654599377729218,0.051937711127589575,-0.9842623523988407
MX286_d.AG,-0.027474664826462075,0.13636450385467147,-0.8585452060452712
MX288.AG,-0.04172213988029412,-0.03569861003027183,-0.9415473911741494
MX298.AG,-1.3531240782665415,1.746437884464261,-4.780562338983667
MX299.AG,0.6205833588821625,0.010031037030498104,-0.0016135007156015554
MX304.AG,-0.2037748182817198,-0.09946872293289442,0.18362988501315816
MX310.AG,-0.3365909945926469,-0.41107091319734557,-0.49057825845006203
RA42.AG,1.0077128997447982,0.04242307276165813,-0.12231138941020821
RA43.AG,-5.365525868625397,-1.5224437417256784,3.155457501211154
RA44.AG,0.5719147646302228,0.14528669435962804,-0.2539184766469915
RA45.AG,0.5170851473114976,-0.29879964346166116,0.019916436642837557
RA54.AG,0.6808732198255557,-0.07055268269173276,-0.2898085113725375
RA57.AG,0.7174817984203121,-0.1302962047554183,-0.12580974918995017
RA58.AG,0.5553855635358123,-0.3893822205866863,-0.09020553933480348
RA59.Furtwangler.AG,0.59573108175606,-0.35958219756387977,-0.14312835690470643
RA61.AG,0.5791232872175505,-0.23738095474136306,-0.2067840118479886
RA62.AG,0.6245424939087705,-0.2971710859001868,-0.19969529493654356
RA63.AG,-0.615759241185723,0.27788255841298354,-0.44501597065161835
RA64.AG,-0.8328563656610077,0.003719097360613943,-0.43021712916236227
TU876_SX10.AG,0.793353004675546,-0.12267110884603706,-0.025231236831590752
TU877_SX11.AG,0.6131662791036714,-0.656760610142451,-0.02207291753577067
TU904_SX17.AG,0.6710995390798181,0.23661186384356275,0.2339994747183978
TU905_SX18.AG,0.2630223085369878,0.23729486360126073,0.27443064010956675
TU907_SX20.AG,0.1266048498433841,0.20714800425536206,0.17954075263168526
TU908_SX21.AG,0.384935821859922,0.12627865858245937,0.5438575515874613
TU910_SX22.AG,0.9309843109536565,0.472144206145211,0.014549442200330963
TU911_SX23.AG,-0.6184493418279308,0.3700476663465217,-1.1599488371707272
TU914_SX26.AG,0.542934910948946,0.41418164794346823,0.1645823898137785
TU915_SX29.AG,0.43532022508883783,0.7573487520562259,-0.011660693472902902
TU916_SX30.AG,1.04287898052485,0.40603443720914034,0.30559453169866274
TU918_SX32.AG,-0.5467972454698705,0.14614018847984522,-0.9589979103942504
TU919_SX33.AG,0.5329507619932639,0.8869890786355765,0.35472524478059914
TU874_SX8.AG,0.7371034915263982,-0.14926782982116302,-0.12362545755120169
TU875_SX9.AG,1.0052722773007918,-0.21393153227178147,0.18846139350494584
VERT015.SG,0.7146281660817423,0.5644095507831404,0.6035524907959645
VERT030.SG,0.9469467356105229,0.07536417509208578,0.8165324416100403
VERT035.SG,0.43797971414467,0.176239703848698,0.6627807246089233
VERT100B.SG,1.0682056109311104,-0.025210341543099726,0.5403610208876867
VERT103B.SG,0.6000744899827679,0.3029130041000122,0.4680237186398443
VERT104B.SG,0.9521913585330306,0.2529285836065787,0.8759311228071103
VERT105B.SG,0.7374645006201468,0.1474035638174557,0.6264950925343478
VERT106C.SG,0.7114284221994632,-0.3244405945757721,0.5801318751868347
VERT111.SG,0.8742133248444214,-0.042632229870047,0.6594580517082224
VERT113B.SG,-0.6958043462855439,0.25381594880815306,-0.165998038448143
VERT114.SG,0.16263725872477142,-0.22723242809378996,-0.18730160539946186
VERT115.SG,0.699945070951373,-0.15177697108512753,0.7557088797203388
VERT117.SG,0.5958993898193391,0.4427109107272905,0.7301155190367171
VERT118.SG,0.783225319462676,0.2706026465242054,0.7825410856459084
Hum1.SG,-0.18324590778766006,0.3811599028707962,-0.7452641958887193
Hum2.SG,-0.2982577620363403,0.3518999830017376,-0.769938634964141
SBj.SG,0.29288759205851567,0.101136202109636,-0.9094466643237942
SF11.SG,0.26383346893068,0.05066068800405094,-0.753872962729222
SF12.SG,0.06487536314093845,0.2448924636028832,-0.8815613642921557
SF9.SG,0.13730255396876498,0.12572675930898816,-0.7521925967244333
Steigen.SG,-0.19444059698361496,0.12960511303127478,-0.6928932734502538
ILK001.AG,1.1430003818625838,-0.0157318741914935,-0.19067783275562217
ILK002.AG,1.0643239099184318,-0.17068323387990397,-0.12478444355350746
ILK003.AG,1.0531549887117315,-0.01050052921186432,-0.22829701091427973
COV20126.SG,1.1806892060524583,-0.47604390686509335,-0.01603650860831836
LD1174.SG,0.7922520567011655,-0.5434249709581463,0.24973844554430952
LD270.SG,0.48990596073234954,-0.518080657700154,0.29127610704070905
LU339.SG,0.7689127217785741,-0.7023354217037239,0.2826880604046707
Canes.SG,0.5374772232982438,-0.36067433065182963,-0.6184893718032851
Chan.SG,0.4547727397061336,-0.47769736808932906,-0.6195345824939857
M95.SG,0.18729882507883594,0.1463750423700717,-0.668881481608392
M96.SG,0.05306789861784643,0.28609817024002204,-0.6695950958917266
QED-12.SG,-0.004410279001968025,-0.21548549096198172,0.4605143185559326
QED-2.SG,0.12451085996994,-0.30084355941680757,0.35546289254896024
QED-4.SG,-0.11418196692985423,-0.08794579122486432,0.16668535732168835
QED-7.SG,0.0662804887893922,0.015191329873182271,0.3418547909237694
SI-38.SG,0.018596879384948476,-0.16608405124997094,0.26393348441633324
SI-39.SG,0.48665830414683814,0.14479713412250544,-0.4518843678779837
SI-40.SG,0.5772358917473195,-0.25886544666751304,0.20558325419989582
SI-42.SG,-0.12969762690456604,-0.4005395077819528,0.2276730896242376
SI-44.SG,0.1254917416556761,-0.16987599924685456,0.31113571926977374
SI-45.SG,0.029444592110505735,-0.31830750769898974,0.3465287503944667
SI-47.SG,0.20121628171928613,0.33072991633834425,0.15501290002661855
SFI-11.SG,0.0006148544443858096,-0.6398486300624157,0.4230373710358195
SFI-12.SG,0.1977200458862708,-0.505931717183039,0.32779072061062475
SFI-15.SG,-0.02761353221144045,-0.2653506232401799,0.32316838759582445
SFI-20.SG,-0.041380255103303856,-0.2200973423084446,0.369309319387452
SFI-24.SG,-0.0827983760397164,-0.3406239501932423,0.254548184530252
SFI-33.SG,0.008913303468877335,-0.3749170195459957,0.26177679121958114
SFI-34.SG,-0.15794090118346518,-0.3033994874311213,0.30384644316358306
SFI-35.SG,-0.12029640591978662,-0.5853799816100675,0.48446995644305063
SFI-36.SG,0.03192394285898252,-0.2076935498916146,0.31753534475171646
SFI-39.SG,0.009180734023610984,-0.3238762427765116,0.43318968180509715
SFI-42.SG,0.10789527516829997,-0.3161777018196447,0.39722328445001737
SFI-43.SG,0.04509587236969435,-0.5592527801588228,0.21701559220043817
SFI-44.SG,-0.008877409379254013,-0.24436625996691416,0.1835555885250751
SFI-45.SG,0.020586944132243996,-0.004767899623149156,0.22461690500145878
SFI-47.SG,-0.024168493248023566,-0.1682267616849902,0.38928206246763525
SFI-50.SG,0.03654549634983698,-0.41320980080602165,0.3464085324128824
SFI-55.SG,0.13486696544326388,-0.2576964539017069,0.3406267308036832
SFI-56.SG,-0.03820871599209954,-0.25474351729247663,0.3048650235985527
SFI-5.SG,0.134376074072482,-0.5543418150934236,0.35231389555015624
ERS1790729.SG,0.0778262614905201,-0.2981007808205537,0.2752227868995747
ERS1790730.SG,0.07553508545473976,-0.13642761283424093,0.2626140097110241
ERS1790731.SG,-0.1528824585511083,-0.27918360772029566,0.34002871940293733
ERS1790732.SG,-0.04055003471912334,-0.29607203475622174,0.34369175617308534
KH150189_KH150632_KH150636.SG,0.6149460830739937,0.15934241420716785,-0.4726163492760365
KH150190.SG,0.9729637609628786,-0.06213721950518467,-0.6364826682349142
KH150193_KH150286.SG,0.8366763896442776,-0.1306052684548577,-0.6744639891468893
KH150195_KH150196_KH150616.SG,0.6347067826967393,-0.15367030338786028,-0.2711145339381375
KH150197.SG,0.8695099243843423,-0.05512653509333765,-0.5600090512102025
KH150198.SG,0.9104365145232927,-0.03691808526035758,-0.5475623978164051
KH150200.SG,0.6173305245521322,-0.15601477824047194,-0.9220889101179649
KH150204_KH150634.SG,0.8374408130063195,-0.012701147821779146,-0.3908339304136243
KH150208_KH150210.SG,0.8998548047816897,0.021057245741832264,-0.702240080025531
KH150287.SG,0.8151416830390188,-0.3439477853878471,-0.7817312410676336
KH150289.SG,0.9165438511819671,0.061815218425738366,-0.7717861496910846
KH150418.SG,0.9225892366482814,-0.10029792980813468,-0.6947429073741719
KH150419.SG,0.6490954680878889,-0.08364196887420611,-0.7346129233726268
KH150422.SG,0.6767898500194859,-0.16237850805319737,-0.7247101955851991
KH150610.SG,0.7321523191815994,0.18245911515937668,-0.3057606508021076
KH150612.SG,0.8054458506599745,-0.20926778225170295,-0.9919974875106274
KH150613_KH180043.SG,1.1190457254410613,-0.22802032098474376,-0.7340040686195556
KH150614_KH150615.SG,0.8463473399686484,0.12546945627908493,-0.679228378257025
KH150618.SG,0.8335017670057951,-0.11912481140630098,-0.7143493123901992
KH150619.SG,0.7431266119131165,-0.589447885921108,-0.7643618417909223
KH150621.SG,0.7490119159203392,0.014211959030698518,-0.7435599573487256
KH150622.SG,1.0383476202494506,-0.6261543550174203,-0.3227455543874709
KH150625.SG,1.0147219519425998,-0.48164387489739563,-0.8390434882707126
KH150626.SG,0.917418826157315,-0.10342644507896726,-0.5250737223999268
KH150627.SG,0.5104347766170186,-0.3864460954016263,-0.5924316898341077
KH150628.SG,0.830581748025935,0.024953131717439434,-0.629911658744662
KH150629.SG,0.8915381057906899,-0.5415623594120759,-0.5850444221138641
KH150630.SG,0.8901427349630948,0.025700768179496652,-0.4282204818034523
KH150633.SG,1.0064764791614147,-0.061625555155380214,-0.5518971074815644
KH150635.SG,0.6970765547508031,-0.2433037813737779,-0.38554243563050355
KH150637.SG,0.5806126144360533,-0.35560334193290505,-1.0983729596574807
KH150639.SG,0.8814084121598862,-0.05573297519043515,-0.5627603576421629
KH150640.SG,0.9521207698815837,-0.07316960844563607,-0.5971259227480956
KH150641.SG,0.8971376622081588,-0.07257490031416859,-0.5831497443642127
KH180044.SG,0.853783489557135,-0.6081142846534496,0.04600495480858327
KH180045.SG,0.9544089711244405,-0.10563410272047812,-0.6126883179386174
ALA118.AG,0.01940630377467888,0.10885071848308363,0.48086775267485893
ALA120.AG,-0.3275593605010859,-0.07243904935470989,0.6392212826976283
ALA123.AG,-0.2688612181916851,0.26806697768712,0.8269303936757898
ALA124.AG,-0.6111269684192979,-0.022622666053504898,0.5967003155495441
ALA128.AG,-0.3211095942657092,0.1845872663516942,0.35773208412124075
ALA130.AG,-0.311048103596459,0.08455124688038315,0.543786309870689
ALA131.AG,-0.12547936669876977,0.28563652219310015,0.7130239127136976
ALA135.AG,-0.028133229523320365,-0.34828043152413907,0.5087783223303305
ALA136.AG,-0.5462617218115925,-0.20037142571453073,0.5019411547694376
ALA138.AG,-0.033717409594551565,-0.09272848283213762,0.38834952575431864
MJ-06.SG,-0.5134535571098496,0.488857840651154,0.07756498956739398
MJ-08.SG,-0.6375678705992511,-0.2346390242040304,-0.48939357922552235
MJ-09.SG,-0.8323014080575357,0.2498308164839646,-0.0595298189824685
MJ-12.SG,0.4375920157063842,0.010027976070389664,0.4713182935199433
MJ-13.SG,0.013285627770611336,-0.000852719369400082,-0.057063202972096445
MJ-14.SG,-0.058107977194343116,0.661126813608498,-0.17130332286219283
MJ-16.SG,-0.629749922169822,-0.47371359916875155,-0.4855206117926347
MJ-19.SG,-0.22923333205270907,0.03847912820990616,0.043842193321763125
MJ-31.SG,-0.6942656060550543,0.17759904209363372,-0.40275286794672555
MJ-33.SG,-0.8584178169614372,-0.5200774601531674,-0.0824502206092299
MJ-34.SG,-0.9149017725185382,-0.3665658015131723,-0.30890269349422567
MJ-35.SG,-0.8356540979971383,-0.615464572826237,-0.5384271797855528
MJ-36.SG,-1.4489031348547632,0.10315978392273628,-3.1428654828809948
MJ-37.SG,0.21901537785321773,0.012082542592434247,0.6121942251961515
MJ-38.SG,-0.8399751826272934,-0.355642422779834,-0.22208525056612424
MJ-46.SG,-0.5729737968678604,-0.6638425066974077,-0.10834805823605315
MJ-47.SG,-0.4516704733195036,-0.9576496349732774,-0.15551865336699663
Syltholm1.SG,0.4834122898309386,-0.11843889619594944,-0.662774682946685
HUN001.AG,-0.8384812954875508,-0.5922625002819953,-0.22060530994312633
BOG019.SG,0.16502877805719698,-0.5161932434905462,0.5211518348504844
BOG020.SG,-0.09496698944155069,-0.13240538746850938,0.5568430490105006
BOG024.SG,0.13363977795715473,-0.06159898867815509,0.4407649968763913
BOG028.SG,-0.03155617538696765,-0.2035972872256783,0.41796958715384724
CTG025.SG,0.006815172824754413,-0.17283199760527632,0.9507867789975624
G23.SG,0.233708940945786,0.2707094439020163,0.5831376321754691
G31.SG,0.48261053276129956,-0.0832182840266911,0.8205223930678402
G37.SG,0.3107898197374117,-0.1465638037991142,0.6463543905041264
G62.SG,0.20033913108891946,0.3301674780302328,0.8227694461156895
G65.SG,0.4936452739290224,0.2387386569431744,0.87043387665965
G66.SG,0.9109808855820992,0.5596924981646236,0.7462563335073058
G76a.SG,0.44599172333834286,0.08218014717417421,0.9930681306781574
Gordion001.SG,0.24110875991431413,0.119841998159765,0.4452451125114949
Gordion002.SG,0.4517591730447881,0.06813689127385009,0.4087668880916428
mus005.SG,0.5501626993370536,0.12519527014736,0.557590841238156
mus006.SG,0.4408016810189144,-0.009473042517181418,0.7613716312891438
ulu117.SG,0.2293186077072125,-0.06330373768927539,0.1737985664445107
cim357.SG,-1.0302963949311805,-0.5420204562406415,-0.35080541097959
cim358.SG,-0.6407220021327615,-0.9401502608080661,-0.17456482685369323
cim359.SG,-0.7840540824618049,-0.6995204368534566,-0.15962826704357214
scy006.WGC,-0.018807061255127763,-2.315908953529546,-0.41937461139104976
scy009.SG,0.11044088469855937,0.01376609083804357,-0.5608813614219924
scy010.SG,-0.4149568070643152,0.001964473123117426,-0.15885398131759987
scy011.SG,-0.7839125638242865,-0.3931874673459835,-0.31306212047019205
scy192.SG,-0.06214644302662563,0.0312537512425471,0.7797339184516572
scy193.SG,-0.21974847279479578,-2.5885769177986955,-2.854946999966939
scy197.SG,-0.014536285844143917,-0.3887848934808369,0.6755588706086345
scy300.SG,0.1835263227859284,-0.1651953908340682,0.7130607631864396
scy301.SG,-0.487652783536514,-0.3420585351551231,-0.17705121051656278
scy303.SG,-0.013251864586406254,-0.2960297330114824,-0.002411932047627827
scy304.SG,-0.18108714810818363,-0.32224787487021483,0.17403379317438608
scy305.SG,-0.12395310253982175,-0.34456571612241316,0.6095838910328795
scy311.SG,-0.5337472396324868,-0.5292514516184765,0.35257738753263024
scy332.SG,-2.5967719131237477,-3.7216475602635586,0.853563646711397
vik_2072.SG,0.1677630261794642,-2.1926246629347492,-1.232055767008176
vik_84001.SG,-0.1711193018483016,-0.31327786502948274,0.030578632402472248
vik_84005.SG,-0.1866929077071486,-0.14696319411203948,-0.10065020847846626
vik_84035.SG,-0.27902822988214826,-0.18602981702335933,-0.06838455046407883
vik_97002.SG,0.14104990828385044,0.12919287565112203,0.04797773910882958
vik_97026.SG,0.10565054100424068,0.08826667885431945,0.2635790345270991
vik_97029.SG,5.5341837381763375,-3.4470472755989854,-1.6786022982051816
vik_bns023.SG,-1.1276530587744096,1.9923931637985366,-4.83061399776794
vik_grt035.SG,0.034748550362165745,-0.22673876290693987,0.32576864622796986
vik_grt036.SG,0.09781966829663259,-0.17961549944482677,-0.11160398310151624
vik_gtm021.SG,-0.5667989257628049,0.03919517584677012,0.03813204569393688
vik_gtm127.SG,0.03990131332137503,-0.2950194016497523,0.10423653621495464
vik_KAL006.SG,-0.3256635798732485,0.09181092519435914,-0.4844432444516216
vik_kal009.SG,-0.11096191403504618,-0.26228824598199657,-0.5170466188799738
vik_kls001.SG,-0.21975005290966854,-0.4394306900140342,0.12950033319021503
vik_nuf002.SG,-0.3691304497310917,-0.029554096085878848,0.19529849103179234
vik_stg020.SG,0.03138946436430358,0.008871000852065143,-0.5627530286517164
vik_stg021.SG,0.35724365649770234,0.5864533264225883,-0.08133589527015737
vik_stg026.SG,0.2878241930765641,0.3847952502973507,0.10430250205529983
vik_urm035.SG,0.08499196592898144,0.21371830686426835,0.17747261982968848
vik_urm045.SG,0.47299128216982733,0.15575980333859568,0.13960182800385287
vik_urm160.SG,0.10376021840854295,0.47216933583941617,-0.4033878215599418
vik_urm161.SG,-6.415561987518321,-1.6573085076315082,2.2653013872390324
kum4.SG,1.8805992244628003,0.1416058076822066,-2.15150684112714
kum6.SG,0.6100707311214081,-0.11558291784674259,0.27830191828919215
CHV001.A0101.AG,-0.7408890922174982,-0.8176277040452368,-0.02959201942013118
CHV002.A0101.AG,-0.6411750615929012,-0.7785050893811922,-0.07540030702536224
Ukraine_HG1.SG,-0.43275706431067984,0.11842290578464493,-0.6902178263840463
Ukraine_N1.SG,0.014059906819318567,0.27425157348199114,-0.8139185801796358
Latvia_HG2.SG,0.1580743596411491,-0.12473269485072921,-0.8299084363220123
Latvia_MN1.SG,0.3519071197134076,-0.2180400355035934,-0.6406050557664085
Latvia_HG3.SG,0.37880453894784566,-0.17848844937672184,-0.6069938324622837
Latvia_LN1.SG,-0.43371033474652376,0.11691541032874359,0.06332796138644838
Latvia_MN2.SG,-0.4633086169058252,0.11999950133507203,-0.3838657282616961
Latvia_HG1.SG,0.17100525302036496,-0.33516665655464023,-0.5419163261179883
pcw040.SG,-0.17535767201347616,0.33078572465612277,0.14784716636931575
pcw041.SG,-0.13974181266043748,0.19198878619264517,-0.15370338816727255
pcw061.SG,-0.6907730013927488,0.39891476305182777,0.04022889161527838
pcw062.SG,0.11552107295029486,-2.1562784150195737,-0.5502752579047837
pcw070.SG,-0.6181398027737393,0.3230903174607529,-0.21959188245722502
pcw110.SG,-0.2558390859469744,0.12719961733615698,2.080493061532903
pcw160.SG,1.4245872103707466,1.6955591308105125,5.579774103359834
pcw191.SG,-0.6553912963611107,0.20563445494858773,-0.44141615480583196
pcw211.SG,-0.361755810475301,-0.03763001071779955,0.0715772870653219
pcw212.SG,-0.5882429255000212,0.22842731213712245,0.23427042442227752
pcw250.SG,-0.7075327049865645,0.3346434122479498,0.2442299273851495
pcw260.SG,-0.3630810786658893,0.18856064600205164,0.008638174999283526
pcw270.SG,0.6268531186355759,0.3012777368060253,0.17281326364039373
pcw280.SG,-0.4002812042267403,0.538866292729229,-0.2593027236258903
pcw350.SG,-0.360986313784577,0.6810403674873312,-0.32497804628001387
pcw361.SG,-0.3687614100000196,0.03020559568706765,-0.20673669023790864
pcw362.SG,-0.6070881333610948,0.1623522085594692,-0.07081240769355805
pcw420.SG,-0.030609122254100833,0.10394021538826904,2.11565589438717
pcw430.SG,-0.7862880136201574,0.6579630584576168,-0.5979860708912905
ajv54.SG,0.3003655701845555,0.07297732336815664,-0.8833082802633611
ber1M.SG,-0.2598733471139887,0.5217704114483638,-0.1847178613520202
ber2F.SG,-0.6410030382892763,0.4716911384224913,-0.2087777607623249
EKA1.SG,-0.0737513404448916,-0.05125944857904722,-0.45503262477949175
oll007.SG,-0.8236096753017487,0.08881523080284436,-0.27869703791374684
oll009.SG,0.44357427998126864,0.13048200848107921,-0.2493990828678466
oll010.SG,0.2998857690154336,-0.48935180305927195,-0.1787531820982758
poz44.SG,-0.8552140436836912,-0.007607902057994601,-0.1972034966748249
poz81.SG,-0.42572164612709096,0.47809794147197077,-0.3543640142723467
ros005_renamed.SG,0.9687321836986802,-0.17410149931400698,0.05522928033323796
ros3.SG,1.0436029866652992,-0.16290451637339523,0.07319779396429568
AMC001.AG,-0.225643395719671,-0.4517089438820115,0.254065532398472
AMC005.AG,0.3508484377254982,-0.2562559166043496,0.45427595861035847
AMC014.AG,0.12641358343578665,-0.3392788398419668,0.5204132285533482
COR001.AG,0.5287435437881726,-0.45394331336173654,0.46451209627420254
COR002.AG,0.5206847196349818,-0.48201675333505367,0.45239747649276785
FIL004.AG,0.4247263809756105,-0.4715467305118776,0.5780874025533729
S1249.AG,0.822321971225226,-0.4649342098268921,0.7266307486689646
S1250.AG,-0.35147534019278226,0.18698342390899017,2.0570227878638137
S1252.AG,0.4341743572277066,-0.7415597309364559,0.276336413048049
S1253.AG,-2.2619303887857076,-0.35236470122034136,4.581222567425188
ISB001.AG,0.37098454589336693,-0.5114914994675432,0.3462041819108785
ISC001.AG,0.8738212686983723,-0.4728020981304629,0.34455538310229666
LON001.AG,0.23474031895096267,-0.5578105018485979,0.3640199979797661
LON003.AG,0.4315692690965899,-0.2889275691838618,0.4712674125843616
MA110.AG,0.3778769747872867,-0.4418626243846801,0.316876756705752
MA112_renamed.AG,0.503490307100424,-0.47073971265705805,0.14448401787342305
MA138.AG,0.5288312271256309,-0.3899163749139489,0.44612970284407044
MA78.AG,-0.3124587355765491,0.18493618192035968,2.0799730335132467
MA79.AG,0.5518148784442394,-0.08495227201126307,0.11624497339067279
MA82.AG,0.37431896888146876,-0.5064060157419538,0.30132226649816973
MA85.AG,0.3802393455401547,-0.38740373737795464,0.14344357752299175
MA87.AG,1.5795365933435923,-0.9331457369143055,-1.9909552049760584
MA88.AG,0.44139376180226775,-0.46692292202793734,0.20233652009761224
MSR002.AG,0.21667366703129023,-0.10550499592103146,0.5840067397727017
MSR003.AG,0.8250184597907361,0.21345511306362208,0.016703910842015165
NOE001.AG,1.508228526188545,1.7416331922149697,5.593192192650494
NOE002.AG,0.7813191866004398,-0.21797756881171568,0.5536390057204039
ORC001.AG,0.41961139573409156,-0.44295163387427194,0.3348452557334639
ORC002.AG,0.4736006523039322,-0.548341924282808,0.4342688892506283
ORC003.AG,0.4102416029975782,-0.5143565488417778,0.4870311875362529
ORC004.AG,0.4006355563942588,-0.5039749754907755,0.17998122210490552
ORC005.AG,0.4316422776623939,-0.4806144228352358,0.3718102234241459
ORC006.AG,0.3907999004715226,-0.3967776561629089,0.48365441232926376
ORC007.AG,0.4826422823185055,-0.5388327113488224,0.33847155444984856
ORC008.AG,0.38512857231625514,-0.5334066898558617,0.47372987786023685
ORC009.AG,0.3853501587433994,-0.5760397657044394,0.4548867246668479
PJU002.AG,0.5877708295157424,-0.42660435865944285,0.320540159970908
SEC001.AG,0.53647109838541,-0.485550903763164,0.3940289513094987
SEC002.AG,0.5194176601762154,-0.5838174443554559,0.3751280586559536
SEC004.AG,0.37286771295898263,-0.513843212861122,0.34841742222999955
SEC005.AG,0.5005937135797912,-0.5146347428356622,0.2930992137726035
SEC006.AG,0.5016700422057035,-0.4894321984820961,0.2753166790081725
SID005.AG,0.5961487870350115,-0.6589266146001205,0.3042536271782301
SID006.AG,0.8654879443000223,-0.34619801081633506,0.40742430827191944
SNN001.AG,0.1760510932022232,-0.1348872701797217,0.5040277136103269
SNN002.AG,0.10486968156103689,-0.05798925738123975,0.5548099229531038
SNN003.AG,0.6370873175345576,-0.3895253796673407,0.3823195927042266
SNN004.AG,0.3236294654424613,-0.35897617895192907,0.09399415524924366
SUA001_d.AG,0.4109188139347652,-0.5346467642194402,0.10808105131684247
SUA002.AG,0.610899165752483,-0.5234214310161742,0.40858978376608374
SUA003.AG,0.36513764065681364,-0.46494659481646333,0.38634231849446005
SUA005.AG,0.9956162536537535,1.3213609498141585,5.510168271499335
SUA006.AG,0.33183454546143565,-0.5797092903312273,0.4867665222067278
SUA007.AG,0.5351456932869926,-0.6134045192579114,0.45314007765090086
SUC001.AG,0.3194478535178255,-0.6081369366505028,0.4046384571570538
SUC002.AG,0.3605898604256665,-0.5151430576639925,0.29138003151378683
SUC003.AG,0.36274292410732517,-0.5734653591483246,0.4022359128427944
SUC004.AG,0.5468576074611872,-0.5549141703995548,0.3099717049660477
SUC005.AG,0.4761085625599103,-0.2784041651716366,0.43208586593804976
SUC006.AG,0.5735177883365268,-0.567357944811823,0.5325401048197109
SUC007.AG,0.9429490587742435,-0.6799830727757978,-0.2131831130373463
SUC008.AG,0.5534544373322837,-0.6093452177408535,0.30987014613144304
SUC009.AG,0.5371802136867835,-0.49050927712204906,0.39481615559097055
VIL004.AG,-0.17783796507086075,0.07287978456398327,0.2967895625230052
VIL006.AG,0.18684567769853197,-0.6328054957875723,-0.06411524261813269
VIL007.AG,-0.05409192615724916,-0.6590990935664792,0.1395022038724641
VIL009.AG,0.07355269958993366,-0.00922668197992585,-0.1894847895444731
VIL010.AG,0.03946159265009203,-0.3807190438599341,-0.08315260232282914
VIL011.AG,0.10051457553028799,-0.6156983190755837,0.07967504511353722
VK108.SG,-0.08669410716727673,0.2863691886664142,0.31758301740919703
VK113.SG,-0.28629592855869473,0.004028480948449898,0.4932423098602246
VK114.SG,-0.46903679619115785,0.013666497756777155,-0.19405301302473457
VK116.SG,-1.8308091365053358,1.7337068153271982,0.09026295269422854
VK117.SG,-0.3180706959329527,-0.1749148057045693,-0.30367525764173786
VK118.SG,0.18857062731501611,0.3769586236446482,0.6235902200976301
VK124.SG,0.13530300100247852,-0.07695784721307089,0.46714379231001185
VK125.SG,0.7889940776874453,2.938184130326653,-0.018338345887764396
VK133.SG,-0.2249708443544377,0.27189155041402996,2.070231886409252
VK134.SG,-0.05201909098911215,0.29399480462760136,0.32875232311081865
VK135.SG,-0.19485792407113575,-2.433002863626874,-1.0324802912390243
VK138.SG,-0.20251092074229482,-0.09975571291927963,0.3522983669461317
VK139.SG,-0.08058728795982728,-0.2459222110864083,-0.4880723045609954
VK140.SG,-1.5918880726594968,1.4352686841843614,-4.575861525429062
VK141.SG,0.3468846900229084,-0.26373294897730987,0.18468139260285577
VK143.SG,0.16685385130570232,0.278637285767306,-0.2854941300227685
VK144.SG,-0.21741914984278182,-0.3630588091196249,0.2666608581554938
VK145.SG,0.40098342500896944,0.19121849061853993,0.12282838414913481
VK146.SG,0.3715688781160958,0.27420938074998796,-0.14418205927206604
VK147.SG,0.00896071080606689,-0.3360163262650044,-0.12548300053087316
VK148.SG,0.056180837994795584,-0.03184888812140534,0.028854191172707436
VK149.SG,0.525485854089054,2.911247712096339,-0.12784584401767746
VK14.SG,0.5700759519914657,-0.045077371525909044,0.08519156504104891
VK150.SG,-0.08393567066077054,-0.12945979646774133,0.36001874322903205
VK151.SG,0.07313587627710139,-0.1888634020104857,0.16755462023445375
VK153.SG,-0.04332460484889971,0.47569633040214154,-0.2618739617876656
VK154.SG,-0.19100784925942574,0.45052121503051235,0.3613735248611285
VK155.SG,0.07806046927950923,0.5641263795669234,-0.403296421389643
VK156.SG,-0.06473406860974132,0.2767192409073603,-0.5020931748692832
VK157.SG,0.3091176415057271,0.46889637173616006,-0.3909053934293897
VK158.SG,1.6664586949369802,1.8241316045531548,5.62048452245854
VK159.SG,-0.0016500199150485725,-0.1872050783519186,-0.38818393719084376
VK15.SG,0.2644889101992306,-0.011874635912209724,0.021492458145070358
VK160.SG,-0.5400830354376972,-0.08870468577382301,-0.4145587135152806
VK161.SG,2.6551716116108093,-5.14975439657485,0.4126148664453944
VK163.SG,1.6068132368407975,0.5258483755607968,-1.9864347280351389
VK164.SG,1.2887744925763254,2.8889883429442325,0.5976414382315667
VK165.SG,0.2551642281027879,-0.18311037083070117,-0.2111669877990007
VK166.SG,-0.00021022538429471034,0.14847002176999247,0.23853904183466923
VK167.SG,0.19604200352940332,-0.19565521529532182,0.04656231356714661
VK168.SG,0.0705238783345222,0.13460526872716297,0.36923310154224853
VK16.SG,0.5759818755581261,0.23907868465591112,-0.3189314668685477
VK170.SG,0.07965383955923826,0.5176126602121153,-0.29005385524978533
VK171.SG,-0.32662836843232174,-0.10124938514773378,0.048136140693111305
VK172.SG,-0.0251350393281299,-0.041342446147047844,-0.1666098338226301
VK173.SG,0.0598583159088248,0.44062421425143056,0.07131278576655982
VK174.SG,0.2985554727780385,0.21132843510997254,-0.16396388075179444
VK175.SG,0.06388545054673551,0.10357930912320719,-0.5062508566356005
VK176.SG,0.0790978425190325,-4.719875179329032e-05,0.16369118812131908
VK177.SG,-0.13377462315011704,0.5452020044158322,0.11522064867256625
VK178.SG,0.07402987067652061,0.3378796679407136,0.3671301205672677
VK17.SG,-0.08836309984834578,0.08130316450167192,0.15059807338632883
VK18.SG,-0.22067533670951592,0.2668254327716668,0.15039298041424867
VK19.SG,-0.100090852472818,-0.10509050604750554,0.0942176439003692
VK200.SG,-1.5045307331318079,0.4909162095208035,-3.3944082636727035
VK201.SG,-0.41878622199366344,0.7557951330348897,0.1517344728366618
VK202.SG,-0.19828726836456703,0.12077856856859638,-0.11762397582773594
VK203.SG,-0.45102781627396793,0.773917394711859,0.1674505412767181
VK204.SG,-0.25264160190942997,0.2600760067802066,-0.464938130123485
VK205.SG,-0.24625569474013,-0.3345700880495842,0.5232464209472738
VK206.SG,1.9383342896400706,-0.17258614288064028,-2.1830523219478617
VK207.SG,0.20274756495385562,-0.07873786996351896,-0.2602793428101241
VK208.SG,-0.3034683240559397,-0.41760403151406705,0.3506629113416189
VK20.SG,0.27616987126524895,0.1445292816608958,-0.5092635837621086
VK210.SG,-0.36745193446256397,0.49579555528603086,-0.04212388640298798
VK211.SG,0.2712299000930683,0.020972388278119366,0.5805806291276512
VK212.SG,-0.4767088774743122,-0.14644807038175106,-0.30335065497310076
VK213.SG,0.2099726177058236,0.039948223223440105,0.6295700971311499
VK214.SG,-0.06505170658192021,0.07658600845920266,-0.2894700220107348
VK215.SG,-0.015388663622467564,0.6115299257959655,0.1276730978990337
VK216.SG,-3.2075424273013136,-0.6667033659583134,4.190845562208064
VK217.SG,-0.1072997152962796,0.5104749708887856,-0.34186415341524506
VK218.SG,0.1653839058193912,0.6388971493209585,-0.09000623974878086
VK219.SG,0.0703300430261664,-0.24727727389153845,0.3012422691780607
VK21.SG,-0.3846175269608134,0.24707133959753375,-0.05994049506473804
VK220.SG,-0.002807905523928657,-0.2901989017769927,-0.43912530450167825
VK221.SG,-0.4622201922636303,-0.2890715157192509,0.24988295486446666
VK222.SG,1.356573588682616,2.8448057874009,0.8080547056643477
VK223.SG,0.2657128180559713,0.10564882166260123,-0.28620523147396193
VK224.SG,-0.07715932140770025,0.014767933808523025,-0.1608691339389688
VK22.SG,0.25074160314905847,0.4968713292175812,-0.2288281558964914
VK232.SG,-0.12553409656706693,-0.18138682181621418,0.25156364344596505
VK234.SG,0.31531572170980277,0.38441313130355564,-0.2569431104163348
VK236.SG,0.3295482570153547,0.4650566012732748,-0.273808245497937
VK237.SG,-0.10948330506348478,0.3217509780470451,0.24324957974063327
VK238.SG,0.19452068775828132,0.40264794908391344,-0.2955646927526858
VK239.SG,-4.0269908659555265,-2.329004220211513,-1.1937910952599649
VK23.SG,0.35180824220013496,0.039804988631402485,0.10446428681986868
VK240.SG,-0.08695606156789824,0.24648084340355056,-0.15504282024885988
VK241.SG,-0.18247817525615503,-0.31624059870290855,0.3192190352313723
VK242.SG,0.1478419706249127,0.32225601778767676,-0.17947207008508934
VK244.SG,-0.10078344140865465,-0.027586452344491502,0.5035414185157899
VK245.SG,-0.11236054975386649,0.1385206899520137,-0.10603201911583338
VK247.SG,-0.2648947194083366,0.16433037395343622,2.1263398174823522
VK248.SG,0.05478765742496833,0.34032876833833603,0.006504803868935948
VK24.SG,-0.20972682515644883,-0.30701671976576606,0.4383140775407768
VK251.SG,-0.27740567026247653,-0.7201311911991616,-0.5043133228869573
VK252.SG,1.0157007140027277,2.94077330238219,0.167986404908849
VK253.SG,0.28836782774514397,2.865072742458241,-0.18526430961100696
VK254.SG,-0.4238297858687009,-0.3071336251278175,-0.11259804608306904
VK255.SG,0.40695099067227264,-0.14929095914836782,0.1425327512075917
VK256.SG,0.13133470889759152,-0.34398951048166265,-0.07262402082252262
VK257.SG,-0.05528117286289835,-0.3649335477769594,-0.07811098530135101
VK258.SG,-0.14229631185568087,0.1057767525446813,0.031113573753265802
VK259.SG,-0.08663749264030571,-0.06226539280090562,0.034337267102847575
VK25.SG,0.3206631624150397,0.4634265390983162,-0.19053556492997228
VK260.SG,-0.05875438706284588,0.2189846220726007,0.13774711793181874
VK261.SG,0.12484870835210866,-0.2074194741471847,-0.07964264055729554
VK262.SG,0.226375154971981,-0.012377202235749538,-0.40589688481594166
VK263.SG,0.05117840445287601,0.14378172443859327,0.2364210423689529
VK265.SG,0.23772046165232835,-0.488626931151444,0.25302372173506993
VK266.SG,0.1706615863793576,0.09687382119844579,0.16320221685437636
VK267.SG,6.045789272100316,-2.39659873801798,-2.711959948853112
VK268.SG,0.2378115946565084,0.1458452988130289,0.5740749355215867
VK269.SG,-0.0941154121066055,0.3860636099488482,0.1627623544521476
VK270.SG,-1.1860428692066012,1.946590610587122,-4.883771846612335
VK272.SG,-0.7273609098947554,-0.16143340299973183,0.05224954220204945
VK273.SG,-0.15655664712730755,0.22991799892165918,-0.1284510181735796
VK274.SG,-0.6345992973192788,-0.24931512210468945,-0.1755226951845822
VK275.SG,-0.3824108280823625,-0.0024623773450136942,0.25069558918659485
VK276.SG,0.2250754441997332,-0.061367503343154786,-0.11734376860214764
VK278.SG,0.35571150258075696,-0.14374767526238216,0.3087533638272478
VK279.SG,-0.32874091835856745,-0.15750170293343396,0.21372379310467812
VK27.SG,-0.3411489353482961,-0.21794718662459803,0.005825704064087294
VK280.SG,-0.08682232055203223,0.6339634170250987,0.10580587728900542
VK281.SG,0.19330473858175876,-0.4107983752160382,-0.22984915994848887
VK282.SG,-0.0777568487458144,-0.15478705334766601,-0.13182756691909875
VK284.SG,-0.08356121977473349,0.061027882475390115,0.3623211087371948
VK285.SG,0.1374473854360262,0.6136023013895714,-0.32151237911368385
VK286.SG,0.13147983076504344,-0.4441500690010344,0.2408656461423916
VK287.SG,-0.38338752182854796,-0.5141503004067854,-0.4021740255125182
VK288.SG,0.25925903745593204,-0.3213367012921825,0.14997173351453347
VK289.SG,-0.05929295330737375,0.40779859309668587,0.22643034502998616
VK290.SG,-0.1422267961931798,0.3247677636923213,0.361365683241847
VK291.SG,-0.14037235426032602,-0.0040708327014127655,0.11970943769705768
VK292.SG,0.43394882073703533,-0.10272376612365658,-0.22703403261926547
VK294.SG,0.03913230978484099,-0.3787339549124728,-0.14655399311045758
VK295.SG,0.2741395416321185,-0.3548878864472375,-0.11783811639148425
VK296.SG,0.32830813725200864,0.23198274543133582,0.0986427048787467
VK297.SG,0.13331521271817012,0.15857644764724446,-0.24524623526190834
VK298.SG,-0.009411023351089075,0.15607481820961544,0.42902262271687286
VK29.SG,0.2435497690188573,0.42387825446345906,-0.10200794664143573
VK300.SG,-0.2024436729857704,-0.1564021161878583,-0.27710320365714974
VK301.SG,0.10021205003409948,-0.48188314993353776,-0.25693420134656386
VK303.SG,0.25349900297763883,0.3694209631018673,-0.1756801440667272
VK304.SG,-0.47465656723583854,-2.606062703196718,-0.8653084944224883
VK306.SG,0.41749390675655434,0.1770123587979541,0.1267467247041844
VK308.SG,-0.5799631022963831,0.0874179327492501,0.25227833238344993
VK309.SG,-0.39256907292876,-0.060485144931861703,-0.29038239583327
VK30.SG,0.08739957702515772,-0.16700462896380872,0.44603493933228217
VK312.SG,0.18093857847484027,0.3888793459044411,-0.3655258734859598
VK313.SG,-0.48533544600277245,0.0709198564350147,0.24529647128123852
VK314.SG,0.10373508413369807,-0.4407774740300263,0.04815408479889871
VK315.SG,0.048382007854945466,0.07684794944176752,0.4247971156043251
VK316.SG,0.17438339747865986,-0.08425191488806108,0.438295795476364
VK317.SG,0.1736289004879877,-0.14468101367284153,0.3252331481858351
VK318.SG,1.2736379071878834,2.894930204366026,0.5612464217316648
VK319.SG,0.2364231071066708,0.28101199757470063,-0.12457294578038941
VK31.SG,-0.09989263168149844,0.3639222094773225,0.32126977429323833
VK320.SG,0.19504437806830943,0.01583379035876505,0.10910021421020166
VK322.SG,-0.30232030642852264,0.2053580062254098,0.4654309501472791
VK323.SG,0.266496005601176,0.4159636518832927,0.14614132247618505
VK324.SG,-0.3301189018713852,-0.15365464750638705,0.11970563737191564
VK325.SG,0.32898437853119056,0.4967819953414701,-0.03735334694628026
VK326.SG,-0.16712579984845552,0.09532929132387229,0.46482655456957445
VK327.SG,0.2021537816107492,0.3366687778793841,-0.15128825922128064
VK328.SG,-0.0994787058446625,0.43997713232529184,0.23795209221388522
VK329.SG,0.06885767727773602,-0.2898125448943395,0.11964928607387468
VK330.SG,0.4211623531004066,0.3603598063649168,0.05925104707547472
VK332.SG,0.2973016060933517,0.1915536857052763,-0.2786096077182269
VK333.SG,0.473695087672698,0.12819011827456844,0.3661324336575061
VK334.SG,-0.02297732426175755,0.05426084191492664,0.07622049800037652
VK335.SG,-0.032439760998096014,0.41148823267280826,0.31711080579690615
VK336.SG,0.4761801416435611,-0.38782807604717057,0.225131088457514
VK337.SG,0.5049873453324895,-0.04924000855002452,0.2732258334376568
VK338.SG,0.1879342111548889,-0.3738697027900529,0.002345661010257674
VK339.SG,-2.772845325489465,-3.9219214082761193,1.4765382045634938
VK33.SG,-0.28018375633519627,0.08682138711419164,-0.1780748866925375
VK340.SG,-0.21671930840055814,-0.5280013491337819,-0.24358696898217103
VK342.SG,0.1868833552427801,0.3039566564657876,-0.5325309315577991
VK345.SG,0.11062949092136524,-0.09824212640676158,-0.12234548538221564
VK346.SG,0.22162421551953104,-0.14837500991821198,-0.3213115039139422
VK349.SG,-0.31407334015850724,-0.0923508765945429,-0.1251809588551825
VK34.SG,-0.07450973794016122,0.388562518498554,0.3257028445740852
VK350.SG,0.14596024706964889,-0.601933720362746,0.13625313478471643
VK352.SG,-0.0892670075620587,-0.1916325241900728,-0.41121020778203193
VK353.SG,0.1343093564683287,-0.19592127741350915,0.25263744252666775
VK354.SG,0.004343385311266158,0.18641657042227194,-0.39189677536695855
VK355.SG,0.21296443912513427,0.20424330994744597,-0.09467157812721333
VK357.SG,0.17461875120361975,0.318006657148714,-0.21444992641834734
VK358.SG,0.44918839096651525,0.06455461762740308,-0.19779912035962852
VK359.SG,-1.7709804013271602,1.9525475275602793,0.07128086449955862
VK35.SG,0.22965202709687366,0.00134710262883626,-0.39283130583876985
VK361.SG,-0.16229531727869742,0.07959233656918813,0.4003241523413244
VK362.SG,-0.01979947579027636,-0.7117550726854652,0.031944993646498526
VK363.SG,0.16366936762765455,0.3650095292073899,0.13887001173184682
VK364.SG,-0.04907067558730005,0.3916588133400955,-0.20724265318381133
VK365.SG,0.5061647172842173,0.43529609887986687,-0.14082574857289715
VK366.SG,0.2610167553765112,-0.2653391717095546,-0.10801364111985395
VK367.SG,0.03289604962384923,-0.44330953371910115,-0.12114249676619601
VK368.SG,0.10898089570065593,0.441186404239033,-0.2685219680285316
VK369.SG,0.2927849894283146,0.5827146968483475,0.020703600256767887
VK370.SG,-0.25055869781041623,0.26163141026519504,0.33306424689943825
VK371.SG,-0.32049902794850615,-0.17400704634804778,-0.43802079526303095
VK372.SG,0.13339432973217039,-0.18697888551057407,-0.2059298775592629
VK373.SG,0.1809502823888368,0.5700897887649522,-0.268846127364278
VK379.SG,-0.0077631771351605395,0.22806277311573792,-0.12811295283196608
VK380.SG,0.47050591862183844,-0.19768177521549352,-0.35912292037443777
VK382.SG,0.1467254964136248,0.6180230578036725,0.10181524344119594
VK383.SG,-0.28660779322177266,0.4333427035501799,0.578843768656324
VK384.SG,0.15439958195665895,-0.07607721933915014,0.3921127835892635
VK385.SG,0.34785080845765076,0.47959857631596353,0.20389478504770378
VK386.SG,0.19130101595122137,0.7497396148018401,-0.1295737068176157
VK387.SG,-0.20850917504553276,0.44599328032394725,0.2553458254281781
VK388.SG,0.18830740432535803,-0.042035928461478425,0.11921543419372241
VK389.SG,0.10835816129576363,0.3693432912344783,0.14847145356137567
VK390.SG,-0.19720960877535146,0.4958819453473587,-0.2775306477370956
VK391.SG,0.23131284325835352,0.15528461073999678,-0.2695081876458759
VK392.SG,0.33804387620405457,0.19807353788005994,-0.32489636968726615
VK393.SG,0.3179168586034668,0.1849299106576056,-0.31181587748118195
VK395.SG,-0.17129325029346734,-0.3005479485240954,-0.4457994297669617
VK396.SG,0.310058448408017,0.17203099161343519,0.5949673257540936
VK397.SG,-0.14066307184695034,-0.32326383685451177,-0.5702616318658744
VK398.SG,-0.34215239000597164,0.3491025238234625,-0.04568711027526156
VK399.SG,0.30829467916795295,0.5083743268322894,-0.04925942075142057
VK39.SG,-0.21457394851559772,-0.033508856977209504,-0.31350934841568207
VK400.SG,-0.4998221138135874,-0.07500983861322637,0.001796473562967793
VK401.SG,0.12966625966156672,-0.2689129557296883,-0.3109623625360019
VK402.SG,0.0871265863968335,-0.4069211836306078,-0.020672122209829096
VK403.SG,0.07895511039462097,0.30063709370070996,-0.47185720941531606
VK404.SG,0.10085930102617581,-0.2260977634568231,-0.17254047303731868
VK405.SG,-0.4636704580260142,0.33777259375407365,0.1950474145004127
VK406.SG,-0.19460876056081586,0.10451905097945467,-0.18664136828900074
VK407.SG,-0.20706693946408616,0.004823389086752231,0.001954092867580472
VK408.SG,0.13198821559574903,-0.5376040600038123,-0.09012286111021209
VK409.SG,0.16721948573064394,0.559828326481935,-0.44580280881744627
VK40.SG,0.036327028257081756,0.5244072880510023,0.024199749886454045
VK410.SG,-0.2821257140978827,-0.27403698384872544,0.2417404184100212
VK411.SG,-1.039740684007834,-0.7552254316043013,-2.675181340519738
VK413.SG,-6.651085512266418,-1.8376202522179435,1.617069135142684
VK414.SG,-0.3791898714773045,0.04926472915052487,-0.5280952645818805
VK415.SG,-0.2622238637976304,0.3605032441353997,-0.07052530219729619
VK417.SG,-0.40123184104593884,0.4024128708804727,-0.31254909840977574
VK418.SG,0.2753078411678251,0.085168158803711,0.07273289187550389
VK419.SG,0.226197923511902,0.4140320471587734,0.08821819957313469
VK420.SG,0.320630495073478,0.47528364996374084,-0.009873954256040192
VK421.SG,-1.6226680776572162,-0.815712022287442,-2.4556161377231187
VK422.SG,-0.27216397218237465,-0.12270600280549465,0.29613806942362564
VK424.SG,0.3600984631090389,0.5266860778636312,0.2544037594142991
VK425.SG,0.08991413940500839,0.10077909477701977,0.07774477002501606
VK426.SG,-0.3153119283407909,0.07111135038033777,0.16045331644468946
VK427.SG,0.3817771142990899,0.26050039556167676,0.12795496089063704
VK428.SG,0.37289586273185304,-0.09529389307794885,0.35543411582356593
VK429.SG,0.30053478441873605,-0.5495551263402398,-0.04293856205158858
VK42.SG,-0.4013285347677376,-0.33033372097046293,0.29792843522829954
VK430.SG,0.5296537589552255,0.5071195544595174,-0.16910933913214612
VK431.SG,-0.2866995700572258,0.20183902841420687,0.48213897847796655
VK432.SG,-0.11369417567840648,-0.17681024717508576,-0.8771669905101735
VK433.SG,-0.3192099394364381,-0.42892935422910666,-0.46547762924794966
VK434.SG,0.015868210471796495,-0.22034779810054192,-1.1575615549785505
VK435.SG,0.1381311405158011,0.12815222618879102,0.595267057834439
VK437.SG,5.949523463986757,-3.116575839850829,-2.0408610667664577
VK438.SG,-0.07144183726266873,0.09509971201395805,-0.6419849384816321
VK439.SG,-0.29417397126047046,-0.4010516853858219,-0.724749748809497
VK440.SG,-0.2564859799141546,-0.48114207545220944,-0.8683646797393514
VK441.SG,0.28804168866396745,0.8893209968977358,5.363292973477561
VK442.SG,0.3356907854631001,0.32073882256218245,-0.1737663018204496
VK443.SG,0.06969864086208727,-0.37916923488360915,-0.25356672276664255
VK444.SG,0.550002251273941,0.594017746210869,-0.0656995100866649
VK445.SG,-0.5592472115896919,-0.108417193229983,0.12860507586472736
VK446.SG,-0.45476533767626653,-0.09525142029806744,0.25156447544889615
VK448.SG,0.018936031153231836,-0.22004277905511865,-0.3302226267546282
VK449.SG,-0.08392174587500255,0.1627581399860567,-0.1811303652730137
VK44.SG,0.2075420021389637,0.39145619058963144,-0.2745127485847659
VK450.SG,0.2451697090488898,0.7053590908738516,0.09862192672341269
VK452.SG,-0.6558178485780182,-0.09800017106404707,-1.1182574794669635
VK453.SG,0.025490258512680122,-0.5940721895475795,-0.28940887465211584
VK454.SG,-0.2794815376674347,-0.4674934828892083,0.1853392083651906
VK455.SG,0.26973192999598644,0.24486039922033756,0.19189518184971588
VK456.SG,-0.323529279692075,-0.12739253991817245,-0.03183804567675499
VK457.SG,-0.28124184572898747,-0.22514557801331953,-0.58808767028891
VK458.SG,-0.12605513266318297,-0.40849388431097633,-0.9312311956679632
VK459.SG,-0.3836246948231524,-0.5384677024936154,-0.2775291003755455
VK45.SG,-0.1686895358020575,0.2562813105920212,-0.06959263184758442
VK460.SG,0.12547856086816606,0.11916829866461769,-0.2130416333235518
VK461.SG,0.03830011146178466,0.11075687243209337,-0.9225697747775965
VK462.SG,0.015219254738285538,0.15002169830139814,-0.9074554017498865
VK463.SG,-0.252180501356144,-0.2747489632887679,-0.6519421729082164
VK464.SG,-0.1685242010039187,-0.6529175186116435,-0.3918574038574354
VK466.SG,-0.05660690473281177,-0.2700364712379237,-0.38200028586263896
VK467.SG,-1.894902909651741,-3.3650578402746683,0.11750514523572973
VK468.SG,-0.1886160277439451,0.9701906004166017,-0.0028029073013407417
VK469.SG,0.2779227202934002,0.1849911122801819,0.17006299057871288
VK46.SG,-0.22816675355347965,0.03154700773647836,-0.23494093286647175
VK470.SG,-6.317703195041909,-1.727980496287702,2.351307449726257
VK471.SG,-0.0664877465798825,-0.2677806074964429,-0.44520949228362333
VK472.SG,-0.04333988816173308,-0.3437351999520268,-0.6994895543019855
VK473.SG,-0.3775824030006057,-0.15556057138902607,-0.5432404967875252
VK474.SG,-0.444171030965863,-0.2739430392129621,-0.3821894656449084
VK475.SG,-0.3017124240393602,-0.5078547338149199,-0.4198787591037789
VK476.SG,-0.013451146790699588,-0.596978598588631,-0.0019634135263823438
VK477.SG,-0.41675602914738863,-0.2538767441820427,-0.0353096195868375
VK478.SG,-0.2788441207247257,-0.2864365115388845,-0.512841313258923
VK479.SG,-0.45515633919393034,0.617332810363249,-0.02207610503105289
VK480.SG,0.2660912367791817,0.24794045297200135,-0.2310264273955909
VK481.SG,0.004636218268916176,0.24495976580626755,0.0039794684845226675
VK482.SG,-0.015484693028292692,0.25360127293562773,-0.30810804445903245
VK483.SG,0.17802251174086664,-0.10634517876890165,-0.017486436717725012
VK484.SG,0.05284849450732957,-0.2398970821965169,-0.09918670002261905
VK485.SG,0.18093984310387093,-0.1450017224964452,-0.1312569792945005
VK486.SG,0.10378088972865035,-0.15489220442705448,-0.0969870270784408
VK487.SG,-0.14162682997560483,0.17742129015305605,-0.24001868576248855
VK488.SG,-0.12611401320200363,0.11129127874468256,0.30075388719541124
VK489.SG,0.19646475095815977,0.17329634562741383,-0.16816687812395767
VK48.SG,0.40400032870819663,0.07635829646651135,0.21833219873422907
VK490.SG,0.21791803312029018,-0.0826110702122318,-0.003860802041660077
VK491.SG,0.15346168270120578,-0.19705161829657727,-0.2424328448437992
VK492.SG,0.3143517670965312,-0.05954817805326747,-0.2618390481859018
VK493.SG,0.1538457815385945,-0.28191565134907726,-0.21939110818227361
VK494.SG,-0.007862791304037569,-0.26658882867650485,-0.7326244057501828
VK495.SG,0.13396849733278945,-0.13037261443787998,-0.3070378589593101
VK496.SG,-0.17497665312969474,0.31639514242688443,0.21440218955374227
VK497.SG,0.20153868793901897,-0.16710410628197567,-0.16058501752739934
VK498.SG,-0.34946503336563933,0.22152719301301418,0.13286534200482122
VK504.SG,0.1293899824592309,0.19350723995511773,-0.2730521895675977
VK505.SG,0.28066634301226434,-0.25746245328729983,-0.048625969840791865
VK506.SG,0.1184248380943651,0.05506424722038581,-0.34237621870794444
VK507.SG,0.35287727986373923,0.10702577620821485,0.33729137791153085
VK508.SG,0.2525071529874069,0.5265642580662125,-0.18768031025179968
VK509.SG,0.15856897890153354,-0.10698772209837995,-0.3082156301520583
VK50.SG,0.5194225260910119,0.14856973026040632,0.24802473780080145
VK510.SG,0.0430812310772536,-0.19814468938054758,-0.20488041591532313
VK511.SG,-0.3940892758482393,0.19943733622587828,0.22831742074507894
VK512.SG,0.39460888040376485,0.4924269672728958,-0.10898897754153755
VK514.SG,0.057352519324690474,-0.4389191210683207,-0.0657471436009794
VK515.SG,-0.35699123338172917,-0.16409223829784453,0.2814616087589264
VK516.SG,-0.38914819548865526,-0.32509722369196764,0.16076221838779847
VK517.SG,0.06864185313381138,0.27403370411867956,-0.5472212688694914
VK518.SG,-0.8913726040226023,-0.7658247251332134,-0.11208115914178783
VK519.SG,-0.480423411331711,-0.7432097606377275,-0.07648506843164402
VK51.SG,-0.13414724702691622,-0.33843402470259276,-0.631142144328327
VK521.SG,0.04718325178947046,-0.3203971648968707,-0.27251906353543154
VK523.SG,-0.19543547460313052,-0.03439048350645487,-0.5155218934584191
VK524.SG,0.1613482331174724,-0.2718791992015075,-0.007673418957187058
VK525.SG,-0.3497641678592016,0.2092184207349472,-0.06329688977076706
VK526.SG,-0.35868156481764296,0.4135924037764352,0.2826576035357755
VK527.SG,0.048533089497951556,0.13566311669886602,-0.46409495847534
VK529.SG,-0.38876440367490583,-0.19413734561821314,0.2811708394388858
VK530.SG,0.00016128547234000855,-0.47887183369573644,-0.11344126946596636
VK532.SG,-0.12142396887769316,0.02092310021924742,-0.007189009212049337
VK535.SG,-0.02299331093658866,-0.3793326490156989,-0.005111522154199611
VK536.SG,0.21635642265662994,-0.08392400890686814,0.03199528714316495
VK537.SG,0.21843310809769403,-0.3885745985066592,0.2406559000953737
VK538.SG,-0.44639141816178973,0.32550446328419724,0.06547981662081742
VK539.SG,0.029871192886223894,-0.21311913117856152,-0.3096917159703863
VK53.SG,-0.23437028682599378,-0.1456307317235773,-0.5557257139078913
VK540.SG,0.026363166242015214,-0.12697202557568052,-0.3587181290470004
VK542.SG,-0.23284225626680266,-0.45505901870059434,0.01827556004230117
VK543.SG,0.33076401814308015,0.39218385418518575,-0.0589979131900756
VK544.SG,0.3742197703373898,0.32572284906733306,0.06932672846479651
VK545.SG,-0.2814494577210675,0.41466588412174876,0.2337028951177559
VK546.SG,-0.6573943706765019,-0.31080480991112863,0.08734916440380959
VK547.SG,-0.16304804345715285,0.25181550348907217,-0.0957895055379648
VK548.SG,-0.17683002838257755,-0.2997598989683461,-0.6028399204737235
VK549.SG,0.046690490063221075,-0.17102680198814485,-0.15732686459362397
VK550.SG,0.3945411165670533,0.4859265742360776,-0.05456415537257643
VK551.SG,-0.31787738774633617,-0.18137483957405498,0.2198776851998403
VK552.SG,0.013448419536027998,0.25954269324441975,-0.07101440196655613
VK553.SG,0.35005676485037096,0.09044497933001701,-0.05188803184250102
VK554.SG,0.17917867349919647,0.03408468553223503,0.030839168815246062
VK555.SG,-0.06341554588173155,0.2599744335313009,-0.21006594221491795
VK56.SG,-0.25733156296650855,-0.5111135148083722,-0.3912141948987563
VK579.SG,0.19399944739299604,-0.08960324135062911,-0.29597994659781507
VK57.SG,0.1901016683491054,-0.2407203335113093,0.362440280144926
VK582.SG,-0.04047212198748226,0.026130481294595723,0.12607316613507213
VK58.SG,0.17140521578164622,-0.4149989059110295,-0.22075182470104923
VK60.SG,-0.2503117166518343,-0.3940086660967923,-0.4633476194685994
VK63.SG,-0.08047746575562453,0.34160952306257897,0.5303702467163417
VK64.SG,-0.11960619022952595,-0.001229242128891713,-0.44353921367198
VK65.SG,0.02569276004520567,0.13197426503511717,-0.4348558050729889
VK69.SG,0.014650120641102004,0.16224445515970187,-0.01709322298949014
VK70.SG,0.36049598935817273,0.5697748235978299,-0.015245249281393584
VK71.SG,0.5123384995977488,0.5012588366408117,-0.03872700461274225
VK84.SG,-0.0805123937812576,0.18306542839850778,0.3134805533682653
VK86.SG,1.519449906304265,0.6304313878270731,-1.930793838432076
VK87.SG,0.05061340893091426,-0.3280518055320688,0.39865983609991257
VK90.SG,0.3975476993478356,-0.2771420327558766,0.0939352985217598
VK92.SG,0.2382469377776975,0.5413804490038424,-0.1398024281296102
VK94.SG,0.10251487263200457,-0.29720725559145633,-0.2788841437921844
ACG-19.SG,-0.8630666551238119,-0.7272894065877454,-0.22954843485838114
AGY-49.SG,-0.16843182734134285,-0.7118203359006968,-0.19036986479492246
AGY-75.SG,-0.062240327260501625,-0.7216840412185235,-0.30839413385829395
AGY-87.SG,-0.19181605302288005,-0.4245202188410977,-0.02793480272573667
AGY-92.SG,-0.7389219804009142,-0.7957549777603002,-0.17716193430628224
ALT-224.SG,0.21041449579402927,0.16864218007268467,1.0541982531262504
ALT-369.SG,-0.2721846286879558,-0.5654524658314557,0.5362732212374125
ALT-412.SG,-0.4902346254513753,-0.33997642049692006,0.618054067036476
ALT-414.SG,-0.06314663772132374,-0.09595408697411362,0.23175767562114022
ALT-442.SG,-0.22483036390455402,-0.03623137842454013,0.6420432885744692
ALT-596.SG,-0.028904243189511746,-0.7455202890136782,0.7788157891968721
ALT-77.SG,-0.2985394590769493,-0.2132157179952952,0.8624185387155097
AN-286.SG,0.39797194562935545,0.4761522120656665,-0.53577595231884
AN-376.SG,-0.8279172894389694,-0.7289509501442281,-0.14214288133531008
Anapa-10.SG,-1.0836214179847983,-0.09213659959650304,-0.13241582907476024
Anapa-11.SG,-0.8579632018622239,0.0763174745861473,0.04836262199147229
Anapa-9.SG,-0.9486768569143812,-0.2606870119131378,-0.10387608409600357
ANY-4027.SG,0.8007376104490911,0.10840499545931963,0.5624052427980996
ARK-11.SG,-0.9992728728768059,-0.5938106525471185,-0.28956290717885275
ARK-14.SG,-0.45556998352732075,-0.9099095326787774,-0.4383402934954637
ARK-16.SG,-0.794091506745089,-0.608538496952464,-0.2106926236750933
ARK-17.SG,-0.6339879528269164,-0.7642904825394675,-0.19966416362071562
ARK-19.SG,-0.7659480301202279,-0.8204131700748546,-0.23459410668416472
ARK-20.SG,-0.7399718520935261,-0.9824186019693562,-0.37902037998659754
ARK-21.SG,-0.8857890145899835,-0.7872655847430384,0.0392987528713747
ARK-24.SG,-0.8090437435120448,-0.6854256758690336,-0.26264090060758727
ARK-29.SG,-0.8546324419124817,-0.74346416906733,-0.23189249639479623
ARK-36.SG,-0.6974921242459385,-0.7023527814787698,-0.37552672389277336
ARK-38.SG,-0.2602894103315459,-0.014309201988831267,0.6775649093496369
ARK-41.SG,-0.4568640481757571,-1.0652888932960385,-0.20805375855700856
ARK-43.SG,-0.6080860662749764,-1.1723211168247043,-0.009529235793907841
ARK-48.SG,-0.6719057020955703,-1.029527197636071,-0.03180453294580099
ARK-49.SG,-0.8895530991632988,-0.6663557380013072,-0.28535457158989286
ARK-50.SG,-0.71292807304219,-0.7935528499339517,-0.18787213041166617
ARK-6.SG,-0.9382531266048818,-0.5095084312810413,-0.154073567410137
ASZK-1.SG,-0.7156849702202086,-0.6094649662818125,-0.3772876643186402
BK-2.SG,-0.6743674898792179,-0.46080051904485375,-0.8428622544999592
CSB-3.SG,-0.31612460176270446,-0.11178912768481236,-0.59163100880979
CSB-9.SG,-0.4111243279040716,-0.29621403736464097,-0.23265111132744903
CSPF-114.SG,-0.8255539205554814,-0.7953555387732624,-0.20530484599920282
CSPF-182.SG,-0.8856802657749566,-0.810518879201409,-0.14031364104016117
CSPF-213.SG,-0.9004338365467104,-0.7186522152342968,-0.10427166725157287
CSPF-37.SG,-0.842694530422196,-0.7527515032398183,-0.10694344640639614
CSU-11.SG,-0.17140633777677078,-0.5165557007895941,-0.20427384863150136
DK-701.SG,-1.0250049575820006,-0.8330992353719304,-0.12149088250148443
FGD-4.SG,-0.7682299903700907,-0.7737086316192194,-0.14230454963476175
FU-193.SG,-0.6336426498733799,-0.44235866271821855,-0.24372193289517102
FU-215.SG,-0.832616691012074,-0.7370578507069729,-0.1833840844933757
HC-168.SG,-1.0426272960245306,-0.29469523046333784,-0.13254548693554083
HGO-26.SG,0.8983695302101321,0.3595880124191667,0.4537741349300677
HH-10.SG,0.26460354989813434,-0.539900125306391,0.5251967438723788
HH-102.SG,0.007120202688929113,-0.4725653721687511,0.5546509041837996
HH-22.SG,-0.28487250151920895,-0.23737327244848283,0.06132304754397181
HMSZ-157.SG,-0.41113152748728216,0.6407871012379069,0.25129390531942464
HMSZ-229.SG,-0.030667966279979298,0.28054635418197066,0.6387817492949954
HMSZ-231.SG,-0.639828146747306,-0.7361554698430657,-0.0821403326366578
HMSZ-245.SG,-0.15979023678113977,-0.19136602764956837,0.16751458093958269
HMSZ-43.SG,-0.63406765331575,-0.6686758380622575,-0.08058529356224585
HMSZ-5.SG,-0.47233211381028795,-0.5936791651660603,0.039534142924222075
HMSZ-50.SG,0.6674828325875148,-0.3223826520824338,0.29966214102337413
HMSZ-86.SG,0.19644914868290914,0.25269784362065795,0.585111665522269
HMSZ-88.SG,-0.6596659457343053,-0.3679498836352217,-0.6321209018624729
IBE-106.SG,-0.2610313744464354,-0.6612592309647397,0.052701130312747486
IBE-107.SG,-0.11589415367731498,-0.5869899166676519,-0.34627508996831863
IBE-116.SG,-0.029467819876847715,-0.7749141630036019,0.19334956348902588
IBE-154.SG,0.021811574616167343,-0.8057188540176901,-0.33044663608680086
IBE-161.SG,0.3584864103011384,-0.41949586478335676,0.0018092923860341028
IBE-176.SG,-0.17491235225042612,-0.28775254183348375,-0.1625823655777783
IBE-206.SG,-0.6129550682553727,-0.32006737878703767,-0.46086611454580784
IBE-90.SG,-0.3992893922462543,-0.8354433469049503,0.06728959209325884
JHT-130.SG,0.25803534007488615,-0.5056203234743885,0.5808092249453272
JHT-154.SG,0.09194897524681304,-0.41586930123100685,0.494855187502131
JHT-30.SG,0.20858031357799237,-0.22641288982426905,0.5372082875873768
K1-1.SG,-0.5075996402153556,-0.40351049867451777,-0.5148092775648254
K1-10.SG,-1.197827592993682,-1.1633545614334329,-0.010921661334939232
K1-3286.SG,-0.8360398949847087,-0.5930404461136484,-0.22677913682707138
K2-16.SG,-0.6755689227465899,-0.7893049801953126,-0.06666675914935831
K2-18.SG,-0.8123518643406052,-0.750500066810914,-0.09580363373758277
K2-26.SG,-0.9953651458907341,-0.8552362344703002,-0.38264489722351114
K2-29.SG,-1.010267491700042,-0.5847411851812668,-0.25135857883156826
K2-33.SG,0.2962891995764919,0.006305387719025347,0.8976905305687978
K2-52.SG,-0.33180678990891543,-0.5512205808322972,0.24346367874840766
K2-61.SG,-0.7478988968625429,-0.6294040790972113,-0.153713155573751
K3-12.SG,-0.3899329605455964,-0.9645654089699885,-0.23177700007860125
K3-13.SG,-0.6530669113753161,-0.3803252496790213,-0.5705062357412207
K3-6.SG,-0.8712175739012135,-0.8323184712483778,-0.25877746991368045
KD-16.SG,-1.0343982030410064,-1.0760929285857745,-0.37098213439658645
KD-29.SG,-0.5709577648117098,-0.024750091873003047,0.8771218083601593
KDA-188.SG,-0.8517089234796732,-0.5621587043496493,0.34352218185799366
KDA-485.SG,-0.07186742485814093,-0.7527740365855732,0.4520948424702098
KDA-517.SG,0.25622144962101,-0.14211888428079458,0.18967082467406524
KDA-520.SG,-1.0910368759365976,-0.7655236121028334,0.0010807544314568205
KeF1-10936.SG,-1.0793918963867168,-0.6719212780756161,-0.37002621249267986
KeF2-1045.SG,-0.8162428462758875,-0.7166239798073727,-0.2044476327762866
KFP-30a.SG,-0.8385974238559827,-0.7557518720144205,0.04794111089052454
KFP-31.SG,-0.8321289705405291,-0.7721626143876034,-0.15941794281150026
KFP-6.SG,-0.7418868980729412,-0.672896776776214,-0.11114309082406137
KFP-7.SG,-0.8202266783205766,-0.7672374926063169,-0.17043592758862774
KH-500.SG,-0.8592347538520878,-0.711295282994224,-0.09572746074175868
KH-596.SG,0.2031790377581426,0.48333743252841493,0.06279632092151954
KK1-245.SG,-0.14329542060969339,0.012810680000130494,0.8646197367436363
KK1-251.SG,-0.2155515791214252,-0.3920378299221366,0.6709752916996841
KK1-252.SG,-0.05770509394546549,-0.3637136597172858,0.7240146159639185
KK1-368.SG,-0.1984532484539084,-0.23961304241828843,0.618072573014664
KK2-429.SG,-0.772820313918111,-0.8602677477441925,-0.08571082612538425
KK2-441.SG,-0.906730660046689,-0.8051264476963004,-0.14091041437114415
KK2-445.SG,-0.578501709307647,-0.8148344659342076,-0.02204829421622597
KK1-541.SG,-0.33847288331836384,-0.5267250582556722,0.7497937964660987
KK2-670.SG,-0.7742833055342851,-0.7595443776692816,-0.06852676175342938
KMT-2785.SG,-0.8690717639025983,-0.4915725861730724,-0.08972803657950813
KPM-14.SG,-0.1694103466416004,-0.14357914873219144,0.9117121212298678
KPM-23.SG,-0.718442127442312,-0.3287376065051742,0.7094136740736844
KPM-27.SG,-0.2969401824812713,-0.7604291538261552,-0.06634857683608539
KV-3367.SG,-0.8554133930792839,-0.8005891268437257,-0.16420500838853605
KV-3369.SG,-0.823744598341726,-0.7204833842395977,-0.1814540990369587
KV-3450.SG,-0.8150317993439563,-0.739771889351854,-0.11769736181488702
KV-3456.SG,-0.8153500634987664,-0.735658259888248,-0.11995504446365118
LB-1432.SG,-0.9850804611959376,-0.675978180913137,0.05848351236475814
MH-106.SG,-0.35231201791270306,-0.22675726164144408,0.3331883745412121
MH-107.SG,-1.2837368968815384,-0.6281027099472362,-0.05474156301498427
MH1-14.SG,-0.6427491669456995,-0.6052345789642185,-0.21870398466764107
MH1-23.SG,-0.7990094426325871,-0.7806917141629273,-0.28706394608617936
MH-137.SG,-0.3580681742721226,-0.9496187141686775,0.07880303437917217
MH1-4.SG,-0.7330017702513955,-0.8676452904791718,0.26399523494690247
MH-153.SG,-0.41903296825850767,-0.606534536293357,0.19536575280187454
MH1-9.SG,-0.664025945999301,-0.7363945655700332,0.07810500868227765
MH-88.SG,0.22592847390476928,-0.5727801277998611,0.04080998422722087
MM-131.SG,0.07189006044329577,0.21024631027070376,0.8924554710731565
MM-151.SG,-0.8499802195564166,-0.769520910492479,-0.026937909729112936
MM-240.SG,-1.0287284753556751,-0.7227897823521888,-0.10069881155538694
MM-245.SG,-0.8477207396949916,-0.7208763574771314,-0.15338171853463736
MM-61.SG,-1.0494751596431873,-0.6842342828832276,-0.20324013471748842
MM-80.SG,-0.9466784562604605,-0.5084698477080244,-0.09462448230305753
MM-83.SG,-0.7338784413297649,-0.8937538824726552,-0.3629787508911773
MS-43.SG,-0.3774246082392424,-0.22879441071358056,0.7132597885706695
MS-45.SG,-0.3936089328647573,-0.2774878240484488,0.74116767155571
MS-50.SG,-0.11216521155610433,-0.12489521888901327,0.6789544968020071
MSG-1.SG,-0.7052724740578955,-0.6305258344054884,-0.4025269889292767
MT-17.SG,-0.7277797125589409,-0.04080902656013708,0.3659710962099037
MT-23.SG,-0.860086009637217,-0.7025804214104537,-0.18449055774073614
MT-29.SG,-0.7829286637185674,-0.888528433860617,-0.04407752208680333
MT-74.SG,-0.6791726150952945,-0.8821204089148837,-0.1324974559037383
NK-2.SG,-0.8249323308524101,-1.0176217990347527,0.09905649202715978
NTH-1.SG,-0.49865580105188295,-0.07641679866957837,0.22495914751860582
NTH-19.SG,-0.8315848967370063,-0.7889269519703014,0.11746461673804835
NTH-2.SG,-0.03214259216879967,0.12683118116980577,0.6824892238960012
NTH-20.SG,-0.8711490114764178,-0.895316438920921,-0.15622248758098334
OBH-37.SG,-0.5382756302297508,-0.6390866101828604,-0.7736696998148483
OBH-52.SG,-0.5483983962070897,-0.03641473702073357,0.8503819418320234
OBT-106.SG,-0.746283501846725,-0.5921217180961171,-0.05563161589706906
OBT-108.SG,-0.47611716997286113,0.13582005103309988,0.9345056861891616
OBT-3.SG,-0.18367998878002878,-0.7265252935630454,-0.5900974437329911
OBT-51.SG,-0.7663334806582286,-0.5561450520718545,0.08399260103306311
OBT-56.SG,-0.1363771254583857,-0.7819093049693501,-0.5812096408490552
PLE-115.SG,-0.5333270993165933,-0.8013434144613847,0.09104457207315687
PLE-195.SG,-0.26206639102348683,-0.3454313679560866,0.6101737237945674
PLE-200.SG,-0.6138315211421368,-0.6624196644772261,-0.45422210408992836
PLE-216.SG,-0.6532710388282903,-0.8011122586955545,-0.28066081076729466
PLE-23.SG,-0.2204581618261799,-0.6188260330498281,0.6203677441776394
PLE-28.SG,-0.6481006895962794,-0.8542675944403899,-0.12028014339409668
PLE-327.SG,-0.8890902921649722,-0.6837021617933672,-0.08204233075840064
PLE-38.SG,-0.7235975557490472,-0.5377807781344435,0.39645194317365345
PLE-384.SG,-0.15677352713089962,0.8870435063418731,-0.19488293887093913
PLE-418.SG,-0.9626448128213526,-0.8827275970760894,0.19915702461502263
PLE-441.SG,-0.4720386925725802,-0.4210340069305502,-0.8197996353337083
PLE-57.SG,-0.12107677532745016,-0.0201011389079013,-0.0420447638182225
PLE-95.SG,-0.9432554187067304,-0.942202717750686,-0.05183891483644918
PV-116.SG,-0.4285125233579859,-0.8623437657788839,-0.04465913020602405
PV-12.SG,-0.3761915422469049,-1.125842974069678,-0.27297784325618374
PV-125.SG,-0.8927193855382485,-0.35505537038969304,0.2419402676249231
PV-200.SG,-1.0875478239743046,-1.1933243546721168,0.2546177934279302
PV-205.SG,-0.9518410119783133,-1.1708622000532294,-0.17333518303069895
SE-114.SG,-0.1278086779111963,-0.3583149853599933,0.721421646323035
SE-16.SG,-0.9315937953075547,-0.5682602114927919,0.13382390250711518
SE-23.SG,-0.4157118770695023,-1.0070440153076077,0.008959933529569862
SE-64.SG,-0.11779696219418577,-0.7383492640302594,-0.1447349762107308
SEI-1.SG,-0.636208530428369,-0.4427455801423052,0.17319702444647103
SEI-5.SG,-0.6643355409643156,-0.4320001654241839,0.2396469049913297
SEI-6.SG,-0.18951131571685276,-0.6892196107756424,0.10913652493583179
SEO-3.SG,-0.6832407936176882,-0.8880549082187592,-0.20109202099530948
SEO-4.SG,-0.7229529034016006,-0.7859928638938162,-0.2686242772768604
SH-103.SG,-0.9451749938946489,-0.7993475667754626,0.14906303431138693
SH-106.SG,-0.5275887025303361,-0.27305287103739007,-0.1583517050034344
SH-12.SG,-0.4859557765065972,-0.28224222570172636,-0.11353096429885533
SH-143.SG,-0.20302033185157048,-1.0054406501393933,-0.2774578830776323
SH-175.SG,0.14901661423575788,-0.04730759144251628,0.661998603551979
SH-182.SG,-0.22066137775534664,-0.49759515870884535,0.5535414238578544
SH-251.SG,-0.17653905825118904,-0.8863406800541641,-0.3173974641279722
SH-41.SG,-0.6450257478187239,-0.3836877873157414,-0.12484258409964896
SH-81.SG,-0.5838764831368548,-0.6462889543500978,0.07410507690910763
SH-98.SG,-0.5554355333131321,-0.002748298757651112,-0.4137834872917629
SO-5.SG,-1.0468459811468733,-0.7108163006077195,0.07161596029932812
SP-10.SG,-0.694066306499229,-1.0044743868318868,-0.19455875332538025
SP-2.SG,-0.7763938026786771,-0.3269255378213798,0.0019513319886328819
SP-9.SG,-0.6025499322299888,-0.8329952832008489,0.03907531165385158
SSD-144.SG,-0.1552378635322934,-0.6196836941571279,0.6552484759614177
SSD-151.SG,-0.26986356196372685,0.4604101820112178,0.6807202094780906
SSD-17.SG,0.03833349406359021,-0.015836443506804194,0.7155289913763687
SSD-198.SG,0.7182704255417549,-0.06273326368487359,0.49976646144547426
SSD-35.SG,-0.8167506059659316,-0.6959434684150011,-0.2590485027429986
SSD-58.SG,-0.19613917348718016,0.2931835643894254,0.707865366824157
SZA-154.SG,-0.9000677072853711,-0.6947031331553735,-0.13268601497847587
SZA-20.SG,0.1782492856327141,-0.1971477279339611,-0.029495295119984097
SZA-29.SG,-0.9456078920551959,-0.13454462651619184,-0.07861957725220779
SZA-44.SG,0.05511877592657666,-0.25851929511397725,0.7044332455498555
SZA-52.SG,-0.9685065549305185,-0.7444972200487697,-0.26281318402956244
SZA-7.SG,-0.14691462020883342,0.6642287038478485,0.36665643374818135
SZAK-1.SG,-0.85675798475444,-0.8547500070069881,0.04071521211368321
SZAK-4.SG,-0.9200651429229291,-0.6958593685801203,-0.19353182041876463
SZAK-6.SG,-0.7008859646057626,-0.6116721690736504,-0.19229304886203374
SZAK-7.SG,-0.9556196196104322,-0.5982462350950909,-0.22597250859174603
SZF-181.SG,-0.5777965061015305,-0.7236568629799336,-0.1413238957868148
SZF-371.SG,-0.8599683826875915,0.018487574732893194,-0.1331472457719328
SZF-43.SG,0.5432020482800488,-0.037763850634591964,0.2833245423854131
SZK-102.SG,-0.22993322092527368,-0.4926338568770388,0.8977314290638206
SZK-130.SG,-0.37971968781989873,-0.6587926209015452,0.8301883067269132
SZK-180.SG,-0.03032343686410509,0.5303376244013814,0.8114455146687872
SZK-213.SG,-1.1637875141765592,-0.621086983041092,-0.23558750446628116
SZK-83.SG,-0.4226174258155543,-0.22622779876168625,0.8831828311818789
SZKT-265.SG,-0.3581626831091977,-0.5091702101815867,0.7311600582902493
SZKT-311.SG,-0.27309020866232747,-0.6730368624721402,0.4635727870442684
SZKT-62.SG,-1.074856566290833,-0.5775156160331472,-0.45497682442592646
SZKT-70.SG,-0.2896114635317134,-0.5649530828718682,0.49099330000065966
SZKT-89.SG,-0.8322234368167272,-0.5175214215524525,0.5917163781516924
SZLA-646.SG,-0.03139816085727262,0.17791600068564195,0.11031493164265166
SZM-24.SG,-0.301178638762485,-0.4911903780163525,0.4486593458615121
SZM-255.SG,-0.21814099885946217,-0.1246541760119038,0.9518049316650017
SZM-259.SG,-0.3205372233131438,-0.692367692808865,0.7725656113200691
SZM-332.SG,-0.32039199613857544,-0.46756021164172984,0.7892429149812071
SZM-38.SG,-0.013895724290024013,0.6457944531696088,0.6120192429197983
SZOD1-127.SG,-0.5180724493416705,-0.8873094931072315,-0.19217863235209567
SZOD1-187.SG,-0.8741668817636397,-0.6076260395828592,0.048655570306560515
SZOD1-554.SG,-0.9830590001183419,-0.6647062546746066,-0.11495480979924316
SZOD1-76.SG,-0.7621282088096591,-0.7064220306749247,-0.3598406326753857
SZOD1-829.SG,-0.11927747875356914,-0.6858721166976585,0.3510560417067995
SZOD-376.SG,0.05756578101790737,-0.14801103865402945,0.948788936008838
SZOD-394.SG,-0.24304308986198794,-0.3516960708638219,0.44439532317231706
SZOD-426.SG,-1.091921581598818,-1.0848899399881424,-0.4792313132192768
SZOD-566.SG,-0.9116878199707203,-0.3650045574978822,-0.5425734397449826
SZRV-147.SG,-0.6166214846548075,-0.9506070580340151,-0.43791896995795826
SZRV-168.SG,-0.9486979497524262,-0.7671290047385856,-0.25865043271204785
SZRV-212.SG,-0.5514348601606276,-1.145351772684947,0.3117189170180108
SZRV-266.SG,-0.8198833914899774,-0.633266570381338,0.07283509942751076
SZRV-277.SG,-0.490129432656999,-1.2635589127884133,0.235735540559346
SZRV-316.SG,-1.1097550996766707,-0.8624383406075431,0.04330032093359107
SZRV-54.SG,-0.8723081623781156,-0.744352007654128,0.011720824693916923
SZRV-67.SG,-0.4203635010156525,-1.136498822962499,0.3428858599208512
TCS-18.SG,-0.3565734861693232,-0.6614339846893149,0.4687626728729939
TCS-2.SG,-0.789104438750267,-0.7690615022248012,-0.2780884997583487
TCS-5.SG,-0.21149985516529826,-0.33161145081900184,0.0819123544829252
TMH-1273.SG,-0.6260275324482559,-0.3934719854607103,0.14977358003604813
TMH-199.SG,-0.21223273043340052,-0.6702410789998889,0.3012487250978372
TMH-388.SG,-0.1420633095053183,0.09117389942100593,-0.1628774347146232
TMH-509.SG,0.10431723618638776,0.27291593972793526,0.7499031334813744
TMH-756.SG,0.2669489937078549,0.16908578909184066,0.2286250388624596
TMH-798.SG,-0.2908336237308316,0.26885644786174084,0.6611504132512313
TTSZ-43.SG,-0.7307560447374644,-0.9016973228859643,-0.2835286765885404
VM-33.SG,0.8655156827411283,-0.08516231032922289,0.7600477889759106
VPB-118.SG,0.6169292188549206,-0.10031264772900751,0.4349827783579065
VPB-167.SG,-0.2314301202392502,-0.4833931742560401,-0.6935755905136542
VPB-279.SG,0.17998487700037094,-0.053582153674172225,0.09078420936997367
VPB-307.SG,-0.9893202263567589,-0.8302732039339978,-0.12405250905141656
VPB-31.SG,-0.4969338243156707,-0.7830781452634793,-0.3078914468247077
VPB-310.SG,-0.598986288352923,-0.6874725045553712,0.2071005304474334
VPB-588.SG,-0.1818824965483957,-0.06295579918194988,0.6237338081718035
VPB-600.SG,-0.2524466345471422,-0.549061919777886,-0.21234225298533643
VZ-12673.SG,-0.7839847745844297,-0.4586631993561744,-0.18476941268567437
CabecoArruda117B.SG,0.7766178521901076,-0.6120485805128085,0.3063962628358588
CabecoArruda122A.SG,0.8082399122775977,-0.35468576293959003,0.3202304755082837
CovaMoura364.SG,0.7498363102987438,-0.5320369421902218,0.012899859391779258
CovaMoura9B.SG,0.5561234923042635,-0.4410569531435436,0.06579167791320108
DolmenAnsiao96B.SG,0.945821829092987,-0.4207317913620262,0.04740307722017752
LugarCanto41.SG,0.7006458788764005,-0.552740005896897,0.07534658906118522
LugarCanto42.SG,1.0446364391421488,-0.32461093083564185,0.3322990312718679
LugarCanto44.SG,0.8457854589358549,-0.5619379163776077,0.11578999499876834
LugarCanto45.SG,0.5702642103355553,-0.7262197334067854,-0.15191663787026566
MonteCanelas337A.SG,1.0214898090690376,-0.32500957067319153,0.578867624929946
MonteGato104.SG,0.7776851744277029,-0.5291168933187516,0.09349529261869899
TV32032extra.SG,0.9113344352123934,-0.37430988405334803,0.29835952095681917
TV3831.SG,0.6044845325252862,0.06368428503135154,-0.04972903918897052
ValeOuro10207.SG,0.9738284929534776,-0.39595960954106624,0.3026503727885068
Popovo2.AG,-0.5156409314757692,0.3431771785786425,-0.6087919167729299
Donkalnis1.AG,-0.2621744533099429,0.2237828784788797,2.080758245215102
Donkalnis4.AG,-1.4926618081056837,0.817256129829071,-3.6281204638234494
Donkalnis6.AG,0.4383023341467398,-0.13585236751805663,-0.800517603153275
Donkalnis7.AG,0.3103094018203739,-0.012850492290388666,-0.7818947070372173
Gyvakarai1_10bp.AG,-0.6089977450655264,0.1316905445495697,-0.10918293571651026
Kivisaare3.AG,0.3384805467435217,-0.14308387515240956,-0.8725654305290718
Kivutkalns153.AG,-0.13882334584266576,-0.33710553585255637,-0.88488855475613
Kivutkalns164.AG,-0.06673210259495568,-0.1968195338389624,-1.2607099001766262
Kivutkalns194.AG,-0.24504565232037875,-0.25962414457445304,-0.7374348745281566
Kivutkalns19.AG,-0.33307126908644086,-0.3070863707826474,-0.7395561219097543
Kivutkalns207.AG,-0.33848650975857103,-0.25813796300341546,-0.6555637871600094
Kivutkalns209.AG,-0.321375669984433,-0.30960191575011653,-0.8609227659837243
Kivutkalns215.AG,-0.18973167774382552,-0.47456225779599237,-0.8112651030418169
Kivutkalns222.AG,-0.1595942745996422,-0.3937632386128065,-0.8971533077671023
Kivutkalns25.AG,-0.27783719211049696,-0.28451027625130815,-0.9255714610215015
Kivutkalns42.AG,-0.2536128598734291,-0.2974384618365444,-0.80658480736369
Kretuonas1.AG,0.3528598009204915,-0.15713702388440234,-0.8854204960576398
Kretuonas2.AG,0.30150839727283735,-0.04553753602775484,-0.8053219852943654
Kretuonas4.AG,0.29209829197879283,-0.10730352510051629,-0.7681813034100746
Kretuonas5.AG,0.3760360717537769,-0.09754834977374052,-0.902099728045667
Kunila2.AG,-0.5390919227880732,0.4620318453678429,-0.0053531690841407305
Kvarlov5164.AG,1.1239236256477103,0.14889599695627403,0.09974018804019916
MotalaAA.AG,0.5515671053698236,0.2774941333167277,-0.7576692675280834
Olsund.AG,-0.6858092641424913,0.6282720930750832,-0.4433667140707209
Plinkaigalis241.AG,-0.7780534688845585,0.09856926429381994,-0.3958518961573074
Plinkaigalis242.AG,-0.7890899192540911,0.44381659860440875,-0.2637390751727927
Spiginas1.AG,0.3433414313284228,-0.11656429901693943,-0.757431456115818
Spiginas2.AG,-0.15449083258437102,-0.13167795524516424,-0.9244515272227667
Spiginas4.AG,0.39159764325097807,-0.1174507970033106,-0.7831726008845028
Tamula1.AG,-0.6565734751490578,0.5941466619770155,-0.7252658119834916
Tamula3.AG,-0.23233768963082235,0.21671856666107947,-0.5758386337962859
Turlojiske1932.AG,0.0034696376122557637,-0.07895898628991667,-0.9223360796786517
Turlojiske1.AG,0.0686994759649294,0.05604137577343142,-0.9085959698495274
Turlojiske3.AG,-0.09527257522609625,-0.31949720461596437,-0.7894825862826768
Turlojiske5.AG,-0.464955945709704,-0.2495560338470092,-0.9742430629975911
UzOO77.AG,-0.636445631809508,0.32526396436194366,-0.4753620453364321
Veibri4.AG,0.20912336693033304,-0.10744955310129677,-0.7878595646172346
AITI_119.AG,-0.23450817271951838,0.3913512891033507,-0.6182610904425765
AITI_120.AG.SG,-0.3038920999472597,0.35123780028409884,-0.601453988045312
AITI_2.AG,-0.36156120483650167,0.6408333321089046,-0.6530456742325853
AITI_36.AG.SG,-1.2785328381475687,1.6569120432936413,-4.398188319671956
AITI_40.AG.SG,-0.4016423831950063,0.6180254790097861,-0.6115573643718316
AITI_43.AG,-0.3313535575650387,0.5402691435634991,-0.4991056127208222
AITI_50.AG.SG,-1.09174780754612,0.47571925810275045,-0.9546419882561255
AITI_70.AG.SG,-0.2761650130921992,0.4965072183268919,-0.6648795800184343
AITI_72.AG.SG,-0.3238767378945981,0.5257129345939535,-0.6965024375311734
AITI_78.AG.SG,-0.20447808340131585,0.3883695847341205,-0.8107073984472849
AITI_86.AG.SG,1.0145017558808769,2.9411651099415037,0.16558709298735735
AITI_98.AG.SG,0.07788635512829757,0.6464328906052427,-0.20797468747506176
OBKR_80.AG,-0.4308616642147628,0.43838321524779805,-0.7424119549831576
OTTM_141A.AG.SG,-0.8219549372929451,2.5362851695166793,-0.11979203693566139
OTTM_151ind1_d.AG.SG,1.34286695800481,2.856175792653437,0.7532484052487439
OTTM_154.AG.SG,1.6776144334245178,1.7989946199563553,5.6237339105789
OTTM_156.AG.SG,-0.0003481852107729009,-0.19525507571809994,0.45416787105541123
POST_28.AG,-0.07142443310152521,0.08907381471598352,-0.7416052347120692
POST_44.AG,0.4184031787038834,0.14709933470216008,-0.7409382391921256
POST_47.AG,-0.12322861725098336,0.35183170158254296,-0.701506099279374
POST_50.AG,0.2777407908590428,0.20843088323413883,-0.6243633554852347
POST_6.AG,-0.013540940097362215,0.4364852176801352,-0.7539347385825428
UNTA58_153.AG,-0.4711076039825184,-0.04847409823797801,-1.0483880184251597
UNTA58_68Sk1.AG,0.3060994349216203,0.510726189883225,-0.45313763951535185
UNTA85_1343.AG,-0.6563861285433632,0.24465843309600008,-0.6151287386429872
UNTA85_1412.AG,-0.4770644737961585,0.3690730645700449,-0.9185295733175559
WEHR_1192SkA.AG,-0.44555969678728474,0.48778851944827006,-0.5794124367300185
WEHR_1415child.AG,-0.8126224457506204,0.8868375857822487,-0.6973343376624239
R10337.SG,-0.06004098917563197,-0.2523112496891231,0.7939463844228201
R10338.SG,0.7284330746323538,-0.1236389257418428,0.7780262720227028
R10339.SG,0.016200469620878667,0.4657549809710713,-0.5419773684602524
R10340.SG,0.6069031026244325,-0.14578433016521777,0.7739857619845062
R10341.SG,-0.18918180097493115,-0.17673148426249205,0.5483259647470011
R10342.SG,-0.043366856975379744,0.8870030888134769,0.2788454662864044
R10343.SG,0.1951963179675684,0.33982283176486044,1.0390689261373345
R10344.SG,0.6345116702996887,-0.27327656198805594,0.7386228459820351
R10359.SG,0.46181046610981663,-0.06818092867518633,0.8041176444591142
R10361.SG,0.7069876853337331,0.3182970112810285,0.431417630408636
R10363.SG,1.002053521059459,-0.20800194088230592,0.9829044542295489
R11102.SG,0.5425523288767115,-0.6500420191948308,0.639285187133193
R11104.SG,0.7463444788407624,-0.13263201341663655,0.8225530800547621
R11105.SG,0.7385603267080532,-0.08115896853909489,0.784979540645237
R11107.SG,0.9910238632426525,-0.11478960411799098,0.5958932875997426
BOL001_antiquity1240k.AG,-0.8570814952924912,-0.6972166094540759,-0.4349418764651129
BOL002_antiquity1240k.AG,-0.7824105988134716,-0.6647667618170057,-0.4040894025937912
BOL003_antiquity1240k.AG,-0.8181848078425471,-0.7252535908723854,-0.6875369429884417
BOL004.AG,-0.77351674683519,-0.6470441255443623,-0.5556174831313747
BOL005.AG,-0.8344841451430092,-0.5986048045061391,-0.3636103008790672
BOL006.AG,-0.6892968556968341,-0.47428810565933194,-0.6104254006100731
BOL007.AG,-0.8457546918861362,-0.49563971563318066,-0.8181195876336558
BOL008.AG,-0.7343044992827324,-0.6874355609559546,-0.5264372062514069
BOL009.AG,-0.714927064067264,-0.5655103974489979,-0.73018711873321
GOS001.AG,-0.4736947878759601,-0.2560677519059421,-0.5143431837838359
GOS002.AG,-0.5317067226651057,-0.22946204226494227,-0.7894073843967779
GOS003.AG,0.16718245210210317,0.1272232411141517,-0.4241796447293621
KBL002.AG,-0.37178733706210076,0.029330238808972686,-0.8304584810215863
KBL003.AG,-0.9229843535330623,-0.2119257050487559,-0.6217521560755919
KED001.AG,-0.35222125797008524,-0.2524403184796726,-0.8546751008131722
KED002.AG,-0.4690917557462912,-0.016486913617774795,-0.7598717530676256
KED003.AG,-0.6729375525831938,-0.010571673921213014,-0.6621164747784569
KED004.AG,-0.39124885663859266,-1.0196670248926396,-0.6149606075567146
KRS001.AG,-1.143907988953217,-0.18838142558112128,-0.7122765758216595
SHE001.AG,-0.37537663984696834,-0.31546671120711356,-0.8277383211869322
SHE002.AG,-0.8578311227727722,-0.6306178994604597,-0.27725408617447617
SHE003.AG,-0.8664837436938164,-0.5268588088673409,-0.40141611256829846
SHE004.AG,-0.840697249915861,-0.35691545752738674,-0.6171380136572263
SHE005.AG,-0.2975939651878912,-0.44427307229830115,-0.9604111665928668
SHE006.AG,-0.742162307699558,-0.5449691637764984,-0.4203925789574642
SHE007.AG,-0.8109740818255898,-0.4223114829040139,-0.620291883451552
SHE008.AG,-0.18991869254005786,-0.5441022890673299,-0.28706716658504144
SHE009.AG,-0.44370721859069673,-0.44033666105014424,-0.7346962762140462
SHK001.AG,-0.8143026857846092,-0.7127653241135964,-0.18439542603731138
SHK002.AG,-0.8456949836662321,-0.854974549385048,-0.2446661464001314
DLV005.AG,0.1057781293014928,-0.5688181270267879,-0.5250798903485303
DON006.AG,-0.10045282184172782,0.6482794529417022,5.272905050643901
KVH002.AG,-0.4822224838108507,0.24467338503200434,-0.45602144698767555
MN2001.AG,-0.7349008041636422,0.3147344932031074,-0.6908066058446598
MN2002.AG,-0.45669967095247155,0.2984351640501049,-0.5125468229071668
MNN003.AG,-0.25544813238944014,0.34101734685254403,-0.7742795638815636
UOO015.AG,-0.41631636476266815,0.11099774936186085,-0.38422149757135776
UOO025.AG,-0.48201707527242227,0.2983141901784821,-0.3075265569286002
UOO029.AG,-0.3362572903328096,0.304646533691002,-0.1450389278329423
UOO037.AG,-0.5405464799254281,0.29276322441235253,-0.4516142122383645
UOO047.AG,-0.48925060843049395,0.25116127133107874,-0.4998333418169767
UOO053.AG,-0.4262105308113355,0.2416616071604199,-0.3982640684073863
VO1004.AG,-0.16292533919725793,0.4020564117771983,-0.838218402655854
AAT001.AG,0.4467564459247698,-0.1762225997372882,-0.7136666836027727
DOG004.AG,0.505851161495358,-0.043525773566825306,-0.8997358169446847
DOG006.AG,0.5175686672268568,-0.5590220304605646,-0.6232953093082365
PIN004.AG,0.18316798835292245,0.30976083717907366,2.03756925940455
BDB001.AG,0.5144665825015325,-0.17927429829127728,-0.6854777999678214
BOT004.AG,-6.280129776669943,-1.6749188523891572,2.414313550788895
BOT005.AG,0.6385466111911906,-0.26850704475619824,-0.8096347884612095
FLR001.AG,1.3633886115253544,-0.11644428401451552,-0.09993301032430577
FLR002.AG,1.418954572028962,-0.22709387986595206,-0.14807538483811203
FLR003.AG,0.9727954786960378,-0.0012705956769857327,-0.00250366743995912
FLR004.AG,1.1323632353588704,-0.4646255637906592,0.12345602392248084
FLR005.AG,1.0373074287978399,-0.0877682720474337,0.05112930995049672
FLR007.AG,0.9046280222860418,-0.07379140235922955,0.11745703599363348
FLR010.AG,0.8260975096801682,-0.26477035695708534,0.22331843265871912
FLR013.AG,0.9400337896282119,-0.15215094092259895,0.3479671513424128
FLR014.AG,1.4168756278094754,-0.044254209433325406,-0.05375607274671937
GRG003.AG,0.9936527252129469,-0.15731663340682608,0.26361877268133
GRG008.AG,1.1304818482570216,-0.12898568011825823,0.2520011118787171
GRG015.AG,1.004244537358284,-0.09560844142163624,0.27720239143298603
GRG016.AG,1.0182317617679093,-0.10530115769274546,0.34323654524236835
GRG018.AG,1.0671666568338734,-0.0866628147604066,0.37256400619999896
GRG019.AG,1.0353762560671786,-0.33280206482329194,0.13501007288286943
GRG021.AG,1.1898483953528098,-0.12163899971894528,0.36793763243327643
GRG022.AG,1.3192889136821038,-0.29756145541824097,-0.19567000217124414
GRG023.AG,1.0115447227969379,-0.11148948670831708,0.31550824044239023
GRG025.AG,0.9346631910650346,-0.09254978909659424,0.38282841134915496
GRG027.AG,1.116275235261589,-0.08150073513662923,0.3485711245078747
GRG028.AG,0.7954819918450139,-0.10586372126304795,0.3441986193514544
GRG032.AG,1.2450247497105535,-0.4317167221300595,0.11874538646830848
GRG035.AG,1.0491010617974927,-0.07606886401418475,0.312027734003751
GRG041.AG,1.0247105877286433,-0.06135174206165282,0.31688820069562396
GRG043.AG,1.161533525262565,-0.5695222072772347,0.5532255305863111
GRG047.AG,0.9876188553714051,-0.16485337014011958,0.2128685081043781
GRG049.AG,1.150003459560653,-0.14812942706504223,0.16993060710373664
GRG050.AG,1.2150253672087505,0.004235628903580786,0.23878080772716842
GRG052.AG,0.8143390813259146,-0.12231287451265836,0.2646104829007854
GRG056.AG,0.996298033242928,-0.03779950551761855,0.20628504345790574
GRG057.AG,1.1496077254767274,-0.12247843691552872,0.3920342262471935
HBS002.AG,0.3766901745083783,0.5818407278954544,0.6062310274531294
HBS004.AG,0.6569238771408565,0.5746475064136325,0.5979666268098063
HBS005.AG,0.9298807681619488,0.4444848294011336,0.5560146168386565
HBS006.AG,0.21492456756706724,0.18714259240235312,0.6391798972461034
HBS007.AG,0.4018354088864458,0.5854323824225927,0.7315222810734
HBS008.AG,0.7964818210339697,0.37248035933865054,0.5830805388269756
HBS009.AG,0.2720104456977665,0.24777047743418304,0.6185688888917522
LBR001.AG,0.4573406240652916,-0.1255523602245503,-0.27062038439168196
LBR002.AG,1.1276182116728746,-0.5886813265332077,-0.08361474820388355
LBR003.AG,0.5515336773246163,-0.4623643409564793,-0.07196819255949147
LBR004.AG,0.5671673379517508,-0.23642861893965408,-0.23077603545076458
LBR005.AG,0.8657603423039713,-0.10184543697023898,-0.42525307713251
OBN001.AG,0.7351530660192103,0.20289716933804172,-0.68606118355217
OBN002.AG,0.917499475078173,0.3304615764894378,-0.2718366695887632
OBN003.AG,0.7279781778219301,0.01372372655945473,-0.7000489800379709
OBN004.AG,0.7765484181151093,0.4650639551762425,0.2610629137551808
OBN005.AG,0.9499179100698858,0.36037231023823607,-0.16982076737519428
OBN006.AG,0.7053970629381536,0.6833696808476034,0.25635065378034233
OBN007.AG,0.27365147338627716,0.5350150385677287,0.557239132283203
OBN008.AG,1.153028673077973,-0.11487257413380417,0.19793451088342712
OBN009.AG,0.786792188842094,0.7910691769682733,0.879584567640769
OBN010.AG,1.2802007829100162,0.11113919565576533,-0.0526564726187369
OBN011.AG,0.5527959667210666,0.11046461207466844,0.992388199702067
PEN001_real1.AG,1.0570599594108947,-0.21761785618488794,0.10791110580671368
PEN001_real2.AG,0.6165234147456616,-0.1427872082357024,-0.7898112553842687
PEN003.AG,0.4855502607889772,-0.44432915356083136,-0.17224025385044386
PRI001.AG,1.2416928983268019,-0.3304139874942073,0.15948024536124347
PRI005.AG,1.4234086150321887,-0.08803719865348093,0.24701358383088617
PRI006.AG,1.415075618481945,-0.21887867515983817,0.14667742985496085
SCH001.AG,0.4709933682139115,0.42996616425183365,0.674758164941669
SCH004.AG,-2.4015815723248575,0.03421755152628509,-3.502174498438783
SCH007.AG,1.0064500437384203,0.49628068772745637,0.8983569206064155
SCH009.AG,0.3208591454274298,0.20748360345613676,0.3174632264465389
SCH010.AG,0.25526160047650803,0.8245782698700084,0.7748327136752742
SCH011.AG,2.5177610837493467,-2.4062347303399227,-3.292768255755984
SCH014.AG,0.7908468175281907,0.4849847091187468,0.34617264010839566
SCH015.AG,1.4950296766317577,-2.5383300652410643,-3.208952117080826
SCH016.AG,0.6586836260180088,0.5464639781916603,0.36238302434690794
SCH018.AG,-5.1138416093228285,-1.4348944769476395,3.3115010749806753
SMH004.AG,0.4472097701843665,0.4008358537356226,0.5182817321638639
TGM008.AG,-2.7238416711827527,-3.7863545478042226,1.0016014429178306
TGM009.AG,0.5390995396934748,-0.1570924052365069,-0.6903634430594753
XN164.AG,0.6930345304227848,0.4568636907705918,0.25565476760483175
XN165.AG,0.6020218651327722,0.5373404139237267,0.29922521412933684
XN166.AG,0.17617188651449306,0.606319989617057,0.33822672222851596
XN167.AG,0.6945514006051128,0.025383062416438413,0.31858124409866706
XN168.AG,0.42945465120396153,0.4481198252327215,0.17096391814986633
XN169.AG,0.7731877105662524,0.478403279487207,0.2758298905715959
XN170.AG,0.29377037744906304,0.6360154787399658,0.18558233124013834
XN171.AG,0.2975812134174856,0.5851931602816779,0.2728631478955699
XN172.AG,0.6298543120662863,0.5072601587336444,-0.03755243018606193
XN173.AG,0.3593991579932071,0.35026792384448685,0.6969082205898413
XN174.AG,0.6962022628435511,0.8144692601405461,0.30691428624277595
XN175.AG,0.4431456771787243,0.8806161325781537,0.8295395854595201
XN178.AG,-0.13552467363521842,0.16132046358692193,2.1466471149885296
XN180.AG,0.5328793983325792,0.8849384721357314,0.6033322331818968
XN182.AG,0.6059393428326094,0.7862758074141835,0.16908911696956097
XN183.AG,0.09899546038756282,0.8366766111026532,0.42070793427805725
XN188.AG,0.6427400366981647,0.30011769077223316,0.6167192479040817
XN191.AG,3.408911690817465,-3.274526949680863,-0.9022011680928183
XN205.AG,0.09728605879341261,0.31109808175373954,0.8467468175988973
XN206.AG,-5.5165257985288765,-1.5645698133534807,3.0563918342200993
XN207.AG,0.4943145483411866,0.5969521191635758,0.24647461163322112
XN211.AG,0.3916615999684953,0.3553570231091288,0.2956955775828542
XN215.AG,-5.594756973759901,-1.5745215830118258,2.997908022415777
XN224.AG,-5.621539479520301,-1.5737177966068043,2.9837576702501285
XN225.AG,0.5967096175613762,0.2789378206881512,0.44313908436601873
FLR008.AG,1.423794979575534,-0.1798723910719963,-0.027688972969663488
FLR009.AG,1.0068282180465742,0.1815392707612455,0.397940386823566
FLR011.AG,1.2396456345519127,1.5268093678192383,5.555294629523534
FLR012.AG,1.629842155544191,0.4994710292004892,-2.001606364671844
FLR015.AG,1.0535949108910678,-0.0013987742197746496,0.13501896989554266
A1801.AG,-0.8166142227040454,-0.7933641063199772,-0.14193343287804847
A1802.AG,-0.7982156976688025,-0.828195860605648,-0.20534164505881022
A1803.AG,-2.0838022370604445,-3.4700306476254323,0.28980508069636446
A1804.AG,-0.7570127637109587,-0.9764802882144593,-0.2311767864691548
A1805.AG,-0.8596965621042687,-0.8862319405637935,-0.21635094444732766
A1806.AG,-0.732327094947444,-0.8228411598979678,-0.17912243545696355
A1807.AG,-0.9517441394732106,-0.7320704177260992,-0.07093405982616974
A1808.AG,-0.9035991012186312,-0.8104290076383246,-0.18649414690551006
A1809.AG,-0.5578529009759007,-0.9935989626620495,-0.4438042746062128
A181013.AG,-1.0712219278271482,-0.4116802789189195,-0.2545015428477465
A181014.AG,-0.1171679881452627,-0.42528458059469115,-0.6264982635801424
A181015.AG,-1.164835252994972,0.006243187374955313,0.10803480988220826
A181016.AG,-0.9046820191807469,-0.2804576677559208,0.20608290938512439
A181017.AG,-0.9182650813203442,-0.15137846573264968,0.2916766769411037
A181018.AG,-0.09588074202839145,-0.16443736063656017,-0.486322076674143
A181019.AG,-0.1644436442872157,-0.45949943376805097,-0.5558203632070695
A181020.AG,-0.6046703350528592,-0.5083438641484834,0.13655977661258895
A181021.AG,0.04466683418977598,0.43441284745727893,-0.22802304151657576
A181022.AG,-0.22631505238483512,0.3023146521930028,0.7301464085279956
A181023.AG,-0.8086809668318828,0.059187308139951704,-0.642007002132931
A181024.AG,-0.6931362995014003,0.29290381894815837,0.44032010388124315
A181025.AG,-0.3985691753587965,-0.26484882257008135,0.029910822384232292
A181026.AG,-0.3988491178388588,0.3433624636402033,0.48307251151861286
A181027.AG,-0.34460601227598436,0.25695477991966326,0.7695474507226476
A181028.AG,-0.8424403039556356,0.36999499856980644,0.12632691252094444
A181029.AG,-0.9429202411905229,-0.6599037196905142,-0.1490883734546841
A1810.AG,-0.7639027693588277,-0.7174844340262821,-0.16828663116635043
A1811.AG,-0.7594920569694754,-0.8062913610536474,-0.2307089574390655
A1812.AG,-0.7428081877307017,-0.7752314062475409,-0.21090891666841954
A1813.AG,-0.6143742130295206,-0.9497814396202973,-0.5783180640043113
A1814.AG,-0.5285594629005527,-1.00219965331666,-0.5476239098131354
A1815.AG,-0.5714963795636243,-0.9826142152371155,-0.5890048086457971
A1816.AG,-0.8746122881539559,-0.8172255830266146,-0.19920194202111421
A1817.AG,-0.8424572771778817,-0.949371476538811,0.037236708661080635
A1818.AG,-0.8213014840440827,-0.813715707617257,-0.13619835647822173
A1819.AG,-0.8046664873226272,-0.8265686108255352,-0.2207985689443337
A1820.AG,-0.825408219505096,-0.7726074122105648,-0.18394379688001372
A1821.AG,-0.7809325663372633,-0.8476543461321493,-0.20239198530726407
A1822.AG,-0.8660042579207897,-0.813417858500254,-0.17029549913215727
A1823.AG,-0.8438015838603389,-0.8132700347702024,-0.1717893888325557
A1824.AG,-0.41889207170796916,-0.9931301874235021,-0.4401702042418548
A1825.AG,-0.3788893091784903,-0.33783835369931703,0.4713319472569
s19_0LS03_1.SG,-0.6867113948676351,-0.41249551635525256,-0.4330862241966739
s19_0LS09_1.SG,1.7499452270633167,-0.6592769073305846,-2.086733896028658
s19_0LS10_1.SG,-0.18955025461963618,0.10834354548732014,-0.39221399059269524
s19_0LS11_1.SG,-0.10427639262300328,-0.29976282816255234,-0.827466806414186
s19_IIa_1.SG,0.1871423178349521,-0.0867446576364194,-0.10276695200402733
s19_IIf_1.SG,0.16046782543232968,0.064910512116395,-0.5302869446493759
s19_IIg_1.SG,-0.24430204663219565,-0.5861317512376796,-0.4732659405798541
s19_IIIt_1.SG,0.259148283958864,-0.7025881019345905,0.1065701754540441
s19_ILS01_1.SG,-6.335020303078232,-1.6728530437217863,2.3585594717798837
s19_IVLS09KT_1.SG,-0.1856364237030863,-0.17466118417042942,-0.7107123340174949
s19_V10_2.SG,0.24966670713597794,0.5033124864054679,-0.17491865147066646
s19_V11_1.SG,-0.4833430933046645,-0.11519790683456246,-0.6797032452633287
s19_V12_1.SG,-0.23323031387883908,-0.4662076304991093,-0.6558040968657838
s19_V14_2.SG,-0.2766994599820555,-0.30823986920579083,-0.5803018064203447
s19_V16_1.SG,-0.07532208865771696,-0.33548453535269357,-0.5001908244249255
s19_V7_1.SG,-1.6969647664277654,-0.8193733840391161,-2.484269968870681
s19_V8_1.SG,1.6868927373879723,-0.7859464578974942,-2.0509409144051576
s19_V9_2.SG,-0.25412767299854494,-0.40422028124088494,-0.5796114540014367
s19_VII15_1.SG,0.08015651084232571,0.09824593338136264,-0.8572812327339534
s19_VII3_1.SG,0.37924027846046143,-2.0401626257111283,-1.3497944622959217
s19_VII4_1.SG,-0.14280739020004665,-0.3877777141269592,-0.6074042878571617
s19_VIII5_2.SG,-0.2718745982302379,-0.4507982886298323,-0.6300440354003877
s19_VIII6_1.SG,-0.17577201354045988,-2.4227143773689463,-1.0411709787282788
s19_VIII7_1.SG,-0.003240796960553717,-0.6838180996590711,-0.416432822091637
s19_VIII8_1.SG,0.06213259304576548,-0.19236894905163623,-0.5129648819366112
s19_VIII9_1.SG,-0.00821967977905529,-0.17788629818474894,-0.48592256116654037
s19_X02_1.SG,-5.585402317351422,-2.44178063920392,-0.29590032332357696
s19_X04_1.SG,-0.23501412781562248,-0.4572752585359394,-0.7001189526254088
s19_X05_1.SG,-5.687987410175472,-1.589427152810167,2.936785197794412
s19_X06_1.SG,-1.1458458480673759,2.4085701441424288,-0.07551665993411598
s19_X07_1.SG,-1.5901347203815739,2.1496039890779604,0.013330174110260658
s19_X08_1.SG,-0.32090185599031157,-0.41310905467110753,-0.6259995329747755
s19_X09_1.SG,-1.7072885878848962,1.282426262671432,-4.46286568547184
s19_X10_1.SG,-0.07431051881554147,-0.44397905224922724,-0.2034333108316173
s19_X11_1.SG,-0.16866981468942938,-0.3132013040395987,-0.7255800222149512
s19_X12_1.SG,4.66927271447042,-3.9883937809933854,0.3007139009601798
s19_X13_1.SG,-2.4294018632497743,-0.048215683012843034,-3.4369591083700084
s19_X14_1.SG,-0.0719150218353016,-0.4899230064701326,-0.417780332427536
s19_X15_2.SG,-0.14590898072169323,-0.4250074693105197,-0.5570677457644242
s19_X16_1.SG,-1.1518226288249278,1.9311638168240286,-4.729166219358109
s19_X17_2.SG,-0.09932491656575937,-0.37467857285815226,-0.5683836859788236
s19_X19_1.SG,-0.38946001443471245,1.4844344379654117,-0.46834197687061396
s19_X20_1.SG,0.285530598927755,0.5235476409280564,-0.5972063094045686
MA969.SG,-0.5432685117837196,0.2031952222635239,-0.22553965974848472
MA971.SG,-0.46734579315520425,0.34930533354764964,-0.02869748045326878
MA973.SG,-0.5367469784585202,0.4330337852748793,-0.002705534830653357
MA974.SG,0.0356998516362549,-0.05994697014341557,-0.9396666493177857
MA975.SG,-0.383933041488397,0.3069270059278464,-0.6142361653092462
BER001.SG,-0.6556663986565383,-0.01803019785592182,-0.550095515842638
BOL001.SG,-0.31435472766779116,0.180657330346783,-0.43044356676228535
BOL002.SG,-0.5361259594577406,0.22921921435641812,-0.12136705611537382
BOL003.SG,-0.5287787100154788,0.11967566971503983,-0.1960229725352653
GOL001.SG,-0.40744290583708165,0.839519246397113,-0.20469290987552177
HAL001.SG,-0.4903269153746336,0.5962216705305929,-0.054368904087777545
HAN002.SG,-0.5393202215912238,0.15616746905308224,-0.1346081340999309
HAN003.SG,1.3271559917412692,2.86741067770622,0.7022247825983374
HAN004.SG,-0.6100590159222435,0.1834560530927961,-0.15768742605309746
IVA001.SG,-0.28557733435502075,0.24791423450615827,-0.6226475636794048
KAR001.SG,-0.5484813825296943,0.2501683180289858,-0.47242985571259866
MIL001.SG,-0.5247117936078702,0.1917825956162426,-0.09495830825844419
MIL002.SG,-0.8376763797207839,0.09976376232613353,-0.15250897596611174
MOT001.SG,0.005481256247917865,1.3602254313584614,-0.8197013838602973
NAU001.SG,-0.35202567689060676,0.14902635453723853,-0.03221410824525823
NAU002.SG,-0.3932767540722045,0.6602739870420875,-0.13104027387955444
NIK001.SG,-1.4935442822066585,2.2181171880191597,-0.010366680290038817
NIK002.SG,-0.7487982661216176,0.3352693418062065,-0.14087559364227795
NIK003.SG,-0.3820245989675691,0.3497613545129164,0.13272086533372277
NIK004.SG,-0.7903595144745758,-0.005926859446560185,0.13575733208661328
NIK005.SG,-0.08171719125563691,0.00522420460777938,-0.13721253899184713
NIK006.SG,-1.1731030259725428,2.397222572868031,-0.07093639247140672
NIK007.SG,-0.5891049886300155,0.33415479401041226,-0.48978600633175534
NIK008AB.SG,-0.5674655487757188,0.04613834684230181,-0.6168541444521957
PES001.SG,-0.45959184743993386,0.2637139270343038,-0.45672704900306255
RDT002.SG,-1.4897855387756014,0.30751529812533746,-3.268188371084061
SOP002.SG,-0.5330905161039994,0.5657831333172599,-0.01693912807046304
TIM001.SG,-1.3872437350628306,1.3492642626224753,-4.085015351333666
TIM002.SG,1.2321809043228171,2.907959211212015,0.4811753225198072
TIM003.SG,-1.0819465556015764,2.429065166471009,-0.08580369169052014
TIM005.SG,0.5010878205308937,1.2000768101810706,-1.2277554212580128
TIM006.SG,-0.3134998351451283,0.22333181514061085,-0.3434304702670552
TIM008.SG,-0.26311897222892544,0.576944989225578,-0.16063766843626767
TIM009.SG,-1.381948539263682,2.298971073068278,-0.03601638823512019
TIM010.SG,0.9963355260242868,0.9677890999427344,-1.5914285064617244
TIM011.SG,-1.809915854372968,1.709054710532339,0.09005165023352629
VOD001.SG,-0.5283620419708797,0.3904425055499012,-0.10654485971865287
VORONKOVO001.SG,0.003688966443559532,2.8003152879705553,-0.19833608448758347
VOR002.SG,-1.7241793074128557,2.004266282422585,0.05366491484666886
VORONKOVO003.SG,-0.4583696811652519,0.811078867069215,-0.2818696591127609
VOR004.SG,-0.6410618098242837,-0.1281704369398001,0.047451661933400086
VOR005.SG,-0.26564380293043294,0.5155898777377007,-0.2446634454578856
ans003.SG,0.9002886672900831,0.2512291893862811,-0.2398535228012963
ans005.SG,1.14542079335056,0.13952929967532743,0.19065970714112337
ans008.SG,0.8234848988288819,-0.44338183936663755,0.019570781328904416
ans014.SG,0.924471807444221,0.30883997977128846,0.18565690511076255
ans016.SG,1.0112806125077043,0.12920879076482816,0.19712290819752257
ans017.SG,0.9844128946264149,0.1622494831246349,0.0954339042739814
bal004.SG,0.9805206523425588,-0.007945332615013694,-0.136990595432847
car004.WGC.SG,-1.3358865309868528,1.4979749283379216,-4.2350655146618355
kol2BE.SG,-0.19607260088105943,0.13678799735588335,2.1547388197741584
kol6.SG,0.745723315401002,0.05836815575180679,0.8564346252970083
lai001.SG,0.9523120666529427,0.21965540203969222,-0.40506639280520035
mid001.SG,1.0145099331629779,-0.035418998133653117,0.0330379077561388
mid002.SG,0.7991583857865943,-0.20984401285204754,-0.02816170406878383
prs002.SG,1.007663563107623,-0.18609525550816236,0.34914488446589154
prs003.WGC.SG,1.1614836978539385,-0.08640577806740588,0.3396807534238134
prs006.WGC.SG,1.062052150679631,-0.06201680097901336,0.3997821267814303
prs010.WGC.SG,1.2627342673478428,-0.18860523050164255,-0.10244785578356322
prs012.WGC.SG,1.2347613361762018,-0.38389691406596843,-0.18929451563012875
prs016.SG,1.3448029343530332,-0.14763847843396757,0.09573928420830602
prs017.WGC.SG,0.8824076302044518,-0.11842911964929065,0.3365213626720315
prs018.WGC.SG,0.7488728987969944,0.005346468808737494,0.0643923719716093
BRC001.SG,0.672730042833721,-0.3659789813877451,0.6911925139446365
BRC003.SG,0.8197869862998262,0.01647989595833398,0.531152691474598
BRC007.SG,0.7225156937010998,0.12054402883117482,0.7463429985939084
BRC010.SG,0.4949441604016991,-0.038126506166268635,0.33112865015990595
BRC022.SG,0.8431740555278637,0.2638986418523296,0.39037770120174564
BRC030.SG,0.07159201925016263,0.28989076045734696,0.3388069397128682
GCP003.SG,0.3051196416859193,0.11460432359915973,0.20841624136186662
GLR003.SG,-0.3736140376141757,1.4609665296582162,-0.5075504340602078
LSC002.SG,0.654805602122347,-0.3127568381765608,0.3869076890606966
LSC005.SG,0.8399191420958727,0.22163932098734668,0.41606574191574
LSC011.SG,0.5966794592401272,-0.022080476474246397,0.5023691114483553
TRPTN_611.SG,0.9174730606292251,0.03732497751737932,0.09567887544443641
TRPTN_613.SG,0.7985738764791114,0.015092432163546391,-0.00671164577763292
RISE1159.SG,0.841703239942068,0.163336660039394,-0.2028807627655729
RISE1160.SG,1.067476442696256,-0.03619518978277548,-0.18308284258449126
RISE1161.SG,1.0960044498219506,-0.24043443563556274,-0.09163311452611686
RISE1163.SG,1.1259568790810133,-0.007831417708014116,-0.16480129045265823
RISE1164.SG,1.0645186560502258,-0.10436426811472241,-0.08432349633787231
RISE1165.SG,1.074428872073584,-0.04535341753440937,-0.16997670816846505
RISE1166.SG,1.2822042880545663,-0.2560521060342922,-0.26532612270467937
RISE1169.SG,0.9682933129643844,-0.030494868235041075,-0.09008042676612517
RISE1170.SG,1.186113376856657,-0.1637478793062923,-0.197842513758154
RISE1241.SG,0.9998961188382541,-0.2014920801823834,-0.20092021626549153
RISE1243.SG,1.0140828807753204,-0.1232869844559623,-0.17008456029208255
RISE1246.SG,1.0518400821334386,-0.007700316822131174,-0.1715480737557219
RISE1247.SG,0.9791076534724262,-0.0907261692557216,-0.09428846102068762
RISE1248.SG,1.0458262085957701,-0.02081682619889889,-0.1978758018816667
RISE1249.SG,1.092560068909899,-0.04519927695480137,-0.20031043166591506
RISE1250.SG,0.7757560730517036,-0.2620708559462168,0.04995742330200953
RISE1252.SG,1.0204541719081008,0.009220537583572696,-0.10754109395535806
RISE1254.SG,1.057951891057039,-0.1292035869292203,-0.15085904246410783
f1R.SG,0.03415859524854624,-0.47348922162484774,0.2058108748077159
1H04.SG,0.9663212367975118,0.08502348023641171,-0.08910272106433469
1H06.SG,0.8318997298527154,-0.24306234579981004,-0.592421059806976
1H07.SG,0.8420177917073366,-0.19370778028085503,-0.3809385541413356
1H13.SG,1.0299084979500055,0.03437443444139571,0.0878764049363702
1H14.SG,0.9643034180350993,-0.012634516822774026,0.062444639434139866
2H06.SG,-0.7901511896621669,2.5498417235147213,-0.1335630796821557
2H07.SG,1.0314409546335854,-0.49696934241862695,-0.04516013773933353
2H10.SG,0.6440885200971912,0.1712680691090491,0.3045477454270631
2H17.SG,0.8048855899645414,0.017032404301587235,0.07905498771302684
2HC51961131.SG,0.8792782996788172,0.15189616952281568,0.0684434546383316
GBVPK.SG,-0.09713156003342369,-0.31668547230778793,-0.22696148580251918
GBVPL.SG,0.9874679026658784,-0.587521173381588,0.3817668225074576
GBVPO.SG,1.068752804397616,-0.6147333737143751,0.47970073629197524
MAS15.SG,1.2158763823815188,-0.1778566059955849,0.09603201976404298
ROUQCC.SG,1.0542697544176178,-0.4294426523877075,0.35494414892571136
ROUQEE.SG,0.8058462035188151,-0.6338431090802126,0.05864608467748702
ROUQFF.SG,1.1355667835422423,-0.507575585935836,0.4348280353765332
ROUQHH.SG,1.1675629184356235,-0.6682205422553271,0.27300009505627526
ROUQV.SG,0.9272985358372334,-0.29275131745945165,0.3141451925954063
ROUQW.SG,1.0107671608747248,-0.769099227998783,-0.008051916916232157
TORTC.SG,1.2457155551436847,-0.34894745980034186,0.19232234510750382
TORTD.SG,0.9982347672728173,-0.5668655016447426,0.08124701057868623
TORTE.SG,0.8372921277354153,-0.18855933476453687,0.11208176749252419
TORTF.SG,0.9584915846141124,-0.6035024556674975,-0.09593608563409321
MS060.SG,0.033737501867886474,-0.26825270516789024,0.04864370038781948
ALA001_d.AG,-0.22363578107737989,0.04107618872824537,0.7419034262808092
ALA002.AG,-0.39059255607961996,-0.15011535042785523,0.30950720142043725
ALA004.AG,-0.4671704083465001,0.24808086979367577,0.3561491166126489
ALA008.AG,-0.38667920386162435,0.21446544180207633,0.4244586673114421
ALA009.AG,-0.3120968263702801,-0.43310115033700963,-0.5972292007832803
ALA011.AG,-0.309578643161998,0.30544686205762367,0.5955340145289276
ALA013.AG,-0.3391367964709569,0.0339019926907705,0.54861326456274
ALA014_d.AG,-0.022235385145068086,-0.07529357779625746,0.5445276224270015
ALA016.AG,-0.3066338062965282,-0.09181273274682443,0.4771128511888197
ALA017.AG,-0.24017363334174027,0.26028628369378154,0.40136568015246754
ALA018.AG,-0.37494592627928347,0.0383837034020312,0.43283051221836244
ALA019.AG,-0.7717737661656693,0.041391395964641024,-0.04926939274997558
ALA020.AG,-0.3018862316496936,-0.09447763366583692,0.2703442006357332
ALA023.AG,-0.46179619708151304,-0.22394712695730626,0.36907772319800475
ALA024.AG,-0.5452616486149685,-0.45021207965033017,0.41183957809565935
ALA025.AG,-0.41042610146258235,0.14943470811539347,0.2432000742753824
ALA026.AG,-0.32289403289051577,-0.0299430928316795,0.42265715594071246
ALA028.AG,-0.26780360577958173,-0.009757906669635752,0.4688649038068731
ALA029.AG,-0.3521810547142575,0.20234168653108262,0.5758791805800012
ALA030.AG,-0.5895594031843527,-0.13723100829119556,0.8179128460561583
ALA034.AG,-0.0752481746844187,0.09716322645759352,0.33517245873957896
ALA035.AG,0.03359300923971623,-0.20220163272122413,0.20168641070952054
ALA037.AG,-0.2858377469767926,-0.09441184104696619,0.7710432520005235
ALA038.AG,-0.17595959367339645,-0.194038017729833,0.5853093105581474
ALA039.AG,-0.7073304190483883,-0.08705572963819921,0.22799336501003914
ALA084.AG,-0.5339783227802056,0.01127854459217177,0.3350762404025763
ALA095.AG,-0.09742914290067001,-0.22778312155909877,0.3042022494225674
ART001.AG,-0.2471340088005783,0.12144258583100055,0.5243647879116168
ART004.AG,-0.670427386423728,0.017704649513076653,0.7346044571175314
ART005.AG,-0.11285114468943308,-0.15515491607114126,0.4067091340069312
ART009.AG,-0.3756326341135137,0.027611379989851557,0.6763431606774238
ART010.AG,-0.43056578722615596,0.5069061812802123,0.581192609150095
ART011.AG,-0.521757913700831,0.41273090418470626,0.6130903936556975
ART012.AG,-0.22391448500443617,0.045454764648641656,0.37826498773742734
ART014.AG,-0.16307006153625372,0.2589704728520542,0.44703363578822164
ART015.AG,-0.3832048140924082,-0.1782355244396398,0.5315281389662998
ART017.AG,-0.15352037930732854,0.3785349857775001,0.525303657555252
ART018.AG,-0.24959048414588242,0.32089520461662846,0.4829809652698488
ART019.AG,-0.3107252689279222,0.11298837633900025,0.7885112121151627
ART020_d.AG,-0.5297679970194772,0.4638727081911152,0.43432768716730535
ART022.AG,-0.35769646112429593,0.24734699193863707,0.40987232352623515
ART023.AG,-0.31482054648020635,0.5168130718254261,0.1729219871800614
ART024.AG,-0.11029082305116718,0.42343809143051603,0.5231986694310127
ART026.AG,-0.27352365217421787,0.2763895977641832,0.4694035271026322
ART027_d.AG,-0.2532284073376903,0.18097266431279732,0.460351878871433
ART032.AG,-0.3654686197598544,0.09157127165216127,0.7535833606663782
ART038.AG,-0.22216471007369995,0.1409768254903305,0.5585024755092324
ART039.AG,-0.06670755637087969,0.19002739958735085,0.8189982134566682
ART042.AG,-0.3769743923898755,0.05169067163233563,0.5281640675025935
CBT001.AG,-0.26113485592552266,0.528426971651668,0.6323265019731291
CBT002.AG,-0.25364356147552575,0.18859969892814682,0.9489261880616647
CBT003.AG,-0.38925410049176135,0.2930752855468876,0.833731141793118
CBT004.AG,-0.24199355008969015,0.31216970921835235,0.7054302314536113
CBT005.AG,-0.15259627848137355,0.4167348463693634,0.7946462151315782
CBT010.AG,-0.27644330384097493,0.08159058116556295,0.9482187348574248
CBT011.AG,-0.12496689176776357,0.27625950608134814,0.894191097689284
CBT013.AG,-0.16164677412313433,0.3061815310014954,0.770079463545835
CBT014.AG,-0.045640246407035394,0.4801646555623135,0.43614155634072915
CBT015.AG,0.044531860738068134,0.26658861944866274,0.12125437675483414
CBT016.AG,-0.32929845845422384,0.2102556276082604,0.9530193210449329
CBT017.AG,-0.18013831024222077,0.2955488756853719,0.9925655236622096
CBT018.AG,0.13598617774146304,0.49969732029389297,0.7173340339585901
ETM001.AG,-0.39213792648496726,-0.1477512607610641,0.3048933398714216
ETM003.AG,1.377202181481935,2.8221864415823554,0.9223098037089918
ETM004.AG,0.1598814725553905,-0.018267655895405636,0.12013098175759182
ETM005.AG,-0.3771992823053465,-0.22579856375293697,0.4454403361325609
ETM006.AG,-0.39445530990899325,-0.22778539164859357,0.4784228955446581
ETM012.AG,-0.15605881224050475,-0.12241903859364867,0.2077370143381163
ETM014.AG,-0.3644297250672822,-0.11560820195983182,0.15575024183371308
ETM015.AG,1.1322347091494278,0.8999560878479457,-1.682468532962151
ETM016.AG,-0.5659805364080446,-0.06733731753996314,0.3660262371680384
ETM017.AG,1.3552493638390732,2.8460453718483065,0.8227077254172547
ETM018.AG,-0.23757260237717834,-0.27114372316511803,0.2714586247951739
ETM021.AG,0.7462935547987554,2.9327301850784044,-0.041050644889325784
ETM023.AG,-0.4437708033790967,-0.1347123165410987,0.18411613377094965
ETM025.AG,1.3441275108275292,2.858288466224504,0.7537186280423547
ETM026.AG,-0.5390783220131744,0.09703419237455849,0.1113019226973184
IKI002.AG,-0.5489133381363304,0.3368504256137276,0.9373344342357899
IKI006.AG,4.386031706099085,-4.4824867633967465,0.713519994406368
IKI009.AG,-0.13208066156976744,0.4082737713718606,0.7019617366527999
IKI012.AG,-0.5141938802017529,0.5568556003707757,0.36998871743839734
IKI016.AG,-0.13298690271855335,0.4721633816295541,0.8327200780014713
IKI017.AG,-0.402373613141257,0.38814364509749677,0.3854109185794084
IKI019.AG,6.179432858507544,-2.7123812651638017,-2.4555920562904667
IKI020.AG,-3.366924490902127,-2.286362448205277,-1.4965328356355545
IKI024.AG,0.06825273474503869,0.2664727135455248,0.7012699895782455
IKI030.AG,0.09743208943445222,0.2374623075374744,1.8545047695509478
IKI032.AG,1.0942100681385059,2.937664439373425,0.2594302359945041
IKI034.AG,-0.8018778984092797,0.2918320023209694,0.5837862972144783
IKI036.AG,-0.5236309987281195,-0.22302166789045638,0.5227499112429977
IKI037.AG,-0.3739677499348483,0.37158584460172855,0.5920283109126366
IKI038.AG,-0.0984918191066254,0.1186722987715019,1.9503640705826386
KRD001.AG,0.12819404282192173,0.2466503335965435,0.21670352844508536
KRD002.AG,-0.0930311471286297,0.06851129154655007,0.3042258067601534
KRD003.AG,0.07586665074985664,0.16456908828282388,0.4022421115757553
KRD004.AG,0.09790092049460548,0.10717884078192716,0.7352596502843266
KRD005.AG,0.0920005424732953,0.4154612671566595,1.633517887691789
KRD006.AG,0.2934048247232561,-0.00741271938655693,0.5043566412564224
TIT003.AG,0.38387941198074504,2.8848826552363716,-0.16495633060520104
TIT012.AG,4.219879485580609,-2.2375612006241132,-3.1628952600846416
TIT014.AG,-0.14258121629319406,1.405931244247215,-0.6901010129364327
TIT015.AG,0.6717969225056487,2.929394921650554,-0.0723109626287731
TIT019.AG,1.091017892339897,2.9354324077641905,0.25182208733680067
TIT025.AG,-1.017203130734245,-0.7891872141884166,-2.6545181690802195
TIT021.AG,-0.6042084708476679,0.4529953539176157,0.2940236243253828
AID001.AG,0.2150869210077979,0.617283787957649,0.4706177509454658
AID007.AG,0.13010718773966584,0.6442815309436866,0.4363193090120226
AID009.AG,-0.10090687831449749,0.39980056894963517,0.7146746771301433
AID010.AG,-0.1546281644544795,0.16125082414846978,2.0582553461580417
AID012.AG,-1.1576986479848645,1.9754170608313752,-4.885596850453496
AID014.AG,-0.09389909659488739,0.12338664515561243,0.5573147137118117
AID017.AG,0.3001657883928592,0.48591314227383314,0.2794544213201199
APO004.AG,0.40797402736254196,0.3153807503826602,0.3755783736937993
APO022.AG,0.22218484643386288,0.18910924966652976,0.954171509299382
APO023.AG,0.3243034952642835,0.39211264748543084,0.5976278090451066
APO025.AG,0.049525090136777174,0.5092205238059737,0.9495441713216998
APO028.AG,0.22530799205408497,-0.25306290760993183,0.5922730621885376
APO029.AG,0.6572590841370973,0.2654826119334071,0.48193331321006583
APO038.AG,-0.6238123360931251,-1.2871082666550873,-2.4225145206684795
APO043.AG,0.5718201768820004,0.6069037078065078,0.3013717996842082
APO044.AG,0.6201927911103483,0.08265734070909792,0.521472077703518
GLI002.AG,0.5914251634225812,0.3251730954906448,0.158199740470089
GLI003.AG,0.16820274004836527,0.7025439026029211,0.799715445168031
HGC001.AG,-0.17275478601598496,0.4304770382633936,0.9842861530111454
HGC002.AG,0.07086378859408764,0.33111894149781834,1.1054208713868736
HGC003.AG,0.06955349040628606,0.39220811413586293,1.0275042013013573
HGC005.AG,-0.15962293657778698,0.25961814821813856,0.9836619944591588
HGC006-035.AG,-0.10777930731156506,0.5278663200050203,1.034872341908587
HGC008.AG,-0.08398077783733737,0.4703556152352215,0.8687302498641477
HGC009.AG,-0.054714411444245235,0.5128529357428045,1.0078541017835827
HGC010.AG,0.04467340809447243,0.43132514893072216,0.886727674307451
HGC011.AG,-0.04806121004519138,0.2916775925909935,1.0484760875768901
HGC013.AG,0.020592133488165895,0.43355974007174963,0.9860830232303432
HGC015.AG,0.41812854881964095,0.5149961886863188,0.9015677173389022
HGC017-023-029.AG,-0.027613390986455228,0.39228237435709673,1.0265836872925365
HGC018.AG,-0.0846265580807263,0.4910287393869244,0.9592023608027075
HGC020.AG,-0.023358146360030932,0.4332873580957548,0.9301483754596469
HGC024.AG,-0.05156565414890945,0.47866223346529624,1.00262418499723
HGC025.AG,-0.001699724889918583,0.5022255576963502,1.042810626448082
HGC027.AG,0.06727919983124366,0.5906330412954057,0.899049696145262
HGC031.AG,-0.07760351957605069,0.4951210237487253,0.9524124867615401
HGC032.AG,0.25318581791514944,0.6455260868173845,0.690358450275075
HGC033.AG,0.08526059651874723,0.4488011213083257,0.9713492697552055
HGC036.AG,-0.05270700068089739,0.4318346983897252,1.0089126317314059
HGC037.AG,0.0916255778236697,0.37365168002173355,1.0334917993134518
HGC040.AG,-0.05285759521555636,0.43455493966181297,1.0130342994468646
HGC041-052.AG,0.039578419329474354,0.42203693562609373,0.7647508970405438
HGC045-051.AG,0.5782519140977874,0.4536433803147906,0.7176871787278911
HGC053-057.AG,0.15592982197681685,0.37112923414366283,1.0545963731570498
HGC055-065.AG,-0.13749640504313557,0.3238958449582989,1.018847234139214
HGC063.AG,-0.12516166737309217,0.6492142620411344,0.7919850340291432
KUK001.AG,0.5500006619203411,0.08129747379156677,0.8483492233788495
KUK002.AG,0.2592161883371814,0.3126393237283497,0.8007537548405397
KUK005.AG,0.5003024131167824,0.0042916684606713155,0.3995151628419477
KUK006.AG,0.5513316972916271,0.10741770536173513,0.45367520616959695
LAZ017.AG,0.3085035991683192,0.45509217947716557,0.9578354426110891
LAZ018.AG,0.016403707221764523,0.538924520204291,0.671871400292843
LAZ019.AG,0.033709733415012676,0.48219494397603885,0.8615796479061437
LAZ020.AG,-0.030724104592457543,0.3565332643849536,1.0074478676340746
LAZ021.AG,0.02361532368247025,0.31796655671922985,0.27009473770621895
MYG001.AG,0.23597907989478922,0.5127072250677092,1.0366747119154396
MYG002.AG,0.3396171236233091,0.4692939640138476,0.9803594553703024
MYG003.AG,0.17896609585913648,0.35195784648708645,0.9786512251221364
MYG004.AG,0.6631060509347277,0.44317816320012704,0.769738525909278
MYG005.AG,0.23184049123272962,0.632989125518769,0.9107586552679748
MYG006.AG,0.2305638857232655,0.5608742458957304,1.0287573554691378
MYG008.AG,0.32881302012668395,0.46636433587313925,0.9740405152330266
NST004.AG,-0.30374538887796976,0.11498164190163657,0.6260853027982316
NST005.AG,0.5392425629795862,0.3575593338701111,0.19806980789204973
NST010.AG,-0.2909913802352566,0.5536551776577088,0.131217977573775
NST012.AG,-0.17958783951943286,0.01089591762945718,0.6575220445661514
TIR001.AG,0.17392087885629873,0.5413881388626182,0.3841326815351806
TIR002.AG,0.20522676984362348,0.6864511298245478,0.2470224095053546
TIR008.AG,0.3785327237665095,0.6492971278185856,0.2725132566118182
TIR010.AG,0.09639381585351048,0.2624770151401267,0.9801587900869381
XAN007.AG,0.22901543316594,0.009259248569091098,0.7875429495936628
XAN013.AG,0.3042027391007703,0.5566110305464659,0.8536259869241533
XAN014.AG,0.2552935948819624,-0.002828669958648638,0.8037812009890629
XAN015.AG,0.19918408675236804,0.8098468596892341,0.21232176248331425
XAN016.AG,0.42555183310580613,-0.16781036584471043,0.7027331297701547
XAN017.AG,0.48969086260280226,-0.1454732281569405,0.6857926591434228
XAN018.AG,0.3565431616517504,-0.1413075732562979,0.7281989882747085
XAN021.AG,0.4430900815604021,-0.07248401295913372,0.7651253687749265
XAN022.AG,0.16774314977944246,0.3107908070528586,0.6289572847997555
XAN023.AG,0.5859985005717526,0.022515981128213375,0.7447849527849366
XAN025.AG,0.47449062791773355,0.09149374025193906,0.4665421258098747
XAN026.AG,0.1825541233481396,0.5380701528752048,0.37420147709520635
XAN027.AG,0.4417540810611939,-0.022095072282123145,0.40589489048302313
XAN028.AG,0.23668195553037172,0.07307077819582296,0.8459857430421795
XAN029.AG,0.3911236039126474,0.1712573892496962,0.6474293511453213
XAN030.AG,0.10691602564734294,0.6712959145346309,0.36868414774460434
XAN031.AG,0.33717430936998116,0.2405428140164362,0.6055321278857655
XAN034.AG,0.36250059138152635,0.1672516295030938,0.5919134076185254
XAN035.AG,0.4514216942488474,0.36562915287216874,0.7870454956946568
XAN036.AG,0.5599257496626442,0.4986441356379328,0.6478617467828647
XAN040.AG,0.7355498242219942,0.2781809993861396,0.1874310792909207
XAN042.AG,0.3369903257534454,-0.6158548760284497,0.1324116631147078
XAN053.AG,0.43235300712222074,0.44508136184160113,1.1696460101640147
syr005.SG,-0.012270267422983995,-0.4580587010502525,0.22445763010253747
syr013.SG,-0.11509354841604602,-0.2880903213899428,0.30904948722974473
NIEcap9.AG,0.34214077497538475,0.2880134626416237,-0.17427920362098182
NIEcap2.AG,1.5774965366222815,0.5656184975131221,-1.9681441677806608
NIEcap1.AG,0.24073962250477168,0.22889647917032072,-0.4494413718616779
NIEcap10.AG,-0.7102412715036421,-2.7414884716575214,-0.7206947456771454
NIEcap3a.AG,0.3231528836352646,0.3417072481673937,-0.2913265392760277
NIEcap12a.AG,-0.9054131242984641,-0.7863048570145187,-0.5553281116946166
NIEcap3c.AG,0.016972135327777884,0.013805167215283848,-0.0058474406534751115
NIEcap5.AG,0.8356323218067242,2.9389526099031897,0.005778744351150421
NIEcap6.AG,0.2612904429490472,0.25869697515845336,-0.48776313380172626
NIEcap3b.AG,-0.09157976289327648,-0.013287909850718465,0.01858722309626165
NIEcap12b.AG,0.0425150078523776,0.44776769674305195,-0.3842944538534914
NIEcap12c.AG,0.12020960333024189,0.5053508544128232,-0.5315062217370423
atp005.SG,0.5270873508049981,-0.21943129972720193,0.5587261312271744
atp016.SG,0.6068663992861177,-0.577823249531294,0.19276121637787239
c40331.SG,0.6919977333808214,-0.5886861045702863,0.458531389008261
esp005.SG,0.32930395479999935,-0.07909202353539499,0.008749222081064953
mur.SG,0.6156639585434782,-0.47333672115443703,0.27551515850623265
pir001.SG,0.4331852726163207,-0.251729779204956,0.1742781111409053
por002.SG,0.7125800499290407,-0.44130931429579456,-0.03707891872768292
por004.SG,0.9447702005511722,0.08504626851765477,0.10341146872279423
san216.SG,0.8094596633500822,-0.716709009909673,0.058111030266114076
AED106.SG,-0.036117464589464666,0.3002852437604157,0.057184256725637074
AED1108.SG,-1.1557187613134967,-0.4947689345730484,-0.0908351243340597
AED1119.SG,-0.025887318099151138,0.6312507468149177,0.29634639804544516
AED1135b.SG,-0.08897273257701759,-0.47085001032837065,0.23861216619524397
AED125b.SG,-0.22896580645733858,0.1804181186245591,2.0740998393043406
AED204.SG,0.5585077630648627,0.29386719002083567,-0.0689288570341278
AED249.SG,0.3029310227066056,0.42285848400008136,-0.05122699890540541
AED432b.SG,-0.4129625069027023,0.13825003532250343,0.3805657172315711
AED513.SG,-0.0013396829112366899,0.1683193782335698,0.3287964101311751
AED92b.SG,0.11793843849920627,0.675243966854124,0.16572694207120509
AEHIb.SG,0.044469130399949965,0.1813823506566537,0.8660872096096354
Alh10.SG,-0.07207951621553195,0.165863630168184,0.2736759162035894
Alh1.SG,0.053827615545650014,-0.21058318894521438,0.32597206330286776
Alh2.SG,0.4097039100644901,0.6582464685438909,0.09461598168725108
Alh3a.SG,0.06074794312234288,-0.10243675531680856,-0.21504079185151523
BIM33.SG,-0.0194652361227673,-0.5075550610583676,-0.01842154502329343
BIM37b.SG,0.26550489009238726,0.3053433655482658,0.1364309464149462
Ker1.SG,0.034524129113949614,-0.10145599596236349,0.5547486100929003
NW255a.SG,-0.16279951706791004,-0.003119347513067628,0.13124067283536797
NW54.SG,0.2802299784538174,-0.12325146005613213,0.32190571751255853
STR220c.SG,0.2971809747682497,0.42564983892221536,0.0885901476676626
STR228.SG,-0.04555696002508265,-0.37293683709625114,0.14198153954585718
STR241.SG,-0.013827605440159785,-0.49959261035270625,-0.36859983647897343
STR248b.SG,-0.4050731279198244,-0.0811557564371773,-0.05403822393739634
STR266b.SG,0.027226410356336817,0.36662661391459606,-0.05909280526719452
STR300b.SG,0.31553051609920246,0.3057063300720485,0.11641557566925356
STR310.SG,0.22782757910390342,-0.3628058911531101,0.24798401975717246
STR316b.SG,0.1298807469054809,0.04376375941912005,-0.5689445217370511
STR328c.SG,-0.48939109918641693,-0.9674348711744668,-0.08423797278680914
STR355c.SG,-0.12681152110283894,0.36003979397680813,0.3902605489184786
STR360c.SG,0.10694232753750767,0.5506961407898036,-0.39126174126645563
STR393b.SG,0.48943478708132754,0.07109875870296395,0.06602888376673072
STR480.SG,0.06769329406649661,-0.2712124320720354,0.28017842491513245
STR486.SG,-0.314016646793951,-0.2180402041773277,-0.05415935531064672
STR491.SG,0.05834529774766382,0.19137526636630406,1.9003827934882844
STR502b.SG,-0.05730222539141888,-0.4929697865807677,0.47569837391728315
STR535.SG,0.24751224465345453,0.2370238205112902,-0.026387338662371907
Vim2b.SG,-0.97256341578719,-0.7728922107008798,-0.0842380391938236
ALM001_merged.AG,1.259137272118444,-0.2323170415260454,-0.4003201276845148
ALM002_merged.AG,0.6382158542239503,-0.17866706491563958,-0.03320347450261594
ALM003.AG,0.31034802644357085,-0.6324862068271104,0.09406346943019654
ALM004.AG,1.02099758472999,-0.6614085595242225,-0.0352412681199133
ALM006.AG,0.6187985600737038,-0.38785004490209896,-0.3112933724546326
ALM007.AG,0.5995054295711271,-0.2566386929392436,-0.12537247687039257
ALM008.AG,1.1819879642387203,-0.5165746692822013,-0.41663726723472966
ALM014.AG,0.683916323729973,-0.5090162779348197,0.031054791934343056
ALM015_merged.AG,0.8873914064857513,-0.8534588414289814,-0.21961987916306708
ALM016_merged.AG,0.7048403124068429,-0.842634371167822,-0.2634106054050228
ALM017.AG,0.8436159371138745,-0.8980324240744909,-0.3386426376692903
ALM018.AG,0.8742408774525797,-0.2211274793173862,-0.2118408871763319
ALM019_merged.AG,0.9181616269583913,-0.49527731418099996,0.14285264740513567
ALM020.AG,0.8381597546802727,-0.40777254803905927,-0.030680284547755173
ALM021.AG,0.6920870475255491,-0.8261141191291528,0.14469904322486365
ALM024.AG,1.0289811905689572,0.28456449871480927,-0.02833100373377764
ALM025.AG,0.8558025638794238,-0.1318175995965632,-0.32787398262013867
ALM026.AG,0.8329670840441448,-0.6905706773362893,-0.1622310471815709
ALM027.AG,0.9030001226418864,-0.33660868228549834,-0.1616910072582682
ALM028_merged.AG,0.8439965815565479,-0.21550867626002781,-0.41742678685301365
ALM029.AG,0.8603466391042585,-0.20890759861492159,-0.007751104223803096
ALM030.AG,0.6028046649324104,-0.5079606957577569,0.176786525267136
ALM031.AG,0.9240791062110675,-0.712982300332879,0.15542365764479632
ALM032.AG,0.7517615617760923,-0.05382794221202215,-0.09056550797272662
ALM034.AG,0.7749803584200993,-0.7158726928528166,-0.0425460488202933
ALM035.AG,1.183767905987542,-0.20368840893080956,0.06138358669384691
ALM036.AG,0.7228304394849444,0.034795979849739,-0.1521053401519058
ALM038_merged.AG,0.2387556530849171,-0.34980826872542065,0.16491661401961047
ALM039.AG,0.8718880524026204,-0.7582127441151162,0.1746788425122494
ALM040.AG,0.9081802593564147,-0.3773030432331858,0.20212330199676262
ALM041.AG,0.8664080787577026,-0.3376976430577095,-0.2786842190758746
ALM042.AG,1.0202434933617506,-0.9448796393902109,0.09768054907893864
ALM043.AG,0.24066904656935936,-0.6611113780229744,-0.14649626948759037
ALM044.AG,0.3663898810533886,-0.372255498146473,0.00847264402154005
ALM046.AG,0.6178574358137047,-0.3614894270648591,0.33658272390011174
ALM047.AG,0.5847813716683554,-0.47721941361523346,0.17099427019684071
ALM048.AG,0.7092690033375579,-0.6684741061386585,-0.014263953732491404
ALM049.AG,0.6946731430351661,-0.5992849237902191,0.09716550067923188
ALM050.AG,0.5487697839521714,-0.5677630320068623,0.02682719436325141
ALM051.AG,0.31881192176970213,-0.49841513492197714,0.0835288726784676
ALM052.AG,0.7483212551239368,-0.8593233663211918,-0.21622897254363915
ALM053.AG,0.9482657715745375,-0.1470275441268527,0.01799773630215503
ALM055.AG,0.7549454035419739,0.06000790847477994,0.04163679390188194
ALM056_merged.AG,0.5700026453413164,-0.8566779782681713,0.13239255990983284
ALM057.AG,0.6663864268636012,-0.026826820244951876,-0.200924055914049
ALM058.AG,0.6077559087074601,-0.5114481335566626,0.2185484033425722
ALM060.AG,0.784686291373763,-0.9077184584076252,-0.30551067878643157
ALM062.AG,0.4788825500422149,0.04251914903981778,0.03201547836358083
ALM063.AG,0.7743895286028694,-0.10003487319473069,-0.025750133650076928
ALM064.AG,0.5984405247691202,-0.48484748629959346,0.15259984289016573
ALM067.AG,0.722823373807638,-0.48746352174574853,0.129318331009521
ALM068.AG,0.8418696438100187,-0.07112176305038502,-0.15247255706361493
ALM069.AG,0.8081988765981785,-0.5745403340479897,0.12357483425472321
ALM070.AG,0.619327524040593,-0.2453094356902984,-0.2897959668217685
ALM071.AG,1.2462762521950819,-0.011654274367778671,0.12190979824940336
ALM073.AG,1.841346446653449,1.9824079307712117,5.653270152083151
ALM075.AG,1.0537225167628126,-0.7303285987964816,-0.11260292178347633
ALM076.AG,0.9221262016502796,-0.0017258182938370533,-0.18945094619469602
ALM077.AG,0.8049260063628535,0.14963111265106568,-0.22298636027753416
ALM078.AG,0.6792816637035244,-0.13018246919499613,-0.2497966217969416
ALM079.AG,0.764710941533461,-0.1463917307082172,-0.2865567932365382
ALM080.AG,0.6447607561847158,-0.08828052466502169,-0.1439520100308827
ALM081.AG,0.5739761118881083,6.575680908170123e-05,-0.04937690889451336
ALM084.AG,0.8655099717324006,-0.3718872930236499,-0.2642178382677315
ALM086.AG,0.4799464295568169,-0.5160259703618605,0.22502654212005682
ALM087.AG,1.026489811676332,0.008872309284195738,-0.10559357346581909
ALM088.AG,0.6121522813534623,-0.4209783247886515,-0.3021259727448911
BAS002.AG,0.8081078858198656,-0.5256047801247659,0.216676998224954
BAS003.AG,0.7442352058234194,0.024895303390567204,0.25302764191441873
BAS017.AG,0.7265891015913671,0.1424553186179804,0.3109555585011504
BAS018.AG,0.6292862837642091,-0.5220263182764339,0.2048977251310812
BAS022.AG,0.3767148399205103,-0.6781102154847922,-0.24959988878462194
BAS023.AG,0.34362703437429243,-0.2795035739499537,-0.14588489297015672
BAS024.AG,0.5257103562637498,-0.26838772777258024,-0.0158085021549808
BAS025.AG,0.36625352258995436,-0.4266774902687006,-0.22717018353697557
BAS026.AG,0.6993484841241226,-0.9078025914787515,0.09823683540497771
BAS027.AG,0.45900804513668336,-0.004681970618107251,0.07894011474563316
CBR004.AG,0.40999664765854693,-0.5531937863293238,-0.02415491008246772
CDM001.AG,0.5539372477243952,-0.2662825980797469,0.09570668581702384
CDM002.AG,0.4898135033792744,-0.1938780250937499,0.33247345674955814
CDM003.AG,1.0154180703320133,-0.6317436837049916,-0.1365462502098598
CDM004.AG,1.2146457402907773,-0.41910466630868437,-0.20045079831652118
CDM005.AG,1.324011866709783,-0.5053414527034971,0.16428382253247573
CDM006.AG,0.3528965970734805,-0.3090205272209797,-0.38724050624106077
CDP001.AG,0.7196452781037679,-0.3872776573723597,0.12410064188339306
CDP002.AG,0.7313994891795846,-0.30038077926648915,0.02231476555929589
CDP003.AG,0.9245333598721751,-0.13488964290210875,0.33119122134960666
CDP006.AG,0.8049173694499215,-0.3271703057377231,0.05643356499689608
CDP008.AG,1.1237292743766847,0.41539917474734134,-0.048070383705219356
CDP009.AG,0.8170132542700559,0.1486467173247337,-0.28325441256629585
CDP011.AG,0.7258502628088077,-0.25582060052592615,-0.050596857141656966
CLL001.AG,0.5640458527766115,-0.2931662875036453,0.1579207650891021
CLL002.AG,0.9136063314676397,-0.6919086184167231,0.07594311424465304
CLL003.AG,1.1340024089652176,-0.6088077703904019,-0.32593885987864496
CLL004.AG,0.7000935334780628,-0.03236241718978898,-0.19643049101703478
CLL005.AG,1.1702691113586026,-0.6050478492682291,0.18168148811400026
CLL006.AG,0.8208801700859311,-0.5472838601657508,-0.009646203741695258
CLL008.AG,1.0243447529520742,-0.8431209820353909,-0.2935002702024453
CLL009.AG,1.0615565063342964,-0.8475760339268584,0.00860935949350453
CLL010.AG,1.0967425475923878,-0.8492310321689793,0.26689164674697846
CLL011.AG,0.8694552039824133,-0.4823773464081529,0.53792985155267
CMO001.AG,1.2100314875589784,-0.2016426995084745,-0.6378459598432668
CMO002.AG,1.3324722193664176,-0.45544656936312583,-0.2590989092733235
CMO003.AG,0.7068963921954463,-0.4313310486410375,-0.3554987573566848
EFA006.AG,0.4254017499350799,-0.5309903161282609,-0.1549181484365704
EFA007.AG,0.2958014387513964,0.1766667867343049,-0.46737937789813916
EFA008.AG,0.8334056109877798,-0.22711810664634027,-0.13602164056239704
EFA009.AG,0.725501262422579,-0.48085269890463395,-0.14508524187228106
EFA010.AG,0.4792580940794553,-0.1981857416082759,-0.17383689211451175
EFA011.AG,0.1517531036412589,-0.5924566774082355,-0.433324951562048
LHO001.AG,0.9812843831600508,0.029856708338768075,-0.3376692918190019
LHO002.AG,0.9495121826549965,0.030513412299898398,-0.3560019362344008
LHO003.AG,0.2850152468925235,-0.6736510057557211,0.1027310921301011
LOT001.AG,0.305697797655306,-0.3526339061691066,-0.2249808792542595
MDP001.AG,0.8911325278649824,0.281627662542307,-0.18679344277480153
MDP002.AG,1.117422086013595,0.06673764132292552,-0.4586409904798486
MDP003.AG,0.7617396087037874,-0.4630832213840855,0.06744179220830115
MIV001.AG,0.7834350665275026,-0.3372507036742288,-0.031113289807698553
MMI004.AG,0.6170298475605591,-0.40102831991517485,-0.4073636315216431
VLBA013.AG,0.7319833006320465,-0.6386876030118133,-0.1408710538428503
VLBA014.AG,0.8320773384232208,-0.560718654399639,-0.24073954376629375
VLBA015.AG,0.6650553355637403,-0.6782475778273939,-0.2320091540519769
VLBA016.AG,0.5479582308413631,-0.3285292231838097,0.12342822834239789
VLBA017.AG,0.5218128811038062,-0.48062713528455353,0.1565034904964676
VLBA019.AG,0.47601508311380125,-0.6300886739847047,0.18226051740009133
VLBA020.AG,0.58819919044726,-0.5248530952224979,0.095860448766116
VLBA021.AG,0.48105832698506507,-0.5567836547973932,0.46081361260959164
VLBA029.AG,-0.276431570971275,0.24650390040000622,1.9743453066942933
VLBA033.AG,0.567530690122432,-0.2164105202068169,0.1755018387615855
VLBA036.AG,-0.07138595552560571,0.20109636377276108,2.061497287376228
PLZ001.AG,0.5209950085465498,-0.40008047045988115,-0.2757900691286289
PUC001.AG,0.6515116359702555,-0.5418022834441455,-0.32619295900695516
PUC002.AG,0.8305743672850749,-0.6087441552963949,-0.3030016569131026
PUC003.AG,0.5510391422516999,0.08877903857904813,-0.21532367858447274
PUC004.AG,0.48137402363910176,-0.3766914721768051,-0.15833107889050177
ZAP002.AG,-0.05768600173256863,-0.5051941229866218,-0.2503713988769193
BAL003.A0101.AG,-1.1529152706724843,1.9367874605276734,-4.737242349606193
BAL051_merged.AG,0.4254849466373602,-0.43800430753794695,-0.6347520360736036
CHA001_merged.AG,0.9151456583311989,-0.3392110825696853,0.34802685876885375
CHA002_merged.AG,1.0650287967373087,-0.30069321143326666,0.5830416104138929
CHA003_merged.AG,0.9850270498440826,-0.5235650008452397,0.18266926779960124
CHA004.A0102.AG,0.3596061607370723,-0.1888601234116186,0.019015913417629624
CMS001_merged.AG,0.45503135473195855,-0.4375936058303649,-0.6328276955130012
ELT002_merged.AG,1.0588220556033954,-0.4447355616928683,0.17631930467666135
ELT006_merged.AG,0.8852003857228623,-0.32231917759850676,-0.2698500405826679
FUC003_merged.AG,0.9879089321350718,-0.1805291723601229,0.09945524763646997
MLZ005003.AG,0.3334264383301182,-0.5763274380200273,-0.5438387293627011
AY2001.AG,-0.8639481623539488,0.23017850351429728,-0.1718408591283827
AY2003.AG,-0.8117192346661934,0.31947272079631556,-0.2728897458122553
BU2001.AG,-0.8760299213442561,0.38346280586321707,0.013616311956450385
GW1001.AG,-0.7642008987920665,0.30905718367666657,-0.2951331542770227
I1720.AG,-0.6773612554079266,0.25342518109908946,0.17427050824742216
I1722.AG,-0.6989978329251498,0.48215017433439916,0.2528420673276326
I1723.AG,-0.8926113303430546,0.03432353245556082,-0.31046427926998105
I2051.AG,-0.8240487121495821,0.2605811618045006,0.015077805867677235
I2055.AG,-0.6367611433277595,0.4169420673719161,0.28009898844733594
I2056.AG,-0.6590267802867729,0.36798934195480854,0.25310008230578646
I6266.AG,-0.6379508934916449,0.41249820570812584,0.0992553218670436
I6267.AG,-0.6725597702179127,0.008427274460989537,0.05928600015137185
I6268.AG,-0.7759875381133134,0.2006847544952778,0.23464617185446573
I6272.AG,-0.8016051595722362,0.3285661081770405,0.17858524679687282
IV3002.AG,-0.9062594438928167,0.478244109977083,-0.08865960744258565
KBD001.AG,-0.91642637923505,0.3689543097840595,-0.04365194915157712
KBD002.AG,-1.003999590002605,0.36682551598479307,-0.08813722206170262
KDC001.AG,-0.7476232717280205,0.19718900959602262,0.17945849256405913
KDC002.AG,-0.852454365169301,0.2557575935706563,0.24777403418930885
LYG001.AG,-0.794710833909163,0.2865883134276726,-0.28402208789946876
MK3003.AG,-0.7011561978467287,0.15016614863240774,0.1469711182306642
MK5001.AG,-0.649311407861247,0.3552341237626533,0.07651626284694664
MK5004.AG,-0.5944884107060541,0.5447271661959728,0.0987100335953436
MK5008.AG,-0.23272952320940257,0.15250977140393926,2.019839552260777
MK5009.AG,-0.7715878964632487,0.26613034774871,0.12893698550259514
NV3001.AG,-0.6852319303158083,0.2587773653997704,-0.22900132064152237
OSS001.AG,-0.6475758546068708,0.5912699419512147,0.08265061483451844
PG2001.AG,-0.7753632080846584,0.3257508772977337,-0.2853267133740752
PG2002.AG,-0.9242595580387855,0.24780827622080476,-0.01026491206993173
PG2004.AG,-0.7270141734076441,0.3304849761675002,-0.38112066447368703
RK1001.AG,-0.6716984135641165,0.16749183023603606,-0.347224469335137
RK1003.AG,-1.0197943468482948,0.30272806296640603,-0.14621709310095013
RK1007.AG,-0.9319690388986437,0.27502109567686295,-0.3206574417147496
RK4001.AG,-0.7140014658659144,0.38927445664991855,-0.4189769075833407
RK4002.AG,-0.8043555711485602,0.34597570517127463,-0.2589756062727148
SA6001.AG,-0.7686343988655314,0.27065970992869975,-0.2756835619720576
SA6002.AG,-0.6774929912588316,0.3832621387220564,0.23517300307214395
SA6003.AG,-0.8296781874229168,0.20836428615396982,-0.3784761526346439
SA6004.AG,-0.7112388048438745,0.3496637654717172,-0.33682334259134844
SA6010.AG,-0.7295052343938041,0.6887029004907859,-0.23833615480315232
SA6013.AG,-0.884126706090543,0.2831419179931663,-0.2599762573155622
SIJ002.AG,-0.6798780235438188,0.4640977583512838,0.0849218677608858
SIJ003.AG,-0.6641423468207311,0.31032788732375804,0.22038652544210818
VJ1001.AG,-0.798753094586311,0.3256732855183172,-0.18970874817496053
ZO2002.AG,-0.8354449807853849,0.2088735199498428,-0.3424614530053563
Ash002.SG,0.8501899845584721,2.9465234589249816,0.024575797268976917
Ash040.SG,0.9213778060805881,2.9458056969550683,0.07483910524040975
Ash131.SG,-1.8122586636175928,1.831181264786023,0.08204355465626532
Ash136.SG,1.2401421058267688,0.8359078825403611,-1.7501353368702266
CCH144.SG,1.1275373721030542,0.8943758108905601,-1.6803371625276808
CCH163.SG,-0.7002231832663731,2.578014126322785,-0.14566354483808766
CCH285.SG,-1.2822783190948568,-3.049473102528721,-0.3542074925753351
CCH289.SG,1.9410081727699358,-0.1403864220397396,-2.1850102946864323
CCH290.SG,1.06905005193236,2.9388768497969644,0.23133735004961362
CCH294.SG,1.4888169706296148,1.7115081434232902,5.590985543637389
CCH311.SG,-1.4245575330056353,1.6547614511770357,-4.722338587457747
cth006.SG,-2.4596455643342834,-0.24126093491194173,-3.2715972415294097
cth217.SG,-0.44956893231906175,-2.766012082278981,-0.027502265610672316
cth728.SG,-0.991899332630159,-2.893027044014928,-0.543160027635765
cth739.SG,3.9985742696430835,-4.928259811737765,1.0456805657770492
cth747.SG,-2.979012288495722,-3.954261735697254,1.4375908912179203
cth842.SG,-1.5071100513667262,-2.4389347488896225,-2.3588780992462683
pch034.SG,-2.0294453747900745,-3.696684645407093,1.1104200618679758
UZZ5054.AG,0.577175271933681,-0.17405451380312156,-0.6609613773203146
UZZ4446.AG,0.5018005182286102,-0.09894029696054668,-0.7382235939802594
UZZ026.AG,0.5391069615723112,-0.22831076843457926,-0.8379521310733576
UZZ033.AG,0.7541262853682753,0.004494260073748281,0.8983542675730446
UZZ034.AG,0.8006718661070176,0.43075733806770644,0.7542095093320098
UZZ057.AG,0.31128855583362613,-0.12032143694117496,0.17014541715368334
UZZ069.AG,0.5213949362362607,-0.0915211914291128,-0.7274455232098683
UZZ071.AG,0.45710207333357034,0.006650068662150188,-0.7349862221929249
UZZ074.AG,0.3678059834630087,0.3251249559527748,-0.03366037137206058
UZZ075.AG,0.967902658146942,0.25813159717220635,0.22747398465709667
UZZ077.AG,0.6977841899959413,-0.09801611256255394,0.6481302048799575
UZZ079.AG,0.4532632062970023,-0.0450828802493792,-0.730498461356554
UZZ080.AG,0.4864919272753965,-0.03772776507250393,-0.7255024175953685
UZZ081.AG,0.4464979527154174,-0.12234445863740888,-0.6181444615220345
UZZ082.AG,0.43153501478650746,-0.07673857651294105,-0.7030497675460847
UZZ087.AG,0.816147362800423,0.23903286827097486,0.8044492921795561
UZZ088.AG,0.45265760083028456,-0.18223655531809618,-0.6873513900676188
UZZ096.AG,0.5562123301299313,0.006712956376843469,-0.6932182814217906
UZZ099.AG,-6.684592560236339,-1.888536874341017,1.40928630391633
MS10614.SG,0.14316923349886398,-0.7292360580178615,0.2288843543990043
MOK10B.SG,0.5937880970151042,0.23519524964019958,0.5620105651249594
MOK12.SG,0.41111747881446403,-0.07993110835373737,0.394776552661379
MOK13.SG,0.02465995389025351,-0.15991793122620407,0.7307943778741427
MOK14.SG,0.22798338110398594,-0.1040950926220517,0.6400205667542826
MOK15.SG,0.198041049442833,-0.4669205810308522,0.500399478184569
MOK16A.SG,0.16653431344902378,-0.36094199697500284,0.02761197107187278
MOK17A.SG,0.11447672545490085,-0.14442373196720595,0.5332839479344933
MOK18A.SG,0.3932332122476406,-0.053132650236575776,0.1565856937092649
MOK19A.SG,0.6144099217783763,-0.20270940925651204,-0.7515947798228144
MOK20.SG,-0.02950880983992907,-0.0011270456330355935,0.6736044239235301
MOK21A.SG,0.41083911107335896,-0.3942957090779168,-0.38045102198398034
MOK22.SG,0.8572690724765899,-0.014484596011722002,-0.6000211827226662
MOK23.SG,0.6868780562402994,0.11431437173344956,-0.28243884851522555
MOK24A.SG,0.39010617614327897,0.12313233964415295,0.381644719009151
MOK25A.SG,0.17822305150075077,-0.44018090843015684,0.1372711445123763
MOK26A.SG,0.3908112997078307,0.8307860943305345,0.4680217890698794
MOK27.SG,0.7628442050651862,0.15798029985726866,0.5335111490563392
MOK28A.SG,0.6373309917976537,0.12353907195240343,-0.08453095748683631
MOK29A.SG,0.12695451614636613,0.026569924745523745,0.3606646251179406
MOK30.SG,0.42511781408118315,-0.544137467010876,-0.3476347925050216
MOK31.SG,-0.06448363478093887,0.4733752060282612,0.5954792748192679
MOK32.SG,0.1856611681154469,-0.132574961505215,0.6356276415287646
MOK33.SG,0.5272927979955905,0.36507306163823244,-0.08268979829916279
MOK9B.SG,-0.07986238802967008,-0.18000348421807272,0.5358656375917743
Goyet.SG,-0.03043563448885409,-0.4877347226907907,-0.10696493607949248
Mezmaiskaya2.SG,-0.07839503739732581,-0.48608674105358246,-0.12765303720775598
Spy.SG,-0.0923505417642181,-0.5162738206587205,-0.1382542348142894
VindijaG1.SG,-0.04457741104429446,-0.5096501346033676,-0.12915237108731104
RISE109.SG,-0.42482850653022014,0.5557663331378921,-0.2789899481047502
RISE139.SG,4.204824686968976,-4.692283533721065,0.8738804181189018
RISE145.SG,4.720146148477325,-3.7791955292869877,0.10710671923911962
RISE150.SG,-0.2885346003132695,0.1141449237906707,-0.12816649970857624
RISE154.SG,-0.5978254810587533,0.035772868122500225,-0.03510428818452813
RISE174.SG,0.025286302289708615,0.35231366078207244,0.21612608953355614
RISE175.SG,0.34995890514884753,0.49662442087685704,-0.192290758612506
RISE179.SG,-0.3291176184446878,0.19123668358502544,2.05993323353844
RISE1.SG,-1.2227012483309962,-3.331458558957321,0.5699232970118201
RISE207.SG,-2.198673850501905,0.5042440545545197,-3.877999974010922
RISE210.SG,-0.25554190047993514,0.29795815189758196,2.0613347990912
RISE21.SG,3.161908039574145,-5.603252338205144,1.5361742977136426
RISE240.SG,-0.8833288095853813,0.09271955611750098,-0.5329248147221808
RISE247.SG,0.6570605180168265,0.46382811653048367,0.09713517815707488
RISE254.SG,0.4714205942857487,1.0087885721393202,5.409565540617077
RISE276.SG,-0.011027726416933921,0.2704421974822322,0.09035913692720078
RISE349.SG,-0.07820407365087925,0.6514644538564661,5.280598123331326
RISE371.SG,-0.2913777601624134,0.28329529248528396,2.0276278174835087
RISE373.SG,0.10606820665489622,0.39240663396063324,0.5128517074519591
RISE374.SG,0.3080288656468621,-0.4919199057705999,0.45762171012281383
RISE42.SG,0.6402225292351423,-0.8181698379413787,-1.5551326322250705
RISE431.SG,-0.11311435778043018,0.48926665799281716,0.2362084540644122
RISE434.SG,-0.7944500412676585,0.12302883153414589,0.059078681402165274
RISE435.SG,-0.18336774717173113,0.2645957765022719,2.152423332994046
RISE436.SG,-0.6269532631616513,-0.2688059970271952,-0.0883080106113126
RISE446.SG,-0.3079853945042274,0.6833439469408272,-0.5657956666515657
RISE471.SG,0.09256625750209035,0.12885451288990568,0.2679604059858623
RISE479.SG,0.3611130158662424,-0.47908012739550015,-0.2940824416424439
RISE47.SG,-0.036798994343077825,0.6739889351113608,-0.17227876372837678
RISE480.SG,0.06020992513587639,0.6350494467666828,0.5124453704716996
RISE483.SG,0.18967935909781333,-0.5151411403817038,0.2842381701554186
RISE484.SG,-0.4234855699046325,0.1293499326177547,0.2266054442899057
RISE486.SG,0.7140107282445683,-0.3389636605703438,0.6823916239074773
RISE487.SG,0.9141286462924133,-0.3983817035293026,0.4716448528129038
RISE489.SG,0.6450333218751958,-0.3923579261803892,0.522269785859841
RISE546.SG,-0.866832348509474,0.3225086856222736,0.04178329805681216
RISE547.SG,-0.6465771692189829,0.23746422171765103,0.10603232183576014
RISE548.SG,-0.5606882772540327,0.3197509374904864,-0.06128189296861258
RISE550.SG,-0.5597918459509329,0.14508364916768332,0.15070549428250374
RISE552.SG,-0.7600289050547286,0.2703287083301275,-0.054740492066278644
RISE555.SG,-0.7731080790214566,0.3695456405116411,0.12849587349621572
RISE559.SG,0.2903049204126417,-0.3012820467271967,0.03840074506210926
RISE560.SG,0.46413647981847866,0.6675749463624597,0.02535913806973076
RISE562.SG,0.24222709971986783,0.7003626192572938,0.016446649199986237
RISE563.SG,0.10940060944876262,0.42874501950374083,-0.018328018398921862
RISE564.SG,0.4857100977448986,-0.5999821682193847,0.22516887415548206
RISE566.SG,-0.5328757053847238,0.6146641422844131,-0.15251964805542834
RISE567.SG,5.140040742612489,-2.2240847373160304,-3.0200441158004425
RISE568.SG,0.10105922425747635,0.11121927334063024,-1.0305258669194555
RISE569.SG,-0.4689703843528633,0.031227337048280866,-0.21367090111895376
RISE577.SG,-0.2732387374428648,0.0515155822344802,-0.3135550546613688
RISE586.SG,0.14781926784844313,0.5383364975293795,0.22124872011665814
RISE595.SG,2.050001155737348,-3.0850784397094664,-1.4070663931877099
RISE596.SG,-2.483311539657213,-3.667131908775623,0.7159390442519918
RISE598.SG,-0.12272216237370696,-2.4309072836048244,-0.3270195511133327
RISE61.SG,-0.26149192082715655,0.7127909971591324,-0.36309048169030395
RISE71.SG,-0.4052578723291781,-0.2241927935177293,0.2621365230068116
RISE94.SG,-0.14586761934931752,0.3907344336935796,-0.2721207797337947
RISE97.SG,-0.1432675378205048,0.5583707587220353,-0.18071009245296124
RISE98.SG,-0.5680080101179158,-0.12224331189946255,-0.39374098083558856
Klei10.SG,0.7593789038082244,-0.00011232717661778108,0.595048452486851
Pal7.SG,0.6424802597678145,0.0866738642959314,0.5235286482706557
Rev5.SG,0.6142157234418724,0.12594725624831066,0.6282276174662871
BR1.SG,0.34465336223174353,-0.24749220821191517,-0.37920354568291337
BR2.SG,-0.13678207278358753,-0.17127220711728203,-0.2616561549606623
CO1.SG,0.6264848076942632,-0.14201380288929888,0.49160939410724364
IR1.SG,-0.9871036441327689,-0.4874681567231493,-0.35635529561293333
KO1.SG,0.48624843628986,-0.011242125902845004,-0.6577331698891086
KO2.SG,0.8702757129803703,0.026840261365302456,0.972926630593963
NE1.SG,0.8435694444838395,0.5666274594882,0.3932742652161959
NE2.SG,0.8221417147956271,0.6332013256112579,0.34468947477990625
NE3.SG,0.6719426339279522,0.6502709644062656,0.24566170017111433
NE4.SG,0.9267500932809973,0.6260734718462859,0.03394876901404354
NE5.SG,0.7913104035679435,0.28883286632825184,0.5904905943912497
NE6.SG,0.7674540928584584,0.17440061856077546,0.5712623431055313
NE7.SG,0.832766863045743,-0.14050156416553353,0.3857611257428804
ATP17.SG,-6.594579584470508,-2.142269937490259,0.9235329327044697
ATP20.SG,0.23179761905434051,-0.5654052545808156,-1.904319944438528
ATP3.SG,-1.405985607302344,-0.055091348704246805,-3.046917721536142
ATP7.SG,-0.25846458650484005,0.18576185117972147,2.0653335885164994
ATP9.SG,0.48906485919017906,-0.39594436468003535,-0.0793708859183172
CB13.SG,1.0084768702994609,-0.2927364211016408,0.34772377356646755
bally.SG,1.4245768518311517,-0.14521283811461413,0.16177244733103702
rath1.SG,-0.344305522420483,0.5677051433774557,-0.3856694173893149
rath2.SG,-0.565261807182714,0.43296438550109656,-0.5802508247428099
rath3.SG,-0.545089564049543,0.3414657809105303,-0.353698596012669
ANI152.AG,1.128645778755279,-6.295577924762935,2.0292657250066592
ANI153.AG,0.2802602542448125,-2.203176798093611,-2.0261564197997615
ANI160.AG,0.5562693391028118,0.6865109166942156,0.7336112601147905
ANI163.AG,-0.7869998052754748,-0.27915739632859915,0.15786631304174426
Bul10.AG,0.6268105972679915,0.7740574191317062,-0.024401144542001527
Bul4.AG,-0.3400275784561234,0.06478133030955732,-0.5427031033673951
Bul6.AG,0.5741242793395211,0.5290300130256974,0.23942920767830583
Bul8.AG,-1.879033592555288,1.0366169511282741,-4.283385199337936
ANI159-ANI181.AG,0.3960968082475783,0.6959295810704432,0.9482696471927978
Bon001.WGC.SG,0.848014078338017,0.031201173646409314,0.4347660846877488
Bon002.WGC.SG,0.7755136294429307,0.2940834666030958,0.5882111359124957
Bon004.WGC.SG,0.8125409166091458,0.561866463997525,0.49772211669849553
Bon005.WGC.SG,-1.3796556426732753,1.716308911017676,-4.762158634676031
Tep001.WGC.SG,1.6097742132511168,-0.8821101024793689,-2.010251544738202
Tep002.WGC.SG,0.5281318726711943,-0.00749526032502781,0.7204278301216641
Tep003.WGC.SG,0.41451289139658193,0.45560928086872055,0.3613950061811581
Tep004.WGC.SG,0.6590195393344217,-0.02075470213734814,0.7566665106499229
Tep006.WGC.SG,0.6450987590704089,-0.03169806277914471,0.30106507030657653
Kostenki14.SG,0.10073490672497468,-0.6055627575764141,-0.5207667191444821
I0017.SG,0.11258980569584402,0.17403493458028282,-0.947212432945731
3DT16.SG,0.5391793452459818,0.31676909237229595,0.19416301218175727
3DT26.SG,-0.022127188243935423,-0.2803694952807541,0.1598498866127256
6DT18.SG,0.05349565904308563,0.10300949916348608,-0.08891994163612807
6DT21.SG,-0.34283281128605303,0.3520421113492776,0.4694132411094694
6DT22.SG,0.24265555510941655,0.7677454337152899,-0.3155329829477351
6DT23.SG,-0.26725507136188403,0.060037890507891066,0.24962773389196846
6DT3.SG,-0.41366714072461136,0.27071451882349795,0.303231936126131
M1489.SG,0.06844071206298602,0.19566305482709428,0.079628438791997
NO3423.SG,0.09927538225088493,0.8232540998031146,-0.14340658776092832
I0156.SG,-0.7992812599395296,0.25687700431336385,-0.20779482974124963
I0157.SG,-0.4107772238253345,0.6123841125692963,0.041667649897171186
I0159.SG,0.09846299271072319,0.32041789130978043,-0.6662426272871085
I0160.SG,-0.1854885792308465,0.6722411044754626,-0.24241465438018342
I0161.SG,-0.21285153644628593,0.5554508774587755,-0.19054783123443766
I0769.SG,-0.3544052471625773,0.4282113563966686,-0.1507893009353968
I0773.SG,-0.16744086131361774,-0.1927508382405686,-0.050252345670948766
I0774.SG,0.15562414579544384,0.1621755060872092,0.28573212261716696
I0777.SG,0.10227010481915207,0.01723183946619808,-0.12111989402517069
I0789.SG,-0.37876389539841127,0.12796714896471642,-0.337635591476408
Ajvide52.SG,0.41194927373275925,-0.02553516964856979,-1.0596793875474206
Ajvide53.SG,2.0726750488673735,-6.108363091757719,1.9175656397623815
Ajvide58.SG,0.18848288090015053,0.14069817978405574,-0.898090014407233
Ajvide59.SG,0.3509562652766347,2.8798993729795725,-0.16853679912494543
Ajvide70.SG,0.30849669001709296,0.1752122229511742,-0.9481368909234535
Gokhem2.SG,0.8511608934314135,-0.4473177899045558,0.24758913501031474
Gokhem4.SG,-4.619153359906276,-1.2136698540160074,3.573243180624836
Gokhem5.SG,-1.1657672999220807,1.9088126188077559,-4.70376876372474
Gokhem7.SG,0.24175328519333822,-2.1404019525339057,-1.2743508744443974
Ire8.SG,5.969413153628008,-2.3683916663717235,-2.7602242893460245
StoraForvar11.SG,0.27489619874349613,0.023359157925400036,-0.711441312209891
EHU001.AG,-0.38510231143960355,0.5212798355282227,-0.4201471253981589
VAD001.AG,-0.3712925046504583,0.5117317013608471,-0.4167545620180049
VAD002.AG,-0.3710561509342821,0.5143112228695877,-0.40126544325140645
VAD003.AG,-0.3654824425406028,0.5055344773511281,-0.40276829790427265
VAD004.AG,-0.36065720051188677,0.5337027109817548,-0.45026797344330677
VAD005.AG,-0.3907136613136384,0.517058258498355,-0.4129003962991004
I10166.AG,-2.4561725144870468,-0.28167938466231757,-3.232179802084704
I10371.AG,0.40174901428781373,0.9094647191471916,5.38820827943917
I10372.AG,0.18057106916060509,0.009514007727383412,0.5500972402096072
I10373.AG,0.4714583963266897,0.38810020758850805,0.29458691672976983
I4064.AG,0.5880528403961489,0.5545330115945196,0.49000503702530246
I10377.AG,0.2946858611233057,0.5860565621601996,0.45925408750621216
I10378.AG,-1.462964652641615,1.60955510216688,-4.692275085088842
I10379.AG,0.6071677379005787,0.4073799156887671,0.9642858961539654
I10380.AG,-1.8385525713879383,1.7593782735100418,0.09125657709984733
I10381.AG,-0.13587264684471295,0.313282766173464,0.3492353251653312
I10382.AG,0.0352376216274593,0.21763870860609263,-0.02046918454581682
I10383.AG,-0.045229939837209965,0.6361201922543563,0.5890849388958015
I10384.AG,0.055946420976257585,0.5766243930190362,0.8410613062526358
I10385.AG,-0.19807038041616482,-0.07283421048556817,0.6568482811223334
I10387.AG,-0.07337211400420221,0.17627871262434638,0.289722169554454
I10388.AG,-0.26576936747399277,0.745481104657174,0.7553162830770406
I10389.AG,0.2337297046202075,0.007343154489807238,0.04391652693185655
I10390.AG,0.1957041176344838,0.3782021995567781,0.6279190313722561
I10391.AG,-0.23286052905013854,0.610750293297674,0.510628935959492
I10392.AG,-0.22712115370574615,-0.052376354214618594,0.19918766198249896
I10397.AG,-2.1330563454668017,-0.31527778027977926,4.629483618548832
I10412.AG,-0.5332440993751286,0.19953281627478195,-0.2702468744285568
I10420.AG,-0.5180610216154503,0.5068239557998705,-0.24000452205693362
I10421.AG,-0.5141478643526083,0.3847086344892053,0.14988382794124241
I10430.AG,-0.5979277231548686,-0.43578326303649284,-0.8090513073984352
I10436.AG,-0.8829771854233615,0.3817289217279451,-0.2649236573443394
I10438.AG,-0.5687080456648467,0.8201356080675469,0.002913178388659549
I10439.AG,0.8819579116763977,-6.311890149281187,1.9969192806890301
I10449.AG,1.3288042438970673,1.5960690097032564,5.568871428347684
I10479.AG,0.5586485981831706,0.6304448752589163,-0.3692802713530525
I10480.AG,0.5582246175442642,0.5950537137995917,-0.6982802301045353
I10481.AG,0.474863853547532,0.7335041289114153,-0.1037522557989994
I10482.AG,-1.629621535924186,2.1100403883780796,0.027418085198679873
I10483.AG,0.5720324673191272,0.6036168143161281,-0.5867453034535528
I10494.AG,0.7955954759528531,0.3345295344206436,-0.6288167044906737
I10495.AG,-0.8675637924277033,-0.8076050767918626,-0.0661466473159016
I10502.AG,-0.028840113960966265,0.32771044264808125,1.8633064737027356
I10542.AG,-0.010311177923542659,0.29461244975241613,0.7235964368735602
I10543.AG,-0.15415047710952942,0.15247961151906617,1.9801278658891843
I10545.AG,0.09012361683192331,0.3942073007030519,0.736634848464981
I10546.AG,-0.006388229864304359,0.11702450316236535,0.2966944969415063
I10547.AG,0.08887231649579684,0.3123762428941469,0.902139983435844
I10548.AG,-0.3972366994479039,-0.07463557137938787,-0.20391588552003428
I10552.AG,0.4137780471452161,-0.5269991049535527,0.38946555725730625
I10553.AG,0.4129962445219012,-0.5130581056751733,0.33232117579462167
I10554.AG,0.45019189775277496,-0.37641230691906696,0.33382516659100575
I10558.AG,0.583703196668998,0.48894061793153165,-0.6154190823219403
I10559.AG,0.3603379455563988,0.47732045806126927,-0.4314787933079966
I10561.AG,0.43570247434186077,0.4205527285094075,-0.444331568423228
I10562.AG,0.5139830927951666,0.588892666246639,-0.42258829018058813
I10768.AG,-0.40177843008383657,-0.2719530970184341,0.0988690874663601
I10769.AG,-0.5748803669861585,-0.16931191380275445,0.4366118482308117
I10770.AG,-0.5007939871387384,-0.10640242675087509,0.5053752772923389
I10771.AG,-0.4205049935910218,0.0671726903963637,0.09230196235240024
I10851.AG,-0.5075707558862397,-0.1951150179543439,0.23945647076290796
I10852.AG,-0.005290562262881315,-0.1466685424925786,0.1111882159006343
I10853.AG,-0.2105877914172964,-0.5561182022076949,0.5230656981012608
I10854.AG,0.01479201655661831,2.8022319740897337,-0.20398496040162312
I10865.AG,0.7249736702941585,0.9416249035706418,1.7659786462137672
I10866.AG,0.13439404440962668,-0.5985523004275837,-0.18286747211043017
I10892.AG,0.22119044277399366,-0.030451624748324833,-0.03792259707395926
I10895.AG,-0.0031370469184122535,-0.5447657699584564,-0.19517908583398566
I10897.AG,-0.05954123348693007,0.13647687616959792,-0.03795895515110467
I10899.AG,0.4202851342140988,-0.4091808665347525,-0.6348329533851482
I11033.AG,-0.571975935093369,0.24100997832613305,0.4135682666710911
I11034.AG,-0.6763669868463589,0.251900786768278,0.2524424103378492
I11094.AG,-0.2859118178784136,-0.24075400622816712,0.08537703146581754
I11095.AG,-0.13129399297402083,-0.2580817637527163,0.07532226573139958
I11134.AG,0.1270992087698293,0.42232280709444975,0.8659299537540551
I11135.AG,0.32314547269986893,0.4655149086227577,0.45082663546359447
I11142.AG,-0.03827144454747869,0.6668348572721023,-0.35933802401051185
I11143.AG,-0.6267167302344999,0.43980746241076324,-0.0875233437985879
I11144.AG,-0.521053190739634,1.042159202452587,-0.23128507332229944
I11145.AG,-0.9580860628443467,0.6915827434289854,-0.1291324696205307
I11146.AG,-0.4328888420394724,0.5165674593178197,-0.6274089582585723
I11147.AG,0.03898449649936934,0.2909626778572051,-0.047698886191508624
I11148.AG,-0.09236644806095012,0.44630061573248775,-0.23072299969614787
I11149.AG,-0.049170411867447444,0.11079935576690865,-0.26989715815216275
I11150.AG,-0.38787400706742564,0.3916214526024814,-0.8288548445165035
I11151.AG,-0.15153694211763435,-0.135169816256189,-0.2011799651141504
I11152.AG,0.3230066635483258,0.5617423154157576,-0.696728801245827
I11153.AG,-0.6688133730500988,0.32904963044654123,-0.8716047632097366
I11154.AG,-0.7970826384972226,0.7761032754314032,0.22555148980224476
I11156.AG,-0.7445858019820412,0.5860623596041485,-0.006104178735924701
I11248.AG,0.7119255914127148,-0.6352867571770194,-0.30489556384438954
I11249.AG,0.8180475709145285,-0.7214861676366741,-0.3345997299954894
I11270.AG,0.6722654683258912,0.37682162687481846,0.5076756567003498
I11300.AG,0.7443394156226932,-0.4136433825661474,-0.623904251293197
I11301.AG,0.7589460872428533,-0.3547421477502932,-0.46019154034558335
I11303.AG,1.1038346222145345,-0.5512594533450982,-0.07651022582999366
I11304.AG,1.122930647014012,-0.619974326047845,-0.16676923793869125
I11305.AG,0.8527418444279291,-0.6895528930291337,-0.04931578712965138
I11306.AG,0.9057296835489732,-0.6407957978080192,-0.37730161266973394
I11567.AG,-0.5762927678170106,0.16270998451620472,-0.08008864056434899
I11568.AG,-2.375089080048506,-2.357714347757177,-1.9817255661217188
I11569.AG,-0.5734664872302749,0.7213436822618785,-0.6653946192459967
I11570.AG,-2.4837935151603165,-0.44833412512672294,4.490808578979702
I11571.AG,-0.6680592660731507,0.5621001884521896,0.11760687357671328
I11573.AG,-0.30922369565759567,0.7963273314555421,2.24830467528544e-05
I11574.AG,-0.15985583786509017,-0.01686965345200872,-0.1778908566881006
I11575.AG,-1.4639107661694326,1.5858139629201466,0.03306179731668501
I11576.AG,0.26833100171904983,0.5487091804283395,-0.5053164679207364
I11577.AG,-0.23332201923860474,0.3270663883082442,0.12547115434310208
I11578.AG,0.1135524733729318,0.2931312110666169,0.7040872469775833
I11579.AG,-0.21797533542182834,0.7718431793612723,-0.137934212484935
I11580.AG,0.6797444580527,-6.25891657935548,1.9274026394754986
I11581.AG,-0.2893578795673679,0.6065774434432526,0.04217711944950245
I11582.AG,2.81310255083878,-5.8004333555782,1.6820373686119976
I11583.AG,0.31443925469765055,0.5891378674042741,-0.49025537397963276
I11584.AG,-0.38373339260095957,0.1048535158350979,-0.6263647485120717
I11585.AG,-0.3697089523336878,0.4096561738495367,-0.2885330369991937
I11586.AG,-0.38368274378613215,0.16971844123090504,-0.8051644087468038
I11587.AG,-0.6470592281407386,0.017639187266931557,-0.019909085916982722
I11588.AG,-0.05756847213427184,0.20183330850755507,0.27550069377226405
I11589.AG,-0.0645061442417063,-0.2466556663123955,-0.1589930443706361
I11590.AG,0.06881248190796968,0.10229535105019094,-0.2273478091692172
I11592.AG,0.539817127722129,-0.4445246431107953,-0.31690604820589424
I11599.AG,0.5055887047818769,-0.5296119141073657,-0.33747246249230317
I11601.AG,0.9371984251057899,-0.40998173124377835,-0.40579724575884973
I11604.AG,1.0474982157706123,-0.01398077927862268,-0.38089711136223675
I11605.AG,0.6684264522615675,-0.7980752383264241,-0.3369050974081572
I11614.AG,0.5583995299539984,-0.4511257234186125,-0.27940357615486305
I11629.AG,0.019277019294190168,0.8250844557763036,-0.26119480021577984
I11631.AG,-0.20449505425642095,0.1602996419907787,2.1801418904031915
I11699.AG,-0.28465220351702203,-0.1645247045500097,0.3386331837234808
I11701.AG,-0.23968475748010878,0.017100252594329457,0.2144816913718398
I11708.AG,0.16211765327815064,-0.08075281902391286,-0.4265877062404378
I11710.AG,-0.3733267983869386,0.7803156691892497,-0.05759991524694966
I11712.AG,-0.17711017127619527,0.7063547741853275,-0.19671385802728497
I11713.AG,-0.6713649187626486,0.36158824806117096,-0.1993883098746876
I11715.AG,0.33049271357456567,0.653991317907461,-0.3045684291190681
I11716.AG,-0.016588597583929696,0.09317059017877335,0.4364757977104718
I11717.AG,-0.30866623775316593,-0.3115378622313175,-0.63000489710412
I11719.AG,0.11804140242210447,0.10923338233165698,-0.9913867012274291
I11721.AG,-0.40468684661748616,0.42441065464666666,0.6887443231237286
I11722.AG,0.01960816415904499,-0.15190790522321423,0.951480536159472
I11866.AG,6.147128889688027,-2.8439909208914154,-2.32107033927123
I11872.AG,-1.6021042673576915,1.4220825136612325,-4.567093747007899
I11873.AG,0.975477245828484,-6.3052961110047425,2.023136971492164
I11912.AG,-0.24163573268666233,0.18262483793609963,0.06392299351672236
I11949.AG,-0.9002524656542649,-3.123020893218189,0.3309830289263384
I11971.AG,0.02781510961780238,0.8184132952152897,-0.5127041405810823
I11972.AG,-0.1948139210150523,0.6819926906180902,-0.5892864155440598
I11973.AG,-0.5852591463696485,0.7763744882436395,-0.6377167012266068
I11993.AG,-0.2122422763368956,0.7098911516108838,-0.5214607808563332
I11994.AG,-0.7334582946841965,0.08027134801974053,-0.2678154951412868
I11995.AG,-0.18748648857076464,0.6428866769304789,-0.3461102935536275
I11997.AG,-0.41780000890170993,0.7106038892400492,-0.06847344508194875
I12029.AG,0.33258721721341583,2.872881778397868,-0.17399872577184367
I12030.AG,-2.4475833799427593,-2.3292161078565448,-1.949145907468134
I12031.AG,-0.24588978223957922,-0.4068962594690516,0.5406840113862683
I12032.AG,-0.021824397721797464,0.8613808245212673,-0.11676084154228683
I12033.AG,0.6882750921350609,1.1116725318535214,5.4528750790495
I12034.AG,-0.02831127740761052,-0.518413400899581,-0.2895720592153284
I12081.AG,0.06507859278718636,0.31025142873262085,-0.06192403615393726
I12082.AG,-0.06873036909010954,0.5544770251449,-0.6648757453746638
I12083.AG,-0.3382278759536184,0.34303528852790005,-0.23262870419026133
I12097.AG,0.5715088886015252,0.9736991573374069,0.3266654860295621
I12098.AG,-0.27823107459115126,0.3212991721706366,0.14358608348605073
I12099.AG,-0.28693605436938546,0.13450487435235223,0.5572801246020173
I12102.AG,-0.061292549954302486,-0.6056754880209859,-1.9927155440729518
I12103.AG,0.17369986107953078,0.36027755622565927,-1.0429649396045846
I12104.AG,-1.3272763071551466,1.531881386967547,-4.264058852411854
I12105.AG,-0.279721737129084,-0.17536776470300036,0.48643012266067986
I12106.AG,-0.30378557968293995,-0.14125213395656827,-1.0078507799067877
I12107.AG,-0.6028275811124948,-0.14322875569785667,0.2198083275559307
I12110.AG,-0.38984603100223697,-0.08483575871209825,-0.38516574332772757
I12162.AG,-0.4376218468976345,-0.11096364343866195,-0.08121416723826888
I12163.AG,-0.1990070561230987,0.8972899714844905,-0.19321422064375515
I12164.AG,-0.32588155424908644,0.2782802058221026,2.0491998133967573
I12173.AG,-0.8240727538853073,2.5356190731475388,-0.1239271077581759
I12208.AG,0.7273008241188306,-0.5439277206022917,-0.3260109438616409
I12209.AG,0.6256393261204154,-0.37590207011590476,-0.37082199756088996
I12221.AG,-0.11282011624898147,-0.008026399456589147,0.7552310464361262
I12223.AG,0.09760932675194235,-0.18057692331179295,0.2950207766347704
I12312.AG,-0.6889634122598959,0.3557207892315079,5.117524873529245
I12313.AG,-0.177296442236946,1.4030495509941694,-0.67621598888057
I12317.AG,0.9236123209343755,0.052644668526292765,-0.6896920260071873
I12410.AG,0.24079885716006316,-0.7016662302578526,-0.5448956122799166
I12411.AG,-0.48589528148962563,-0.03655777119626041,-0.2827990894849822
I12412.AG,-0.4567333439584282,0.44766488751214323,-0.1151115134656896
I12413.AG,-0.5282861988199764,0.20614902366011145,-0.24051374378103613
I12414.AG,-0.4398815363853318,0.163536494831958,-0.5077507831809962
I12415.AG,-0.29488751463887064,0.6049304584129035,-0.23186054746659934
I12440.AG,1.1669879861658496,-0.4324707189707781,-0.25229177478969506
I12510.AG,-0.5070481993109365,0.21758386058291773,-0.1978175539122969
I12514.AG,-0.051909994492993126,-0.43152546405895315,0.22938635854498524
I12515.AG,-0.09113611962561774,-0.41431614312314713,0.10056204925623277
I12516.AG,0.25369052401766795,-0.035143304057119955,-0.3921992222619381
I12560.AG,-0.17783001376427274,1.4084433859032985,-0.6682700682637603
I12561.AG,0.49223950096323166,1.0377481392640846,5.410994304570237
I12611.AG,-0.6849305110890951,1.5537529097607137,-0.23944480339956584
I12612.AG,-0.7491561686199487,2.56301889245108,-0.14123103370557955
I12613.AG,1.2011234789462704,0.8584036117101221,-1.7261662042932533
I12640.AG,0.36935259010554994,0.4470080870269328,-0.32838359342793605
I12641.AG,0.3842068164229286,-0.4970396133292818,-0.20239868497277416
I12642.AG,-0.048403833047684655,-2.3431454679817016,-1.1141624782977206
I12643.AG,-1.7103940043891255,2.0156584996144025,0.05366173534212684
I12644.AG,-0.03744384413769971,-0.6850368070293748,0.06699212678432419
I12645.AG,-0.24849214113858745,0.1951980132394091,1.981591297542695
I12646.AG,0.4560659791959059,1.2100430605791292,-1.1945900388942097
I12647.AG,0.0016871624075102756,-0.5522104775869139,-0.22528140687977
I12648.AG,6.16848178274361,-2.578436826557222,-2.5594232863981463
I12649.AG,-0.0290297216283645,-0.7092936793558766,0.016879542603503443
I12650.AG,-1.3383683612388801,1.5914743697086007,0.011757714878919825
I12770.AG,0.020175118057369094,0.46544440750128363,-0.586305333901124
I12771.AG,-0.2966914571816695,-0.2439482688406132,-0.1277450189046709
I12772.AG,-0.08245143450092225,-0.11363001408689259,-0.20020863397203023
I12774.AG,-0.027989561258317537,0.24665485425077938,-0.29111363113294225
I12775.AG,0.051261146801308284,0.4534644031944445,-0.07121231551011689
I12776.AG,-0.879142864857645,0.1789971199562451,-0.4667538522147726
I12778.AG,-0.5764655131619979,0.7368652273717213,0.19691927248287222
I12779.AG,-0.5171618188730369,0.6951890529838118,0.15003384182671956
I12783.AG,-0.25057139914642657,0.10579298649020147,-0.7239839715361598
I12785.AG,-0.37222983220193023,0.3315753164928859,0.5138915717277647
I12786.AG,-0.5853322756328163,0.6786842696956822,-0.16809950370614196
I12787.AG,-0.6592471238038697,0.1787560728241118,-0.37950841964245535
I12790.AG,-0.3385914457191869,0.9257065751866288,0.1641630470982416
I12791.AG,-0.4068136198337925,0.679681647846154,-0.4444157936925559
I12792.AG,-0.24175561722555242,0.8938892641826611,-0.057586711068026285
I12793.AG,-0.25997229740826433,0.9545233746541074,-0.08129980338968348
I12809.AG,0.29834910751305843,-0.4958059343646983,-0.24841688374434598
I12828.AG,1.9011771805560553,-0.31704312208606394,-2.16741663090317
I12834.AG,1.9220306298321175,-0.13557058740330527,-2.178093988002442
I12855.AG,3.8870549252406157,-3.335110788451154,-0.6924301277941101
I12877.AG,-0.13075478221686135,0.19263528250878867,2.142090988654741
I12878.AG,0.9724043229689019,-0.0013810071906466205,-0.4058179907912374
I12879.AG,-0.07312082172442669,-0.14117162467078598,0.25036739604894936
I12900.AG,-0.24337508271010416,0.6417911028714671,-0.4982420880764006
I12903.AG,-0.6037256870851242,0.7460735100147371,-0.37728422097580006
I12905.AG,0.23197057819738243,0.7178400771563375,-0.7029848063262119
I12906.AG,0.19038749586032047,0.5739310224837756,-0.20751789738169435
I12907.AG,-0.609051522830954,0.24565774870202917,0.3060873124364339
I12926.AG,-0.2133659522406851,0.9743662810663005,-0.5293458838590697
I12927.AG,-0.3809941136237701,0.2537273762741956,0.26879606342598794
I12931.AG,-0.5688700808964826,-0.27101189650163227,-0.4146043696224967
I12932.AG,-0.6981204445846997,-0.24199250254758925,-0.7268853308198343
I12935.AG,-0.6633615235767422,0.9161799022436826,0.1569243945488261
I12991.AG,-0.419274273672685,-0.3317026047641091,-0.9374415339516684
I13025.AG,-0.376564006966454,0.4254277845466101,-1.005769195113931
I13026.AG,-0.6610949428310686,0.49198634138698494,-0.5541178542575956
I13027.AG,-0.7630432948071546,0.5432616927207582,-0.9405077959049981
I13028.AG,-0.5273960014064694,0.22834876841120852,-0.7339968574174185
I13125.AG,0.3102732733172442,0.17556876168536498,0.26503320642805667
I13165.AG,-0.7780141123286276,2.5538275197111893,-0.13157296677096061
I13166.AG,-0.8387316353910566,-1.04833308718974,-2.5344611034014206
I13167.AG,-0.06824631908951234,0.84821494960557,0.36926664931870656
I13168.AG,-0.3083269289561451,0.8231560522098661,0.5562065857928945
I13169.AG,-0.1846916530313679,0.8845399454542463,0.46934363610027996
I13171.AG,-0.3856946026855223,0.7383106774596451,0.7216858644108234
I13172.AG,-0.1237741323512325,0.8540095848584853,0.5681248439599935
I13376.AG,1.2301801716757832,0.40740459744069574,0.3079720628377446
I13377.AG,0.5637779516258655,0.41343228572616236,-0.07229735458933392
I13378.AG,0.3679193736357676,0.04749997236623813,0.25017122869249453
I13379.AG,0.04587379415765332,0.49698216483662194,0.643431082038378
I13380.AG,0.312713101988616,0.2900084327755989,-0.02272708242063359
I13381.AG,0.2536981253002524,0.5424014648731328,0.5231017974577722
I13382.AG,0.039454208621359024,0.03926984887418018,0.3990739085486972
I13383.AG,0.541483712062712,-0.11037176116666435,0.40988361317571176
I13384.AG,0.5078028440262858,0.43328045907024715,0.6496274521267164
I13385.AG,0.383839890024715,-0.10121535094349553,0.4974955153717357
I13386.AG,0.348209826485498,0.1745567419565621,0.4854322092491568
I13387.AG,0.15800860228320757,0.33681272445737287,0.6273832909778668
I13389.AG,0.38623740888945696,0.3923908251524976,0.345302885890628
I13390.AG,-0.04420315051642157,0.5776228038996869,0.6517359681492999
I13391.AG,0.24860911936147853,-0.05703942354291735,0.5830941309747809
I13392.AG,0.08058586071302433,-0.18998751762561267,0.7308571349182268
I13393.AG,0.5741628472400898,-0.03093497245241193,0.4668548456646792
I13394.AG,0.6327769887376161,-0.09226231677596719,0.24978548381702173
I13395.AG,0.878617706657876,0.24352303751069954,0.9109235284792445
I13458.AG,-0.3937610181960107,-0.45073205237370867,-0.38984059021261525
I13467.AG,-0.6406255192984873,0.18547235254833688,-0.4957053669162522
I13468.AG,-0.7900648842532878,0.3576692271917413,-0.8143657699538698
I13469.AG,-0.8997973028762832,0.6938591466026776,-0.3756606859604594
I13470.AG,-0.41099834494501725,0.629293483065011,0.0016809147419563622
I13471.AG,-0.9067952135188642,0.23901809799852533,-0.3295301844629863
I13510.AG,0.04247472007316402,0.6010550103997804,0.19725393177790163
I13615.AG,-0.5949774851936201,0.0053991494974137775,-0.16890705105825576
I13618.AG,-1.8235589984267278,1.7503071152582157,0.0914508638607639
I13620.AG,-0.09047983051183295,0.35957367833150633,-0.06577403414849144
I13621.AG,3.3598922732870817,-3.2668815641692666,-0.9315793719254658
I13623.AG,-0.010240052319963309,0.01092295153435019,-0.391278410350375
I13680.AG,-0.9541216821970568,0.3677061906731906,-0.8000114277016841
I13681.AG,-1.542064487256653,2.189620131650547,0.0009966396183152813
I13683.AG,-1.618048247000898,2.1230375386505935,0.018962303402917522
I13685.AG,-0.29900472361458347,0.35848810439030215,0.02926087658889654
I13687.AG,-0.5283343590440381,0.592879154221435,-0.2891014551843296
I13688.AG,-0.6572148596052337,-0.4646526405664213,-0.13085744826376094
I13689.AG,-0.41918129529748016,-0.031734971235018956,-0.6072261655797333
I13690.AG,-1.6720779233664154,-3.5638811779756727,0.8799193581788964
I13711.AG,-0.7839790272520845,0.21356702285029117,-0.7261320640691568
I13712.AG,-0.4832515124537351,-0.21809841986730866,-0.7508030332772663
I13713.AG,-0.06144297896175157,0.6010056022403593,-0.3531351904327584
I13714.AG,-0.11209380107078634,0.6295974491511088,-0.47583136805650705
I13717.AG,-0.7579325408640982,0.530383322701793,0.18717370820102205
I13727.AG,-0.2754804426199356,0.2921390170207697,0.07049251606461289
I13728.AG,0.11406504772785692,0.1876069872108255,-0.7062796893219588
I13729.AG,-0.8644724848370254,0.3388179601847556,0.028001268962589625
I13730.AG,-0.32211115373592003,0.23327622468008744,0.059651453657805366
I13731.AG,-0.5766152546868957,0.6828626539315144,0.17845891126276855
I13732.AG,-0.3065362572058964,0.7397162033809034,-0.9036696053409833
I13751.AG,-0.41138349566162974,0.14661056136270548,-0.5287812432880042
I13752.AG,-0.5970985355043027,0.17074041333658452,0.08631723087394498
I13753.AG,-0.24239645952604255,-0.15563002839540757,-0.23786570871435236
I13754.AG,-0.41547213855220505,0.4621236722460678,-0.03653804123751736
I13755.AG,-0.7963943380556792,0.5894063211931753,-0.06671432113716143
I13756.AG,-0.545025518961095,0.024068595545844357,-0.34950177509201663
I13757.AG,-0.4354292534691482,0.3839686271308667,-0.09906440783628713
I13758.AG,-0.27812543122919026,-0.2170092877752018,-0.16555832281021476
I13759.AG,-0.4609199519375418,-0.04596838536376244,-0.2282992945915232
I13760.AG,-0.519951914804554,0.05717393086354226,-0.018063540562465303
I13775.AG,-0.13177841549957356,0.869577052043456,0.4050414145008635
I13776.AG,0.19811661006787137,0.28282661403851705,1.9426788363750562
I13777.AG,-0.2214334516316633,0.8590505007559405,0.5504153120185135
I13778.AG,-0.23005155556906023,0.8353091581948263,0.5245091733048688
I13780.AG,-0.27679179894731465,0.0897185498760134,-0.8171605480545828
I13781.AG,-0.13309717738422513,-0.2613532533249824,-0.40775928727975
I13783.AG,-0.4032284738935309,0.17127362145723032,-0.23533646057979385
I13786.AG,-0.1677176911207921,0.145681950629733,0.6509328236770529
I13787.AG,-0.010545232095994532,0.156042259464892,0.04969712261577075
I13788.AG,-0.6462668994816971,1.1589531654283234,-0.45975695806624045
I13789.AG,-0.0678178879229188,-0.3275829398502505,-0.34336309055913306
I13791.AG,-0.46434895931751324,0.4522427070629561,-0.7053291868039352
I13792.AG,-0.8412353366201675,-0.15762916160932972,-0.7456539250261681
I13793.AG,-0.060867520413169944,-0.23904576197807362,-0.22932026603111805
I13794.AG,0.06992758743215385,0.7186658703885687,-0.3008709472482164
I13795.AG,-0.5431276074517707,-0.34067898235692184,0.11519720367771961
I13796.AG,-0.691218568143361,-0.1928185922183752,-0.3315960033380926
I13798.AG,-0.8551801348467264,-0.32659087138546883,-0.5306059030759406
I13799.AG,-0.3815365918285745,-0.01142248780992687,-0.8351434964083074
I13838.AG,0.3355693766513439,0.14337677085537937,0.33128104107228296
I13839.AG,0.20378279689188697,0.2870530747055233,-0.09802232700864935
I13840.AG,0.542984403115651,0.19930498494069682,0.4313489233647476
I13861.AG,-0.27096592215156856,-0.35169425879621585,0.04226953945654307
I13862.AG,-0.09650418262842778,-0.5495740805922362,0.12214314679103411
I13863.AG,0.03142348960925705,-0.18317061926734277,0.07747876307661677
I13864.AG,-0.14177051034897736,-0.44768424381849065,0.2449620545855352
I13865.AG,-0.08981469991696124,-0.3514213635019372,-0.07123274534116532
I13866.AG,-0.4678315668058485,-0.2710649281068195,0.12324073998920405
I13867.AG,-0.010957197007022043,-0.3866401625953305,-0.055192185381603476
I13868.AG,-0.6188228593766808,-0.06912449600223103,0.16265932763701885
I13869.AG,-0.5090020061596359,-0.301849976390133,0.043904542914624124
I13870.AG,-0.11350862260360929,-0.1474764906622101,0.0659579862053453
I13888.AG,1.1332385185029052,-0.5394515298680872,-0.22966230531007573
I13889.AG,1.2095202654167811,-0.10438233718290767,-0.3060962489899911
I13892.AG,1.1503859142299235,-0.6162164162782044,-0.19366536994293834
I14088.AG,-0.06258824509363403,-0.09203368525657461,-0.13184432269262555
I14089.AG,-0.15809781972809364,0.4745424921909964,-0.3581618671129983
I14090.AG,-0.5756561433798769,0.3134762519190717,-0.44094693888543623
I14091.AG,-0.08692268573371978,0.3161176211865453,-0.47858522465870035
I14095.AG,-0.20783980570177313,-0.24993643654421602,-0.47281122207532655
I14096.AG,-0.31287178188403886,0.8443542770431258,-0.9119822453456894
I14097.AG,-0.27386395028347477,-0.027308465946559852,-0.501711195494614
I14099.AG,-0.6411032961450457,0.32528056256567234,0.11205478277054397
I14100.AG,-0.9124471328167115,0.3923073914013663,-0.5184101015884423
I14101.AG,-0.3346295332385732,0.2088855547931494,0.1749040893634685
I14102.AG,-0.37438156562848557,0.8619691225678766,-0.31502334861771064
I14103.AG,-0.3493352874134481,0.6697514437037477,-0.3720630157419013
I14104.AG,-0.7808420004426331,0.015093666587423168,-0.13651348481465025
I14105.AG,-0.31235490431420543,0.2333900483492364,-0.25111415184197633
I14106.AG,-0.36244433363526185,0.27938275423936276,-0.16502842020029915
I14107.AG,-0.4928585137012122,0.6079738080473768,-0.0659904914885447
I14108.AG,-0.308658506180476,0.23935872625379767,-0.2629198754555256
I14157.AG,0.5727259869780629,0.6197722524222862,1.074692063069872
I14159.AG,0.24670431934367176,0.22239105562518466,1.0469542635828144
I14160.AG,0.503955461592713,0.4651573928253774,0.5148958814335401
I14161.AG,0.496689377185258,0.48938063164960605,0.7926374139269673
I14162.AG,0.16170986867727122,0.32580943889143976,0.6229106704498629
I14163.AG,0.9349729157735948,0.40030570116455577,0.31878158763121944
I14164.AG,0.17271548876279205,0.3427264156747583,0.48322271303126824
I14165.AG,0.13608663335393031,0.29351350921729497,0.6005385477652639
I14166.AG,0.4038894045171636,0.6615125443661484,0.9402876951119873
I14167.AG,1.2817196660445098,-0.026112415639984,0.11896214506594105
I14168.AG,0.9135129977950871,-0.06762027485380855,-0.36591876920189104
I14169.AG,1.1933280855343378,0.17842493424061562,0.5616227931667096
I14170.AG,0.5641978071754455,0.20813619591416657,0.3935949135957413
I14171.AG,1.2892604457836307,-0.005476843258637194,0.14402179672234966
I14172.AG,1.1017102456385977,0.2773228149967563,0.25325292050135806
I14173.AG,1.1580062408694254,0.2759708673478879,0.14044116912642493
I14174.AG,0.7737682379937963,0.3718517211518427,0.44981967445025567
I14175.AG,1.1316808974264074,-0.0523706563207799,0.219904316926418
I14176.AG,1.0728152377360713,-0.15561375612542466,0.2591035472229188
I14177.AG,0.5151246044878216,0.6388443551610905,0.48926765048012105
I14178.AG,0.5263167545806097,0.9385941340780624,0.8500567794557333
I14179.AG,0.8693060488602165,0.33577199222918164,0.7203843617209397
I14180.AG,0.18261111207782518,0.3950120552933251,0.571064471215756
I14181.AG,0.34184955926571514,0.23170220401194125,0.8000038121484323
I14182.AG,0.4435980130884231,0.35626532814912143,0.76013212754268
I14183.AG,0.23869319477951897,0.40868696317019443,0.5296647854413539
I14185.AG,-0.36379564830483857,1.0821282242063497,-0.5603585411685241
I14186.AG,-0.9075466013770778,0.7888725401311992,-0.8711718372094595
I14188.AG,-0.8997270173819756,0.83393726072805,-0.40356273591003533
I14189.AG,-1.125111948016064,0.37386588954272076,-0.8238679049954355
I14190.AG,0.7418093430037074,0.30581347996065966,0.7623795354663665
I14191.AG,-0.44974447045629473,1.0725688591770244,-0.49612990323251216
I14192.AG,-0.00999145792585794,-0.26793247518364627,-0.029947233135807726
I14193.AG,-0.41338570610073877,0.3957467391194732,-0.8562373149511546
I14326.AG,1.3873204323592652,-0.25740835046864946,-0.3093148333284958
I14327.AG,-0.43311755123750345,0.6490915470099853,-0.026736498939280196
I14347.AG,-0.2896719751292825,0.08669073122066691,-0.20936108265524753
I14348.AG,-0.12899924627939327,0.17916061483510945,-0.529679848091875
I14351.AG,-0.8953635574631306,0.5091240447924426,-0.16175413840135616
I14352.AG,-0.7596444663228471,0.5284805169213989,-0.18743099831505794
I14353.AG,-0.9497751047650934,0.4970447670981814,-0.3710614783941412
I14358.AG,-0.13390253979907282,0.3702455635484274,-0.3899833263532501
I14359.AG,-1.795368929494294,1.1648942238781335,-4.3773107117254035
I14360.AG,-0.008223387479523003,0.48429824065512267,0.07184508010827449
I14377.AG,-0.8024479893620378,0.33521851100089034,-0.8438327158846388
I14378.AG,-0.4619775982950162,0.23297627002163374,-0.41725329429619556
I14380.AG,0.13630503446713907,0.6674645775797348,-0.755757530993746
I14381.AG,-0.9737580635993943,0.7406248978891397,-0.5655430625394375
I14445.AG,0.9507784359660941,2.942621628575563,0.10527618312818642
I14464.AG,-0.6789842899307181,1.5613319837066888,-0.2435945210239829
I14465.AG,-0.016838372049087814,-0.6143073975368519,0.6161079764842758
I14467.AG,0.6417626855052354,1.1159613549348095,5.441668882774815
I14468.AG,-0.11315720863267419,0.37599757620063,1.8849971667762935
I14497.AG,-0.3370073727187981,0.5946034165332439,0.4182351187764975
I14498.AG,-0.03231964166273202,0.927129270162054,0.3881624155254149
I14499.AG,-2.9570511355178746,-3.946862946481959,1.420755792112548
I14500.AG,0.532245165980115,0.012821097532177334,0.08086930670925055
I14501.AG,-0.33729530061414686,0.3140136510196876,0.864636920325992
I14533_d.AG,-0.38802576201324657,-0.4103071973856599,-0.289082386003297
I14534.AG,-0.024529686826870213,0.9144051586615766,-0.16311377882801018
I14535.AG,-0.4913239351842286,-0.23157743830654876,0.2629326490839936
I14536.AG,-0.5486928651536923,-0.19243916371006595,0.027526695344214862
I14538.AG,-0.29205713443216036,0.34813866324697557,-0.09062169728803206
I14539.AG,-0.12582047369519697,0.24537809975653196,-0.7374362355484806
I14540.AG,6.1448547703275835,-2.8479585443450817,-2.322582066293352
I14541.AG,-0.20710223949555936,0.8308302082052379,-0.06540666174304308
I14542.AG,0.10608011391425708,0.3697486594929671,-0.451135061424346
I14543.AG,-0.010572881080358426,0.35130510856328556,-0.32605950581899185
I14549.AG,-0.3351275626149651,0.10602340349281221,-0.1915625396006372
I14550.AG,-0.24929692346113363,0.3661862344903669,-0.4433296168131365
I14551.AG,-0.8039838955209424,0.38747407463754197,-0.4968194904497655
I14552_d.AG,-0.23996570666352157,0.2886939872956371,-0.22133453945335593
I14553.AG,-0.5587133832928949,0.91935249125359,-0.7706768705341364
I14585.AG,-0.8130718409394162,0.8919152584535499,-0.46087779464341544
I14586.AG,1.0620445373004772,0.37949530042288093,0.4732425191852414
I14599.AG,0.6833925508817835,0.602490952208252,0.22311865055315286
I14600.AG,0.48658466935626704,0.5998683766607474,0.36533147322800225
I14622.AG,-0.22791963461340978,-0.11033905487553777,0.29025728155637837
I14627.AG,-0.16890022736731392,-0.0025174201438434175,0.6054003760918619
I14635.AG,-0.7911212219059564,-0.12382126400995598,0.605439695320004
I14636.AG,-1.9502593943111848,0.9234683133138221,-4.199848682032883
I14644.AG,-0.695985787016498,0.14301925289483564,0.36592700426031
I14645.AG,-0.6018689087177173,0.14858913479110678,0.4539342092212177
I14647.AG,-0.7332652757946707,0.07137135159271411,0.5267999440501643
I14648.AG,-0.5073441879046542,0.2002648019387002,0.4545440905473509
I14649_enhanced.AG,-0.601029817137305,-0.2015006849356712,0.45218375519431975
I14650.AG,-0.6711279621162823,0.17466607992849773,0.4753464744661583
I14651.AG,-0.8026078130156654,0.17923475292330637,0.49181612889932863
I14652.AG,-0.5095579494344703,-0.10099507587853405,0.47069877715658354
I14675.AG,0.8099261516585717,-0.5787312039188127,0.2589324458026829
I14676.AG,0.8017229905324208,-0.5906133777755611,0.4137180821112234
I14677.AG,0.48129923967502847,-0.4904973425244914,0.31110430695921576
I14678.AG,0.5231532683584058,-0.4253781887643937,0.3157546071179816
I14686.AG,-0.14352532284644032,-0.20574599450030834,0.3990118505636831
I14687.AG,-0.07572219394271311,-0.12915023887340019,0.3667097698373989
I14688.AG,-0.22621428535719443,0.4665523426720969,1.0937645493106012
I14689.AG,-1.0982804641653126,0.2845610399785037,0.20254676788777734
I14690.AG,-0.08148790993366178,0.496877791716742,-0.009720601771587135
I14691.AG,0.058961215106215374,2.8173294719459703,-0.20125353715073813
I14692.AG,-0.08476844006181283,0.22633843412171917,0.5156699667491315
I14730.AG,-0.5037823613342642,0.20609884815076765,0.4919905061623129
I14731.AG,-1.320205067644882,0.0024421728429610454,4.9126387039840616
I14733.AG,-0.2202581561930832,-0.03979831589374326,0.11519844421664045
I14734.AG,-0.4470151988727288,0.38592593699404026,0.09952195606088796
I14735.AG,-0.5312575001868804,0.1300377844133026,0.13965914659083067
I14736.AG,-0.19408386594086333,-0.5243856117324684,0.06250724669976399
I14737.AG,-0.058726702953110534,-0.523613111521275,-0.12021151555433794
I14738.AG,-0.289388047926643,-0.3072358897791074,0.06265331781475587
I14739.AG,-0.2299516768842325,-0.3616882608770435,0.18417445692592777
I14740.AG,-0.21156306499459085,-0.16667968474886224,0.0005644617785653393
I14741.AG,-0.15871105975296135,-0.4261673004553391,0.2238686006045274
I14743_d.AG,-0.7246641217547863,-0.28675703655611423,-0.5793272595172632
I14747.AG,0.11202422738066214,0.7267541847080946,-0.21017096509031827
I14759.AG,-0.310700610767265,-0.2308609340047393,0.3875980370696066
I14760.AG,-0.4651351066775738,0.03773880046571637,0.3812007941000265
I14761.AG,-0.5828858721056573,0.048022381579952506,0.5912045434091885
I14762.AG,-0.2337616042253002,0.02907591511928612,0.568989614949747
I14764.AG,-0.8811673480695698,0.09322650383391037,0.21455878594452854
I14765.AG,-0.1837802817905611,-0.13017850560371372,0.4120884749856652
I14767.AG,-0.43691542450157256,-0.0658214219110018,-0.010393456434219184
I14782.AG,-0.37140173030174267,-0.11156167009873172,0.6367925106930643
I14784.AG,-0.2588297011345381,-0.2838157835173437,0.5846140122266805
I14785.AG,-0.2962610103389768,-0.2578986305210204,0.3663013583843718
I14786.AG,-0.3017208259944108,-0.0674772920881212,0.39294327384380645
I14787.AG,-0.5939749087726437,-0.7984565605456643,-0.0007210750854922752
I14788.AG,-0.31425092327024373,-0.23933675205079327,0.46221272570053845
I14789.AG,-0.2637973070810909,-0.07232109285355728,0.4617394801788617
I14790.AG,-0.4856155864190812,-0.3364500974038094,0.008675024678347616
I14791.AG,-0.3989848252895587,-0.18327348244493916,0.12768948521149467
I14792.AG,-0.16795823469730561,-0.023492247878944585,0.5007505950203057
I14793.AG,-3.7764455589210715,-2.312858056517093,-1.3210707899440846
I14794.AG,-0.33322309809253225,-0.22115719088342845,0.5144037788180891
I14797.AG,-0.23961874259006663,-0.1729355364174203,0.5293576902057412
I14798.AG,-0.34575351298930224,-0.09746641757504063,0.5293638878236226
I14799.AG,-0.15557715732022068,-0.2591208266729957,0.7087850102619022
I14800.AG,-0.321204057487776,-0.026086664416804482,-0.4797103551519767
I14801.AG,-0.2539916584847175,0.5018124697099116,-0.5950391882948596
I14802.AG,-0.3988818256811761,0.7999268906862608,-0.7818531684092926
I14803.AG,-0.19756056979144326,0.17477013189435978,-0.21147720783057133
I14804.AG,-0.3895762776832168,0.7308810841971664,0.16535984005340712
I14806.AG,-0.30510612707354334,0.36610400615483923,2.10321304938815
I14807.AG,-0.9289604043530709,0.6115133381653567,0.08702765912854644
I14808.AG,-0.6647486510130408,0.1520462067830322,0.11434857334436549
I14809.AG,-0.05512860204638041,0.8712812210042111,-0.5722589873830455
I14820.AG,-0.5345579178987858,-0.028637209123142354,0.5122039599038639
I14821.AG,-0.17093810365468962,-0.443940210378974,0.27016953335466076
I14822.AG,-0.6102995847470739,0.25972966378873596,-0.15199791052048062
I14823.AG,-0.3829162882478305,-0.04393587332526267,-0.26440675808043396
I14824.AG,-0.38816792382025944,-0.1452824213459204,-0.14276573182112884
I14831.AG,-0.8240945247581788,0.17656947586313204,0.5653530475987057
I14832.AG,-0.5311161570364838,-0.21993901809299365,0.6545413431280748
I14833.AG,-0.41988237078107843,0.011684076693414017,0.89644346075904
I14837.AG,0.07317190532995028,0.38618559118703943,-0.4355421502062861
I14839.AG,-0.07686248743056862,0.1745959471571855,0.29326833373136857
I14840.AG,-0.41319733766551847,0.8725690555615264,0.35762227984982337
I14842.AG,-0.1686299213584762,0.19432910785498872,0.9726159674356079
I14843.AG,0.14158989534220237,0.11302471070490486,0.018695037442586576
I14844.AG,-0.42909869464049133,-0.46641671197721746,0.5034657316658552
I14845.AG,-0.07654405670910044,-0.30917324369578525,0.6908296056597953
I14846.AG,-0.7522931305062982,-0.13289378124175671,0.5034124780855612
I14847.AG,-0.46836223745035355,-0.5551357065683323,0.45678934912211344
I14848.AG,-2.4189536092871364,-3.6365487330342305,0.6440956580286264
I14849.AG,-2.665670663163903,-3.8914435093215394,1.43603544750803
I14850.AG,-0.5805864984196558,-0.36528918832702106,0.5675154338860814
I14851.AG,-0.08184175087216965,-0.20554217001345818,-0.05857888216185627
I14852.AG,-0.020192651941908134,-0.617608851158047,0.3980469217641588
I14853.AG,-0.5527385512255304,-0.37398308282792875,0.5468729417385243
I14854.AG,-1.910559200320662,-3.6563461975671148,1.03514899103096
I14855.AG,0.7401384625764025,1.170765586460052,5.460967066114558
I14857.AG,-0.5889846349180002,-0.1022658148213572,-0.5725493268681293
I14858.AG,-0.494490077522761,0.6135472077007763,0.051158131635124865
I14859.AG,-0.08958256231034144,0.4612430601123537,-0.5361953689135546
I14860.AG,-0.6370895260563506,-0.022563123704186748,0.101125327081445
I14861.AG,-0.3333467448728256,0.4373438484731978,-0.19554971859044123
I14862.AG,-0.6166812343192178,-0.35158908683286544,-0.02140617318455688
I14863.AG,-0.9614970463506531,0.10935772270636221,0.024163601562531906
I14864.AG,-0.2862391649201133,0.34453003382567615,-0.47579192682557736
I14865.AG,-0.5278545700479083,-0.3051885199080361,-0.5071769334375692
I14866.AG,-0.35085292827860576,-0.35743998289283274,-0.2471387376106649
I14872.AG,2.5145875521905956,-5.233446644899691,0.5335335758181273
I14897.AG,-0.6412672842883439,-0.4348991096102256,0.5286722413193301
I14898.AG,-0.5635250741198956,-0.27503078145655296,0.5295735818581409
I14899.AG,-1.2668919628894,1.8483963595576967,-4.839049118684575
I14900.AG,1.878016199112006,-0.42479220749727703,-2.152327197416326
I14901.AG,-0.1942661954042303,-0.025293162153094448,-0.05606339082577695
I14903.AG,-0.28575634794492666,-0.40696074354785927,0.004784986781675038
I14904.AG,-0.6324651608833055,-0.42252603091638197,0.15468130646680714
I14916.AG,-0.044160625073670516,0.0006366552870112641,0.5062397576631821
I14962.AG,0.7045891057249347,0.17147366381447748,0.5576746464501285
I14965.AG,0.6171496773764682,0.6918982263482512,0.9517145970332358
I14980.AG,0.33505250563747285,-0.02495688153190689,-0.2386193272632046
I14982.AG,-1.5671319383925761,2.170269634599706,0.009439243985181407
I14983.AG,-0.14316543412519686,0.4367011391469395,-0.5276981366712725
I14985.AG,-0.014689957547365778,0.8756794466698641,-0.43055047356828957
I14986.AG,0.03773731978312622,0.49002582409034207,-0.32886789490249557
I14987.AG,-0.5275694623045075,-0.36090756751637526,-0.255370682643051
I14988.AG,-0.17836419445392426,0.5988840707076906,0.0225755642367183
I15027.AG,-0.5360624092726501,0.726182703078009,-1.111951848448888
I15028.AG,0.6474323632194744,-0.45708105782376757,-0.38180988525167286
I15029.AG,0.8656965916786243,-0.6263025969208378,-0.20421035754981906
I15030.AG,0.6604369109024949,-0.20030955430975758,-0.22988181413651582
I15031.AG,1.11262613141289,0.0266011437202044,-0.15329236286126086
I15032.AG,0.7475628111694329,-0.42282870127541344,-0.27599806240057967
I15033.AG,0.5316712601501635,0.7250680427941814,-0.5066542749220966
I15034.AG,0.8083439735666258,-0.20803917054466367,-0.2595930948169582
I15035.AG,0.8999701596720412,0.04444131127240635,-0.34685393875626847
I15039.AG,0.026395176069980944,0.11680401111697361,-0.5566462113399012
I15040.AG,-0.4547230030954752,-0.0650892716094384,-0.306265138655606
I15041.AG,-0.5266278479736867,0.8392668197388716,0.41439128272375675
I15042.AG,0.16377915145565083,-0.14091633010336546,-0.4036783916418328
I15043.AG,-0.20279061689656294,0.5564819555809397,0.15110752347801656
I15044.AG,0.00388338414853868,0.25385545057019504,-0.7081247368792821
I15045.AG,0.15256888136593,0.24026923233937578,-0.0764204576593765
I15046.AG,0.35174907727507315,0.19334143216826893,0.14389346590279276
I15047.AG,-0.11322680343950511,0.1004848993337865,0.2766300979419699
I15048.AG,0.30292552371150444,0.17171415054081676,-0.11896395820057608
I15049.AG,-0.2514950362050049,0.40550701788942034,-0.8341731591305196
I15071.AG,-0.28888989928732794,-0.28486603325973264,-0.24228668337381712
I15073.AG,0.38079331638818453,0.4680038868043666,0.49389511728299945
I15074.AG,0.5355165128379362,0.29784518038559676,0.5996500223526964
I15463.AG,-0.10717902188777292,-0.21710567232109748,0.2011376411093156
I15485.AG,-0.32472416594847797,1.4625447272169387,-0.5260106798336345
I15486.AG,-0.47347583230444723,0.031132954540242928,0.2510087849340682
I15487.AG,-0.43159132625963664,0.17497803031119588,0.8592943457622478
I15488.AG,-0.508610553744953,-0.06848463067728908,0.7462053410311186
I15489.AG,-0.49858803433153676,-0.45450211715060673,0.4714216647100729
I15490.AG,-0.2980810862551485,-0.3379651849778672,0.6596788399714629
I15491.AG,-0.25848740901719497,0.19593983359323758,1.8991145967933938
I15492.AG,-0.0029335570213542875,0.3768797077151765,0.7713048749455778
I15493.AG,0.9963376163080018,0.9934625526512947,-1.5812111705518292
I15494.AG,-0.3159931984877373,0.5262895580767198,0.6334367284052487
I15495.AG,-0.29170113769394745,-0.3457184606140151,0.6502967793438204
I15496.AG,-0.15233973202380502,0.06397461079704232,1.9997300234501076
I15497.AG,-0.5320232784313723,2.633451970668383,-0.1609274979002255
I15498.AG,-2.85911940707432,-3.946948696146239,1.4901435966227876
I15499.AG,-0.21801807961986375,0.22868469400438035,2.0180014978623544
I15500.AG,0.13915044871902657,-0.3683599996452647,0.8754480804231286
I15501.AG,-0.3805845851349182,-2.5496695579309936,-0.9219625617209112
I15502.AG,-0.4703399521475571,0.016373852280141512,0.5636332420985718
I15503.AG,3.4794387925056385,-4.738790062551553,-0.3345874476324737
I15504.AG,-0.16143440742168716,-0.23243088823160363,0.7177997257018857
I15505.AG,0.3157171454245116,2.8739482767729414,-0.18044457942411132
I15507.AG,-0.3666167484176957,-0.31051542133013765,0.7114980198733425
I15508.AG,-0.17663437102061166,-0.3210781279845931,0.7070864500309044
I15509.AG,-0.18870338686940286,-0.15260258595462262,0.8868775996484068
I15510.AG,0.25602116269155084,0.3768781231101011,0.09622719319087154
I15511.AG,-1.480131792547715,0.9216554781806644,-3.717154489865118
I15512.AG,0.6051572564471868,1.1575071849207277,-1.30548538807733
I15513.AG,-0.33969348498610336,-0.013880518633652791,0.6614147941974673
I15514.AG,-0.7131179404701762,-0.04105008460958361,0.4927303097744078
I15515.AG,-0.08268739394362166,-0.14171006600115493,0.09991665462964261
I15516.AG,-0.4629166564035094,0.5953414032527288,0.15870695624287293
I15517.AG,-0.1611659570808624,0.18097295157123613,0.8726528836550943
I15518.AG,-0.085492967319669,-0.2219121118236393,0.8071457355078545
I15519.AG,-0.13412965742904975,2.763209679846897,-0.1955219444350432
I15520.AG,-0.9489567056161692,0.34091965054683887,-0.11767241002607622
I15521.AG,0.07461783006673468,0.09740370628309716,0.6947535836461165
I15522.AG,-0.6572041043262663,0.30726704380963,0.5078616328629446
I15523.AG,-1.5008165474167907,0.7118047856728882,-3.5545136721689845
I15524.AG,-0.5209958169610374,-0.08749358546958032,0.6932765327599316
I15525.AG,-0.27874598909095544,-0.6130129016371548,0.4875769942802311
I15526.AG,-0.30096278427072054,-0.620046137154651,0.8003574346494441
I15527.AG,-0.27733777722077424,-0.08524916031979922,0.32356101515612884
I15528.AG,-0.5458756746450378,-0.19287844910219987,0.7703477512309993
I15529.AG,-0.4578709128098506,0.3714229225977661,0.3818136326700865
I15530.AG,-0.1717495578408249,1.414786903027049,-0.6640786513368254
I15531.AG,-0.8231785507520212,0.2637218096429006,0.1679137484935107
I15532.AG,0.041954027536536376,-0.4308799171053712,0.8498495815787237
I15533.AG,-1.0610833861786002,-0.2370806115956004,-0.13363264363816163
I15534.AG,-0.19033820754393901,0.35328166440249364,0.5243396821927766
I15535.AG,-0.6689681119511718,-0.29990589979242316,-0.1674787793945312
I15536.AG,1.9157380326527909,-0.1561108633227729,-2.175859219813563
I15537.AG,-0.29633336333631904,-0.33933841976663565,0.082370262050926
I15540.AG,-0.4328016179553775,-0.08508973315352689,0.2515124066643513
I15541.AG,-0.544599662605556,-0.5261810535427183,0.3387631798705767
I15542.AG,-0.20030586202355685,-0.5209407714392035,-0.2210162948064756
I15543.AG,-0.28415371289701064,-0.07298338741059382,-0.29223618324549355
I15544.AG,-0.40430249518551264,-0.37615320246341793,0.6423697533627016
I15545.AG,-0.9725343885061676,0.03067024512251596,-0.002622103062971379
I15546.AG,-0.38571812377482306,0.20908034033721304,0.9157133414956489
I15547.AG,-0.031731766702843466,0.3463338245203875,1.7821494717394475
I15548.AG,0.1687870434269661,0.7788604593248196,0.25068856579108706
I15549.AG,-0.29966931149662,-0.14499020002188073,-0.7334963188318194
I15550.AG,0.1372419194303791,-0.5733962387397724,-1.9330726797676159
I15551.AG,-0.7746787939932446,-0.1632845013497195,0.48728395832408283
I15552.AG,-0.46321331273862565,-0.16045411009131103,-0.1528763665103379
I15553.AG,-0.26751985506599957,-0.35028267814694447,0.7490118223630405
I15554.AG,-0.2476154167008354,-0.27245195372988146,0.8022843739786192
I15555.AG,0.0015752353541262742,-0.09774101688199908,0.40385154947144697
I15556.AG,0.19298146981448513,0.517873479425014,0.6275234337671031
I15571.AG,-0.1488767517696997,0.2031411974575284,0.22250454243971987
I15582.AG,-0.3412850321692594,0.6374201592749387,0.3040084653093914
I15617.AG,1.250835056109523,0.4994237737650337,0.2834374764700338
I15618.AG,0.8679767802588094,0.4812258833660621,0.2582526623676859
I15619.AG,0.4830035124428782,0.10559809584977103,0.16230857949368654
I15621.AG,0.5989251956042245,0.7893664695484,0.7330083061521715
I15622.AG,0.29982955054243743,0.8822735649623015,0.2763144632855109
I15623.AG,0.17441686892314942,0.457191415759456,1.0800277002304737
I15642.AG,-0.6592454152988014,0.31154360928034297,-0.8680833968489918
I15643.AG,-0.3775585387123129,0.7399019724659933,-0.5068933945245974
I15644.AG,-0.8440062367224568,0.8865337998631638,-0.40684561431726396
I15646.AG,-0.36281143327304727,0.806248049351344,-0.546622626352354
I15648.AG,0.9729787199843525,0.31569047055301536,-0.2928104301327188
I15650.AG,0.9928573999940301,0.406416325696474,-0.16381364385364777
I15705.AG,0.44387999544213325,0.8560938494692236,0.5557005204317463
I15706.AG,0.1615141046122057,0.2215354288071689,0.27816715476418225
I15707.AG,0.3244579707793774,0.3434841848096546,-0.08246101426610236
I15741.AG,-0.11508662571561977,-0.21150673413184712,0.2020468654004663
I15742.AG,-0.39221652300807774,-0.5850916990542354,0.09373832300238277
I15743.AG,-0.3399737171865973,-0.1540998833746942,-0.07518466233527984
I15744.AG,-0.09347279893587793,-0.20342601601266716,0.1204111742338934
I15818.AG,0.2552038096843762,0.5466086742518613,0.7594891263785779
I15819.AG,0.677196113914382,0.3081123543451841,0.9720161747035956
I15821.AG,-1.649604761194058,2.091053441640117,0.032312227445443195
I15823.AG,0.7405550557495523,0.4895161570042031,-0.007083821717286013
I15824.AG,-0.6903137576722582,0.5513929003216643,-0.5787278837910241
I15825.AG,-0.4221395658680198,0.46149357601125024,-0.9545115243145851
I15826.AG,0.9983982301709705,0.35553417302974977,-0.16473116081977415
I15848.AG,0.27021217084527105,1.279154810062832,-1.0429620976225251
I15939.AG,-4.08470319125591,-2.3011552872464502,-1.1589556571770059
I15940.AG,-0.07123916694873586,-0.48174008234843146,-0.0072056486289899194
I15941.AG,0.35445397728745975,-0.48947596475810284,0.3649625625550813
I15942.AG,0.3888681239179573,-0.46882233429849146,0.4204563956913476
I15943.AG,0.3529339309830807,-0.41114040820459063,0.6714786111348527
I15944_d.AG,-2.9760644039243145,-3.9635649340779646,1.4706243406153763
I15945.AG,0.22457907027414634,-0.34755559016503695,0.24434979917787758
I15946.AG,0.3588932178731447,-0.5481446515605929,0.2713370100707183
I15947.AG,1.0157590403738574,-0.006289010812066313,0.5509308812676015
I15947_d.AG,-1.1344769028643635,1.9772476886649242,-4.808319048328047
I15950.AG,-0.24145024635695714,-0.06734284814366691,-0.870895724477259
I15951.AG,0.2900850131083011,0.6054001283374131,-0.5518267184785404
I15952.AG,-0.02911736439615779,0.13593307138924296,-0.4593467440809618
I15953.AG,0.06364020320068063,0.10389036933722834,-0.5422864121432942
I15954.AG,-0.4068068716727667,-0.1235381362101726,-0.20221584912639126
I15955.AG,0.27567342293741864,0.6661408160033206,-0.4177998935999674
I15956.AG,-0.7391366888604031,0.8015125178322086,0.017373166795834553
I15957.AG,0.20649865065799178,0.3705705827011975,-1.017667281583487
I15958.AG,-0.5343472474253379,-0.5245006087782548,-0.7177957837196771
I15959.AG,0.48716199836919727,-0.5347375809373759,-0.9550760760131835
I15960.AG,-0.05462449278270033,0.461632784299197,-0.665416049759953
I15961.AG,0.15621745367596465,0.5538641395951195,0.4061607626898213
I16006.AG,0.6426211689374626,0.6503336694564621,0.45277752478118394
I16007.AG,0.5732662675893411,0.9614783662730347,0.866250853989586
I16008.AG,0.8825377106066994,0.5517290111725357,0.6973109004425616
I16009.AG,0.9502264943179968,0.5975404436890263,0.5057324811077346
I16010.AG,0.8285668707241675,0.5713142106486876,0.6248903441457776
I16011.AG,0.3361395536895074,0.6154306904650559,0.642498304646481
I16012.AG,0.5237347542359156,0.8614562375832621,0.7836318263865589
I16013.AG,0.49151850409701475,0.8252556449171237,0.6086113323732442
I16014.AG,0.2657456832106819,0.574824713884999,0.6716562814869391
I16015.AG,0.6059599120535104,0.9055944719276675,0.6579981580954808
I16016.AG,0.27220382778710445,0.43188291316548777,0.3733862849071247
I16086_d.AG,0.22385021793046156,1.2856404138046318,-1.0087027245235491
I16087.AG,-2.255195715652084,-0.6765082366543198,-2.8133968053689142
I16088.AG,-0.24970364685350854,-0.2449128201379314,-0.2881665721552515
I16089.AG,-0.5915687902058652,-0.40787495449820244,-0.765587365113701
I16090.AG,0.6019519745728135,0.5724694609625941,-0.32867436664468264
I16092.AG,0.8944543794005376,0.23255413569450048,0.2705839939403322
I16099.AG,0.39422377938177783,0.41943314870575965,-0.5250165109178371
I16100.AG,0.2842772590353801,0.09673518570132911,-0.5294795846837578
I16108.AG,1.3243917118645192,-0.017375306633668184,0.07481632292961939
I16109.AG,-0.014838991655815257,0.8411284318878246,-0.5373650070282413
I16110.AG,-0.7331353048896218,0.6598518241193262,0.1441368286948688
I16111.AG,-0.3469018013035048,0.41254167435360795,-0.5301046032344835
I16112.AG,0.01383835601690844,-0.010541217722324766,-0.0950907414889735
I16113.AG,-0.12657624603599643,0.26007230062929504,-0.48054181525367556
I16121.AG,0.8049546820999061,0.43246190081309793,0.033013316622616085
I16122.AG,0.7165564991131246,0.40768711557857024,-0.07420079820015414
I16163.AG,0.4479259412052262,0.38511675825432184,-0.1061613113617846
I16164.AG,0.3737037487050967,-0.5442013799547716,0.550476442034921
I16165.AG,0.379265787120952,-0.25000428959273036,0.29090819037549487
I16166.AG,0.1700754898967994,-0.38063670545047845,0.36948791112204393
I16168.AG,0.4385850672048966,-0.18004782408885495,0.34355760365176846
I16169.AG,0.35612633649599656,-0.6383403673430053,0.4437804810431061
I16170.AG,0.2991600635130366,-0.5950554235958212,0.28318005911402055
I16182.AG,-0.07438606996637348,-0.3069627702873121,0.22166559885825768
I16183.AG,0.5655073694971131,-0.418093227651738,0.7324558369970102
I16184.AG,-0.17833846692446712,0.11498154233171587,2.0056512752847144
I16239.AG,0.5126956005639937,0.6713606180277892,0.8796236404234221
I16240.AG,0.22029953891358628,0.7577811878391277,0.6577479193404807
I16241.AG,0.3204434770105612,0.47595316904413065,0.5413128390399831
I16242.AG,0.7598860792821355,0.870230270891951,0.7405750044199285
I16245.AG,0.7720084565316313,0.554240584355484,0.5517794814971162
I16246.AG,1.0326735815005061,0.6675058958154012,0.5520017706626078
I16247.AG,0.619215943250819,-0.3958815498029768,-0.5811987990010256
I16251.AG,-0.07787911901023238,0.16100580215337265,0.2762190253999275
I16253.AG,-0.1744274600164569,0.6528827320701226,0.1570102054921337
I16254.AG,-0.27618229793597715,0.4105816095100516,0.5181329159734778
I16256.AG,-0.3449899389514609,0.23993720445283623,0.22566938508435477
I16268.AG,-0.10524601704906977,0.7120033686098927,-0.37027890316978723
I16269.AG,-0.551638099473866,-0.017971260833837006,0.16149168925280097
I16270.AG,-0.03871496606921356,-0.003711297077131674,-0.5149734188400772
I16271.AG,-0.14689363067816322,-0.4939175790537697,-0.4707824171324595
I16272.AG,-0.03966120705747043,-0.4813476182349198,-0.11726142691763305
I16273.AG,-0.18034585232077785,0.8134755568634273,0.021328035219492055
I16326.AG,-0.1738507541888382,-0.33725838397399294,-0.9428438813747513
I16327.AG,-0.14570436831874659,-0.2272212157239551,-0.08394625594447662
I16329.AG,-0.15341377641213716,-0.7428839187699691,-0.03242598675380874
I16380.AG,-0.23713814234263342,0.14580618667568496,-0.2019032884595194
I16383.AG,0.269560779059246,0.38949296583182946,-0.5298021522363944
I16385.AG,-0.5363661164414032,0.00030195445991367865,0.16279880093474203
I16386.AG,-0.19908287026842267,0.049644437702384685,-0.03923302542803274
I16387.AG,-0.44373134573032114,2.6690211865449,-0.1778390911130197
I16388.AG,-0.6948679845107771,0.12191523758020967,-0.4106051117106967
I16389.AG,-0.24156297791130132,0.5342081149177755,-0.29448222073756203
I16390.AG,-2.714275852446968,-3.909625262550277,1.459630589354784
I16392.AG,-0.711115378957052,0.1945190435276637,-1.0126713038261477
I16395.AG,-0.5582073948605872,0.5198442360763985,-0.969731224761231
I16396.AG,-0.6705710061823967,0.24425338746069486,-0.20936052596330612
I16400.AG,-0.444230183098299,0.9814301760168694,-0.4060099835632583
I16403.AG,-0.2942026946868938,0.08533701683623704,-0.4198223186467797
I16410.AG,1.5380846911756894,1.7304671657528397,5.598694014941613
I16412_d.AG,-0.5177124377306532,2.643436919724429,-0.16673383835792616
I16413.AG,-0.4575294957490225,0.15050240079959407,-0.7393568708844428
I16416.AG,-0.907209322440479,0.5819011328008961,0.1071114913356508
I16418.AG,-0.6990906940337098,-0.18510833667712934,0.09888689893263373
I16422.AG,-0.3139089427807781,0.2104781830997165,-0.6059724831254687
I16424.AG,-0.6050274501400389,-0.042556609566398125,-0.39541729659860475
I16425.AG,1.0131729091249335,-0.4445631733349071,-0.7161173300912401
I16427.AG,1.1177459983879714,0.5734116492988552,0.041305820885899784
I16429.AG,0.5623697241350346,-0.7651144063059793,-0.49235467620842155
I16430.AG,-0.05061425991832514,-0.06810141945772684,-0.49817243043336923
I16435_d.AG,0.7323403947860495,2.9326416356409544,-0.052328661125121516
I16436_d.AG,-0.5613502570564166,2.6281482125158155,-0.16131485288635133
I16437.AG,0.8549714207456144,-0.05222144564852769,0.3465429971814944
I16438.AG,0.811124091598433,0.2702984744587603,-0.3779845603340728
I16439.AG,-0.551288117379497,0.08656717008068016,-0.7729341558873731
I16440.AG,-0.49614986885448503,0.22281956562681177,0.053845619706339096
I16441.AG,-0.8910161161839959,0.597676302973972,0.07034356230934352
I16442.AG,-0.7486523757512781,-0.2813270823788847,-0.724157522239529
I16444.AG,0.7577592204241719,-0.289735960483396,0.12035585161479359
I16450.AG,-0.6343532362239603,0.3004795525983718,-0.31070371880882075
I16454.AG,-0.7432577837978868,0.8256039470064858,-0.051086717723828376
I16455.AG,-0.5124943820105143,0.48615209943607995,-0.5043350960770647
I16456_d.AG,1.0933897469152871,2.9369321879530554,0.25652620887444744
I16457.AG,-0.37901961897308734,0.4262680754194987,-0.28826239333990616
I16458.AG,-0.4579769462502018,0.9348724074558411,-0.38655905023202697
I16459_d.AG,1.0449958781664344,2.938989367509087,0.19678880921975136
I16463.AG,0.9268983069741279,0.031316775695598306,-0.16822990340047125
I16467_d.AG,-1.8218920116217636,1.8651908822946566,0.08248592349007267
I16471_d.AG,-1.81499566726963,1.8484126658500906,0.08054898975197734
I16476.AG,-0.5901351690897549,-0.05873540085883621,-0.45424766815439377
I16479_d.AG,0.9033483152169293,2.945732242891371,0.05698621700579815
I16488.AG,-0.13106409424618384,0.8664886331237635,-0.029562956131302956
I16491.AG,1.147310946378931,-0.5027291207707489,-0.34747228186844786
I16495.AG,-0.6092075669565824,0.5790692430640778,-0.4492580327305117
I16498.AG,-0.704643997654888,0.04139917719009384,-0.24873324778972
I16499.AG,-0.22945865605260207,0.722640520851265,-0.1504950397443657
I16503.AG,-0.9324577397421735,0.6053014530792076,-0.10277308929314848
I16504.AG,-0.27675138210211825,0.8035070939250759,0.31245621964268666
I16505.AG,0.006320977352673021,-0.14715763391704212,-0.029519307159516256
I16508.AG,-0.26112428634994006,0.4455031404963752,-0.18968459541650384
I16509.AG,-0.02081305345016951,0.732407130569608,-0.20034617028881854
I16510.AG,-0.6744547910550898,-0.022214536576568075,0.25586789837652235
I16514.AG,-0.4738316084849529,-2.6039721742974486,-0.8661933426691624
I16538.AG,-0.8466916849531311,0.6433175518722385,-0.7784673321694916
I16549.AG,0.09579615345811812,-0.0396755483759677,-0.8393650389015122
I16570.AG,0.8232581506460777,1.0758849866967155,-1.4598254249353277
I16571.AG,-0.4864605968832281,-0.45908231947569517,0.36020175730360227
I16574.AG,0.8147524890414081,2.9388707056940695,0.0019436316626985114
I16577.AG,-0.506022623266462,2.6515002253383892,-0.16720894882743217
I16580.AG,-0.7462932384175568,0.21717336501923432,0.19451232814654354
I16583.AG,1.750255066545398,0.3767420694555736,-2.073934914157116
I16584.AG,0.6568712935574598,1.085012856460596,5.442337743789327
I16585.AG,-1.3947643929952382,2.2871657958061706,-0.03490608983855699
I16591.AG,-0.4809191852778215,0.4183253383392303,0.07549057536102365
I16593.AG,-3.101337710218658,-0.66161167215444,4.225798338402371
I16595.AG,-0.024163752055780644,1.0359744694968314,-0.05379178587179251
I16596.AG,-1.5102801899986715,2.2108168427938018,-0.008702356852342911
I16597.AG,-0.592350003364458,0.6570366608414924,0.24374267131772098
I16599.AG,-0.05997456672361338,0.35840946811601193,-0.5926239872928134
I16601.AG,-0.18263013309812073,0.34079165972866393,0.08792069212131184
I16602.AG,-0.5526571092836854,-0.07898512868498107,0.00975540239972616
I16609.AG,1.8627842275248194,-6.178828259633597,1.9633615102176094
I16611.AG,-0.6100257409597108,0.6325042048500003,-0.38010367093706166
I16612.AG,-0.5952337752655434,1.0337449675691985,-0.21018150552800474
I16613.AG,0.029658211635379524,-0.5853284775984534,-1.9733535074738222
I16615.AG,0.7120413567651735,1.1194554813660276,-1.3858655371029351
I16616.AG,0.527853432578412,-1.4747310706647232,-1.071968623445255
I16619.AG,-0.5234150102387108,0.40611318839575994,0.1578543241179322
I16620.AG,-0.058022491046631805,0.44496580523572177,-0.2889262449012612
I16709.AG,-0.19186537604784193,0.4644864931679472,0.5151619851197934
I16741.AG,-0.6551932258754938,-1.0359050953605855,-0.409438926647641
I16743.AG,-0.7829861178806218,-0.005602417233061074,0.09071807222393018
I16744.AG,-1.0029065408433613,-0.9205863781925854,-0.033836362265730044
I16750.AG,-0.1968348615769942,-0.33669073240100866,0.5588742811434684
I16751.AG,-0.5746932692463229,0.24403043494080146,0.483462688744533
I16752.AG,-0.3342807628944419,-0.6491903399767106,-0.2650558358795662
I16753.AG,-0.14551282133671714,-0.5191042897762094,-0.41807106521913645
I16759.AG,-0.3058702630730295,0.07045077071865158,0.21693597846720258
I16782.AG,1.5894120442227466,0.5375201247235235,-1.978240482651566
I16791.AG,0.48875595513333653,0.3227471847339516,-0.2689201786031515
I16792.AG,-1.569710455344882,-3.5145779586160004,0.8112919076200467
I16803.AG,-0.06886427714564469,0.5080452669848212,0.3468945840922004
I16812.AG,-0.9853769229967035,-0.46577928856459766,-0.107602145524001
I16813.AG,0.004445526064042037,0.5557544816660606,-0.4159507572840295
I16814.AG,-0.15723601574789006,0.5991081674551824,-0.0823315192598258
I16994.AG,0.4657562445259824,0.5254686731447317,0.6669092162553414
I16995.AG,0.5837034769244804,-0.18200738641110106,-0.7679091518313829
I17014.AG,-0.28976490380514924,0.5897504580210816,-0.4471909894758653
I17015.AG,-0.28207380762206746,-0.03465382320553256,-0.30271208933008203
I17016.AG,-0.7226535578774502,0.5994079837697809,0.3265518931823386
I17017.AG,-0.5439535116849166,-0.04903837477576287,0.09419489342257015
I17019.AG,0.030483774364695595,1.07444027810471,-0.4755915139098278
I17139.AG,0.1188937972706948,0.8586749781326558,-0.07132211962187726
I17143.AG,0.11628082038285928,0.7777049675261996,-0.330506935009222
I17145.AG,-0.4039961671166499,0.030088622813429194,0.49264358641439676
I17146.AG,0.16182272914807103,0.14376421105821668,-0.12703373886919084
I17258.AG,-0.5938452230915345,0.5213027951457428,-0.15550995712212448
I17259.AG,0.21376585605234832,0.5451553986336749,-0.1591056642525015
I17260.AG,-0.5877129460569335,0.01812683405267285,-0.6195230595920483
I17261.AG,-0.42648255595967893,0.9334262163247663,-0.5531509738970175
I17262.AG,0.00666942488227,1.0245695055315538,-0.1338609361040818
I17263.AG,-0.028081018479562094,-0.1724176597381875,-0.2859259467292112
I17266.AG,-0.4691962267877224,-0.19911168950890373,-0.5458914306177273
I17267.AG,0.1885598684024291,0.46859430550182385,-0.2288372956357799
I17268.AG,0.10405923794973834,0.828592669873283,-0.12742805802529317
I17269.AG,-0.12775034384248252,0.47845224353591675,0.06575143377306202
I17270.AG,0.03831004186299504,0.3041947836307159,-0.47718695900078195
I17271.AG,-0.31242351222066356,0.4474789010537463,-0.0452006845017819
I17272.AG,-0.10758612000071573,0.2520163308910226,0.3073117949226108
I17273.AG,-0.2268442219372234,0.41625598821227355,-0.35748345830125877
I17274.AG,0.04710092139387456,0.719717482867,-0.0061736117273734304
I17275.AG,-0.19616011777335426,0.5062854696969243,-0.406833315023157
I17276.AG,0.031266978301768736,0.7683119060056093,-0.18890615510083644
I17277.AG,0.1629905737265635,0.32535647522436767,-0.20579834939727595
I17310.AG,0.6770085142937905,0.2595184414751255,-0.43393392980744583
I17311.AG,-0.25315099169654565,0.8777881733728612,-0.8069450081579339
I17314.AG,0.190145186951848,0.6400515194594285,-0.37491389842986633
I17315.AG,0.010338897920419046,0.8253959719024703,-0.45746932898334647
I17316.AG,-0.513281639171763,0.7964939071201298,-0.603501933146128
I17317.AG,-0.14815439385789783,0.7932018480191351,-0.17426989620268438
I17320.AG,-0.25634266295779184,0.20777859056668083,-1.023528550874592
I17321.AG,-0.43044860659663486,-0.036284266582750115,-0.36326564598648636
I17322.AG,0.0752684772457017,0.5728742865169837,-0.6298830342712781
I17323.AG,-0.35624010251566907,0.061366595139105466,0.11045293191904304
I17324.AG,0.0927400984648025,0.3338956318349456,-0.5534757924205389
I17325_d.AG,1.2889898892822607,0.7962054947943022,-1.7842637928781737
I17327.AG,0.12493746548257142,0.3607536263290928,-0.7245510294131283
I17339.AG,0.5354038257746719,0.6790606390162844,0.5301739079906607
I17340.AG,0.6240530461124308,0.8607582963869244,0.4661306255302357
I17341.AG,0.43878889307483143,0.5785572366524978,0.23095191932631107
I17343.AG,0.25399211797232524,0.5662257176463316,0.6190531640691191
I17344.AG,0.34258251612451324,0.45730722735252516,0.506268831345317
I17345.AG,0.3727401699048682,0.5548167443377446,0.6099512711944112
I17346.AG,1.9138153398889388,-0.25546970312522094,-2.1761003479921257
I17362.AG,0.31778777063742214,0.32009115480694467,0.37849851819624974
I17363.AG,0.8688156981704727,0.9193116754652751,0.4967023517959475
I17365.AG,0.8459186806794406,0.6021209252421957,0.4413179310497497
I17366.AG,0.7060561131960229,0.9737350240443473,0.6255257549574902
I17538.AG,0.2031001002958128,0.49478008459147166,0.47021645224977093
I17539.AG,-0.7162368515467075,2.577667743051189,-0.14065299045994673
I17545.AG,0.26753648130538055,0.5422185668166193,0.568304317704912
I17607.AG,-0.6249128463903715,0.7630905646621717,0.10443288180477352
I17611.AG,1.5594682710784602,1.7392910131876462,5.599211249040968
I17612.AG,0.7236352698013319,2.9342240691881236,-0.04925676866633525
I17613.AG,0.9158896466169936,-6.041181221187087,1.6140731959065346
I17614.AG,2.873392479941887,-5.755189393460482,1.6574852384707452
I17616.AG,0.20428211117697334,0.5113212342826162,-0.38414134046422105
I17622.AG,0.6692937524466296,2.9240044619959713,-0.07385593370738724
I17623.AG,-0.657201804913854,2.5964931378361897,-0.14777348424494197
I17640.AG,-1.5657720914573885,2.1686387216905745,0.008462754569354356
I17642.AG,1.0615889175972466,1.3954105374717847,5.520382880406798
I17669.AG,0.2518851504670351,1.2864418482713973,-1.0259317297542025
I17670.AG,0.8853957966914942,2.9448263174828506,0.04640437299824857
I17671.AG,0.22990241130457628,2.8499022947675097,-0.18992485613678503
I17750.AG,-0.44415880530226437,0.4730254710761213,0.20974728292205364
I17835.AG,0.4378184616273037,0.4981221244293331,0.1564111753785502
I17879.AG,-1.94164998142624,0.9370093041441411,-4.209215998009872
I17884.AG,0.23939539531686274,0.46264514728479267,0.48372625977349093
I17887.AG,-1.4967049307592826,0.7816043955096651,-3.6047953649493145
I17909.AG,0.5779245799520949,0.7157874787335992,0.08004391421211435
I17910.AG,0.6113444663323198,0.6869964216549632,0.23372748167925056
I17911.AG,0.6203195609663559,0.7356901302734421,-0.041045119042883806
I17912.AG,-0.04198536375791082,0.2744134000130044,0.24612891632980372
I17913.AG,-0.23035823704825675,0.7166357118839787,0.4584106349142666
I17914.AG,0.43551109420612727,0.5530540655421744,0.1950077321439442
I17915.AG,0.26442721227272464,0.48522574551449665,0.046460744482629185
I17916.AG,-0.5382169640251598,0.7047674475470114,-0.2929361432127406
I17927.AG,0.4000369646297525,0.402448797643163,0.6304677829204437
I17931.AG,0.4867532261838719,0.19111055115817344,0.46215511803523485
I17933.AG,0.3631998880356842,0.16455338715471388,0.850106097965325
I17934.AG,0.49314139912247396,0.23044779188314482,0.06552124589716792
I17938.AG,0.9317278855698187,0.7269281717832219,0.5189183351548127
I17939.AG,0.10854338155195628,0.5426546690855508,0.7713270196723557
I17941.AG,0.824595163024322,0.29215384575482733,0.764862552827428
I17947.AG,0.9769662151066029,0.038780642285494334,0.02008645090955204
I17948.AG,0.7592568655869542,0.8897192779039742,0.5629205828527309
I17950.AG,0.9291364661882828,0.6507478919799403,0.36163262727339845
I17959.AG,-1.5036203015029828,-3.48415727777204,0.7697376736755231
I17960.AG,-1.738942188235698,1.6181896324846285,0.07570382652282728
I17980.AG,-0.709509841139925,-0.15883206304506559,0.2355251128756829
I17981.AG,0.31987961455926756,-0.004364995436710157,0.775064690337106
I18071.AG,-0.14752399227692017,0.9499070053878662,-0.03782774003923912
I18072.AG,0.15863626904864275,0.17103193881559847,-0.10058898252921593
I18073.AG,-0.383276983144085,0.6535290441571786,0.42191583646436265
I18074.AG,-0.19376590063073054,0.2716567030443848,0.33066327973379933
I18075.AG,0.029763683765713447,0.29147401409935003,0.34649157820041937
I18077.AG,-0.048271735681147995,-0.0768533254671205,-0.06242857471892188
I18078.AG,-0.16207827517399118,0.8536107814422355,-0.07190006511895601
I18079.AG,-0.3923841884190316,-0.003104934803276486,-0.2614942145344755
I18082.AG,-0.11582967633302345,0.8064006569664691,0.35139405943024116
I18085.AG,-0.41143056880675194,2.6845202432426154,-0.1820656735458783
I18086_d.AG,-1.7059744712558793,1.6148155627067495,0.06999045698874379
I18087.AG,-0.12639071962838141,0.16778536870712074,-0.10911937286366402
I18088.AG,-0.4957149011129013,0.39186698275883697,0.042199166229772
I18091.AG,0.32400060793811164,0.47945276700629746,0.4030611274532008
I18093.AG,0.3158191729804326,0.6538651291762408,0.4646596160848862
I18094.AG,-1.4084585165782013,0.01854318745963506,4.891414718702148
I18097.AG,0.36998090445537185,0.2678561439484619,0.2536397374980675
I18105.AG,1.019248245611851,1.3647918097639766,5.5128453467979
I18106.AG,-1.8196099901242977,1.6729015577419184,0.08803749571129592
I18143.AG,0.7191361806133,0.4877542448059156,0.9844689663804598
I18144.AG,0.2106786280402472,0.558512788679263,0.6162659298466523
I18154.AG,0.45897881152955344,0.4445016416463892,0.41725239674644893
I18174.AG,-0.8702061213862667,-0.872033625752089,-0.38041121561258756
I18181.AG,-0.061313320665187104,0.3651173913893927,-0.1566581943882464
I18182.AG,-0.3437951078411004,-0.14760152463222787,-0.9788899808818146
I18183.AG,-0.13400885701945012,-0.25474342489919705,-0.6170493405662101
I18184.AG,-0.3177144262279689,0.13350058818650634,-0.18953829927991725
I18185.AG,0.5744976254629656,-0.08837182369971357,0.5312305779912257
I18211.AG,-0.4493774134308196,0.37109011720519014,-0.1600548438217399
I18213.AG,-0.16923334766340237,0.7758051714059423,-0.42804284812512206
I18216.AG,1.924537411404964,-0.2059474000979287,-2.1782535719501483
I18220.AG,0.23293447976523718,0.5604659145923089,-0.42871967925413224
I18222.AG,-0.8395809541459432,-0.810793516350014,-0.18671874767759739
I18223.AG,-0.8364636892960212,-0.7781679150387412,-0.1295340671098632
I18224.AG,-0.8049825760778652,-0.8111757779722238,-0.17055298382421252
I18225.AG,-0.7498945084863486,-0.7068963401445159,-0.23577618140508133
I18226.AG,-0.5413593088232763,-0.41154428860232534,-0.9025320111106373
I18227.AG,-0.02197141664560849,-0.5624372331928149,-0.48897750920834615
I18239.AG,0.22949055238310076,0.09754254686136646,-0.3916407816181606
I18241.AG,0.4153475534652629,-0.31095209732005186,-0.5517547395466426
I18245.AG,-0.04974699694725836,-0.4735726995770641,-0.6307975352442816
I18246.AG,0.12538947155355493,0.18321223224398978,-0.20589088360522675
I18259.AG,-0.22189033970598834,0.9597022161379252,0.2500403772742146
I18413.AG,-0.05171046122957523,0.8038806007947178,-0.01971053202271106
I18414_d.AG,-0.02400896735130132,0.14193572845542227,-0.47723866652138913
I18415.AG,-0.012944141742133413,0.05796189442316254,-0.0364884108436842
I18416.AG,0.31891698932333207,0.3099618350647143,0.16873296992231313
I18417.AG,-0.024243447233558337,0.957581655322122,-0.12882953216790982
I18426.AG,0.7677731817390961,2.9382404085989804,-0.030907716547447485
I18427.AG,-1.1762096745181165,2.3927376540344936,-0.0700764314625904
I18428.AG,0.8698875751123405,0.27084379365876604,-0.20887191411309503
I18488.AG,0.03754769508670888,-0.04950884388949627,-0.2836904624144557
I18489.AG,-0.15219429839655385,0.2429124290912593,-0.3839967853896444
I18490.AG,-0.28786522456465785,0.22832952691985695,-0.3687720042647703
I18491.AG,-0.3428797160733321,0.8987453182415043,0.13785398350036096
I18492.AG,-0.20448261076645247,0.2899759541480511,-0.38281219187339305
I18493.AG,-0.2782344609670279,0.6373246405169707,0.543592089510744
I18526.AG,-0.017573224027035574,0.11748341073517138,-0.27101887769791155
I18527.AG,-0.31658449789124005,-0.5655424180162414,0.622053929256326
I18528.AG,0.06883204654933478,0.08088817171507434,-0.43012364600302383
I18529.AG,-0.38363640397879367,0.4219425521661474,0.6816741438089572
I18530.AG,0.42149001537116787,0.34665329533658695,-0.617558944636995
I18531.AG,0.08930815860179707,0.18379718124782898,-0.052803868534968955
I18599.AG,-0.40688925723596847,0.9759645802701902,-0.4074153371622073
I18606.AG,-0.44620018452259413,0.4546448941570063,-0.16749163294987518
I18614.AG,0.0630630121989784,0.2699652115394495,1.7173823578275602
I18635.AG,0.09405821496251861,0.5772562175929018,0.7519178670678641
I18636.AG,0.6038364104307598,1.0094900041498585,0.41588111161575725
I18637.AG,0.1354203738261444,0.3658637523316021,0.6988943661300357
I18642.AG,1.125783950279893,0.5049133266437954,0.45395659618223866
I18656.AG,0.9334724073158419,1.0218727323650623,0.734111481776981
I18657.AG,0.4462900974949196,0.7262544259745259,0.0004142073696475698
I18658.AG,0.6956115715909893,0.7311686076488787,0.5335800865017766
I18659.AG,0.4130847487056995,0.8354201101694726,0.4463596069647582
I18660.AG,0.6725145243222346,0.7544412906154078,-0.0526343513090801
I18661.AG,0.15442228892409982,0.8465821236046341,0.5895675165001588
I18662.AG,0.5272444502624897,0.8809519212871191,0.46135675240811896
I18695.AG,0.8061748429865184,1.0301997745035016,0.20234496137224095
I18696.AG,0.7904968383541287,0.899452397874353,0.7365524127526801
I18712.AG,-0.10746888383959385,0.877439390197678,0.33472501094585627
I18717.AG,-0.2539462834508971,0.9038249948994196,-0.15233059770234614
I18718_d.AG,-1.46245298231522,2.250425281829003,-0.01799413535873421
I18720.AG,-0.3770777528020317,0.5442947488174391,0.2131807448487873
I18721.AG,-0.3551839174697301,-0.4429461846985637,-0.6773289528091926
I18722.AG,-0.3526292678823865,0.3577426783605543,0.6061415134868021
I18723.AG,-0.2729628069546546,0.20567590816576514,0.3031131672871007
I18724.AG,-0.41399981055491575,0.4922903675876109,0.5285602395368583
I18725.AG,0.12719172563803874,0.8060797798766548,-0.10963964996035004
I18727.AG,-0.12429400930373256,0.7366578924024982,0.46404412932137573
I18728.AG,5.217068080328051,-2.2141877480596595,-3.003161417274517
I18729.AG,-0.4216328590650378,0.3693269886173691,0.1457618505276203
I18730.AG,-0.043875225499889925,0.5063509022068884,-0.268711781444629
I18732.AG,-0.29529942940878184,0.858540704563108,0.11941192635421426
I18734.AG,-0.510806833040493,-0.1309034954716632,-0.11457420069563135
I18735.AG,0.16423304069073522,0.7559793259256887,0.18702116320222312
I18736.AG,0.42963431427559867,2.897875191871515,-0.1612398150324369
I18737.AG,-0.23197679725220696,0.31532808838450216,0.23608236102823157
I18738.AG,-0.44230129341406377,0.3131189594956921,0.09879676994281489
I18739.AG,-0.2608571792325019,0.8616574259203263,-0.01213903351598841
I18742.AG,-0.8530639838605871,-0.7780081074205807,-0.20232253572759715
I18743.AG,-0.816716782343371,-0.8056584538519627,-0.1818547204655816
I18744.AG,-0.8905906977876022,-0.8615730169334792,-0.1526579375488889
I18745.AG,-0.2686315388497467,0.7318793343772154,0.13891144129680352
I18746.AG,-0.27960841422189264,0.6506283138139021,0.35789537549128747
I18747.AG,-0.4043343690041731,0.776133858539493,0.5252923654003048
I18748.AG,-0.3181715769328361,0.6535859141273818,0.22196302112935198
I18752.AG,-0.46992313359062926,0.2922431611577077,0.5466425129012671
I18792.AG,-0.23762286550128553,-0.1909471792527977,0.551360929755119
I18793.AG,-0.9319608844920435,0.028090390999471974,-0.26328790768469684
I18794.AG,-0.6844987510286213,0.15942909272049993,-0.05436362748146119
I18801_d.AG,-0.8708698135276538,0.2830278001789479,-0.3253415741115383
I18827.AG,-1.470737311579605,0.990721150534571,-3.7682767141239215
I18830.AG,-0.19598772969250566,0.7103193366422803,0.29770242439436034
I18831.AG,-0.24072263296824492,0.7884769314643973,0.2994975789790935
I18832.AG,-0.17048817267536875,-0.39486241763706215,0.7020709257096165
I18833.AG,-0.4787677374394755,-0.17516985666867022,-0.8869657202842377
I18834.AG,0.0930941147102691,0.10804106341902513,0.45606169769249816
I18835.AG,-0.13538719896578882,0.04657419425647713,0.09847949963647623
I18837.AG,0.23978835163160114,0.20673887033511387,-0.3437908501168795
I18838.AG,-0.15861425317745328,0.013305262899061353,0.08420759589067378
I18839.AG,0.05106180716039778,-0.10513098265400633,-0.08744340233311199
I18840.AG,0.16242870378385577,0.4231672125448468,-0.5381290001962081
I18988.AG,-2.954455244421493,-3.954142994383783,1.4540237685326536
I19030.AG,-1.3092812099411524,2.3334024202202763,-0.045713185472055995
I19037.AG,-0.33395848906482467,0.1895788828658603,2.0819931830307272
I19040.AG,-0.5927248295942726,-0.13285493839751095,0.08355203536281003
I19042.AG,-0.2922089689453199,0.5410662487447581,0.008837093783953132
I19043.AG,-0.2633909549683049,-2.593039182332082,-0.1915196937164671
I19044.AG,-0.32678032953966135,0.22833809091389143,-1.0134079639537725
I19045.AG,-0.3879710605685194,-0.05731737113331992,-0.22384026927056339
I19046.AG,-0.17564513195481404,-0.12813552169059828,0.151627831572656
I19047.AG,-0.47953008096137195,0.781528948980277,-0.7676117305923764
I19207.AG,-0.31736102190776455,-0.003337373510669692,-0.45415071738770685
I19209.AG,0.8425003396351609,2.947112695177078,0.01766042625491032
I19210.AG,-0.5071801888912935,0.5145713765202858,-0.3544350232517602
I19211.AG,-0.6433274862546944,0.7770848377692845,-0.30904455692661853
I19286.AG,0.8230409937263639,-0.24966620040918416,-0.40970040100025384
I19287.AG,-0.20987578443379376,0.6455892996024502,-0.14618546290638015
I19356.AG,-0.6225253906634509,0.15557073506542074,0.11572342579641944
I19357.AG,0.15452949500230614,0.35543934206805283,-0.33444638193782555
I19358.AG,0.06773647118198742,0.8120715737257924,-0.732587211975707
I19359.AG,-0.4808007501437212,0.6228927368033593,0.1999306799079226
I19360.AG,-0.011486010589484577,0.9214112196053691,-0.7333154454333106
I19361.AG,-1.7747358694059558,1.944940805210574,0.06763228518495533
I19362.AG,-0.016965438690063506,0.840105798527865,-0.7211660213921086
I19363.AG,0.07032501640568814,0.8015213988579042,-0.7340269608978122
I19364_enhanced.AG,0.3507741730793046,0.48968084271472295,0.17392027085901668
I19366.AG,0.1286288107223097,0.6487201162057393,0.13794014988748526
I19368.AG,-0.06525285571076359,0.47816106223644095,0.017217452950639856
I19368_d.AG,0.17278137022936016,-2.129826309303911,-2.0585148338137587
I19452.AG,0.3702445208978583,0.7239233536354173,0.15254724667224498
I19453.AG,-0.21255266214588625,0.4586127479580483,0.27493325795470935
I19454.AG,0.3651984143525258,0.3332717371434483,0.17150764781250488
I19456.AG,0.01367992874102667,0.6436747927119129,0.2681049657980987
I19456_d.AG,0.0076801021238101005,0.6736041013559281,0.2649320151795901
I19457_enhanced.AG,-0.6366996573837542,0.30443544438216774,-0.16224264049175244
I19458.AG,-0.06177245177653506,0.14343590944606305,-0.14996272046434106
I19459.AG,-0.28460139843061494,0.5966526677125356,0.276212783776204
I19460.AG,-0.11508225869104238,0.3941841346747903,0.18683272934583733
I19461.AG,1.6595190595911467,1.8280348217186628,5.6187533722312075
I19462.AG,-0.09325350487657799,0.18155453649873868,0.7183575216814251
I19480.AG,0.8620850096390109,2.9406209776217267,0.03408209776053612
I19539.AG,-0.8350709381167102,-0.0982874983509123,0.39435856939840364
I19587.AG,-0.21903683029796597,0.26792198057265026,2.0489125687142153
I19588.AG,1.1385495819520657,-1.4027792827531116,-1.7608453720150203
I19611.AG,-1.7411156334091646,-0.8189575383570128,-2.4973191741411904
I19612.AG,-0.8546713409967792,-0.16538389908830242,0.45212940848892164
I19613.AG,-0.6606726114558802,-0.037652620840612716,0.7016623956951991
I19652.AG,-0.582019151047594,0.24882471369764034,0.08434902118865469
I19653.AG,0.29207596296559857,0.6776327518124167,-0.30993409298852054
I19654.AG,-0.3070366847174935,0.9137021660584739,-0.5557577999480439
I19655.AG,-0.4052718687725515,0.3674851833101591,-0.6461780043840172
I19655_d.AG,-1.4928939100326113,0.3525382906072019,-3.303061864118156
I19656.AG,0.22910220243355678,0.5381714786133309,-0.2795223802006375
I19657.AG,-0.4828682247427778,0.09357118854475575,-0.3601571874095884
I19722.AG,0.4217105484376171,0.38141100240113107,-0.076918274758998
I19854.AG,0.20041025481344188,0.7428908764898771,-0.4451901173561151
I19855.AG,-0.07301523789273776,0.3418308752719769,-0.49723980156043357
I19856.AG,0.12244805205604639,0.7250598496935535,-0.2675397211920623
I19857.AG,-0.4050825970090084,0.3913893971086309,-1.0315239998748638
I19858.AG,-0.21112930213034264,-0.0761061199721077,-0.4585658728615164
I19859.AG,-0.32388144108908784,-0.22559506263097076,-0.3751219979515723
I19860.AG,-0.4457013522940305,-0.2748222211085909,-0.2900335759242521
I19861.AG,-0.8286826017981092,0.30731401114209783,0.319222259645744
I19862.AG,-0.0457131428243313,0.32186474124362896,-0.6544663050213467
I19863.AG,-0.39000472123076135,-0.040509185031063426,-0.2599072505616562
I19867.AG,0.12540740214113683,0.7100339079521008,-1.037202428753856
I19868.AG,-0.27080038665869416,0.516725637535928,-0.6251334313917702
I19869.AG,-0.7555459873681235,0.8634516270643027,0.03436323728518545
I19870.AG,-0.782421389827199,0.868611974742719,0.03417282452109959
I19872.AG,-0.18436402238337735,0.9147274623832873,-0.46495819934160576
I19873.AG,-0.020532989197903143,0.588380452055466,-0.5465593123710645
I19874.AG,-0.607865032691822,0.11238093781422079,-0.26673639273964145
I19907.AG,-0.5959490715189142,-0.14926310711841956,-0.37451319664720695
I19908.AG,-0.25695300657631126,-0.13085145121247263,-0.38474512791621585
I19909.AG,-0.5702331649954794,0.2666495926819348,0.23297690555610542
I19910.AG,-0.2594728434971376,-0.38922127029187664,-0.08100775011960458
I19911.AG,-0.5759747916760407,0.14370307823557726,0.39751006584557963
I19912.AG,-0.371266349116067,0.2665343296994534,-0.6311966284450226
I19913.AG,-0.45283309620094947,0.9769944338265272,-0.4652428120793077
I19914.AG,-0.5481308555148384,0.19507119448157292,0.6621967591544827
I19915.AG,-0.7429434724900167,0.0338208009545208,-0.5845956619901773
I19916.AG,-0.08438901701687643,-0.35049167245523744,-0.18834165862946012
I19917.AG,0.18167346690055872,0.17946221465574722,-0.0631659922460554
I19918.AG,-0.29310521295686875,-0.2569766575404259,-0.1823068452156733
I19989.AG,0.8162469432737179,-0.6139704192147633,-0.5157100807754096
I19990.AG,-0.026989778536951066,0.04114196900037465,0.40766349414881153
I20001.AG,-0.4562213621291725,-0.012446837246899909,0.6285958863892005
I20057.AG,-1.8372915198949678,1.7974792400469177,0.091241379754753
I20058.AG,1.3215023879168235,1.6016095741346623,5.563538974171204
I20062.AG,-0.12447045739240328,0.7124001617865263,-0.36544939308923824
I20063.AG,-0.9703556586118934,0.32715819650430666,-0.028643720541304058
I20071.AG,-0.7099933246631294,-0.8227910889209711,0.03587552367493889
I20077.AG,-0.8842997646647993,0.6859980933128053,-0.22846051516767604
I20082_d.AG,-1.2477673468290993,2.3721269559407028,-0.062443626516389066
I20083.AG,-0.8596658001075634,0.02229136552794915,-0.593739279928684
I20086.AG,-0.8767044971112695,-0.9335085818184616,-0.2660798318821174
I20088.AG,-0.7644376414567311,0.6304037454659643,-0.01737106664441777
I20139.AG,-0.3599996626566185,0.33126494677753265,0.2758896895867443
I20140.AG,-0.6441566628285016,-0.14347862615009607,0.652235247463347
I20141.AG,-0.5688959722957423,0.05522282034709624,0.6764222347755787
I20142.AG,-0.6231632096150188,0.0032533646281651648,0.05232174981002114
I20143.AG,-0.30364175177828284,-0.026451703011670755,0.10740384557164097
I20144.AG,-0.07289245094517262,0.18631889856482672,0.7284896468151388
I20145.AG,-0.665112049815048,0.4352192234804054,0.05172363650791541
I20147.AG,-0.5178829909490692,0.24552622653638354,0.19610567721616357
I20161.AG,-1.616375517837182,1.4042032251952739,-4.553447559146566
I20162.AG,1.7773766540592688,1.8905683994023796,5.6418085616732965
I20163.AG,0.13390687413886154,-0.3960843645435258,0.8552021704929071
I20166.AG,-0.3195712392678665,0.6466381000264559,0.24208580113241526
I20180.AG,-0.1715452179635899,-0.3479599886976024,0.6500791093542262
I20181.AG,-0.0884840641196103,-0.4328984480129332,0.812233036342419
I20182.AG,-0.8968043063497321,0.14465946170398622,0.2583057423843579
I20183.AG,-0.1766341113661797,-0.34180665482813966,0.7233742083372661
I20184.AG,0.21414362046255037,0.9299248822394808,0.7220545128028865
I20185.AG,-0.2728779912359923,-0.425542754058952,0.644094054786214
I20186.AG,0.27562485426826316,-0.22036639033927574,0.834510113383981
I20187.AG,0.22776209661745558,0.060812898902716704,-0.05209568773861959
I20224.AG,-0.2923134205103718,0.4119467520816278,0.6089597929211717
I20225.AG,-0.2836143335966788,0.35821876532963626,0.5711812935467699
I20226.AG,-0.41432048729629434,0.4442919305915652,0.40505523452850206
I20227.AG,-0.18400826818851843,0.5891051405304265,0.15546227544472044
I20228.AG,-0.4768468482973514,-0.0340841398785749,0.7264379211644062
I20229.AG,-0.3824467822491174,0.4876233203944578,0.5201827439569287
I20230.AG,-0.3353021773299847,0.2882701998313095,0.4634073964406844
I20231.AG,-0.5116468172816708,0.17721549208573195,0.13461995288243478
I20232.AG,-0.03209710530998894,0.19330212986491063,0.3518374029563575
I20233.AG,-0.30399273715342234,0.5563492606032319,0.35900884133767463
I20257.AG,-0.2754485726918232,0.43588478486095145,0.6065648114349321
I20258.AG,-0.36869346827674193,0.1557586375331863,0.519133460728731
I20259.AG,-0.41920199870711855,-0.44721855609438377,0.5621078774024548
I20260.AG,-0.31122720956120326,-0.04268053042374338,0.3653311819655142
I20261.AG,-0.5597994004687397,0.3910077623388401,0.34138987932226855
I20264.AG,-0.7143625244435944,0.20980932497107213,0.5831957714697144
I20265.AG,-0.6459297385371677,0.20324277433465396,0.5000535079165068
I20266.AG,-0.855139428093672,-0.24613548947833747,0.5112645802754104
I20320.AG,-0.2714322957411617,-0.15517597618363196,0.7864535518568525
I20322_d.AG,-0.973555537906416,-0.5511425077315346,-0.23361326006027358
I20323.AG,-0.41047873032380044,-1.0437109088400245,-0.2098716757079957
I20324.AG,-0.6726723231715446,-0.42787602001626784,-0.5293604386191906
I20325.AG,-0.9803173957064928,-0.4350389673940967,0.11185376414428595
I20326.AG,-0.3182695780587686,-0.5343351304918115,-0.219343859027316
I20327.AG,-0.6777953028810813,-0.6393326280164484,-0.006424932113493971
I20328.AG,-0.9680459449202992,-0.8827356388209451,-0.3416694071378953
I20329.AG,-0.7308473734011995,-0.6087436847181157,0.059280186107386126
I20502.AG,0.3669761122138408,0.08282055310482399,1.047688609449875
I20503.AG,-0.7550084683450887,1.5820109937532592,-0.1793523466482128
I20504.AG,-0.43244599785020765,0.10684749585033715,-0.05289010291640822
I20507.AG,-1.430827607745962,2.264865531119267,-0.02705981732548652
I20509.AG,0.3619646227088963,0.7021670451784645,-0.38104896575004604
I20510.AG,-1.327870836601503,1.5179052002517843,-4.2516861956506
I20511_d.AG,1.2817587782341557,-1.26489895760895,-1.8343803290548508
I20513.AG,0.1323185673232996,0.1387531018812648,-0.1952181720909819
I20515.AG,-0.465647360479266,-0.26084195854846765,-0.9922609811822788
I20516.AG,-1.384932390080887,2.2850296235050087,-0.030574946893127453
I20517.AG,-0.1779633733712282,0.12747307276368192,-0.5774132348972547
I20518.AG,-0.2020314758210681,-0.46413247875904956,0.5642043200831346
I20519.AG,-0.03173993501436813,0.042645074339633805,0.31100311729232966
I20520.AG,0.8784319629089723,2.943496540523422,0.04135906237728518
I20521.AG,-0.20064843966109888,0.5634531680735678,0.5241788325407504
I20522.AG,-0.23864351061493352,0.08352835667121289,0.25042685364683853
I20523.AG,-6.5121696344988536,-1.7309089412071994,2.0869377875485617
I20525.AG,-0.35771881466525246,0.37300638697965804,-0.644402416904435
I20526.AG,-0.5671561279248638,-0.4535750936424096,0.11122059743157568
I20570.AG,-0.5710670276333144,-0.6160131347562765,-0.026506303851070553
I20571.AG,-1.0346331456630136,-0.3881893739999715,0.23466014360325296
I20572.AG,-0.7652964004533156,-0.23400914577123572,0.02830545767518632
I20573.AG,-0.6111267558345093,-1.0359824130028874,-0.5143515982909691
I20574.AG,-0.5299443919357218,0.4387954716646741,0.6324040601539446
I20577.AG,-0.6757558744404704,0.20124468269930326,0.4513129398194409
I20582.AG,-0.4091656475672935,0.5672919861914346,-0.22465690973318542
I20583.AG,-0.09811321680905392,0.2419637045778585,-0.6362230092323298
I20584.AG,0.014455911728058027,0.2710485049885923,-0.5343763969909608
I20585.AG,-0.3341980007821409,0.7217312942334617,0.12661690348919874
I20586.AG,-0.17188444609504175,0.8984442827395561,-0.3542652666478204
I20587.AG,-0.23588210646623153,-0.10908099612539544,-0.3061939777074485
I20588.AG,-0.06167516557513538,0.4132661417501486,-0.35263300409065795
I20589.AG,-0.3279445981517749,0.38856511504622315,-0.05566250592880201
I20597.AG,-0.12513277687078267,0.26834197326976217,2.0701037932312536
I20598.AG,-2.4291850617809274,-0.05250715258080855,-3.4310060096386716
I20600.AG,-1.4159624993604454,2.275395969481651,-0.03052759051854017
I20601.AG,-0.18853832407940221,0.5325690548529022,-0.12836620452801553
I20602.AG,-0.055158755980041864,0.8136158177693461,-0.09025054826755187
I20603.AG,0.6837547283723227,1.1582109051804508,5.452446838090574
I20604.AG,0.7985288717133658,2.9424833497729175,-0.015451950416149985
I20605.AG,-0.11713828968222446,0.005906256953187134,-0.12780227715508644
I20607.AG,-0.07561872117735967,-0.4348006022304017,-0.1958580891569423
I20608.AG,-0.2918205387451767,-0.012770086305493374,-0.27746649245490124
I20615.AG,-0.689562766057148,0.9245678240589724,-0.3682614540955696
I20620.AG,1.5265462513605539,1.723215317531076,5.597733466213387
I20621.AG,-0.43117109042805896,0.5375875239755283,-0.017258607621548547
I20622.AG,-0.6851387718755223,0.7933973592970313,-0.15587175631720773
I20623.AG,-0.6526938167658406,0.28395276424129284,-0.6419336314921514
I20624.AG,-0.8909221794717993,0.5054000535918386,-0.30736622520982776
I20625.AG,-0.4844958524171165,0.36712777289320747,-0.20877122815916288
I20626.AG,-0.28782063971833693,0.3375579855852032,-0.16087855364021578
I20627.AG,-0.727542584344431,0.2848221999297105,-0.618828222048904
I20628.AG,-0.22028300897094538,0.27133614840258574,-0.3803144856220681
I20630_d.AG,-0.6521297028974596,-0.16796736754527022,-0.37589367842351235
I20631.AG,-0.70209107935723,0.7463860078679768,-0.24808958181182716
I20634.AG,-0.43255240092942926,0.4946675135309079,0.38347272287380674
I20636.AG,-6.504460135939439,-1.7690081884533733,2.0617084231476146
I20637.AG,-0.4200261390755757,0.5973265531370731,-0.1628453610240595
I20638.AG,0.03655714735168645,0.11485132810947675,0.25666846106679025
I20639.AG,0.32786282940433575,0.34868629845847143,-0.424873141772769
I20640.AG,0.2584057398961125,0.4055522029964858,-0.332990506280152
I20641.AG,0.14504709125645207,0.39419335841229375,-0.22281617840448995
I20642.AG,-0.20778754597783458,-0.3750989267668313,0.010460033097567057
I20643.AG,-0.2288380339572562,-0.26128692517954,-0.3920810208146174
I20644.AG,-0.38575743576678767,0.6225700527531187,0.03938658551028605
I20645.AG,-0.0847358107724598,0.29722984670574154,-0.16518330603323064
I20646.AG,-0.3018541137999863,0.4045483694090916,-0.2384830311011251
I20648_d.AG,-1.1316334412696494,2.005079292143795,-4.875997680828271
I20649.AG,-0.08888435164468554,0.050331647474757664,0.3923641452800393
I20650.AG,0.023886010150569296,0.507852456562786,0.19175937022790548
I20651_d.AG,1.8568039865028267,-0.4785373371498898,-2.1407739315328054
I20652.AG,-0.11622850026283223,-0.07620881313240356,0.0057980025508579
I20653.AG,0.1139440433034609,0.4129030521370049,-0.919814167214438
I20654.AG,-0.3255259517223936,0.5519624869725731,-0.2499887604297497
I20655.AG,-0.5343249281931777,0.4518756777480623,-0.2554806464698973
I20656.AG,0.21019896775065477,0.21809858305863614,-0.47902490766535805
I20657_d.AG,-2.744665814038685,-3.9201961966988708,1.4691734754878367
I20658.AG,-0.5626946600123456,0.20191658350922936,-0.14138112610663695
I20659.AG,-0.19907741212351895,-0.06668105232748359,-0.13337933409810385
I20660.AG,-0.3928804838261375,0.7255660793928917,-0.16959346370112072
I20661.AG,0.14848472154676903,0.4660683295243415,0.009981181236420746
I20663.AG,1.7811194945639235,-0.6418726419123937,-2.098430285502661
I20665_d.AG,1.8488247268533025,-5.550748912209733,1.0160901621562797
I20666.AG,-0.3519007184864486,0.10090850518225335,0.04086372223904503
I20667.AG,-0.1748881257345011,0.5689833673691924,-0.4264180523100712
I20668.AG,-0.2933769020899222,-0.24750284915736157,0.11320285414318995
I20669.AG,-0.02347284722878321,0.3974406096960267,-0.07030574733027231
I20670.AG,-0.13396973157601783,0.007954738925767061,-0.00591839791491888
I20671.AG,-0.38997798905578596,0.3883831574842425,0.33753102308502747
I20672.AG,-0.2670987940069182,0.6782411596784037,-0.13509417259191034
I20673.AG,-0.5139992416288052,0.021885767151090155,0.02847795720159077
I20674.AG,0.16816541023848947,0.4433423901274357,-0.38900409748829895
I20676.AG,0.06970795231901858,0.34702689977779977,0.21196033725460867
I20677.AG,-0.04893811545803935,0.0667508282901716,-0.06404619357542866
I20678.AG,-0.09446571413730162,0.3655713872404775,0.13913880787760247
I20679.AG,-0.015957649258259574,0.03480617343339713,-0.09422287192156031
I20680.AG,-0.01877952327027952,0.13866595941963464,0.06132093572556478
I20735_d.AG,-2.961424330750443,-3.9338494119414222,1.38258467858935
I20736.AG,0.6384789118161169,0.09793201686650561,-0.300239549953088
I20740.AG,0.5482845122721015,-0.12775665794959828,0.2542895355852495
I20747.AG,0.7597028332859018,1.0932189089406181,-1.4188301180638623
I20766.AG,0.04589045075288671,0.04276443997331298,-0.6227996181644226
I20767.AG,-0.2889744988078283,0.3593250767252536,-0.4945098312488961
I20798.AG,-0.8988358291140032,-0.8369713794310835,-0.3200391139501375
I20799.AG,-0.8016172635303135,-0.700103793661104,0.028444081814343547
I20800.AG,-0.8645438368057573,-0.8909692865425002,0.06903940473761877
I20801.AG,-0.7338404480401498,-0.6524634288689547,-0.12749832225708396
I20802.AG,-0.3481885176663312,-0.4589966233144441,0.49985174897000784
I20806.AG,0.9763351200042625,0.8900611904430781,0.5978051902596508
I20809.AG,0.01876773706822653,0.2614476394217666,0.3304208617466806
I20810.AG,0.5961850863514704,0.9017608285221205,0.3254668069047265
I20811.AG,1.4737391385909757,0.6413706276193459,-1.9068127471963954
I20812.AG,-0.6702560995349179,-2.5898224767626785,-2.726385292577656
I20813.AG,-6.652850364886228,-2.0179739852542644,1.1997977495110237
I20815.AG,0.3036141808502523,0.2985776166212819,-0.12599920846804308
I20816.AG,0.46292104034558984,2.901856039496454,-0.15637171887640502
I20817.AG,-0.6958254376173054,-0.052980903439047926,-0.7092404179187215
I20827.AG,-0.12789357406496532,0.4090289218605703,-0.383808052312879
I20828.AG,-1.8137460277931103,1.7098489364236085,0.09154928282101701
I20982.AG,0.009680312333437784,0.2841239639096429,-0.08311694065842172
I20983.AG,-0.5712627108107684,1.0499771941235414,-0.6837702620951218
I20984.AG,-0.4351435776036274,1.0223393994734022,0.1212991328621188
I20985.AG,-0.31059256120573103,0.7635198018752537,-0.7334348743866136
I20986.AG,-0.28565946284447463,0.5955867815626855,-0.13003905264024365
I20987.AG,-0.7553043676823833,0.13617068757489562,-0.5020683217403278
I20988.AG,0.22587332168431606,0.8095608114029473,-0.30890233499287384
I20989.AG,-0.16035964966913413,0.598834462120717,0.26335796384191235
I20990.AG,0.18803398842595,0.6199348561012321,0.02236704389007087
I20997.AG,-0.8286968529017433,0.04103018961788298,-0.35043730476001744
I21178.AG,-0.8055018218227384,0.3950036520128273,-0.2850610591899937
I21179.AG,-0.12924914405569984,0.6167635948165887,-0.34145853628033596
I21180.AG,-0.0519185206803773,0.5882766603428851,-0.531153662216901
I21181.AG,-0.1574952294312443,0.5396857291331368,-0.8023688563507955
I21182.AG,-0.41765609702789164,0.26076051023208174,-0.41820719858926025
I21271.AG,-0.099089396498973,0.5715653036929612,-0.005943476415706632
I21272.AG,-0.45636005975651667,0.009217404207337031,-0.1275887789450001
I21274.AG,-0.16467098268759514,1.082315872553741,-0.13902655085832438
I21277.AG,-0.07787354059065747,0.27075949357712675,-0.7309993304157644
I21293.AG,-0.4331771292925755,0.6019621456043778,0.10978482603835789
I21302.AG,-0.3523953605063122,0.25024851381179136,0.34208956013255004
I21303.AG,0.19431460840668838,0.7431788258599737,-0.18130995189883167
I21305.AG,0.16942017183552552,0.6234931496369781,-0.6285386751331704
I21306.AG,-0.8323063523999512,0.6414129850105135,-0.05590147183993204
I21307.AG,-0.28829567664503547,0.5697073124880652,-0.26803152124179647
I21308.AG,-0.4340232148042055,0.23665074106836229,0.1044799626136374
I21309.AG,-0.018279157679517422,0.6486403085591887,-0.3135881701397751
I21310.AG,-0.43886408702768037,0.9721280104950707,-0.34835738064115296
I21311.AG,-0.006078933708566011,0.7928642885805669,0.14805946045255092
I21312.AG,-0.5060317035861726,-0.09567038872770153,0.1799800050410954
I21313.AG,-0.30545412984413756,-0.03429413342991946,0.28222839712749787
I21314.AG,-0.42454149000825153,-0.09078439620336039,0.24112366805570054
I21315.AG,-0.5729045481013585,0.38604063858205406,-0.14117709324504088
I21390.AG,1.1764370745025503,-0.23793790340615723,-0.2592518829605709
I21399.AG,0.346798944788966,0.40917081102034314,-0.18010420224401347
I21400.AG,-1.1972500680755684,1.9374502123304562,-4.883382207267771
I21401.AG,-0.78344246647077,2.55266270461737,-0.13368362477921272
I21402.AG,0.04223119192178875,0.6091035009547943,-0.41297712096645445
I21403.AG,0.4081305327300825,0.4171617613532186,-0.22678894299008803
I21714.AG,1.0000082362825005,1.094733492702097,0.5864336703205887
I21763.AG,1.0152858240283111,0.9357272248412108,0.29505585851233274
I21764.AG,0.4011019579355642,0.8611606908600825,0.47164883442414224
I21765.AG,0.7467505132489786,0.8202853295084777,0.15648382741548192
I21766.AG,0.5238086009487526,0.8531841958265127,0.16722887618612536
I21767.AG,0.6093589758157261,0.7720152043964358,0.30687414222563336
I21768.AG,0.49201919503195896,0.8784567640108599,0.5090233013976233
I21769.AG,0.7107544784666929,0.7006203281619033,0.14693447623161465
I21770.AG,0.44870723020304387,0.19489079340857327,0.5931294648683603
I21771.AG,0.6482481738129,0.6518304313507906,0.30275548395697544
I21772.AG,-0.7013865546734358,1.563067752058059,-0.22821102465409582
I21773_d.AG,0.21303958766842035,2.85485877791853,-0.19327090666990998
I21824.AG,0.6080622754736449,0.838984827669331,0.1541549534469402
I21825.AG,0.7649857845333413,0.7185729762403193,0.5428502988354308
I21826.AG,0.7629916085431135,0.6009915393283528,0.553167906608049
I21827.AG,0.7271884036407159,1.0481301624192418,0.2729461651603765
I21828.AG,0.6428827784907573,0.4969053833222792,0.22478044567166236
I21829.AG,0.7619468960390774,0.6228005963049862,0.6734065732213076
I21830.AG,0.6815214513078276,0.1556841482901901,0.0013019376752457315
I21840.AG,0.46470751055064086,0.9009976176209175,0.49223664765478137
I21841.AG,0.6958418226871597,0.82688886443058,0.1888987466250263
I21842.AG,0.7926643516412343,1.1805379781760508,0.5881009106142724
I21843.AG,0.7537168120554825,0.8103748794733509,0.03955489902747151
I21844.AG,0.5568257516095027,0.8518335121685693,0.438476733833953
I21846.AG,0.1197593831840431,0.9355042184856901,0.6337305391229612
I21847.AG,0.8312315833513886,0.6957111899100781,0.11393160102576415
I21897.AG,0.6246032036158339,0.7404295239679045,0.12334441042163123
I21898.AG,0.6153997329127421,0.6541869441835048,-0.40526771318281574
I21899.AG,0.55441682107421,0.9587091081440983,0.6481199211776121
I21901.AG,0.6510877678350508,0.6823416989483484,-0.042602278253875525
I21902.AG,0.63512214622978,0.7131877131780574,-0.22692359451106695
I21906_d.AG,0.6106746348684653,0.5270806993092121,0.2048802676885211
I21931.AG,0.16437916904742456,0.1386999842815652,-0.25324905413751586
I22052.AG,-0.5071371922432213,0.9364177776454383,-0.15738083459796812
I22055.AG,-0.18788043382748443,0.5522704285459267,0.34026755356305793
I22056.AG,-0.057327733141515826,0.753686711640998,0.0028420953230262817
I22057.AG,-0.8143658205478899,0.4475512461331337,0.26039540027502095
I22060.AG,-0.3081229040523811,0.2441373195888834,-0.17859242088834182
I22062.AG,-0.6283396957028298,0.09559165595287429,-0.09061043548231322
I22064.AG,-0.2689953199973696,0.8556507143020664,-0.06851182035480043
I22065.AG,-0.26545386609570826,0.9174322914347118,0.11254744472032711
I22933.AG,0.06740319704781739,-0.21011670115826142,0.13168474758179705
I22934.AG,-0.009479164529559917,0.28873075976231716,-0.0731397650908984
I22935.AG,-0.022940303920076142,0.24534944775482848,-0.027542619853025776
I22936.AG,-0.1417623376072267,0.16890535297328874,1.989523184962416
I22937.AG,-0.24399807531396564,-0.14099940478456818,0.3480972394886171
I22938.AG,-0.39203523604948437,0.3464892128264742,0.3905507611154756
I22940.AG,-0.23772065357992295,0.09437621008006647,0.8122531829119175
I23093.AG,0.7019322561516517,0.6420441335759894,-0.03135453428562332
I23094.AG,0.18483014702682066,0.9665717583578294,0.27059098716543084
I23205.AG,0.26383947351335113,0.047466924089831115,0.9357732174827098
I23206.AG,0.3300041980712298,0.530137541518401,-0.29471573849614596
I23207.AG,0.4348020797221161,0.8299069139351528,-0.27888059957332106
I23208.AG,-0.007117850832712412,0.4251363228659928,0.5453844185721917
I23209.AG,0.019061924529224658,0.859176281848234,-0.11285898904844803
I23210.AG,-0.20009977938269616,0.958863520002707,0.07357158608249811
I23211.AG,-0.9270849177511474,-0.07976698614329217,0.2382839692616538
I23212.AG,-0.7310823718276105,0.11483810028881679,-0.48343516300219935
I23569.AG,0.591771376588835,-0.02420068734104898,-0.12748924285413
I23904.AG,-0.2782903750681821,0.3655046925094121,0.09397112715586053
I23911.AG,-0.2802807618696277,0.51342863324453,-0.07112563331679601
I23971.AG,-0.18112781636088074,0.23584068215097573,0.05702320602917838
I23974.AG,-0.16193453627856244,-0.03975175791456697,0.04227595233125588
I23978.AG,0.2511688402341518,0.29888967075822626,0.1256854653820743
I23995.AG,-0.2848352638871726,0.5708519479053327,0.12736067950992724
I23996.AG,-0.26462766129507515,0.6455191310367863,0.19922348792319697
I24015.AG,0.44394299805647464,0.38464506835572215,0.7361403784908147
I24016.AG,0.7620271757943137,0.7460189925309734,0.13589419109406992
I24017.AG,0.5731465878519507,0.33609087375609964,0.798375499051749
I24018.AG,0.3143551688691598,0.40438020765706456,0.4251513068326892
I24021.AG,0.7316590902023694,0.7172923759074104,0.401730437602733
I24022.AG,0.2972175720633113,0.43520311586477606,0.40103091206849684
I24023.AG,0.3395239394753399,0.4259698789363488,0.39818074561769873
I24024.AG,0.7226669416935888,0.7599501794383141,0.4705044721356671
I24025.AG,0.368474858347166,0.8425722227321091,0.48063347797352013
I24026.AG,0.5541049029300008,0.7902413329853538,0.835736732463317
I24027.AG,1.1574501364537169,0.36349188036157515,0.5165857892754296
I24028.AG,-6.628097365902312,-1.7978805561978985,1.8216331841041613
I24268.AG,0.6905756168544307,0.6315998019609763,0.3933494302637277
I24269.AG,0.4470166556921239,0.4777989984809487,0.8485175358219345
I24270.AG,0.7276544518382717,0.6590443111228025,0.4752424665847698
I24271.AG,0.2215774943095609,0.4984606273924738,0.6889321891791618
I24272.AG,1.0733369853928394,0.576632959590184,0.8926174435067842
I24275.AG,0.39011177985410683,0.5708342105105937,0.46111348388203605
I24278.AG,0.9293923548581136,0.7319022560484048,0.8525721400482618
I24279.AG,0.5869906679382729,0.5806761079288121,0.40513420442277864
I24281.AG,0.3697546286539962,0.3090885925770079,0.3202519322113009
I24282.AG,0.3455517164344286,0.6746370442937673,0.3292159902640394
I24283.AG,0.5561691524806056,0.0952723256262046,0.808997879442523
I24285.AG,0.4957425692501665,0.38436758521776715,0.8089809436696841
I24286_d.AG,1.0383648711474958,0.760259345333587,0.37426339076653736
I24289.AG,0.7102440117115382,0.6389459839852665,0.7977951246739593
I24295.AG,0.29604299383901944,0.5897166394797927,0.9025835690873311
I24342.AG,0.08343964031145924,0.19741352110804986,0.06835757931609414
I24343_d.AG,0.2797961519418038,2.862810828347484,-0.18721836213885684
I24344.AG,1.7315690085366418,-0.7138774771603014,-2.073604382366183
I24345.AG,-0.46707030922910303,0.8926921478631932,0.43861016594284064
I24638.AG,-0.43675010294369043,0.5361459432562894,0.18520161371446883
I24639.AG,-0.3391082897108345,0.4912658917274741,0.13569683964332832
I24868.AG,0.1645976258681435,0.41149515605555187,0.7149890023299704
I24879.AG,-0.48226234870822127,0.5001656797361844,0.3510939187678729
I24882.AG,-0.4150581860797724,0.652763908970625,0.004252900477775791
I24883.AG,-1.3089198971201752,1.5817886522305733,-4.320884689459842
I24886.AG,0.41773124187593746,0.5803989768383581,0.8043388427599931
I24887.AG,0.14110308452357495,0.35605520510800814,0.7639642107214146
I24888.AG,0.4560918838677574,0.7956190029614789,0.8819302292435754
I24889.AG,0.9682955062362564,0.46443859777035834,0.408380730667512
I24890.AG,0.7562377375230742,0.7130795219528848,0.857012116461552
I24892.AG,0.9016287356986962,0.45005597379081175,0.7428193995666802
I24893.AG,0.3693929332131011,0.3123384684548583,0.2308156507914336
I24894.AG,0.556742050921888,0.9483552986150874,0.7519170313606693
I24895.AG,0.8154941035729633,0.5802597119285131,0.49687701445202537
I24896.AG,0.7300007194262602,0.39934255592309154,0.6639743915792656
I24897.AG,0.7030555135522751,0.6559876212766943,0.48484035398790104
I24900.AG,0.5627457400715412,0.5996452152247689,0.53711825799663
I24901.AG,0.4813421761539246,0.3866703292951998,0.808990950212228
I24902.AG,0.8171613533136565,0.36382194078655195,0.9256283011657362
I24903.AG,0.5750710056891739,0.5818591509499321,0.4943232687502024
I24904.AG,0.6153404639211089,0.596758021898878,0.49962598446777906
I24905.AG,1.0017900737803285,0.7921355446988473,0.3588902829092521
I24906.AG,0.6245277859601716,0.9937500789457396,0.5030833097446279
I24907.AG,0.8155541835004787,0.6689696376802591,0.4872889132805172
I25175.AG,0.518856559446752,0.27054925405905184,0.8438724838737561
I25176.AG,0.7323345672267467,0.5217668732783606,0.8066210833554402
I25201.AG,0.6534537366844598,0.4526134721174549,0.9313574829528313
I25323.AG,0.16192866665800468,0.374437635099518,1.0753553230302761
I25347.AG,2.028596543059475,-6.122492596542742,1.9269811823925147
I25349.AG,0.5176218326262618,0.43420129593814627,0.04854075724512236
I25504.AG,-0.04867930076839978,0.5750197704090363,-0.22965964609549008
I25505.AG,-0.06955324989105936,-0.29877723107238663,-0.3221596622264957
I25507.AG,0.0670511725023328,0.6026474099789327,0.6416929273920884
I25508.AG,-0.3330744861797756,0.12448614250974327,0.23119824647865314
I25509.AG,-0.01912398739981155,0.08035614372393213,-1.07281604097294
I25510.AG,0.5121225334640568,0.6818788460729203,0.29083313216612533
I25512.AG,-0.012291907047256018,0.8293404994209865,0.37997560212117865
I25516.AG,-0.43702490568343616,-0.01664333893413728,0.24109676584315373
I25517_d.AG,-0.16576034022534625,1.4120821767937728,-0.672123226959025
I25518.AG,0.2179822806346273,-0.13497072181368874,0.12915791489028192
I25519.AG,-0.3013693802173026,-0.16199429564745182,0.2570771140272261
I25522.AG,-0.5361875976421046,0.3905513352180033,0.17679388661485612
I25523.AG,-2.48789216932489,-3.840706278987238,1.354015799765268
I25524.AG,-0.29543748984879775,-0.49260875768157303,-0.7554426738817894
I25525.AG,0.002926030570254964,0.15481642054276532,-0.8596257842061451
I26628.AG,-0.6360113123623158,-0.23031090837777046,0.21022222021505022
I26629.AG,-0.06394973035545966,0.4771494489050596,-0.19938590677894397
I26630.AG,-2.4355794881426354,-0.07508796146058759,-3.4161999547147115
I26702.AG,-0.39890477692710863,-0.3634556522654989,0.6347110320017044
I26703.AG,-0.34422656430787346,0.4790454572753457,0.4061094691366093
I26704.AG,-0.3846600353139642,0.5002876759861544,0.2602392266998242
I26705.AG,-0.04641775547945458,0.1406581082293059,0.5444535488367341
I26707.AG,-0.42691291013030674,0.2240863634445102,-0.07626688770483467
I26708.AG,-0.5000104319213108,-0.13089525570993787,0.5072667521168491
I26709.AG,-0.302843369119152,-0.18830499071440707,-0.09942508842195476
I26718.AG,0.285266974892244,0.16433618848178524,0.10977899792191255
I26719.AG,-0.8577088977895827,0.4002066105438264,0.24189120489705607
I26738.AG,0.49539660555691417,0.28053631842329474,0.1378552586927408
I26741.AG,0.5216959537781676,0.5525781796366311,0.4152570949742542
I26742.AG,0.06662030110742151,0.7781520531339132,0.2797553324853146
I26745.AG,-0.20131361470763953,-0.25055551266266385,-0.5735750581549348
I26746.AG,-0.34804366530802733,0.30010691089460945,0.48686759458250933
I26747.AG,-0.056178512395324294,-0.15634978872770477,-0.4306182082941003
I26748.AG,-0.17673005698295946,-0.2960560033897525,-0.6777260563227212
I26749.AG,-0.364824000172365,0.7644501360043132,0.5443125508766778
I26750.AG,-0.41873416810305236,0.19597794243347058,0.3616961592999646
I26751.AG,-0.031127105438632917,-0.030170409032880582,1.0299741686722705
I26752.AG,-0.13300113012303333,0.7396714998779788,0.013090189959607063
I26753.AG,-0.15707501866631518,0.3087709013263216,-0.011884285112045784
I26754.AG,-0.11594518776224057,0.15301461142556622,0.7425791789576552
I26761.AG,-0.60597653841659,0.060827431262305325,-0.6904771981402297
I26762.AG,-0.6124608208223665,-0.25127397846645333,-0.29397924001228537
I26763.AG,-0.2847959240121306,0.6981806834401911,-0.13767347189259724
I26764.AG,-0.5838520179744255,-0.06338206745809034,-0.13681944971783738
I26765.AG,-0.5112649998723788,0.328112298870112,0.2772993824998448
I26766.AG,-0.7426533336113781,0.02260874148349125,0.34752828900494764
I26767.AG,0.18907737200811892,0.2323189666297251,0.189449265635878
I26773.AG,-0.29744086751184073,0.14111134504958053,0.5312513780224788
I26774.AG,-0.4456052394098128,0.24128552430523645,0.6471625513772397
I26775.AG,-0.019657982541295492,-0.466743110343824,-0.06622077319487714
I26776.AG,0.23681899714120389,0.3271433407909422,-0.19621731532736336
I26828.AG,-0.6443569056940994,0.8143242405239801,-0.5995891203263883
I26829.AG,-0.2009232711288452,1.0203129715670665,0.067488664618051
I26830.AG,-0.17805686941146592,0.6916138176997146,-0.5148385819546846
I26831.AG,-0.09749428987181001,0.6466744428726912,-0.7298717552303601
I26832.AG,-0.45341177634234786,0.7484409653536802,-0.2042827407671789
I26893.AG,-0.38654024045222624,0.7503683186480065,0.08725720480725774
I26894.AG,-0.09625877424104297,0.1067172630096461,0.2964812428756769
I26895.AG,-0.49161754832436855,0.03559210326595591,0.4670478678424215
I27295.AG,-0.3108378391137438,0.11916496058376609,-0.7878132213944512
I27296.AG,-0.7171573263331794,-0.00043635054541577776,-0.6055967850083942
I27297.AG,-0.2225394381659867,-0.3269173721501055,0.6072455344457407
I27298.AG,0.36718954946939164,-0.1124740369019753,0.06684375235177266
I27379.AG,0.1718721330653983,0.5679270336880694,-0.27871840100643747
I27380.AG,-0.6939098309863889,0.14428059137592078,-0.3230386475006326
I27381.AG,-0.2730807457718863,0.079815310796382,-0.3134389839850846
I27382.AG,-0.10562995361762269,0.6216359476766353,-0.2865277161556689
I27383.AG,-0.07775885654322773,0.6523901994679261,-0.3178812735142972
I27384.AG,-0.3199585565802857,0.40991007091197096,0.22983685711287852
I27385.AG,0.016327881721850665,0.4163327044040429,0.028718263966674987
I27771.AG,0.8010456768392769,0.3114116431546429,0.39552029214306933
I27772.AG,0.7173196419739797,0.3805007552467551,0.275862501955503
I27773.AG,0.5299197562210082,0.5859777432871347,0.4200353155766119
I27774.AG,0.6832216406378291,0.5692924223271517,0.8993768061239078
I27776.AG,0.4023483751018521,0.7714737145455524,0.8585203349782526
I27778.AG,0.4079833205535101,0.27095986129656807,0.6481128646059414
I27780.AG,0.6017287482908913,0.7149473856267539,0.6986795401794439
I27783.AG,0.7880504839676643,0.3036928006366664,0.8686057653005719
I27784.AG,0.6039765790677157,0.9200291117067249,0.382104865472563
I27785.AG,0.5926208883937316,0.8405339261271383,0.3031884485657726
I27787_d.AG,0.7735175301656736,0.9053554402478985,0.516929945017269
I27788_d.AG,-1.2954106182575684,1.8185201018822348,-4.82511846868589
I27791.AG,0.5158026559360592,0.44145307183496113,0.3545966309975396
I27793.AG,0.15123880225952974,0.1779308006507426,0.33578659763848356
I27794.AG,1.0247157967542535,0.4502504816140734,0.9607037409869966
I27796.AG,0.4992662907024979,0.6363865758899071,0.9889923463652319
I27800.AG,1.830162259938652,0.20020435338181314,-2.128653543526799
I27805.AG,0.6112658536984926,0.7735633240455444,0.6580106425863812
I28390.AG,-0.35885681854327806,-0.5220369113905948,-0.710798558764088
I28392.AG,-0.11569659298335372,-0.026705086784080234,1.068867416536001
I28393.AG,0.287889226467567,0.13524067357992062,0.3586536756681378
I28397.AG,-0.3491515797181107,0.20867233615100708,-0.17355492049248955
I28398.AG,-0.3002927549908018,0.17354134370440497,0.5848362851374563
I28400.AG,-0.28401377415277396,-0.19973955290859474,-0.13760406607445114
I28425.AG,0.3750752821875265,0.15078887422893683,0.4903310145720501
I28426.AG,0.42396285039013576,0.68021734419486,0.659520308940737
I28427.AG,0.7959552037903089,0.411201928785428,0.35830550030202335
I28446.AG,-0.7067657824722061,0.02438916257316214,-0.5827800764445836
I28447.AG,-0.16422681833698294,0.5673352986183473,-0.15665612669273937
I28448.AG,-0.32867282618213456,0.23740976368144245,0.7971140049778045
I29876.TW,0.4908755458140412,0.508090641140304,0.6426879224986262
I29877.TW,0.5463987871145993,0.10828457736802694,0.9175452857828343
I29891.TW,0.44970772143822313,0.5501330785004632,0.8386440116548289
I29957.TW,0.9239643582256066,0.860193965511307,0.730082482308189
I29958.TW,1.127537231081072,0.5656666420446704,0.5038157633257401
I30300.TW,1.1418665226317668,-0.4562139583996664,-0.2915670497972417
I32297.TW,0.3332815666716234,2.878600529394154,-0.1767281176676454
I32299.TW,-0.2094204392206853,-0.6102579360182312,-0.06453522554432099
I32300.TW,-0.5113429989808622,-0.31590571357490504,0.46620189014827934
I32305.TW,-0.8180063684789063,-0.180985161841286,-0.5989028233838471
I3294.AG,0.7449716216408323,2.931278568539587,-0.046105198254433516
I33809.TW,0.00823705929354822,0.027720969570395097,0.1795153495150327
I33885.TW,-0.07526672060288131,-0.12434855577524676,0.3805600588587909
I33886.TW,0.14799275263995565,-0.576814930097785,0.27098911003754916
I33888.TW,0.219267394373414,-0.5255886198019344,0.4256313222419689
I33890.TW,-0.4836744658611426,-0.11018597629788526,1.0346551847418974
I33893.TW,-0.07737885812943472,0.23315575187326626,-0.022551552873296812
I34287.TW,-1.2466058535447357,2.369907651478278,-0.06121860105580905
I34290.TW,-0.06787870460566121,-0.007790833782916756,0.9748692524249257
I34291.TW,0.8018975279888026,2.9390784938240806,-0.007880316599296387
I34301.TW,0.5869835000941452,2.922913265706286,-0.11414465597948834
I34980.TW,-0.6423583250391722,-0.35136803046931797,-0.6097101297102014
I35008.TW,-0.27641976265072943,-0.6659392223015558,-0.3873112845648036
I35009.TW,-0.13371896587137794,-0.28425694178443667,0.6520740871267777
I35010.TW,-0.17848923861145993,-0.7495010307766538,-0.2951125129931024
I35012.TW,-0.6639199175899327,-0.2757473390146785,-0.5815175135055352
I35014.TW,-0.43512703411398435,-0.6044687660320825,-0.19495895197912222
I35080.TW,-0.24699936984251072,-0.3414858823575524,0.7977293952816331
I35081.TW,-0.2371425381870679,-0.26286812317014013,-0.4567713730208501
I35082.TW,-0.12431221717075593,-0.4681644135057622,0.937741401215317
I35095.TW,-0.47373013982183504,-0.3213641792600083,0.20689818808014931
I7805.AG,0.3712175036024299,-0.09844870180630574,0.5043149983867621
I8134.AG,0.6723203192330853,0.08350471845708404,-0.34968115654488374
I0861_d.AG,-1.9511161115063265,-3.666141631295785,1.0515680731642296
I10429.AG,0.6368215283167379,0.2261075796836831,0.6921538236458827
I1072.AG,-0.14579205898233155,-0.30868976934480474,0.18335985375764421
I1072_d.AG,-0.1442672897561949,-0.4185491742506377,0.1234626537996287
I10944.AG,-0.7876654304505237,-0.69379459215607,-0.3293216764443924
I10949.AG,-0.3143676110337403,0.08218140242665271,-0.9775558248156926
I11683.AG,-0.06621924021514461,0.8360184185216842,0.06633917774799225
I11843.AG,-0.26835611120940117,0.6848684031056848,0.5221943798492504
I11902.AG,0.9256105106905623,0.7157775698685165,0.4019149166365128
I11906.AG,0.6749566741391058,0.3304808227382083,0.6804293953525719
I11929.AG,0.2997374126539088,0.9956100015944638,0.3862394569074352
I11933.AG,0.5924821707391336,0.8274482969463487,0.10159562845355971
I11991.AG,-0.36718517281876606,0.8050367189699813,-0.29807000936527045
I11992.AG,-0.23012258546037256,0.5449809592657737,-0.024455306034186997
I12171.AG,0.6529033084669638,-0.19981041939862604,-0.30927730031666717
I12220.AG,0.00613735448736579,-0.5683492991899391,0.4076241284303087
I12314.AG,0.8244236060185353,-0.14848036469918807,-0.7250512002720536
I12439.AG,1.0657198901786415,-0.7225476530051647,-0.21644549488969883
I12608.AG,5.882076339772999,-3.1970483377447336,-1.980180998785438
I12610.AG,-0.23355483431492627,0.42199447400359436,0.0708843018896
I12614.AG,-0.1335854378858625,-0.13689235871755723,-0.284897215669421
I12624.AG,-0.9486512811505269,-0.017875675518677952,-0.6358196878091946
I12936.AG,-0.32130100429285435,0.33659634770852787,0.012032109789877083
I1298_enhanced.AG,0.7870730769542973,0.28647855824516033,0.18393504736540991
I13128.AG,0.44891709793967316,0.15227803491068623,0.6082800068249709
I13162.AG,0.39040560480246156,0.6531936371387702,0.6388827804644371
I13170.AG,-0.42673574251223784,-0.4814353781888752,-0.6817105082124821
I13428.AG,0.48357952868362886,0.4389044775183586,0.07397358051121689
I13433.AG,-1.1688777503714785,-2.509870431957106,-2.5350653842752435
I13506_d.AG,0.12205587527598777,0.48257895377035964,0.6533039602853912
I13513_d.AG,-1.0392226081063813,1.5844489634682284,-0.049464198366009945
I13514.AG,0.10072827840307869,0.5861640440675745,0.40700678127282885
I13516.AG,0.06939937591732635,0.5969371718591107,0.5412911259462525
I13517.AG,-0.006715214556057689,0.5633135407716537,0.19035114402226502
I13517_d.AG,-0.023409340754534873,0.5768516215337226,0.18537476187923463
I13518.AG,0.1813777059584782,0.4334591595028727,0.3791756613994206
I13519_d.AG,-0.9354801648400155,0.23934346419391575,5.0455951801098085
I13531.AG,1.812142355001015,-6.193340184838782,1.970318715773931
I13532.AG,-0.5149578711790178,-2.8240267326530284,0.03174722684466511
I13536_d.AG,-1.8162237483187504,1.843280978886891,0.08382774656945831
I13577.AG,0.36500853894636354,-0.055297731634904645,0.5523399615561158
I13578.AG,0.5436446807480941,0.175814853101271,0.774767408491908
I13579.AG,0.02199065838487527,0.7720823441406296,0.539809780715485
I13580.AG,-6.609016589732566,-2.0741187563249355,0.9914970702599815
I13616.AG,-0.20266153548249605,0.26457186093618534,-0.3646655030209975
I13617.AG,-0.48138661128012794,-0.6537249518312026,-0.14757316613947466
I13682.AG,-0.6839422994959384,0.2691285010615983,-0.5174273886893971
I13684.AG,-0.7463607705532203,0.1758492953357287,-0.4268906424395472
I13710.AG,-0.47522123099147956,0.36234784788744373,-1.2365743155529794
I13716.AG,0.1909784407393495,0.04907001184153078,-0.05809041079270214
I13720.AG,-1.5197598991538677,-0.05504499649629019,4.851711802705089
I13726.AG,-0.4766592159676196,0.2618978413017463,-1.1372778526132084
I13833.AG,-0.2695223898264204,-0.3310114919466857,-0.39509651859391803
I13834.AG,0.0928878918452076,-0.2558655295039015,0.7511629120834611
I13835.AG,-0.2792918625720858,-0.31099277098268846,-0.5640148230976696
I13893.AG,1.2614323654368598,0.06701921633690393,-0.44158399043673535
I13896.AG,1.2186645206312294,-0.5356186466352141,-0.09725702737457825
I14158.AG,0.8009319014303476,0.8491935719564608,0.29133651438241254
I14200.AG,-0.23751988332549484,-0.01137198069633512,-0.6667701805197552
I14379.AG,-0.7700125066554128,0.434685478502745,-0.2582602301300321
I14481.AG,-0.11425146574156789,0.04907850385817777,-0.47312724407588874
I14685.AG,-0.5192989258120508,0.403553039718579,-0.09298449910582633
I14742.AG,0.5169787486359332,0.5176281351875173,-0.32096636384149
I14745.AG,-0.3620878166219644,0.7763317105580008,-0.29233831625401296
I14984.AG,0.008885088470026767,0.9567576563688588,0.0030747692405148058
I1510_d.AG,-0.6834931736262128,-2.7245584554237006,-0.736317525032684
I15462.AG,-0.08909751677900123,-0.08403435461985438,0.5888910611719268
I15538.AG,-0.02604277914400093,0.05756317321278214,0.756916562584521
I15616.AG,0.8813649965457045,0.447644443600918,0.1345538529473409
I15620.AG,0.30191404019914797,0.1064444329903357,0.8536642530308449
I15844.AG,0.5615386589574617,-0.5256785178483783,0.41910253359510913
I1584.AG,-0.4323233408555839,0.5608578774914651,0.41828753097252247
I1584_enhanced.AG,-0.4884499454469549,0.6814446013907663,0.4073774358684298
I16161.AG,0.36879670086730265,-0.5387997566221686,0.1150706150965415
I16170_enhanced.AG,0.41375599740923613,-0.5797583938709646,0.3666373206044536
I16405.AG,0.25990601360564475,0.19991776700931874,-0.43985337616706865
I16448.AG,-0.12021979672578328,-0.15436110882073936,-0.5098365849245867
I16453.AG,0.06688360068362764,0.24740818258040262,-0.8447046275214289
I16469.AG,0.03467459333188351,0.5793856774755064,-0.21567909730137172
I16475.AG,-0.637431303817888,0.9087891575177485,-0.5827406740423438
I16592.AG,-0.43934381113395465,0.0035867625899414835,-0.25017177652739464
I16600.AG,0.037484628157116166,0.4042025734864556,-0.49257610373586713
I16617.AG,-0.3807826133427132,0.6788476027350121,-0.03901432414118578
I16618.AG,-0.43208660008287225,0.8773961378267402,0.20936642957831503
I1687_enhanced_d.AG,-2.282905122748684,-3.565234059373072,0.49280470127901754
I17264.AG,0.032604127876348345,0.5683646309314273,0.13963147682397875
I17313.AG,-0.49786211652098367,0.2166980606939273,-0.4845906345195151
I17455.AG,1.0079821801125877,0.39236115023713464,0.48370892170331936
I17878.AG,4.555267737804141,-4.249218673526976,0.5262360349485308
I17881.AG,-1.1685295721317732,1.9040066104209277,-4.696658682091019
I17962.AG,-0.3014949005160268,-0.011835291514574558,0.598827126081967
I18110.AG,0.23828104621497057,0.557365018005577,0.0519076693008651
I18111.AG,0.33544392115543126,0.8750379793828346,0.9498934985903659
I18113.AG,0.6614971585373389,1.1168857706510613,0.5140520467377598
I18114.AG,1.3023521595355827,0.5261542543696412,0.23543012837428426
I18115.AG,0.5307609707941622,0.4993981771273017,0.7074582473698943
I18116.AG,0.6476854085978844,0.6348703276677828,0.3924557037958135
I18117_d.AG,0.7207751321734969,0.5912472481096617,0.4674150326806664
I18719.AG,-0.5603122131714726,-0.19086437788553487,0.43405051248744697
I18733.AG,-3.050945720759158,-0.61503504880393,4.256876521960149
I19017.AG,0.0034693776603781524,0.29369791068670964,0.10081399309512215
I19022.AG,-0.2662510293968115,-0.6983685549278849,0.6006511083050493
I19027.AG,-0.3228199978227671,0.5920386488939401,0.4512123318613696
I19220.AG,-0.7567076309857101,0.8134581681338393,-0.7430209180775926
I19451.AG,-0.007174513396266304,0.603677653377484,0.3677327395182377
I19481.AG,-0.04528210411827325,0.13461943472300963,0.737342837911403
I19487.AG,-1.3194783357205322,-0.2614879521914079,-2.929983982543679
I19488.AG,1.449637356447354,-5.754135089636147,1.2655835839216834
I19490.AG,0.24657806865825482,-0.3474657621692511,0.6958871189756307
I19493.AG,0.2736983024534091,-0.08376458469772748,0.336187439384408
I19494.AG,-2.4016753895145144,-0.3938834192593604,4.531002901102734
I19495.AG,-2.062629259994586,-3.7066963077774924,1.129690499121223
I19497.AG,3.210805095416514,-4.897784841527584,-0.12325789782620528
I19500.AG,-0.27568344519989285,-0.41975934806032883,0.8332775679774468
I19987.AG,0.34064333494483906,-0.054340042709397546,-0.6459756837618689
I19991.AG,0.6944977605982346,-0.11275184278005336,-0.031292996961140365
I20000.AG,-0.5765674517127305,0.31121634437904827,0.5486547044515198
I20146.AG,-0.7020192713860139,0.02221136182867429,0.31190691031614637
I20632.AG,-0.6730612202150766,0.582133383049659,-0.07327859158552677
I20749.AG,0.41445607165123927,0.3172058898640055,-0.64339506388829
I20750.AG,-0.5569040737194507,-0.09902693915198539,-0.8265706646456803
I20751.AG,0.46513013947921944,0.6543864660496866,-0.7847976656103369
I20752.AG,-0.3070891551442437,0.06539653053250537,-0.35449848735636025
I20818.TW,1.4390318673645541,-0.20539155826398206,-0.2196238204707038
I2180.AG,0.6784714127734712,0.801496725549872,-0.21734744101093662
I2357.AG,0.4626473361184619,0.36321568718419867,0.7197940523485917
I2446.AG,0.24934882155553753,-0.25713770837118843,-0.4645712591580027
I2448.AG,-0.6461394691947517,-0.1532413258810461,-0.8241850853816474
I2469.AG,0.4457784993244613,-0.8541425426781102,-0.15629304069283947
I2470_enhanced.AG,0.573494547039735,-0.12072547226761966,-0.5750371398234512
I24884.AG,1.0124868251032972,0.7305842538571065,0.6519541863776943
I24885.AG,0.4754602325875302,0.38551030045027546,0.8437704254934982
I24891.AG,0.3783356368547353,0.7647762859096767,0.7131127610011309
I24899.AG,0.46842128516219694,0.756176008070458,0.6403499177422759
I2500.AG,-0.42495402255411463,0.6077195330923523,0.37705606832447797
I25334.AG,0.6541911171276168,0.24108377294713415,0.7090362896545838
I2565.AG,-0.6005584005539446,0.48299539872961916,-0.3156978499650811
I2574.AG,-0.4666390340530177,0.2968690035531523,-0.28961697972001904
I2598.AG,-0.8401977369993137,0.07345346882473724,-0.32058021628460787
I2611.AG,-0.7291507476327681,0.6978756145119364,-0.37866553913498885
I26714.AG,-0.5179624789567346,0.19327496605420244,-0.0625584076719637
I26897.AG,-0.08189478575479929,0.44727987769896926,0.43844049070800595
I27789.AG,0.7279784294714572,0.20741840049679444,0.7200827060512895
I30293.TW,1.0236497962844227,0.020344818331308186,0.12354437714285237
I30301.TW,1.061743123146999,-0.10488877259966908,-0.3285583588696686
I30302.TW,1.185978430219955,-0.4781875205671134,-0.16022831645900687
I30304.TW,1.2102427353111849,-0.5848644127525988,-0.27875301607953756
I30311.TW,1.1793710958764605,-0.5507276708458171,-0.2290134912422291
I30332.TW,1.143604018450147,1.4314854207899823,5.535517364741646
I30334.TW,1.2255875444375832,-0.61155969239695,-0.27078601847600153
I3141.AG,-0.7485559576332187,0.4274646931296224,-0.05679691258595391
I32301.TW,-0.3505594948869327,-0.5325967909729366,-0.22362053118505432
I32304.TW,-0.43580805008630574,-0.6678893698698288,-0.26694975128974097
I3315.AG,0.3866140187251832,-0.2655932544501551,-0.21172543857959092
I33812.TW,0.11746647412409733,-0.49835105621473863,0.6060469564286957
I33891.TW,-0.04550306367300221,0.11921865650093742,0.16442129813850012
I34292.TW,-0.2963327106898887,-0.031237983704834712,0.5924333725264437
I34294.TW,0.07545896834766626,0.10195452322757698,1.137291066795444
I34296.TW,-0.2378054839083828,-0.3672307112242826,0.6557766818899099
I34297.TW,-0.33054832041029275,-0.02856775144254645,0.41619006094009653
I34299.TW,-0.32765801094611485,0.07317990877884899,0.46006348308940526
I3878.AG,0.44637607431158943,0.33489437350589557,0.28306901806589996
I4188_enhanced.AG,0.5887842504011496,0.5378431276787623,0.20598176434107607
I4556.AG,0.853426532141639,-0.24298654791478355,-0.13938095866148253
I4622.AG,-0.5001709398139704,0.1717348293353261,0.37130755287975603
I4949_enhanced.AG,1.4534107662993525,-0.09220152960335513,-0.04287749981222683
I5243.AG,0.40181798376670547,-0.25240641727750296,-0.41103418048935153
I5395.AG,-0.5190053132012137,0.7261470498130664,0.4257283634919508
I5404.AG,-0.2651749263362766,-0.532170958654527,-0.626331450883535
I5432.AG,-0.449977001220393,0.6258806421533819,0.40796836894448485
I5504.AG,-0.017936137571424444,-0.26758276275119264,-0.38263783215231545
I5505.AG,-0.5982549356596848,0.1895778748237201,-0.18543175656014316
I5655.AG,-0.07137359341660131,0.9970321811953765,-0.31339599168409193
I5657.AG,-0.4623537215608364,0.6746455125424802,-0.2888404589334205
I5660.AG,-0.14045426278033102,0.681611602983461,-0.4650976387951477
I5661.AG,-0.23000991758129113,0.415145558435957,-0.81739465161025
I5689.AG,-0.07541760169508979,0.060211333536638725,-0.17741866816959645
I5690.AG,-0.3098112672961982,0.8743262775793349,-0.2888970315359273
I5695.AG,-0.03939384408772964,0.18907002043648083,-0.1144005985946906
I5696.AG,0.4512828710631295,0.4106294211581042,-0.10933368847923947
I5697.AG,-0.377565004201525,0.10826356770630943,-0.5446016375489335
I5698.AG,0.5597304350107437,0.3983658105565357,-0.237644321466715
I5744.AG,-0.4591843268474522,0.11974463092295766,0.6433276294269121
I6420_d.AG,-2.1229827966124852,-3.486241195065238,0.32807595494063396
I6912.AG,0.49254233558030763,-0.21448482940573046,0.3371918835102071
I7073.AG,-1.5315121584770515,-3.4992854225176244,0.7871256715367577
I7079.AG,0.25724942304650456,0.05374973347072795,0.884522914795417
I7629.AG,-0.45897442182966436,0.4078852583176468,-0.861776797142159
I7774_d.AG,-2.4535222092275575,-0.3393117651994955,-3.181674052470965
I7964.AG,-0.7180906252463934,0.6220770330201348,-0.2454761665180404
I8368.AG,-0.2087908476461264,0.18382408679688572,0.7615741130986277
I8370.AG,-0.3908634159401145,0.3851481507634372,0.8573575346527418
I8373.AG,0.14776903742709452,-0.00906449375592548,0.8305761627861666
I8432.AG,-0.7100739479994705,0.14243819058319537,0.38731411803814414
I8435.AG,-0.36394710167148897,2.698016392765937,-0.18562744611893336
I8582.AG,-0.17927006907818835,-0.17528940288424807,-0.02675617010559331
I21275.AG,0.08187540731135598,0.22251459446191138,-0.7255098676571184
I21276.AG,0.02297328003378151,0.45221594951931265,-0.738333081419441
EAS003.SG,-0.00621658337229746,-0.5166085710232259,-0.06811608699002437
SED016.SG,0.008296196355302772,0.5859306823550248,0.366321732549964
EAS001.SG,-0.022002922440678897,-0.5785837121317836,0.09626607539715759
EAS002.SG,0.03398110459470929,-0.4657913506739911,0.1654086261641061
EAS004.SG,-0.22456991655934005,0.7730672685525143,0.20904160529714727
ELY001.SG,-0.3228795299103819,-0.0022778720470142746,-0.040362605624383936
ELY002.SG,-0.4703593065194342,0.22698562624713597,-0.2773777227916193
ELY003.SG,-0.310466161214201,0.21152678318138315,0.5487949733180477
ELY004.SG,-0.07227573610860079,0.09863167001326074,0.1490149256550288
ELY005.SG,-0.28357770449828523,0.1876188917295801,-0.14385763827598846
ELY006.SG,-0.551878901792529,0.20144269224516026,-0.4144533756122571
HAD001.SG,-0.5224377109906033,-0.043438805934547756,-0.10493620701977925
HAD002.SG,0.13371127803134375,0.18284236082845992,-0.08568509823228462
HAD003.SG,-0.2248106193560918,0.32131232207944593,-0.2832652674645466
HAD004.SG,-0.426851286203614,0.4254572622939243,0.3597034029700677
HAD005.SG,-0.3170014303874706,0.22391047148791865,0.3207938538596369
HAD006.SG,-0.39848635697894325,-0.03377753578079423,0.15066217139357033
HAD007.SG,-0.18039263094168093,-0.2107087008280987,-0.07329850502292805
HAD008.SG,-0.5751059604518511,-0.2815562857006867,0.17511234897503958
HAD010.SG,-0.5712481529443202,0.29766051795718473,0.3831295404161534
HAD013.SG,-0.7868582635045798,0.17921671646981244,0.36939550079739425
HAD015.SG,-0.09145381929262718,0.01968095626790118,0.5261066606290586
OAI001.SG,0.042697508151111674,0.16767450309908513,-0.06377712235975848
OAI002.SG,-0.24677357676205808,0.2661918340841251,0.27130880157530923
OAI003.SG,-0.09220055803824785,0.06662398801702522,-0.13439975426813447
OAI004.SG,-0.46443378194850127,0.046185122770882506,0.1396376598703267
OAI005.SG,-0.07706487227868064,0.17419600282109696,-0.013150064941640512
OAI006.SG,-0.15776935088944036,0.2351707773976828,-0.24462983234685018
OAI007.SG,-0.08615920593815682,0.5735506829288712,-0.06892201649200878
POH001.SG,-0.12700316335122072,-0.015603102115855954,-0.15316873960276925
POH002.SG,-0.03545461331705811,-0.22784212570575324,-0.1622764043570603
POH006.SG,-0.284386222154153,-0.43962344907169215,0.053325357220926656
SED003.SG,-0.01679030738393312,0.3198392691775792,0.25920200927796283
SED005.SG,-0.16565050972482823,0.6053070239965892,0.17442744956857287
SED008.SG,-0.20337719013608058,-0.30385602407010626,-0.1710280732720096
SED009.SG,-0.45314858682027986,0.43828777642069705,0.29320618448876845
SED010.SG,0.07553299074813001,-0.25667147187347683,-0.051139425415589024
SED017.SG,-0.4734310002836713,-0.1693336776984004,0.18157930253481128
I9006.AG,0.23197665209291668,0.6108296022793361,0.8375144713669123
I9010.AG,0.09224564117451263,-0.18702158288956192,0.8184458506788131
I9041.AG,-0.015738834194665666,0.21322409555559652,0.6194943082780454
I9033.AG,-0.20470775345706368,0.04430175982686653,0.6775644747197604
I9123.AG,-0.3063862601155837,0.19397366371738775,2.0448620222818907
I9005.AG,0.23730953735296906,0.6163402777117118,0.9264783537290333
I9127.AG,-2.5993607331321402,-0.4549459504676614,4.446275098025476
I9128.AG,0.6589395898740223,-0.9063639439171587,-1.4839774477305505
I9129.AG,0.08460337374844717,0.46320808611544323,0.6185408759810421
I9130.AG,0.537130044231269,0.5181132304161806,0.5649781657530611
I9131.AG,0.978478839146924,0.6782383817330208,0.21087106873860856
I2158.AG,0.49824816682808803,-0.20916896143311997,-0.5560702818816858
RIP001.SG,0.5656365344921603,-0.15897250092330997,-0.6358291655014712
OSS002.B0101.AG,-0.5471974965905101,0.3602002393014781,0.3196570338866671
MK5005.C0101.AG,-0.6662859427762703,0.28909654587233097,-0.3091368253342053
Ash133.SG,2.1364180726000073,-5.410231580500258,0.8241990935522848
Ash129.SG,0.41517856375467205,-0.5770256004491706,-1.819755136248803
Ash128.SG,-1.1267645964733208,-2.9668939360270166,-0.45584474232328975
Vindija_snpAD.DG,-0.06374206349646996,-0.48401899547831717,-0.1334582224042361
JAG34.SG,0.3170269169695595,-0.463857954650691,-0.22204211238882926
JAG58.SG,0.30955174703736027,-0.350882575388245,-0.3820687657635948
JAG78.SG,0.38206945285787786,-0.3725898957385814,-0.17578626369675815
JAG82.SG,0.4403105922747368,-0.31449301396116813,-0.44059657956103304
JAG85.SG,0.4103747355843305,-0.455089737372516,-0.3117334959887513
JAG93.SG,0.4196315156483443,-0.26669671127111316,-0.027293779380545946
POP02.SG,0.7346080655362179,0.02285010331551141,0.6348640915950777
POP04.SG,0.7182408124591697,0.13016549912500683,0.5362915077380269
POP05.SG,0.7317332861472794,0.05056368346413348,0.6212808256115445
POP06.SG,0.7432763097216578,0.027257508569487884,0.5084112547581751
POP07.SG,0.6629469819821345,0.024509333745932005,0.6169903557882934
POP08.SG,0.7335576874345722,-0.016064209910632808,0.498878714258904
POP09.SG,0.6035318194873787,0.04554729750702384,0.6105331753000636
POP12.SG,0.6568179364870084,0.026103125340457077,0.5151016053936052
POP13.SG,0.6642548231081131,0.03490953554969631,0.5208834602733294
POP14.SG,0.7960363891174885,0.02347630376322107,0.7298470970785547
POP16.SG,0.6264659619966501,0.04730907028309379,0.49981024973970717
POP19.SG,0.6447281763764425,0.10759065730346959,0.5561487212079734
POP23.SG,-0.19113555026648002,0.2885271567320851,0.22342625105510472
POP24.SG,0.7554980689785592,0.004873669993390307,0.526463523598139
POP27.SG,0.6684743350454888,0.07368549648544888,0.45738905140982666
POP33.SG,0.7165981318544508,0.03675974316797506,0.5576537009879199
POP36.SG,0.6758975709307252,0.17062825679640603,0.6624916912418214
POP39.SG,0.5453145067252432,0.17063508735077149,0.6524853287882926
T21.SG,-0.22510472694702494,-0.2779806752141465,0.44235189977757694
F4_I.SG,0.14934456024351367,-0.025971961705454964,0.12194038336275308
T46.SG,0.18671816049727144,-0.27604366663024055,0.17361904053114144
F9_new.SG,-1.6426578566696808,2.0998623045022002,0.029597693303887236
T9.SG,1.0970233101275884,2.9311221626569433,0.2631184995600572
VLASA32.SG,0.07107266270311405,0.29595702095625553,-0.6956552388726825
VLASA7.SG,0.1651223485122529,0.30824630556493005,-0.7454982681379132
CE003.SG,-0.8563309977008497,0.04436299708411153,-0.1279556012658039
CE004.SG,0.2555949640488563,0.1665082528639504,0.6595838749251339
KD001.SG,-0.5443993537245662,0.6357747305036964,0.10375815922921562
KD003.SG,-0.6161146155157098,0.8289814317079642,-0.38959711734933733
KD004.SG,-0.36717017578359457,0.8346945369228871,0.15934633473061927
KD005.SG,-0.6263839901239304,0.42797245849961907,-0.3391168133091826
KD006.SG,-0.6821222633336831,0.7509827035067307,0.03864057970030791
KD026.SG,1.2478210836844266,-0.04939988275703702,-0.1881993014252744
KD040.SG,-0.7771414668070842,0.4461473008955497,-0.09626692235395264
KD041.SG,-0.741086346103094,-0.050242463747632964,-0.5516982531745451
KD042.SG,4.249593003707273,-4.657722305732466,0.8459281893348939
KD043.SG,-0.19031843418763958,0.7315673380539385,0.10852672458516895
KD044.SG,-0.6372678200967286,0.9016730446397838,-0.016735955609667154
KD045.SG,-0.3192764046946363,0.4940849482424952,-0.21726907540517598
KD046.SG,0.8754130057207864,2.9394229510550547,0.04369870397757369
KD047.SG,-0.3547525108510263,0.9088665762476277,-0.27189337625643517
KD048.SG,1.0212594151561052,2.941562620241982,0.1755321785910311
KD049.SG,-0.40376023024540875,0.8079896829321249,-0.2296291991765038
KD050_65.SG,-0.2850947800381694,0.7636018993045369,-0.26493597498303184
KD051.SG,1.280209632796437,2.890501906456298,0.5847449558615615
KD052.SG,1.009842862581707,2.9417323967714952,0.16091528100534458
KD053.SG,1.3457589612722967,2.85793498807664,0.768843697974949
KD055.SG,0.03133198415901554,0.34056708289466747,1.9447512238222098
KD057.SG,-0.49067078044738405,0.7737010631572716,-0.18096406024233846
KD058.SG,-2.320554945949528,-0.6408693475670961,-2.8638255280649054
KD059.SG,-0.9771375865741071,0.3862334989433747,-0.09602562921403014
KD060.SG,-0.6656710368068354,0.6061704421061749,-0.0011549885213449405
KD061.SG,-0.41419221645596555,0.7983486033735799,-0.07553114548447551
KD062.SG,-3.935551106090338,-0.917428379761136,3.8891585050010353
KD063.SG,-0.4589497866550995,0.9037942223469594,-0.03733905258446143
KD064.SG,-0.4841972047050352,1.0106235207899046,-0.2554651675205634
KD066.SG,-1.034959824428948,2.435287682305,-0.08956750384801328
KD067.SG,-0.6534589673794104,0.1240705833755163,-0.46590763315926664
KD070.SG,-1.043513111549877,0.26653422245883107,-0.4177831554819318
KD071.SG,-2.21482208714039,-3.753266790544797,1.216174903240631
KD072.SG,-0.181867771724166,-2.423239798884703,-1.037275651475755
KD073.SG,-0.7286495790783618,0.5472139552777123,0.45956589164747275
VERT107.SG,0.8053015905602885,0.4714593128697291,0.5199314319270626
VERT028.SG,0.6809811119141967,0.17474692165201874,0.6245229585640981
VERT029.SG,0.9092081154793001,0.1135274184197277,0.7671835974652734
VERT031.SG,1.0207925096588246,0.12252754763306337,0.6347365026773794
VERT033.SG,0.9195377923016422,-0.059818556084231624,0.8409210604556496
I13837.AG,-0.37006705421864744,-0.2857072774508595,-0.5967607639037694
I17633.AG,-0.3829707151058175,0.5195308110316035,0.4056226250068987
wes003.SG,0.20878398032081666,0.5639300353898883,0.027123054267113356
wes004.SG,-0.22688370279166095,0.5789019249696523,0.40764423262710947
snb017.SG,0.41821324701600154,-0.32793409106830185,-0.09702678395264179
snb018.SG,-0.08204671383007768,0.2756083987279312,-0.34698574535392035
kro004.SG,0.3348186903881702,0.0023942312552107234,-0.1699120754091911
kro006.SG,-0.043005515527626076,-0.3465648946507221,-0.31799741709240265
wes005.SG,-0.0568820828111693,0.7452519541850169,-0.43288050023218216
wes007.SG,0.01776633461959224,0.1007318232175003,-0.14858202252346459
gam872.SG,-0.2079656511152245,0.5340364443061654,0.4216151696323663
kro010.SG,0.26097998955312646,-0.1773618228582987,-0.17492583183413066
kro011.SG,-0.3804366637395699,0.14222940858276578,-0.4561078468336676
kvi001.SG,-0.19725554158538983,-0.12091595715080426,-0.4078619665517535
vls696.SG,0.12432987880299308,-0.0021209133979015705,0.02277067324768603
wes001.SG,-0.06225303527353552,0.35339219728741555,-0.028855661491695498
ven001_viking.SG,0.004687414636178322,0.33505327988934025,0.4668677944417759
als010.SG,-0.15209299937437748,0.5335821222163689,0.13602024009653632
als015.SG,0.1850473894652194,0.5071491106111586,-0.08821951073585135
ful001.SG,-0.10285255375446817,-0.4568963186709822,-0.1244710795857188
kro001.SG,-0.014970223669937189,0.42957339374500203,0.371415824001616
kro002.SG,-0.08166202242725497,0.14679031482773217,-0.3891615727743896
kro012.SG,-0.4053761231727797,0.3014686601144038,-0.23575195585808184
kro013.SG,0.11491557389837212,0.35872927685840117,-0.38304307526336456
gor164.SG,0.08612305709988875,0.4454664320857244,-0.37114523283829437
gor358.SG,-0.0848553800392639,-0.09923862359069809,-0.10116499721568045
rtp001.SG,0.0611311111477419,0.1585520795084579,0.06031197085069841
rtp003.SG,0.3716415884078202,0.1512456042658723,-0.10614801113662174
lov001.SG,0.18465312726540864,0.25488381701712554,0.020265258325267762
kro008_viking.SG,0.14504178559734254,0.45367117146715064,-0.4701212364779533
kro009_viking.SG,-0.28542775645237484,-0.57796801183465,-0.6768991615799104
snb010.SG,0.26464849590804396,0.04631988815681058,-0.18610795926051524
snb012.SG,0.3180971661811698,0.3111274942812186,-0.03755108130414436
bro100.SG,0.254608069674681,0.0830849523212558,-0.17563254574327838
snb019.SG,0.1459379110890926,0.014665438011976666,-0.13229028300464432
stg018.SG,0.006058173198225878,0.3091500662315521,0.27684259661496663
enb508.SG,0.2174005206252512,0.29225448506078644,-0.39585796692013364
snb013.SG,0.03179264294793103,0.23331448501906524,-0.21846359137053178
snb014.SG,0.31053585098188774,-0.0330483360147231,-0.10752142235372773
kro014.SG,-0.3079279029407524,-0.1624568345288291,-0.06458668781669924
kro015.SG,0.24281808449184597,0.1882085858623661,-0.3443443117327569
wes008.SG,-0.23412866498644774,0.3560611309561942,0.06654829824534379
als001.SG,0.045702292222270964,-0.13773601527003557,-0.3010512281467614
als007.SG,-0.30656290242673995,0.6826148273860592,-0.09533769595008802
sal002.SG,-0.28122924010098604,0.5165704299621133,0.4564318085184904
kro008.SG,0.27998317780573584,0.16048807875195112,-0.07372698007612254
kro009.SG,0.27312399240481794,0.14124497174473669,0.18856572712343958
XAN003-007.AG,0.5105991665760594,0.35972465051753555,0.995554367110623
I3758_noDNU.AG,0.08796252943411288,-0.31221281644576443,-0.48326915537692483
I6767_alt.AG,0.4849755666659985,-0.10986625220225522,-0.6996703588707948
I2484.TW,0.1346196493768742,-0.5556989206700318,-0.5522458837177783
I19479.AG,0.7813646894751606,2.9329414204789295,-0.01627820934470947
I20167.AG,0.7024342366554026,-1.7871260315858488,-1.5234809433957754
I13890.TW,-0.43412168892477576,-2.759471620582086,-0.034285874650990006
I13890.AG,1.1402605411568152,-0.43529019605760605,-0.17665174347423035
I13890.AG.TW,1.1007298819421791,-0.44951330810563433,-0.20206722997106094
I13891.TW,1.2219729736852276,-0.5957240440679185,-0.2224001362321284
I13891.AG,1.1650946858021904,-0.5387349031265278,-0.23905050730744204
I13891.AG.TW,1.1812226213836488,-0.6112684506954381,-0.24232720002534636
I13897.TW,-2.966801780047049,-3.9629086894577044,1.4734668620147404
I13897.AG,1.1183120354598914,0.17991770026440254,-0.15974037377131808
I13897.AG.TW,1.0756074404520526,0.20130277738901156,-0.16460050037766588
I13898.TW,1.165510452793887,-0.5571146712098466,-0.3593850127771089
I13898.AG,1.1419120671866598,-0.47435339104383234,-0.4087749975397541
I13898.AG.TW,1.1875873400313282,-0.42029681218227605,-0.28147892805317654
I13899.TW,1.1595605722079296,-0.03733036389712434,-0.24286564720006407
I13899.AG,1.2906361336219312,0.13399223016530049,-0.2719145103706808
I13899.AG.TW,1.2111636823638308,0.08867172609272699,-0.23932757965484355
I20821.TW,1.128102564081591,-0.1911199541076356,-0.3345700832705612
I20821.AG,1.1694900278469984,-0.12273691925302493,-0.33290826082252506
I20821.AG.TW,1.1237587145558645,-0.11433263738861123,-0.26140923536857796
I13895.TW,1.171420767398544,-0.18744940122636483,-0.2618729075290204
I13895.AG,1.1323780654184512,-0.1691431836223742,-0.2660334447056416
I13895.AG.TW,1.0829181998286155,-0.13957541064916867,-0.2507589814204097
I17866.AG,0.2801706145025427,0.6130385986987541,0.44284280646584434
I13836.AG,-0.28818909003738896,-0.2719684159455816,-0.42273576819811604
I12437.AG,1.1957252987038913,-0.5446612070831294,-0.23308714731743357
I21385.TW,1.2404934537204928,-0.389438420193237,0.2557350596655734
I21385.AG,1.2582850973892767,-0.44360058200712454,0.059931060472752457
I21385.AG.TW,1.1773250945393112,-0.38473638131071725,0.10010834670216621
I21387.AG,1.2746715494369567,-0.45139139717563387,0.005266417692206276
I21388.AG,1.1988775107095808,-0.44058007502009,-0.2303004754227871
I21389.TW,1.2158628840396384,-0.5877233571222971,-0.20079209228115918
I21389.AG,1.2219006389657328,-0.6170640153529754,-0.20990458048077923
I21389.AG.TW,1.1943558598610213,-0.6065318850186294,-0.23212638934760862
I21391.TW,1.3201971788498135,0.07921842437068909,0.04285734891696435
I21391.AG,0.6689280089900025,-6.196184178349223,1.8397894433565023
I21391.AG.TW,1.4313716666517549,0.015150243203761616,0.05675412809893676
I21393.TW,1.2134728957293048,-0.5755446354105364,-0.24920603551690604
I21393.AG,1.14662767797052,-0.6225817318576696,-0.2670446008704687
I21393.AG.TW,1.154701203687596,-0.5521446067876755,-0.24200352336887568
I21395.TW,1.2279860083223622,-0.6050174560162874,-0.10427049566947609
I21395.AG,1.1997542422395102,-0.5936734458072461,-0.08028559479171364
I21395.AG.TW,1.172697993592993,-0.5900666970215205,-0.08272309618916844
I21392.TW,-1.1239901911610608,2.006380583347323,-4.85612188552448
I21392.AG,1.1253659976736496,2.9336937721223575,0.3003183460233991
I21392.AG.TW,-1.5037672644066449,0.7188406940981452,-3.55801056270993
I19020.AG,6.18486964741227,-2.620899447936972,-2.509818561445169
I19016.AG,0.5850253117844517,2.9189132030661287,-0.11024846080924229
I24277.AG,0.6545737363586265,0.6494015913904245,0.38403524994212485
I24280.AG,0.9570483046328082,0.391930145822896,0.7716129776847971
I17432.AG,0.6993098527007852,0.3267447979204434,0.6029181518530997
I24276.AG,0.17496082045534944,0.3574902960363699,0.7224805367687893
I14200_d.AG,-2.774391471095746,-3.8204838746904928,1.063155381504158
Gordinesti.SG,0.4228835166783595,0.8707217547907588,0.8747560683179193
Pocrovca1.SG,0.409635214246596,0.7315620880857326,0.586388209198274
Pocrovca2.SG,0.4102044038921771,0.7075909035204953,0.5132119267984444
MA1863.SG,0.4882341422253997,-0.19894148479721765,-0.6244135250330649
MA1864.SG,0.48622505036832436,-0.1285767594222092,-0.5748893143555118
NEV009.AG,-0.0380817773925944,0.38159931204159386,0.4157382448626821
NEV014.AG,1.3815740337828368,-6.267429273484825,2.025537058980456
NEV020.AG,-0.5617511281478955,-0.23592831998877156,0.42893294525770964
NEV021.AG,-0.7526687308357429,-0.17394605343553238,0.45391580315011754
NEV030.AG,-0.5842629240338172,-0.09400790246155766,0.566394262950087
NEO1.SG,1.6192215872621558,0.5179228699409092,-1.9945121128716907
NEO33.SG,0.3114781455600148,-0.2009693360198806,-0.9598491142446092
NEO36.SG,0.6949173632661486,-0.3299233681774412,0.09351717224944407
NEO38.SG,0.8678923437716172,0.3568893211680587,-0.43479028489013655
NEO39.SG,0.6308992958457129,-0.18459750286102375,-0.03541820071642555
NEO41.SG,4.337913170513456,-4.547577096266237,0.7625830422035623
NEO43.SG,0.8664513790861817,-0.16420881555995462,-0.2007945428337825
NEO44.SG,-0.2653141460543556,-0.3152426335206102,0.11695831518496289
NEO46.SG,0.872669188713233,-0.3140675411181436,0.06343953993509051
NEO492.SG,-0.3808089461685405,-0.04271716168022426,-0.7929146716186918
NEO121.SG,1.040867551367713,-0.3416336776676914,0.14423182090429826
NEO494.SG,-0.3514321998897091,0.01533993339650026,-0.9085811534413233
NEO496.SG,1.9256114733897418,-0.22357423743276741,-2.180103928608938
NEO497.SG,-0.4180305631279719,0.2948283014869543,-0.42055111186275257
NEO498.SG,-0.06356834618552575,0.2797462422191264,-0.5139863370179643
NEO501.SG,-0.5589531094004134,0.40402776522818484,-0.8345153484560667
NEO502.SG,0.045534931369421196,0.2573895324551707,-0.6445089140678845
NEO503.SG,0.13772587724743077,0.23635314566784077,-0.724185233195445
NEO507.SG,-0.020125108837049887,0.4028779129326246,-0.465599380294974
NEO508.SG,0.3000221025223349,0.5398052714145782,-0.5569501997871955
NEO509.SG,0.2715905220523176,0.2533834486686543,-0.4191836462138077
NEO122.SG,0.604998662065826,-0.20451843228343547,-0.5253558683913147
NEO51.SG,-0.03303618051419327,0.34240236970307525,-0.257940156348825
NEO514.SG,-0.15749175681097433,0.08413311912018685,2.087999984945928
NEO516.SG,-0.22042577438799596,0.4120824926162633,-0.5949273007797845
NEO518.SG,-0.552806366090968,-0.4406338055392904,-0.044970340834440285
NEO52.SG,-0.3148267456715094,0.21131109223284322,-0.07581475045063978
NEO521.SG,-0.32177905877682944,0.312107798811329,-0.755097313480386
NEO522.SG,-0.5843983517209624,0.4810822509600302,-0.4246106464153036
NEO524.SG,-0.001410641010688072,0.2584332483016044,-0.6225140436346909
NEO527.SG,-0.36454884569499774,0.3347326875794175,-0.8038113995070797
NEO528.SG,0.03957261240581007,0.3201370515093975,-0.5089594641154321
NEO123.SG,0.5769517010405629,-0.23269637642148447,-0.5933748369480194
NEO529.SG,-0.04393104435869452,0.4180572099916882,-0.7050443689954065
NEO536.SG,-0.43360549274925514,0.28619954030757777,-0.6870114421409554
NEO537.SG,-0.177000023670648,0.2139969800821568,-0.20511338120782036
NEO539.SG,-0.42500441041994597,0.11021698678427051,-0.4588644535721978
NEO545.SG,-0.19295999377345702,0.16466569677421716,2.02821077514714
NEO549.SG,-0.02770383068953498,0.18504225480775133,2.1280396834753432
NEO550.SG,-1.7830958970243491,-0.14036213640288794,4.764080802278716
NEO551.SG,0.09269039810540966,0.5618190544436958,-0.5810388469263716
NEO552.SG,0.014590185807414974,0.3437001544479678,-0.9139535883460165
NEO128.SG,0.7692058823940535,0.3456909728636136,0.7230110496693348
NEO553.SG,0.9101764752032636,1.3056076219680666,5.492552429247658
NEO554.SG,-0.2550782537199341,0.11617525662070724,2.0814733044798395
NEO555.SG,-0.47051654850360436,0.21533161914609653,-0.4132831205810279
NEO556.SG,-0.34906822272731286,0.19410932200123454,-0.4809643231526478
NEO557.SG,-0.2953147397774748,0.23105840322772236,-0.21820825354196818
NEO558.SG,-0.2819924299750892,0.21901678223859772,-0.17726709410439415
NEO559.SG,-0.4017665669235892,0.21083751981590942,-0.33284710332580425
NEO560.SG,-0.4451715473015327,0.21175563702065575,-0.42185114125703904
NEO561.SG,-0.46136616117522283,0.174070634712406,-0.3733936154956073
NEO563.SG,0.44015266180805823,0.13464180272425808,-0.10431479991758899
NEO13.SG,-2.427523947250459,-0.44911112728994407,-3.0744850404058957
NEO564.SG,0.6212559734515809,-0.5215492278608399,0.11517080203824144
NEO566.SG,0.6114979917381816,-0.704926036819748,-1.6626410792881612
NEO568.SG,0.5836656042913971,-0.14144541839363595,-0.5587305963985497
NEO569.SG,0.5770532457328591,-0.19716488663452109,-0.45931295379397996
NEO570.SG,0.486657338010332,-0.088687235655181,-0.6514818622314773
NEO571.SG,-0.2251092621170941,0.1657703498541305,2.0198418931270514
NEO580.SG,1.8161288753439166,0.25421670881249403,-2.117276807548421
NEO583.SG,0.547719224975455,-0.18247541739600665,-0.6818178735421401
NEO586.SG,0.5545923126662792,-0.16690393735954764,-0.5477658463984357
NEO130.SG,0.3486239586743065,0.08693801533981775,0.8034490833458444
NEO587.SG,0.5228321596408281,-0.11931835452324863,-0.5205226600600382
NEO589.SG,0.552418065203996,-0.11336962662068781,-0.6318949843865566
NEO590.SG,0.10269224732812697,0.7347497328650474,-0.3373820249220076
NEO594.SG,0.6593017207450005,0.40503054283050177,-0.04353658896572407
NEO595.SG,0.7843963278542644,-0.4251136228893397,-0.05176472122017552
NEO597.SG,1.0725957668979467,0.07307025566917792,-0.2949183516911233
NEO598.SG,0.46670437156747285,-0.07287012223099298,-0.496381485783233
NEO599.SG,1.0353100899492347,-0.058587276673217274,-0.1474901599230024
NEO600.SG,0.5982820963508603,-0.20071346608228613,-0.5185992995242656
NEO137.SG,0.8397106575227707,0.4747142730099594,0.3961331196855106
NEO601.SG,1.1530575854634826,0.09853076819126297,0.27096174451808125
NEO602.SG,0.7813024615136455,-0.27313914240614995,-0.1405156502082508
NEO603.SG,1.2854726657076343,-0.4234835374473119,0.16706680419132255
NEO609.SG,1.0641350285839246,-0.3970819885265572,0.05031959128112481
NEO624.SG,0.7594789798458849,0.009997855038082886,-0.06028528035372171
NEO625.SG,0.605161533518104,-0.09838528647350916,-0.013183126699984797
NEO626.SG,0.8859982027785933,-0.208174750491142,0.07544113554973532
NEO627.SG,0.813969862905936,-0.16325044562715593,-0.07631609260241556
NEO140.SG,0.8339881293591743,0.0819128706042892,0.7566759854529768
NEO630.SG,1.1044599858300164,0.0016934744673905162,-0.06353477428592987
NEO631.SG,0.4837222685365021,-0.6012723055606822,-0.5127411579832741
NEO632.SG,0.47983921788157446,-0.5239915972921874,-0.3647362931918685
NEO640.SG,1.056032515152903,0.3349664822116151,0.4288074536235807
NEO641.SG,0.7854929405049703,0.1679841387594635,0.2455773824983236
NEO645.SG,0.5142613488352975,-0.07801551744295615,-0.759092866605901
NEO646.SG,0.524546107806647,-0.3485488713361091,-0.5661131159226618
NEO648.SG,0.5073964816766287,-0.3488200718757578,-0.6688791528547721
NEO142.SG,0.6667871566313838,0.24202456282883228,0.5666946521060998
NEO649.SG,-0.17634273924623203,-0.26423236698948827,0.10004539959394589
NEO650.SG,0.5090230713998218,-0.2584868240655858,0.04297627147898183
NEO653.SG,0.20284239755735062,-0.0028910971098652562,0.059296023738978604
NEO655.SG,0.3372828544912506,0.19663560703562083,0.6312642456625633
NEO657.SG,0.5441930373289627,0.4666562535005543,0.5048422059075973
NEO658.SG,0.5437021468527674,-0.19148824864283634,-0.7789954778623137
NEO669.SG,0.5161145840539969,-0.007883399610547792,-0.8021211291843557
NEO671.SG,0.28277988693626643,0.17345121360353327,-0.6244402208799974
NEO143.SG,0.49225359451933276,0.009855050012451865,0.7152347893351487
NEO672.SG,0.25070835886535503,0.13554362854628196,-0.6990218301948747
NEO674.SG,0.4184186887102226,0.08224699239862139,0.828111482121128
NEO677.SG,0.30008583844944686,0.18541963341417045,-0.6703010950101861
NEO679.SG,0.5666066006038992,-0.16381253220144545,-0.4975394672434465
NEO683.SG,0.5340325356899275,-0.11322379872447973,-0.5205142608100493
NEO694.SG,0.47571231423815136,-0.3762637925586361,-0.631218506121625
NEO695.SG,0.6291012696361425,0.005234870715241086,0.7199009889481786
NEO7.SG,1.622065645987409,-0.8654019542828559,-2.0176739271887194
NEO145.SG,0.6794005374773351,0.3563494675057326,0.8865183620759539
NEO702.SG,0.5087549219445655,-0.019218467350200785,-0.07657866055183869
NEO717.SG,0.9139316353891483,-0.16813915089362494,-0.06285386020651777
NEO721.SG,0.8498361128741488,-0.5259493488210836,0.1295664453731503
NEO732.SG,0.6137792763089815,-0.01759183891556929,-0.5605135531712441
NEO733.SG,0.5385500882210817,-0.1251516205131686,-0.5467375577290987
NEO735.SG,0.03343893622989281,0.6663586554301338,-0.07274120762441803
NEO737.SG,-0.14124663240797966,-0.11125809054364105,-0.37970520897878124
NEO147.SG,0.6757949450413704,0.1456160836252987,0.3708958790556095
NEO738.SG,-0.1163260377079953,0.33458603188557545,0.06046855825458432
NEO739.SG,0.12883448279993537,0.26303946842280274,-0.18932829531801115
NEO744.SG,0.9480233363745207,-0.05354446086076838,0.013685042946274078
NEO745.SG,0.5153927680094152,-0.05336739616361479,-0.3835702958106381
NEO746.SG,0.6318316966976147,-0.05766313913630347,-0.4146750798568007
NEO747.SG,0.6107989224095474,-0.14680864928264303,-0.5850512600604444
NEO748.SG,0.5574891724868472,-0.34650202931918556,-0.587982922256174
NEO749.SG,0.4734542331499407,-0.03653350381221273,-0.5936259612752759
NEO751.SG,0.678198693636343,-0.13075951654558632,-0.6379240876392867
NEO148.SG,1.2385500253629653,0.1840310042455428,0.5509872031394619
NEO752.SG,0.20942147292821733,-0.0004026571547647135,0.1805231016975062
NEO753.SG,0.9329544778917236,-0.36606436471553144,0.1700972601510644
NEO757.SG,1.033370745731578,0.1959514761884198,-0.04265277975862146
NEO759.SG,0.4788109311843123,-0.11237158774710528,-0.6164236126635458
NEO790.SG,0.9309874734050426,-0.1659074904823585,0.05585474564466535
NEO791.SG,0.4559549604258479,-0.099241688094505,-0.6737242523368364
NEO149.SG,0.6021126069807757,0.494093080428108,0.7052963602867831
NEO792.SG,-0.7071748202484069,0.15418094940258759,0.3078064387170083
NEO795.SG,-0.858093342441205,0.2458379241641709,5.061318214553232
NEO806.SG,-0.13099322495327476,0.3410302125396219,0.515867592015676
NEO814.SG,0.5256444362062765,-0.39625481850980326,-0.6044666465470356
NEO815.SG,0.2787618215685785,-0.29263106732172817,-0.4184820701464388
NEO158.SG,-0.370056618425907,0.27509747626187325,-0.33643677528175064
NEO822.SG,0.726371005531314,0.02493309559426953,-0.5834504785713452
NEO823.SG,0.9203865270296171,-0.0701333725777815,0.7175512276193009
NEO828.SG,0.9277723929455454,-0.44808366721655285,0.3500439535458249
NEO830.SG,0.7238883886391205,-0.2684324825817394,0.5430819894138782
NEO834.SG,0.6811343787805947,0.32185795518429916,0.2771291407290894
NEO160.SG,-0.42402477720152654,0.1551173834909658,-0.4535691411777234
NEO847.SG,0.9236530826134342,-0.1889823005197575,0.11823762634751621
NEO852.SG,0.595893231204998,-0.14840504548543268,-0.6372821267743733
NEO853.SG,0.45778390264534685,-0.024209645386154482,-0.572554118183384
NEO855.SG,0.5133335346516628,-0.14560274274073357,-0.6281935665946737
NEO856.SG,0.49727425061241554,-0.2079322132058052,-0.5456743131614588
NEO857.SG,-0.20882891913225718,0.21265164817906337,2.0784751026201396
NEO860.SG,-0.3721082806116824,0.2936166557463371,-0.35586811084603276
NEO861.SG,0.29755291953540913,0.35033985003967,-0.5722900946049321
NEO865.SG,0.9284446300029467,-0.0782180896953046,-0.35806517727769543
NEO866.SG,0.8511033625006423,-0.2899964260240498,-0.002763517861491113
NEO162.SG,-0.6483652661525242,0.2075706562268028,-0.3910312387538517
NEO87.SG,-0.49951166390049295,0.19803279514514885,-0.36817297634437374
NEO870.SG,-0.5407434506452196,0.4349694796822446,0.09326140167321362
NEO872.SG,0.010307164673298336,0.1980762195216579,-0.4280469162383773
NEO875.SG,-0.36260532931886164,0.681920188398656,-0.16776610149455906
NEO876.SG,-0.7021585055494466,-0.05824122270414469,-0.2828130153473019
NEO878.SG,0.17646488013275552,0.028811318131028295,-0.2044605938237874
NEO88.SG,-0.4683583432883659,0.19429305010201886,-0.3294405461567287
NEO886.SG,0.6698324556095261,-0.09147745527494715,-0.4279614792704455
NEO888.SG,1.1124840443731718,-0.4722546550721768,-0.08217187150460523
NEO891.SG,0.7914930703204529,-0.032302642743777296,0.28408919934026633
NEO163.SG,-0.67548306459588,0.2211012059457558,-0.4135733122700995
NEO896.SG,0.9795410179882494,-0.07449715851500383,0.5052713156912954
NEO898.SG,0.20268660409476463,0.17646851962798926,-0.8719952414824342
NEO91.SG,0.5582683300259057,-0.19495094952447006,-0.5388844397498577
NEO164.SG,-0.5084402621045492,0.29380661878211356,-0.414597099485567
NEO92.SG,-0.1525276937342238,-0.05474464398289616,-0.06119493457051361
NEO166.SG,-0.43383115091275537,0.18439091083274797,-0.46381502012053616
NEO925.SG,1.1009766417833957,-0.3137344831971369,0.03919198908428887
NEO93.SG,-0.007294980500685328,-0.03303481975879966,0.19894694218724365
NEO930.SG,0.6332255577223818,0.15790429373242532,-0.7074257920849425
NEO932.SG,0.5145847196894164,-0.11296051983195485,-0.5713459026240647
NEO933.SG,1.0090595209132587,-0.13517356861545604,0.19261587386603365
NEO934.SG,0.5696282913613174,0.5130516677179323,-0.14785997048752125
NEO935.SG,0.897830692991277,-0.11153580923488135,0.5092682059384044
NEO938.SG,0.47615082002660253,-0.3328299627479418,-0.6212365827254739
NEO941.SG,0.5936594701500116,-0.22135547040527453,-0.6704235087611371
NEO942.SG,0.8012262565005732,0.040436864706557205,-0.3236869347738604
NEO167.SG,-0.5540370129388692,0.19311851688806456,-0.4274242888707511
NEO943.SG,0.846152100730358,-0.10034981622745745,-0.12847730054429055
NEO945.SG,0.8313179232243725,-0.06060143402198402,-0.2199736948059729
NEO946.SG,0.46689923044794773,0.2531789638836776,-0.21668554644242763
NEO951.SG,-0.3338577006087041,0.4718806492339399,-0.46437911395845377
NEO960.SG,0.5946352281271589,-0.08496234040977475,-0.6873770690457525
NEO961.SG,-0.06710279169518463,-1.8873857719592475,-2.164951385837871
NEO962.SG,0.1461374232053069,0.8122525588174275,5.336759017446946
NEO168.SG,-0.6705215435565404,0.025242532387515445,-0.24905326757304574
NEO17.SG,-0.27243497377108616,0.22759253922215905,-0.6311016318338132
NEO170.SG,-0.4907284400044403,0.3242147719832993,-0.5054136225582831
NEO171.SG,-0.42363907292232156,0.20311803045747728,-0.382372738589205
NEO172.SG,-0.2861370244298997,0.3089812159285889,-0.3709075959866339
NEO173.SG,-0.4271816516731636,0.22838300069198564,-0.5078899362913929
NEO174.SG,-0.45368549136395375,0.2359012876250787,-0.43847048680741363
NEO175.SG,-0.29958412537578266,0.10117155771200656,-0.2857496857724995
NEO178.SG,-0.561058438435107,0.22267641967994434,-0.23869075215332794
NEO179.SG,-0.4617162147259451,0.14912367302508256,-0.48664510968132707
NEO18.SG,-0.059375717766923686,0.2704591759946906,-0.7736573984755769
NEO180.SG,-0.44107135670591696,0.06540481753804617,-0.33789929716526956
NEO181.SG,-0.4364981904367983,0.27644898246781563,-0.8023631523723977
NEO182.SG,-0.4610065846962314,0.14823895799956674,-0.32440222803751706
NEO183.SG,-0.5480206769752463,0.3686282155028811,-0.5456556112760577
NEO184.SG,-0.4694613763506728,0.2285423330531937,-0.3562470056118071
NEO185.SG,-0.414647332883459,0.14487278911687987,-0.39573408768516954
NEO186.SG,-0.5548232505530669,0.1601193082862505,-0.30258311953809003
NEO187.SG,-0.25050209585344324,0.14369790191468282,-0.2293875548259284
NEO113.SG,-0.7886125167357058,0.12983426526285866,-0.3312593442484433
NEO188.SG,-0.1264307591404348,0.6288031415919394,-0.49787474822156225
NEO189.SG,-0.4335223825108965,0.18450246559308572,-0.479210638619414
NEO19.SG,0.5167385214338729,-0.12325044486232449,-0.6554613247334464
NEO192.SG,-0.47796312097123594,0.24752115183702986,-0.2996214283523797
NEO193.SG,-0.2993990189093675,0.09082333222726104,-0.19061297839079344
NEO194.SG,-0.42208017928639663,0.2359126368002302,-0.4662137715862008
NEO195.SG,-0.5283342614979981,0.15292028241445682,-0.47654760327371243
NEO197.SG,-0.40328501397000865,0.18304649700695816,-0.39760631901251686
NEO202.SG,-0.443934823678854,0.23442607161217713,-0.43928292273254194
NEO204.SG,-0.6329189962925105,0.3457178695621526,-0.4425150370406464
NEO207.SG,-0.49272424306537127,0.6213823146810759,-0.4080754517440139
NEO209.SG,-0.6363326197181929,-0.06526876400140776,-0.5451798846060689
NEO210.SG,-0.5394897705286219,0.13310364233528557,-0.5322674139563661
NEO212.SG,-0.7637173529859143,0.26339051542694003,-0.3191429217654732
NEO220.SG,0.30327853858109954,0.15215697908268563,-0.17349397571410846
NEO221.SG,-0.0698820279433883,-0.5525593573526175,-0.4484958151414222
NEO223.SG,0.5248382700609634,0.006218819964661763,0.12002434213213446
NEO224.SG,-0.06622734471434173,-0.20149659956736166,-0.38725544482331303
NEO225.SG,0.555371304422494,0.3886388896636059,-0.09597047668932035
NEO226.SG,0.18124713592566102,0.2962767945999958,-0.32191445060361956
NEO227.SG,0.26910646279062167,0.4961291665484917,-0.4662456930613455
NEO228.SG,0.17921314018092888,-0.15660644330676562,-0.44123107703217757
NEO25.SG,0.7265356298760576,-0.25228837098019635,-0.6639179971533252
NEO254.SG,0.5963661594856153,-0.19391557362474474,-0.5565473966852802
NEO259.SG,0.5310801030591675,-0.3845408650813464,0.3691136076243751
NEO261.SG,0.04936791738922668,0.27013347256647086,-0.028459570677963533
NEO262.SG,0.142909592998906,0.10331820217949739,-0.6822308586588108
NEO265.SG,-0.3176024509133423,0.03078402617591464,-0.6126473624837271
NEO268.SG,0.02910287776549689,0.0611524518874997,-0.43673040519772627
NEO27.SG,0.10245655537869106,0.19185263016993712,-0.8228779485066036
NEO270.SG,-0.1031244843332687,0.07206490504000605,-0.6882184456796094
NEO278.SG,-0.6515775905871514,0.18422054875494914,-0.3321885863714078
NEO28.SG,1.0669947050176445,-0.2622579071510842,0.22874965451246718
NEO119.SG,1.0574754633999752,-0.37169876522487455,0.007720908313618232
NEO29.SG,0.9230842696237177,-0.333007274237333,-0.02238898616470884
NEO3.SG,1.5621505011623886,-5.699438518260126,1.1982568900641473
NEO300.SG,-0.07838169895817278,0.34132155854864027,-0.6032984034073104
NEO302.SG,-0.17637677661011888,0.30561874708853115,-0.5700508134560883
NEO304.SG,0.0030450176415264952,0.31439448095502853,-0.6878697606869931
NEO305.SG,-0.0549595685763061,0.3355850441055298,-0.5785172038881203
NEO306.SG,-0.5624470451563351,0.5721707202615531,-0.0476039409946868
NEO307.SG,0.4433892072871762,-0.1299205546646173,-0.6794474502412686
NEO120.SG,-0.49718223989393806,-0.35902444245002874,-0.38857174294365476
BK3A.SG,4.633773167602784,-3.6332827553959373,-0.07505406480663294
BK3C.SG,-0.07798395885341015,-0.41711273998764953,-0.31763594719848764
poz1039.SG,-0.4804511669197293,0.28213448626166787,-0.06512851491675618
buk002.SG,0.7048523694411248,0.19506212530887596,0.8814788392821957
buk003.SG,-0.03200795138438465,0.42236064776499926,1.9404284547001187
buk004.SG,0.7026651391054077,-0.08708651044974312,0.7105051499887135
buk010.SG,0.47085963221233257,0.0306410670802629,0.713351391272637
buk012.SG,-1.275504720930658,-3.3643912607504327,0.6172810044295064
buk013.SG,0.7945157535833105,-6.090881888761732,1.692175996922812
buk018.SG,-1.319235532557717,-0.2671403050491221,-2.925515182318741
buk019.SG,0.8700566539149107,0.03548559226782954,0.8174116489599825
buk022.SG,0.7980170230872745,0.12019666287523051,0.6692206013638213
buk023.SG,0.6657007201061421,0.1624227605353948,0.7654916441167923
buk023_d.SG,-6.243439726682658,-2.3531584682879485,0.3664904751402563
buk029.SG,-1.368757559741248,1.4042150804046434,-4.1380356687065305
buk033.SG,-0.467032811173028,2.663034843885769,-0.17620861747875394
buk040.SG,-1.3676668270747119,1.7274578528213136,-4.767530928003685
lbk101.SG,0.970595580278914,-1.5508630231494576,-1.6713053054727272
lbk102.SG,0.6793356703410718,0.2718865918209195,0.6611463612088425
lbk104.SG,0.9384412307949648,0.18031278958235883,0.8257382694265964
lbk138.SG,0.683691826404199,0.2734012171464707,0.6465707393798983
poz120.SG,0.4451490190320122,0.25554006969661425,0.4707073987075436
poz121.SG,2.3848060205391794,-3.1304678419512153,-1.3109229900756942
poz177.SG,1.0110314095455397,0.14459726079516616,0.7377938654824786
poz177_d.SG,0.9250273265385922,0.1140577218180452,0.684682399658125
poz236.SG,0.5280979742105051,0.15433973614286794,0.5472154491286635
poz252.SG,0.8457468683636399,0.35066146578342516,0.34165789712716443
poz264.SG,-5.396723875204152,-1.5485692841665806,3.132036776675952
poz275.SG,0.7516575792763895,0.00418740974219938,0.6353468823378229
poz297.SG,0.5919738454020622,-0.1292305718448068,-0.5735537444863531
poz297_d.SG,0.61073436396403,-0.18341839342729307,-0.6780239460868905
poz375.SG,0.8227512234824336,-0.001568538026689172,0.12314641511053417
poz503.SG,0.5126848084836055,-0.47254161817786966,-0.7365274748949309
rom011.SG,0.49114739495738535,-0.10951735377509574,0.2356390941800528
rom011_d.SG,0.5192122205833842,-0.09556673708832661,0.23508226162521045
rom046.SG,-2.419225382441475,-3.820222305276999,1.3272066912913614
rom047.SG,0.7187611139629311,0.02579007540124442,0.3861039525409609
rom047_d.SG,0.7589547662131944,0.03318634482375593,0.301701297830929
rom057_rom058.SG,0.710211602289078,0.18216358774431657,0.5275214425873689
rom061.SG,0.1533632711929269,0.22017618308328815,-0.5883046653332815
rom066.SG,0.277299394873927,0.14379599790399356,-0.7422831036325148
ukr005.SG,-0.08868396792686442,0.22596473299448933,-0.8101260921683096
ukr005_d.SG,-0.33725275365594354,0.314623985738779,2.050862922457963
ukr033.SG,0.22812466991620048,0.4414310712093939,-0.6933602052488418
ukr040.SG,-1.1912352292239736,1.9420060245606605,-4.87959196570752
ukr087.SG,-0.02087340687880318,0.22663912214061097,-0.5836205399826209
ukr102.SG,-0.14983206423938233,0.289471315018982,-0.7390354160579468
ukr102_d.SG,-0.2047201837347007,0.17086352194739785,-0.7166034819227096
ukr104.SG,-0.5098791288142652,0.25428500076649874,-0.14584281629820894
ukr108.SG,0.003029987708023469,0.24970476139082798,-0.574603790606899
ukr108_d.SG,0.0010801796466597226,0.31633082037619087,-0.5929352909191951
ukr111.SG,-0.026316856846568138,0.2783632690532788,-0.48681027735143073
ukr111_d.SG,0.058541571607310626,0.3034650150046383,-0.6491761349758064
ukr112.SG,0.07255273450412437,0.2493600016828132,-0.8256584663852663
ukr113.SG,0.0881412903486237,0.33420926706936505,-0.6218842315852159
ukr113_d.SG,0.1570231614007525,0.3464498375971992,-0.5912767191660832
ukr116.SG,-0.08796397067495193,0.2706431273450848,-0.7908186518846388
ukr117.SG,-0.2175890757981114,-0.049302994776680785,-0.9174910678450054
ukr123.SG,-0.002303552978679631,0.39944741511682286,-0.4934323723390936
ukr125.SG,-0.17978211792205895,0.5131581602791511,-0.7058832059597673
ukr125_d.SG,-0.22154920956164534,0.47455191434726746,-0.7601495462068727
ukr144.SG,-0.024031166545514786,0.39912628663832433,-0.6465122447818761
ukr144_d.SG,0.024231576399768428,0.4332828305910306,-0.7753598004149661
ukr147.SG,0.10870831307710677,0.3624208362404067,-0.5780987509256749
ukr147_d.SG,0.1186420201955462,0.40855489597139455,-0.5873390618667613
ukr149.SG,0.9585238259908486,1.3010149954477095,5.501973846125671
ukr158.SG,-0.0840833760750801,0.44073521153300854,-0.5628713857277652
ukr158_d.SG,0.026242636722803046,0.4050150242621879,-0.5715626327999332
ukr159.SG,0.026296642207304568,0.16383153759491023,-0.633606029827318
ukr160.SG,-0.06098686711282116,0.21389748403597728,-0.6295566833814054
ukr160_d.SG,0.08419978844489706,0.14450394524949106,-0.7665976627534669
ukr161.SG,0.08720420001253132,0.2554931848111691,-0.5219863861246482
ukr161_d.SG,0.17663211611923038,0.12114182232273103,-0.6283934793462659
ukr162.SG,0.07559707052823346,0.34515093641435535,-0.5899853313154356
ukr162_d.SG,0.15219110537657274,0.30817901205041204,-0.6301364846588091
GLN201.AG,1.1485220752302443,-0.1538100932032819,0.32028918836861636
GLN202.AG,1.1559034666951429,-0.18508169328812088,0.3167678602033331
GLN204.AG.SG,0.7772401845016186,-0.46581223053102866,0.5175941475597429
GLN206.AG,0.9620427685138769,-0.11686380450893115,0.2954325009337807
GLN207A.AG,1.0318779920867276,-0.08830746801693871,0.42811291404852164
GLN207B.AG,1.1975124729817572,-0.2141153716763834,-0.08103872316858973
GLN208.AG,0.978328930849154,-0.06105915030582373,0.32854753575888185
GLN209.AG,1.1708427632569829,-0.1931377345441135,0.2948361474736144
GLN210.AG.SG,-6.438674820261345,-2.2833350385234117,0.5901485277068101
GLN211A.AG,1.1003676723378937,-0.259202696257234,0.3989856745712173
GLN211B.AG,1.1101539888815533,-0.1566120741308527,0.48527141976366683
GLN212.AG,1.1171640002583956,-0.11915846274964771,0.34146726624793694
GLN213.AG,1.1289486702413118,-0.07683602330011165,0.3717918113477415
GLN214.AG,1.206612399129953,-0.047547131707017916,0.3789761948965297
GLN215A.AG,0.9025934082267074,-0.03486523491185641,0.43470182043096867
GLN215B.AG.SG,-3.1960515004450114,-0.6643563263556325,4.194810799664674
GLN216.AG,1.0205023662958124,-0.10705908738078333,0.2955706454717956
GLN219.AG,-0.7077791610627504,-2.7394991603186845,-0.7189271781383773
GLN220.AG.SG,-0.24249462774494182,0.14944906185566545,2.0383154741186296
GLN221A.AG,-1.4946939732360294,-3.158394892124934,-0.2038397132114557
GLN221B.AG,1.1046732920807525,-0.11684889898115587,0.4436747389881168
GLN223.AG.SG,0.5294139720012869,2.910555257018706,-0.1373040260515737
GLN224.AG,1.0912658098493657,-0.06620476961377592,0.299873249219102
GLN225.AG.SG,-0.7094716626068404,-2.9827061129097703,0.19145997513737245
GLN226.AG,1.070000789503197,-0.01332834960029391,0.3754923893927828
GLN227.AG.SG,-6.418465897950246,-1.6751794766961954,2.2533984586240345
GLN229.AG.SG,1.6477973066323888,0.4970906236823897,-2.0093426724640118
GLN231A.AG.SG,-2.710420045362098,-3.7786713193353343,0.9915075488365508
GLN232B.AG,0.9928517409442066,-0.0645396925157511,0.40503024060813597
GLN232C.AG.SG,1.7997013460126718,0.26615202317527714,-2.109099757347563
GLN235.AG,1.0638093285846135,-0.07936012813768119,0.361828720075209
GLN236A.AG,1.297068599390047,0.10132701145293856,0.2320731687687735
GLN236B.AG,1.0868853672142322,-0.12402067232071225,0.31311402347611994
GLN237A.AG,1.0709208266707733,-0.035011167694856314,0.39777543465085885
GLN241.AG,1.0203573155036934,-0.06817769637972441,0.36497648274870365
GLN242.AG,1.0177314190585212,-0.11899351698962178,0.3099231558521366
GLN243A.AG.SG,-0.3455131489228194,0.18774370772643592,2.077607365949099
GLN243B.AG.SG,-1.6994741410745633,1.6275437289497816,0.07137882746232802
GLN244.AG,1.0220507010071191,-0.1284808630295713,0.19347843158771696
GLN245A.AG,0.9656832961745578,-0.10816511595110638,0.19078430821001263
GLN245B.AG,0.9749434781019501,-0.1376392735225732,0.17553274965262314
GLN246.AG,1.0533711849640974,-0.33756131781843457,0.2531116869588344
GLN248.AG.SG,0.6014661207667394,-0.698082327585326,-1.663877641786894
GLN249.AG,1.0495254501706528,0.03920054585183337,0.09255071086013637
GLN250.AG,0.9143047446886581,-0.07026559832845554,0.2745523247823966
GLN253.AG,0.8509436321808463,-0.3630163192392412,0.3367828561966515
GLN255.AG,1.115983874331654,-0.10375845273093995,0.36339626447076223
GLN256.AG.SG,0.5467389533906429,0.32579473711156426,1.7180455925602798
GLN257.AG,1.0763878544791672,-0.2958801150103401,0.44485233168809946
GLN258.AG,1.0208829792461191,-0.08984084966235444,0.14379119713039895
GLN260.AG,0.9776185280978649,-0.069298403024146,0.2499922023458216
GLN261.AG,1.0177789085201578,-0.04574085591506048,0.3055971829996472
GLN262.AG,1.0902396109112966,-0.1648771754406507,0.28422956057790194
GLN263.AG,1.0807020965992487,-0.185034063653511,0.4343744952089689
GLN265.AG,1.078058959041903,-0.08031783438162017,0.34337370924458227
GLN266.AG,1.085923083271626,-0.09580432665672887,0.3503909587105446
GLN267.AG,1.2422014382770667,-0.07975698434986782,0.38992909994344493
GLN268A.AG,1.2218345268996127,-0.11576944912084747,0.43625912784803167
GLN268B.AG,-1.335510988084479,1.502667898833714,-4.236972877400041
GLN269.AG,1.1507875012252913,-0.15787322789582994,0.2885587048171165
GLN270A.AG,-2.960771573657456,-3.960832612975449,1.4863549468355017
GLN270B.AG,1.1110865905714256,-0.46982874554325793,0.2623668278538352
GLN275.AG,0.9348371374074246,-0.19065387583154472,0.20859136910154155
GLN276.AG,0.9805632821804764,-0.12116583560044211,0.23132399003044443
GLN277.AG,1.228434045308053,-0.6081885999688849,0.4144463659691801
GLN279.AG,1.1299102801304919,-0.13691240055471157,0.4859312714510694
GLN280.AG.SG,1.3627177506615036,-0.35005557417915684,-0.10066028018369104
GLN282.AG,1.2220146088487491,-0.08592599107531358,0.37362217823844734
GLN284.AG,0.7688941478656317,-0.30697290835035107,0.056110079558719134
GLN285A.AG,0.996847876806718,-0.15939672753967568,0.19910902256417948
GLN285B.AG,0.9951425591401185,-0.22076595011631175,0.2664863101085817
GLN287.AG.SG,-6.699844707507387,-1.858782131047479,1.4270042341888407
GLN288.AG,1.2106252130936266,-0.491864497807557,0.357143364833012
GLN289B.AG.SG,1.3572744349923143,2.844753886508715,0.8271686386735354
GLN291.AG,1.176226317657468,-0.46285955716787935,0.46194326790831036
GLN292.AG,0.08322626354151776,1.3325926516971895,-0.8904457285334834
GLN294.AG.SG,-0.1854359711260162,2.745521400375889,-0.19765659550666986
GLN298.AG,1.1258325359497103,-0.5664147275703436,0.4116039784398409
GLN299.AG.SG,0.0419713310716489,0.33064497539120025,1.9730242405406608
GLN300.AG,1.2173258116608154,-0.4931949326230733,0.4646301515109144
GLN301.AG,1.184878792840027,-0.5432395062055174,0.4114326592838694
GLN302.AG,0.9541647626208904,-0.2464712394751418,0.19297356725058176
GLN305.AG,1.1605976102422524,-0.5490256898300991,0.44270130326971513
GLN306.AG,1.2009234529161756,-0.5739989008618583,0.46933255882014435
GLN307.AG,1.2130604506136446,-0.6809542615054461,0.4904257355826231
GLN308.AG,1.1965227976823243,-0.298718603629876,0.3212868391672196
GLN309.AG,1.160733473676942,-0.36428761132763726,0.3474739538832967
GLN310B.AG,1.0988038304329302,-0.4103959672778245,0.354371157680475
GLN311.AG,0.44250830032044614,0.9694220184338043,5.398381381253986
GLN313.AG.SG,-0.48245456206040754,2.6561881286220412,-0.16854469790182075
GLN314.AG,0.9384799169547714,-1.5836580242158036,-1.6519191829143902
GLN315.AG,1.057692775650692,-0.18960169539614483,0.2584245132400846
GLN317.AG.SG,-6.68831608228143,-1.9182082017348796,1.3871003589505455
GLN318.AG,-1.0787000232436215,1.588366570702393,-0.037916118552107886
GLN319.AG,0.9907909574824498,-0.07390382988018745,0.3550740530659189
GLN320.AG,1.0166467398170815,0.007716968148676576,0.18538758841244346
GLN321.AG,1.116524576876941,-0.12376269933065545,0.35031975534711685
GLN322.AG,1.0098888609105219,-0.003846217226141955,0.3145177492779942
GLN325.AG,1.0293154854265516,-0.09245560638592468,0.2621420531999453
GLN326.AG,0.819428451244414,-0.05622774148079096,0.3119826002432669
LAR11.SG,-0.2353610348435911,-0.016312936273954574,0.8019507249152499
LAR14.SG,6.172512555976611,-2.5604318488704014,-2.5587345420702308
LAR23.SG,0.5330081015108136,1.0158532975165482,5.415596094643727
LAR24.SG,-5.999167326978311,-1.7321728436402397,2.648702022631453
LAR26.SG,-0.33315737256803307,-1.6027555596965917,-2.2884758763073787
LAR27.SG,-1.3737250346819772,1.3840922680386705,-4.11962378365858
LAR30.SG,-6.216272489001869,-2.3445800644298287,0.3325476211980313
LAR31.SG,1.7000442023352096,-6.217791299352613,1.9894737547996855
LAR8.SG,0.008366466928154861,-0.5147674611528329,0.3179540540138046
LAR9.SG,-1.2128029965292455,1.8061855426580584,-4.566559980500468
PCA0001.SG,0.28569470481664444,0.08390548922902819,0.40087034838044866
PCA0002.SG,0.04484853331354782,0.30051954456231056,0.07888801678428047
PCA0003.SG,-0.07680291284881369,-0.015973352494652836,-0.05368689887799405
PCA0004.SG,-5.179050052750104,-1.4725042180587726,3.2607605925740324
PCA0007.SG,0.01647795003355608,0.21707490157529305,-0.17729833281403234
PCA0011.SG,0.3326097987603434,0.36475984959056085,0.054568594145134555
PCA0012.SG,0.31712741596724725,0.1505876973445528,-0.03355999426652053
PCA0015.SG,0.15683988007259603,-0.17909451645116448,-0.1772661665959848
PCA0018.SG,0.026445408083524694,-0.3018656367441862,-0.012170047385020106
PCA0026.SG,-0.05499999036509596,0.619858517128476,-0.12889720075018854
PCA0027.SG,0.16923132326645834,0.2390397334587795,0.16118590172419947
PCA0028.SG,0.42235548841474474,-0.042902845344316896,-0.04644260308107872
PCA0029.SG,-0.022221162937821677,0.17806321682084944,1.891303801330133
PCA0030.SG,0.35903604664866356,0.16320020398835816,-0.17367377851161703
PCA0031.SG,0.3479694819011823,-0.11911552269198172,-0.16916198378315453
PCA0032.SG,4.334366555909414,-4.213123982501866,-0.8929852787862514
PCA0034.SG,-0.2609871915643393,-0.15203789033861395,0.03386707452913408
PCA0035.SG,0.3658483090346658,-0.1734262493595988,-0.057197283337152086
PCA0036.SG,0.385061187324387,-0.21304168139086446,-0.006929962366830002
PCA0037.SG,4.222219918359836,-4.679843941758086,0.8630956922573555
PCA0038.SG,-0.5827941017523609,2.6291885213888673,-0.15868323749871463
PCA0040.SG,0.2796249084851877,-0.09919164034090927,0.0037175348292989214
PCA0044.SG,0.5699059956647774,0.3175972446494414,-0.028447868346429945
PCA0045.SG,0.5480449319254966,-0.0915297546260297,-0.12502082070543277
PCA0046.SG,0.4496249356772164,0.4064870483792923,-0.034751754991428144
PCA0046_d.SG,-0.2485891216793876,1.4385730692922971,-0.5993408451259944
PCA0047.SG,1.8045486315402939,0.2699578374487442,-2.1109747012281757
PCA0049.SG,0.23192042411200767,-0.272443720233352,-0.36724857588609927
PCA0050.SG,-0.009095161605390275,-0.09694440689743147,-0.4055382440381675
PCA0051.SG,0.47400327287105104,-0.1726336967027659,0.06727539795926393
PCA0052.SG,0.5197146808278564,-0.014856955579185038,-0.07630928061468736
PCA0054.SG,-0.08158694425040343,-0.015648770289544364,-0.060514324093107336
PCA0056.SG,0.03601209231713606,-0.17300849761054957,-0.24019984910758255
PCA0057.SG,-2.9593588955586734,-3.9580941689641618,1.4754870272013871
PCA0059.SG,0.25533104177320504,-0.10597927803795781,0.03225585279809101
PCA0060.SG,0.2707025483010623,-0.12400428372802082,-0.1718142044003573
PCA0060_d.SG,-1.232230627796268,1.5840621997785358,0.0019364764861820483
PCA0062.SG,0.07756774916122937,-0.04175899616027681,0.20520015159297872
PCA0063.SG,0.4413329982355631,0.2877256639839862,-0.21307838105911767
PCA0065.SG,-0.1518289208978445,0.10431024331421428,-0.3044381646644175
PCA0066.SG,-0.23724352773474544,0.016198794873104404,0.03591988861966709
PCA0070.SG,-5.781752221322765,-1.6311346100359905,2.854915711563661
PCA0083.SG,0.12140447389628717,0.7861394397452988,5.328520207513012
PCA0088.SG,0.3607101346385595,0.00393411039961415,-0.16982494984320018
PCA0089.SG,0.2951660115306689,0.031947001532049615,0.01085074929070866
PCA0090.SG,-1.1750408417405582,-2.4852038406517214,-2.5128387464857775
PCA0091.SG,0.523472356786953,2.911560733109559,-0.1359228894506998
PCA0092.SG,0.07137543384988419,0.04501282627645604,-0.17426391125922067
PCA0093.SG,-0.11655871300388021,-0.48156475442593116,0.14423296569425684
PCA0094.SG,0.017808274762444207,-0.040002086182108855,-0.022983879252415608
PCA0099.SG,0.8842095791754789,2.9479583735874826,0.04325107773748793
PCA0100.SG,0.11507757970629912,0.049612889742646,0.09544061273856444
PCA0102.SG,-0.13676837017290597,0.08257617021150401,-0.5882073078634011
PCA0103.SG,0.04078871471228979,-0.2837058646594451,-0.27900624096164817
PCA0105.SG,4.4358115866563645,-3.4855519687405168,-0.318567618346117
PCA0109.SG,0.8740163135361761,2.9421575656262484,0.03982826149255913
PCA0110.SG,0.38409076599390013,-0.19396968023977,0.6924308569095426
PCA0111.SG,0.23731860688221468,0.20801949463072136,-0.05127215556065095
PCA0113.SG,0.6167171063633461,0.8288724846213322,2.031109207015161
PCA0114.SG,-0.46760230915325046,-0.1940415696192045,0.39840942013396746
PCA0115.SG,-0.06792522077067312,-0.03614482975061687,-0.12212555227836248
PCA0117.SG,-0.07288135316225118,0.17425819706110723,0.1858740487562486
PCA0119.SG,0.13517179708330582,0.12049755030517026,0.5451028164054593
PCA0121.SG,0.03344177780674293,-0.6816298861345199,-0.15096192412400586
PCA0122.SG,-0.23480800592396306,0.190639082403493,-0.824453713312294
PCA0124.SG,0.2713376873550545,0.2757982408819815,0.0697590910569866
PCA0126.SG,-0.02731075318363116,0.021325278642909843,0.4514295244850507
PCA0127.SG,-0.07624964850146779,-0.5497912596443985,-0.36527626761798127
PCA0130.SG,-0.01608778862511333,-0.11599764213163422,-0.10432490648710809
PCA0132.SG,-0.05069330471352838,-0.44599827421898364,-0.17138361742868155
PCA0133.SG,-0.1838918015395945,-0.3926195901632753,0.1451798686105771
PCA0137.SG,0.0036104722738472565,-0.06790905699885512,-0.4291258655487657
PCA0138.SG,0.04261283709721469,-0.140097309509568,-0.7157275259651642
PCA0140.SG,0.3822426423517702,-0.3504500206911135,0.15058702688198672
PCA0142.SG,-0.5416303369543115,-0.11932030209882764,-0.5435773000241192
PCA0143.SG,-0.07463136038782422,-0.17716281564393851,0.020662099822990665
PCA0143_d.SG,-1.6335881427707168,2.109132034359848,0.027024517077395647
PCA0146.SG,-0.435735428060392,0.12990909054216995,-0.200891933598767
PCA0148.SG,-0.2618988043420561,-0.3532549736903186,-0.6151071796088253
PCA0150.SG,-1.439298493063244,-3.455407063824981,0.723509132819618
PCA0151.SG,-0.16537139567769654,0.21694186093729884,2.066833702977214
PCA0153.SG,-0.08734344450311234,-0.3599327401738402,-0.5072502621297313
PCA0155.SG,-0.43721161557022353,-2.5915898951030547,-2.8015879251107316
PCA0156.SG,-0.039902120330524114,-0.15956792766697173,-0.38057969250967405
PCA0157.SG,0.0698724553980457,-0.36328869258420193,0.1339274541937583
PCA0158.SG,-0.21639898551315387,0.08540384927402118,-0.24357429412073006
PCA0158_d.SG,0.017707242178560196,2.805863407801786,-0.20285739059199384
PCA0159.SG,-0.9710187382507713,-0.8435627247884668,0.03533408429230807
PCA0161.SG,-0.15148645294080337,0.1733677542449135,2.0836179417350538
PCA0162.SG,-1.8198493982843902,-0.8146232172129412,-2.5303219382870377
PCA0165.SG,-0.515679244047593,-0.3679937436709176,-0.698307938064917
PCA0166.SG,-0.5829965934336686,-0.4378947433846758,-0.4251169797306795
PCA0167.SG,0.16155299072315585,-0.50344084802267,-0.22623612430450127
PCA0169.SG,-0.10745444146420051,-0.5283836126669174,-0.28076159748995716
PCA0181.SG,0.22635333873432592,-0.007521553898572308,-0.3623718437852955
PCA0182.SG,-0.2840234244320894,-0.31729641051448126,-0.10907191248419962
PCA0185.SG,-0.32532535731669754,0.446248044953756,-0.3327313020725694
PCA0186.SG,0.2423741378955475,-0.08154953968901271,-0.5928924998423107
PCA0187.SG,-0.5404454077289804,-0.22692056164136082,0.1559914107690383
PCA0189.SG,-0.14902797873306828,-0.5734245507208818,-0.6272063518232251
PCA0191.SG,0.40420261224775583,0.28780318959107243,0.21194717561211232
PCA0192.SG,-0.09191109918313664,0.3094256122020736,0.14292335572670165
PCA0193.SG,0.5220710401219307,0.24837195949137034,0.05402331948393758
PCA0194.SG,-0.07712797100345348,0.034267492650848504,-0.44023235446329717
PCA0197.SG,-0.1114708578792363,-0.5163557588929145,-0.7311009811747871
PCA0198.SG,-0.3132742596744841,-0.17482847419726752,-0.16446051636289444
PCA0199.SG,-0.42826942816592356,0.08789096891787396,-0.41966650939279326
PCA0200.SG,0.24441760201299845,-0.20530845236747808,-0.3009047924276616
PCA0201.SG,-0.29624251241045424,0.5410936493647136,0.10088298019249192
PCA0202.SG,0.04372637123096964,-0.07272543020467585,-0.5781071326917584
PCA0203.SG,-0.12165691796446601,-0.054079607316503686,-0.19631903096292946
PCA0205.SG,-0.477639261239325,-0.0912222428787948,0.26878482815370885
PCA0206.SG,-0.47993761940658747,-0.37714213231459487,-0.7383901502343642
PCA0210.SG,-6.641206188825322,-1.8181386025322805,1.718715742193866
PCA0211.SG,-0.14554737833359566,-0.5455389126019236,-0.4888592395354808
PCA0213.SG,1.8646480326191106,1.9489548317087857,5.658151773735942
PCA0216.SG,-0.3089263604356382,-0.07013247399470308,-0.04594857596694707
PCA0218.SG,-0.5124645320628367,-0.40361690054797844,-0.023754920424512375
PCA0222.SG,0.275382931829428,0.12684941942034536,-0.7199295268553507
PCA0225.SG,0.17320414090420191,-0.554807620170507,-0.5827999494477615
PCA0228.SG,4.352271640843251,-4.501469253623459,0.7280576945500332
PCA0230.SG,1.7000442226779697,-0.7506869150358982,-2.0601918146540026
PCA0232.SG,0.10374313703583972,0.14144009523822723,-0.3882443307137538
PCA0233.SG,1.9757639834460066,-6.139578628022018,1.9403331112035864
PCA0234.SG,-0.10175289426091773,-0.3514176067090091,-0.13828168862884027
PCA0235.SG,-0.43973226650255176,-0.6291399922703025,-0.061802939617733754
PCA0236.SG,-4.730234043757188,-1.2347255286564576,3.5336792316438133
PCA0238.SG,0.2938621350626599,0.19483148284703117,-0.3475199981104618
PCA0239.SG,-1.632220528590317,2.108710526800804,0.0261849981994386
PCA0240.SG,-0.4148036486514004,0.09336377234157107,-0.3512651023332986
PCA0241.SG,0.885466131103927,-2.6379206223355527,-1.794511691383192
PCA0244.SG,-0.005285106939859981,0.08556091176992,-0.02954588017422051
PCA0245.SG,-1.1913999034593168,1.8480438820251377,-4.622989288929022
PCA0246.SG,0.1215280947745201,0.31685610088428756,-0.41583442688077693
PCA0247.SG,6.163890755957733,-2.7938530608971024,-2.3834837803457414
PCA0254.SG,0.1425737175165287,0.3538766822056846,1.810200595029042
PCA0255.SG,2.2570542943110454,-6.049386970145878,1.8668585056824223
PCA0297.SG,0.20465826180327776,0.4964910195974365,-0.5272383796919183
PCA0299.SG,4.697236812055145,-3.6814643583036872,-0.008730829686346232
PCA0300.SG,-0.5375995628522827,0.6462028356048365,-0.25737719236575746
PCA0301.SG,-0.5528037289495973,-0.08757873317896886,-0.6493859970627843
PCA0302.SG,-6.498541100395544,-2.2019830009416093,0.7364831324129694
PCA0305.SG,1.929699569701715,-0.06586826387870269,-2.1805408341386556
PCA0306.SG,-0.7339776992627521,2.565052113583513,-0.13842337898001714
PCA0308.SG,-0.17020510643155135,0.319460414786281,1.8645441209879778
PCA0309.SG,-0.5024214293850796,-0.017118384347473467,-0.5180976662871997
PCA0311.SG,1.4320749200310483,0.6927567397667892,-1.8779690772704536
PCA0312.SG,-0.17367971603090843,0.00984535651929435,-0.4071770724103733
PCA0313.SG,0.5446950026373591,0.25449866424369233,-0.3090531161899728
PCA0314.SG,-0.2778692437937959,-0.49059574370012016,-0.5709505153955036
PCA0315.SG,1.9237937883193101,-0.26443455615483813,-2.1786291356599565
PCA0316.SG,1.5709977125498054,-2.9500280276694766,-1.567259252679431
PCA0317.SG,-0.1089176932199286,-0.22215747074510042,-0.03049879510141028
PCA0318.SG,0.5643817841924124,1.1732657173306538,-1.2764645024959334
PCA0319.SG,-0.2454330182771373,-0.45283971660793404,0.04582919819507222
PCA0320.SG,0.9333192659356643,2.9433156617135414,0.0886933590795354
PCA0322.SG,1.7481435917351051,-0.6881851362595414,-2.0831390308616644
PCA0323.SG,-1.2608471709972193,1.8535185398546787,-4.843635115933817
PCA0324.SG,0.09280482986879676,-0.08380637266407366,-0.6754439451302944
PCA0327.SG,-0.17801307423362417,-0.27663778933918554,-0.6031562695229152
PCA0328.SG,-0.321997270182851,0.019344751984235076,-0.6076231656128345
PCA0329.SG,-0.59458829047129,1.5440199868912314,-0.29975170430918224
PCA0332.SG,-0.5238078821530597,0.06871382522780722,-0.22042793583494447
PCA0333.SG,0.08272399786484885,-0.3363372888771361,-0.33346141254349754
PCA0334.SG,-0.08848944003815805,-0.11934102955414949,-0.7810494667001859
PCA0335.SG,-0.3676140187609462,0.29643307213564796,-0.08987014393535633
PCA0336.SG,0.12780568014834523,0.33406430251733404,1.868391476230446
PCA0337.SG,-0.4929489532039695,2.656311884250444,-0.16948611421477747
PCA0338.SG,-0.18285021181282846,-2.5057010037263514,-0.2628825229571093
PCA0339.SG,-0.44391109704268483,-0.13540975953942327,0.003668195813089665
PCA0340.SG,-0.2546159855837686,-0.29882533264856637,-0.5101532856075058
PCA0341.SG,-0.258563323395802,-0.14711260323009365,-0.10746387016589759
PCA0342.SG,2.772056314983942,-5.085296699401517,0.29543088925957
PCA0343.SG,-0.4000465251346058,-0.4053009030651087,-0.8880059278457743
PCA0344.SG,-0.11463097182702352,0.030008953548155703,-0.6799793931696064
PCA0350.SG,-6.210521068534691,-2.3637802470805727,0.31320253011613625
PCA0351.SG,1.3234966647581965,1.5980432008807688,5.567114081933535
PCA0352.SG,-6.406497148621765,-1.7043666684752086,2.2656766716749153
PCA0353.SG,6.161558285249872,-2.803604772170453,-2.3449983363508182
PCA0354.SG,-0.3291137292652531,-0.5606524876119294,-0.40373138056928237
PCA0359.SG,-0.06494749941611909,-0.06475616731656993,-0.6493375967727614
PCA0368.SG,-0.05521456865957031,-0.13928595811471547,-0.7308222176693252
PCA0376.SG,-0.17155428244021662,0.29822464687689093,-0.7520925241280326
PCA0377.SG,-3.252899999567573,-0.6851446666023061,4.166178892643961
PCA0378.SG,-1.3812600039790175,-0.13559973737768732,-2.998437088355502
PCA0379.SG,-0.8300471226262945,1.5859939525455562,-0.14295673599979272
PCA0380.SG,-0.0510185183622064,-1.9122807052263249,-2.1572051515149675
PCA0381.SG,-0.6093870222539829,-0.23116564447781332,-0.019431392955546443
PCA0382.SG,0.15203383513091984,0.32617607198728765,-0.29629281628066756
PCA0383.SG,-0.21247611948173173,-0.5220543999035525,-0.9095133818687732
PCA0384.SG,1.1016737881847574,1.4441935581265406,5.528214959116636
PCA0385.SG,-2.8504146596729543,-3.859637431350845,1.1752825802968077
PCA0386.SG,3.3622733267827205,-3.257472745989922,-0.9437006082159463
PCA0387.SG,-0.22060191202966886,0.2315732331663025,2.1171370784743275
PCA0388.SG,1.9026141836362385,-0.2884849433034359,-2.170249819912923
PCA0389.SG,0.7195016806834171,2.9269479776407517,-0.05501410110940478
PCA0390.SG,-2.45273764281157,-0.24356374610493584,-3.268857296228144
PCA0391.SG,-0.29348851255791525,0.44285649039901964,0.39270784498684774
PCA0393.SG,-0.1362907604903148,2.771734295739048,-0.20053500862220994
PCA0394.SG,-6.361841999501677,-2.2822752686255847,0.5128566819403283
PCA0395.SG,-0.2539928483063248,0.1783278663269043,1.96600523733885
PCA0396.SG,0.34490550603292314,0.5229295494864752,-0.2875658224838147
PCA0397.SG,-0.10344495097061404,-0.3463255712072856,-0.227704550599637
PCA0398.SG,-0.9680056071067462,1.5990923757899875,-0.07180080381577933
PCA0399.SG,-0.5518929370621654,-0.2697089000304915,-0.6452166522355981
PCA0400.SG,-0.2997405078381233,-0.5325783372409322,0.4377942121378538
PCA0403.SG,4.2716158617286215,-4.6454617363819795,0.836452307896763
PCA0404.SG,-1.3079679244404039,1.5831074173865551,0.012057371937771313
PCA0405.SG,-0.2488208056577738,-0.3201504862553997,0.4371858551758629
PCA0406.SG,-0.19056371481477047,0.5680132776651805,0.2923903159328739
PCA0407.SG,-2.319682882592802,-3.5853117311971268,0.5276454133554658
PCA0408.SG,-0.15338298921067545,-0.24921476245239474,-0.02294391849894836
PCA0410.SG,-0.267225898071522,0.3808333586541909,-0.03897934535246374
PCA0411.SG,-0.11271784183998315,-0.47660243028109217,-0.4416352863242114
PCA0412.SG,-0.22248472310111453,-0.5128002640577233,-0.43240513871258895
PCA0413.SG,-5.377558655150635,-2.430606783745318,-0.44412718252632394
PCA0414.SG,-0.2562850770683311,0.54527238749587,5.2297255589279965
PCA0415.SG,5.312244552881465,-2.2212174803109206,-2.983653347039755
PCA0416.SG,4.055979836219493,-3.3705283575160094,-0.5944069622015736
PCA0417.SG,0.4464711644800089,-1.6451398095540632,-0.951298271563554
PCA0418.SG,-1.2587377221556262,1.6943604217070931,-4.445680551831591
PCA0420.SG,0.4841599805910147,-0.03879510183909864,0.44820782341539106
PCA0422.SG,-0.15328684356153494,0.009867028572740438,0.26399607917943013
PCA0423.SG,0.4020250993815742,0.2643607223927439,0.3238706405543525
PCA0424.SG,-0.14619071982148485,-0.6218975798706088,-2.011238925755414
PCA0425.SG,-0.32859918531051796,-0.273149181011732,-0.1502811100684373
PCA0426.SG,-0.060263986415441534,0.7160680376820272,0.1434289108234199
PCA0427.SG,0.5234686957921916,0.11065091438943739,-0.0206665229117872
PCA0451.SG,0.2602111936472605,0.2616251543641638,0.0026469258646585124
PCA0452.SG,0.4844916854875474,-0.17922412968558393,-0.2942373296983279
PCA0455.SG,-1.4200084407596167,2.265536760089405,-0.02622447770596757
PCA0457.SG,-1.6843381850288779,2.0475984021002107,0.04790927967491385
PCA0472.SG,-0.15219469457935408,-0.44778629148408206,-0.029182611934048377
PCA0473.SG,0.4083522718674586,-0.006811682598051113,0.09067239476886133
PCA0474.SG,0.6447591666947377,-0.10720276541212087,-0.2880565891657187
PCA0475.SG,0.2973599793423792,-0.6058775105758561,0.10204071899814451
PCA0476.SG,-0.22365770461345394,0.15439619285280598,0.5222218892607525
PCA0477.SG,-0.11416994642741889,0.4388424804211848,-0.07212607668164514
PCA0478.SG,0.4274558127821117,0.5951496540970342,-0.3083265138062503
PCA0479.SG,-0.4064270349786105,-0.12552590382269105,0.22654943573258027
PCA0480.SG,0.3194965964302591,-0.4516354227328804,0.035469004914912915
PCA0481.SG,-0.06855012746795175,0.29358940776735964,2.099210610329891
PCA0483.SG,0.5025839206652343,0.11216159012205897,-0.23032247942256562
PCA0485.SG,0.8478134586626315,2.943351085667979,0.02348566906014917
PCA0486.SG,0.10254742670581578,-0.5746560510015931,-0.16491981647402604
PCA0487.SG,-0.04896631797881969,0.02607564077223586,0.11416294013669329
PCA0488.SG,0.25829260189127656,-0.6335112043475527,-0.10657403186344042
PCA0489.SG,-1.0342895906337515,-0.7552004701548789,-2.6713967835721646
PCA0490.SG,0.6202296790236016,2.9264226902320787,-0.0987431511163067
PCA0492.SG,-0.7368813474926765,-0.011314185344727005,0.1965305059675373
PCA0493.SG,0.14429016438257822,-0.6386044841610914,0.3534354657107971
PCA0494.SG,1.3839423836155955,-5.80420288091848,1.3165494720785806
PCA0495.SG,-0.33898757931938056,-0.5876335764640729,0.6151562728428661
PCA0497.SG,-0.3329230333917389,0.2244188286227858,0.21749828924517586
PCA0498.SG,0.41703677724696164,0.15636547688476599,0.017647921132414632
PCA0499.SG,0.17890598767436827,-0.24412808971272104,0.5950384264698293
PCA0500.SG,0.4032050829517625,-1.7218445538998695,-0.8951075492509296
PCA0502.SG,1.6581723616381705,-0.8132668498723837,-2.038454295646045
PCA0503.SG,1.6737705631770465,-0.7965311670201227,-2.045077764001192
PCA0504.SG,0.7580453985860297,2.9338802969862336,-0.03283038072261965
PCA0506.SG,-3.669990612946619,-0.8663983060391635,3.9905804580028206
PCA0510.SG,-0.7132936825322937,-2.546384458071179,-2.6964212508758894
PCA0512.SG,-1.9751429090646484,-3.678647377268551,1.0700541777286745
PCA0513.SG,-0.6666095968588568,-0.25118802621026226,-0.27886780002808753
PCA0514.SG,-0.48670422263268154,0.4341445382716326,5.172712180883822
PCA0516.SG,0.08686797119067553,0.29752030720038947,1.9464215160653642
PCA0517.SG,-0.9172679781522908,-2.856613829862772,-0.5892496684088498
PCA0518.SG,-0.3661218784352754,-0.10872739636887266,0.24205206640741747
PCA0520.SG,1.9284753853297816,-0.08915410773882725,-2.1804505355488386
PCA0521.SG,1.5479586944278712,-2.5248969892615727,-3.2153064764975055
PCA0522.SG,0.6883529813705012,-6.286071841798871,1.9714011268012614
PCA0527.SG,-1.630871585487643,-0.8236201915466222,-2.4473921112209664
PCA0528.SG,-1.0319395942286445,2.448900763698882,-0.09128928241118435
PCA0531.SG,-1.9834760846258475,-2.3741712079937636,-2.146706025417389
PCA0533.SG,1.5490386219061154,1.7573757367901102,5.599653106535906
PCA0541.SG,0.06661258214430055,-0.047481070103852344,-0.024643603119910536
PCA0543.SG,-1.748017821982314,1.9796700823983173,0.05775384766345707
PCA0547.SG,0.4850850778038646,0.6861901742102399,1.7954601480237717
PCA0548.SG,0.036447886580503214,0.4200758572138814,0.2878837599783419
PCA0549.SG,0.1889639565812705,0.2441397311021718,-0.18530963862191732
PCA0550.SG,-0.17613264291698194,-0.08195463856618788,-0.09084460334915898
PCA0551.SG,-0.01819322933561013,-0.27898455926960525,-0.7700893361020861
PCA0552.SG,-6.538684437601023,-2.1630651681662822,0.8097811509231998
PCA0553.SG,-0.15143016087215713,0.11611866384485425,2.0264767741227487
PCA0554.SG,-1.1960030869996232,1.9384843617285064,-4.88553183365158
PCA0557.SG,1.6932418719494902,0.42515835605024305,-2.0433649634546818
PCA0558.SG,-1.1588326047213406,1.9765691753148766,-4.8902591441836645
PCA0559.SG,-1.8824339724734958,-3.362104064531955,0.10639179823504306
PCA0560.SG,0.5760838291391609,-1.8880500461311303,-1.4534844787206638
PCA0562.SG,2.0112572997297304,-5.482298475438186,0.9152253495087094
PCA0564.SG,-0.26633032441643645,0.6109440215597487,5.238130642604842
PCA0565.SG,-1.0847387410394795,-0.6892949346936323,-2.7041750420784636
PCA0571.SG,-4.13915830213522,-1.030538233546152,3.7851713761532606
PCA0572.SG,-0.22990185221796783,-2.4542016596603946,-1.0096266432890457
I33811.TW,0.3417174330109993,-0.08310219624261106,0.24520785991454472
hoe001.SG,0.4374542175769143,-0.32415428491132997,-0.687651223362079
hoe002.SG,0.5172818589698658,-0.1701817004271879,-0.692777114843903
hoe003.SG,0.4927094306420656,-0.1534986284349907,-0.6844668036073291
hoe004.SG,0.5176694310552048,-0.15491473346676563,-0.6681857970227295
hoe005.SG,0.5361260686397912,-0.1739550879810334,-0.664782330958008
hoe006.SG,1.410863140753632,2.7809078758691683,1.0945358370587257
stp001.SG,0.4752132381557509,-0.13176058521481546,-0.6942966194453732
tev001.SG,0.5245056138416722,-0.2004067241766843,-0.6639934619289868
tev002.SG,1.1515245204461908,2.9263862213386016,0.3375145576296957
tev003.SG,0.5335042672240399,-0.196584774888183,-0.6467683497822381
LEU007.AG,-0.22711972280199572,0.5868980439483051,-0.8629138401816666
LEU017.AG,-1.0009585154815166,0.06813086987462193,0.24503567228348755
LEU018.AG,-1.1139286031291997,0.09993975336169922,-0.5904654192650118
LEU021.AG,-1.0947873339801264,0.16096493937788062,-0.6404939920676692
LEU023.AG,-0.20444230680634898,0.14863052412062555,-0.1637083264905305
LEU024.AG,-1.0539163851540159,0.6735963605798758,-0.8689331310539028
LEU025.AG,-0.9928135532390946,0.740102592273023,-0.723661560524473
LEU02651.AG,-1.1138480561748683,0.6680711287292567,-0.8418731704806952
LEU026.AG,-1.0726810784907674,0.605062538701723,-0.8734223702934124
LEU027.AG,-0.9665299441362554,-0.22325004930266756,-0.416208348244456
LEU029.AG,-0.9543466948389423,0.6119610409466629,-0.5189199298617703
LEU008.AG,-1.0041999575904401,0.09251622138949168,-0.6234642841470404
LEU030.AG,-1.005749883088922,0.529250197802168,-0.7841667327939614
LEU031.AG,-1.0644953031191366,0.03822442048629076,-0.5477218878247594
LEU032.AG,-0.9779214105224996,0.6719104502492353,-0.6563922375972743
LEU033.AG,-0.7153986839988474,0.924906816226688,-0.6206054156053739
LEU034.AG,-1.1189649899868024,0.1486604581674665,-0.6172971976009975
LEU035.AG,-0.5056467059072096,0.0018323177803556232,-0.7311944942915245
LEU036.AG,-0.948916881123725,-0.09999055496647201,-0.3832620216602196
LEU037.AG,-0.6124287151845396,1.0282671850151506,-0.5846311158711854
LEU038.AG,-0.698536117609034,0.25603455446844664,-0.2933835249266449
LEU039.AG,-1.0474990888172198,0.5141340032766515,-0.3471060469823085
LEU009.AG,-1.0472111562110504,0.11689500270889057,-0.6337716048117711
LEU040.AG,-0.852702335328045,0.6712389837566846,-0.6614405903881527
LEU041.AG,-0.8380666625962023,1.028566337119449,-0.16232811204139577
LEU044.AG,-0.8062888948794911,-0.04439485707272363,-0.1252193318375315
LEU046.AG,-0.9441419293934254,0.18909159938107406,0.17322394041608388
LEU050.AG,-0.9600932988079062,0.026364736360094905,-0.6524619627157255
LEU051.AG,-0.9404088434122948,0.6543509870239756,-0.8599491957884713
LEU052.AG,-0.9586422933555202,0.6288902542994885,-0.8206953225172593
LEU053.AG,-1.0161698689328453,0.6080864079227605,-0.8511058283370683
LEU055.AG,-1.048823022120132,0.6227489036119301,-0.8614016448396274
LEU056.AG,-0.9667219062084801,0.7005276724477122,-0.6908439256220057
LEU010.AG,-1.1233936351299514,0.10387235739669913,-0.6549746061878965
LEU057.AG,-0.9351361927439813,-0.23879988680509118,-0.6219454047666697
LEU058.AG,-0.4133929563609243,0.2263844985253799,-0.7919189006184799
LEU059.AG,-0.9151979091412138,-0.13331569182882286,-0.20737648088403046
LEU060.AG,-0.812984329556154,-0.021948751297500315,-0.09108378925060276
LEU061.AG,-0.8603853632512665,-0.13828284188731776,-0.12353831735058037
LEU063.AG,-0.8346249810811655,0.9521400908719992,-0.3507314580431556
LEU064.AG,-1.0301742303674828,0.7032897438697018,-0.5966743392822095
LEU065.AG,-0.9251792192251117,0.6542451283945643,-0.5755676085482218
LEU011.AG,-1.1422814755115405,0.1119747014405963,-0.6365981840060895
LEU012.AG,-1.0061211636430658,0.7319189775416524,-0.702503677358211
LEU013.AG,-1.021336406374981,0.12063210901082058,-0.6647468285123107
LEU014.AG,-0.9832836556462445,0.630982817624072,-0.9016998222582318
LEU015.AG,-0.30472012246845726,0.6636973487638401,-0.3807949481714922
LEU016.AG,-0.6141962375403202,0.41262541330197333,-0.4842595779446775
WOL001.AG,0.5822564617563062,-0.10650663559187057,-0.7752442660152526
WOL001_d.AG,-2.44589102735418,-0.16933145802672647,-3.3377985332253983
AC16.AG,0.33247183756725274,-0.3357658879929579,-0.7026772891714582
DOB001.AG,0.4970024101926715,-0.1790709266927022,-0.7153220325277949
DOG001.AG,0.5893314654096009,-0.17069713551864849,-0.6939209387820955
DOG002.AG,0.6042995394923638,-0.1300607062926126,-0.6803330136374961
DOG003.AG,1.411791110098592,1.6129638323070215,5.582448392042969
DOG004_d.AG,1.8345331764563035,0.2148133963733581,-2.1282072292787224
DOG007.AG,0.5299717338906016,-0.18418276200111172,-0.6721839370276219
DOG009_d.AG,-0.26753157629354085,0.13940821743769966,2.004976305318994
DOG010_d.AG,-0.07505394527247837,0.6785415525885088,5.283404203241725
DON005.AG,-0.1951862511451176,-0.4513737464679917,-0.46232436844278146
ACR001.AG,0.3903075171829809,-0.09352192802270966,-0.8030715542910123
DRI001.AG,0.5287888048171892,-0.20736449392703135,-0.7341953411425169
FRL006.AG,0.19755232137498638,-0.5416115273845753,-0.4977079712186594
FRL006_d.AG,0.27458835440341345,-0.5947190279785503,-0.5174071965773596
FRM001.AG,0.4920123043765693,-0.35343199574653156,-0.8300215644161235
GER002_d.AG,0.7914462062054984,-1.7124826657783734,-1.572077972590216
GFW001.AG,0.5243389871889348,-0.13295670580290114,-0.725123947985243
GFW002.AG,0.6623593111962085,-0.2172104479136936,-0.7363786868628172
GFW003.AG,0.5689236551388283,-0.17494367097589675,-0.7559309927048931
GFW004.AG,0.527627735173369,-0.1638842914763857,-0.7330703215027227
AMI002.AG,0.5384798301709778,-0.3739396992267031,-0.8056275410085265
GFW005.AG,0.46032377406577735,-0.11880169379711636,-0.7496118895456664
GFW007.AG,0.6337307285576871,-0.1690195163834967,-0.7428507488107299
GFW008.AG,0.48454802981696216,0.04998151651450077,-0.7821196418060572
GFW009.AG,-0.2396480853766249,0.13303591355325706,2.0852101865228336
GOY001_d.AG,-0.6366001020366925,2.6031237236480096,-0.15342723921210452
GOY007_d.AG,-2.906073595593217,-3.957737646067783,1.4863732064116235
GOY009.AG,0.20786487551183225,-0.5530182741105054,-0.49902646708428755
GOY009_d.AG,-0.45088931684499006,1.4941827502933644,-0.42148278734408146
GOY014.AG,0.0956760862180939,-0.5496626532837326,-0.5768880699092599
GOY014_d.AG,-0.827798589004639,2.5381065001893606,-0.12774274828183402
IGR001.AG,-0.17156537355864196,0.43068651907357874,-0.8194603259196954
BRM001.AG,0.9161596128875799,-0.1311198196151439,-0.4621542671235205
KRZ001.AG,-0.19524455867345286,0.18990218119725288,2.0239064914536673
KVH001.AG,-0.46203839044867445,0.24648106005556555,-0.5842283163959588
LMA001_d.AG,1.0531096140019116,-2.737776180576885,-1.7373800231101122
LPI002_d.AG,-1.4084659308887402,1.2716016413097475,-4.011549747493714
MAZ001_d.AG,0.849912292043456,2.939793503468681,0.021358117241426146
MAZ003_d.AG,-0.37234256657779674,0.4953361856612975,5.202412982566393
MN2003.AG,-0.4906756605954452,0.2624365293781979,-0.5134549686175875
MNN004.AG,-0.36864621854097424,0.23225751904753067,-0.49570303437508473
MNN005.AG,-0.5369004848211564,0.2617455279904406,-0.4890566132946799
MNN006.AG,-0.5104508675584198,0.29869765490730643,-0.485761397206743
MNN007.AG,-0.6069816550299373,0.23930505400720706,-0.638801568012151
MPR001.AG,0.5141729519810715,-0.14585934207204762,-0.6790925142128478
CRN001.AG,0.4305063093543316,-0.4092020564563746,-0.6162628404749696
OKL001.AG,0.5506753038631629,-0.19971710385300614,-0.6755556227636208
OKL002.AG,0.5851088359707581,-0.20524380320634703,-0.6961507681848512
OST001.AG,0.7473070266937368,-0.19174789554034904,-0.6109053630257312
OST003.AG,0.5454535837289086,-0.19782083886762186,-0.6752177681011242
CRN002.AG,0.44612976522624764,-0.4676478808183037,-0.5926360980965084
CRN002_d.AG,0.43347403167450593,-0.4462714645339075,-0.6335718702829478
PRD001.AG,0.41418998279227176,-0.24457729976383505,-0.6330964412049879
PRD001_d.AG,4.567658628603792,-3.563308390246339,-0.18425722076587217
RIE002_d.AG,-0.6685589053011431,2.585894320958181,-0.14409318319375836
RIP001.AG,0.4167186441227183,-0.05061111991318419,-0.6811340860286391
STO001.AG,0.5773070223790809,-0.21903461194362614,-0.6809332932746338
UOO004.AG,-0.3513546111138547,0.39426405072091003,-0.6112417507092214
UOO012.AG,-0.46833585245766196,0.261001467870822,-0.4808287230755562
CRW001.AG,0.4544316750461347,-0.26339715292895405,-0.6822595355545955
UOO033.AG,-0.5604822605450627,0.2765137007016141,-0.4748489760574832
UOO049.AG,-0.5729884058589786,0.6588665031823093,-0.48648272787962865
UOO051.AG,-0.4556520322866124,0.4381741275353437,-0.64348868934346
UOO052.AG,-0.47879029988439464,0.2783615350222167,-0.5400020958633623
UOO059.AG,-0.5051877262744021,0.2511424970856845,-0.6037293700618689
VO1001.AG,0.03272463661616632,0.26309785643080413,-1.1769917823604104
VO1001_d.AG,-2.2006201267461662,-3.5246491997155114,0.41004906017934656
VO1003.AG,-0.08141833133403492,0.359630365614957,-1.0581523360641267
VO1003_d.AG,-0.3105272607157351,0.19333986822151955,2.0578454289399843
VO1005.AG,-0.05017525603009698,0.40785768184325105,-0.8207143175387728
VO2001.AG,-0.11119150137579178,0.3815216745272763,-0.8260946957130954
VSL002.AG,-0.44468783299665937,0.3292908538952814,-0.7310141434520859
VSL003.AG,-0.11540073879010349,0.5781075690483171,-0.683630285932968
VSL003_d.AG,-1.1295775351807575,2.0105793009949475,-4.893418306561354
VSL004.AG,-0.33028779916438,0.2632746484834828,-0.6078815132667703
VSL004_d.AG,-0.5048760463288401,-1.429892004835714,-2.366587732467193
WCX002.AG,0.4567612362449584,-0.024223305598963376,-0.7345730536737246
WCX002_d.AG,0.47888591857777724,-0.016585268594639175,-0.7653338070259377
WCX004.AG,0.5974153691145243,-0.1335019237463419,-0.6923212289413527
WCX004_d.AG,-1.9608393250423586,-2.3869083179541146,-2.163718209462934
nalchik2023.SG,-0.6589156938627498,0.2932484669960514,0.04634292401792572
HNJ001.AG,-1.810828542158593,-2.405557767183332,-2.235497888421377
HNJ002.AG,-1.2393870494461736,-1.1074100664197646,-0.32780801731711456
HNJ003.AG,-0.0861416633299029,-0.2675584707276468,0.3903155357449941
HNJ004.AG,-0.3599622695976996,-0.4918875852176306,-0.26023050814377563
HNJ005.AG,0.18709567765382246,-2.055779560246774,-0.6422477289988051
HNJ006.AG,-0.23141406115174393,-0.1922952799826989,0.2692306721069158
HNJ007.AG,-0.8297660256060942,-0.7921903037236134,-0.24356125491289268
HNJ008.AG,-0.8311389163651087,-0.8091354797304335,-0.13023295363491738
HNJ009.AG,0.9341045673961313,-2.658891612043548,-1.7880681169439554
HNJ010.AG,-1.0627982367617266,-0.8447798831652195,-0.07443821248332905
HNJ011.AG,-0.8080533788270485,-0.8274923486290696,0.003065206223052759
HNJ012.AG,-0.9208823794748955,-0.8192837912726916,-0.11399773812080384
HNJ013.AG,-0.8967355349289828,-0.8100488578348316,-0.2048681625297746
HNJ014.AG,-0.9785894852742508,-0.8107830085985342,-0.05792172610509364
HNJ015.AG,-0.9179673005583731,-0.8346363247123316,-0.04262520905380531
HNJ016.AG,-0.8627018794375239,-0.8249204557479302,-0.15969610681341156
HNJ025.AG,-0.1311358518877235,-0.33244234237172265,0.31726790448918313
HNJ026.AG,-0.8795422129484922,-0.8247925161726707,-0.020757467803803015
KFJ001.AG,-0.7696330406985603,-0.910816917478962,-0.4164780883827611
KFJ002.AG,-2.418784813217093,-3.6372406160800437,0.6378804190750719
KFJ003.AG,-0.7078903782255299,-0.9090381086328029,-0.26422315485942155
KFJ004.AG,-0.857820862906517,-0.576795897730268,0.030326016914415655
KFJ005.AG,-0.6968303743902796,-0.9299497092036961,-0.4395115308997622
KFJ006.AG,-0.7589763560744445,-0.9139974904499543,-0.5717941554810495
KFJ007.AG,-0.8257128273645898,-0.9264288192216735,-0.6013340733252305
KFJ008.AG,-0.8261639495700471,-0.865437959636744,-0.1587349152744887
KFJ009.AG,-0.6175525623082169,-0.9754421594438192,-0.4855528747884618
KFJ010.AG,-0.5907025839304285,-0.9736660844436675,-0.5304330503465601
KFJ011.AG,-0.9032704171817979,-0.8949888320769195,-0.23729277862574694
KFJ012.AG,-0.5704166144734261,-1.0052989834570814,-0.5311538817637925
KFJ013.AG,-0.6973358300360942,-0.9134489017821662,-0.5052048037659609
KFJ014.AG,-0.743212306178968,-0.9231076567634524,-0.45464474829510276
KFJ015.AG,-0.6713662311036669,-0.9136935826392574,-0.5988799755685831
KFJ016.AG,-0.6591169717587448,-0.96125249408558,-0.4918440307257767
KFJ017.AG,-0.6603530792123639,-0.9765803593791245,-0.5214132619504454
KFJ018.AG,-0.703353676331093,-0.9178377054182356,-0.5402096735614199
KFJ019.AG,-0.6867606714825998,-0.9390050654249597,-0.5115642288650247
KFJ020.AG,-0.64946481543203,-0.9604035483097493,-0.464497394230567
KFJ021.AG,-0.5203433438369752,-0.9944407118603171,-0.5736981300833076
KFJ022.AG,-0.5585672708074803,-0.9716140624589,-0.5808739974253351
KFJ023.AG,-0.6633102747466534,-0.9533169116772187,-0.5612497607673157
KFJ024.AG,-0.6894354571849383,-0.8543341619166894,-0.3396434841475623
KFJ025.AG,-0.4994656485730374,-1.0423674295564636,-0.49228405503941797
KFJ026.AG,-0.6810528772408249,-0.9289666742857139,-0.43190180967235553
KFJ027.AG,-0.7700976914302757,-0.79719201832684,-0.12570852842304298
KFJ028.AG,-0.8192812156481761,-0.8304360302006454,-0.1753001061163241
KFJ029.AG,-0.6253774855979211,-0.8549372043979385,-0.4123172171407377
KFJ030.AG,-0.6149715081857261,-0.957720811418715,-0.4724237425309725
KFJ031.AG,-0.9153753425571467,-0.7415465453952054,0.060103709911264895
KFJ032.AG,-0.8393051731496209,-0.7839966532998113,-0.14121933861381936
KFJ033.AG,-0.8282675944047881,-0.8222952081509083,-0.24237193873656424
KFJ034.AG,-0.6012734175723079,-0.964261949136371,-0.5558736328252966
KFJ035.AG,-0.4690099376207614,0.44307481882927036,5.178288416929982
KFJ036.AG,-0.8387446912387098,-0.7698055709717373,-0.12256861739733944
KFJ037.AG,-0.6916134473339168,-0.906588876836691,-0.5327184150446465
KFJ038.AG,-0.8215090712056613,-0.7943142614101992,-0.2011258601949378
KFJ039.AG,-0.7328672645013992,-0.8579071455801149,-0.3073060528536654
KFJ040.AG,-0.6188060933044935,-0.9963643197487808,-0.567464592768892
KFJ041.AG,-0.6704311226643475,-0.7799886367338329,-0.40561696597458136
KFJ042.AG,-0.6424949797204778,-0.9236077702339431,-0.46108921504601735
KFJ043.AG,-0.7968019607389267,-0.8344665802065245,-0.5553649559206033
KFJ044.AG,-0.7331001928387553,-0.9095896199008846,-0.29746434552739265
KFJ045.AG,-0.7402493749479695,-0.845666048144916,-0.5863838992158048
KFJ046.AG,-0.9884221534066436,-0.8059265692404214,-0.2877576615247353
KFJ047.AG,-0.5495686099830212,-1.034162752193642,-0.4774172880037273
KFJ048.AG,-0.5657274933641487,-1.0032653144864907,-0.5302623855063764
KFJ049.AG,-0.6226751077702587,-0.9594666202534081,-0.46958954467236586
KFJ050.AG,-0.633161093051153,-0.909531051006924,-0.4261120807136153
KFJ051.AG,-0.5534938909504568,-1.0475531260354591,-0.4677329048861061
KFJ052.AG,-0.7908322634777952,-0.6382369280148983,-0.1964972144919505
KFJ053.AG,-0.5581790269310468,-1.0041368191448925,-0.5713662022360964
KFJ054.AG,-0.7595970936660301,-0.8616635903100643,-0.27270014904401074
KUP001.AG,-0.8204425757943611,-0.8255280498897201,-0.18173729152509582
KUP002.AG,-0.8336773479573122,-0.8266768469198974,-0.1730522746544167
KUP003.AG,-0.8043515636001566,-0.7712131724683485,-0.14289560924972872
KUP004.AG,-0.8245008038766328,-0.7854123876760181,-0.17451871398976412
KUP005.AG,-0.8527765958540414,-0.7672504654927518,-0.15924484055719573
KUP006.AG,-1.7737309555563971,-2.4127407447307236,-2.258997177204944
KUP007.AG,-0.11704604406062069,0.03650416534644907,0.14695295640457076
KUP008.AG,-3.072005054828155,-0.6639027952566996,4.2399432452964545
KUP009.AG,-0.6039691962529617,0.0007915248159765406,0.4374178372541965
KUP010.AG,-0.02575587505922627,-0.09099764551265059,-0.015157870882507777
KUP011.AG,0.08550492541207942,-0.06819670508319824,0.011870161373263542
KUP012.AG,0.02591598254499769,-0.0062369992649564275,-0.2315982222692449
KUP013.AG,-2.9453390430571047,-3.9602893494489377,1.4819048104462251
KUP014.AG,-0.3196346250735555,0.039492533428593046,0.5233926659458551
KUP015.AG,-0.35826844983299067,-0.42350297634678385,-0.3545687159288076
KUP016.AG,-0.7853498809742728,-0.3105101662384849,0.07712250001303682
KUP017.AG,-0.34712486974224266,-0.048063868688268285,0.22143582486031865
KUP018.AG,-0.5252576868849751,-0.05932722961448132,0.528728569265813
KUP019.AG,-0.31227508845084373,-0.14581766940718338,0.17473169557273008
KUP020.AG,-0.730740194815136,-0.24900337911186188,-0.31481522355622776
KUP021.AG,-0.33313013304408323,-0.7795943174036977,0.12979302013450267
KUP022.AG,-0.815773759025257,-0.8198974796168081,-0.2296256835788721
KUP023.AG,-0.11193829917274928,-0.012390142469846608,0.06143386983046351
KUP024.AG,-0.8268593285423322,-0.8287994536093762,-0.18554306498582515
KUP025.AG,-0.8942977715442118,-0.7502514078810139,-0.11107375417895632
KUP026.AG,-0.825889896558246,-0.8386549379383174,-0.2078238056080586
KUP027.AG,-0.8444831449691242,-0.8095209850432586,-0.12186922708675399
RKC001.AG,-0.8661953695998568,-0.774447499420266,-0.07920471822131897
RKC002.AG,-0.6799053163395659,-1.0011987728803133,0.04033948619894367
RKC003.AG,-0.5014352646171074,-0.30274008725093177,0.3558748902751936
RKC004.AG,-0.40989603190391377,-0.2801128319299977,-1.0294060448251103
RKC005.AG,-0.7712868764398002,-0.9169608267698397,-0.07693566013666808
RKC006.AG,-0.7196304755571633,-1.0408058914701361,-0.40916468537512435
RKC007.AG,-0.9243134512788979,-1.3751733883909183,-0.05049327910686646
RKC008.AG,-0.9129994076757526,-1.2033413172887397,-0.14553804817586555
RKC009.AG,-0.9645666852198433,-1.5533314802419849,-0.1313706338605709
RKC010.AG,-0.6730936530108332,-1.0069339367523609,0.020783916040707354
RKC011.AG,-0.6648659052209426,-1.042607170759612,-0.12616413837516813
RKC012.AG,-0.7262437227564402,-1.0739492585846944,-0.1116883256517559
RKC013.AG,-0.5087639872412469,-0.3784620370331842,0.14998538576564105
RKC014.AG,-1.133424756804279,-0.8517709138333197,0.2833122324189786
RKC015.AG,-0.8048544866623301,-0.8694433866995529,-0.5699413770884407
RKC016.AG,-0.8506970286595753,-0.9541463884744357,-0.6605585727502657
RKC017.AG,-1.008545400497035,-1.3635838127903372,-0.06010455603004175
RKC018.AG,-0.9615138100844252,-1.5952211591304801,-0.22100306215892723
RKC019.AG,-0.9795059446391139,-0.7156701051371426,-0.31121565947041097
RKC020.AG,-1.166951093791742,-0.7208445645645454,-0.20064952656753912
RKC021.AG,-0.9247539845107805,-1.4699437506834718,-0.21342456887591776
RKC022.AG,-0.5977043206128634,-0.5723689234276135,-0.31562469612442273
RKC023.AG,-1.193275690465533,-0.6489162824634289,-0.24934869281181973
RKC024.AG,-0.795850302246577,-0.8536172135292712,-0.10460718172942542
RKC025.AG,-0.720856796067064,-0.9489535194804785,0.00545241256611554
RKC026.AG,-0.52238985385956,-0.6541831629231748,-0.10745418793389774
RKC027.AG,-0.7272115969423012,-0.9911132762095045,-0.07636840168695878
RKC028.AG,-0.7066617131357947,-0.9696911795626055,-0.028123692409490933
RKC029.AG,-0.6026347349874616,-0.9737774718819928,-0.013202313657735925
RKC030.AG,-0.743595989496461,-0.9219288584260857,0.013315492652288874
RKC031.AG,-0.695751435698332,-0.940467870009463,0.04284916524497387
RKC032.AG,-0.8283188247397607,-0.5790311532895144,0.15037809878666278
RKC033.AG,-0.7304076758168578,-0.9426690083508643,0.0004503757296688937
RKC034.AG,-0.7833350651854489,-0.8961746827296653,-0.08620292697458587
RKC035.AG,-0.7226992675170462,-0.7888888007783749,0.11770861250829497
RKC036.AG,-0.7048169033272853,-0.9552272652382625,-0.0009301756273924363
RKC037.AG,-0.6990089440519369,-1.1161665642019565,0.015639952479877095
RKC038.AG,-0.7445113048946606,-0.9341617258447449,0.03968639473586298
RKC039.AG,-0.701325902220869,-1.0881556939590962,0.027993194515852204
RKC040.AG,-0.6267944602685098,-1.1330842306631335,0.09576246854611799
RKC041.AG,-0.39803156541747065,-0.3648619796232416,0.815015518921393
RKC042.AG,-0.6557993478517069,-0.9779618176078476,0.0728606841336193
RKC043.AG,-0.6430912939780539,-0.9926913190595259,0.017949546090721365
RKC044.AG,-0.6134360726618294,-1.0067071901642617,-0.10624501899094974
RKC045.AG,-0.6632157492845332,-0.9789756090607055,0.12298228328551711
RKC046.AG,-0.6842717818432695,-0.7835421889223213,0.1370366966644578
RKC047.AG,-0.6516826588910305,-1.0227672278610762,-0.04662778995339932
RKC048.AG,-0.6181584608934518,-1.1649734898667212,-0.2951741936267129
RKC049.AG,-1.0153750983247585,-1.0567719548004233,0.21374799096724797
RKC050.AG,-0.7121771382006828,-0.8198540880036499,0.14773626979472762
RKC051.AG,-0.9191229671887847,-0.46141196137388796,-0.757963871029647
RKC052.AG,-0.9372329050391076,-0.5618549467258305,-0.7338603234420256
RKF002.AG,-1.1905850235977926,-0.6330957496374207,-0.2069070943756671
RKF003.AG,-0.9162331867831226,-1.1131735224278696,-0.09734272187476678
RKF004.AG,-0.9545516398310938,-0.7429988426136832,-0.2309974953075769
RKF005.AG,-0.9816119384495977,-0.7882490659492126,-0.1910106900972637
RKF006.AG,-0.9719330345798858,-0.6026373556839675,-0.042911461575355886
RKF007.AG,-0.9308151769628592,-0.6667648534012967,-0.24604993986191726
RKF009.AG,-0.5103192888952073,0.24060925673640499,0.5221010720456903
RKF010.AG,-1.2626441957212955,-0.6178764400442271,-0.20909787547615397
RKF011.AG,-1.1030208760749236,-0.7542553338861722,-0.27980934331639323
RKF012.AG,-1.2505586536530169,-0.6481155970029558,-0.2435401724336168
RKF013.AG,-1.2605363882314236,-0.6434066585833739,-0.15687762553409482
RKF014.AG,-0.9184564333036137,-0.8504708452718455,-0.10355779917942687
RKF015.AG,-1.4538331420651387,-0.6631669508923459,-0.11248731049278618
RKF016.AG,-1.2029141425904466,-0.6653139784923101,-0.18244136659494917
RKF017.AG,-1.2097832219376028,-0.703010532828689,-0.14570129636997198
RKF018.AG,-0.8595701970081657,-0.8940256959549833,-0.13542923931860493
RKF019.AG,-1.15569701675094,-0.677816490867358,-0.19688922608767453
RKF020.AG,-1.099348846271192,-0.6759983723167544,-0.11725717592097461
RKF021.AG,-0.7406268405893903,-0.8757122378964655,-0.1859602382680471
RKF022.AG,-1.7814936932430403,1.6594246085472681,0.08411496656213012
RKF023.AG,-1.3285513472591413,-0.6974506597635617,-0.18989295118484875
RKF024.AG,-0.15299722079489952,0.18867963136092727,2.0723084015612745
RKF025.AG,-0.8664366278740305,-1.0501758726688428,-0.2148736035608547
RKF026.AG,-0.2722169908333859,-0.30386926986346496,0.47590285934635185
RKF027.AG,-0.23386283584206422,-0.4222767732613964,0.5326986017711471
RKF028.AG,-1.04456877064408,-0.6955835094720696,-0.17972035039044001
RKF029.AG,-0.882048397883268,-0.6752411918441191,-0.41196890549054116
RKF030.AG,-0.7024384887080519,-0.8566955691740209,-0.21099320688919437
RKF031.AG,-0.9132717481754354,-0.6724223431434924,-0.40521385661305465
RKF032.AG,-0.8445235200489929,-0.7439062846427125,-0.4561716982668541
RKF033.AG,-0.8867242950381503,-0.7130661994586345,-0.3774282816943434
RKF034.AG,-0.9179054856685986,-0.7210591956820925,-0.399318744567171
RKF035.AG,-0.8500144970200748,-1.0844658792579245,-0.6624696440345714
RKF036.AG,-0.8838998497670888,-0.7032070505230108,-0.3802574892697605
RKF037.AG,-1.21223028574252,-0.5826319740189657,-0.2867254528621603
RKF038.AG,-1.0929183676204144,-0.6002186216113381,-0.2666023145155169
RKF039.AG,-0.8229206501945057,-0.7326313176021159,-0.13716769383052096
RKF040.AG,-0.8962866800252087,-0.7041745461314497,-0.36899032281584937
RKF041.AG,-0.884060289831321,-0.7193016955118223,-0.3676342120932265
RKF042.AG,-1.1669711278914567,-0.6147220074338301,-0.2573346330823135
RKF043.AG,-0.844150640595564,-0.9221326433792467,0.10505993691512426
RKF044.AG,-0.7807680611156237,-0.607096454506071,-0.2287124520375283
RKF045.AG,-0.8420579227458118,-0.8441264848262949,-0.2782822024676967
RKF046.AG,-0.8590876547901676,-0.7169981986089506,-0.31232242785605996
RKF047.AG,-1.1313424612433658,-0.6037821871308717,-0.29215726584372576
RKF048.AG,-0.7791343205770271,-0.8796845699257503,-0.2161044662408073
RKF049.AG,-0.7911395217853106,-0.6206291725293686,-0.16554279409819658
RKF050.AG,-0.6582102706119428,-1.0344444327042617,0.18039737618311152
RKF051.AG,-1.1705575152340724,-0.0114170642095751,-0.48636254725954303
RKF052.AG,-0.7558113706241525,-0.9722778187799462,0.20106805351669454
RKF053.AG,-1.1839012688696153,-1.1455601293153344,-0.48167556756582647
RKF054.AG,-0.39263379385886854,0.5969021900738091,0.5465984965479332
RKF055.AG,-1.002408945016897,-0.5542370546156965,-0.2601192770115845
RKF056.AG,-0.888943700431812,-0.8568621054134046,-0.19863816260184047
RKF057.AG,-0.6684812255667356,-0.08045558955717547,0.5415364586407485
RKF058.AG,1.3634130165524192,2.8365860767729854,0.8575552741612752
RKF059.AG,-0.7952097937095725,-0.9578301611193019,0.20831844790904908
RKF060.AG,-0.7776544678069134,-0.8787748405689267,-0.04602386070271397
RKF061.AG,-0.82099068301754,-1.2019397559121319,-0.236588785798162
RKF062.AG,-0.8815160342139976,-0.8668977145821835,-0.4035227920379094
RKF063.AG,-0.8595000465060797,-0.9256388340282,0.25608485288389177
RKF064.AG,-0.8033036200099899,-0.9997897923176097,-0.618010535533243
RKF066.AG,-0.7168048714469247,-0.6489025496724569,-0.2831827229292472
RKF067.AG,-0.9273053140535685,-0.8287569625916827,-0.34171860346374294
RKF068.AG,-0.7518474716555522,-0.9454763109534987,-0.23819988655636695
RKF069.AG,-0.3540360130662825,0.015214253435876604,0.08440854581576933
RKF071.AG,-0.5626644103212237,-0.5024611732002405,0.6228801005512643
RKF072.AG,-0.9228128130356269,-0.7662741417426838,0.24053760769294802
RKF073.AG,-0.8499320208503236,-1.0374890777476913,-0.5890188077286428
RKF074.AG,-1.0099181488306548,-0.6445342494268301,-0.003409135848734742
RKF075.AG,1.3917707809803685,2.8071036204728594,0.9994923435994738
RKF076.AG,-0.825115145271771,-0.8781588396851718,-0.07549046672933071
RKF077.AG,-1.1110302721469407,-1.003985541002227,-0.41607323939988444
RKF078.AG,-0.6888705827654537,-0.6175816981151548,0.3759253625953917
RKF079.AG,-0.8159838697454148,-0.9947687389971053,-0.6056005363447668
RKF080.AG,-0.8065913830021438,-0.9940957077680193,0.041479451909625535
RKF081.AG,-0.8254983985316113,-1.1858653374124413,-0.29095534698900066
RKF082.AG,-1.1159122532280925,2.4231156234445685,-0.07969737309138689
RKF083.AG,-0.8977141254076872,-0.8579288798872755,-0.1591585431995765
RKF084.AG,-0.8760894856400542,-0.9592713043287906,0.049859988218527156
RKF085.AG,-0.28542951290610813,-2.6007738873056754,-0.17529458684718252
RKF086.AG,-1.2023140355882018,1.9299553108058631,-4.8775882429635535
RKF087.AG,-0.7024845141771926,-1.0286009936318992,0.021678815783578075
RKF088.AG,-0.9456610864692807,-1.2017619436023779,-0.23813502972235798
RKF089.AG,-0.4297376948609705,-1.0301297256703033,-0.4668418448649535
RKF090.AG,-0.8514834717109501,-1.0144581316556693,-0.06478142756785137
RKF091.AG,-0.5151754186788119,-1.3035975637510484,-0.04830107012530314
RKF092.AG,-0.8868723738333261,-1.1282492295740023,-0.027660619834097788
RKF093.AG,-0.7044197324211431,-0.8582205213296614,-0.4261563411498225
RKF094.AG,-0.5798482515328135,-1.0120401259388185,0.02924276385808065
RKF095.AG,-0.9075032885083556,-1.2821412789386142,-0.12636357081165714
RKF096.AG,-0.9213502333601253,-0.7252941448452189,-0.0856531464383538
RKF097.AG,-0.7130976357163913,-0.7553784157430788,-0.20392705944635256
RKF098.AG,-0.7035805058760518,-1.332400999445756,-0.16982607339819855
RKF099.AG,-1.1528358578434366,-0.5613980197944153,-0.26019426456349126
RKF100.AG,-1.1836752828925505,-0.6856944283696306,-0.1368090492482446
RKF101.AG,-0.9693824975424952,-0.8982696613384414,-0.3090058483069635
RKF102.AG,-0.7947652904692926,-0.3538466849912916,-0.3925241427998938
RKF103.AG,-0.8012279111132574,-0.7897007065946201,-0.3757630948508999
RKF104.AG,-0.7918908661724026,-1.4594781142170283,-0.192624552934229
RKF105.AG,-0.9790089542595185,-0.8460489273816065,-0.5755328037061119
RKF106.AG,-0.32487933526098056,-0.4166808234139321,-0.7304171636558098
RKF107.AG,-0.862780427870032,-0.8208080717973313,-0.26322593847264625
RKF108.AG,-0.7648321674960848,-1.1824076899682316,-0.1579333425878909
RKF109.AG,-1.046663217265504,-0.8477482845880355,-0.5188912323969551
RKF110.AG,-1.2936593211127878,-1.116721950242382,-0.45079527339977105
RKF113.AG,-1.217501490999457,-1.111390596296973,-0.4001391986147054
RKF114.AG,-0.8375024703285936,-0.8470647967988367,-0.01577346407112321
RKF115.AG,-0.21541748533577246,-0.4132624612625548,0.636846956288763
RKF116.AG,-1.3094274291571344,-1.150384684909358,-0.5467040385274047
RKF117.AG,-1.0283117114502964,-0.8653954194257939,-0.5205002229125562
RKF118.AG,-1.0919124685172594,-0.545128292320388,-0.31411048232161587
RKF119.AG,-1.7245939640536974,1.9959466258833414,0.060124215634294396
RKF120.AG,-1.2344967767540744,-0.6865822093936262,-0.1084794918789818
RKF121.AG,-1.313533485502208,-1.1921876252369905,-0.4350345852753459
RKF122.AG,-1.0642362828812832,-0.6879241134048851,-0.4321993018811011
RKF123.AG,-0.3817116773277132,2.690623840057923,-0.18519619546846197
RKF124.AG,-1.3033611953867317,-1.1352695824830878,-0.4356085998242481
RKF126.AG,-1.1013219347873107,-0.9925914519902939,-0.38226357607997363
RKF127.AG,-1.3163197219563112,-0.6326057155032084,-0.14381345179761543
RKF128.AG,3.734003192171849,-4.59626562495709,-0.5150543121752688
RKF129.AG,-1.0320181729551192,-0.8948132870246571,-0.5245726697377125
RKF130.AG,-0.9210266091809596,-0.8192656960896493,-0.10570955254599215
RKF131.AG,-0.747014699580864,-1.1415838145791903,-0.2150508414009467
RKF132.AG,-1.185621662837548,-0.6426527334604166,-0.496781582548315
RKF133.AG,-0.9291233806113071,-0.7477315425656205,-0.3420074905745969
RKF134.AG,-0.49347913914795205,-0.402216524163603,-0.6945253309184058
RKF135.AG,-0.6917858218808437,-0.9796536170567077,0.04714313460078478
RKF136.AG,-0.7981897239641428,-0.9785072497991324,-0.6692941267677034
RKF137.AG,-0.4913755306655803,-0.3528646563105356,0.5411279138398845
RKF138.AG,-0.9012999821107998,-0.8764597116420652,0.09611619838897058
RKF139.AG,-0.8876501837106009,-0.6893293737154732,-0.3698455165491541
RKF140.AG,-1.021558066700947,-0.7316763584615569,-0.17340488175616342
RKF141.AG,-0.8887193729451425,-0.6851647646850756,-0.4046054100056466
RKF142.AG,-1.2399524707926493,-0.6445458772040296,-0.19043520214077556
RKF143.AG,-0.8801216862201336,-0.765413673543002,-0.476937083425496
RKF144.AG,-1.0165314800338334,-0.6951141674276783,-0.13866502873716505
RKF145.AG,-0.8427703548377342,-1.1722045932926253,-0.2959003137203968
RKF146.AG,-0.9359377030942634,-0.7594885123747757,-0.4362243602466219
RKF147.AG,-0.7803887206369876,-1.017137328236521,-0.7540036088200195
RKF148.AG,-0.8298775116200594,-0.9914636852144576,-0.5543233687961648
RKF149.AG,-1.0118813211849054,-0.7189410345292794,-0.01643754108666941
RKF150.AG,-0.6260678318658766,-0.987552805828796,-0.28682782890670694
RKF151.AG,-0.7238443816214699,-0.7405973329444908,-0.32985903401060174
RKF152.AG,-1.0552963080378333,-0.6203277148237228,-0.25698462704594915
RKF153.AG,-0.7175822751425952,-0.7931177349917158,-0.3760340371169922
RKF154.AG,-0.9940403674500797,-0.98496692004434,-0.08993400561115926
RKF155.AG,-0.8619197522332229,-0.714478912889639,-0.39143502919043577
RKF156.AG,-1.0906158580064012,-0.6326474427477818,-0.2401596400719343
RKF157.AG,-0.9029148060770043,-0.6701016433100472,-0.3694149773037836
RKF158.AG,-0.8705157578971713,-0.6931023362006301,-0.3403030853824083
RKF159.AG,-1.1840440027952428,-0.6699211094600912,0.16447356202129815
RKF160.AG,-1.2239877186594594,-0.5687471747856665,-0.26699982967991404
RKF161.AG,-0.7602264895046652,-0.73467217696308,-0.07255545353064234
RKF162.AG,-1.1315347010553511,-0.5638866977630304,-0.2871820764528994
RKF163.AG,-0.8248378792855171,-1.0482142445593738,-0.4211031213551689
RKF164.AG,-0.8457190498857825,-1.0559797494905439,-0.44585895823179217
RKF165.AG,-0.7962375487148557,-0.1820326015546243,0.03476763645599106
RKF166.AG,-4.2408071771485245,-2.3541100900994456,-1.0829070334903865
RKF167.AG,-1.0624820539945272,-2.9351281929885564,-0.49847866907667315
RKF168.AG,-1.0795592934172726,-0.769831486000479,-0.2151983879563394
RKF169.AG,-0.8015092997261712,-0.4200061727430764,-0.10045128910417489
RKF170.AG,-0.9013367965410384,-0.7069053263573263,-0.4355450217443248
RKF171.AG,1.3206956559328977,2.871043519624919,0.6979627465490051
RKF172.AG,-0.800893400868886,-0.9241925942363018,0.01460003890618035
RKF173.AG,-0.7963741886294979,-0.824406519105281,0.023833759797779065
RKF174.AG,-0.936483406800135,-0.7838571122480843,-0.2555574522247846
RKF175.AG,-0.7315594824152963,-0.9983514073941424,0.18151541883295225
RKF176.AG,-0.9127008318502494,-0.8650901519055191,-0.265029952199443
RKF177.AG,-0.999504719938382,-0.8078900077009512,-0.22706861360534158
RKF178.AG,-0.8139684249828106,-0.8658973163821388,-0.16780180422855695
RKF179.AG,-1.106109837113909,-0.6622753345309669,-0.3942838445114193
RKF180.AG,-0.8503736141152256,-1.090456386009564,-0.3377383099578096
RKF181.AG,-0.8258443287299345,-1.097433542524312,-0.4036484380915111
RKF182.AG,-0.9745582474723972,-1.0812010940722283,-0.8151656410761365
RKF183.AG,-0.29373035228747635,-0.24027939306762286,-0.5749022965551441
RKF184.AG,-1.0476228095944011,-0.7864102762344081,-0.19779996793147595
RKF185.AG,-0.7759089074893432,-0.9941155121896269,-0.4569651579191607
RKF186.AG,-0.8175764102894013,-0.8795725393857639,-0.10764515263180809
RKF187.AG,-0.7288326482357593,-1.0856070584135502,-0.06487966227326426
RKF188.AG,-0.2599687206583974,-0.33333537644032085,-0.7790679136159319
RKF189.AG,-0.7082945631579273,-1.0329454024871751,-0.2936627326119585
RKF190.AG,-0.9839211488337596,-0.7779490146668739,-0.29345084718349396
RKF191.AG,-1.1885435346459634,-0.5859138519319884,-0.2694217312187591
RKF192.AG,-0.7295996321463583,-1.2644564759969583,-0.20787974349620142
RKF193.AG,-0.7956129742496625,-0.8523778420252859,0.01500371055669203
RKF194.AG,-1.2918753083475696,-1.1850716028293908,-0.47946839445473166
RKF195.AG,-1.2487745799366052,-1.1610709066801248,-0.374161792343381
RKF196.AG,-1.297659735615405,-1.1683594595115836,-0.45990530232345495
RKF197.AG,-0.8548722794738259,-0.6527409070646846,-0.2667023900266232
RKF198.AG,-1.2811017557403854,-0.618560637617799,-0.25097660435894564
RKF199.AG,-1.154229836469293,-0.6956091511620792,-0.2071697423108908
RKF200.AG,-0.3332864668694453,-0.3218786331661058,0.5791103970741492
RKF201.AG,-1.027252225666925,-0.8609212908446052,-0.4216944665209564
RKF202.AG,-0.6286012128309971,-0.03754407553408678,-0.5052187813108604
RKF203.AG,-0.9719295828302191,-0.7614879879562555,-0.4047014820839632
RKF204.AG,-0.8466489729813745,-0.8921477988463699,-0.18575713674096156
RKF205.AG,-0.6059922410808684,-0.9715279971909748,-0.2642122023548357
RKF206.AG,-1.0357283344969361,-0.6867651684917434,0.07130232947941163
RKF207.AG,-0.7903675194295336,-0.9739421085051638,-0.6188660105998812
RKF208.AG,-0.4642163388114986,0.01722781832226329,-0.1205240925030312
RKF209.AG,-1.2325297664597037,-0.6248272344816,-0.18642214438264434
RKF210.AG,-0.8817213390898828,-0.7211077988930954,-0.4016080324746807
RKF211.AG,-0.9725606088602985,-0.29661263308416186,-0.05319933881821602
RKF212.AG,-0.7863729512006574,-0.7652281934061926,-0.4265100776660342
RKF213.AG,-0.9209839251472958,-0.6810388499656702,-0.38626737400850203
RKF214.AG,-0.3933601517881773,-0.21882132198258814,0.4304955272941563
RKF215.AG,-0.6914028271726543,-0.8903458369385644,-0.2663124565171731
RKF217.AG,-0.35626974219429614,-1.2895387612708527,0.18144307835136508
RKF218.AG,-1.1268877532068682,-0.6513854544540106,-0.22505403283696054
RKF219.AG,-0.8438891323384788,-0.7400024773803475,-0.36489922496788
RKF220.AG,-0.8218572132997651,-0.8791148955982073,-0.081876056532572
RKF221.AG,-0.8372767526681104,-0.7475301244477429,-0.2631040329003528
RKF222.AG,-1.0721032273375384,-0.9577794107347619,-0.5134376895709238
RKF223.AG,-0.7977998037047749,-0.7611386109392222,0.2944506720361883
RKF224.AG,-0.542950109423035,-0.054335973784870664,0.083302164795083
RKF225.AG,-1.752290931062243,1.9762855499009524,0.06336906749942697
RKF226.AG,-0.8391065068386823,-1.0762642582739057,-0.750641650425254
RKF227.AG,-0.8338813823175558,-0.6235063721769887,-0.18249137350031852
RKF228.AG,-0.8437250638069089,-0.9400491746090203,-0.09377956822224703
RKF229.AG,-0.7370168336035882,-0.9139718137247704,-0.22160313697446885
RKF230.AG,-0.8010560205920282,-1.0833156741627517,-0.3232297153325721
RKF231.AG,-1.2819120678086613,-0.6948074062686068,-0.1537814911132134
RKF232.AG,1.0088616171948808,2.9458157275808934,0.15676262362661664
RKF233.AG,-0.1522437856246493,2.761843017557568,-0.1989204057952295
RKF234.AG,-0.7122811871599282,-1.2117200912953356,0.23296275497670327
RKF235.AG,-1.0684971357717505,-0.652701256299768,-0.2336112122101352
RKF236.AG,-0.321083566559545,1.4559087795595596,-0.5376198156402888
RKF237.AG,-0.824076800453213,-1.0781773133259995,-0.73703741419172
RKF238.AG,-0.8997496855429377,-0.8320232003088913,0.027349891592955394
RKF239.AG,-0.7625044357056301,-1.0304580432479835,-0.647258812720257
RKF240.AG,-0.8050838961619431,-0.3207093435018452,0.11664995198974704
RKF241.AG,-1.2405894493494225,0.18578815755288042,-0.4036991816147193
RKF242.AG,-0.8827770918539374,-0.16835907706279848,-0.051145314469342104
RKF243.AG,-0.8446279262960555,-0.2637064666598802,-0.01907947491049067
RKF244.AG,-0.8384073919718451,-0.27784430629910406,-0.003492976808217108
RKF245.AG,-0.9062401974949535,-0.14910448296727774,-0.4532587300587144
RKF246.AG,-0.8578954247919693,-0.3099170464592484,0.04701543603270392
RKF247.AG,-0.9297623523297355,0.15875739002994063,0.23429815256065614
RKF248.AG,-0.47814752736613797,-0.09796313993017103,-0.7377848750930931
RKF249.AG,-0.8767374451794155,-0.34336710883529786,0.0566992841725676
RKF250.AG,-0.7817910196097377,-0.2810649094624103,0.10826338112837772
RKF251.AG,-0.8388298004998559,-0.33209298813930455,0.042757690477210446
RKF252.AG,0.5646772938035972,2.9149520020878237,-0.12160776779509706
RKF253.AG,-0.09051836910958674,-0.14157956142803763,-0.40465815805796324
RKF254.AG,-0.8326099174962005,0.41674025658502806,0.17567718341916871
RKF255.AG,-0.032435701481059384,0.5332947879502065,0.20103499695879284
RKF256.AG,-0.8740103549261315,0.4104662957357757,0.1843910605833046
RKF257.AG,-0.9887069366905881,-0.5155160575249934,0.16591932329433584
RKF258.AG,0.00813224188727989,0.40751708624600363,0.19263920820380653
RKF259.AG,-0.7524706476069412,0.38613241776598206,0.23754584234770593
RKF260.AG,-1.0343722982409154,0.01768031966592071,0.3659197585466022
RKF261.AG,0.22060187034201392,-2.156758460876495,-2.039239326210209
RKF262.AG,-0.20576959457198532,0.15168377440762157,-0.11203384612524417
RKF263.AG,-0.23081748701397017,0.34990452137131844,-0.5006414835475129
RKF264.AG,-0.8054687409465013,-0.7832509665027071,-0.511561460367504
RKF265.AG,-0.8224476102658927,-0.274449455990986,-0.1807638389307715
RKF266.AG,-0.8276740207671388,-0.31140215186722575,-0.01697942640024009
RKF267.AG,-1.0151172856776862,-0.23806822705168176,-0.10119296356010335
RKF268.AG,-0.8128822733453103,-0.2869837453748084,0.1047836378255592
RKF269.AG,-1.0570338863508506,-0.30386993289368674,-0.5825695681376979
RKF270.AG,-0.7891622786016227,-0.20882019819863026,0.17971484959779752
RKF271.AG,-0.7896725406290989,-0.305268842122677,-0.05314271294026536
RKF272.AG,-0.2230567168417843,0.14173461993512762,0.6315658544795184
RKF273.AG,-0.813177565691055,-0.2668128696229242,0.08041713092855256
RKF274.AG,0.2753346574710081,0.2885164686413319,-0.28439195119468275
RKF275.AG,0.186550841780414,0.15808675434514433,-0.04775043894153651
RKF276.AG,-0.47457571888861283,0.03711206644256789,-0.3515726496439668
RKF277.AG,-1.0937254689012517,-0.17876146666100068,-0.47581448856991915
RKF278.AG,-0.6627483445198687,-0.7660466355990444,0.3923877025643652
RKF279.AG,-0.5842746305342454,-0.30534308844095065,0.32753124242243004
RKF280.AG,-0.8207484727143312,-0.0896449823134949,0.04445356709799819
RKO001.AG,-0.2834451462398254,0.2921868166400259,0.0746103603142205
RKO002.AG,-0.2657131863888685,0.1644915322802421,0.21901921723435516
RKO003.AG,-0.6610896214069986,-0.381472971058558,-0.8439014799806319
RKO004.AG,-0.698632640999401,-0.22133201049950846,-0.3654804606026593
RKO005.AG,-0.7297577290700048,-0.25422428157451105,-0.1885570681156502
RKO006.AG,0.22094145441832216,0.35344496360012967,-0.014952763601898206
RKO007.AG,-0.3726209279510131,-0.07598028673684414,-1.082727276622387
RKO010.AG,-0.7162400366146813,-0.09946696834891194,-0.22551716171044592
RKO012.AG,-1.2321435052635896,-0.04300089959649895,0.171538048589425
RKO013.AG,-0.2726410248435254,-0.324161220346694,-0.8372573640650641
RKO014.AG,0.04952255182996729,0.10470867851206657,0.9194883922272123
RKO015.AG,-0.44840613762900916,0.3314513292540259,1.0284549082299272
RKO016.AG,-0.6150076226316652,-0.3282822174367727,0.2811519711990904
RKO018.AG,-1.1037490641931027,-0.2393007383651047,-0.5502457341834808
RKO019.AG,-0.49194699298068695,-0.13981009145477394,-0.12684306993098718
RKO020.AG,-0.7154817987044011,-0.4093053405627074,0.01994839673006864
RKO021.AG,-1.0706105278556797,0.09283617492271257,-0.7340289270632581
UN19_merge.SG,-0.37248062945765786,-0.06711148639293835,0.1374813419369751
MNN001_MNN002_merge.AG,-0.5508351155846836,0.2873593086216243,-0.4689562327360078
GFW002_GFW003_merge.AG,0.5747817818474272,-0.17140754366001243,-0.7750747970123993
ADN009_ADN010_merge.AG,-0.11600793325240659,0.23334207099735935,-0.21982475305784296
ALA110_ALA015_merge.AG,-0.3162192983309396,-0.3524107347805621,0.28178634152732634
HID001_merge.AG,0.17443569641064036,0.18100962871556786,0.06975780945275446
HID002_merge.AG,-0.05390066508261346,0.6789741296818894,0.3003034741540433
KD-29_OBH-52_twinmerge.SG,-0.5519846045217002,-0.04608527400265719,0.8759564594109842
MJ-15-32_merge.SG,-1.0081219489037125,-0.6837947823670959,0.13763424804040156
R11553_R11555_merge.SG,-0.24654153942697854,0.6164006649700345,0.6178536718643938
RISE1280_RISE1281_merge.SG,-0.2249361747901718,0.32784030523615104,0.03614230248550149
GLN126_merge.SG,0.30871181506338435,0.775005958472125,-0.020483205798593154
GOX287_merge.SG,-0.10907489872216089,-0.05473679697224955,0.3933222289031491
R37_R11115_merge.SG,0.39709865981666886,-0.15358063515869866,0.3343158581964177
VK347_V348_merge.SG,0.04688064746859436,-0.27336019201936956,-0.41020095157189235
MJ-15_MJ-32_merge.SG,-0.9858668329765446,-0.7293346174112612,0.07851276722467486
I5070_published.AG,0.7462694422671704,0.19686988525995908,0.8089228863746672
I17312.AG,-0.035714615410874825,0.4082299231046595,-0.5068554327436762
I20675.AG,-0.011907454217416954,-0.07922353358251953,-0.025027972068351344
I1560.AG,0.4860027961273364,-0.48690612141411305,-0.9641341018830432
I3320.AG,0.32197672718525727,-0.7626947801473225,-0.2811378155809227
I24898.AG,0.600272751883023,0.6324065066994209,0.5670947776594272
I5737.AG,-0.3288393739702558,0.4757839919452885,0.16522422265613426
I3121.AG,0.4130361737589174,0.4995654366769899,0.27645128146524833
UZZ061.AG,0.709729006104342,0.31006161443187985,0.24963625914792914
UZZ040.AG,0.4655293852986779,-0.10852623504648201,-0.7655120415646888
XAN051.AG,0.15494873061125533,0.5647291135780258,-0.009207065183025168
XAN041.AG,0.040655908077039934,0.6103997463879294,0.6927117176362171
XAN024.AG,0.14930978882485896,0.5883175869476919,0.34553353951325416
NST001.AG,0.4886709835215354,0.03277939156642471,0.47711619498560015
APO037.AG,0.49154432901879097,-0.061018001428067424,0.21425375812467726
AID008.AG,0.009760151780265949,0.6435614799414318,0.5365962924177874
AID002.AG,0.20834057599062922,0.5775782143029473,0.49626748871383736
ETM010.AG,-0.02363312902876631,-0.28234674692447853,0.2786870943743413
GER003.AG,0.21413990182137027,-0.5703639095666541,-0.5176778571106345
MA89.AG,0.620292992854822,-0.2815275561447792,0.16110514029409523
GoyetQ-2.AG,0.29204126419571036,-0.5051878684640814,-0.5760873200183118
atp12-1420.SG,0.6729979884624161,-0.46768291355495645,-0.07538167118136523
atp002.SG,0.5579727673648437,-0.4501898626738173,0.10045823698190867
SZF-26.SG,0.31492013090770077,0.18487934286671445,0.06504244893858703
VK534.SG,0.16469598279989098,-0.43955916368860726,0.34655299684963914
VK394.SG,0.11674122270650629,-0.04519368507027855,-0.12715670404195706
VK344.SG,0.37813303027552814,0.13277520604100237,-0.12437635749103733
VK343.SG,0.08870407461943008,-0.2061899418857252,0.06320299299132766
VK264.SG,-0.09276085237320823,-0.13403884878657027,0.17431731250029414
ERS1790733.SG,0.07626500164241372,-0.09360691705966123,0.2433627514654586
OC.SG,0.09105421663498638,0.24764766965739807,-0.7051059442380366
DA144.SG,-0.7090670233140447,-0.23480548233200826,-0.2853381335416771
SZ5.SG,-0.481363418702759,-0.44765765753130055,0.369987162000928
vbj006_UDG.SG,0.2333834586520563,0.1669538646664741,-0.9411140814758571
I1577.AG.BY,0.010338287961948668,-0.5062369313063249,-0.4058334851939367
I28394.AG,-0.7208135041584436,0.15295708395390864,-0.0011036956117637731
I28388.AG,-0.1838892736389067,-0.5386131986636793,0.5317344601992939
I3320_d.AG,0.36616660338983464,-0.8307671272481868,-0.23490305611962845
I24898_d.AG,0.5836542090513356,0.6894549098431723,0.5889427521958613
I5737_d.AG,-0.3299239044109314,0.3752348137508609,0.24584225436333734
I3121_d.AG,0.45406012221842457,0.3656430908141953,0.29788704373373076
I2656_d.AG,-0.7899779646522807,0.624899268991572,-0.7951575637689221
UZZ061_d.AG,0.7401993186327249,0.38826006862384577,0.29798746666341747
UZZ040_d.AG,0.5430501525180494,-0.3560379636502753,-0.8174487098826491
XAN051_d.AG,0.09513453966543994,0.5192117029906653,-0.0735035012975748
XAN041_d.AG,0.08073709532316627,0.587336156494766,0.665322356470371
XAN024_d.AG,0.18222828412304812,0.5499760284223226,0.3640634684665621
NST001_d.AG,0.4780493516588012,-0.062367389306948115,0.4454057441805809
APO037_d.AG,0.36707726433387033,0.08034982405009902,0.16544036526880554
AID008_d.AG,0.10451534370611433,0.6520712431441625,0.4883568852342988
AID002_d.AG,0.2572758158718655,0.6113932205350724,0.5328518290924099
ETM010_d.AG,-0.07485649789261203,-0.11717499420475454,0.25281867696428006
GER003_d.AG,0.14331462136439854,-0.6074591361255459,-0.5997721052174623
MA89_d.AG,0.6383414565221904,-0.30855291337829077,0.20628248615134648
GoyetQ-2_d.AG,0.4450648103559449,-0.44475469471225,-0.6103579711100511
Villabruna_d.AG.BY.AA,0.5013877005307211,-0.03702951956861991,-0.6688378387489967
Vestonice16_d.AG.BY.AA,0.09365500993732723,-0.6037134771180905,-0.4903095173274525
mur_d.SG,0.629800841444443,-0.37762516480431957,0.28221089689507184
esp005_d.SG,-2.3915675801867726,0.07739658790511812,-3.542259052307055
VPB-561_d.SG,-0.7386524810818204,-0.6468128050098211,-0.3159822121633719
SZK-130_d.SG,-0.34361224865933626,-0.6517095656047601,0.8331932062097878
SZF-26_d.SG,0.4980152710378288,0.0033834886285658327,0.16173939365507
SH-41_d.SG,-0.6640325716434671,-0.4019301616612477,-0.13434388481332432
SH-106_d.SG,-0.549011524740282,-0.2185690622056731,-0.15130048210707303
PV-205_d.SG,-0.8677804245095333,-0.8926338907124984,-0.12210199475083018
PV-200_d.SG,-1.0190664999174412,-1.1531570340202433,0.15566799647957597
PLE-38_d.SG,-0.7153812651656368,-0.693139119304373,0.3189107962395451
PLE-384_d.SG,-0.1939845402062029,0.8374825310023103,-0.18377885325297316
PLE-23_d.SG,-0.2646306384198557,-0.5105937855902157,0.5968802520243418
PLE-216_d.SG,-0.782489480700718,-0.815348901733498,-0.21222626730804575
PLE-115_d.SG,-0.5381724369889134,-0.8025990138672827,0.04363130644466483
MM-80_d.SG,-0.9616629291902644,-0.7086694465624808,-0.22637953514427384
KK2-670_d.SG,-0.7996112387744204,-0.816250151819462,-0.14705285169987437
KeF1-10936_d.SG,-0.9909802391441714,-0.7091315125432727,-0.30551193470648474
K3-12_d.SG,-0.4035613878120446,-0.9912747770912037,-0.21375059942183677
K2-61_d.SG,-0.7566444172460081,-0.6458359271516306,-0.1656114887544969
K2-33_d.SG,0.28184382523527124,-0.04720296137108589,0.8913499941239967
IBE-90_d.SG,-0.43413507587453004,-0.8734373094379693,0.011787959283425638
FU-193_d.SG,-0.6465276168236367,-0.5044448778113156,-0.25647328889489407
ARK-19_d.SG,-0.8590785388712955,-0.7765179604805186,-0.2092265983143761
VK534_d.SG,0.1846657037213,-0.4016269771028687,0.3614323380873719
VK394_d.SG,0.07561040563919014,0.011089356049395677,-0.08372430262126337
VK344_d.SG,0.43051956279284936,0.30111742023396326,-0.08825665470545037
VK343_d.SG,0.20225280349064087,-0.22904782972982266,0.052145980996058265
VK264_d.SG,-0.03703725144446777,-0.14505536347884312,0.15780936799409312
KH150637_d.SG,0.5414006282673577,-0.35302330652444186,-0.9866338783129007
KH150633_d.SG,0.9745950437100939,-0.06869130397660662,-0.6059638746231207
ERS1790733_d.SG,0.07347677563081831,-0.10432501687085333,0.2129381082431234
DA144_d.SG,-0.7401405058497376,-0.01138156121375839,-0.3274469845126458
SZ5_d.SG,-0.4808801256448876,-0.4462047009120989,0.2707945081812581
vbj008_d.SG,0.2695217016484377,0.13496234169638985,-0.9584293771298659
I0679.AG,0.24237012695647908,0.5166008954199953,0.2382662415229035
I0211.AG,-0.47223547401232263,0.06957562043697911,-0.5659939425721157
I8369.AG,0.0073309750364481336,-0.5508358518513016,0.09371105018823497
I2443.AG,-0.605040264065157,0.4025460919401127,-0.5207643789808515
CGG100317.SG,-0.5994540273830007,-0.20149897344334017,-0.022695280952403196
CGG100336.SG,-0.3053811625266405,-0.327517729588257,-0.13666119097712862
CGG100341.SG,0.060678993576438064,0.32468660421146056,-0.028106452028977387
CGG100415.SG,0.16477321379082133,-0.23522859352521588,-0.22880227718538418
CGG100431.SG,-0.6837320169542759,0.164046485824412,0.1859181343723715
CGG100434.SG,0.11608426372301135,0.22250528007649975,-0.28859372536024863
CGG100441.SG,0.4070662177809524,0.0653765043043835,0.23318737604558748
CGG100442.SG,-0.3583722369691802,-0.3616591491202295,0.13142414542172104
CGG100445.SG,-0.20238599720699404,-0.2764665480724853,-0.3441973910777325
CGG100447.SG,0.6313887747473865,-0.0029490955657356225,0.08414092453728839
CGG100451.SG,-0.155192723410592,-0.1767882410372783,0.38614916437020014
CGG100452.SG,-0.3608097255033766,-0.11883256266402085,0.21038020521339068
CGG100453.SG,-0.0661594959792502,0.5036428911962029,0.14221183004529342
CGG100454.SG,-0.12035124638876926,0.2489621754103288,-0.3011093787632308
CGG100456.SG,-0.3758016180882771,-0.16365411477981115,0.12507972442990198
CGG100460.SG,-2.401953899494389,-0.4117624819518378,4.5213696760669695
CGG100472.SG,0.04527343525884541,-0.14254244502852503,0.38704132163422766
CGG100481.SG,-0.20386115766215748,0.09477486942629232,2.1095265210440823
CGG100492.SG,0.36595878802638154,0.027297411709569522,0.11597130420228628
CGG100493.SG,-0.04260817862354074,0.6417968840499726,0.10389556723949561
CGG100497.SG,0.20086562409599854,0.035965428385085964,0.342492630288424
CGG100498.SG,-0.31899364435231337,-0.3055494516081197,-0.02780447868958369
CGG100501.SG,0.02279611485843427,-0.3391717752819515,-0.3159676083550164
CGG100507.SG,-0.3852203590170074,0.5016945592987608,0.2416614635877243
CGG100510.SG,0.008582216727169871,-0.29072664346764326,0.17203756322376784
CGG100512.SG,-0.1489310834845524,0.28778328207356724,0.4134904764960385
CGG100513.SG,-0.19668311654894363,0.540428453412021,-0.2654782378115468
CGG100519.SG,-0.25361748949001267,0.11906383698254656,1.9981185307114386
CGG100530.SG,0.2071198953586707,0.11114248326537586,-0.5113560206023777
CGG100535.SG,0.37038445466564995,0.19721367526429112,-0.22833916929540568
CGG100539.SG,0.17580455196466227,-0.06187260500953427,-0.13196092082056804
CGG100545.SG,0.15106389074328835,-0.28404582622113583,-0.4895125422061883
CGG100651.SG,-0.020794974866553823,0.5235543317307587,0.33573517325341207
CGG100653.SG,-0.09384580626625925,-0.1926060338861915,0.5795252948702545
CGG100678.SG,-0.0051244478075010815,-0.32336212296809164,0.09492142981838418
CGG100679.SG,0.16827742719892033,0.09127938757888299,0.15771006297924528
CGG100682.SG,0.365948315689603,0.6965259734322261,-0.4192841518062571
CGG100683.SG,-0.17043361865535747,0.5526092585324549,0.09487997087184612
CGG100686.SG,0.10077209222268219,0.1221857389064191,-0.3438952907274403
CGG100687.SG,0.05258077353555756,-0.2598300334364467,-0.19371990884604695
CGG100689.SG,-0.3763033599938148,0.08772259705868618,0.09468151271248976
CGG100691.SG,0.8218940129249336,1.2045664243198675,5.477543377031049
CGG100692.SG,0.2391692194860216,0.6398427510997243,-0.30584860068078723
CGG100700.SG,0.7184897336587865,0.16937284097311736,-0.11122367584048867
CGG100747.SG,0.32186105565673695,0.013847737933147896,0.259176147567386
CGG100748.SG,-0.4753262232146735,0.014589363272076118,0.16755273233409484
CGG100749.SG,0.20665607582457554,-0.22933336844210248,0.15395999753812348
CGG100750.SG,0.05545317394699106,0.2750990921620857,0.22523552318608822
CGG100751.SG,-0.49902509060478834,-0.11572742476702295,0.3956641099242632
CGG100759.SG,0.40666508213785396,0.3095089764555959,0.32357621451648105
CGG100797.SG,-0.25424408373650315,0.3583429049419787,-0.0721109860653895
CGG100802.SG,-0.06704258561845668,0.12083568458987669,-0.32311647728992604
CGG100820.SG,-0.047272748037276144,-0.24408961981157365,-0.06898208858907179
CGG100908.SG,-0.21561161259159947,0.5165774414324692,0.3687929213382969
CGG100914.SG,6.118530547720292,-2.9004212674474923,-2.270493626312598
CGG100918.SG,0.16512458799890073,0.795948494947122,0.11529705011907651
CGG100920.SG,-0.25861614667486216,-0.28717076326256213,0.03407894802926436
CGG100921.SG,-0.007186939042702471,-0.27416143229456535,-0.46206845821315057
CGG100926.SG,-0.33623484223620503,-0.07138671454350909,-0.11876516222963662
CGG100951.SG,-0.36812065763390434,0.4389964995259718,0.3617175285566043
CGG101680.SG,0.03858413807901776,0.30426948552000316,0.43745565761293226
CGG101689.SG,0.06743394188129004,-0.08631694610956338,0.11560309303883445
CGG101691.SG,-0.4240250823665837,-0.07446439431056552,0.5172018333927227
CGG101808.SG,-0.39159820587647376,-0.5563292367783702,0.3009173653058389
CGG101809.SG,0.49506568639457443,-0.029532496596101566,0.09467774960269085
CGG101811.SG,-0.33208870150124514,-0.34207816622482945,0.030499657171266348
CGG101813.SG,0.22414069638625858,0.37551584842487473,-0.12679077787301107
CGG101822.SG,-0.3956902733606652,-0.3097859243009408,0.23109010998235105
CGG101825.SG,-0.23363102668291838,0.09886639068202516,0.5298015087308763
CGG101827.SG,-0.03981890440976029,0.2662803057001853,1.9006923327826388
CGG101829.SG,0.057562580234433294,-0.4896303566508023,0.17380319186032928
CGG101833.SG,-0.18018763850469383,-0.16664837792432985,0.32325148067942633
CGG101835.SG,-0.23374253865118766,0.003120781660037838,0.14463305888092773
CGG101837.SG,0.16435700766582673,-0.0426791092132572,0.5990878999015017
CGG101838.SG,0.08511953530883141,0.40277769105491557,-0.48318485925601484
CGG101839.SG,-0.05123768043560633,-0.2465615729133458,-0.17947880602361838
CGG101842.SG,-0.40883999349106587,-0.18185120194547463,0.24520932194723247
CGG101843.SG,-0.04817536794444168,0.44740573714121207,0.4510527118409098
CGG101845.SG,-0.08071782183014191,0.11105036747771346,0.578679643022132
CGG101850.SG,-0.29739030804084976,0.4752820621869263,0.07782073551498762
CGG101854.SG,-0.17729996855424676,0.51711734018448,0.2281764748889296
CGG101855.SG,0.3125418385351388,0.3235946100102386,0.3992407653103831
CGG101857.SG,0.344610668862028,-0.48451005765340227,-0.005613340733384901
CGG101864.SG,-0.2673816497195038,0.7891090851926105,0.2262965701217715
CGG101873.SG,0.004905745958738655,0.36845264602168976,0.39527448052292213
BOY001.AG,-0.45687660393866036,0.16401927316534431,0.1951730369122871
BOY008.AG,-0.6827674043101601,0.6689669410550245,-0.28606568968808554
BOY009.AG,-0.9349824294338799,0.1429213734640717,-0.056157113880275215
BOY014.AG,-0.3673239257267282,0.27245913486415385,-0.16241822198948888
BOY019.AG,-0.982986001877411,0.2368160449194193,-0.7515039487668962
KTL001.AG,-0.8496948439556423,0.017952482016127338,-0.3936208048903742
KTL002.AG,0.13772923722824315,0.29919128911313303,0.6190599606311148
KTL003.AG,-0.8178376867519672,0.36218219877414,-0.402729332763895
KTL004.AG,0.31113086468257006,0.10959187448635538,1.200030902605414
KTL005.AG,0.0339235402902633,0.522051210143128,0.32831491790741124
KTL006.AG,-0.7898848444429971,0.42096923714224954,-0.5163569709142611
KTL007.AG,-0.9235899144750165,-0.03635247442931667,-0.32702110874379664
KTL008.AG,-0.9799682737849745,0.2324160990578776,-0.09533587911367548
MAJ002.AG,-0.8530168944659021,0.3669012710272443,-0.25702098142713226
MAJ003.AG,-1.1468900283336299,0.49761059437559635,-0.07747454112156078
MAJ004.AG,-1.0041867447070234,0.30578911285640387,-0.5245415545924647
MAJ008.AG,-0.8161812923394194,0.16868411972858888,0.232762365654152
MAJ009.AG,-0.9630113120156064,0.2567285387685325,-0.10786937389358521
MAJ017.AG,-0.8447458601133647,0.4486449780395823,-0.3531607736722956
MAJ019.AG,-0.6270523799280291,0.24900243680101494,-0.3919020657958666
MAJ020.AG,-1.0077264292990602,0.22087553357861944,-0.0740312069886936
MAJ023.AG,-0.9730106901951581,0.3012794408042543,-0.35820711199935457
PIE003.AG,0.6935746134210605,0.7577030839322115,0.797504330000461
PIE004.AG,0.2575368685806819,0.5521150976743768,0.6983245069042557
PIE005.AG,0.2357370097872838,0.6931465168296658,0.5055372836644645
PIE006.AG,0.1329755506176514,0.22862006762087275,0.7634159147487952
PIE008.AG,0.8162644715059697,0.6008545244888278,1.0385871989321565
PIE009.AG,0.6846377396324341,-6.180656650058307,1.8154119168668998
PIE010.AG,0.22575184808153984,0.6163133427320417,1.0780468357022697
PIE012.AG,0.6807077677072314,0.4512810239109702,0.8280618910113049
PIE013.AG,0.44410997093964244,-0.04902604566020255,0.5155656866289882
PIE014.AG,0.5783436516780777,-0.026098098412217916,1.1505459876708382
PIE015.AG,0.45311651036553086,0.533476200947665,0.5335524779515801
PIE017.AG,0.7194632342154335,0.4005568927049043,1.09683740061502
PIE018.AG,0.31705504316661964,0.2938010248234055,0.9712729410278804
PIE019.AG,0.3110557096732596,-0.0034034981306666347,0.5374878144866188
PIE022.AG,0.25506762571884883,0.9820571482752541,0.7570394041229224
PIE023.AG,0.48941301538746007,0.11069797010498121,1.240987466993955
PIE025.AG,0.696846745454727,0.46162704002715194,1.152950727077553
PIE026.AG,0.807553335158734,-0.001449632408179532,1.0116877399604545
PIE028.AG,0.7568743906267827,0.5752870026675924,0.5906680926218631
PIE029.AG,0.8618668567971609,0.23927065370801118,0.803616368252336
PIE030.AG,0.05675948983201038,0.4843376149157739,1.0189625506652187
PIE032.AG,0.7495931861298497,0.5138964505967675,0.5065094567607801
PIE033.AG,0.22574040874607498,0.506405777446094,1.0015534916324342
PIE034.AG,0.9432654195832428,0.13958900195964444,0.5317967973931718
PIE035.AG,0.8514925192251708,0.013305986132136398,0.744546425255076
PIE037.AG,0.6594268684540038,0.188176847926307,1.2382825601803984
PIE038.AG,0.562653426458362,0.5024265467101551,1.2132310699660473
PIE039.AG,0.33918617974748433,0.3834703961539245,1.045424719825923
PIE041.AG,0.6493855269092709,0.21828531130643097,1.0687203397354064
PIE042.AG,0.764273047505295,0.656762422429452,0.087224731975832
PIE043.AG,0.511515932142938,0.7386669589287762,0.6709498172875222
PIE044.AG,0.7889394859892033,0.09979425119905297,0.889728099251812
PIE048.AG,0.7366474925396627,0.7291387801560982,1.1704686144692464
PIE050.AG,0.7937778976508884,0.5609227371517217,0.5543786116776923
PIE053.AG,0.18973772868861086,0.23627698217557178,0.7254130523229171
PIE054.AG,0.42209136814329884,-0.08425592957747251,0.7826989597594719
PIE057.AG,0.579785385985902,0.5567750331430902,0.6320097462907441
PIE058.AG,0.329077038602609,0.005254191969260848,0.742056971639309
PIE06061.AG,0.49764365926277826,-0.5784887860285334,-1.1237362143496776
PIE061.AG,0.4936117474118233,-0.5623744692691388,-1.0011953558038313
PIE062.AG,0.4438140324739141,0.634007532397068,0.9594586545200547
PIE063.AG,0.684808709236213,0.6227673736788732,0.3532264483842393
PIE064.AG,0.23445931375919576,0.19340688028529512,1.095496069183695
PIE065.AG,0.44135576828467243,1.0498305523101328,0.3931651033129745
PIE069.AG,0.7893570685733085,0.4371008507478364,0.8039076168024821
PIE071631.AG,0.36561686218644907,0.9628730712416566,0.9189382040464166
PIE074.AG,0.609144641090123,0.3316717934402478,0.579937364907755
PIE075.AG,0.6985284867838957,0.6250919370941209,1.0702995001050253
PIE076.AG,0.9851537540611426,0.3253454090119095,0.6918868115772255
PIE077.AG,0.7367901620868391,0.3708432111603065,1.03971123996343
PIE078.AG,0.29147989186767986,-0.1211880810418168,0.46204431613595043
PTK001.AG,0.7612901878011059,0.13752967574504513,0.5076395576977377
PTK003.AG,0.6879841528533515,1.124429830729525,5.4514979400579415
PTK004.AG,0.946090220763887,0.6181134648566361,0.3828254824378183
PTK005.AG,0.9694458413738836,0.14423744932858,0.9298418251911277
UBK003.AG,-0.8830493327875923,0.5567633760231518,-0.12743979782914883
UBK006.AG,-0.9103066101360783,0.4644792805019008,-0.40363494876968403
USV004.AG,-1.0583244907155065,0.05460264352433569,-0.29262090718840994
USV005.AG,-0.8833153343362522,0.3360194648614951,-0.15206797487266424
VAR002.AG,0.8287032462139152,0.7981933883912882,0.6956246910816833
VAR003.AG,0.4715669627542357,0.9352623937359364,0.8718764052821908
VAR004.AG,0.6173144093517072,0.2849927115832921,0.943286105949354
VAR006.AG,0.8539272799374695,0.4563357629685942,0.31382594826604904
VAR008.AG,0.7895231007065038,0.7320056153746339,0.9255582860132874
VAR009.AG,0.12932590134245775,0.17492606988816767,1.0970841817204684
VAR010.AG,0.21209943591648447,0.3216024612540956,0.9166697895991589
VAR011.AG,0.7910442852903321,-0.1188898340058187,1.052722918439643
VAR012.AG,0.20171458057229819,0.6148811736665125,1.1443706158506006
VAR016.AG,0.3626843361529003,1.047703951935504,0.5372795562985646
VAR017.AG,0.5193059837494282,0.85871546463135,0.905361002108609
VAR018.AG,0.2542835473083301,0.738598267805078,0.798979750485531
VAR019.AG,0.7575731549408351,0.8955407824833799,0.799316623286759
VAR020.AG,0.4516602467909206,0.8865396990051151,1.141616598796788
VAR021.AG,0.40848041227514087,0.7173407636442957,0.8638002052629985
VAR022.AG,0.32126518315586894,0.0013799714974222104,0.9739342217315299
VAR023_ANI160.AG,0.5202198606403706,0.747795127470527,0.9125611001561664
VAR026.AG,0.6827798236661932,0.34520150087132334,1.02895149226449
VAR027.AG,0.5615339860968968,0.3433607234692839,1.032656815801178
VAR030.AG,0.4744624795338871,0.7824021538422945,0.7787740015002719
VAR032.AG,0.6526108164419828,0.8570110964360493,0.9520552129932314
VAR033.AG,0.24815476788393404,0.8949115504318299,1.0839424136611346
VAR034.AG,0.4954357194849233,1.0921545224805547,0.7019582358258725
YUN001.AG,0.8746757392220157,-0.05019118853687987,0.8991020691493331
YUN003_049.AG,0.45816172098097163,0.7300273005577672,0.2820454406420782
YUN005.AG,0.8477484292370449,0.24706537527842048,0.36155681820067503
YUN006_031.AG,0.5361818878842854,0.025058428852557768,1.0302137054952258
YUN007.AG,0.5239859339703599,0.7305692976140513,0.69002495172797
YUN009.AG,0.8284050385010578,0.486412836200535,1.1025812481869477
YUN012.AG,0.2771385019150223,0.7094286599293312,1.0930145744066766
YUN013.AG,0.5005810504109007,0.573686138037718,0.7624558490341932
YUN014.AG,0.4605151875848613,0.3396113282682915,0.8958756980252606
YUN015.AG,0.4794775890555783,0.6357213897528433,0.9718680890395791
YUN019.AG,0.7907897788535709,0.7364536436397034,0.9341059043986562
YUN021.AG,1.073966881370494,0.4986760486115339,0.4471625040797167
YUN025.AG,0.32798282023815545,0.15244629454143122,0.5002167553008103
YUN026.AG,0.3940439542672178,0.3120674722084073,0.7886189656729126
YUN027_I0781.AG,0.8111975374313036,0.6995513679777451,0.9047539985451335
YUN028.AG,0.7765115470575537,0.7154102674781692,0.9162071815368348
YUN033.AG,0.839495412197819,0.7202043453943717,-0.008396027968036323
YUN034.AG,0.36942016170656544,0.2655373687932748,-0.07357862505796978
YUN035.AG,0.8291991309265182,-0.02145434065334126,0.8062867412260207
YUN036.AG,0.8503664859628483,-0.035464694163283406,0.7558413949565639
YUN037.AG,0.7266021306560873,0.8400344635998244,0.12317228585803149
YUN038.AG,0.6841093457880011,0.790972021951549,0.23954422089313762
YUN039.AG,0.49426586049851834,0.3253048998729046,-0.08462068722140986
YUN041.AG,-0.8483219803487081,0.2540793732925785,-0.11698645777731198
YUN042.AG,0.9671054620369589,0.6015075303427824,-0.09091791660686926
YUN043.AG,0.7163267961346717,0.8250842637762491,0.2299992530529155
YUN044.AG,0.8720774674853011,0.7948304786825748,0.9151734752705218
YUN045.AG,1.0712698681829105,0.41522161036611865,0.6835428413934828
YUN048.AG,1.037212920567322,0.665647305978055,0.8427590056906069
Pavlov1_d.AG,1.7766564301630867,1.8977125484904596,5.640066972633371
Vestonice13_d.AG,0.09268226272230343,-0.5613519453433287,-0.4849006202975973
Vestonice43_d.AG,0.21930222882534398,-0.5284955520857736,-0.5627757521852669
Iboussieres39_d.AG,-1.6935195821056221,2.060096137153805,0.043162657093109645
Falkenstein_d.AG,1.427682996624423,1.6429475151736515,5.584485726499151
HohleFels79_d.AG,-0.6327143200214121,1.5626252098308342,-0.26428836863443644
Continenza_d.AG,-1.1029621263578397,2.432959727583388,-0.08478350829549486
Ostuni1_d.AG,0.20010257893998107,-0.5670395170904728,-0.5574269769274317
Ostuni2_d.AG,1.8816894012644754,0.1274804266210185,-2.153484529831819
Muierii2_d.AG,-0.1278346184747911,-0.8174012676124757,-0.31210031539857164
ElMiron_d.AG,0.3438358874963142,-0.5040839428451105,-0.5785028929705235
GoyetQ116-1.AG,0.15347849052383034,-0.5792320696752679,-0.5242122383567488
GoyetQ56-16_d.AG,-1.201462882260237,1.5825712858359735,-0.007405878103712955
Vestonice16.AG.BY.AA,0.0943181837967804,-0.594942843340957,-0.54263376704476
BerryAuBac.AG,-0.20880092632822483,0.34068757181408255,2.033165904886634
LesCloseaux13_d.AG,-1.7659691426931932,1.9641774206096179,0.062182343811585765
Ranchot88_d.AG,0.5791152170299652,-0.1522912839990922,-0.6671802214288373
Ofnet_d.AG,-0.16627648316601457,2.753733886100526,-0.1976283131988116
Villabruna.AG.BY.AA,0.4296166852588288,-0.0463855214231665,-0.7079262926170113
Paglicci108_d.AG,0.668078711733794,2.929605105260279,-0.07975884442928474
Paglicci133_original.AG,-0.020174332544032763,-0.5844366221006309,-0.5491225874160508
Kostenki12.AG.BY.AA,-0.088699015720783,0.28809361025909996,2.12570190773703
I0061.SG,-0.5730174982357649,0.2860477558675866,-0.4378823362452076
ACR001_d.AG,1.7752829634470297,0.33442133451189315,-2.090859761567767
Brillenhohle_d.AG,-1.3822944615450088,-0.1019766429150604,-3.0175819175933363
Burkhardtshohle_d.AG,-6.034393804177869,-2.373718684115867,0.09670625603818106
CIO001_d.AG,-1.5345558700190853,-3.1801920968815547,-0.1745792596650988
Chaudardes1_d.AG,0.657943861662953,0.039553350018002156,-0.49468883306666567
DOG006_d.AG,1.2746288421164773,2.8962863412609177,0.5656686851890198
DLV006_d.AG,-1.1270396883432245,2.007867510276913,-4.870311212562583
DON005_d.AG,0.9969934028190086,2.9460664213254053,0.14802839908095702
DON006_d.AG,0.8579039564367267,2.939948381357574,0.032850903394044735
GoyetQ53-1_d.AG,1.8302995629613033,0.1988909845686872,-2.127972228890876
HohleFels10_79_d.AG,3.0048630382372554,-3.222348997141231,-1.0800667714463807
IGR001_d.AG,-0.1397610761963073,0.4628313590608934,-0.9499608173716465
LRO001_d.AG,-0.7365399860254186,1.5778083711765858,-0.1979490444347211
Paglicci133_d.AG,1.9490688157706466,-6.146995205615545,1.9474248066115343
BRM001_d.AG,-1.3126599439170141,-3.066325787633886,-0.330853724101726
Bockstein.AG,0.7009590680247091,-0.12517698419717163,-0.7288728518396085
Brillenhohle.AG,0.48123828329968227,-0.5819341527277535,-0.5869286536672235
Burkhardtshohle.AG,0.3959061501956286,-0.5645909863648315,-0.5351239993184648
CIO001.AG,-0.11168901225984741,-0.5028756941410736,-0.2775120748383014
Chaudardes1.AG,0.6116497137808904,-0.004547811996319712,-0.5398387170263765
DOG009.AG,0.678202385105265,-0.1833279486002772,-0.7054826301161725
DOG010.AG,0.4747428335619826,-0.15482378466958574,-0.517062111188157
DLV006.AG,0.09207967879284899,-0.5720468887548891,-0.4801258718194345
GOY001.AG,-0.10439331651708077,0.02647800404652497,-0.7256723841560876
GOY007.AG,-0.2902853992144256,-0.8010926418410289,-0.2194457424419441
GoyetQ376-19.AG,0.2318628816110231,-0.7603334064703594,-0.5675901179771604
GoyetQ376-3.AG,-0.17571036205919272,0.19108307721185466,2.09193352865332
GoyetQ53-1.AG,-0.281531153294267,-0.35259750491003944,-0.8103871443823331
GFW002.003.AG,0.5422398440275776,-0.15769655330646212,-0.7711239802449166
HohleFels10_79.AG,0.4028259232300439,-0.5414680742793239,-0.5949845076811886
HohleFels49.AG,0.3305127782570266,-0.530136868485861,-0.5448157073424287
AMI001.AG,0.5507230187396202,-0.34726741573637493,-0.6080079075414216
LMA001.AG,0.3704605125703078,-0.42329476063085525,-0.6410653446217317
RIE002.AG,0.549844006641748,-0.35877895236789037,0.16225262033064283
LRO001.AG,-0.20735316838959872,-0.7329325784861535,-0.22084384674624954
LPI002.AG,0.16265739938822424,0.07657067686171724,-0.6284116012800124
MAF001.AG,0.5808357245312632,-0.16088261623018332,-0.7053932604121569
MAZ001.AG,-0.08953874968556734,-0.22810617359475185,-0.5082391764332389
MAZ003.AG,0.3706698307378834,-0.5332682128462656,-0.5806387701034122
ORM001.AG,0.17696191970280278,-0.5389501065393962,-0.47023950348978477
OST002.AG,0.5431078385387493,-0.296764782777833,-0.7472592091973146
PA12.AG,0.12618197079131682,-0.5577057329056534,-0.4932546641840622
Paglicci133.AG,-0.2031815164997819,-0.6786793149032889,-0.5326930301218977
GER002.AG,0.2827089110845665,-0.590442437634116,-0.4067215990019439
Rigney1.AG,0.4206220606940379,-0.4765711485311107,-0.6197219061361733
UOO023.AG,-0.5753256921656003,0.2903917782314786,-0.42322487184761104
UOO035.056.AG,-0.5080066790435926,0.28582839129543697,-0.43837228344855145
prs013_d.SG,0.7238507178644873,-0.01360104349658833,-0.003212808013606896
I1734.SG,-0.24418894617286896,0.4168846399789415,-0.7261197189398044
BachoKiro_AA7_738_all.AG.BY.AA,-0.889653425061602,2.5115722284797033,-0.11279741157543673
BachoKiro_BB7_240_all.AG.BY.AA,-0.3094828713805542,-0.5958904359348921,-0.2644868631060063
BachoKiro_BK1653_all.AG.BY.AA,0.10085539021166849,-0.5875855133292934,-0.5079797821956835
BachoKiro_CC7_2289_all.AG.BY.AA,1.3533422007046214,2.8466241494740783,0.8114864759935304
BachoKiro_CC7_335_all.AG.BY.AA,-0.33100517665550083,-0.6531660946065214,-0.245610406857929
BachoKiro_F6_620_all.AG.BY.AA,-0.1212831886692852,-0.531284440223616,-0.2734083968947503
Oase1_all.AG.BY.AA,-0.33580017402650264,-0.5816799162164237,-0.12362195797606253
BachoKiro_AA7_738_d.AG.BY.AA,1.4197756227729381,2.747713354408779,1.2246679669692189
BachoKiro_BB7_240_d.AG.BY.AA,-0.37158614857270256,-0.6141511336708787,-0.26567854797697055
BachoKiro_BK1653_d.AG.BY.AA,0.07630357308338487,-0.571328699663757,-0.4218824487546169
BachoKiro_CC7_2289_d.AG.BY.AA,1.4151010006841525,2.7429738980434264,1.2473097619889442
BachoKiro_CC7_335_d.AG.BY.AA,-0.3094546355587389,-0.625537611435495,-0.11989561256501127
BachoKiro_F6_620_d.AG.BY.AA,-0.2224190942227461,-0.5799559974696646,-0.23088199587739644
Oase1_d.AG.BY.AA,-0.6314490264019251,-0.7753744790335788,-0.1458376355659969
AVL001.SG,1.1805475719132237,-0.32767308924745076,-0.16350075538396933
AVL001_d.SG,1.252586109112317,2.8962971483484035,0.5354606594876283
CGG105976.SG,1.2278013507051,2.9094811037685275,0.47471202154528486
CGG105976_d.SG,1.4056665590841213,2.7842396593148235,1.0890196760850475
CGG105978.SG,1.3606241969155062,2.8447990196334527,0.8148244440068109
CGG105978_d.SG,1.418408608895852,2.7693388698263055,1.147259923366651
CGG105983.SG,-0.15493616198690333,2.760046323988668,-0.20214272369568495
CGG105983_d.SG,1.347034759314883,2.854506943440026,0.7755965885752079
CGG105987.SG,1.392093577493107,2.803862970977394,1.005065989208041
CGG105987_d.SG,1.4158203644112635,2.7514427069330045,1.2137624418670427
CGG105992.SG,1.4012338157644963,2.781779473091109,1.1095830689129336
CGG105992_d.SG,1.4184255233805272,2.753407203635481,1.2071764118084904
CGG105998.SG,1.400931036751795,2.799877954309937,1.0171908591362775
CGG105998_d.SG,1.4145101389554076,2.746079273194248,1.237844309850339
CGG106001.SG,1.4987607194381998,0.6376306798301639,-1.9199948943304954
CGG106001_d.SG,1.2651604123945104,2.8984371037771317,0.5494583172365327
CGG106007.SG,1.289722337393567,2.8849417819808423,0.6233806999651552
CGG106007_d.SG,1.4184018857881013,2.7458454633912375,1.2328779301684771
FIR001.SG,-0.028269291217447395,-0.253752851219251,-0.16652767438892274
FIR001_d.SG,-0.014368874688740563,-0.293881273391504,-0.17305406413139
FRA001.SG,-1.5281766006983617,-3.177339337724943,-0.17894526884545275
FRA001_d.SG,1.1808027756379458,2.9263812005202507,0.37294065613378147
FRA002.SG,0.9566033425617981,-0.3808969186334552,0.2834331076131439
FRA002_d.SG,1.0131456200596691,-0.47217080303225134,0.23519061701607172
FRA003.SG,1.1547750627617834,-0.35815344442600244,0.555030876962689
FRA003_d.SG,-1.0413503298339208,2.4477973507107693,-0.09048965602708103
FRA004.SG,0.887569733507171,-0.34542664909758003,0.2908069250363769
FRA004_d.SG,6.104414193554126,-2.926029985181732,-2.2412816742601716
FRA005.SG,0.9406453447147747,-0.5180298597430367,0.3530833602877295
FRA005_d.SG,0.886437284253335,-0.5501320563244351,0.41036331516218283
FRA006.SG,0.9525426190518774,-0.5467365452978702,0.19033385899285185
FRA006_d.SG,0.27256122497680224,1.2721004439349803,-1.0500391589044804
FRA007.SG,0.946767705772438,-0.3610324490088447,0.2467160473221678
FRA007_d.SG,0.5770964964308191,-1.3803095433318255,-1.1405000480707017
FRA009.SG,0.8624549334554968,-0.4209105209832901,0.2691128367093367
FRA009_d.SG,0.9416497543451874,-1.585399118131293,-1.652390439535103
FRA010.SG,0.628927750337787,-0.5202422720603018,0.5403402201464299
FRA010_d.SG,-0.9661247782265054,1.5928153583916995,-0.07792500880292075
FRA011.SG,0.8799444860756938,-0.48714257469827776,0.3591879422232871
FRA011_d.SG,0.09007433278404019,0.2925841511957526,1.9132138142671966
FRA012.SG,0.9090960295786822,-0.37078497681720957,0.3007996231507149
FRA012_d.SG,-1.6227515725338864,1.5917026802679997,0.04455695950164711
FRA013.SG,0.9695775713769523,-0.402638567915472,0.22143279659149334
FRA013_d.SG,1.0526890518394787,-0.6516925568459301,0.2036596970432174
FRA014.SG,0.809239008899004,-0.3344196635889655,0.30304420449425756
FRA014_d.SG,0.764851324144831,-0.3241076638155706,0.3314172377728306
FRA015.SG,0.881356742449337,-0.676195203225401,0.39612859000393846
FRA015_d.SG,0.08772912814645578,-2.2493961143567,-1.1881815673951515
FRA020.SG,0.9188535489411338,-0.3134838786594091,0.25470822161471457
FRA020_d.SG,1.0497137654586666,-0.4605211838999973,0.09221525147938991
FRA021.SG,0.899520434726423,-0.418563208757199,0.2832606564194573
FRA021_d.SG,-0.10116831622499879,0.2645458330734765,2.015531780580864
FRA022.SG,0.8750903373399318,-0.3856162746500773,0.2566401771841751
FRA022_d.SG,1.0936970231432421,1.4215454487137227,5.524769896172545
FRA023.SG,0.9582372219105433,-0.21251026774869294,0.19639993311005047
FRA023_d.SG,0.9571706766541933,-0.16467298341873257,0.16876252014720883
FRA024.SG,0.8594956095630315,-0.5543125772414399,0.2595262347246532
FRA024_d.SG,-0.5330960433748996,2.643955053380956,-0.16677162674389512
FRA025.SG,0.913434989047221,-0.3087461604408841,0.2645110413840995
FRA025_d.SG,0.8995472260295023,-0.23445278222164445,0.2839873410119889
FRA026.SG,0.8799667967732451,-0.39386719210828963,0.42884981698192914
FRA026_d.SG,1.3094467180438971,2.8767603230313483,0.6542014640862724
FRA027.SG,0.9265909758311724,-0.3421069442414796,0.2913629084364441
FRA027_d.SG,-0.2014224500828917,0.6085792174387188,5.251313936602588
FRA028.SG,1.0180028434721127,-0.26112501936500104,0.3458335769370238
FRA028_d.SG,0.19453895826330633,2.849309166650186,-0.1965497719626216
FRA029.SG,0.9704986039692896,-0.3732930608322588,0.28173332626995284
FRA029_d.SG,-1.142728440523602,2.403567962555685,-0.07402048402823458
FRA030.SG,0.9941441661456119,-0.3043323078504842,0.33823481687011664
FRA030_d.SG,6.168589860586288,-2.6181242749819607,-2.5481946883468045
FRA031.SG,0.9719178751695188,-0.35553674997368406,0.3460713088189711
FRA031_d.SG,1.821934686062585,-6.192912176891773,1.9686018524175022
FRA032.SG,0.9732622879634109,-0.29751676966547047,0.35767774718929113
FRA032_d.SG,-0.38532702437923005,2.6978866592959867,-0.1873690091018058
FRA033.SG,0.9446891224011446,-0.3262868145104213,0.30357905015062786
FRA033_d.SG,0.9343302082716777,-0.28484254716227947,0.34572773829380055
FRA034.SG,0.9101439086776721,-0.28719458408882537,0.28612219737927347
FRA034_d.SG,0.9774708133802873,-0.24483516115402434,0.26517168982104655
FRA035.SG,0.9707832552862957,-0.7841145963152033,0.1285189383291597
FRA035_d.SG,-0.9877342645393935,2.467331862011511,-0.09780701033445831
FRA037.SG,0.9212375217064922,-0.15235900996964485,0.18786436445754268
FRA037_d.SG,-1.2364745254962821,1.7536218753462427,-4.511319165885022
FRA038.SG,1.3106369164223985,-0.20639826414570972,-0.23827951526671878
FRA038_d.SG,1.3770475911513747,2.8214797916924814,0.9222340602938762
FRA039.SG,0.9269185797493733,-0.337804641032902,0.28576141181021314
FRA039_d.SG,-2.5398415189650674,-0.39996870898689013,4.48297571718794
FRA040.SG,0.916025965611778,-0.06022024253192247,0.2641757889112666
FRA040_d.SG,-0.1407735041079703,-2.3973025346089414,-1.060398317093214
FRA041.SG,0.8993501653885337,-0.37536157830478395,0.3828466038376817
FRA041_d.SG,1.8743915742810582,0.11198314617891693,-2.1514248459628007
FRA042.SG,0.7025625667873642,-0.4099298339166997,0.3561610795698495
FRA042_d.SG,-1.132936784945896,1.9723036798919114,-4.798612242050643
FRA043.SG,0.855428776171322,-0.4237488744892876,0.1828009518831365
FRA043_d.SG,-1.5053873805553448,0.5730140817076061,-3.4530952012252274
FRA101.SG,0.5357553895206725,-0.4563165930499929,0.301644454387172
FRA101_d.SG,1.8987115401165466,0.04143185636331743,-2.1657298547578523
FRA102.SG,0.7520065778287024,-0.20715748053562746,0.3013029335179513
FRA102_d.SG,0.17929586932887812,2.8478379725911487,-0.19290123944844662
FRA103.SG,1.3553567423735227,-0.1856808629236349,0.286314543234124
FRA103_d.SG,1.2981076731862196,2.884262446731711,0.6261395446473169
FRA104.SG,0.980013062085191,-0.2727574052545548,0.21209142139966222
FRA104_d.SG,1.1670909840370212,2.9226363186685496,0.36258405111952824
FRA105.SG,1.086518024951201,-0.32622417936427406,0.3661755722996603
FRA105_d.SG,1.1269931122279577,-0.34974852435669407,0.38836879550952513
FRA106.SG,0.992514888326897,-0.4912836851366162,0.2786999884477839
FRA106_d.SG,-0.9832245840123885,1.5898552900479133,-0.07255560311067927
FRA107.SG,1.0826801410589275,-0.34388970508307626,0.39246656326437535
FRA107_d.SG,-2.3522559887454446,0.1841154824042963,-3.6266316684219086
FRA108.SG,0.3164187210121055,0.04282661064778582,-1.1302369682846884
FRA108_d.SG,1.4036067839150075,0.7052284767497924,-1.859688241815761
FRA201.SG,-0.5614568335152619,0.5779093192471736,0.16178081909665315
FRA201_d.SG,0.546803548820534,2.9104368860868393,-0.12412163276999272
FRA202.SG,-0.6674256285010287,0.004525140532155201,-0.12599115233605965
FRA202_d.SG,1.0234072202529076,-2.6054361562097967,-3.147539410291427
FRA301.SG,0.36294129912356543,0.04267261226494766,-0.05246404061737913
FRA301_d.SG,-1.7504209197868659,1.6610278239660234,0.07867046282716808
FRA302.SG,-1.4943048012518507,1.5651400773636597,-4.6616804425883664
FRA302_d.SG,1.4217063071418103,2.7542050345662346,1.202373741947434
gok008.SG,1.4204577439888453,2.7538545821808187,1.2023744985595057
gok008_d.SG,1.4179800518920471,2.745888825871625,1.2373480068807428
gok009.SG,1.4178910029104834,2.748248556835477,1.2310941072072732
gok020.SG,-1.756729434465378,1.9678127345377083,0.06469392312096069
gok020_d.SG,1.371509008747785,2.8282894793969495,0.8893102250306939
Gok2.SG,0.8404015194041101,-0.5732516542149084,0.24967625269302277
Gok2_d.SG,0.8374719080990262,-0.48998783349358893,0.18291029539476322
Gok4.SG,1.596230106028737,-6.234711790914809,2.0043900392300764
Gok4_d.SG,0.6508215711837608,2.9305205507611443,-0.08944021362668043
HJE001.SG,1.2360782667879027,-1.3112974723337512,-1.8105046462693493
HJE001_d.SG,1.114747546402964,2.935457756734748,0.2749003700581562
HJE002.SG,1.6924900025623033,-6.221901822053541,1.98892177717239
HJE002_d.SG,-1.60797511297999,2.1282101552258563,0.020659291218653075
HJE003.SG,0.9559925297663789,-0.129682382662924,0.3199834837172372
HJE003_d.SG,3.1805596793625863,-5.575442075744276,1.5296508749767668
HJE004.SG,-1.9509412593770243,0.9239215647375506,-4.198770674251846
HJE004_d.SG,1.2981900838167468,2.884703013180637,0.630491766192765
HJE005.SG,1.0348616254376322,-0.2646793432305045,0.5392667216111913
HJE005_d.SG,0.9404584408292685,-6.018486188905165,1.5847223788745843
HJE006.SG,0.9240122259703406,-0.3274584722041128,0.2883850315002481
HJE006_d.SG,-5.952367097516641,-2.426921128542977,-0.0006516721375511212
HJE007.SG,0.8914296232173002,-0.4126234851033273,0.28003168046358795
HJE007_d.SG,-1.3119764536588738,0.06996687030272405,4.930372794765867
HJE008.SG,0.9236226339317353,-0.5560802867341144,0.5794934880940015
HJE008_d.SG,-1.4522593432015933,-3.4594322135346722,0.7286115165404145
HJE009.SG,0.9309627781071683,-0.5618860509209673,0.49426527729703057
HJE009_d.SG,-1.3872870289383092,-3.42766344325025,0.6870972308962696
HJE010.SG,0.9038958074327563,-0.2798646512747036,0.17860619868378957
HJE010_d.SG,0.8089549721925554,-0.10199121660364223,0.096664735188587
HJE011.SG,0.9303626216741556,-0.41966166328178356,0.3390030955008278
HJE011_d.SG,1.9250988817234034,-0.1421477686787404,-2.1785038632006777
HJE012.SG,0.9607320693896939,-0.26038840580642086,0.40768337311146746
HJE012_d.SG,1.0326409082969328,-0.08728557964314217,0.4386303250665028
HJE013.SG,0.9473174695060099,-0.39592705866464994,0.3777471240762823
HJE013_d.SG,1.0075579674602244,-6.307658205428826,2.0241916035285716
HJE014.SG,0.9102441440366769,-0.5379732439139777,0.6154416257095833
HJE014_d.SG,-1.114106690849752,-0.7846387678993885,-2.2837696583883518
HOL001.SG,-2.599796549455184,-3.7269543427505134,0.8441438567553956
HOL001_d.SG,1.3718240226994793,2.8317647922265574,0.874525014919272
HUN001.SG,0.9219731322988299,-0.3686850632733935,0.24839823980246223
HUN001_d.SG,-0.3575256010767183,1.4657463586193284,-0.5052934428938716
HUN002.SG,0.7833433948436468,-0.5060855427039871,0.14931646218220518
HUN002_d.SG,0.6741764799303002,-0.41834669508578815,0.0489437891672508
LAN001.SG,0.6805495483902032,-0.5612043461465597,0.14652321597829915
LAN001_d.SG,-0.3364421998379546,-2.6569077772961562,-0.12741094542636197
LAN002.SG,0.8408720631859921,-0.5788000170159554,0.3024189260088434
LAN002_d.SG,-6.654966787723369,-1.8273923030497161,1.6803819463496459
LAN003.SG,0.6476116553370086,-0.46972943833407693,-0.0027301826932644205
LAN003_d.SG,-0.20279565910087421,0.4698841841291617,1.8479243213006917
LAN004.SG,0.8439614736805693,-0.3418822004698958,0.20608112263910477
LAN004_d.SG,0.8106629733196055,-0.34477089158383056,0.23433279455745498
LAN005.SG,0.8777636169296764,-0.3565622736269836,0.22951453121208232
LAN005_d.SG,0.8845535741780364,-0.20857037010001503,0.006286699468794609
LAN006.SG,0.8995074559825257,-0.37597210902261113,0.2725090252299896
LAN006_d.SG,0.9331140477236147,-0.3633624301414084,0.20678748711895936
LAN007.SG,0.814851466371404,-0.1576525577425105,0.17293043699640673
LAN007_d.SG,0.7824183654927187,-0.13823493356177885,-0.04216636345869935
LAN008.SG,0.6463067641690319,-0.46116145487706406,0.12116590029270995
LAN008_d.SG,0.7491390184652432,-0.36425175796661685,0.11832466672678454
LAN009.SG,0.836445333228792,-0.5184771865041976,0.08757274560973521
LAN009_d.SG,0.7900467727244239,-0.5100740771047111,-0.03568227666185281
LAN010.SG,4.545776069212268,-3.5561046137535843,-0.20572654889155118
LAN010_d.SG,1.2044794700581454,2.915307427184321,0.41788966764776153
NAS001.SG,0.20681621928184957,-0.03719526791444428,-0.537147044596828
NAS001_d.SG,0.2979429227733566,2.873504992538972,-0.1884029391602231
NAS002.SG,0.22397851504996397,0.04734705067651032,0.20315070377203787
NAS002_d.SG,0.4237830033185231,2.897978664495779,-0.161448672259492
NAS003.SG,-0.19086959507282045,0.0710762782118697,-0.9191103988051392
NAS003_d.SG,-0.15855715310760277,-0.04501510523965639,-0.7891774309375036
NAS004.SG,0.014651851265056534,0.13944787830204478,-0.11983789063660263
NAS004_d.SG,-0.02808526075272962,0.11456748125455492,-0.09070748011496496
NAS005.SG,-5.695138686424631,-2.4768993767410556,-0.22191594565560946
NAS005_d.SG,0.9369502891408525,2.947453395078026,0.09046261881798928
ROS001.SG,-1.6526667468456304,-3.24619527157259,-0.0839192632625804
ROS001_d.SG,1.2652147939046545,2.8965606467801646,0.5620799003324527
ROS002.SG,-1.1343962934489265,1.9880661501884418,-4.84210765274227
ROS002_d.SG,0.09689779851038854,2.823799499073465,-0.1991932231981164
ROS003.SG,1.0595176589084296,-0.1588307428428499,0.04576167984208847
ROS003_d.SG,1.0873534948127677,-0.17461993167688858,0.07965717358562062
ROS004.SG,1.1198685504343497,0.06482042540694725,0.12791484169683223
ROS004_d.SG,0.573519017396175,1.1585509851581337,-1.2887428349756755
ROS005.SG,0.8976945364136028,-0.17606212380113004,0.057658693103255304
ROS005_d.SG,0.9139218501913857,-0.11813941401146687,0.03552524670807919
ROS007.SG,-2.971311340596551,-3.940617695588233,1.4019890973327898
ROS007_d.SG,1.0909399942433582,2.9380543008209816,0.25789683535173885
ROS008.SG,-1.2738061469910358,1.8445419198756363,-4.8396424446073025
ROS008_d.SG,1.1293556798086744,2.929787552947066,0.3082829810451716
ros012.SG,-0.7567227806644281,2.5553008569281657,-0.1331253769094203
ros012_d.SG,1.383608675152024,2.8237282240878594,0.9197663924167705
ROS014.SG,1.0916891215979612,0.20016749186792504,0.1311600412304495
ROS014_d.SG,0.6590968693485344,2.9270966042277538,-0.08364771201241752
ROS016.SG,0.8775809183103498,-0.3404711688267814,0.14922358370157554
ROS016_d.SG,0.9144544888326132,-0.32242172588227175,0.07181392860179696
ROS018.SG,0.9331578368897598,0.07960958758292122,0.2192056329770037
ROS018_d.SG,-0.3074720773557138,0.25620415817216075,2.0919586196989193
ROS021.SG,0.96463453674773,-0.05917049780921575,0.18203146578541327
ROS021_d.SG,4.618723520332979,-3.575505318730192,-0.1577625852745835
ROS023.SG,0.6944848431699103,-0.09222796543285444,0.49344144618093055
ROS023_d.SG,-0.6385692640836544,-1.2855725526754442,-2.4263341057960077
ROS024.SG,1.0127553709538737,-0.2566208687261545,0.41309007846167434
ROS024_d.SG,1.1060959461731819,1.4206968344748574,5.527615896455466
ROS025.SG,0.8385961330957898,-0.31751959798237683,-0.15899834681099254
ROS025_d.SG,-1.3279994441612013,-0.2427114534604625,-2.939924367778359
ROS026.SG,0.9368001708252415,-0.3489063541685442,0.27677223467550416
ROS026_d.SG,0.9468283725101259,-0.45149449293905125,0.2919740392974468
ROS027.SG,0.90790493787344,0.057245265889622685,-0.5203237055432113
ROS027_d.SG,0.9392452088342169,-0.07049028088659066,-0.5943302576908491
ROS029.SG,1.101625119412396,-0.27094861798538583,0.4258157491309245
ROS029_d.SG,-1.4971378592964653,0.8109455761226386,-3.6307595991660593
ROS030.SG,1.0118989660988413,-0.556571906863436,0.3989531873754836
ROS030_d.SG,0.6880949136439235,-1.7939087410671997,-1.5172337875158872
ROS032.SG,0.9353528974843585,0.061511770791157994,0.314335932624472
ROS032_d.SG,1.656525664163621,-0.8210965450961955,-2.0360109891823606
ROS033.SG,0.9302854021959608,-0.23351769396651265,0.23557111683014165
ROS033_d.SG,-0.2192704556935283,0.20204835212120148,2.003072724150922
ROS036.SG,0.7608530258061474,-6.287477461688152,1.9702268791984308
ROS036_d.SG,-0.9114765912588588,2.495997117809594,-0.10614536634160074
ROS038.SG,0.7910524635943734,-0.31460867177886764,0.06411748238322196
ROS038_d.SG,0.1712234533348405,1.3100196926375502,-0.9624545294314022
ROS039.SG,0.5164325087715002,-0.004038285749395085,0.02079109600235653
ROS039_d.SG,0.4937747610774182,1.2009895268689306,-1.224402418546071
ITTQ10.SG,0.22845701503980081,0.41219765286193355,0.8326927558152453
ITTQ10_d.SG,-1.6913855744530095,1.3026466130466208,-4.478699982638771
ITTQ11.SG,0.35549067911449045,-0.49425259388671255,-0.2667271202482666
ITTQ11_d.SG,0.793917889608426,-2.580173171911999,-1.8289323639268202
ITTQ12.SG,1.1316577094623281,2.9334085314518914,0.31808008583564557
ITTQ12_d.SG,1.4042344118342078,2.7895480583737777,1.0645306292713803
ITTQ14.SG,0.333834974236334,0.23615695084976315,1.149605405361294
ITTQ14_d.SG,-0.07956792557644546,0.35245789990613585,1.9628301893686657
ITTQ19.SG,0.226002632383342,0.09365119787390526,1.0958303843405897
ITTQ19_d.SG,-0.4410262653458322,0.4553714258587213,5.183652728499993
ITTQ8.SG,0.5137161308198875,-0.29989957787773663,0.8563251728958837
ITTQ8_d.SG,1.131020610992993,-5.906809651594621,1.4561066453898583
beethoven_d.SG,-6.644462008708546,-2.026296735529627,1.1877294326545995
beethoven.SG,0.44549221418997376,0.0510349630845303,0.4336832041802409
APG001.AG,-0.22280770155673715,0.19006454850075158,0.41176306068277985
APG001_d.AG,-0.7533263593745171,-2.5538031137520685,-2.6857730594075027
APG002.AG,0.21169139317805596,0.5277587242426098,-0.28465922456739956
APG002_d.AG,6.163543451588015,-2.5679453185099073,-2.570038694680748
APG003.AG,0.31683232769626074,0.2843315610904328,-0.12203668421923355
APG003_d.AG,-3.0305766264402028,-0.628713143369414,4.262827346179207
HEU001.AG,-0.013318577000174789,0.13146852014228824,-0.09619129106035514
HEU001_d.AG,-6.56900181170017,-2.1428506881487412,0.8660054782829023
HEU002.AG,-0.0122030205669685,0.6803989337200095,0.23385854736374156
HEU002_d.AG,-0.030546459672533922,1.3729059351577404,-0.7889607772034992
HOC001.AG,-0.15626132808162332,-0.5534040131481887,0.4800691744532037
HOC001_d.AG,-1.525554533623083,1.5290375392974307,-4.636863686582055
HOC002.AG,0.061249682266518966,0.20588969103546395,0.40816621581600665
HOC002_d.AG,1.8331507140334944,1.966735627576414,5.6501492651083165
HOC003.AG,0.600573767266096,0.4822290767328097,-0.2226763052461586
HOC003_d.AG,0.58511890005303,-1.3357365471401446,-1.1684849143697373
HOC004.AG,0.3016007547376948,0.13803660129472917,-0.1438401549915249
HOC004_d.AG,0.2757630964773165,0.13473127693299972,-0.13000674021822833
LAN001.AG,-0.3974486266979737,0.8868163852778685,0.03624462219114262
LAN001_d.AG,1.6291562637548604,0.4989375128640118,-2.0018497543371923
LWB002.AG,-0.3321016870234986,-0.08450149421280438,-0.2513007996837635
LWB002_d.AG,-1.3942900028964047,2.2888246596305115,-0.03534403283721216
LWB003.AG,0.29144355936999017,0.29256248603124985,-0.2507344474118314
LWB003_d.AG,0.2792352351002121,0.26887328231644675,-0.14829783027303173
MBG001.AG,-2.0967063587222876,-0.7589621239954907,-2.685718385628548
MBG001_d.AG,1.3404728716093606,2.8653317343599167,0.7332290184047348
MBG003.AG,0.43272774342042414,0.43774883890610605,-0.09365568667060942
MBG003_d.AG,-6.5780099882125675,-2.1217679734113415,0.9031850400069406
MBG004.AG,-0.13047924682777834,0.04769078771001927,-0.1584146429338468
MBG004_d.AG,-1.3495123219084615,-2.4813465588996233,-2.45178176873066
MBG005.AG,-0.11655039412496948,0.1887138515377014,0.12403754690518123
MBG005_d.AG,0.6749432648563795,-6.277188349402791,1.9563720298445457
MBG006.AG,-0.3083645307375829,0.059374723391346126,-0.018566904083948635
MBG006_d.AG,-2.208343609227858,-3.529935749603617,0.414450581090863
MBG007.AG,-0.3587594946908546,-0.35447940779264786,-0.0815282598106467
MBG007_d.AG,-0.36434683302289217,-0.345639383544753,-0.1555022056928986
MBG008.AG,0.3156996008443801,0.1998028440754671,-0.6479267460536569
MBG008_d.AG,0.21350013312358235,0.22026715299713995,-0.5753150003379841
MBG009.AG,0.5068626869104287,0.4868385162555865,-0.11300093459907887
MBG009_d.AG,0.489680954654774,0.541292993612793,-0.15423337539508303
MBG010.AG,-0.25662141099061214,0.3118648067903553,0.5467761059366956
MBG010_d.AG,0.836235832650713,-1.670819467193334,-1.596607072422923
MBG011.AG,4.106500171325215,-3.381510636256075,-0.5629755008780511
MBG011_d.AG,1.1361425435137227,2.938678611161316,0.30439326149237633
MBG012.AG,-0.656829769370391,-1.2625833156377617,-2.436508888103493
MBG012_d.AG,1.2353549408786677,2.904586982516588,0.49212276666433047
MBG013.AG,-0.2840204404808769,0.6584079514207739,-0.12379354382125958
MBG013_d.AG,0.4996972210642104,2.9053108561795495,-0.14032634764371552
MBG014.AG,-1.7939205904236277,1.169928481201911,-4.381939233148613
MBG014_d.AG,1.3111056182225282,2.8771871725710203,0.6600867608827558
MBG015.AG,0.13987237880889442,0.8762411651235161,-0.2234769873169342
MBG015_d.AG,1.7691335928068428,-0.6497160309296983,-2.094385631922124
MBG016.AG,0.07631600368255542,0.018375087488644526,-0.2405483964904721
MBG016_d.AG,1.835714315440711,-6.179764228367347,1.9703315111943953
MBG017.AG,0.383585494505904,0.2973474497283139,-0.1504113721660649
MBG017_d.AG,0.3392494882336995,0.23120524859608538,-0.15066946063745543
SCN001.AG,-0.1672389875036368,-0.26365174200442754,-0.27362103035494467
SCN001_d.AG,-1.2766180707555932,2.348834332822125,-0.05573502258990247
